Time,Case,DK-09,DK-10,DK-11,NL10131,NL10444,NL10633,NL10738,NO0001R,SE0014R,SE0020R,SE0022R
2014-01-01 00:00:00,DEHM_noBD,2.7053851999926484,3.453390625032506,4.014826944374407,1.2357246105848616,1.0782545737918932,1.1779736634945672,1.202370143618955,2.326308550076466,2.8052548455524824,3.023941127293607,0.9460871469173581
2014-01-01 01:00:00,DEHM_noBD,2.9597515096334983,3.5341667696096697,4.178963174417186,0.9676380036955001,0.9232192395154573,1.1508722248562713,1.0861589954334532,2.6843133026760446,2.7075084466998196,3.275128013767407,1.0486694339067488
2014-01-01 02:00:00,DEHM_noBD,3.2992466302069463,3.6795328088970507,4.348165062532291,0.8297675774804336,0.8894123417191206,1.13854149491901,1.0343510623891343,3.2769203962656577,2.70195777514945,3.562038401657716,1.1301374925213306
2014-01-01 03:00:00,DEHM_noBD,3.5555512399809723,3.911668503021674,4.530018148285308,0.7605510093935861,0.964972925813645,1.1479600836842057,0.9972242194123272,3.242605547418874,2.7546362699660722,3.6823148860153703,1.1756104826989398
2014-01-01 04:00:00,DEHM_noBD,3.7652068522358766,4.244179266751137,4.66552699458797,0.7694458912609488,0.9737028561784699,1.1446079049679858,1.0424114128597324,3.216703459685817,2.9247213885795187,3.8128655235530062,1.2068840248078108
2014-01-01 05:00:00,DEHM_noBD,3.934860545391133,4.530040650207423,4.691755248006107,0.8148350176884765,0.9474261485073902,1.168430048507665,1.0628072819575056,3.1880640332536028,2.9800678698368626,3.9312799194140733,1.2836711394273677
2014-01-01 06:00:00,DEHM_noBD,4.069469156041615,4.792793458588204,4.116355260074084,0.859761191215692,0.9717798411258403,1.025645841152428,1.0598904267417248,3.267519089179672,3.0774937878388444,3.854347895506248,1.437704422678817
2014-01-01 07:00:00,DEHM_noBD,4.152345358708264,5.053178718355625,2.811735429774832,0.8361771844682855,0.9091554435103109,0.8766371708303968,1.0425283049046086,3.110470046015382,3.1173746755257437,3.8602523590999467,1.6645786290230047
2014-01-01 08:00:00,DEHM_noBD,4.3308312502610455,5.179946675651916,1.9143781421169348,0.8108021029566578,0.7492905643692891,0.7019571959105156,0.9791777178417239,2.82355685131073,3.0474364780611545,3.797476557564754,1.9242818013763614
2014-01-01 09:00:00,DEHM_noBD,4.545067068672498,4.520157351591443,1.557073860293082,0.7008279108286476,0.693460216797106,0.6310916316949808,0.8685307597197569,2.329466841852553,3.062681390015557,3.8665193020646,2.067269815409202
2014-01-01 10:00:00,DEHM_noBD,4.530112573853633,3.348156923219317,1.2529099286482064,0.6197142588183285,0.6673512520089278,0.5898207551396568,0.7340628340329368,1.5759081778723374,3.129750502871722,3.909922634264427,2.114590937619545
2014-01-01 11:00:00,DEHM_noBD,4.502309029004151,2.4606935817061437,0.8241094527491647,0.4867212887140023,0.633219484841125,0.5377900537902045,0.6097080295045604,0.9201114265286922,3.2582560285026583,3.798813901270882,2.1832298074127734
2014-01-01 12:00:00,DEHM_noBD,4.323752474397997,2.0549873271255286,0.6764161666406785,0.3776930336603714,0.5759666499235108,0.44734256231002606,0.4995524948856158,0.4446399092156811,3.3256909440746085,3.69675062502101,2.3195261672692
2014-01-01 13:00:00,DEHM_noBD,3.903972309624425,1.8175450649053626,0.8980003315392414,0.31605590906737,0.47975208480463355,0.37089296349891165,0.38676162034186545,0.221239751016721,3.3683036157426938,3.741959398320168,2.5008918004886804
2014-01-01 14:00:00,DEHM_noBD,3.658306370383452,1.8155205257923064,1.4135379093041411,0.33407180260902186,0.399171977383308,0.354441010723719,0.3297148538240825,0.13558998543128362,3.413812041926642,3.7875259017647513,2.6642039976914225
2014-01-01 15:00:00,DEHM_noBD,3.174542160291317,1.9137111197250243,1.6058329607032054,0.39725556567683284,0.3977341474964351,0.3829712384418778,0.3509880038035182,0.13888686556622376,3.433198738298106,3.858840686821355,2.724143416432142
2014-01-01 16:00:00,DEHM_noBD,2.76347649780188,1.8968444224651717,1.7299728610358804,0.4706256082169339,0.47738428196399696,0.4527599044912055,0.4661591570835909,0.15520192310437547,3.286739023262855,3.836567332649635,2.6621774838057157
2014-01-01 17:00:00,DEHM_noBD,2.61520464576581,1.8647725131282302,1.6572401705003483,0.5362497111405251,0.5955249668967887,0.5459858658114324,0.5792636475044795,0.16304671457726505,3.112380766345613,3.6144821148516932,2.5091698381125926
2014-01-01 18:00:00,DEHM_noBD,2.47429655744117,1.8747783465273957,1.6244652658838221,0.6532205543645907,0.6484065292169479,0.6066305957883683,0.6608192469910911,0.19136209320142852,3.1427060306967447,3.374520237352703,2.3041129781395195
2014-01-01 19:00:00,DEHM_noBD,2.3911891170998616,1.799123628904936,1.7298334946599254,0.769150720561216,0.5713246816735924,0.6219319466402634,0.7792161753222718,0.37634477713689185,3.0946493564609434,3.17287111672738,2.0799630705571177
2014-01-01 20:00:00,DEHM_noBD,2.2395068319028058,1.9417706650895812,2.220740217293431,0.7543475914705347,0.44108682418450706,0.5338509568949695,0.7971897280615184,0.8544214140468835,2.966282611393277,3.03541999649483,1.8456968083083631
2014-01-01 21:00:00,DEHM_noBD,1.9633224936253577,2.331148236623621,2.5859251451105814,0.7071125688687868,0.3059418296710586,0.3987410999454563,0.6778222310672017,1.286567787419334,2.837455769411009,2.940819907407747,1.6521390524983406
2014-01-01 22:00:00,DEHM_noBD,1.6751998509773611,2.4418515811109165,2.467938410702404,0.6483948771306005,0.2618471498206675,0.3428511423121945,0.5946597141199164,1.5313085427438093,2.5571569604983737,2.691360288069388,1.5163450420796871
2014-01-01 23:00:00,DEHM_noBD,1.655275103655271,1.9828856414778158,2.205471418520808,0.5393673770544822,0.18271693430422792,0.31774300053823124,0.511271732926999,1.8512072818460317,2.3029132365191725,2.4350841502745357,1.4395026887118816
2014-01-02 00:00:00,DEHM_noBD,1.8507476167009769,1.5089155179125817,1.869576707031224,0.43898544195830935,0.09213498400364983,0.21538517085070893,0.4173541120123764,2.082672288797507,2.1028420292986927,2.3170713654712403,1.4200838435715437
2014-01-02 01:00:00,DEHM_noBD,1.8705527947882379,1.2674780616877601,1.688848421583362,0.3467735042929112,0.09925764878109088,0.11290315952938276,0.3147384326901618,2.1968156826505068,1.9752074288222192,2.1108480493469908,1.4452625745423138
2014-01-02 02:00:00,DEHM_noBD,1.535908706067279,1.2239749820238726,1.6775942966535409,0.20570993462592582,0.13639526394076637,0.08491202066957731,0.13941940167749528,2.295417822137699,1.7491281139405443,2.136528508405052,1.5028065220333635
2014-01-02 03:00:00,DEHM_noBD,1.3198001344376429,1.2757806567396595,1.7134706366119252,0.10621228595903123,0.15292644046659112,0.07878445064605205,0.06755235115826354,1.9676025567875057,1.609883230921179,2.036909948058352,1.554165534122363
2014-01-02 04:00:00,DEHM_noBD,1.1623694417902082,1.3165304937555267,1.8212345839179307,0.06389376538042774,0.17574217220552257,0.08094377858349557,0.05715954746623334,1.5092280936576425,1.636150664038807,1.5228833734680711,1.5857471702443062
2014-01-02 05:00:00,DEHM_noBD,1.188552607355453,1.4116352063023296,1.7320050259316246,0.047506935402136824,0.21109579634166775,0.10502256219775258,0.05484068703955319,1.06947147149764,1.5404533120968191,1.1946371189879625,1.5998858126787097
2014-01-02 06:00:00,DEHM_noBD,1.607791499536559,1.5212667125781252,1.4892646525972661,0.04619684806768899,0.23781158146900577,0.13750796583197938,0.07080681313266324,0.775042367787212,1.3961254620692878,1.2246945845865458,1.6047003189975768
2014-01-02 07:00:00,DEHM_noBD,2.173941113681048,1.534771215618644,1.2430932833361834,0.059411070911411484,0.2778372176869957,0.17094644630206302,0.10106862106906012,0.494644495724514,1.3987358835808934,1.6885367157289761,1.6205789289108665
2014-01-02 08:00:00,DEHM_noBD,2.3286173150421496,1.3663321648708728,1.0445154792099818,0.07456434332652592,0.3096607409432739,0.22018323366843398,0.13245628147757835,0.39697278826553356,1.3119367289612442,2.0844419542749972,1.6423347096669674
2014-01-02 09:00:00,DEHM_noBD,2.2629390644833305,1.1944868750606106,0.8940362919700902,0.08431387561937607,0.27723688795771206,0.25911137166481985,0.150545442495511,0.36680212061762796,1.235038695410192,2.500593974499442,1.649201997808367
2014-01-02 10:00:00,DEHM_noBD,2.151319990535528,1.0266750667854119,0.7645173257656586,0.08960908807963268,0.22818996378225484,0.23504516225986,0.15786607322150453,0.3364833533919229,1.2364196711583808,2.87920054050344,1.6501643796783685
2014-01-02 11:00:00,DEHM_noBD,2.02775986552011,0.8549339977657072,0.6410316419144331,0.08174695466192967,0.1615832792857776,0.19868382678137847,0.13433375500260405,0.2860521432235836,1.2475328755248338,2.8237101155019575,1.6500221263182164
2014-01-02 12:00:00,DEHM_noBD,1.7960362999795145,0.6693615180628001,0.5596794739931188,0.08362381346960546,0.1478518918944708,0.16414459955286714,0.12383601309213679,0.21077935016993415,1.4102515921619159,2.7012548024563867,1.6347397057825326
2014-01-02 13:00:00,DEHM_noBD,1.4731024679203564,0.5056033653646381,0.5113525252445611,0.09300199634908038,0.16095430353877585,0.17650704022632868,0.14598802037442357,0.1642908946317806,1.747699219090864,2.5504383286648054,1.5967272374287247
2014-01-02 14:00:00,DEHM_noBD,1.1451920634727715,0.44604385287376586,0.4951250555119753,0.09910616153034528,0.1753247852316079,0.2729300633964248,0.16757907284598988,0.15269027063693838,1.8816422791690752,2.2436097025803616,1.566072654569149
2014-01-02 15:00:00,DEHM_noBD,0.8107572061211707,0.5126345031837308,0.4891164166222239,0.1133023308598797,0.1943899756966948,0.3958233493355839,0.20481140079082394,0.17630832522466772,1.8440983401462996,1.7710762494447407,1.5623803900676965
2014-01-02 16:00:00,DEHM_noBD,0.5568750757432914,0.6715888287439662,0.5535060887457323,0.19822692235368894,0.26918603146574227,0.47058115325764704,0.28471192593760114,0.23501351325094683,1.7138510590659453,1.3499966831454007,1.5440262601840495
2014-01-02 17:00:00,DEHM_noBD,0.4144575114026991,0.7817752950399519,0.6998624620870121,0.29204149148072545,0.37764192410969644,0.5300146067668003,0.3972088980183616,0.31487627091933024,1.5093561945869027,1.003809450406297,1.4778056972372533
2014-01-02 18:00:00,DEHM_noBD,0.40298267596403825,0.8999212557302392,0.8933278824322612,0.4158715681989862,0.5277416414172272,0.6210122313372323,0.5584125101879291,0.3541790724129974,1.2674112633351422,0.7461977508867205,1.3893416398000715
2014-01-02 19:00:00,DEHM_noBD,0.5539249905915394,1.049971814980677,1.019248442098552,0.5483164070101405,0.6838986032025678,0.7548731922187475,0.7177895153056594,0.3280994089256598,1.002841535168616,0.6079438096289942,1.313427461439371
2014-01-02 20:00:00,DEHM_noBD,0.8480044327097002,1.2720335107837455,1.0163375568268331,0.5636512686160629,0.7045404605226123,0.887227516701321,0.8501538257771992,0.27269353879937897,0.7536928697470017,0.5907349793527309,1.2644792091357708
2014-01-02 21:00:00,DEHM_noBD,1.1487004828971368,1.5246857149216881,0.7693939877020264,0.5589050972646579,0.8821629815935088,0.9444743325903426,0.8813585612014038,0.22477035116896027,0.5780725837577367,0.7085423696172657,1.2244748667713998
2014-01-02 22:00:00,DEHM_noBD,1.5042865290528837,1.5534120377193577,0.5253872258488833,0.6624950699225282,0.9021664592859009,0.846803519161935,0.8265175360716769,0.17141662729270749,0.49144892392056516,0.9098586667564836,1.215873095052391
2014-01-02 23:00:00,DEHM_noBD,1.8518425044954427,1.3111164153925097,0.5781616612877603,0.7694332613242801,0.7473050516068841,0.7515019526164163,0.8424308404310792,0.11772888251893204,0.5387105441589234,1.2003631392840295,1.2578647924143078
2014-01-03 00:00:00,DEHM_noBD,2.090608090511095,0.9275177233030367,0.6577387884199338,0.8211979955156974,0.7594162225164099,1.0380324047098286,1.046381450180537,0.10066335676386946,0.6985016445234137,1.5836255933939014,1.333987249113545
2014-01-03 01:00:00,DEHM_noBD,2.2148433093561137,0.7194175213240273,0.6492519974695611,0.6366506362047134,1.0376295144467522,1.170731892716341,1.027225166282826,0.1030277069152145,0.925481194973532,1.9349344435402611,1.4268764713436366
2014-01-03 02:00:00,DEHM_noBD,2.0448392256609162,0.6792542281170375,0.7098810476908134,0.3857474612628363,1.075341709242733,0.86346927784623,0.7326776617094817,0.11410433444995421,1.2416872140553594,2.2618010313540884,1.5405609305526313
2014-01-03 03:00:00,DEHM_noBD,1.7041878561346606,0.7466826229436136,0.9171628695021523,0.29334348396465093,0.781466527474327,0.597489235392795,0.495662037338482,0.1434162294542043,1.5431492684396355,2.3975607082924246,1.6479400664609671
2014-01-03 04:00:00,DEHM_noBD,1.7736892172851413,0.9439621848804874,1.0761874838556535,0.2809885473992133,0.5785206392106692,0.5029521695744362,0.42199034714338013,0.18163392075911156,1.6553516164774824,2.3071391549241542,1.7164702438285944
2014-01-03 05:00:00,DEHM_noBD,2.194718802617714,1.3154276605798492,1.3818748376417536,0.295310069836902,0.46700258017835206,0.4883033958311529,0.42938858321990403,0.23419007197648278,1.570962600016594,2.346181701421067,1.678778968936801
2014-01-03 06:00:00,DEHM_noBD,2.5351008593760427,2.0201678744433447,2.151524904882554,0.2950618538207287,0.46185596979367993,0.46731257590361397,0.4131457227200176,0.30424350800111877,1.180721534196585,2.5195779898734947,1.5187821366316079
2014-01-03 07:00:00,DEHM_noBD,2.6896240987466276,2.7646812536343184,2.8922926875068202,0.38898153382612494,0.5572861201786017,0.4791270760784146,0.39649411746336427,0.3399386461418865,0.8036855579464137,2.5241914621100574,1.350644157117605
2014-01-03 08:00:00,DEHM_noBD,2.6822911824286355,3.0302726026044597,2.3718721670524867,0.4402968195874425,0.6030824912480774,0.507801500298753,0.4697427050734811,0.4175543908647448,0.8794903758607059,2.390563049221337,1.2852422082424164
2014-01-03 09:00:00,DEHM_noBD,2.2386859813836963,2.721960744536156,2.0218261886329625,0.3950807562764932,0.5469779450392698,0.5015341299506846,0.47684618296226833,0.618867358462885,1.236910467895679,2.170614190559909,1.326147045968771
2014-01-03 10:00:00,DEHM_noBD,1.8517430658770913,2.2460661178529264,1.5820687837439495,0.32684468010476614,0.46788895904421324,0.4362533756186362,0.409684958448322,0.7868204185502975,1.76493746150136,1.8080453628109396,1.3919099414813518
2014-01-03 11:00:00,DEHM_noBD,1.7179888118072553,1.5187002736365516,1.003478347784872,0.2699574910831378,0.402859298282247,0.369360609420775,0.3383995621023327,1.116171766679138,2.049104676454738,1.6746412284499035,1.4374600197136402
2014-01-03 12:00:00,DEHM_noBD,1.5392451536628418,0.9743699234543227,0.5595674491721112,0.23653852045940826,0.33564732621469057,0.3289803193571247,0.2928067266268955,0.8510543193743749,2.1135101509255168,1.9783249909361265,1.4287919938069582
2014-01-03 13:00:00,DEHM_noBD,1.0179598615640262,0.6485432638801959,0.40884977045238,0.22667886025090345,0.2618099373991903,0.29099424045731104,0.27493280094347916,0.4141176519163325,1.8360437054982037,1.7744601103970221,1.3992613240595162
2014-01-03 14:00:00,DEHM_noBD,0.6509355314812995,0.446069090231778,0.455520793674588,0.21726277865432014,0.20318915094714143,0.24866097129223252,0.2566590634628478,0.22184524905301617,1.6205004498595743,1.1905225200093816,1.3938042861109972
2014-01-03 15:00:00,DEHM_noBD,0.604313685353673,0.4717017633644677,0.553411016661421,0.21055864800941287,0.1716750396400875,0.21884859363948098,0.2393116882877458,0.11072432977136216,1.5825866135766729,0.7806508110361733,1.3859705389358103
2014-01-03 16:00:00,DEHM_noBD,0.6033361570646055,0.692357810178534,0.5602022265117138,0.20847468559424714,0.17076646934531617,0.22514257482354255,0.2195394975940218,0.06176415278546496,1.4035840688909031,0.6713318902054102,1.3363773344972358
2014-01-03 17:00:00,DEHM_noBD,0.6492454264465765,0.9305594101952563,0.5513649878916749,0.2440731672533601,0.17559127627439783,0.3296593022193936,0.2816345513273736,0.08352166559055434,0.9530100948064774,0.6696841837112232,1.2543091913279145
2014-01-03 18:00:00,DEHM_noBD,0.9362303934144554,1.047923282608611,0.6013602547646267,0.3238028647957986,0.15683925276935556,0.38933127674626633,0.38543158326433935,0.10142408527225234,0.5330516303017547,0.6583274237980925,1.1758519581368005
2014-01-03 19:00:00,DEHM_noBD,1.25838966627307,1.1115080031802806,0.6271257254422734,0.35279097395594977,0.12651423075354182,0.39167058675581085,0.44255653853113386,0.10081901527740057,0.46566651391703623,0.7820616389469244,1.128799638703717
2014-01-03 20:00:00,DEHM_noBD,1.4719005488290242,1.1606456805989727,0.6478662147296662,0.36420821200640424,0.11839678813466334,0.38312174743346217,0.4687260952802771,0.09971903706911013,0.6417813663424551,1.1242498102233744,1.1140570581679232
2014-01-03 21:00:00,DEHM_noBD,1.6065640647653474,1.1405316286174858,0.7030368656148633,0.3763494301631266,0.11602199263296066,0.3713574534779239,0.4482016726986606,0.10222790961449028,1.0367374385563983,1.443696230614409,1.0873867052903305
2014-01-03 22:00:00,DEHM_noBD,1.703377510658704,1.1616570943487703,0.6841317569797207,0.3879682334815091,0.11167586258579035,0.35849376562734214,0.42123733204104763,0.10717001225698734,1.3623856307728215,1.6387990071830558,1.0144135279545932
2014-01-03 23:00:00,DEHM_noBD,1.7526464816391962,1.1977670823599862,0.27992249366297023,0.40556009299281126,0.10928071961629193,0.36085068545819043,0.41891203875988126,0.10797870653718705,1.4747488966763158,1.7692803251608251,0.87565015110204
2014-01-04 00:00:00,DEHM_noBD,1.6621955058930404,1.0683678867057829,0.09650338337291722,0.4296084872611247,0.11190789598172514,0.37095979044228145,0.4264749981371912,0.09704513569973397,1.5080941720735794,1.8638117246511312,0.7180190373000315
2014-01-04 01:00:00,DEHM_noBD,1.6266834765160936,0.6335490184274495,0.08135571730827446,0.46677896377296013,0.12774975950365863,0.40328863044949675,0.42877217948374075,0.08042336188964537,1.5578989686508897,1.8640356280212023,0.6317605974727123
2014-01-04 02:00:00,DEHM_noBD,1.5471297887693833,0.23365866820311107,0.06496644264808604,0.5343435140087973,0.1762912333227226,0.4462071782956196,0.43663042863354196,0.06725262195523815,1.563619097957555,1.7985058778889127,0.5880756805567815
2014-01-04 03:00:00,DEHM_noBD,1.4418936630409953,0.1050785790558746,0.055857007759154025,0.6333332138862698,0.28078173410587,0.45817762268651246,0.4565708089266449,0.05638903492720786,1.4749230051223094,1.7236820067010343,0.527870128843747
2014-01-04 04:00:00,DEHM_noBD,1.2050625773619208,0.08659527373596926,0.048579013747260674,0.5966174182034166,0.40432854183722267,0.4441096920275583,0.5699541846970815,0.05670376565381875,1.252415133831231,1.683562182483383,0.4452428747654892
2014-01-04 05:00:00,DEHM_noBD,0.8850031656548939,0.0629033235642907,0.04595324541487774,0.4415143881587248,0.47221406435156227,0.5952401533156446,0.7355499012832305,0.0579302051855249,0.8650074297996517,1.5682820258953514,0.38843685870978967
2014-01-04 06:00:00,DEHM_noBD,0.6096980798365501,0.06118217166536585,0.04452054478917955,0.40290988464287125,0.6205334781953367,0.7472323395337933,0.6176324015364388,0.06051542858775694,0.4914010087888129,1.3003981225189625,0.379597232645452
2014-01-04 07:00:00,DEHM_noBD,0.4302480521601286,0.053093189845667785,0.0444737017610071,0.3877852520880643,0.7911452594730164,0.6408933542741112,0.545557471784167,0.0654629244833998,0.23164141805331667,1.0127001587552424,0.4298624323250725
2014-01-04 08:00:00,DEHM_noBD,0.34947376144253756,0.048259025874542935,0.04333978962449174,0.401082787615187,0.7693663256100565,0.6074667831316322,0.5322348384785139,0.0656867592287621,0.11825482986421079,0.7737932690532412,0.5110856374263391
2014-01-04 09:00:00,DEHM_noBD,0.3374461258670011,0.04919806876759259,0.04179914697256015,0.38917547410099806,0.6965505776022047,0.5700666540296352,0.4319898724975227,0.05811678227164311,0.07860139116309103,0.6171299833531386,0.6180179225767682
2014-01-04 10:00:00,DEHM_noBD,0.349247006824552,0.051961610778811625,0.04289993922333595,0.3357081446039698,0.6270304926762962,0.4911110511246962,0.35804937766111056,0.04771750639881924,0.06794475399174722,0.590837607509815,0.7328149063029885
2014-01-04 11:00:00,DEHM_noBD,0.41100627776283755,0.0598306719253764,0.04854186801200815,0.3988441942319051,0.5266441407922049,0.4057666604190633,0.34536963520982933,0.037658254566681496,0.06350004306604608,0.6496880527806329,0.8374613314341147
2014-01-04 12:00:00,DEHM_noBD,0.5282125814845714,0.08341205763953718,0.07956915910618832,0.48769613101496645,0.41114233822629315,0.37350836477001914,0.4069554858693549,0.03261438196430434,0.06846639206431548,0.671637466264693,0.8977154578424384
2014-01-04 13:00:00,DEHM_noBD,0.6889236596899317,0.13444662370386512,0.1379246728629244,0.5477028868580062,0.36897547311936957,0.5654368790493893,0.5982166126724147,0.0316967558918601,0.07211358519983462,0.7901050088300845,0.8643821362101263
2014-01-04 14:00:00,DEHM_noBD,0.8943901543317396,0.2440328030833414,0.34458282258511974,0.3892588882533051,0.5690567187746799,0.720963257605488,0.5058494719757509,0.032840141791538206,0.083935475415224,0.9283679899520076,0.7465948989565764
2014-01-04 15:00:00,DEHM_noBD,1.0785729025131947,0.5672781603219731,0.7622610206401766,0.2606863657968153,0.7076221234220267,0.5069642246989541,0.34497294128245204,0.03781023230135749,0.11426596607470874,1.1278957240155107,0.5670974785401903
2014-01-04 16:00:00,DEHM_noBD,1.1491654408781953,0.9789790584056242,0.9779190730500302,0.21526846115278175,0.5821820861435075,0.3022121018336437,0.33385800135465443,0.04568939093909573,0.17762275668354693,1.187192516025435,0.37279534751491905
2014-01-04 17:00:00,DEHM_noBD,1.078636088303905,1.190533970566741,1.0570570715939789,0.19144674410764198,0.4719773336150217,0.2819824119525282,0.3511066369479568,0.054677661928469165,0.3324752285486831,1.1379344535387306,0.21940539769413925
2014-01-04 18:00:00,DEHM_noBD,0.9126044885854918,1.2541888693614955,1.3231558243169812,0.20215859032107222,0.5324982419617194,0.3543770308557225,0.35523269841468946,0.0664552865141628,0.7222499766311421,1.0892904672459605,0.14017310838822122
2014-01-04 19:00:00,DEHM_noBD,0.9108786785773403,1.3436317488775258,1.4877465508245604,0.25923615315426257,0.7925019937671977,0.4917690504633925,0.3922813087401903,0.09092768227390927,1.2880788611172327,1.0134226491564697,0.11755175822755545
2014-01-04 20:00:00,DEHM_noBD,0.8626477626158675,1.149537364483061,1.5322555957517885,0.37367773733441734,1.1490919661319068,0.7450209799809765,0.5081307248279368,0.24365567716978473,1.543376173830042,0.9831164392859301,0.11763608759783917
2014-01-04 21:00:00,DEHM_noBD,0.8824931510026037,0.9763628230081715,1.5693926829744465,0.4990786093839799,1.274698159312417,1.0768304460941343,0.6488745608829208,0.8430293003614246,1.5481602205126919,0.8634934681337513,0.12130389643470549
2014-01-04 22:00:00,DEHM_noBD,0.9786638232632401,0.9354128626760433,1.5063902973080823,0.6213616763306048,1.1036418003322324,1.2734832925585733,0.7687689358760903,1.407393703460712,1.543936830451861,0.8263081565231736,0.12211100448263555
2014-01-04 23:00:00,DEHM_noBD,1.0100141899655561,0.8809996386660651,1.3969682814691977,0.7600637791174414,1.0134755111010465,1.3346611371952761,0.9182385523974301,1.7872655721907873,1.2589505286481977,0.8904354041248932,0.12553496327427033
2014-01-05 00:00:00,DEHM_noBD,0.8779682560700923,1.1528716920652984,1.2963532543485092,0.9169059853576531,0.9539570621101603,1.3217703240369743,1.1129973702752427,1.892931948729381,0.9198722627217414,0.7970132471699359,0.13200025811947874
2014-01-05 01:00:00,DEHM_noBD,0.7345551460024249,1.297433213241345,1.5411247551012976,1.013647734076262,0.6380817597565892,1.2196728947702662,1.2841948505775682,1.612895605440438,0.7683687284943647,0.7975957223068179,0.13656919292002906
2014-01-05 02:00:00,DEHM_noBD,0.8156725067847326,1.344915648994617,1.8858929416741752,1.071526561889637,0.30056109004075615,1.1413917297019998,1.400070407106631,1.3405439194542914,0.7184227305723074,1.0236535158170388,0.1402639412355142
2014-01-05 03:00:00,DEHM_noBD,1.332308851806242,1.5326238556573868,2.1247458784269915,1.1651298334595541,0.4080632993590039,1.1708340827177768,1.4692372279882546,1.0671421216047183,0.6924800671339126,1.4952613891194013,0.14367056525914923
2014-01-05 04:00:00,DEHM_noBD,1.5473640787549314,1.6865760255040974,2.328331780677186,1.3685233284510656,0.853734565733238,1.225273499113324,1.4416212470761642,0.9886477881286293,0.6372556793304718,1.9228583872521667,0.14844494345214204
2014-01-05 05:00:00,DEHM_noBD,1.5177093863466382,1.5532335686011614,1.6939029435806905,1.5555062458674087,1.1030767126184888,1.5061464259255026,1.4196931487269768,1.1419457364993542,0.6026084281006128,1.9958197402191906,0.1643767955765034
2014-01-05 06:00:00,DEHM_noBD,1.4480148197156937,1.4206829022075982,1.0702010971684988,2.0604937479737173,0.9750633760332036,1.7542165156942606,1.8177122163834236,1.1249932258361577,0.682301838731747,1.965564700355865,0.20692960604572658
2014-01-05 07:00:00,DEHM_noBD,1.41478284771692,1.316635754945688,0.9493656644195783,2.1872636322439787,0.8157817038418538,1.53292164281222,2.1030128988517403,1.0709112455038725,0.8889630904081463,1.8551737687507641,0.28199289904771363
2014-01-05 08:00:00,DEHM_noBD,1.2451313977490923,1.25718149494607,1.0488956327526178,2.0066557881653866,0.7260336684548041,1.362666748164324,1.8585980214541218,1.0626044280302525,1.0538100310340524,1.555185120003149,0.3852608807445409
2014-01-05 09:00:00,DEHM_noBD,0.9241205268231498,1.0772298995339311,1.1156566961258276,1.7928598201874528,0.6338328116173388,1.2182317186305764,1.6367269821447228,0.9926446297994256,1.1821169261044262,1.066790746802464,0.47671758302816175
2014-01-05 10:00:00,DEHM_noBD,0.6421833016416196,0.8377842243932561,0.5916433222504854,1.6263219598327832,0.5020734276065322,1.2621248433962837,1.5538210594172124,0.8304406390732526,1.329029365480542,0.6772211888776067,0.5343127492679189
2014-01-05 11:00:00,DEHM_noBD,0.4437692388839553,0.8241577447990234,0.38356609852858337,1.3352448392232041,0.4719386336632305,1.2297717418296261,1.4812520047241937,0.5942015730267761,1.3855217648220064,0.4943768062692414,0.532618164744973
2014-01-05 12:00:00,DEHM_noBD,0.3595528283055172,0.795792323858362,0.6959353104174741,0.895342170686291,0.5062142109848184,1.027851409106031,1.2523200030185118,0.38265284873977295,1.308966145094633,0.42418641180888517,0.506761135001555
2014-01-05 13:00:00,DEHM_noBD,0.33029503767065216,0.5497231378328986,0.4975698042609629,0.6293297457542182,0.5925175674790609,0.8720204444260219,0.9410354329150461,0.19385135247364618,1.1641841436481475,0.40493231512108274,0.4826717395409009
2014-01-05 14:00:00,DEHM_noBD,0.4565856927819827,0.6879883114504068,0.2647609061830636,0.5307813555302959,0.737136480061314,0.8315482224647364,0.747186355309073,0.09322608532279718,1.0311935605609417,0.405967362718549,0.46968992557003153
2014-01-05 15:00:00,DEHM_noBD,1.0710653892684867,0.645032456088136,0.3059360741792118,0.43578181457836634,0.8278151898895623,0.7373159243718326,0.633418563309086,0.062042261528894214,0.8586259397689997,0.5297021872838343,0.46428379797326397
2014-01-05 16:00:00,DEHM_noBD,0.8758838462653196,0.4261383359089738,0.3750786842255991,0.3770436545801244,0.7451365668683776,0.5592590845091243,0.5302037168302293,0.059414152792543,0.6874780080360732,0.9216665624718771,0.44897506490159766
2014-01-05 17:00:00,DEHM_noBD,0.8412554158451221,0.35088993104297417,0.45384322183140074,0.34476482062885994,0.6677617898364784,0.4827433491095452,0.44703597444189236,0.0873589408675207,0.4861788074934481,1.3537224072494962,0.4315097603132574
2014-01-05 18:00:00,DEHM_noBD,0.5608765053279698,0.41972673670966637,0.491110335130454,0.31716209052496214,0.5998947953721647,0.45675381132303033,0.3905434098384597,0.1365476580169423,0.3576519311553239,0.9977249168539233,0.420655649294313
2014-01-05 19:00:00,DEHM_noBD,0.5162861542112287,0.4831976896649971,0.8206316359751857,0.3244639727293821,0.5953998559578274,0.5062091652327173,0.41223211941298726,0.18704189273122684,0.4037362531598655,0.8843593820730596,0.43456412203903305
2014-01-05 20:00:00,DEHM_noBD,0.6407296223984285,0.6531162307275832,0.9369643783422188,0.2972681129533889,0.6523611604092875,0.5634274964868637,0.44439219393895757,0.23410539598971591,0.5479309789846836,0.5904735082436351,0.4885665099980401
2014-01-05 21:00:00,DEHM_noBD,0.8426453808778523,0.9386962624655664,0.6717482363482286,0.26430930120239604,0.68254339042312,0.5041263443182136,0.3862105779601971,0.25815157348662604,0.765829891252946,0.6373966699683666,0.5868608421908876
2014-01-05 22:00:00,DEHM_noBD,0.8697923411260173,0.8021278220700098,0.48516837845471683,0.32460666533686094,0.6369493527833651,0.439853223137584,0.324837463902271,0.27202887038514006,0.649902237504255,0.869191890664883,0.7133634333584455
2014-01-05 23:00:00,DEHM_noBD,0.7783361928108706,0.5556751985995004,0.543176742143724,0.33606832816256094,0.4792415358878206,0.3561256765577226,0.3187527382317802,0.317204304653853,0.5060301788467167,0.9777153619568422,0.8142118821462616
2014-01-06 00:00:00,DEHM_noBD,0.6902767960886655,0.628388661375325,1.1068390060117934,0.2813179728921287,0.4402756485066376,0.3190945865876862,0.3008324028668458,0.3511029500958322,0.48970789086012156,0.9071022511131875,0.8806563400403782
2014-01-06 01:00:00,DEHM_noBD,1.040039776254259,1.1582692424709722,2.324348564808229,0.2120741107512834,0.46004166756765913,0.32601327142782477,0.23588896237628576,0.3526217546364291,0.503247447595205,0.8251603826550207,0.9065425997674093
2014-01-06 02:00:00,DEHM_noBD,1.9053253642982615,2.2288060795721414,1.7496964409096887,0.18690172373873115,0.46526378815650005,0.34792468187154085,0.22775902266029374,0.4617659337960183,0.633568582670018,1.160889832728412,0.8776490713651478
2014-01-06 03:00:00,DEHM_noBD,2.791874296548106,2.2337725339410968,1.2679561540859845,0.20995035301678056,0.4399465026559585,0.37198819499943747,0.2541875437253195,0.42648710323981925,0.7793961568075418,1.7877688243817724,0.7810553757870197
2014-01-06 04:00:00,DEHM_noBD,2.872358060608506,2.0717854770001956,1.6341905430400092,0.2281044196480465,0.41389816172257987,0.35268168918485227,0.28271392130993994,0.39191080191582434,0.5862125281355716,2.6889106889770926,0.6311303348916023
2014-01-06 05:00:00,DEHM_noBD,2.2420039112160355,2.028028718091706,1.4441151235692946,0.22869880745444895,0.37122202457408404,0.34947700744649507,0.29435556193595624,0.5270870988238602,0.5251897217277064,2.971184249137938,0.5014992513647675
2014-01-06 06:00:00,DEHM_noBD,1.469939890034124,1.5383564501522295,0.9643758325091655,0.22916214136342505,0.3374247239501772,0.3547499059401912,0.2994911325449763,0.8016161719820648,1.116782239109315,2.185969419564307,0.420684715931788
2014-01-06 07:00:00,DEHM_noBD,1.1534340562272818,1.078230205202673,0.5867127538664358,0.24094432178146719,0.3304359285817946,0.3810446712644623,0.29706867558217076,0.6921901838678866,1.908688009272851,1.8023303194305673,0.3756349248059838
2014-01-06 08:00:00,DEHM_noBD,0.9056067943865269,0.691889074938856,0.42341311029075634,0.25493895928165405,0.3477005082787339,0.44183280103849715,0.3330311049313866,0.3799502174358441,2.154155870312266,1.4681423415918275,0.35695628662453954
2014-01-06 09:00:00,DEHM_noBD,0.8188683286045817,0.44722639858500085,0.2710360616378997,0.25035931950980317,0.3577230129255679,0.43162053550567464,0.3448258933015091,0.15495019607394914,1.6206896383782103,1.2668142744606932,0.3488169888309202
2014-01-06 10:00:00,DEHM_noBD,0.627791280212975,0.34935289979007544,0.18208569292351134,0.2307909237851099,0.35231796551209393,0.3426726037580816,0.2995281826386402,0.029672466898262376,1.1616665483085438,1.027020738505006,0.34291816585689766
2014-01-06 11:00:00,DEHM_noBD,0.44878441248122586,0.2726091223299968,0.12377315689225901,0.2286100120617724,0.3211327917652297,0.2720392284681166,0.268092374038002,0.018885874998494742,0.7780182995483838,0.69798372333491,0.3344545668132695
2014-01-06 12:00:00,DEHM_noBD,0.39193407428745625,0.2135362066786572,0.11508932156828673,0.2261602264046797,0.2798534341900585,0.24107203025454416,0.25068521279351025,0.030855448970133276,0.4582279706405661,0.568813317771675,0.320566468720429
2014-01-06 13:00:00,DEHM_noBD,0.38395732108956654,0.1789075462724825,0.12616643430871408,0.2174671255433102,0.24753274934103922,0.22605558641074192,0.2366957713744857,0.05326743776326981,0.26310225497715156,0.451342310442631,0.3188749253628984
2014-01-06 14:00:00,DEHM_noBD,0.40899402414685104,0.19291285968288996,0.14594602763400397,0.20649386521351015,0.2484218392280931,0.24152719799792763,0.22252878648335805,0.0723697316200844,0.2212766002761013,0.41885533499664385,0.3365823834378132
2014-01-06 15:00:00,DEHM_noBD,0.4335563773120531,0.25768257263687655,0.1704415342660364,0.2037825008371852,0.2713119686431553,0.2759499116055809,0.22379371965799943,0.08058107687910022,0.204558054235177,0.43514828586844706,0.39473493702930856
2014-01-06 16:00:00,DEHM_noBD,0.5419515122951077,0.3549048271393915,0.19680927470176932,0.22632481108497787,0.30450422657711185,0.3345889775717778,0.2692383196319831,0.0851402688825165,0.17654501681612786,0.49589064905871283,0.6315697247490751
2014-01-06 17:00:00,DEHM_noBD,0.7417412005504465,0.47365676591963035,0.24177696202468588,0.2799673688418039,0.3480076740632252,0.40906847969703286,0.3345626405809074,0.08936133084664931,0.19643194439842354,0.6850066174574615,0.8586401673833002
2014-01-06 18:00:00,DEHM_noBD,0.9522783389649389,0.5896843828272982,0.35974139430863883,0.3168179674286736,0.38435162226959113,0.4651439052281334,0.398037186130789,0.0943133438998879,0.31006958657456557,0.8992097128945261,0.7667150680472608
2014-01-06 19:00:00,DEHM_noBD,1.1624707563174446,0.7562045139297657,0.5026897903616109,0.2952781977912128,0.39934239153823103,0.5347677907994857,0.43653884915381835,0.09666191820412863,0.48200112687371666,1.081750915353808,0.532632990374593
2014-01-06 20:00:00,DEHM_noBD,1.3899894947291607,0.9401125710845436,0.6763945492360555,0.26280079525046707,0.4405271350744273,0.597643983712011,0.45949617213492444,0.10245638481236986,0.6678246302900835,1.2832699909305105,0.4098634307897741
2014-01-06 21:00:00,DEHM_noBD,1.58459366154421,1.113278923966972,0.8637747810478537,0.2540354856163695,0.4479392253551864,0.5851084708304051,0.4897643402515329,0.10769544693633898,0.8309209075099043,1.5070909670971893,0.38787731145747695
2014-01-06 22:00:00,DEHM_noBD,1.7680828087432618,1.2252357263243256,0.8889611475142276,0.3148398680851693,0.38528801543076974,0.5102882422342165,0.5190675767281852,0.11246570647314186,1.0171646026417425,1.6879303910894228,0.3791983724098232
2014-01-06 23:00:00,DEHM_noBD,1.8985687468847294,1.280190716027707,0.859900356481208,0.40043796968544443,0.3068759725769469,0.4477104130336784,0.486917354477852,0.1338570223673431,1.2305849812886025,1.7985233897720043,0.34795341005854535
2014-01-07 00:00:00,DEHM_noBD,2.0298187277403823,1.3247143601907603,0.9049866030164854,0.4330230168563915,0.2576050669138551,0.4009905873545526,0.4329925066901411,0.1497961661776899,1.3810071199675185,1.8933951191541414,0.31689705781764343
2014-01-07 01:00:00,DEHM_noBD,2.0967830435034167,1.3512822490513545,0.8577071440474222,0.3875347636896196,0.2455805293486731,0.30888729030965933,0.40325546378124383,0.141138060890883,1.437136130626118,1.951928620689567,0.3023580761953861
2014-01-07 02:00:00,DEHM_noBD,2.056317860139983,1.2696773249015794,0.7014652164066849,0.3328522151287091,0.23578168864485793,0.2377093984426607,0.3497393181813193,0.11654683088488865,1.411823476741109,1.9504172693860808,0.30485088482867445
2014-01-07 03:00:00,DEHM_noBD,1.8846721830727973,1.0672627391958889,0.5077626142115005,0.2908256110367192,0.22023348927211472,0.24969064222639498,0.27533947846503454,0.09785157323498259,1.396445351385679,1.8903914757828182,0.3404710325249516
2014-01-07 04:00:00,DEHM_noBD,1.6705707023701803,0.8378962333288344,0.36086416067530847,0.2534055806483517,0.2122443499701563,0.29482108698994325,0.24207679121551706,0.09050393781445908,1.3505574199041723,1.8087387833212314,0.41279482062740236
2014-01-07 05:00:00,DEHM_noBD,1.4956259792869817,0.6922508523908815,0.30724196000642356,0.22007926821624696,0.21891989359867287,0.30394859575729694,0.2319412214688903,0.08454803275242431,1.287074391312897,1.7402332127444353,0.5120878105812148
2014-01-07 06:00:00,DEHM_noBD,1.3724870195655723,0.5704308744418993,0.23334671759272912,0.19354895709237913,0.2656133717369147,0.2931631628746654,0.22938649088687463,0.07659030765362078,1.175204263775032,1.6483929788725407,0.6332811805255059
2014-01-07 07:00:00,DEHM_noBD,1.1988283335877394,0.4438234916525472,0.14390070576261957,0.19679130066336703,0.3138589333952636,0.31492221027736783,0.2486416873930772,0.07092434737130986,0.9190887583352811,1.4795409862922035,0.7775971042138059
2014-01-07 08:00:00,DEHM_noBD,1.0011905129756593,0.31585419121151315,0.08908510255141519,0.23469838226243733,0.32693915067650364,0.3478121237743244,0.28720007405608716,0.06564505211323485,0.7501075237845628,1.248201025469382,0.9329390638896706
2014-01-07 09:00:00,DEHM_noBD,0.8049703080105547,0.19751985591131255,0.07316298213912283,0.23413164298185257,0.3021862092367372,0.34256519723672035,0.2798305817046446,0.06461597710596385,0.6262957041352428,1.0295853917715931,1.068163623471495
2014-01-07 10:00:00,DEHM_noBD,0.648354922339936,0.12729604061367905,0.07770660390635005,0.17881358157496596,0.2618036065799463,0.2980306499972787,0.22857817817196507,0.0657033522553089,0.4837592246002424,0.8747547247345488,1.131520752267593
2014-01-07 11:00:00,DEHM_noBD,0.5287742317493701,0.10572944894578522,0.07949482076902861,0.1805011835618383,0.242570281953751,0.2709137091822465,0.20402076669560326,0.06652032734242252,0.349445773564428,0.7475021981926377,1.1031928089701362
2014-01-07 12:00:00,DEHM_noBD,0.4591825582038215,0.1058103829355723,0.07663308262899038,0.19501792856272543,0.23335298662211965,0.26560967134884267,0.22293360016921374,0.06727101172026227,0.24445567136957297,0.6366684673195598,1.0706456513114646
2014-01-07 13:00:00,DEHM_noBD,0.4358426679962791,0.11745208649921458,0.08211662654334893,0.23685554377620502,0.2365251971150188,0.28361921822034075,0.24783793813068927,0.0671558085081538,0.19548807183437508,0.5828960629643964,1.0245734194755647
2014-01-07 14:00:00,DEHM_noBD,0.47192949105182763,0.12557671374193838,0.08796248044161582,0.27608103028311015,0.25170673087149387,0.31227375845287864,0.28147445474467037,0.06560855484890284,0.20199756914296182,0.584176822159115,0.8959856499185772
2014-01-07 15:00:00,DEHM_noBD,0.5254255640711355,0.12742997376294093,0.09163580804442509,0.29745994930640396,0.27056264581681905,0.3524754761290195,0.3218593177429096,0.06530082203031734,0.2150100967443175,0.6173271882336492,0.7044774270188644
2014-01-07 16:00:00,DEHM_noBD,0.6142501542140997,0.13112184146307154,0.09798558151587364,0.3473258927138961,0.31719848028703124,0.4163895006332866,0.4036614582530772,0.06628332775098025,0.22251757837350467,0.6857726451189118,0.5067154925713792
2014-01-07 17:00:00,DEHM_noBD,0.7542902217317685,0.13944798381693185,0.1061679121798322,0.4506073834008292,0.3903572492815413,0.576157954254884,0.5481131164320723,0.06827836839229148,0.2268005072731151,0.8352647053525597,0.3510720405155675
2014-01-07 18:00:00,DEHM_noBD,0.8887878876431357,0.17829011230054292,0.11044419307803721,0.5710258525032127,0.46851953711603067,0.7758438285618376,0.7329589367880861,0.07436542386873364,0.2569658707971496,1.0494730332748055,0.22995445993440916
2014-01-07 19:00:00,DEHM_noBD,1.0451324025655881,0.23612326526780136,0.11521650358922303,0.6599767700297294,0.5070612510470346,0.9202798463664719,0.9108990809764023,0.08543332790321868,0.25813326850142315,1.2696656921137737,0.14334300915093845
2014-01-07 20:00:00,DEHM_noBD,1.2050342785410444,0.25667872886041165,0.13553401806329587,0.7059131276260914,0.5222455291014723,1.0128383745281828,1.0545588617508066,0.0991607904845837,0.25501460922064256,1.4949005860150497,0.10482314461913624
2014-01-07 21:00:00,DEHM_noBD,1.3475849101833166,0.25749438323255613,0.14502821528154816,0.7420650128386178,0.5633776998454423,1.0386970547855983,1.1676445019428143,0.11109084643611197,0.2683541232726349,1.7407707015605736,0.09624877026011522
2014-01-07 22:00:00,DEHM_noBD,1.4878068581153128,0.25583298843902763,0.15630966247208994,0.8252850039072354,0.6048379102981554,1.0555103964120265,1.3133157756017284,0.11858983071774234,0.3176234694840945,1.9469614180873407,0.0986208450924331
2014-01-07 23:00:00,DEHM_noBD,1.4488410809418566,0.2784866177593962,0.20105265643820613,1.0768966008916199,0.6282831387346888,0.9736470745424973,1.4419157169400172,0.12429987954486155,0.31516977368999266,2.080190867630772,0.11130029347881143
2014-01-08 00:00:00,DEHM_noBD,1.2841546419501295,0.3141205168393486,0.23493440090543588,1.2648638008774151,0.523384785980489,0.8156558772452153,1.283069029244167,0.1254223431153595,0.2962800789739283,2.06141289714016,0.12951242923059028
2014-01-08 01:00:00,DEHM_noBD,1.1730848096822504,0.3396761608766158,0.238290977175756,1.258425064920711,0.3567142747540958,0.665481678810732,1.008802558622507,0.11654739672806094,0.2876691233495994,1.968463157875773,0.1379736189575196
2014-01-08 02:00:00,DEHM_noBD,1.1086060876033035,0.33796639941939144,0.22265666109433502,1.1554979738845244,0.2721791054755076,0.6076183186395199,0.8143470723824773,0.08983849851138874,0.2956985391076002,1.8603943463192414,0.1294342875380906
2014-01-08 03:00:00,DEHM_noBD,0.9766833104046061,0.32501248446488273,0.2341296277437521,1.0141013621455128,0.2811077101715839,0.6190702060515002,0.713355028428143,0.08833963476469725,0.30478698725078246,1.777787710928265,0.10811789791668286
2014-01-08 04:00:00,DEHM_noBD,0.8138482006002031,0.31010235735842007,0.23137672754614613,0.9516199545356514,0.3361555128605291,0.7056434003289369,0.7328112552605003,0.09741549413999531,0.31375797730095667,1.580202336163055,0.09035097591024117
2014-01-08 05:00:00,DEHM_noBD,0.5861018275742511,0.29017266251585666,0.170668308396153,0.8577099700270838,0.34189186386778947,0.758343492408071,0.7920143657965397,0.09106557858640318,0.30570461476441463,1.3217154348717255,0.08736246451158539
2014-01-08 06:00:00,DEHM_noBD,0.42405563591402007,0.2827892423991857,0.11606299351246868,0.7729909489918907,0.34498663387946776,0.7701607080657057,0.8254488487845647,0.07221177017454987,0.29446068792197844,1.146855825024806,0.09983468620374791
2014-01-08 07:00:00,DEHM_noBD,0.34975332976413875,0.2858022826437069,0.1134563660294736,0.7478226220257812,0.4004714742000771,0.787535183675091,0.8984927077667251,0.057880792150357595,0.2772649677007645,0.9764811757034809,0.11839418298468915
2014-01-08 08:00:00,DEHM_noBD,0.32828601538784785,0.21831310650176353,0.13129331499899205,0.7700078126718788,0.4606483482410385,0.7843931416294094,0.9278261390893603,0.05057865845001517,0.2622422380446362,0.811204165960606,0.1359793342408489
2014-01-08 09:00:00,DEHM_noBD,0.31335038712557406,0.15804560820388652,0.1240002674059929,0.6695711317655064,0.4226759169507398,0.7168365447315224,0.8241389707244111,0.04796794253909941,0.23387238445004438,0.6292105035698041,0.143808970578506
2014-01-08 10:00:00,DEHM_noBD,0.28403881553424976,0.13146392479301827,0.11195311276956106,0.5921641124644316,0.34554648819973677,0.6741435526701965,0.6733792351076658,0.048532011721324944,0.19092976443987336,0.5054251521392817,0.13532361713110339
2014-01-08 11:00:00,DEHM_noBD,0.23990454274786627,0.11426229636365924,0.1012276529979169,0.5325031160786948,0.3048488703068531,0.6170278079146047,0.565239130206736,0.04983791255587692,0.15624910688817498,0.42316665610956017,0.12097974699054362
2014-01-08 12:00:00,DEHM_noBD,0.18582712388754802,0.11450613545543097,0.08664307117142714,0.48718179055063027,0.2838494095084256,0.5843562524806177,0.5590292786028888,0.04810468412350151,0.13031662462262414,0.3534862794666922,0.11563040205989486
2014-01-08 13:00:00,DEHM_noBD,0.13472857522387047,0.10253752371405295,0.07419017567987427,0.4523488193455726,0.26824899063298474,0.5610823227992919,0.53718946266654,0.04511095698808082,0.1135021048725325,0.284446987673398,0.11387143601764499
2014-01-08 14:00:00,DEHM_noBD,0.11356795558799622,0.08620373601005638,0.06784340846171072,0.40512312096216574,0.2752132864970527,0.5575575492403806,0.5368079710172056,0.043932175198004596,0.11046285682410456,0.23503805055408256,0.11211657525529027
2014-01-08 15:00:00,DEHM_noBD,0.10235139960538114,0.0763649137263095,0.06540934543348523,0.44500522254245156,0.344992976763267,0.6059598518393199,0.5856735167151794,0.043820969841196655,0.10223512819686544,0.18725081613512223,0.10759031803773647
2014-01-08 16:00:00,DEHM_noBD,0.09414911582406595,0.07053729827264986,0.06346463931815341,0.5438434532800348,0.46678274106178425,0.7027419007374777,0.7355523765213321,0.04427007044447465,0.09125534564274708,0.1817230517425364,0.09860774176868067
2014-01-08 17:00:00,DEHM_noBD,0.09725184681975736,0.06397309369485323,0.06434873649227332,0.673796627891639,0.6561727824376522,0.847363027493544,0.9318725649428623,0.04686007806419158,0.08159570141004965,0.18054409911128216,0.09127662456669493
2014-01-08 18:00:00,DEHM_noBD,0.10458745872010809,0.06203542297137771,0.06806232363442641,0.813529337517487,0.8525986624553705,1.07818232276086,1.0831871416041254,0.0488541121306664,0.07380051586713281,0.19113396975696076,0.08579134626033885
2014-01-08 19:00:00,DEHM_noBD,0.10468504754355523,0.06651877985610202,0.07673498938090502,1.107517531585997,1.0786055453376844,1.3457803405280364,1.1955506708048866,0.04874245361950001,0.06953930176020345,0.2015754808759618,0.07723483655830309
2014-01-08 20:00:00,DEHM_noBD,0.10785182248832641,0.07776024342359086,0.08522565204811554,1.2714515528693608,1.3535925379222444,1.5042284767260936,1.3466227390158525,0.047464487649779605,0.0659521683018757,0.18703735218668924,0.07027421411828533
2014-01-08 21:00:00,DEHM_noBD,0.10878751341127199,0.08322064337875039,0.08700159509856532,1.3182387715140986,1.5060307696108148,1.6581603418055948,1.4975825424674385,0.04489768138651249,0.06803269554638175,0.14871552752904466,0.0661747116004657
2014-01-08 22:00:00,DEHM_noBD,0.11730335449018264,0.10275275263010522,0.09078103741998134,1.2279025485095814,1.7200714324333146,1.7592647736934115,1.5066137585700257,0.04103119266076002,0.07146130584539429,0.12726762281281515,0.0632559165241649
2014-01-08 23:00:00,DEHM_noBD,0.12385992747739073,0.15355627239140784,0.09175693851834811,1.3194742341507981,1.9345589544364719,1.7455408121221256,1.4973832821940527,0.0406253476172452,0.07914853614759267,0.13843789580900154,0.061293832075103326
2014-01-09 00:00:00,DEHM_noBD,0.14488675608066595,0.2084025097347562,0.10865876172525507,1.378395932831301,1.7336141153897904,1.8145180744881615,1.5599626665571786,0.04295961104622099,0.09254726855096393,0.1533848133320907,0.0614639928312179
2014-01-09 01:00:00,DEHM_noBD,0.25463643039417444,0.25548536604137384,0.1944549126957789,1.2294513015565847,1.3430349149868732,1.7456470464075506,1.6373455400533854,0.04434921671399608,0.0998636702274984,0.25947104984540703,0.05997225300588172
2014-01-09 02:00:00,DEHM_noBD,0.3471762021444551,0.33205608518955276,0.31603446155248216,1.1122284748396813,1.1857122586189304,1.6252638007470743,1.4941983227974425,0.04574080257397833,0.09721311508416296,0.4066835356930083,0.05627711265276173
2014-01-09 03:00:00,DEHM_noBD,0.43119905524738134,0.49292357550302035,0.48838497135614356,1.0282133574510137,1.0798822484643291,1.4547991778565512,1.293735732232912,0.04766560900593749,0.09368179490753324,0.501906180699393,0.05316669024423799
2014-01-09 04:00:00,DEHM_noBD,0.4669937594178691,0.6545455541019792,0.4834561340291867,0.9658985745326654,0.9778456900823862,1.3993625999335748,1.2878136189975413,0.050153412365519574,0.1049412351714236,0.483890500699505,0.051949399943043144
2014-01-09 05:00:00,DEHM_noBD,0.5925365451106801,0.6218328856411948,0.2356975957955186,1.086412992550606,1.2426933630938921,1.6048399737491947,1.4702618438910509,0.05393564123619154,0.13613994978496788,0.540053510828018,0.0495609506355808
2014-01-09 06:00:00,DEHM_noBD,0.6025553527221457,0.31597941093858783,0.11712909553066467,1.297538845263398,1.5102710298895463,1.815147201948239,1.740550085076301,0.06039591457545161,0.20456795780243336,0.6917946459587663,0.048306369428575836
2014-01-09 07:00:00,DEHM_noBD,0.564633650694452,0.1431305224228463,0.07195051287905876,1.348217896704531,1.3901865708606738,1.6713857743556964,1.721720659648287,0.06991629183101106,0.3298514278423413,0.6836407617554626,0.04626110089408917
2014-01-09 08:00:00,DEHM_noBD,0.87814402438486,0.17539640163942224,0.28457681367871335,1.2951268105919431,1.0553065581577363,1.4167871520941435,1.4957499380177723,0.08047215169949194,0.4783518751522711,0.9711512497013712,0.04658339558764473
2014-01-09 09:00:00,DEHM_noBD,1.3145308154448307,0.5886479511166176,0.6068748891067598,1.1181183919066302,0.6965498166204616,1.1369185312870949,1.2572365458781907,0.09015547693021934,0.5628046340260281,1.3867792209961172,0.04623669359559705
2014-01-09 10:00:00,DEHM_noBD,0.568468222406432,0.509613191776173,0.3062382315940315,0.8007781637517959,0.4069662694932706,0.8265772229083744,0.9912283522005083,0.09566019101493164,0.3932551696266978,1.144181803458631,0.04430262028213866
2014-01-09 11:00:00,DEHM_noBD,0.27410844415007146,0.2827471390691678,0.15936644673120687,0.5997800018500857,0.2152396305163017,0.5310231778607957,0.7304960738500248,0.09330268115901011,0.16890500078391268,0.5059420453206729,0.04307046304661909
2014-01-09 12:00:00,DEHM_noBD,0.36698639632511876,0.2237359115251851,0.20790511793166155,0.40979802071212457,0.12490457624615155,0.29657452945725604,0.4405777284770238,0.08198161879755411,0.09226840776633455,0.37462005242091595,0.042375606912510556
2014-01-09 13:00:00,DEHM_noBD,0.47701624052242364,0.31975570356537114,0.22405106311318918,0.23860358324509373,0.11774055127386922,0.19735963226243558,0.2525824555938186,0.06568745200003014,0.10493343579031515,0.4058523107610549,0.04301726563103371
2014-01-09 14:00:00,DEHM_noBD,0.8115183423649182,0.27997654589932397,0.13009585585354705,0.156989222005858,0.1640305796401853,0.16376569296317461,0.19199607989843223,0.047914380228970925,0.14099943373214438,0.5970440747082,0.04437333086289064
2014-01-09 15:00:00,DEHM_noBD,0.9540176936886913,0.16541569230536457,0.04296551192976579,0.15875953476011045,0.303871113050133,0.18750271476184005,0.20372068437780444,0.03800426393848363,0.10479843421163944,0.9432534703803899,0.046043361858549244
2014-01-09 16:00:00,DEHM_noBD,0.7195536554261447,0.0955043961753788,0.07195972468474165,0.264557262106732,0.1554075843837205,0.4327145313968302,0.2958578403228521,0.03775339852700403,0.0944703226105961,1.113077944278724,0.04857881540377269
2014-01-09 17:00:00,DEHM_noBD,0.47592763931049953,0.0766124162357998,0.09715628696453044,0.4512895815145218,0.18774470847504193,0.35646292144009484,0.6049087086527535,0.03874796940479443,0.15280551858628144,0.983431948702773,0.05177882588529941
2014-01-09 18:00:00,DEHM_noBD,0.2865837009149626,0.1825668065780458,0.06865889136269679,0.7255693789842977,0.2810419540308414,0.3441179831698151,0.5730656738521948,0.038221388991830654,0.1857509462494028,0.7832220732453836,0.055172085699963486
2014-01-09 19:00:00,DEHM_noBD,0.09174241699556113,0.10773477400336404,0.07589856513482503,0.7042999084460875,0.3443156544083821,0.48343486354524956,0.5818575405474216,0.03676727693272194,0.1583441537299285,0.5306817370137198,0.059108135893723136
2014-01-09 20:00:00,DEHM_noBD,0.08972290260577566,0.08923860975109031,0.12123363266158367,0.6560904431515617,0.35627505017585115,0.5299289456018759,0.6920945393450266,0.037933659783958414,0.12804197569910886,0.22700439290537955,0.06339068258511822
2014-01-09 21:00:00,DEHM_noBD,0.12703968072501926,0.1156150524592211,0.12040307699313844,0.6062670077857619,0.3945466292749811,0.510999288789964,0.6831631673308152,0.04058050257283126,0.10073445527605701,0.09411245207232401,0.06698337984866916
2014-01-09 22:00:00,DEHM_noBD,0.06319822113733735,0.12446378780641233,0.09938598851605301,0.5645068375895773,0.42782668517120176,0.6040067924197121,0.6785751135629858,0.03714877118180404,0.08582788799006476,0.13906302105138066,0.06687441903417919
2014-01-09 23:00:00,DEHM_noBD,0.07060167564745976,0.08443816484389922,0.0732358701665885,0.5635881102230255,0.42335530985254777,0.6739931685074925,0.7823684976332548,0.035886870857700176,0.07024089687825634,0.05490176999900478,0.06462410519873703
2014-01-10 00:00:00,DEHM_noBD,0.13037631320686996,0.052101093709761466,0.08373922165833406,0.6798985118644351,0.4767557886956445,0.7151380340674774,0.8749342053228742,0.03354386217742717,0.03899266765600055,0.05061959617830801,0.06469957981333116
2014-01-10 01:00:00,DEHM_noBD,0.1978013017901033,0.051997545067245,0.0753181457014938,0.772701378204748,0.5186574810929037,0.7075543287511704,0.9172967635343808,0.03202700834455483,0.042766871923813496,0.08962305103098964,0.06889054463021448
2014-01-10 02:00:00,DEHM_noBD,0.19149944548705589,0.2597290595058956,0.05924634825786557,0.7956462651148507,0.5726415713848358,0.7065927176491822,0.9045259827823859,0.029358311806083073,0.043356361348209735,0.1215989124936795,0.07702849340289816
2014-01-10 03:00:00,DEHM_noBD,0.107237154130123,0.12074218725164176,0.052561903145082606,0.7894953047429281,0.5910215383332688,0.7303472518918808,0.9005480698118585,0.029323980825596015,0.03385475020620959,0.14768635197518382,0.07965476956956075
2014-01-10 04:00:00,DEHM_noBD,0.11963547281017747,0.0774834727454802,0.04093925882571948,0.7872983845899975,0.5775538543821126,0.74560416690504,0.8875872142128123,0.03241690343607916,0.02530266263829532,0.1351046867137262,0.0804269127005337
2014-01-10 05:00:00,DEHM_noBD,0.2547499647624463,0.06088238879750758,0.03642681375689769,0.8776046995535585,0.5976495725718978,0.847064345553024,0.915968045689644,0.03722113746526115,0.02261030843682114,0.1467856372592201,0.08094095070742059
2014-01-10 06:00:00,DEHM_noBD,0.15007791572426898,0.05404396747330901,0.036779621153884674,1.1611620300814323,0.6414828997753885,1.003142497353217,1.0462906608989742,0.03975930142327142,0.024469303298396843,0.11757772059802181,0.07668430555455362
2014-01-10 07:00:00,DEHM_noBD,0.08324037332341071,0.04838719043613344,0.035067937609353,1.3640908031770214,0.6773418325654976,1.1001972811351286,1.2920653045740096,0.039444695096204956,0.02999951334374017,0.15754568324548995,0.07581392580773669
2014-01-10 08:00:00,DEHM_noBD,0.06381286966410453,0.045996010094815236,0.03891835012545211,1.45487919710624,0.6831363455679081,1.069860330786584,1.295307251924034,0.03813756954964819,0.03850262496203177,0.14926526252673228,0.07380337041165665
2014-01-10 09:00:00,DEHM_noBD,0.05593914307292532,0.04579807272838477,0.039606180198748946,1.4346255385105382,0.6445262305624968,1.0418387726848153,1.1899460013798575,0.03760645934280458,0.04401296339048991,0.1326349615615232,0.07486492727480806
2014-01-10 10:00:00,DEHM_noBD,0.05120465478693585,0.036758167047935275,0.038171449040667126,1.2991423593782074,0.5272110858606174,0.982701499915123,1.1356410711052969,0.03845416365457569,0.046396623932527026,0.10155418061574213,0.07776741112858043
2014-01-10 11:00:00,DEHM_noBD,0.04595921272898758,0.03078039355999778,0.03314668979831257,1.1416441078279052,0.38042547789116843,0.8917701496022008,1.0672935773035883,0.03818255561796816,0.0500665827758242,0.07557347243100968,0.08253073984595008
2014-01-10 12:00:00,DEHM_noBD,0.04241051049322183,0.02623183172634537,0.031897451950872714,0.988183606283362,0.3057004031127689,0.7653988432673318,0.9139446925361709,0.03891865539839605,0.05507684291902449,0.06499202073916888,0.09217660437174599
2014-01-10 13:00:00,DEHM_noBD,0.040810492002509885,0.026565078649858676,0.0321200371172663,0.852218665281236,0.3000946632907166,0.6851436791926995,0.854748248663626,0.04160075738595434,0.06010713014186341,0.056737134785242796,0.10538272037805972
2014-01-10 14:00:00,DEHM_noBD,0.04064109968474883,0.025901190824422795,0.031958050041201586,0.754415585689824,0.3307847345140389,0.6612828642143123,0.8105710402137343,0.03933935229769898,0.06487054951599432,0.04967190533572075,0.11229461402786889
2014-01-10 15:00:00,DEHM_noBD,0.043294371961178246,0.026219606679342033,0.03551442633567486,0.7410591941967315,0.3716066318236011,0.6729043949614233,0.7717648264783783,0.0329828703596762,0.06961795186410531,0.041676769662887594,0.11138229788719665
2014-01-10 16:00:00,DEHM_noBD,0.039571282256038315,0.02594099505517725,0.044417129510482635,0.7935296940192673,0.4401652683550492,0.7642045366341714,0.8273154384044534,0.031734018504648485,0.07975788143936527,0.03563286185506189,0.11317171664882447
2014-01-10 17:00:00,DEHM_noBD,0.03929611668156043,0.02981903309526029,0.05775488206837773,0.9219089980558854,0.5031798681359925,0.8885286877167596,0.9918641358215315,0.03154228616419404,0.11163397706500597,0.03769809045071235,0.1237317753471247
2014-01-10 18:00:00,DEHM_noBD,0.040878827511900945,0.03953113360402336,0.07829833481809115,1.0442022571396012,0.5182890364121272,1.032859516981775,1.1909496354677946,0.030843985144352104,0.14911139320917416,0.04501439227967617,0.13346579179784268
2014-01-10 19:00:00,DEHM_noBD,0.046090026450720516,0.05318715416778505,0.10234765337976619,1.18251390392425,0.5109996709636597,1.1483941717974935,1.3631638562691444,0.025969142479046588,0.12285841132298092,0.043406359781830044,0.13922064717477173
2014-01-10 20:00:00,DEHM_noBD,0.05817088702074246,0.07581551917474934,0.12221523259132155,1.2838690134246786,0.547634552829042,1.2195137308173765,1.4860849740238837,0.02182156226865464,0.08427978608384716,0.046842878806691066,0.14244528323003722
2014-01-10 21:00:00,DEHM_noBD,0.08258234989012346,0.10373433830330146,0.13373481192695197,1.240039529981569,0.6279590117389708,1.2683637956781195,1.4830818213813635,0.02185892067297584,0.053553294471055134,0.0567146837051852,0.14317687225191608
2014-01-10 22:00:00,DEHM_noBD,0.1035577295774872,0.12654671169034126,0.15699094123302015,1.2142603455292107,0.7716395897159446,1.3063368007510692,1.487863419770517,0.028936078897509643,0.041494480624319915,0.0820814224301882,0.14031858690472765
2014-01-10 23:00:00,DEHM_noBD,0.11036863430497218,0.16238191806126842,0.18505508383171618,1.1910646969429544,0.9595491709179338,1.2747367733625041,1.4667282679187554,0.041906581873241595,0.03355412496400993,0.09854488569932972,0.1318474845707556
2014-01-11 00:00:00,DEHM_noBD,0.12851782339967766,0.19934096705125393,0.22179729346444357,1.244505886635119,1.0360811176061724,1.3044942961170547,1.446249164503254,0.0527999955884646,0.04144508643678375,0.10407112441758616,0.12572892697060467
2014-01-11 01:00:00,DEHM_noBD,0.1681195497063918,0.24029504316151135,0.2946203927043684,1.3986432210311852,1.0854306157515383,1.388531067591598,1.5304434128217352,0.06655970501499239,0.064446298992466,0.12646293758085445,0.10996394852885957
2014-01-11 02:00:00,DEHM_noBD,0.223050854012668,0.318559487919153,0.3236377096736872,1.6003408781732622,1.1233263642457498,1.4495920235728055,1.629718689212445,0.0839247431045025,0.11904059888332133,0.16908662232378016,0.09511348256366314
2014-01-11 03:00:00,DEHM_noBD,0.31145090227050687,0.4537396762762195,0.32512470947509164,1.6250895250110933,1.1504693834749236,1.4816574302353152,1.6982463219427317,0.09556030605118707,0.1539724065070039,0.24516413380849156,0.08653625651013222
2014-01-11 04:00:00,DEHM_noBD,0.48319811743028446,0.5021973973490345,0.3054414103895191,1.5735060410508515,1.1727798980710096,1.542445884712441,1.730449141334463,0.08510018729751911,0.17013571051228776,0.37945434488645746,0.08671101816160742
2014-01-11 05:00:00,DEHM_noBD,0.5272871234187484,0.48003081515744084,0.5190996302297897,1.493898920571478,1.1590404851960576,1.6290796835741819,1.780304887788319,0.057015397774614215,0.1721611979269981,0.5954626173618436,0.0932729413729008
2014-01-11 06:00:00,DEHM_noBD,0.5164545278339088,0.6055172123792347,0.3573088475330848,1.3497903859138372,1.0537098334360868,1.677038977881116,1.853918594658896,0.04059181959700992,0.16922660896285432,0.6306627065187693,0.10336728979759759
2014-01-11 07:00:00,DEHM_noBD,0.46817054172366845,0.7030933822307874,0.15137223015871226,1.445190195461302,0.8957810744578297,1.672021016871063,1.9240878187245225,0.04088095049390092,0.15003564052180368,0.6029464514272659,0.12085074726270886
2014-01-11 08:00:00,DEHM_noBD,0.4713186697247251,0.5507074611590592,0.06586053520046858,1.5672171086134552,0.7188691544624324,1.5234295748541968,1.9832156069760791,0.04304875133264331,0.11739870950686732,0.5841467072041333,0.1409842695031887
2014-01-11 09:00:00,DEHM_noBD,0.4814769219160079,0.29475181789322746,0.061846367516673544,1.6183651340007246,0.42961503624558434,1.2135672727853317,1.8262473709770386,0.04226914602401651,0.10344992892790567,0.5721832623026892,0.15219064582102923
2014-01-11 10:00:00,DEHM_noBD,0.4363064247601478,0.11269062957428272,0.061490748070789164,1.6222227184288738,0.255841790817892,0.835412980410091,1.367963026156516,0.03905756882710951,0.09308129174379623,0.5197384819457307,0.15419744748350922
2014-01-11 11:00:00,DEHM_noBD,0.3389722710594534,0.07722731251312706,0.05170193578252789,1.313346411584979,0.2210370688713015,0.4783092853005108,0.7847094195014611,0.03622123726816138,0.08046136561822141,0.42263447439243995,0.15140928315794483
2014-01-11 12:00:00,DEHM_noBD,0.19335448693715027,0.05956866084976697,0.047990387487636045,0.7911399935665149,0.23144489659792733,0.3185195347854233,0.47783120832386006,0.03365739855753702,0.07451943169081561,0.3035078734223451,0.154628475019573
2014-01-11 13:00:00,DEHM_noBD,0.10815578182817427,0.04769640505597631,0.04565292406052807,0.495036849676269,0.2207719287825374,0.34129476490858907,0.3664513821775111,0.033216036153919846,0.07455315100070074,0.18844451253307032,0.17684097473860488
2014-01-11 14:00:00,DEHM_noBD,0.07967405283657815,0.046064444301442346,0.05074241994340422,0.4119071067296212,0.19328904906593253,0.4007237356501697,0.38132691538876556,0.03142705749829052,0.07136247077842225,0.10990345653844047,0.19868582519459088
2014-01-11 15:00:00,DEHM_noBD,0.06520514366974571,0.04615923519877071,0.05182290617995419,0.45807795543923036,0.13390604491825203,0.42879431421010433,0.5147732842969597,0.030030935305146198,0.06812991498559696,0.08170726477692347,0.20533440581341783
2014-01-11 16:00:00,DEHM_noBD,0.058869029829217843,0.04611539751127474,0.043726996125468126,0.6055313625059521,0.12288309826802445,0.33813188475476463,0.5909909860036416,0.030276468360142236,0.06999835192361833,0.11016340641758861,0.20577537472364943
2014-01-11 17:00:00,DEHM_noBD,0.05207683142756794,0.03847729037561386,0.03286316479451013,0.6914515782672632,0.12097429408775161,0.3307510243237666,0.6407988562734176,0.031451277308589716,0.07240998118545852,0.12159236414998764,0.20130378272627475
2014-01-11 18:00:00,DEHM_noBD,0.047841862638580944,0.030222199557255906,0.026772374549141886,0.6568975538596487,0.11058039696989569,0.3657319868956325,0.6395279978984213,0.031559739075084144,0.06092869165852184,0.07378064724481181,0.1916424412574757
2014-01-11 19:00:00,DEHM_noBD,0.04155776987851534,0.02840453651362833,0.02735183597653284,0.612793382052176,0.11321796390328535,0.39209629612181507,0.6406026624585106,0.0311345233094714,0.04970429189412847,0.05090028003545639,0.18439312291768364
2014-01-11 20:00:00,DEHM_noBD,0.034042511541039704,0.031224586994530238,0.03309322735301447,0.6621944216515262,0.11789244367856988,0.40360013551274854,0.6510530392737163,0.030928723589787217,0.04469900011684731,0.04348375644058206,0.1798504471134161
2014-01-11 21:00:00,DEHM_noBD,0.03281406967851506,0.0395331627028777,0.03801241843865241,0.8062974331074719,0.12151242174927132,0.4350994334122329,0.6591422015957296,0.03140828651748577,0.045624869292313144,0.03702635581441438,0.17500560791383024
2014-01-11 22:00:00,DEHM_noBD,0.03636394583284204,0.04642258323575853,0.03878863246812703,0.9606640477041166,0.13963645308786515,0.5044858553727809,0.7283888777897589,0.03370192028718992,0.0678855986297735,0.0359761827005009,0.1718818048176028
2014-01-11 23:00:00,DEHM_noBD,0.04440281226745405,0.04836002154898005,0.03778928831336665,1.0915057983502408,0.17057014810285986,0.6007591002357274,0.8285782268573791,0.037287470121625685,0.11080332271402224,0.03861329755718676,0.16906832543339337
2014-01-12 00:00:00,DEHM_noBD,0.05070131047211234,0.045829956468520276,0.0366533407103406,1.1777100220427568,0.20085151417187877,0.6936676495294154,0.9144181655646453,0.04063513744284388,0.1650846872014457,0.0435216615405564,0.16764787685971233
2014-01-12 01:00:00,DEHM_noBD,0.05402453788445573,0.03968869323931883,0.03676424222082977,1.2862889067860088,0.23980924539595816,0.7513876329819531,0.8826087811299576,0.04119555146181945,0.19740146120149166,0.04670262996634344,0.16901943531643593
2014-01-12 02:00:00,DEHM_noBD,0.052854176815452354,0.036478525667968095,0.03368597827198097,1.2728583209451008,0.2906526541581283,0.787823079775977,0.9953885297180386,0.042695366565138004,0.1884641103415097,0.05020896968021424,0.1716314491163205
2014-01-12 03:00:00,DEHM_noBD,0.04672702633510791,0.03577068375595698,0.032485780455516734,1.1259668036824186,0.36280252560476756,1.0334166088468395,1.1094375603505409,0.05580637732040126,0.12427113697618225,0.052539028941797475,0.17359089490563132
2014-01-12 04:00:00,DEHM_noBD,0.042643787838754846,0.03667019761235536,0.03497300996340732,1.1126096801435295,0.509447972076761,1.2345405956300022,1.2354017827380726,0.07465107003740958,0.060725737223513376,0.05255463677049953,0.17669409647075443
2014-01-12 05:00:00,DEHM_noBD,0.042720742753352144,0.04647757877691827,0.0431525704843331,1.2923972232875134,0.7106614746836735,1.3883869423095603,1.4422233917874658,0.09628360357806068,0.04631644984574972,0.04815836326585909,0.18080911557287488
2014-01-12 06:00:00,DEHM_noBD,0.04798003963676616,0.0630755775994791,0.05453153463360324,1.5389342232538572,0.9151646885080402,1.5188745632752496,1.673712755436203,0.1185172415167092,0.054564868520647195,0.048847633423231944,0.18831704971349564
2014-01-12 07:00:00,DEHM_noBD,0.06049944606138654,0.09440493048031692,0.06462119428391676,1.760949229228324,1.1585915799082631,1.6753114045148156,1.7755278322996573,0.12812748053289938,0.10781936886937343,0.054210795658183396,0.19599499820883848
2014-01-12 08:00:00,DEHM_noBD,0.09075985848788459,0.15534515692380615,0.0851779057510971,1.9782180952662627,1.4464395603749152,1.8591402769194916,1.8295023877613248,0.13691090185610563,0.14428641925763103,0.07174388596766748,0.1978773401767014
2014-01-12 09:00:00,DEHM_noBD,0.12398913836838216,0.2242965320423282,0.13283500225974476,2.1671858691931853,1.6467610466030427,1.9620194713522516,1.6065852099522342,0.14808547783814363,0.14173747594910768,0.1157758193981225,0.18262459437349798
2014-01-12 10:00:00,DEHM_noBD,0.1312434176567221,0.23750916673984032,0.19241916897551678,2.1541721317534024,1.7637217419914435,2.0697957584544553,1.7509621336194918,0.1553680523832246,0.14094295409520377,0.14982847902354243,0.16982685610430298
2014-01-12 11:00:00,DEHM_noBD,0.16005108474584986,0.23964380499739354,0.19962188369908657,2.04113356843741,1.7743801262622654,2.2068888437066017,1.9522015623773157,0.15494487812503,0.13486285910821966,0.14825286363437523,0.1655144033913405
2014-01-12 12:00:00,DEHM_noBD,0.16760819841898975,0.2347238590245321,0.1976790656585956,1.8358518173023364,1.7144345781579358,2.2155851468249717,1.6903539543624468,0.15698912555629785,0.1448575154132767,0.1586528874405822,0.16128841863993548
2014-01-12 13:00:00,DEHM_noBD,0.17911589130263755,0.23359895850977666,0.21198918578420062,1.6671520249141722,1.8854318745299659,1.9451894519626045,1.4855454700214246,0.16023433343326884,0.1668365733735006,0.16842869330124682,0.15463989795811928
2014-01-12 14:00:00,DEHM_noBD,0.17211395575233718,0.24609090397667596,0.24174883117555634,1.6957663413285466,1.9792824723874731,1.5921034453804919,1.537985810183027,0.16940928594849936,0.18637936978195108,0.1675523500655091,0.15843847932420183
2014-01-12 15:00:00,DEHM_noBD,0.1668585664966783,0.24182460369318712,0.27142930904202617,1.7443729715637804,1.8981529118889815,1.588821592510415,1.5409967057187772,0.17949644693277766,0.2055435006437042,0.16797429757073498,0.16532665871862776
2014-01-12 16:00:00,DEHM_noBD,0.16949801048241017,0.2409447564420191,0.2993436828307423,1.8357430306240163,1.7181125701525155,1.687068949153761,1.7735903673882811,0.19425704407811156,0.2257466423837373,0.17985713867839412,0.17464514630952832
2014-01-12 17:00:00,DEHM_noBD,0.17377334174996176,0.26136329658223567,0.3231490425288676,1.7873902276593494,1.7938553153003531,1.8365049325727412,2.119504597812118,0.20439463098082675,0.23969315506795866,0.20686739457140668,0.18342516159650854
2014-01-12 18:00:00,DEHM_noBD,0.17913373493510756,0.2617180156675393,0.3621220225740247,1.7101641724262695,1.9279439558375415,2.0609699897507268,2.214810783617356,0.21244660058766582,0.25088672922070127,0.2608486277384846,0.18781854389802538
2014-01-12 19:00:00,DEHM_noBD,0.18662831686227338,0.2687798879366746,0.34708289485732313,1.6770073250200457,2.0527912192071267,2.164331562915694,2.16822464844905,0.22050049085788417,0.26015662565052494,0.25583755929381846,0.1919499302477761
2014-01-12 20:00:00,DEHM_noBD,0.19837894143945525,0.29959259084581036,0.34699178062240293,1.7994983980630823,2.115530427427558,2.0874622919163186,2.0599003654271746,0.22747590613402424,0.26630679248884304,0.23885588184353107,0.19644740114753584
2014-01-12 21:00:00,DEHM_noBD,0.22107937521032975,0.3234034577329112,0.3822375932180735,1.9539999717179652,2.2675033849453436,2.0523448810568956,2.1449065140875483,0.24245199328774572,0.2705327423755823,0.24296018748040363,0.1984206446197629
2014-01-12 22:00:00,DEHM_noBD,0.222921987303458,0.3175442036132351,0.4005260931749522,2.058148159078394,2.454796642261179,2.163509638421941,2.295335690914485,0.2697024809511098,0.27389978816851956,0.24793970176703375,0.20085581726560356
2014-01-12 23:00:00,DEHM_noBD,0.2137795978608727,0.2755087310397507,0.3855652783284933,2.072188234914541,2.564586376438307,2.4225892512541494,2.4214568529852265,0.29210443957682924,0.2740888413708284,0.2456765707375789,0.19982134852191424
2014-01-13 00:00:00,DEHM_noBD,0.22467898910581124,0.2513654340288647,0.3814136408644994,2.255967133288705,2.54774437058514,2.689919655050428,2.5713342086367037,0.3137263315713934,0.27217912528968413,0.25739675967820624,0.19699722424754387
2014-01-13 01:00:00,DEHM_noBD,0.23206309417508988,0.2146992164576052,0.3582761542183778,2.5637558861734724,2.4717382837871,2.6326082605316072,2.7988671736530257,0.34205972316760785,0.27875781974346364,0.2680693005276501,0.19610491600662927
2014-01-13 02:00:00,DEHM_noBD,0.26262546679358906,0.21180995521824794,0.3280828774818497,2.696641167833759,2.4298244517893157,2.3644352905875192,2.8702549674678663,0.3637772735661744,0.2960358922441129,0.27124474239580204,0.20252117513606555
2014-01-13 03:00:00,DEHM_noBD,0.29960023227444843,0.2261524065481312,0.27270234633890433,2.4435679412584825,2.2978230016434567,2.221632950633004,2.516737104501588,0.3798105041219433,0.3188625768181718,0.27677157893089105,0.2086352907361392
2014-01-13 04:00:00,DEHM_noBD,0.3185974590440884,0.23118703096993254,0.23013833585464383,2.0780924818090227,1.6117668830065335,1.82942972227226,2.1547067664068877,0.38624992697297594,0.34053674067904444,0.29184602955951344,0.21686414317065378
2014-01-13 05:00:00,DEHM_noBD,0.3285281410344688,0.22763202955579362,0.23771932117469602,1.6909078334830643,0.9105561885596718,1.2688991588305263,1.7537616259555961,0.3889116292992977,0.365291602372541,0.30562706428689873,0.23041577968401816
2014-01-13 06:00:00,DEHM_noBD,0.3190817805844545,0.2332799249013047,0.26163919879575726,1.20537788529724,0.5597112238743994,0.8831113410933561,1.2976750051515606,0.3833452946963532,0.38636505598548093,0.31569314589997743,0.2557340394621155
2014-01-13 07:00:00,DEHM_noBD,0.3301440909959048,0.24622638957011733,0.30668657580234104,0.8925595372327563,0.40689639290132545,0.7245356781197735,0.9416100675581291,0.37327108830437056,0.4019639725562743,0.3264260521515458,0.28241725243063626
2014-01-13 08:00:00,DEHM_noBD,0.3461160396953438,0.27678513466683313,0.32627208295189764,0.7743808149062743,0.40251129175191735,0.7137577836941973,0.8076406240840907,0.3596794944329559,0.4052467505897115,0.3527612342017306,0.29168067155783983
2014-01-13 09:00:00,DEHM_noBD,0.3411654594504273,0.29852994907882746,0.29435287367172536,0.7234615894329204,0.3523341825180406,0.7091927000929739,0.7958605577549698,0.34662174722179756,0.3907729312006941,0.3511117070470726,0.28076024532079685
2014-01-13 10:00:00,DEHM_noBD,0.3280223220964218,0.2707266680012548,0.41651076424341643,0.7024610529171559,0.30804126141768395,0.6651334658367046,0.7782097491441643,0.33187358205690975,0.3657361565845459,0.30121737478005683,0.2553655216690991
2014-01-13 11:00:00,DEHM_noBD,0.28374834754290046,0.23939540692012748,0.7088149043981172,0.6747875802183937,0.31526004942538205,0.6692125549976875,0.7174812247667648,0.31856606631204476,0.34539131005916734,0.27619083138998585,0.2518974683996219
2014-01-13 12:00:00,DEHM_noBD,0.2480832544595003,0.2867712292368896,0.9463079059778339,0.641659243823157,0.3131892136432416,0.6638449386175023,0.6570956405486817,0.2984129141427576,0.3290153505083172,0.27349790147277064,0.2679391532140177
2014-01-13 13:00:00,DEHM_noBD,0.2195075981938093,0.41053966522900376,1.1065790736340173,0.644354831670618,0.40901106571940693,0.6686139692697591,0.7329041955064097,0.29299108384564515,0.3248461781097762,0.2752416488164966,0.3163938428386486
2014-01-13 14:00:00,DEHM_noBD,0.2506956546271963,0.44902401088831934,1.2059940413152053,0.6038827878470637,0.5049513815788551,0.6839855532889497,0.8198138594495086,0.29413537007354185,0.3295637026646174,0.2649325323657038,0.35169073108255844
2014-01-13 15:00:00,DEHM_noBD,0.3460059405667706,0.543243951830361,1.1838469314019942,0.5749446211428951,0.5977024542616121,0.7171296136701002,0.8778533158100559,0.2967851470962165,0.330014210967617,0.2541970626982022,0.3640809048588572
2014-01-13 16:00:00,DEHM_noBD,0.4751481899953633,0.7509376923516579,1.0310170919151418,0.633005237041799,0.7517862589684501,0.8252544288055447,0.9158816139131225,0.299990860479176,0.3296244866897629,0.25625388350598505,0.3646530499058961
2014-01-13 17:00:00,DEHM_noBD,0.5514741108096017,0.8882970692448691,0.4538876958982937,0.7266216154801868,0.9413028206269908,1.03036347207039,1.0151718565226286,0.2948017146152257,0.3271082353312521,0.28383837970890086,0.359437155041769
2014-01-13 18:00:00,DEHM_noBD,0.6646693399129807,1.0932164870436116,0.25589462151371745,0.8088868027728411,1.0901360169300065,1.2341588684780476,1.1364755604400858,0.2816654077152906,0.304259170727916,0.3541854186797047,0.35162885341152544
2014-01-13 19:00:00,DEHM_noBD,0.9326156239177286,1.0156496062201725,0.2595314092810568,0.894263514188833,1.244489254774167,1.35358261333263,1.184332645475089,0.26787113318279365,0.28359321413956573,0.4382537262629158,0.3377161710172891
2014-01-13 20:00:00,DEHM_noBD,1.2835499488820135,0.6503802279319613,0.21521634989451607,0.9834765674839192,1.380894542927742,1.4030160175252167,1.2365267814530572,0.253158964370191,0.2747922109450398,0.6187845719338954,0.32762838880766165
2014-01-13 21:00:00,DEHM_noBD,1.2907623306626828,0.4489264927607494,0.20166310191083364,1.0487667248444188,1.4459657229157536,1.4060458089645018,1.2496947849254219,0.23973492469824836,0.27013458430051784,0.8839072101386636,0.32395215839347785
2014-01-13 22:00:00,DEHM_noBD,1.1269037388338148,0.36863557854396045,0.20213898616968,1.1178011430752066,1.5182463222234137,1.4255675207310614,1.279812598637268,0.23194052033096535,0.2710956571921705,1.1296721926939488,0.32531302634255954
2014-01-13 23:00:00,DEHM_noBD,0.892898840623386,0.38247680451087174,0.23385775347572263,1.218247401050732,1.6368492525281757,1.5906970919440107,1.370137722932766,0.2330892675791679,0.2814804242205618,1.2700220751929283,0.32775595813706493
2014-01-14 00:00:00,DEHM_noBD,0.601706986801559,0.3886240202968544,0.30507106051008676,1.302949639564741,1.82578128555553,1.7099116488202104,1.4664134934559743,0.24220497291818244,0.3054363468318432,1.2856073778538404,0.32943308360896995
2014-01-14 01:00:00,DEHM_noBD,0.4530794657237547,0.3753823706199879,0.48106415423417453,1.3356394843379804,1.900111765117049,1.6050467412395149,1.4550238988116686,0.24028192631475612,0.3480708337529004,1.3531239696532489,0.32871292983937994
2014-01-14 02:00:00,DEHM_noBD,0.46698970365615544,0.5225165085385087,0.5791662990638426,1.2621171768978796,1.7694445215305126,1.4077984103886303,1.400335621196511,0.2318729845043644,0.3870472934125363,1.3793530140811578,0.32673763704970465
2014-01-14 03:00:00,DEHM_noBD,0.5816703604924399,0.6490936864453414,0.6666705638675204,1.1650580733428662,1.5894905484862345,1.3136118668796644,1.3115736274631205,0.22871660386428225,0.4323418806112557,1.2149809241299332,0.3273112240095761
2014-01-14 04:00:00,DEHM_noBD,0.6722797806287928,0.5644015807769168,0.740967930410517,1.1531030699709943,1.4207427837556879,1.2583295650258055,1.1688617186894885,0.22585355394981796,0.4939878762844203,1.0587812330384831,0.3324831234969477
2014-01-14 05:00:00,DEHM_noBD,0.7252819760221056,0.6759388551074126,0.8323604579766711,1.1743367831114866,1.2645823555250464,1.1549592641772557,1.0955221529288368,0.22120915737591673,0.5656145576458051,1.0016433180316768,0.3422751838171854
2014-01-14 06:00:00,DEHM_noBD,0.8494845798351242,0.7991241675488976,0.9028849541273725,1.2483332392210422,1.1548768951828452,1.0517007172862103,1.1043759404163889,0.2145669709825514,0.6185740307749807,1.0301074227275233,0.35092528693825
2014-01-14 07:00:00,DEHM_noBD,0.9935020889772007,0.8736000739145977,1.0731599192847172,1.3507701389655655,1.0841034685621596,0.9731766335835577,1.1670851946159289,0.20798723942577826,0.6456374345718697,1.0930526538360212,0.356771019655913
2014-01-14 08:00:00,DEHM_noBD,1.0791238735625333,0.9308911570967221,1.4106064914367022,1.4197672142049762,1.0332051396319408,0.9387522530608432,1.2620680507367779,0.19822467896237955,0.6298872517278045,1.1196185350527985,0.35787434369847165
2014-01-14 09:00:00,DEHM_noBD,1.060286661353018,1.0922868591119628,1.486158532790565,1.3003023635985749,0.9452864430317607,0.8870650105473377,1.2587828872180218,0.19258542736150316,0.5436427913197874,1.0981464435959234,0.35377630585044606
2014-01-14 10:00:00,DEHM_noBD,0.8188541049255011,1.3551369632113608,1.531322489438653,1.1570900386070062,0.8830955647025698,0.8091891976578909,1.1219026957734615,0.19409554128002354,0.47012549536474046,1.2062868018395674,0.34721057760044927
2014-01-14 11:00:00,DEHM_noBD,0.9186128067311039,1.5217625793972793,1.5189332548163483,1.1377295979956235,0.8042711194174387,0.7594976999030831,0.99000883240317,0.19864566738724693,0.4215930474898963,1.3009426802000565,0.34397769822210067
2014-01-14 12:00:00,DEHM_noBD,1.2286945788516104,1.433502566450969,1.5569437305811435,1.1441412262603254,0.7192777886274433,0.7162548784419457,0.9221682837027382,0.20428457096281438,0.4076322924515604,1.1920085067074548,0.3488043636795132
2014-01-14 13:00:00,DEHM_noBD,1.5198142250506395,1.30057243699442,1.6492682409670691,1.0610468061090956,0.6775233660461939,0.6541957441903314,0.9349663435769018,0.20956117409910768,0.3989288833274411,1.2214542539041768,0.3589248347237705
2014-01-14 14:00:00,DEHM_noBD,1.5927842867279425,1.3592617561867693,1.626627467652465,1.0836531795527309,0.714724282787831,0.6363257515885855,0.9848925665365935,0.2099791194772485,0.4341877451634826,1.3228647434583096,0.3601499036943912
2014-01-14 15:00:00,DEHM_noBD,1.5219598643888534,1.650351814814983,1.808769348002357,1.1747859017986526,0.8213026059706765,0.6667888599099053,1.128162819254763,0.20597833354263084,0.4966998733422439,1.5484216438554692,0.35586287477910516
2014-01-14 16:00:00,DEHM_noBD,1.5291189055779577,1.9662495835105331,2.6821778604888746,1.2964526598103694,1.0218497027638438,0.7201760939166773,1.3379883892006776,0.20953799574125545,0.6682168860878794,1.842069576350497,0.3494859719029068
2014-01-14 17:00:00,DEHM_noBD,1.5273105828492624,2.224966818320956,3.2116813819699246,1.3227294295517733,1.2782335590174165,0.8296537657158485,1.5839399418691475,0.22012215386319897,1.0490623471278742,2.26314444018309,0.34471810939818615
2014-01-14 18:00:00,DEHM_noBD,1.5711874524995266,2.5515228621022406,3.343207936168816,1.1466297324061374,1.3846628989757783,0.9569902618531693,1.6566818782897106,0.2312279892200509,1.468763501768089,2.60868037005024,0.34262326131954784
2014-01-14 19:00:00,DEHM_noBD,1.7464115986550213,2.81473053058672,3.408273684146945,0.8554814200925855,1.2921898611130032,1.213711047248141,1.383706829754834,0.2402581646296194,1.8160837742741032,2.876910176832285,0.34341619400918477
2014-01-14 20:00:00,DEHM_noBD,1.9617799024075269,2.9936250228206256,3.442984141546948,0.9084100714482439,1.254800315206242,1.4835383584237145,1.3551946400828072,0.24478279810734083,2.0395563490767405,2.9779893166918776,0.34556706083804356
2014-01-14 21:00:00,DEHM_noBD,2.101154759555259,3.0582696946512815,3.668610590040134,1.2178372721127908,1.1549217081187573,1.5887445331430343,1.8293941074464308,0.24572557775041082,2.160460131517835,2.8588170628926157,0.34886300204336634
2014-01-14 22:00:00,DEHM_noBD,2.0705265208860206,3.248156821746093,3.736390162424706,1.902858896386104,0.8904853220418467,1.5315890742363267,2.1418811823676167,0.24762467433046537,2.0882218394121903,3.1022371399766207,0.353259262716472
2014-01-14 23:00:00,DEHM_noBD,2.0649407149194596,3.246475825968333,3.1465658160346006,2.131380999538953,0.8079825807664123,1.424163982314309,2.191554087561979,0.24682118089187877,1.9265460515508055,3.171989068027139,0.35892169980347144
2014-01-15 00:00:00,DEHM_noBD,2.1378069241807425,2.6616992653769023,2.7155496216106227,1.868785775297256,0.9078866824855282,1.5376933133669288,2.0106337724013628,0.24981591306170436,1.8474647575467826,3.1017817745769025,0.3554119212439655
2014-01-15 01:00:00,DEHM_noBD,2.4265473655334113,2.2271915525982378,2.581986976599265,1.8226509600052143,1.1882640334820096,1.634661782908961,1.9133452487469838,0.2571060939981602,1.7161988887506723,2.9340049316954615,0.3522276474903524
2014-01-15 02:00:00,DEHM_noBD,2.4471314974433183,1.9833018306692276,2.458194698284529,1.9128044481392483,1.4410703725475817,1.8751206284176556,1.9966856227002572,0.257034840010274,1.5935410294800998,2.68772709528923,0.35439305005431165
2014-01-15 03:00:00,DEHM_noBD,2.697748288886547,1.7324372497367275,2.351155442470685,2.014874743643124,1.73057647606954,2.3739614236671756,2.2027092571460454,0.2628028032588958,1.5135663229572773,2.2701554993677138,0.35473953165248023
2014-01-15 04:00:00,DEHM_noBD,2.7582600316232444,1.58854748516215,2.3142143470059056,1.9584561689890874,2.7312487146707256,3.203530166622279,2.5697150619748235,0.27135989076510053,1.4850219081938267,1.8745481227111815,0.3607928164190053
2014-01-15 05:00:00,DEHM_noBD,2.6717461818140746,1.4509184532059356,2.3134371490506824,2.2263634032562423,3.5157614796442354,3.4547360512063747,2.787272908749953,0.27544898889854535,1.4747486837947368,1.8836188721001148,0.3760599589128792
2014-01-15 06:00:00,DEHM_noBD,2.3904483606255056,1.5772046386325729,2.111712450459469,2.29056737928879,3.0562806169250054,2.989460801377245,2.943137529586475,0.2887234010228141,1.4586189334058761,1.9822729360520839,0.39378043502256255
2014-01-15 07:00:00,DEHM_noBD,2.0924748025801776,1.7823599671923367,1.7457992301134393,2.0405631303393887,2.4778338820381838,2.4578628062200574,2.533627222907678,0.2919558951638637,1.3965219980053603,1.8504058032399415,0.4162155454408003
2014-01-15 08:00:00,DEHM_noBD,2.107335007454753,1.8092393294618276,1.461456137349531,1.975762674888008,1.7854656727308638,2.080820482132542,2.2037801272848654,0.2911361320080979,1.3075266997137667,1.7739777724490315,0.42744521712239825
2014-01-15 09:00:00,DEHM_noBD,2.308353203070313,1.7784025260460004,1.4592787051640825,1.651728278410899,1.474952621206208,1.595518352489326,1.9500478814262339,0.3061912865629791,1.301343762022555,1.6686845049657255,0.42322421097625046
2014-01-15 10:00:00,DEHM_noBD,2.2677815950552,1.7706181756818296,1.5073866792520882,1.2530102768287354,1.1461028955695962,1.0358286773128569,1.4255436838711462,0.3623086172132939,1.2996442077313364,1.5472017398952507,0.40822258176114395
2014-01-15 11:00:00,DEHM_noBD,2.1064841669713523,1.7216099561528118,1.688992650285736,0.9053479194458705,0.7467522271424112,0.6776531987569165,0.8996239153717089,0.3897749005204437,1.2753421862737833,1.4889635665805347,0.4053472920706495
2014-01-15 12:00:00,DEHM_noBD,1.9481380356899556,1.6031423964398728,1.9970052310971915,0.6530291594756996,0.5479300731592393,0.4885663340566104,0.668350954680759,0.4083481428857892,1.1709027252213655,1.4686978684562548,0.40315795646689817
2014-01-15 13:00:00,DEHM_noBD,1.9237879420025368,1.5463428514042497,2.0647521315616744,0.5184320313961506,0.4410833493509747,0.426465806816657,0.5458031571735895,0.4277350484021007,1.0683678777199332,1.4491026043393211,0.40101112537845957
2014-01-15 14:00:00,DEHM_noBD,1.8968277934002966,1.6383224347548186,2.091231478470471,0.39593510339017424,0.3972002675421488,0.4064744675834895,0.45706513897561724,0.44547048221290103,1.003828762894047,1.396116861334836,0.4042031853440031
2014-01-15 15:00:00,DEHM_noBD,1.9634067518574838,1.708355581062734,2.012814079230297,0.39771720804542,0.4017656745562981,0.42293018609858574,0.43240600447722644,0.45550502518013114,0.978145184432189,1.3267912174397007,0.40646369015581896
2014-01-15 16:00:00,DEHM_noBD,1.9915473727589195,1.8854071756757051,2.0180279179766405,0.4327676840579212,0.5276826780007731,0.472830168193347,0.47422087700417903,0.45579399015918365,0.9464728392519336,1.2466657300763675,0.40503779076777396
2014-01-15 17:00:00,DEHM_noBD,2.0718526046340493,2.0845808655980234,2.0190252421813923,0.4742636481392576,0.762882528047799,0.6100382884442188,0.5213390039472934,0.48179080940097563,0.9112320574722206,1.1640729800671814,0.40233893658438685
2014-01-15 18:00:00,DEHM_noBD,2.2373767369068625,2.2498017067761715,1.9877938867325429,0.4909326313650287,0.9823524631511744,0.8689581356750447,0.5763616859928733,0.49867087943494315,0.8612506615929119,1.111375645680913,0.401656162569411
2014-01-15 19:00:00,DEHM_noBD,2.305604317133386,2.547620411025882,2.0886996271415614,0.542162328634617,1.1053142932220594,1.0542691516258182,0.7005136027994344,0.5036587961125372,0.8085142184911853,1.0835565290332358,0.4113803926119581
2014-01-15 20:00:00,DEHM_noBD,2.148567542236634,2.9774575560432672,2.0980010166515317,0.6408246812725695,1.2548281802899623,1.1341925552500924,0.8620402692333172,0.5049442360483107,0.7981017986047826,1.060080360611256,0.43992124855600295
2014-01-15 21:00:00,DEHM_noBD,1.9622806395529875,3.2592283641312276,2.1131023100006954,0.7025374023198749,1.392128222872261,1.2672162466568575,0.9247261286940146,0.49575516495823846,0.7849386354871931,1.0430696847231813,0.4794802300918846
2014-01-15 22:00:00,DEHM_noBD,1.8955575923612529,3.576473738118857,2.2655350558894174,0.7291114758313272,1.4829484720599184,1.4135524861519317,1.0105367754336423,0.49462483509063715,0.7818695464432519,1.0807885720593156,0.5342661991396173
2014-01-15 23:00:00,DEHM_noBD,1.9392968469291554,4.1439645510867615,2.3908509384355883,0.7451797126497499,1.5705533263956384,1.535873779490667,1.1243595456245943,0.49378086771011337,0.7858593297279091,1.2410673896790763,0.6072679201428406
2014-01-16 00:00:00,DEHM_noBD,1.8576357789047062,4.1872161202263465,2.418728568465058,0.773225071361674,1.6453969059319329,1.6101366374619586,1.2189437988050082,0.5081028582447765,0.7658262678476095,1.2845114050778745,0.6701600557480192
2014-01-16 01:00:00,DEHM_noBD,1.7825346567045899,3.2484175553035364,2.4492658634816578,0.8069463502697297,1.6969890255247335,1.6151959041347181,1.2746446041780237,0.5758146270006894,0.7431476743045449,1.354258590808916,0.7105724751503951
2014-01-16 02:00:00,DEHM_noBD,1.7067773911569268,2.8091366294071825,2.6806736578615196,0.7991122472721484,1.595422630901746,1.5291603343629885,1.2507966957926075,0.7979401139581204,0.7269623215393255,1.4581609107663016,0.7230734589147381
2014-01-16 03:00:00,DEHM_noBD,1.6500233839315919,2.4736017835432293,2.7934717798006163,0.7412008706329611,1.3935698971063457,1.3509190910793758,1.1618066972668013,0.9563624209445714,0.7156601921068411,1.5776190248655309,0.71415159407638
2014-01-16 04:00:00,DEHM_noBD,1.6245331564325094,2.2468647603392604,2.836000674420744,0.6617389293970662,1.2636092024063599,1.1611239363864843,0.9904531871098907,0.8992954474899172,0.7128515933443698,1.5879503316255081,0.7000384711966663
2014-01-16 05:00:00,DEHM_noBD,1.6573407866469028,2.1241929916548727,2.6416498865050078,0.594364366343926,1.1929638482363707,1.0225901372750918,0.8481737320841894,0.7956957429948448,0.7231467793072106,1.591884694334917,0.6907736494743077
2014-01-16 06:00:00,DEHM_noBD,1.6588206750402599,2.1529630809134246,2.6132863681308924,0.5453147779556794,1.1165086709535728,0.961590119146424,0.7977297723131194,0.732197883734107,0.7347843936079926,1.582558830770112,0.6893516604519634
2014-01-16 07:00:00,DEHM_noBD,1.6292387996615099,2.158981787663698,2.376105201646462,0.5251984601376758,1.0210729005916184,0.9038287488672732,0.7724938056168006,0.6185777191114425,0.7506914169813226,1.5136082387084886,0.685085471908003
2014-01-16 08:00:00,DEHM_noBD,1.6329267205088587,1.8164140259215236,1.9980881157466022,0.5566828519146056,0.9428926876759669,0.8603548507087158,0.7038044956313336,0.5023154021269082,0.7792197433928958,1.4122115329000353,0.6667446093760057
2014-01-16 09:00:00,DEHM_noBD,1.603502635842338,1.525520189395845,1.6844774261254818,0.5524657377784298,0.843628147013406,0.7673417806071152,0.6378210568955855,0.4459710112318395,0.8253986637300532,1.3527704092161543,0.6141251146527751
2014-01-16 10:00:00,DEHM_noBD,1.6111036814627053,1.3077632260259984,1.277665993444249,0.46953372614501626,0.6960392186859994,0.5933783662775997,0.5407455272890225,0.3965584681740402,0.843014007683359,1.3190554043233953,0.5412120400658994
2014-01-16 11:00:00,DEHM_noBD,1.6691341154517978,1.1967606822958587,1.0768458782869579,0.383079836635795,0.49559690381465465,0.4351194482590339,0.4167292137743549,0.38985601299315675,0.8676121245309804,1.376665307684848,0.4755860618936084
2014-01-16 12:00:00,DEHM_noBD,1.8313223857346177,1.2250029097419977,0.9646492265141756,0.28724022111157643,0.34359044747147705,0.33294442970197924,0.3233383068112705,0.41198192477524276,0.8675498022318979,1.5383659173243305,0.42954193263539103
2014-01-16 13:00:00,DEHM_noBD,1.988121667821407,1.2998810356056691,0.8366003111931681,0.20715440487461362,0.26952259601680084,0.28595537923642916,0.25887902979641764,0.4459110677558183,0.8869816954389447,1.7278136865439593,0.39115596251553153
2014-01-16 14:00:00,DEHM_noBD,2.0572785622062164,1.4599614922964572,0.7195520062842964,0.22379096616491267,0.26706248412310135,0.2572999159273412,0.2710845976843259,0.48409898781180377,0.8771277228419039,1.7704394604743225,0.35610394207599794
2014-01-16 15:00:00,DEHM_noBD,2.0081335112213528,1.677546008538902,0.718908099398911,0.2794705774326361,0.3325731105459992,0.2640743253106396,0.3120204644283157,0.49738893342196927,0.8417640656041866,1.680821860775489,0.3237822448917058
2014-01-16 16:00:00,DEHM_noBD,1.942566735184919,1.9631451988595727,0.7992328874865176,0.29917649146111724,0.47735487539602894,0.36091509438811203,0.33383985706622016,0.5091666765475272,0.7732945124192931,1.6211633176346356,0.3033249916628817
2014-01-16 17:00:00,DEHM_noBD,1.8634470396499334,2.1270365676167606,0.9102009736043214,0.3189820397092978,0.7169850798069708,0.47787225895887087,0.378184351589906,0.5157384857475755,0.7090158340245019,1.6366231103114992,0.29224821883568763
2014-01-16 18:00:00,DEHM_noBD,1.8187902823217679,2.1458463920778033,1.0379714128947257,0.33473977877715855,0.9198446043578744,0.5310690218178019,0.47022543293831665,0.5283371173636615,0.6390776728053575,1.6744096699901134,0.2864692929796921
2014-01-16 19:00:00,DEHM_noBD,1.8443257765842507,2.0885546178849044,1.26207184220016,0.35872661342174444,1.0109323726817336,0.6375762391638594,0.538729012129967,0.5449195444996655,0.5791711911633051,1.6941143091681365,0.28983651955110007
2014-01-16 20:00:00,DEHM_noBD,1.8920659325198828,2.0977602362287042,1.3598957553970812,0.43036155412324695,1.0553846545779495,0.8230684252541629,0.6523683432251756,0.5433853810036182,0.5297924897523969,1.6890728462578577,0.3007377498553878
2014-01-16 21:00:00,DEHM_noBD,1.9336951918651724,2.1455756003576516,1.3724205816221238,0.46067640315164626,1.089396718799751,0.8970550173687207,0.6690419985923386,0.5084219175750017,0.5047122083135693,1.717691847113343,0.31209581853975077
2014-01-16 22:00:00,DEHM_noBD,2.0201650709099694,2.137480701507926,1.4440435025703906,0.4688188050914561,1.115843684545965,0.8839264618419397,0.6261206209327356,0.4442313900522886,0.4892853047360479,1.7074677977894455,0.3194898095713555
2014-01-16 23:00:00,DEHM_noBD,2.1434718512262405,2.047137898928225,1.3436310642528535,0.4751428513131866,1.0778305071276983,0.8881484916263297,0.6133046649953403,0.4020027532491086,0.44839235938176497,1.7641081573536037,0.32616761177435505
2014-01-17 00:00:00,DEHM_noBD,2.223473292941451,1.9759834663018583,1.020198641719222,0.49217656284051714,0.9711283960164059,0.8835748581950085,0.6513372578211599,0.3805729484206437,0.4278382776381074,1.8221808981477376,0.33254376778727385
2014-01-17 01:00:00,DEHM_noBD,2.252488019759506,1.8389684872734546,0.7539412866362929,0.47354856157130526,0.9193612137213489,0.7847914428869257,0.6493279963076325,0.3519708171012997,0.4219920224337278,1.8076071227970534,0.3422492552758007
2014-01-17 02:00:00,DEHM_noBD,2.1980794725262376,1.6191781558316944,0.5549412749437987,0.4364680818883192,0.8591336298177251,0.6451961642101075,0.5927479191661837,0.323980873415619,0.41147507068455214,1.6859051050613074,0.35167468035690475
2014-01-17 03:00:00,DEHM_noBD,1.956830881717801,1.3253273096001148,0.4199599014812707,0.3993093066595502,0.7565279838128294,0.5667483237886894,0.5362011137443687,0.297510263661146,0.44415927970536034,1.4698248297326266,0.35209907295394677
2014-01-17 04:00:00,DEHM_noBD,1.6103023326498271,1.0464227338457106,0.32714464426025747,0.374244819220754,0.6551608009892608,0.5288031200635718,0.500812891165075,0.2749925641652941,0.4800041351444274,1.2934280032114684,0.3440531804309784
2014-01-17 05:00:00,DEHM_noBD,1.290035883579254,0.7910557759594917,0.3485303964441641,0.3525685270918177,0.5849141055302274,0.4747739959477885,0.45563758695709977,0.24552766919910898,0.45249658836599427,1.1713721734607219,0.33862741436183447
2014-01-17 06:00:00,DEHM_noBD,1.0636743836188316,0.5526343723726272,0.5925558910650573,0.34134449202995276,0.5154903708691382,0.41539896450779645,0.4052828264144493,0.221443367845863,0.44725074330400666,1.0812355090123416,0.33475884925536803
2014-01-17 07:00:00,DEHM_noBD,0.8904765543723107,0.38892458597570656,0.9304255141803157,0.3335521109136025,0.4610747869797376,0.3871800490940048,0.3879264112543326,0.21478280218139278,0.42641004804767657,0.97257126234591,0.33406624920386807
2014-01-17 08:00:00,DEHM_noBD,0.7647913209056854,0.3282063715115188,1.2725588550738616,0.3374222929013138,0.44709794878470466,0.38314859018420794,0.3902054903528487,0.20422312803000203,0.4097473888235539,0.8369572833967208,0.3445972581101953
2014-01-17 09:00:00,DEHM_noBD,0.6616995618689059,0.32326591054603443,1.4328468693366274,0.3403133726738798,0.42807143153607824,0.3703464755709701,0.37231109522061245,0.18328840090557913,0.3906724962468444,0.6790797234910726,0.35977761865340163
2014-01-17 10:00:00,DEHM_noBD,0.5950095473688839,0.33632592002525924,1.6236223897328226,0.3142443898496624,0.39372039868916375,0.34662065660715125,0.34185604268456105,0.16991252556145178,0.3548805743457375,0.5539467485421895,0.3588710473121701
2014-01-17 11:00:00,DEHM_noBD,0.5443794048017262,0.3760276078167557,1.7292914235803112,0.2802259579310341,0.3507679280300857,0.31523748826380943,0.3046897192642458,0.16155956024944762,0.3151545202260464,0.48007083615213625,0.3553943262552468
2014-01-17 12:00:00,DEHM_noBD,0.49368280148237925,0.4195526722414791,1.7073726620404424,0.24621008958475557,0.31668975111592323,0.30081545838677515,0.2774071781488991,0.16107128150045857,0.2972873736446723,0.4404374350547789,0.37802829561486834
2014-01-17 13:00:00,DEHM_noBD,0.45504066704392415,0.44037572418183085,1.5706666569954717,0.26094788583402523,0.3167568148542358,0.3038541643101437,0.2634729866182038,0.1598972836732864,0.28851384905386696,0.42882877658396956,0.40482706734605123
2014-01-17 14:00:00,DEHM_noBD,0.438034635735601,0.4608209099730848,1.4929245366265254,0.27776345088332755,0.33399357879577896,0.3249162437465267,0.2920839440722809,0.15903878221459672,0.3197474779550916,0.4389379014922677,0.4180970673295855
2014-01-17 15:00:00,DEHM_noBD,0.455665035356283,0.43873639670245346,1.5487394358378275,0.3189242846911622,0.3799642453895229,0.35644231193715026,0.317102028759343,0.16028337705507856,0.36504951735533764,0.4405828437707573,0.41781386047448954
2014-01-17 16:00:00,DEHM_noBD,0.4529885634599624,0.4533874710217862,1.6751977499842643,0.38701366264185866,0.47908068694029693,0.4250755877012014,0.3730233002584441,0.16787007527858008,0.38820080282891145,0.4368462910638749,0.4128673111027479
2014-01-17 17:00:00,DEHM_noBD,0.4468932411575316,0.4872951346065848,1.728158677211646,0.4633767169369375,0.5936217640702937,0.5408398519512702,0.47778635526553515,0.17745946619108305,0.41696120053879904,0.434842535727471,0.41423414463780805
2014-01-17 18:00:00,DEHM_noBD,0.4489729779924452,0.522777880240157,1.7027421409477153,0.5691904085810869,0.6749668268056959,0.615154279921991,0.5858851521391744,0.19420751056998958,0.4708285711092127,0.42497218006856735,0.41622391019906846
2014-01-17 19:00:00,DEHM_noBD,0.4484712416204809,0.5442093977867065,1.6971909639481453,0.6949050677502546,0.7624066011423034,0.6735304228728727,0.6587944248960393,0.20907232061818226,0.4993773331167921,0.41695959165528407,0.4192707696700839
2014-01-17 20:00:00,DEHM_noBD,0.44869478750690794,0.5405296420370042,1.7532000619549561,0.7376824970357945,0.8076078041099896,0.7469598786116654,0.7682029233274609,0.2204408417639136,0.5093673440330475,0.41182385873571026,0.42384352260030794
2014-01-17 21:00:00,DEHM_noBD,0.45628216949209555,0.5673214308933913,1.8233894303067704,0.7741850406032649,0.825438714532312,0.771106956932894,0.8264392496994434,0.22731699671477062,0.5113655723878741,0.4300583292196691,0.4319640434585138
2014-01-17 22:00:00,DEHM_noBD,0.47766640751391637,0.5975991947865485,1.8797227973224035,0.8590191103241535,0.8411549967011901,0.8251303298480319,0.8427689418601935,0.23200564890772096,0.5155648942306637,0.4380894217264652,0.4434249522408842
2014-01-17 23:00:00,DEHM_noBD,0.49899291682898994,0.6012815011109411,1.944711818587049,0.9794091945464611,0.9749949770472244,0.9389700919380208,0.9050033038732305,0.2323022424137591,0.5256415354880689,0.447193360620439,0.4554943481696023
2014-01-18 00:00:00,DEHM_noBD,0.5258620425564051,0.5998578396892547,1.9541111665894833,1.1090452746157338,1.2302182217793725,1.1191113005489053,1.0262443522384725,0.22631992857545602,0.5420696086703984,0.4647804441040009,0.4640819486791268
2014-01-18 01:00:00,DEHM_noBD,0.5393298678302764,0.6280258066396415,1.8796537283480073,1.1819645852896368,1.5087634746923109,1.2691776379117878,1.1820468856248192,0.21983434183448544,0.5578306750895081,0.474273854869455,0.46770205505870277
2014-01-18 02:00:00,DEHM_noBD,0.5540594134685397,0.6503099512593448,1.8063692933586988,1.2544005112578913,1.7323319961926291,1.3236194217227895,1.2829631758616895,0.2173728505772351,0.5673199545646458,0.46622399978734536,0.4711031254517287
2014-01-18 03:00:00,DEHM_noBD,0.5751653483332693,0.6529050378410517,1.6988106991421992,1.4064258774019274,1.8358461823913175,1.3319719088807869,1.3724225547723585,0.22664846778094755,0.5682652959667145,0.4784458867229147,0.4742837467691301
2014-01-18 04:00:00,DEHM_noBD,0.5922065828745067,0.6584627710202335,1.4679617420699447,1.523464081397883,1.8500882324238352,1.3927497195939496,1.5278925483104662,0.23731144296884532,0.5636778211724012,0.4998722092271223,0.47308648337066156
2014-01-18 05:00:00,DEHM_noBD,0.5895501145975292,0.7115935764359682,1.1159544602561742,1.575219911304642,1.8689435190975245,1.4371352848472936,1.7416588029307893,0.2452122109401225,0.5665923896026611,0.5096575854040681,0.4720503397422283
2014-01-18 06:00:00,DEHM_noBD,0.5956640376479923,0.7514403868460655,0.908871600599438,1.6613999259698786,1.694506206343146,1.6509940691734546,1.8618995723022107,0.2448781088528036,0.5823677625475823,0.5360497683006896,0.4703716401824354
2014-01-18 07:00:00,DEHM_noBD,0.6320975920155643,0.7465550410491227,0.9125008397264779,1.8267379773739725,1.517259572678958,2.020824714160814,1.94774623554055,0.24338238734453893,0.6142166765836626,0.5539685049222036,0.46789719059184187
2014-01-18 08:00:00,DEHM_noBD,0.6515738278479873,0.6679094667233525,0.9468903294045478,1.9273005671411985,1.666948731291918,2.2528690553095396,2.0220084813003893,0.24271071023493987,0.6371122981501556,0.5416061712375283,0.465391437087804
2014-01-18 09:00:00,DEHM_noBD,0.6749979042714089,0.5931852667719125,0.9671797644462435,1.9695147739769379,1.997158555421338,2.2185574311984038,2.1225124365699433,0.24681748454689972,0.6204502104303985,0.5209924580738693,0.4531591227865217
2014-01-18 10:00:00,DEHM_noBD,0.6824728331417217,0.563299384485483,1.001562589933276,1.7629599880994276,2.0963446632714384,2.1970638778730134,2.166065659304035,0.2505797567452489,0.5696824445307254,0.5097373695675281,0.4300873797020315
2014-01-18 11:00:00,DEHM_noBD,0.697943424009718,0.5775812948763368,1.083233801987618,1.4404364846604072,2.0682418021149562,2.123056416653985,1.8789238000449446,0.26102732822343694,0.5482604525632224,0.5223244258383661,0.4060848127242921
2014-01-18 12:00:00,DEHM_noBD,0.729795991586633,0.6396334819959104,1.1747376545550674,1.161512635508318,1.99011608916183,1.8335413875164925,1.5128709207920152,0.26888928305357684,0.5280053896636515,0.523399216914475,0.39552702637374393
2014-01-18 13:00:00,DEHM_noBD,0.7503282023456319,0.7142169927334785,1.2945969181155415,0.9198041580757423,1.746639682341688,1.465838119185756,1.2276511429277073,0.2815410580860077,0.5180907459373957,0.533742885060422,0.39182436515986907
2014-01-18 14:00:00,DEHM_noBD,0.7687681617186962,0.7744353790620713,1.4452850105416775,0.8572141124267856,1.4377556230113866,1.2060013089713237,1.0674332353043514,0.2955459345316886,0.5264587191418278,0.5427370108886806,0.3878926763675361
2014-01-18 15:00:00,DEHM_noBD,0.7897630040880292,0.8695490365704149,1.576360040512271,0.8453777033671044,1.2447822185836954,1.1347779239546816,1.0752566471373421,0.3019206999622285,0.5341964593483367,0.5412217806322128,0.38828957241073236
2014-01-18 16:00:00,DEHM_noBD,0.792784819544591,1.021979980922453,1.6857749072812873,0.9391556002560028,1.255469375532805,1.0856616576749056,1.186928000412244,0.301077290140204,0.5645976012167007,0.5364977376965805,0.388705208384469
2014-01-18 17:00:00,DEHM_noBD,0.8215344025802984,1.164549513472505,1.7442710981355607,1.3706945583300256,1.3148317480052532,1.1900062448904931,1.3316818396723926,0.30583965631663784,0.5923337721445318,0.5414176060024649,0.3868055035713313
2014-01-18 18:00:00,DEHM_noBD,0.832078760856539,1.2788962758215703,1.8044810746924953,1.8109761144795522,1.3798660817370783,1.4610426737637876,1.7795029162463374,0.304169801473841,0.5932082663361633,0.5633227580336854,0.3874079197092353
2014-01-18 19:00:00,DEHM_noBD,0.8457726171426102,1.3815787798779084,1.8294472447010504,1.7302862813084352,1.5517378051689987,1.9977392319276437,2.129836036056761,0.2946405887697636,0.5793066839540562,0.6092921025834606,0.3889382081875204
2014-01-18 20:00:00,DEHM_noBD,0.9146942176983877,1.4448502984177507,1.9210795875773952,1.6669079502928121,1.9090991751649207,2.3441762832234825,2.089527429884334,0.28974549025565377,0.5844017581144441,0.6192055316385627,0.3920358397252857
2014-01-18 21:00:00,DEHM_noBD,1.028897484676726,1.4399305713655428,2.0875816968061027,1.7121855109759374,2.28757387335414,2.3552015001556876,2.0544640263967393,0.2789490235778689,0.5869988564218953,0.6821229192034899,0.39808430612593876
2014-01-18 22:00:00,DEHM_noBD,1.1096745888520405,1.5127332797466964,2.2046690910118816,1.8494119705200516,2.398875192583355,2.3805456978116073,2.1503914013487044,0.2618439219394325,0.5740578155387006,0.813375162473917,0.4009148370415716
2014-01-18 23:00:00,DEHM_noBD,1.226530217532981,1.7229559443457425,2.433723527275622,2.0374405611114557,2.4822509455772095,2.463830449804117,2.3097946207362705,0.24791519599959247,0.5659025395103172,0.9330518508941308,0.4044933364120869
2014-01-19 00:00:00,DEHM_noBD,1.357206314949654,1.98197089509733,2.8308427573558688,2.0495640249721,2.701227615680275,2.5541963544223543,2.4448143352095766,0.23747289467811566,0.5540927219967171,1.0321165949283913,0.40851663049176323
2014-01-19 01:00:00,DEHM_noBD,1.4769417055257037,2.0839293136163053,3.268412078351676,2.087608560488593,2.932002525742448,2.6574538848972784,2.5291876526022152,0.2308993191857635,0.5759464429154433,1.1902268973979913,0.41201542026087623
2014-01-19 02:00:00,DEHM_noBD,1.5172449441209992,2.0097906649699064,3.3092785193797947,2.252340811420517,3.050202839661618,2.7773765178435066,2.5055725995213436,0.22074121529012908,0.612215889093317,1.2255002486094833,0.41020230298474425
2014-01-19 03:00:00,DEHM_noBD,1.3674007418898493,1.9959037639260293,3.0672697573453185,2.2525748951533036,3.074381245546444,2.8888289509382115,2.486933424389909,0.20831052504390463,0.643657264871299,1.1986896458128093,0.4112430545483528
2014-01-19 04:00:00,DEHM_noBD,1.3112635827029495,1.9342514264046495,2.801425568851233,2.2076102197836995,2.918936887915218,2.9578754096856965,2.4612340607908942,0.19874125263154488,0.6553384745717233,1.2107213091979177,0.4137636508727072
2014-01-19 05:00:00,DEHM_noBD,1.3604988318234308,1.6660522401195577,2.4191241018176077,2.2573273197026062,2.9717907068155336,2.957417459452871,2.510696770676924,0.19548287302941075,0.6592058977740816,1.2039951885721831,0.41254735371395934
2014-01-19 06:00:00,DEHM_noBD,1.3523655892973765,1.4419779743640684,2.043584688798487,2.3118232587582215,3.0038234483755497,2.882482432952788,2.60319949889224,0.2072519746886192,0.6512696958417445,1.1531837030718102,0.41925221365928644
2014-01-19 07:00:00,DEHM_noBD,1.307815680433698,1.3743777712964638,1.7580004158601907,2.263813240483106,2.9339182976952474,2.902306500677221,2.5049764263829912,0.23161072627365578,0.6457471545730903,1.1315129230616614,0.4346768577302991
2014-01-19 08:00:00,DEHM_noBD,1.283231847536154,1.3541764622555672,1.612733380080778,2.132172767136027,2.873087233452941,2.8562276217503673,2.3107892272769894,0.2680711019942163,0.6422195169509108,1.1061998496960384,0.44577192059576504
2014-01-19 09:00:00,DEHM_noBD,1.200706294171717,1.2847276759167015,1.5659505288222804,1.967005795577599,2.4433109870998657,2.0753835571783106,2.1134558052650276,0.2944187749323247,0.6405141924539208,1.0130807295135407,0.44219128267496816
2014-01-19 10:00:00,DEHM_noBD,1.0793858947135135,1.229367392894514,1.4263323434040696,1.7788601403892692,1.5989836879804242,1.4595034003417844,1.978371133251395,0.33507348180860264,0.5958569792616182,0.9483300597781688,0.4194149019940942
2014-01-19 11:00:00,DEHM_noBD,1.0025849855609423,1.066259678545408,1.2524847312296927,1.5773837236061834,1.1042718615094875,0.9753906993248407,1.7691614983362633,0.38077080519273865,0.5641742222148924,0.9078874910696223,0.4027578505271113
2014-01-19 12:00:00,DEHM_noBD,0.9553872895149887,0.9944315422403253,1.1667295100404322,1.339486659864019,0.8050650292324879,0.7359601937755054,1.5940575873436624,0.39344293235309413,0.5267030538274905,0.8605945620160551,0.39836110792766777
2014-01-19 13:00:00,DEHM_noBD,0.9022234145838952,0.9240284002227521,1.0611878737534581,1.103224617460085,0.6139765668569015,0.576450767036332,1.2688521378717394,0.39477882677648196,0.5241785708523121,0.8232584756376966,0.40333468532047223
2014-01-19 14:00:00,DEHM_noBD,0.8845770992086921,0.8625889799735695,0.9517305206954106,1.0934248247901583,0.5325704897565522,0.4553138337403735,1.0771478119605884,0.38992219096183756,0.5168278540511894,0.8239695861342922,0.40865998792268327
2014-01-19 15:00:00,DEHM_noBD,0.9037384768686163,0.803410416634809,0.9171404715087264,1.3185106226438343,0.4906204839332517,0.4451550698065598,1.2555078475611574,0.3821190981817244,0.5028604776087007,0.8701857736235484,0.40691106415986994
2014-01-19 16:00:00,DEHM_noBD,0.9393599900861365,0.793808688739445,0.897253483724473,1.5143870512386242,0.5055931511998094,0.5709899124209018,1.542490120203402,0.37262618256356544,0.5157453360848616,0.8394495076153613,0.39569716594353305
2014-01-19 17:00:00,DEHM_noBD,0.9170999320488329,0.8501978277773783,0.9166025865536089,1.54643151353235,0.6204697392516745,0.835967395431476,1.7991076828897832,0.37063443668927987,0.52124015688912,0.7994287269407137,0.37842376724660376
2014-01-19 18:00:00,DEHM_noBD,0.8888312578550075,0.900305301158102,0.9607497960296273,1.5646471346763045,0.8725705028884148,1.1913087254279626,1.8932429057366966,0.37130463001392766,0.5237421797876036,0.7942081788518651,0.35996075245678416
2014-01-19 19:00:00,DEHM_noBD,0.898896997725321,0.8746250815270934,0.9908204037432184,1.529818080182058,1.099963730556654,1.5710303136637789,1.9930509003148653,0.39049796165797845,0.5367968991578624,0.7929723983512447,0.34393435060322275
2014-01-19 20:00:00,DEHM_noBD,0.8763358733560143,0.8837497221621964,0.9910476946470792,1.626912819889462,1.2876708121608174,1.9287076942226753,2.1534801141964044,0.40039054454248396,0.5456626771908626,0.7751696711786089,0.32954925460897366
2014-01-19 21:00:00,DEHM_noBD,0.82886517178718,0.86251642708702,0.988874295785688,1.7435507318252714,1.5317929566582804,2.236890746000553,2.3731988609796337,0.4096802073048054,0.5496359377737656,0.7654648419073595,0.31529536353483784
2014-01-19 22:00:00,DEHM_noBD,0.806285931392256,0.8033329234596156,0.9743372869857309,1.8582936531103191,1.7320421530900079,2.4699518113443246,2.5302236664913735,0.40776114783838385,0.556683864357752,0.7550510224635154,0.3011008641774951
2014-01-19 23:00:00,DEHM_noBD,0.7880387889484872,0.7849855498649552,0.911313008014094,1.8881055671234228,2.065158942226988,2.575883369798494,2.793971655292611,0.4098688658805191,0.5621025035368661,0.7471528655450417,0.2899215522620826
2014-01-20 00:00:00,DEHM_noBD,0.7775420353703946,0.7614352434676139,0.8727892231685108,1.970441061306176,2.4735693608709814,2.6622903682866905,2.951148153807325,0.42618545608319325,0.5691281132740736,0.7640361748861892,0.28250364872977124
2014-01-20 01:00:00,DEHM_noBD,0.7715063015457428,0.7383542980444058,0.8548519863196649,2.207845402745898,2.854328955468466,2.915292439319298,3.061095454829283,0.4453724728732555,0.5744924511329597,0.7880436947176606,0.2749240300355851
2014-01-20 02:00:00,DEHM_noBD,0.7841251100689172,0.7165008952571266,0.8261255527317521,2.6054098683921025,3.2003959128596957,3.2137351878643496,3.1868402441268975,0.4587615125629304,0.5756165834782552,0.7882638240049034,0.2680080512134731
2014-01-20 03:00:00,DEHM_noBD,0.7832445503919572,0.7102982334162108,0.7905834072347916,2.9112133574937027,3.473230862502493,3.335716763160252,3.210475964399222,0.467639730567634,0.5702116702419658,0.7873483521632103,0.26294937348604197
2014-01-20 04:00:00,DEHM_noBD,0.7798821423590181,0.7162533457731083,0.7556737227950245,2.911500267148919,3.6253224430332516,3.397730876977256,3.0976116479781926,0.47653285684157154,0.5621863272896677,0.7817009517578779,0.25952632772147644
2014-01-20 05:00:00,DEHM_noBD,0.7739225036709754,0.7107416129651292,0.7316332396300881,2.761342279502562,3.5561372451674376,3.3076582023816283,3.036873663341216,0.4849055920070595,0.5521840326799847,0.7755397364795207,0.2568533022491633
2014-01-20 06:00:00,DEHM_noBD,0.7642929934005438,0.6972097988093644,0.7172002736900747,2.7837203495150495,3.468906232390185,3.194039335132298,2.9612358496794404,0.4896368789227679,0.5486826939844863,0.758314026570171,0.25440275007426716
2014-01-20 07:00:00,DEHM_noBD,0.7579430289673805,0.6880518554453552,0.7196664120966195,2.8044001753408647,3.3853560673861067,3.1933042126358564,2.834383704868474,0.4878067117894066,0.5543775698384363,0.7422142451577632,0.25501630854517215
2014-01-20 08:00:00,DEHM_noBD,0.753308624261543,0.6732887265039235,0.7097600843871384,2.7390469807916635,3.3785301791369404,3.1527739603172664,2.7233780354444423,0.4842134887597894,0.5628610254053106,0.7273500249782948,0.2566694598300755
2014-01-20 09:00:00,DEHM_noBD,0.7388024184975028,0.6633872044571488,0.697432086530104,2.6536330286126293,3.318647001443206,3.022047124643509,2.7317010325232407,0.47065770359281445,0.569027258934538,0.7089327167299388,0.2631920746412872
2014-01-20 10:00:00,DEHM_noBD,0.7272802636123448,0.656004242362082,0.6813591695509851,2.4689524636890745,3.1755959869503814,2.9007652080484565,2.5882301452414183,0.46131161613129074,0.531531614110458,0.7204028786636889,0.2668841900186239
2014-01-20 11:00:00,DEHM_noBD,0.7370176127108932,0.6505000215433537,0.6754238182105867,2.285821713150342,3.061347371518314,2.8138592775954456,2.4067321993590483,0.4538112662938981,0.49753296065144925,0.7463037072645127,0.26358067717440425
2014-01-20 12:00:00,DEHM_noBD,0.7591136190323531,0.6463683009760826,0.6758766131523996,2.116631710365067,2.9388683918714893,2.700309498725309,2.2487085900026385,0.45867278433543607,0.47254570306037547,0.7619073466685413,0.2650930193938314
2014-01-20 13:00:00,DEHM_noBD,0.7813910699123516,0.6534588362033664,0.6857050102559477,1.9630508165125917,2.8205453476486912,2.4537074255120674,2.171547226950619,0.4648614414197579,0.4707538109441146,0.7623877290194481,0.27008405773624766
2014-01-20 14:00:00,DEHM_noBD,0.8007804426043107,0.6615722905115782,0.696748944537565,1.969956827930697,2.732321809641245,2.2814587043934815,1.999571997103204,0.4626552828897814,0.4735750478027946,0.7769661065750755,0.2761641445248572
2014-01-20 15:00:00,DEHM_noBD,0.8310098466513678,0.6594448339596388,0.7159829484033957,1.9141072593975237,2.5561336904925014,2.2149900157900815,1.9056596972097335,0.45107518196328533,0.4769810829156205,0.8305273939606546,0.2820897668974845
2014-01-20 16:00:00,DEHM_noBD,0.8700058415701613,0.6474893442774562,0.752693070841357,1.8827321528620193,2.3519549412901712,2.2370150387034524,1.944172500932022,0.43667976664926844,0.4861730942189146,0.8296289885455368,0.28857333493977777
2014-01-20 17:00:00,DEHM_noBD,0.8725974317436664,0.6625557557699828,0.7998490553532913,1.966885337708022,2.320684728644709,2.249252724118494,1.9726006744402542,0.4298133003474398,0.5084936541666701,0.8198714615733549,0.2969625655797868
2014-01-20 18:00:00,DEHM_noBD,0.8641816369897685,0.7348372563119977,0.857321835293211,1.9261003200123215,2.4244556330269083,2.283900384874414,1.9958224640039577,0.4279855352169646,0.5289362952256547,0.7955628985379263,0.3059525498999654
2014-01-20 19:00:00,DEHM_noBD,0.8492249802940897,0.7913007484959438,0.8998009792087039,2.009466152737968,2.663660349227311,2.3659855324334274,2.0479963097490312,0.4277583268491596,0.5397652170304619,0.7934661621061341,0.31437904389493154
2014-01-20 20:00:00,DEHM_noBD,0.8464275953889637,0.7970720423212274,0.9191793554469476,2.1238477701544034,2.879290393962138,2.4916487762665778,2.1240070279657353,0.43330622974592253,0.5587361969762479,0.7898081823435052,0.3196495474579185
2014-01-20 21:00:00,DEHM_noBD,0.8417426382982915,0.7886660990101844,0.9469134943861048,2.0844158812081375,3.0454041074552514,2.6539219573996347,2.231422136882024,0.4430157979192211,0.5831370019610447,0.7852572345347888,0.3252428749065845
2014-01-20 22:00:00,DEHM_noBD,0.8334777376805059,0.7781008032938652,0.954104721806338,2.1682513982447924,3.1496059723679855,2.7897062716251373,2.336412340373189,0.4536869026842293,0.6107254378172753,0.7688690234712883,0.3281235181528328
2014-01-20 23:00:00,DEHM_noBD,0.8174896517496183,0.7702107242078147,0.9351398690882698,2.28497221522896,3.3231083203855345,2.896960306544749,2.469596879600201,0.4669660061772354,0.6493472071765316,0.7677377455609291,0.3330682959853111
2014-01-21 00:00:00,DEHM_noBD,0.8138349126749485,0.7583553419587389,0.916333395570377,2.410557539907473,3.4896872272566104,3.038022011352317,2.597032906841088,0.4756331626419954,0.6964572898250465,0.7892158737829328,0.3377573513656853
2014-01-21 01:00:00,DEHM_noBD,0.8287687031205743,0.7474093158056774,0.8985471221727412,2.5416802034199293,3.659924371975141,3.220236594052136,2.712228763411174,0.4810662866399901,0.7423887673713987,0.8439207770282773,0.3379158338481186
2014-01-21 02:00:00,DEHM_noBD,0.8743581915427744,0.7331887449963391,0.8826396372050418,2.6672513358698353,3.8243082244707063,3.4197623080755557,2.820048755634777,0.49233580891091366,0.7827111370977725,0.9083800632123649,0.3399717450678348
2014-01-21 03:00:00,DEHM_noBD,0.9145953707782922,0.7400994631891138,0.8670095619614795,2.776019791982864,3.908832049874361,3.698981292171678,2.9254749565737495,0.5116130169326998,0.8098238910288797,0.9649126045565306,0.3449546456520259
2014-01-21 04:00:00,DEHM_noBD,0.957814947271943,0.7600142919624968,0.8593571185053883,2.875128029042802,3.960623079065869,3.925119486055676,3.044301463865904,0.5323513032046985,0.8135140235754271,0.9696503936979174,0.3573385970865188
2014-01-21 05:00:00,DEHM_noBD,0.9688230089190601,0.7962460689745097,0.8670057878096121,2.9749769082070774,4.012757293280563,4.182261645054562,3.166535941569979,0.5606261724699473,0.8084488830025619,0.9523774710935353,0.37291993856906885
2014-01-21 06:00:00,DEHM_noBD,0.9654806293594838,0.8221493252607063,0.8909810404963139,3.071198700765271,3.9498386240939682,4.472739994076909,3.284272337384509,0.5921019079630448,0.8221379542793579,0.9696574202053247,0.3842453562176227
2014-01-21 07:00:00,DEHM_noBD,0.9853636006651818,0.833319889389798,0.9207212011132389,3.172051813599123,3.778484662500042,4.692504944842283,3.3903392386541915,0.6307896869459934,0.8612142138899106,0.9889849074938893,0.3892630535334348
2014-01-21 08:00:00,DEHM_noBD,0.9942457743251324,0.8188360168951749,0.9418736355007253,3.243473556259185,3.4235519613967966,4.714359278831134,3.456636268593207,0.6734389757472741,0.9253564810257497,1.0001341526737064,0.3960839618656039
2014-01-21 09:00:00,DEHM_noBD,0.9963347005194423,0.8037458836220204,0.952052788748564,3.2453610434815254,3.0235372174186605,4.403478231380984,3.446303439132429,0.7090192923922463,0.9784420104268658,0.9616227354642748,0.3992418837310373
2014-01-21 10:00:00,DEHM_noBD,0.9705997987321391,0.8051568534768372,0.9185156244434693,3.1834640578185365,2.8304379227663157,3.9633250820884536,3.4536023794418824,0.7198580620606708,0.9584430862842221,0.8730800133991241,0.3959665647339819
2014-01-21 11:00:00,DEHM_noBD,0.9081878389133513,0.8011366595218329,0.8927831854133215,3.2771825711102687,2.5913432066753836,3.394238962854673,3.5673470786718102,0.7004414150857412,0.9390040411777887,0.8180991316759587,0.39865910613454875
2014-01-21 12:00:00,DEHM_noBD,0.8610085824785381,0.7862965924783051,0.8902237211654288,3.4392704956483393,2.443662945005028,2.8467257911508277,3.7749519559804563,0.692134153173929,0.8995715679981023,0.7943643794591724,0.4117797417468576
2014-01-21 13:00:00,DEHM_noBD,0.8271749026814103,0.7888921927097439,0.8974806154935713,3.6756630665493244,2.330871661269623,2.5206521634868775,3.9816382357211566,0.7089188767693004,0.8858861020147076,0.7906581249064207,0.4291280918812751
2014-01-21 14:00:00,DEHM_noBD,0.8107580038661509,0.7632184102697297,0.8920409287227458,3.772399075527753,2.28732825833266,2.2935185734616175,3.963846874402649,0.68864501774149,0.8864915395469998,0.8128935288612171,0.45149872931655477
2014-01-21 15:00:00,DEHM_noBD,0.8098035283358395,0.7298221969741769,0.8841708535667137,3.749620796419433,2.2610926278226477,2.232562043560421,4.007602029265744,0.660183070547115,0.8866792851474234,0.82851655881878,0.47147466639099644
2014-01-21 16:00:00,DEHM_noBD,0.8141989102812857,0.6891358168261126,0.8557355039614847,3.7266587712585224,2.293622160805855,2.3549555245362592,4.200422713693041,0.6458295672389469,0.8982628520596798,0.8787217817456089,0.48895753062011665
2014-01-21 17:00:00,DEHM_noBD,0.8289047993116825,0.6520020939439349,0.8338823317383834,3.391379102187683,2.231793539801119,2.2446662779612736,4.159037062750213,0.6389727124264987,0.968183604019963,0.9527446762491389,0.5011950496291928
2014-01-21 18:00:00,DEHM_noBD,0.868497175260186,0.6502940046444162,0.8208860154817812,2.6474673132087996,1.9613596850440884,2.048996626123664,3.778891876655904,0.644603895342612,1.0786580067312619,1.0142609383601322,0.5023723199022374
2014-01-21 19:00:00,DEHM_noBD,0.8854918742403386,0.6774692041673697,0.8080669862931221,2.169181077137429,1.7386299479292473,1.9162231500425935,3.037220045652756,0.6560312032082536,1.1298788731175322,1.0608175889087095,0.4931318243274092
2014-01-21 20:00:00,DEHM_noBD,0.9160276813986896,0.7088038658306468,0.7987435590694472,2.1087426575633925,1.7401963721494422,1.9236582683187033,2.3638129413751265,0.6695213436460796,1.1094447457208698,1.135092149274163,0.48254268766924724
2014-01-21 21:00:00,DEHM_noBD,0.9841317968076466,0.7328043028879723,0.8067848328871652,2.1172525423938406,1.8770269323871471,2.0174551283992948,2.187025879562807,0.6778653281480724,1.0559639531036407,1.1462691958837956,0.484229376691617
2014-01-21 22:00:00,DEHM_noBD,1.0079208169470726,0.7961006245653983,0.8207154540840536,2.336896858698812,2.08943817105589,2.308664100073079,2.243299112503159,0.6881912412039934,0.9766950190899417,1.140630113566406,0.5019868654068186
2014-01-21 23:00:00,DEHM_noBD,1.0369754902495443,0.8424682098988908,0.8435497215708532,2.805112502320886,2.46014502217412,2.6323871253879645,2.3312089220093775,0.6957681592328286,0.9024663000558573,1.167036699091047,0.5239829483529924
2014-01-22 00:00:00,DEHM_noBD,1.0647833997841178,0.8821835593234375,0.8738270817242748,3.0831224569866538,2.8313856490841323,2.694861273087014,2.5364364418555994,0.6826760824075341,0.8809040231665294,1.2026964681673609,0.5404911241063847
2014-01-22 01:00:00,DEHM_noBD,1.0880694231766461,0.8970392326199077,0.8882656696434504,2.881120789023253,2.904218885311978,2.7057362388460144,2.9956634617597127,0.6598763157514482,0.8861906024990464,1.2352037053865568,0.5496754544303565
2014-01-22 02:00:00,DEHM_noBD,1.1070980867251752,0.8870585661245136,0.8963492111729086,2.67655109336393,2.778994938577088,2.7938705941426076,3.377926684869651,0.6474545464412123,0.8859258721607206,1.2772876133692637,0.5575774628933519
2014-01-22 03:00:00,DEHM_noBD,1.1110628915651142,0.8965978275847435,0.8997132355455681,2.66070197934637,2.6187731830585657,2.7426031040627277,3.3857840656023277,0.6197855253087357,0.8698190043798274,1.317570677128639,0.5627315096351131
2014-01-22 04:00:00,DEHM_noBD,1.161605013346821,0.916459113896694,0.8944093473734892,2.642423520306488,2.4555135931847802,2.5963698582341594,3.1137035434562335,0.5802151266648619,0.835125564673537,1.3570426584127173,0.5750367967177927
2014-01-22 05:00:00,DEHM_noBD,1.2074725271134077,0.9445962448795885,0.8935379782986268,2.553894515704238,2.448716964450635,2.5268224561111046,2.7858388521433306,0.539709416044168,0.790228080850588,1.3940878815863003,0.5971462971147893
2014-01-22 06:00:00,DEHM_noBD,1.2847240190619975,0.9554327357796393,0.9064557907534763,2.3532427694954747,2.5827664782976987,2.6828453272930872,2.6533859961979287,0.5194014462556689,0.7467424898036685,1.4063265822486557,0.6301940722485444
2014-01-22 07:00:00,DEHM_noBD,1.3144281135282665,0.9735115724660084,0.9189770955782197,2.283159798027122,2.2881743324278836,2.736282010375513,2.5160326385533716,0.5103176523727921,0.7047199466534704,1.4113023954676116,0.6687981213543936
2014-01-22 08:00:00,DEHM_noBD,1.3289240246194414,0.9945383233918436,0.9110752286450565,2.3350523324411343,1.8611160850676127,2.523422377024521,2.4501277359312192,0.5120315463285148,0.6695902108369067,1.3965431183813766,0.6976507472209631
2014-01-22 09:00:00,DEHM_noBD,1.3181083519982546,1.0401089560361578,0.8627964466902985,2.47833024703048,1.543872957952365,2.176078305580388,2.584349479746928,0.5137409251374006,0.6331961161946877,1.3134424727492267,0.698750009909654
2014-01-22 10:00:00,DEHM_noBD,1.2387923396738247,1.073422076822128,0.7875415949247032,2.4944978628758605,1.3683056832561689,1.7632325688990491,2.7172747658503624,0.5034329048351571,0.5902352995904534,1.2250691187782028,0.6429498376022837
2014-01-22 11:00:00,DEHM_noBD,1.1710178908072506,1.0866043638993752,0.7334939733409881,2.6705526814888807,1.2032890979316133,1.4298050542746896,2.6920923994906056,0.4790498197844623,0.5545638279991597,1.1495938193868007,0.6086269551770388
2014-01-22 12:00:00,DEHM_noBD,1.0984917828067111,1.0946856482006098,0.7062404553513228,2.6456611386721054,1.0831112751331238,1.2371270445942808,2.5824465271677215,0.4493928330740331,0.5226240302707628,1.062596459693592,0.6039285985251424
2014-01-22 13:00:00,DEHM_noBD,1.0594422844334879,1.0642355378474586,0.6916874240626394,2.538848613254365,1.0199959852562892,1.1743573223673072,2.5198260195443933,0.4285916421767323,0.4998998781021683,1.0133244941446558,0.6100043338582477
2014-01-22 14:00:00,DEHM_noBD,1.0232940605588814,1.0181888994077122,0.686668775666356,2.4672742676399975,1.02105609810092,1.1731348387583738,2.4486095217517887,0.41551479023326177,0.4862279223494231,1.0210524916101247,0.5880771705552377
2014-01-22 15:00:00,DEHM_noBD,1.036767116913423,0.9782908236476213,0.6766849777026102,2.380476916700476,1.038122852714639,1.1848962901934907,2.4465123117484495,0.414349628009945,0.4712338820890435,1.0141659438346005,0.5502023546683787
2014-01-22 16:00:00,DEHM_noBD,1.0537188488173483,0.9461203456822468,0.657663637528941,2.284559549397366,1.094321263320325,1.2440453935998774,2.4515689041098563,0.42066950043926005,0.4685018964073512,0.9799176558248976,0.5059647444274461
2014-01-22 17:00:00,DEHM_noBD,1.0283914422078428,0.9168896310807141,0.6633245314574986,2.2422410480245336,1.2180255456777394,1.3031257766823028,2.430147372780964,0.4328708191550149,0.4787309958684013,0.9320797288634197,0.4615051723295822
2014-01-22 18:00:00,DEHM_noBD,0.9954946483373455,0.9444640107959602,0.6948204021581634,2.2584769041186434,1.3444403865457932,1.4687066258292802,2.392009637376584,0.4398044655948131,0.49137994488125764,0.8694188887702738,0.41945300579461714
2014-01-22 19:00:00,DEHM_noBD,0.9598032533499599,1.0042368410280451,0.8007579077411815,2.2167721397314644,1.527842130883819,1.7015724912422217,2.4070812057323776,0.43215852477863415,0.5080425757897052,0.8149885661583369,0.3842663144729424
2014-01-22 20:00:00,DEHM_noBD,0.906228963584192,1.0658102798190319,0.9308210400076209,2.394187811846088,1.6796306310699158,2.0133718526650615,2.459446335394872,0.4139115552083773,0.5220357515456233,0.7583702591987205,0.36121625075552605
2014-01-22 21:00:00,DEHM_noBD,0.8748082216130196,1.0534029595525591,1.0270653977774922,2.6609187476150926,1.811074929200532,2.388177251339357,2.6099293607641556,0.40048328924853344,0.5331502371389278,0.71670558262137,0.3494914449995895
2014-01-22 22:00:00,DEHM_noBD,0.8117536322673595,1.0287690961916407,1.0781058609756873,2.861645928036645,2.083634891169261,2.480742466069353,2.9567784936026134,0.4019082626862822,0.5399964843853934,0.6553086755130526,0.34936259277129766
2014-01-22 23:00:00,DEHM_noBD,0.7533407910236902,0.9795524112156074,1.1297849027545075,3.1184501821214523,2.228780442185237,2.6073489716412723,3.0819585693344034,0.4057965966796875,0.5464587219316488,0.597281043180339,0.3572011178253317
2014-01-23 00:00:00,DEHM_noBD,0.6909849558608605,0.928254657552847,1.1544193290632776,3.234779045431944,2.0943384251911055,2.7665910853556914,3.146567691684589,0.4148779139976203,0.5548927363386167,0.5573489332971004,0.3726282250073242
2014-01-23 01:00:00,DEHM_noBD,0.604598861510083,0.835954319556097,1.3103295714888443,3.2389655461908085,1.9826273587855696,2.7306123388811177,3.2240292702051763,0.4055656685972212,0.5583327998745626,0.5412660347863417,0.3960459845099038
2014-01-23 02:00:00,DEHM_noBD,0.5790059707562437,0.7827627774327819,1.650550526599861,3.198067267750818,1.9125887952679954,2.5357401272242095,3.249342426814505,0.38229699551939955,0.5540045719703657,0.539556635047869,0.41887760477612374
2014-01-23 03:00:00,DEHM_noBD,0.5872075289037544,0.75311920575693,2.046608111701691,3.268507485924256,1.908293086983981,2.3825338137801095,3.1865603457214826,0.3645051762235163,0.5429438522679289,0.5485239608734322,0.440934764291332
2014-01-23 04:00:00,DEHM_noBD,0.6031772000775207,0.727808247537387,2.1758398896464115,3.357121095794742,1.9140940760463105,2.322237008707898,3.0769044253252846,0.35783344502896053,0.49853765220023805,0.5584620695856545,0.4603502643913495
2014-01-23 05:00:00,DEHM_noBD,0.617253737771809,0.7039197293543396,2.1198072545100968,3.4541070804646967,1.8944174280343766,2.356501115787398,3.080352113159581,0.3662915174362062,0.4180848322999825,0.5687517481178836,0.47394503122352055
2014-01-23 06:00:00,DEHM_noBD,0.6429678585612773,0.6431160775074083,2.085173152652965,3.432571187773773,1.849113721171073,2.3703967500590086,3.1217250803175234,0.3697808560502529,0.36065301326818056,0.5746050134005598,0.48686478947192424
2014-01-23 07:00:00,DEHM_noBD,0.6439777407425455,0.6228233041221694,2.117582721731599,3.3792414075865693,1.8410280272490251,2.3423658455709266,3.1382410136230545,0.3607808820712566,0.343941953102527,0.5694317191323786,0.5058456211841851
2014-01-23 08:00:00,DEHM_noBD,0.668729542349372,0.6758845492133543,2.1407643670455982,3.3429210369988893,1.9559019176646228,2.2220499387430586,3.1433948794482673,0.35227835742205377,0.3476737997957864,0.5441321366244303,0.5342723654218017
2014-01-23 09:00:00,DEHM_noBD,0.7078390927968732,1.0595116280793166,2.1728429562885663,3.185436104415476,2.1585903847729973,1.9920998792537554,2.95612244634433,0.3389705191272495,0.33635591647921115,0.5107670732779288,0.5422013023862242
2014-01-23 10:00:00,DEHM_noBD,0.7293920370019598,1.4578192914082528,2.0790837907240727,2.9569803545880644,2.2924893725305515,1.8110559307860334,2.7412583673764623,0.3299727309211715,0.32547363536249835,0.4899862435181346,0.5165548176679015
2014-01-23 11:00:00,DEHM_noBD,0.6873234430993906,1.7315763655887964,2.0074694340566173,2.652536931966778,2.3137963871295866,1.79056454489068,2.3584735477154863,0.32806156039662643,0.3268108661036565,0.4736846902387635,0.4904232377243041
2014-01-23 12:00:00,DEHM_noBD,0.626320096284002,1.8982320068280492,1.9769958428601175,2.2366304860351525,2.304241346473864,1.866383202837886,1.7887772828937483,0.3277455086788907,0.3350722589908539,0.45100477912200143,0.4869534575664995
2014-01-23 13:00:00,DEHM_noBD,0.5551652162852883,1.9254159204031702,1.953869290035367,1.519898191830555,2.358638998568065,1.918537758983237,1.3806576798262888,0.3304668456700443,0.3512021330974996,0.4411770768608897,0.5318686978688836
2014-01-23 14:00:00,DEHM_noBD,0.5043985533517599,1.8171111408566492,1.8488595566862633,1.066410383048805,2.4578410344961377,2.048675019239202,1.3525648598144153,0.32357412026837457,0.372255087684905,0.4558577439634781,0.564471148764789
2014-01-23 15:00:00,DEHM_noBD,0.5066367870292067,1.7339135325756303,1.6638364988139285,1.1315265175672846,2.212201640715594,2.2562928041321757,1.4958143332262046,0.31651265927284955,0.39844155683258536,0.46358471885002095,0.5865835675759613
2014-01-23 16:00:00,DEHM_noBD,0.5744209306892751,1.512324466080435,1.5327193221708846,1.378202258494434,1.6984240109899176,2.140076498062385,1.6862747438547345,0.3145899136792122,0.43792182824383485,0.4925828235459298,0.6060621573601662
2014-01-23 17:00:00,DEHM_noBD,0.6420431649809236,1.2407659926246493,1.4719511713595819,1.538186599859924,1.2744636597936787,1.8256091860737231,1.789012267527561,0.30801050356775517,0.46967576040145464,0.5054993515614594,0.6173899068680405
2014-01-23 18:00:00,DEHM_noBD,0.5572558322767539,1.151578120938629,1.4762026846321092,1.6055312573359353,0.931448874937878,1.399254591571705,1.8029776505827746,0.30750654193259763,0.48229742321888674,0.5472190891160966,0.6261696300512551
2014-01-23 19:00:00,DEHM_noBD,0.5631080902791022,1.08310542672349,1.4164248493550096,1.6068081105748155,0.6812835878224717,1.0960183162529895,1.7987517901489303,0.3126066502055525,0.504337422682084,0.5494553371127404,0.6309543513134122
2014-01-23 20:00:00,DEHM_noBD,0.7157735508055239,0.8864310837761358,1.339355234060282,1.4625614661621604,0.6439761887471191,0.9543504957295743,1.6084181687960517,0.32952703456342214,0.56082328843693,0.4941229909143643,0.636795388278365
2014-01-23 21:00:00,DEHM_noBD,0.748738467609789,0.7813606509055522,1.3118020278993765,1.207365342886654,0.46291551600119096,0.9252868624237027,1.3608891951861453,0.34941612106248726,0.6457015879735629,0.46971911334496097,0.6431515794718264
2014-01-23 22:00:00,DEHM_noBD,0.8557285957264154,0.6502243958200095,1.3377988143012853,1.088933244948839,0.2401599124454939,0.9089991415495209,1.1995608422989454,0.36080018094107497,0.7206825334306759,0.6846993353596118,0.6409089516037703
2014-01-23 23:00:00,DEHM_noBD,1.1013720907308162,0.8555880468687134,1.396850855454487,1.1839725375486596,0.18411905671501047,0.7684617871506901,1.2459930562378023,0.3716385647508501,0.7689444079210236,0.8045695757149625,0.6390538873708247
2014-01-24 00:00:00,DEHM_noBD,1.5987357628727796,0.968680343810655,1.3199408715127618,1.3393607402072008,0.1814394043672084,0.5624378740680449,1.5413487163028097,0.3906465630108117,0.8024741191961242,0.9690178047503979,0.6360569256573916
2014-01-24 01:00:00,DEHM_noBD,2.199983683847714,1.1859367692555396,1.2705819328270667,1.4345220681646547,0.20477501418620803,0.467304506416273,1.8575627549007285,0.3988882872556148,0.820814479676932,1.4514014267782098,0.6276070274609327
2014-01-24 02:00:00,DEHM_noBD,2.4955309526001153,1.4168248453718553,1.2706947934097796,1.6588950983384683,0.21249343840124074,0.4797044522579026,2.001171269839709,0.41219168827950947,0.8325488840205966,1.9507156944434834,0.620678575235009
2014-01-24 03:00:00,DEHM_noBD,2.5960125258501283,1.7325470975031414,1.304643203053507,1.7507382639835738,0.19007442199607366,0.5242167685889463,1.90956365716562,0.43330244813784946,0.8320973196288943,2.1697012277972654,0.6156058433881402
2014-01-24 04:00:00,DEHM_noBD,2.5857133858285657,2.0002146785764867,1.6300181665527786,1.603835325427414,0.1764078399584535,0.5528430770438932,1.722176472437612,0.4552271252104638,0.8319050610865651,2.2518653987203012,0.6190916803470253
2014-01-24 05:00:00,DEHM_noBD,2.5153639320136323,2.153357235066391,1.9672615687431216,1.4558028735013353,0.1870142637779492,0.5626369606394518,1.5452330856486454,0.4768571120426057,0.8309097735996542,2.2897902655751006,0.6328374221599102
2014-01-24 06:00:00,DEHM_noBD,2.3881572401537774,2.185950105654786,2.037451568546678,1.3819102280306106,0.21493866535223888,0.5569807914513303,1.4059030992008457,0.509287277086079,0.8321554631216078,2.2783162458606707,0.6539721225142477
2014-01-24 07:00:00,DEHM_noBD,2.3350907653238675,2.2629210370152593,2.087213251762872,1.3673353503869112,0.2658544413897615,0.5434977117987465,1.3525305376996344,0.5566427391283213,0.8466376262120157,2.23750256209899,0.6752611431312561
2014-01-24 08:00:00,DEHM_noBD,2.2616388064431816,2.2897476968007133,2.1700312951139455,1.3012044442672748,0.3207285297587757,0.49638314342908674,1.3998891383514442,0.567882597091645,0.8610957272978872,2.191114910596873,0.6691380760109423
2014-01-24 09:00:00,DEHM_noBD,2.2557179379885737,2.1836873410495183,2.19526416704474,1.1687091418370272,0.39278152056618,0.44727452563178716,1.5075714607496584,0.5520747990408539,0.8181801911267638,2.0084283739901427,0.6554465424710509
2014-01-24 10:00:00,DEHM_noBD,2.2474186275334,2.0916099990914834,2.1235708875436705,1.1005126086775072,0.4869538172593897,0.4561345243717648,1.6750236490850905,0.5171105513298511,0.7489325831615923,1.682328970688805,0.6309238615071773
2014-01-24 11:00:00,DEHM_noBD,2.153363612064058,2.018193408947317,2.0433323702424016,1.1351258319405506,0.5596776058101234,0.5151677324803101,1.8777404785215384,0.4865538181918859,0.7097598916304111,1.4542501601734759,0.621533286179602
2014-01-24 12:00:00,DEHM_noBD,2.092960319081079,1.9616438635532607,1.9821862872084974,1.1735881790528166,0.6283537700776125,0.6039775031704822,1.977034793815929,0.47580358219921576,0.6834314855280518,1.3461562281936406,0.6266888161540032
2014-01-24 13:00:00,DEHM_noBD,2.0022166323891515,1.875704367536756,1.919865969820004,1.2375550341666104,0.6785994342909589,0.714965153416509,1.96973344311428,0.4614043343263864,0.6590170222780107,1.2511878015569597,0.6403595518505574
2014-01-24 14:00:00,DEHM_noBD,1.8024312168590326,1.8250136312934466,1.7752366622167828,1.3054157750554694,0.6808761374509473,0.857022790056831,1.8669600960371129,0.47316239306867114,0.6678756879018991,1.2568604397000187,0.6791805468580125
2014-01-24 15:00:00,DEHM_noBD,1.6078023300551765,1.8405442336990743,1.6877706316627095,1.3276870562401708,0.7108828121524094,1.0862874686757067,1.8100901968477632,0.49945323535859565,0.6743795866010057,1.2611894501600887,0.7370362465976178
2014-01-24 16:00:00,DEHM_noBD,1.502058302829042,1.8880452311264941,1.7503571917954366,1.5489385325471716,0.8393869355247554,1.367639316918675,1.85521725442811,0.5581931891870499,0.6813376711522392,1.2578575570123198,0.7864572676375507
2014-01-24 17:00:00,DEHM_noBD,1.4367794640579634,1.965922282544364,1.857649260484194,1.7098447376806143,0.9862527682814548,1.6379619338544138,1.9715330119801489,0.572648388428092,0.706472932184385,1.2479972067671363,0.8205771944886445
2014-01-24 18:00:00,DEHM_noBD,1.3723933757222255,1.9718344576757472,1.8545932261174407,1.8105349297670703,1.2206667299669283,1.8248345964464232,2.0139972539898565,0.6071929412278533,0.7323410178844572,1.2158456332855427,0.835629062513709
2014-01-24 19:00:00,DEHM_noBD,1.4709024652131646,1.9614344701214574,1.8573652959267053,1.8873260140395198,1.5800138752889832,1.9650569648773581,2.1291478830624406,0.6323625016178189,0.7799066303338296,1.2762714039161667,0.8366169744323192
2014-01-24 20:00:00,DEHM_noBD,1.5881750424362162,1.9604064020816816,1.8796140481122723,2.038530716093323,1.84276971371128,1.9880768216961024,2.265498574299083,0.6320822046160697,0.8746814677716046,1.3772296846523875,0.8251286944708229
2014-01-24 21:00:00,DEHM_noBD,1.7731358689186534,1.9148312550240694,1.814744925122056,2.1457101464864237,2.0441787720223354,2.003306208201173,2.3388349100965438,0.6151110849201677,0.9920776861808307,1.5341759326541227,0.8065833598552643
2014-01-24 22:00:00,DEHM_noBD,1.8371928070197394,1.873999431673996,1.6938971458283811,2.053912790262133,2.260518336449816,2.251234034627179,2.4534723945865653,0.6799002618160843,1.0797939212840517,1.7064551208209038,0.7901060707439482
2014-01-24 23:00:00,DEHM_noBD,1.8630321096080134,1.7917692730449752,1.6604631420655458,2.11469204194154,2.4386515327356406,2.443866684000736,2.7201791824525654,0.8106745622956751,1.1346394070781023,1.728571781832105,0.7779956891566515
2014-01-25 00:00:00,DEHM_noBD,1.8525286441933828,1.5006251578471357,1.7899491261708642,2.198243330698957,2.6478380896237637,2.5902530846952097,2.9122488352997875,0.8679429394671321,1.1809287393938004,1.6761217724393507,0.7690642835506796
2014-01-25 01:00:00,DEHM_noBD,1.7079874210985564,1.3960981741856457,1.946029835108762,2.2148439203151566,2.890529203560491,2.702010140366387,2.9411459609901693,0.8889292116183043,1.1995541622893606,1.6054757822023928,0.7628234326806664
2014-01-25 02:00:00,DEHM_noBD,1.5242992050452155,1.3720074384698444,2.4110548363783053,2.197464831225906,3.0185393917628827,2.7546184117965904,2.9343832105097354,1.0315196519216896,1.162055347464569,1.6126956434807256,0.7707519451936706
2014-01-25 03:00:00,DEHM_noBD,1.4139745765073597,1.4996603631998582,2.9371776226740502,2.07124064752573,2.991431305185748,2.845819136225012,3.0435939144162982,1.1441332110893725,1.0846053854709583,1.6528892869415717,0.7750110849996843
2014-01-25 04:00:00,DEHM_noBD,1.3738942802600562,1.7039949037941093,3.1558748139132637,1.95512157849577,2.9127066623024165,2.774478299955611,3.126186158103589,1.100081739640832,0.987825849072514,1.6352552649209326,0.7721094123534857
2014-01-25 05:00:00,DEHM_noBD,1.4050482010787355,1.761350502806485,3.120696907350421,2.104600564750452,2.8642470297829212,2.7722704496263493,3.0322707036245085,1.0600639297118783,0.8886645076485398,1.5617173885135032,0.7680878358936589
2014-01-25 06:00:00,DEHM_noBD,1.4548133431373165,1.806233535544707,3.0167503871356667,2.32843437382829,2.8262775512105227,2.870469705447999,2.808658345985755,1.1346059033077953,0.7988535671701747,1.4919432352254893,0.7581579900339104
2014-01-25 07:00:00,DEHM_noBD,1.4569184633821248,1.7829355269054696,2.912866310222608,2.466751511235805,2.876354954800678,2.681691643628894,2.5262851514854714,1.2952190401768684,0.7235552741171163,1.4261218256126795,0.750259659793172
2014-01-25 08:00:00,DEHM_noBD,1.4143676473789104,1.685072669531498,2.808400619467993,2.5561492645279893,2.7133780575540554,2.626366641868728,2.4319925983901847,1.396657892050445,0.6884686005642218,1.3902005732731801,0.7227463023952966
2014-01-25 09:00:00,DEHM_noBD,1.2717717522396428,1.7131113121825643,2.5515901585967176,2.6637831814065285,2.4250327418358317,2.5481588236672112,2.5064576328139014,1.3817292668223382,0.6435347201270889,1.302093420731976,0.6671257158074586
2014-01-25 10:00:00,DEHM_noBD,1.1488565465829614,1.7170996021376363,2.2513715051193417,2.5797500854681954,2.0741407576782676,2.363616538843631,2.6745690569431266,1.31435864764899,0.5987509717397019,1.1783518643703474,0.6312954565039369
2014-01-25 11:00:00,DEHM_noBD,1.0515649547689407,1.716460447409777,2.0334373756722988,2.3595634096971603,1.7109790853676363,2.1052058886392513,2.554457051348167,1.3278773584896326,0.583401180294191,1.105678693463509,0.5923554374794406
2014-01-25 12:00:00,DEHM_noBD,1.006077935325913,1.5870910340054194,1.90909799881901,2.1949526343734624,1.4036003694771195,1.8872657923300877,2.1914202399994314,1.2987694710749387,0.5754954192626278,1.0509775603830325,0.5570298287247937
2014-01-25 13:00:00,DEHM_noBD,0.9810388158711232,1.4642923099722036,1.756355636435937,2.088498442882297,1.278213256166037,1.7615099345355427,1.9950670560517922,1.2835313238322734,0.5620276520116725,1.0345664253184035,0.5432231288568488
2014-01-25 14:00:00,DEHM_noBD,0.9604607007740904,1.3621285412158937,1.6977518386704566,2.000863430818195,1.2711495282682064,1.5886922216103474,1.9828353902602653,1.324799279884994,0.522354428044125,1.0598213226696562,0.5355394328522867
2014-01-25 15:00:00,DEHM_noBD,0.9730016228762548,1.3660049294377627,1.6500451956441613,2.0066274631086336,1.21908239377434,1.3754097527126858,1.9378345771530945,1.2860445423790814,0.4978501073785917,1.0585300405043132,0.5295632290466898
2014-01-25 16:00:00,DEHM_noBD,0.9793567813852149,1.4298072248104976,1.5791678243207274,1.9192095604718848,1.188900361289552,1.2899585994280889,1.8935031697937335,1.2546832070371134,0.5211434857830753,1.0413782193354277,0.5360503302949411
2014-01-25 17:00:00,DEHM_noBD,0.9890766422982886,1.4296699967798643,1.5371416083861678,1.963295865285835,1.1495693794113142,1.2534271469469223,1.8505765148771953,1.1871862699342333,0.5824414689281523,1.0548911092245183,0.550046665777713
2014-01-25 18:00:00,DEHM_noBD,1.032544714247547,1.3888875951110078,1.4969060984842308,1.7999599688328922,1.0552430007001945,1.286893163014531,1.6214302465526034,1.1488888180771841,0.6433110473039361,1.141576790911385,0.563965696578864
2014-01-25 19:00:00,DEHM_noBD,1.1170466568781436,1.3740012653892872,1.5070436623689316,1.3703790085351102,0.7638995250718015,1.230114440171417,1.383038312454073,1.1099344616492093,0.677522153456996,1.2011315985186077,0.5707500037776119
2014-01-25 20:00:00,DEHM_noBD,1.2003630434579775,1.468253261511443,1.5149698246604142,1.2025812825860722,0.35394699082788067,0.9708250184332066,1.412654338006118,0.9949430924979598,0.6714015112777567,1.2112746459442885,0.5690876777868275
2014-01-25 21:00:00,DEHM_noBD,1.285040234125871,1.5427721987712424,1.5778521463810016,1.2024799887359992,0.17575612180000166,0.6281430416505667,1.167654453187933,0.8911289420013874,0.6735136914318761,1.1643592395899578,0.5619270708980666
2014-01-25 22:00:00,DEHM_noBD,1.2804834640560205,1.6273783663433634,1.6256299974060782,0.8487822167623951,0.13782545465139656,0.3983752678320253,0.7362195606887444,0.789434622843638,0.7297162398833418,1.154340279036739,0.5569070466246991
2014-01-25 23:00:00,DEHM_noBD,1.3007048889045416,1.788133572797396,1.7302831502847908,0.544024701580277,0.07669396859013464,0.25075039651943587,0.5407005008631256,0.7632071964123843,0.8298048884701035,1.2178299471894087,0.5514440130410015
2014-01-26 00:00:00,DEHM_noBD,1.3457910360755212,1.865698621958901,1.8582262958666969,0.44893690771671235,0.06777091138020136,0.171422390646364,0.321229270640969,0.7599077590750157,0.942242216736215,1.3783207262701094,0.5454953410681499
2014-01-26 01:00:00,DEHM_noBD,1.3605845917215942,1.8636496101933633,2.040353051346842,0.30574465984075616,0.06992321670446532,0.1154732701388285,0.12422776092836246,0.744963843654245,1.0293449819843286,1.4907393076505466,0.5467535574818356
2014-01-26 02:00:00,DEHM_noBD,1.3486873057340831,1.845009316206579,2.09899061515429,0.1544601035705409,0.0714127316118029,0.10213019974420247,0.08790372222400104,0.767358305876255,1.0760886706093022,1.4945611171974047,0.5571951771127944
2014-01-26 03:00:00,DEHM_noBD,1.4341958217855915,1.8182192869931826,2.1319453572227833,0.1571785897431161,0.07535124704380503,0.10090005289464016,0.11388205525120877,0.8065819912272691,1.0872646713307361,1.3824577126478745,0.5785495163362473
2014-01-26 04:00:00,DEHM_noBD,1.4746731861211357,1.7647381244728506,2.3125072311554757,0.16761109118304052,0.08281183196919951,0.1255285104200657,0.12931245280978174,0.8310226185795664,1.077157144915592,1.281436720367238,0.6121077200174191
2014-01-26 05:00:00,DEHM_noBD,1.5632150509987772,1.5934981772328936,2.4358222445716726,0.18497720032328666,0.09409400245053684,0.16049805978679738,0.13546992245151251,0.8906150851526855,1.0834591491863528,1.2433957264481708,0.6546586211456498
2014-01-26 06:00:00,DEHM_noBD,1.8076047428866289,1.4807103143166787,2.5234086132613007,0.24653984524454706,0.11559912507163814,0.23605987897289993,0.16711752020213827,0.9501839823831618,1.0661460963158893,1.2531338163065244,0.7070615290042943
2014-01-26 07:00:00,DEHM_noBD,2.0184516901207066,1.3324321041478333,2.5354927351101457,0.3236422862975446,0.15377042545204514,0.3275351858178759,0.22641065255912424,0.9506936366933583,1.0307773828472535,1.3289499505448974,0.7697481448944796
2014-01-26 08:00:00,DEHM_noBD,2.0021049307631658,1.1671704897611914,2.4222742106322226,0.3621694027532165,0.2030431723319528,0.3445410379593561,0.297521842180028,0.9168147474351525,1.0501144497464667,1.3781078437493113,0.8311985578002361
2014-01-26 09:00:00,DEHM_noBD,1.8294008160640276,1.1786789501162431,2.3058728424690242,0.381236324667516,0.2462904726987971,0.3159386974444653,0.27539182191420863,0.8107626361030338,1.0292985258870666,1.2834719975643978,0.8652598415583093
2014-01-26 10:00:00,DEHM_noBD,1.7050972441611856,1.1619342399040238,2.1419274713474885,0.40392613130849775,0.2667556830023041,0.34613899294525174,0.3120962272546049,0.6486614703208207,1.0382899027917534,1.1206858561153337,0.8423749069439526
2014-01-26 11:00:00,DEHM_noBD,1.5679239843993984,1.1225522733881323,1.9492012585318272,0.48850155810919826,0.37024826952211765,0.5120981713243481,0.3455938230634928,0.5567819139039515,1.1018976681136619,0.8803844246423989,0.8325315747150219
2014-01-26 12:00:00,DEHM_noBD,1.3237416635920805,1.0899794970866292,1.8156689098795873,0.6116135333299682,0.5442797976075369,0.6539099595624385,0.5186954242398076,0.5431581556177137,1.149015034657549,0.6461886517062038,0.8289274505744688
2014-01-26 13:00:00,DEHM_noBD,1.0566357622588471,0.9980941971820592,1.5785540216083824,0.8122768250969121,0.5759321693729863,0.7079826443836379,0.7506375120481825,0.5785799978578088,1.0917604819820077,0.5513950305671989,0.828685680823596
2014-01-26 14:00:00,DEHM_noBD,0.8500134172023134,0.8837334294550492,1.4285585375184193,0.7917993046753224,0.7356161196936293,0.7578573283434642,0.9531121510018128,0.6330591730338334,1.0114408773382009,0.5362215641147084,0.8204462376254518
2014-01-26 15:00:00,DEHM_noBD,0.7537775272313318,0.8245211530889477,1.3373870596839488,0.6433274062970977,0.7206426823062985,0.6600137942014279,0.8057766897450783,0.6613624220681189,0.8663515944497355,0.5537289309548957,0.803346840260597
2014-01-26 16:00:00,DEHM_noBD,0.7414020531921414,0.7737906785050035,1.2170092310950533,0.6271834681898156,0.5998356119113414,0.6303100885107035,0.6166528559639921,0.6105818187913297,0.7548927143648207,0.5769972491682385,0.7777922861411142
2014-01-26 17:00:00,DEHM_noBD,0.7936339773418474,0.6779146640322218,1.1149987906283139,0.6472718714188621,0.49330315613069564,0.6096977732130319,0.6253490277357737,0.583706792167425,0.6942479284167196,0.5946743248874025,0.7427365490591527
2014-01-26 18:00:00,DEHM_noBD,0.8021173627737863,0.5859339710187306,1.0134431392242016,0.4895123676733205,0.3263443565759248,0.36552642599459495,0.4977780130832176,0.6316369266343116,0.6440296304807345,0.7559597944533996,0.697612047856003
2014-01-26 19:00:00,DEHM_noBD,0.7283750942080467,0.5392837719091773,0.9401407991922832,0.2974450182704999,0.16340689308738326,0.17632540692610893,0.26247096233502015,0.6314627209469675,0.5932242936576156,0.7737807111026148,0.6422422322127967
2014-01-26 20:00:00,DEHM_noBD,0.7611981841747462,0.5694910946789569,0.9703732620787247,0.1646700009964405,0.21672830225103523,0.14606672330821846,0.1319487547232116,0.5517270471261441,0.5481610328960604,0.7728326914469618,0.592760049297586
2014-01-26 21:00:00,DEHM_noBD,1.0311338026615977,0.7261523705432563,1.19148018217016,0.10127626951354537,0.327458975734664,0.2829243202874675,0.11324730441824513,0.4732292327065766,0.5112515435281768,1.0547468363404575,0.5792165269656477
2014-01-26 22:00:00,DEHM_noBD,1.1342188350961357,0.9637783630805276,1.4331760307210684,0.14250625754808305,0.31285311515682357,0.44166980334018824,0.23400054272477613,0.43013079801678644,0.4984466343221067,1.3457034659762868,0.5977376775158196
2014-01-26 23:00:00,DEHM_noBD,1.18186776925575,1.1837808437362498,1.5235263490612723,0.3248496083010022,0.19542417846785853,0.5421143652014946,0.46207970452750446,0.3830563134241104,0.5095743708336352,1.5613814176617518,0.6338566501428184
2014-01-27 00:00:00,DEHM_noBD,1.3827520210382716,1.4000699843552964,1.5568514403455076,0.7425649737900354,0.18242096684332,0.5307461598916653,0.7272727753552305,0.34909115531265733,0.5445920513722299,1.6752013627921234,0.6832234328087791
2014-01-27 01:00:00,DEHM_noBD,1.5634061880725247,1.464231972024925,1.7357547365461734,0.8610995510714943,0.23148450858866776,0.455435157865294,0.7885051253438112,0.31769774309724563,0.5821584530434012,1.770763523341493,0.7470732218067906
2014-01-27 02:00:00,DEHM_noBD,1.7525145508393272,1.5319138620728023,1.9589803669393433,0.7093956979189578,0.19310040657629243,0.4312357824286515,0.7169231853076955,0.30519648290097695,0.6192298709034919,1.6996207820026483,0.808547016821578
2014-01-27 03:00:00,DEHM_noBD,1.7604979714040456,1.275467338964045,1.927058075553663,0.5629311248290724,0.14827782454320212,0.43394706029055174,0.6521303074584504,0.32491943077504626,0.682663350521922,1.6126173194050044,0.8495582189803943
2014-01-27 04:00:00,DEHM_noBD,1.6787832349911334,1.332808573759943,2.153423945679143,0.5146412293823319,0.11764544398616983,0.4528194640524551,0.6307254401000915,0.3759851924997567,0.7437454720133542,1.4934717113927005,0.8835327741203829
2014-01-27 05:00:00,DEHM_noBD,1.8164394941112398,1.676960392613411,2.48127972694695,0.4781348250018618,0.11940042805639087,0.5347309980786844,0.6072117709090188,0.4629530291390419,0.7651000718933343,1.3785461120519042,0.911073394038719
2014-01-27 06:00:00,DEHM_noBD,2.0814499683362246,2.0104032762265205,2.63137020227015,0.6107886435494525,0.13322016629107286,0.5618331840635323,0.495032567382683,0.5275083860492704,0.7807251111602782,1.6437849008211494,0.9148790787525521
2014-01-27 07:00:00,DEHM_noBD,2.3496225189140443,2.1350261804223063,2.439307301943898,0.7629686443249835,0.15966074748848552,0.5399397014085995,0.6041450610851123,0.5577821766132116,0.8516101880764961,1.823726562219858,0.8847640548698511
2014-01-27 08:00:00,DEHM_noBD,2.5040581572559475,2.0904551782286167,2.128150767778158,0.6470647149286207,0.22951340018025587,0.48935023678050904,0.7130367945016245,0.5745005762225388,0.9624041215288637,1.941420371299088,0.874376489037252
2014-01-27 09:00:00,DEHM_noBD,2.5244159154443446,1.9862570287156103,1.8800149067491292,0.5370414364037823,0.29266867837047666,0.3921877333424827,0.6171159859491919,0.5947391135466098,1.0388090618312358,1.954834715141952,0.8916603442688472
2014-01-27 10:00:00,DEHM_noBD,2.4583443523431567,1.7341786751282213,1.3907061906315388,0.35508718686089147,0.2662500778951215,0.3783261990916903,0.5688749774306727,0.6105016916424035,1.0693369819808005,1.8869627605748174,0.9142589263032145
2014-01-27 11:00:00,DEHM_noBD,2.4667115822052947,1.6130755728417632,0.9977315162864328,0.19802438490418423,0.3224671126530412,0.350782822467799,0.39286785882945396,0.6438483978027104,1.070891738964915,1.931746166321933,0.9460394173277635
2014-01-27 12:00:00,DEHM_noBD,2.539360341200978,1.43561987672925,0.7165281490700506,0.15302862944215131,0.3475807200351192,0.2629143311656429,0.21622445021951392,0.657125971634388,1.0317547621071337,1.9981465453366936,0.9581040595800987
2014-01-27 13:00:00,DEHM_noBD,2.5370534922040258,1.3489017003706099,0.40093450778965367,0.18036704791596458,0.281478447204146,0.2264113266726181,0.19095949666021783,0.6164147345674038,0.9763563947188854,2.0814984944280983,0.9448093080655904
2014-01-27 14:00:00,DEHM_noBD,2.452051215244308,1.0266160276504979,0.32123581237418225,0.17788743616390418,0.28357903450733046,0.2147001243369583,0.1970595069312181,0.5185967377316951,0.9719612011116742,2.1641567567950486,0.9244369697500532
2014-01-27 15:00:00,DEHM_noBD,2.3673057061243616,0.7799099364707058,0.49941213556138564,0.15530752516568513,0.2673721029992959,0.1975467587367256,0.16419309728052287,0.45733691331624976,1.0621182834130525,2.2625400439392775,0.909659200496783
2014-01-27 16:00:00,DEHM_noBD,2.3005520945384443,0.6289765826491824,0.7109373756048722,0.1571048060216706,0.2882560127846826,0.21930241668117773,0.15768964519864978,0.41687073467016206,1.1287568401515484,2.2419899697681513,0.8976374143060551
2014-01-27 17:00:00,DEHM_noBD,2.229904785737917,0.5337594116715061,0.8644758392673109,0.18272749035852942,0.38438780602808553,0.2750595944995459,0.19908685802197523,0.40160968638181677,1.1606025226128103,2.166189084312022,0.9002427037215746
2014-01-27 18:00:00,DEHM_noBD,2.14305827578878,0.5315960027968673,0.9634831567157086,0.23304197196836568,0.5119450125038063,0.3534610447019552,0.23928369890803913,0.3993677610540389,1.1922058507704736,2.084867976191081,0.9268812423153407
2014-01-27 19:00:00,DEHM_noBD,2.1002337245210634,0.6011401124980625,1.1229995849820582,0.271176113415216,0.6711197274943347,0.42932451249450176,0.2878941575430286,0.4188418240928649,1.2189807874971628,2.118028932248242,0.9692563081610296
2014-01-27 20:00:00,DEHM_noBD,2.0685221943904457,0.7007023799754213,1.4053113821573024,0.29915598207542665,0.7683143049579485,0.49351022405260353,0.354890081836581,0.44348531105518324,1.2448076660013199,2.19919677391693,1.0183472053446248
2014-01-27 21:00:00,DEHM_noBD,1.9681111467933656,0.8640325744654296,1.6504727946087177,0.3406024842118197,0.8554987230422626,0.5267193396134837,0.40872589766212786,0.4690829007375239,1.2912002181637288,2.2795151590568574,1.070064718711674
2014-01-27 22:00:00,DEHM_noBD,1.8434340751956402,1.0018078982578846,1.822463524266397,0.3823541137018339,0.9212768801308655,0.5482094032792293,0.44112362773579245,0.47572968291521056,1.328138796261549,2.3083400370678304,1.141069332552496
2014-01-27 23:00:00,DEHM_noBD,1.9026501745931805,1.1036207231745938,2.2570143269504666,0.4159937018950417,0.8834185631359555,0.5879447751599627,0.478649013923562,0.4627318570876121,1.3496944110310078,2.3733978008562326,1.211881040541865
2014-01-28 00:00:00,DEHM_noBD,2.0179115456590804,1.1757146683831954,2.617316618203327,0.46040389983097774,0.7908255322945816,0.5915375584136741,0.5143032193801947,0.4381941753423213,1.3798547568047046,2.4513952091461793,1.2525436374646426
2014-01-28 01:00:00,DEHM_noBD,2.1214486909306793,1.2527122487970312,2.6775499571845636,0.5351567487731255,0.7251605646902136,0.5578873493407552,0.5757634254901431,0.4205816673016547,1.4073809830355644,2.427363224951215,1.2756238491419702
2014-01-28 02:00:00,DEHM_noBD,2.3269251248587666,1.327020794091071,2.2888408979114425,0.6037594408099329,0.6479090003542927,0.5638460377379597,0.649516580901647,0.4172329361593723,1.4343722889125345,2.367982421834059,1.286311613728702
2014-01-28 03:00:00,DEHM_noBD,2.4811441902474316,1.3480085146102168,1.8619603779840095,0.6480732015696511,0.5819982547361309,0.5645668994479678,0.7156790637550539,0.41836788776993733,1.42542267690897,2.43014478157416,1.2735821428227423
2014-01-28 04:00:00,DEHM_noBD,2.5535179389674214,1.3499977038343856,1.770804588006511,0.646988549941862,0.5037263466789526,0.612624933459677,0.7665571524565288,0.44849429952263814,1.4020066559493543,2.471351321791853,1.2472297791027276
2014-01-28 05:00:00,DEHM_noBD,2.620585150767267,1.3658228794357459,1.6743008662564773,0.5584311046577326,0.5402721529474015,0.6927009498474496,0.7438547732416099,0.486549934337139,1.3904268215131759,2.5245008821886175,1.2292680077468232
2014-01-28 06:00:00,DEHM_noBD,2.5917877276106176,1.3532156116693093,1.7086912622087451,0.5048615541197914,0.651498160787341,0.6221568506154598,0.6184783398212743,0.5311128330159186,1.3822110857355594,2.715060499913406,1.2088780163808166
2014-01-28 07:00:00,DEHM_noBD,2.588351035332531,1.29971876647532,1.8257685029953343,0.541481362110934,0.5947077294444337,0.5118779911424597,0.5194133694191091,0.5863907434666157,1.3784749146759512,2.892865504173321,1.1805916713935136
2014-01-28 08:00:00,DEHM_noBD,2.5662672309537604,1.3403995336192844,1.805126016747784,0.5689952213830867,0.4936677632991154,0.45253386695698306,0.49930374799880944,0.6606904489195347,1.369463050534129,2.917703480093193,1.1524965628960355
2014-01-28 09:00:00,DEHM_noBD,2.483120473055542,1.2659051698303967,1.6228877358522262,0.4699506952326846,0.3907631029894434,0.3849168355910607,0.47035458901346655,0.7089363818693162,1.3177845234578847,2.694235874351179,1.117893560070656
2014-01-28 10:00:00,DEHM_noBD,2.391444723462984,1.117625818490982,1.5084702495962754,0.4070070015588687,0.3108040551718998,0.29296716290061303,0.3509003896595958,0.7748094127213954,1.2583500179851055,2.3587382865261843,1.0481372287163884
2014-01-28 11:00:00,DEHM_noBD,2.3000816419895926,1.057733433496356,1.4683213548749685,0.4072134010651528,0.25122578692330966,0.2391439568253953,0.30652011821743097,0.8457790507435798,1.187710556219816,1.9939616321973503,0.9926767897957564
2014-01-28 12:00:00,DEHM_noBD,2.2460243813268095,1.046971527160853,1.488489977428559,0.4205777031567753,0.21125403813708793,0.21068343758288427,0.3429824202086272,0.900830106961727,1.0698227952110768,1.737986863194108,0.9942188309112937
2014-01-28 13:00:00,DEHM_noBD,2.2570366163952578,0.9861312871943413,1.532377996419277,0.42582715657792486,0.19268243974430005,0.20184027764916737,0.4017117336840734,0.948808093700409,0.9090309259092808,1.4130945884728432,0.966402002373822
2014-01-28 14:00:00,DEHM_noBD,2.1351624106870406,0.9933098249807952,1.5411513488269597,0.4673917877191389,0.18844871407051098,0.20650243684912667,0.44033516079023516,0.9964536154031753,0.6656960130554437,0.9959320322683454,0.9240910261378437
2014-01-28 15:00:00,DEHM_noBD,1.6273113166156412,1.2215803881210832,1.419116886905059,0.4943835454861921,0.1891334939601807,0.21711254494688903,0.5003200564122188,1.034673547435999,0.5723454378162324,1.1324183154939116,0.8815246386773139
2014-01-28 16:00:00,DEHM_noBD,1.092036862542629,1.6337819619486855,1.180782156049255,0.5218630963359276,0.19773876731709095,0.26897921899763,0.5674167422202914,0.958548023750782,0.7443105971807241,1.3547333143483846,0.8374346567543596
2014-01-28 17:00:00,DEHM_noBD,1.3843191710648686,1.8655650003095716,1.1992744371371717,0.6418098045141221,0.2458526615030422,0.40386186066142044,0.7331734765530997,0.8438927168405055,0.944333463333696,0.9240471212366224,0.8083353163607419
2014-01-28 18:00:00,DEHM_noBD,1.3705799092471227,1.8423574062602968,1.1544982318755983,0.7044058011732108,0.35213908904687724,0.6483925216869301,0.9233263211827047,0.7166236129438877,1.0572497764903308,0.7479230681294202,0.7898701011617482
2014-01-28 19:00:00,DEHM_noBD,1.0529204813821613,1.2247266332230624,1.287762895698175,0.7078944667708355,0.5590849261997546,0.8810300992094969,0.9705853820309628,0.608991260973215,1.0563255333890766,0.734024484039545,0.7625854184411465
2014-01-28 20:00:00,DEHM_noBD,1.052447696628794,1.273588680241022,1.4848807318411767,0.859359276183772,0.7779264679168676,0.9792441447702249,0.9975332032348883,0.48519532400876275,0.9345823622301219,0.6473011568234859,0.7586114479912072
2014-01-28 21:00:00,DEHM_noBD,0.9993377448398619,1.310771825150689,1.3458086938896776,1.281811749832402,0.9173348133011441,1.0241480911495076,1.2688997633247194,0.4546861228018998,0.8563074751080572,0.5346698960709572,0.7787387834621966
2014-01-28 22:00:00,DEHM_noBD,0.8142515560649335,1.032651436854042,1.2262572909906506,1.8637674676221772,1.0314009127593249,1.1793263276086832,1.8895360677876214,0.47078455491721627,0.816322630445659,0.4418408896064756,0.7913162891618907
2014-01-28 23:00:00,DEHM_noBD,0.6821076919743418,0.9958195671406948,1.6163874214478955,2.2836433831263916,1.191963381517036,1.622778467526421,2.482877014795521,0.45166452357530584,0.7842323910623787,0.40758315660774697,0.7837017168796062
2014-01-29 00:00:00,DEHM_noBD,0.5696607607796788,1.0219870976292387,1.552988824169375,2.448956673289292,1.561696550747319,2.342477780612183,2.6437000186172432,0.4240986016094683,0.7512173098721355,0.4102616157209873,0.7517789438782632
2014-01-29 01:00:00,DEHM_noBD,0.4981226108157635,0.9738341681434632,1.4768798988267036,2.384870544062191,2.1754599603526596,2.7942055858182746,2.552434181109152,0.4102571839731931,0.7445208646692707,0.4441876569199561,0.7082861079365014
2014-01-29 02:00:00,DEHM_noBD,0.4892884208777546,0.8296653567415662,1.4330140802744777,2.2209092757576094,2.8454112482415215,2.920728064632697,2.4444883417298677,0.3566023271423576,0.7664894405676796,0.5324118631294368,0.6554481242913008
2014-01-29 03:00:00,DEHM_noBD,0.49722649417966597,0.6606721767968684,1.3578578854338081,2.1645063416019887,3.099226693179973,2.894679722085533,2.3807468144439916,0.3161764363092182,0.7966559542804956,0.6654836536869406,0.5984422464345395
2014-01-29 04:00:00,DEHM_noBD,0.535390130201876,0.5189898763994871,1.3585896844160557,2.3645967236249925,3.1237425708048208,2.731966061886486,2.3758214137682563,0.2975759003645181,0.8101824427722393,0.7742604106324911,0.5531294694075732
2014-01-29 05:00:00,DEHM_noBD,0.7345729492816329,0.4609118248710036,1.3065061031028629,2.6672683250385982,2.9543165328805547,2.597516786530604,2.538826824581385,0.2856562220102547,0.8054312573144583,0.883086195168793,0.5150327674685418
2014-01-29 06:00:00,DEHM_noBD,0.9341171778358519,0.4979006699466704,0.9892064368908853,2.7701445316050854,2.773326741899054,2.622244671257066,2.791739993298333,0.2903252781897782,0.7777303067757189,0.9125480435845255,0.47476192484468216
2014-01-29 07:00:00,DEHM_noBD,1.0337861385436353,0.5431228098884224,0.595797395478487,2.6803753663383767,2.7612649533368856,2.794694819872056,2.8419252196132723,0.3130669400149583,0.7392505049834399,0.8895399814682453,0.42673358331061884
2014-01-29 08:00:00,DEHM_noBD,0.9856641106123476,0.6500220478230714,0.5040872252784668,2.550810710308536,2.8437553188295728,2.9039677487025877,2.6358214624241048,0.3254213494098186,0.7008267401676624,0.8629321007560193,0.38459257515169665
2014-01-29 09:00:00,DEHM_noBD,0.9394101124273985,0.865149341071844,0.5690527121686935,2.31473070823793,2.826414771303835,2.7561273747172796,2.408970662000911,0.34248626486062994,0.6505485046930051,0.8018122353985906,0.3496678480929135
2014-01-29 10:00:00,DEHM_noBD,0.9043901602314413,0.9197351488275824,0.6741517061045765,2.106396653604868,2.6640791710893463,2.5209984237850303,2.2584350456271443,0.4104210349237917,0.635447884956803,0.7577995561033486,0.3202686141318083
2014-01-29 11:00:00,DEHM_noBD,0.8487032133775949,0.8714607066607476,0.7598356194555758,1.9473717968470103,2.4643101068804367,2.301543970830626,2.1503056494159094,0.5045540423056482,0.6229747327232547,0.7241456410092115,0.30728760895214957
2014-01-29 12:00:00,DEHM_noBD,0.7843183671905101,0.8227874359126389,0.8258044100823998,1.7793424071688977,2.2806384064350986,2.116949830265142,2.0551072525915925,0.5574010076411067,0.6188857951743899,0.6789935651001333,0.3070582753930985
2014-01-29 13:00:00,DEHM_noBD,0.725764585431218,0.7647050973419844,0.8688566113255173,1.6417753209453263,2.1235404237823774,2.001848372641049,1.9667403022726608,0.5386806742188334,0.5955326822229847,0.6314861986058949,0.3170849876873193
2014-01-29 14:00:00,DEHM_noBD,0.6687233651590347,0.6914399039892105,0.8650829692418127,1.514539976736666,2.034654932265325,1.9087906002729607,1.8496681797215109,0.5147641728436945,0.5896725148432328,0.6069076215049622,0.32172922947591154
2014-01-29 15:00:00,DEHM_noBD,0.621644458760172,0.665995755841881,0.8475633319723048,1.470496388102796,1.9719730144277092,1.8218501856049671,1.7732841554862715,0.526688213354498,0.5816940845513529,0.5984137173342703,0.33172232021938997
2014-01-29 16:00:00,DEHM_noBD,0.6146965187738835,0.6350334175362065,0.8208204899311065,1.5072116718333044,1.915445658563992,1.7647266236055197,1.7647175396631944,0.5301129497446864,0.5646564905716291,0.5551786319325862,0.348811819332987
2014-01-29 17:00:00,DEHM_noBD,0.5939841158227621,0.5782981251112371,0.7847515784078276,1.5983747993866495,1.9349851508700575,1.8174607039583925,1.7910332576484738,0.5161068093340471,0.5420270597630459,0.5085848273867368,0.36476164940508066
2014-01-29 18:00:00,DEHM_noBD,0.6200724492204933,0.5071835511517524,0.7321802390373497,1.7252409244011573,2.0164306886321004,1.9669323659504176,1.9214987384682425,0.49034972671531135,0.5084469941758363,0.5473355551108718,0.37611941166009744
2014-01-29 19:00:00,DEHM_noBD,0.6264805516232549,0.47647848149433725,0.7059299313055538,1.791281238175511,2.160461096319796,2.1501080887108466,2.149318905778598,0.46960058400057236,0.4528813266514241,0.5882036497597395,0.37799620161976655
2014-01-29 20:00:00,DEHM_noBD,0.7590891825605928,0.5367204172823576,0.692758151644673,1.9433387643056297,2.3379177998744476,2.3094449052138017,2.4645900589798106,0.4451355892154573,0.4040897121097147,0.6720848524886369,0.37565724537223566
2014-01-29 21:00:00,DEHM_noBD,0.9973406128234416,0.585510145956315,0.6998206166044993,2.131871736254442,2.546227410980832,2.5073297296563033,2.616399092029153,0.41006160162001837,0.40495982812777154,0.8417790979018807,0.3811843804230819
2014-01-29 22:00:00,DEHM_noBD,1.174362718970999,0.6456830850537121,0.7133394101537949,2.369101128229797,2.7788778588174847,2.770875320195937,2.7048699724210503,0.36837360822290166,0.4446830383953452,0.9942062978578359,0.4015374989183898
2014-01-29 23:00:00,DEHM_noBD,1.294164214058295,0.7723014715113489,0.7326219750452041,2.6642335501462275,2.981629214611795,3.0151579335243732,2.9082747508913656,0.3390881084632872,0.46949008689701544,1.0803824619062616,0.434290300959125
2014-01-30 00:00:00,DEHM_noBD,1.3890331238209828,0.9209544345440714,0.8174359684487431,3.0352806194890354,3.159820998776746,3.187438608288364,3.1860683851850222,0.3109356205961107,0.4746406129288672,1.0972021435772628,0.47481313413505444
2014-01-30 01:00:00,DEHM_noBD,1.4066865454435722,1.0484493924370408,0.9485471574273705,3.449980018479137,3.1643984851549427,3.2519662236676106,3.5394712608595635,0.27785102492317537,0.4895828051376342,1.1143838138213753,0.5239475026898318
2014-01-30 02:00:00,DEHM_noBD,1.429031031479761,1.2222338836871087,1.0548382230332494,3.6272692903838335,3.2594972005649705,3.3803906446639105,3.8366305855699303,0.24597395901560762,0.49560885542213906,1.1429993486371635,0.5706991919789508
2014-01-30 03:00:00,DEHM_noBD,1.4688384902449698,1.3622253408508747,1.230083724115938,3.3977050256731873,3.557321882396175,3.430943238289669,3.7561662337477633,0.22265775179743758,0.4895389957863091,1.135223442840278,0.6049748478668555
2014-01-30 04:00:00,DEHM_noBD,1.5074979402025042,1.4072468265625835,1.539139649593681,3.32722667935437,3.666420345452407,3.2230431010452203,3.7362160454286704,0.20542275753110634,0.49032058731079076,1.1154840405008197,0.627653287625676
2014-01-30 05:00:00,DEHM_noBD,1.4895221045093985,1.4753413151814043,1.8226101870556177,3.290925677788704,3.5842196849499364,3.085264808483311,3.7804775664400214,0.19779563452139484,0.5035663568347691,1.156638646760881,0.6470818335658963
2014-01-30 06:00:00,DEHM_noBD,1.50292644985646,1.4816687475129962,2.0093625301860274,3.350086181940313,3.3855309324471308,2.996397780432512,3.7821380270891947,0.19961173207059485,0.5287258154466746,1.2796287015393375,0.6678841095482558
2014-01-30 07:00:00,DEHM_noBD,1.5559245607678593,1.450168613243401,2.071187333958596,3.4099173061549037,3.321470076938372,2.9909788939429607,3.7786014886839254,0.2138469920195638,0.5597745278209447,1.359755603030026,0.6921432267550193
2014-01-30 08:00:00,DEHM_noBD,1.5334886044844986,1.3760771049392222,1.9400104016804698,3.3722065157210435,3.184683758615486,3.0903423184161443,3.6958892667718737,0.24639879484266033,0.60546143350482,1.2865384613335134,0.7146743394127673
2014-01-30 09:00:00,DEHM_noBD,1.4706137769421934,1.2380893793624639,1.720576132232845,3.2955433090185373,3.0110688554693947,3.094600982358302,3.468496908158291,0.30176347730241704,0.6503413855183122,1.198171009812355,0.7060001814672163
2014-01-30 10:00:00,DEHM_noBD,1.4304027308794856,1.1066916318261621,1.4940595409828425,3.133583385843705,2.91985531910255,3.058140577483891,3.321254071215556,0.3398104602256881,0.6459049894702433,1.1247920916473866,0.7011842555696144
2014-01-30 11:00:00,DEHM_noBD,1.4039894764691592,1.0524726749181745,1.314303414285779,2.9899366357835024,2.902996064361512,2.936792378604473,3.211717737797196,0.34868245851206575,0.6094744938039778,1.0732441310191154,0.6892637868575378
2014-01-30 12:00:00,DEHM_noBD,1.424986482242793,1.0400057044315338,1.2470710386908053,2.9302186162237036,2.8829094434763243,2.866311788763819,3.1897954034963694,0.3546816651440038,0.5836396443396805,1.0457002219820022,0.6742194642365724
2014-01-30 13:00:00,DEHM_noBD,1.4560597675097733,1.047894144809246,1.256731826916039,2.9697302551224762,2.83918870631782,2.794103548647483,3.188847990047938,0.3469864095350726,0.5682000491952894,1.0572137525224685,0.6601790787154622
2014-01-30 14:00:00,DEHM_noBD,1.4617337791135534,1.1058011553955076,1.321908649189174,3.2896088533591743,2.8785176280049756,2.703753124414486,3.19589923738564,0.3307675411938874,0.5563979491308331,1.1042136518602073,0.665040625684317
2014-01-30 15:00:00,DEHM_noBD,1.4773495198014936,1.1978291378062962,1.444147586784661,3.456305217254233,3.01003937073326,2.707189326787923,3.381182505638312,0.32126313570069137,0.5548481121379136,1.1520326684253663,0.6680520020385459
2014-01-30 16:00:00,DEHM_noBD,1.5867026792185475,1.2513918779093027,1.5971046705655754,3.2151398235105426,3.0907778375923627,2.8076194418977742,3.4950066181755353,0.3286583421283587,0.553306511766985,1.1989137866768427,0.665347038461063
2014-01-30 17:00:00,DEHM_noBD,1.8040558007097942,1.331250118497759,1.778421723842807,2.940853999207537,3.28012147831787,3.1466914025585644,3.355893579716692,0.3300213166626914,0.545485723477453,1.2957377965812384,0.6562931469320599
2014-01-30 18:00:00,DEHM_noBD,2.0783682041221625,1.521848839827776,1.9877367447877674,2.9422679734192254,3.5936753407254938,3.740714605635652,3.203383322183241,0.32268777540419247,0.547625075715333,1.4576817037170915,0.6443532030937447
2014-01-30 19:00:00,DEHM_noBD,2.2656553987401167,1.7644636084393972,2.1476593623009883,3.0903200352447278,4.215705194206306,4.1001623193643715,3.3255175534000707,0.3130301341120339,0.5793320804813503,1.6805576946622354,0.6380694704796372
2014-01-30 20:00:00,DEHM_noBD,2.353703231957252,1.9023665492585347,2.266328287207,3.1595021445892657,4.7969202188692694,4.261205216376335,3.493852975415298,0.3064068675646931,0.6394956128847598,1.840709842238755,0.638495830962695
2014-01-30 21:00:00,DEHM_noBD,2.410493481451585,1.9502767678890935,2.3623695638899225,3.192887185599165,5.132827536528867,4.457237110211215,3.611965616072175,0.30271916115229947,0.7317073515540361,1.9864161365117927,0.64224046219239
2014-01-30 22:00:00,DEHM_noBD,2.5373312176087266,1.9796157614376861,2.4240602142444834,3.217804588028952,5.3253064152878995,4.719010297264413,3.706960318916872,0.30597197649182745,0.8315616768515108,2.1856999061778435,0.6482910529213026
2014-01-30 23:00:00,DEHM_noBD,2.7213233596043267,2.0494692552308926,2.4120690390060746,3.241507045736737,5.443037109487925,4.981494871365871,3.8068984865440165,0.3171261205369233,0.9187664595597982,2.366716702173179,0.6546347671209274
2014-01-31 00:00:00,DEHM_noBD,2.8668647565207745,2.1779554607970546,2.4565698600770443,3.275121599904563,5.545849726682541,5.203729930635661,3.912473184687342,0.33512151910476373,1.0097156140494346,2.4359370685884683,0.6479429362048208
2014-01-31 01:00:00,DEHM_noBD,2.880355269872448,2.339486489460832,2.622741768747149,3.3438241593411764,5.826165039794493,5.402620976936061,4.074103864656878,0.3480242893548309,1.0978750534462183,2.401595404101668,0.6053894761481879
2014-01-31 02:00:00,DEHM_noBD,2.829321010789778,2.5459371453685127,2.7971750961595356,3.509644054380366,6.121330346334599,5.541635893879382,4.204855458557847,0.34719649365618815,1.1856886000089346,2.220371025222953,0.5466112581762671
2014-01-31 03:00:00,DEHM_noBD,2.6158036731617433,2.7027233099871966,2.8683836418196744,3.686644884435112,6.194277059524837,5.673461921337759,4.280549832300416,0.34895416051067407,1.2923671127121894,2.006247925873012,0.5058927482709288
2014-01-31 04:00:00,DEHM_noBD,2.2572809986314923,2.6699792066288346,2.8194627878965437,3.8424181051410584,6.341375751413427,5.808926837982131,4.404744927949373,0.35554704011980437,1.397010314449612,1.7603184316989684,0.49819088314980253
2014-01-31 05:00:00,DEHM_noBD,1.7698620622886718,2.6082591689163914,2.7135163011755794,4.037662412220803,6.523008682982572,5.918819881115289,4.570321716549914,0.370702869884055,1.4683518529658763,1.2934600646201893,0.5135081125679611
2014-01-31 06:00:00,DEHM_noBD,1.2793657658985258,2.518862609042153,2.5720448434992136,4.216796241114137,6.631290108592265,6.013585786208929,4.733280867246304,0.3883361941324174,1.4905890820341559,0.9094125809155403,0.5462093211856484
2014-01-31 07:00:00,DEHM_noBD,1.012769257286936,2.333301639736108,2.4331979084003716,4.4691722313045394,6.604645809173394,6.158245323312446,4.987074398502747,0.4107381611636279,1.4089840959995987,0.9683191041719913,0.5820844123676419
2014-01-31 08:00:00,DEHM_noBD,1.0146837447184325,1.9608706136935203,2.2169711363019795,4.47321280258075,6.416616917447068,6.171200775845109,4.956261962262999,0.45029202719002953,1.2514978267273307,0.9270024927864967,0.6082588428497313
2014-01-31 09:00:00,DEHM_noBD,1.0344252082845569,1.4172540787120163,1.9837410232047734,4.6064809667219375,6.04294635513361,6.17138838762433,5.147009847730812,0.502687377321124,1.0097745523184538,0.8309574292485415,0.6148329452472925
2014-01-31 10:00:00,DEHM_noBD,0.9965312897365539,1.147490751048401,1.7055756954583525,5.323255284140096,5.422997132731873,5.572229463719731,5.717326324742147,0.5950115224349497,0.8572913573616743,0.7020543326497077,0.6090449589103459
2014-01-31 11:00:00,DEHM_noBD,0.9365327054506166,1.005146263358295,1.4462453389173746,5.409605997188188,4.376110500890192,4.39258510699934,5.912903374931027,0.7069593053895233,0.7313653967012465,0.609821429402232,0.5943574099369346
2014-01-31 12:00:00,DEHM_noBD,0.8077482970116286,0.9613779686638713,1.2786851722714305,5.051387128144502,3.197858071466188,3.278795677290783,5.186529504357137,0.8210971317350864,0.6363642715644836,0.5889663809497653,0.5649324824430048
2014-01-31 13:00:00,DEHM_noBD,0.7050345841775089,0.9788256481625138,1.121896955194026,4.541849349488642,2.752494472211356,2.6687668208702924,4.217096590707571,0.9368080164599418,0.5739685212609171,0.5885814452129602,0.5374691661534458
2014-01-31 14:00:00,DEHM_noBD,0.5983653989115356,0.9802628318276254,1.0504488419526814,4.3868152765207835,2.715302896822662,2.7227584609384308,3.875037035153571,1.046241776702106,0.45914370220676054,0.6062351406439952,0.5124427258385158
2014-01-31 15:00:00,DEHM_noBD,0.5788715838312729,1.0004004046001191,1.0504031575036794,4.594669468461754,2.7041057308369543,2.784043249943341,4.041163758911335,1.0913778819707036,0.3599193450565659,0.7031753836144039,0.4801811262769437
2014-01-31 16:00:00,DEHM_noBD,0.6771841612906381,0.9859311468729259,1.048573469224423,4.669489492724249,2.747581142838292,2.8419740582142334,4.282693912949663,1.0036647009086608,0.32472783431617536,0.7414784560698362,0.42360021804470555
2014-01-31 17:00:00,DEHM_noBD,0.7626947113674691,0.8787905578913306,1.0589666932471096,4.1645861890213505,2.786464734945711,3.0384101754622597,4.540196555760736,0.8352278391095995,0.31747172340743235,0.8397853829679172,0.3605500076493085
2014-01-31 18:00:00,DEHM_noBD,0.9161826869764225,0.7583367376206815,1.0504871171423793,3.770718361082605,2.606642046665082,2.9269392951686024,4.149865708032265,0.6799482090854644,0.3249568670035152,0.963633768713395,0.3065602649665599
2014-01-31 19:00:00,DEHM_noBD,1.1367639753858838,0.6821523011331854,1.0137976292706559,3.7917891277743374,2.476717289996735,2.8198884195851073,3.975368320070168,0.5694012583073973,0.3382865400375332,1.1103203412691758,0.26246670751246104
2014-01-31 20:00:00,DEHM_noBD,1.3485405736106169,0.7494207979028519,1.1917507832867367,3.9840913735641,2.261649645073875,2.9548193436322263,4.072039818009,0.4936420298445224,0.3548526585874333,1.1696981520141894,0.23361996338623198
2014-01-31 21:00:00,DEHM_noBD,1.6040197699868983,1.1075404650907674,1.7061533459425036,4.097820845693248,1.8952567723429363,2.895032572944692,4.172936221323915,0.4362571215659379,0.3826027044441271,1.1706086035856234,0.21745739389704416
2014-01-31 22:00:00,DEHM_noBD,1.8102645012575587,1.471978729873721,2.1438094535016434,4.240720968880558,1.4907593424220942,2.861540128892887,4.19899207487221,0.3785807706387339,0.43224297224650154,1.4603119838662608,0.20922844317696523
2014-01-31 23:00:00,DEHM_noBD,1.9444372999031472,1.7682091059697418,2.81564528272117,3.8946466264928965,1.3156989124445526,2.8322536879426297,4.158856489521379,0.3181658166331797,0.4923616193266678,1.6305649207768658,0.21000066855057825
2014-02-01 00:00:00,DEHM_noBD,1.8849516619803386,1.7908544344446433,3.733343174159386,3.3693795299615785,1.1993751751719788,2.576495232058094,3.7587652254784167,0.2802520927456765,0.568783454355765,1.6692904633536887,0.2293009794016135
2014-02-01 01:00:00,DEHM_noBD,1.7830855507366732,1.9122363323947484,4.75190193292808,2.935773567961972,1.081603871571296,2.2100338771190464,3.239856869185605,0.2454112949484585,0.683358636740595,1.6736010876565588,0.2609125556072125
2014-02-01 02:00:00,DEHM_noBD,1.7827932467582075,2.3423729808923373,5.579749912020872,2.5580451026058806,0.8777392015664466,1.7672331805923207,2.663036063226632,0.22693556152850375,0.8290068906133201,1.7314622403162159,0.29538085579253714
2014-02-01 03:00:00,DEHM_noBD,1.9161137111679465,3.0440287485859727,5.859663694168855,2.152534362284469,0.667580332540255,1.3415714436700026,2.1420927073142013,0.23136837749317285,0.9472615018139408,1.7981977749525568,0.32977097731500854
2014-02-01 04:00:00,DEHM_noBD,2.407249815739542,3.85394441259563,5.652545178569285,1.7480789601477817,0.45889781877050156,0.9975402666490042,1.6516175006122618,0.2580181096123158,0.9724204811057285,2.1091160930089092,0.36198529679954045
2014-02-01 05:00:00,DEHM_noBD,2.9657992453173545,4.093363580510505,5.263302526453265,1.4828439540221938,0.2833709438856783,0.6868468392972688,1.3195628668629158,0.30561375316455947,0.9365870526990014,2.388121127742715,0.40089352278694496
2014-02-01 06:00:00,DEHM_noBD,3.145636812560186,4.108659886538009,4.978435781155375,1.2719147827193908,0.1668908658222248,0.447102612015758,1.062851410316209,0.3684120562861113,0.9382947307335398,2.5524509205716104,0.4379253443281352
2014-02-01 07:00:00,DEHM_noBD,3.2784605490970793,3.8735150903011646,4.651232431032754,0.9735409418823954,0.12286724326777256,0.22975942027047158,0.7973760335527517,0.47373548201613125,0.999698902460262,2.6982470763291233,0.46729204493030896
2014-02-01 08:00:00,DEHM_noBD,3.12638530815091,3.537520345854233,4.4209074078885795,0.6981142308581455,0.14167910962457753,0.12333624557165476,0.5130443628676392,0.5832996645529567,1.1820086156022547,3.0184311802366652,0.4973809144107252
2014-02-01 09:00:00,DEHM_noBD,3.4372880053180648,3.207068521176756,4.2042315959778565,0.36266936877683903,0.17577578239935904,0.11255400285773612,0.24543852230652285,0.7485546164917946,1.5579147115664185,2.5567373137072753,0.5148604385358093
2014-02-01 10:00:00,DEHM_noBD,3.164868292638436,3.1155102271745445,3.60995617077105,0.13039108233890287,0.21995589176205435,0.1274775382372747,0.10261967442890212,0.9150852479168772,1.8042628229883313,1.9234242097818943,0.5064451205648481
2014-02-01 11:00:00,DEHM_noBD,2.8519032874656123,3.1086146994217914,2.6762361425023364,0.06631373431782525,0.28046393556481214,0.17158375816803784,0.07333709587522537,1.1461254297423362,1.8557496518423033,1.76147821109402,0.49972628934681407
2014-02-01 12:00:00,DEHM_noBD,2.793295066869148,2.8133593724091552,1.8073227335465094,0.07029870533469082,0.3267028855903702,0.24008709521422744,0.10635319268009152,1.3205243686848878,1.84863526504118,1.8015521391720113,0.4959930135042965
2014-02-01 13:00:00,DEHM_noBD,2.6972677134250884,2.3007979736684,1.1469326418858894,0.09072557845800214,0.33624790677971184,0.29345783977983486,0.16541552333578907,1.3017362412303688,1.5769861069064586,1.9194165599610984,0.5073957729946821
2014-02-01 14:00:00,DEHM_noBD,2.4487262550685855,1.7522108710554172,0.9548704565333979,0.1448859196415161,0.3065843952851298,0.31713629758469053,0.2338886663579906,1.2691725758600234,1.6043039687762595,2.0679948827062162,0.5339226804167031
2014-02-01 15:00:00,DEHM_noBD,2.117397360818231,1.274269091855575,0.7713891345726955,0.2133860591242752,0.29299589941543974,0.337491144392254,0.3049625425804126,1.4603439415267112,1.7708604831770247,2.2036769121845823,0.5759504868024587
2014-02-01 16:00:00,DEHM_noBD,1.7331485574948415,1.0862343981526186,0.6266752015839372,0.30563547553318593,0.3076178573719993,0.3874812714141046,0.4097235918282342,1.17213277825132,1.9779013196579553,2.207614310445677,0.6331382916618882
2014-02-01 17:00:00,DEHM_noBD,1.4205655911847972,1.0083171580811392,0.5906572041275677,0.4330793687518714,0.3820409928727475,0.49736536879878535,0.5286465257260969,0.778912855490148,2.159113310853336,2.03348456494587,0.7107401032215357
2014-02-01 18:00:00,DEHM_noBD,1.2652311739270972,1.0219109686290286,0.6582201054027839,0.5475312914705098,0.5031793377529469,0.6315070139441317,0.6245914306137589,0.5403837900910153,2.0618622290886197,1.708024866871659,0.7869668987506627
2014-02-01 19:00:00,DEHM_noBD,1.240286298445291,1.1136413084352692,0.8325158138148485,0.6465268382279721,0.6597139199087501,0.7162941898975398,0.6944949722012715,0.32277872592620543,1.717449314275039,1.4472575786490796,0.8494011219714581
2014-02-01 20:00:00,DEHM_noBD,1.263581912555108,1.2918774019574562,1.038324817649005,0.7349198598726877,0.7265544103328603,0.740056126271272,0.7582298042728146,0.19356276969417918,1.3767924915698357,1.2703507498700843,0.8942071868517993
2014-02-01 21:00:00,DEHM_noBD,1.3452913967269147,1.4971804573192493,1.23068989410826,0.7943823725221183,0.6767799022010794,0.737028320743639,0.8275821849776293,0.15694399654716237,1.145142076948369,1.197165125512277,0.9453823261445761
2014-02-01 22:00:00,DEHM_noBD,1.5059184663967438,1.659686598806614,1.3896719660095496,0.8542206157411971,0.6425384641273738,0.7530673849498103,0.8837127421775786,0.17692421555489285,1.0311236063001863,1.2110060045671323,1.0053567360305786
2014-02-01 23:00:00,DEHM_noBD,1.6786855366546638,1.8285821172988974,1.5882064271252228,0.9387252890086756,0.6680140982610987,0.8043144143078244,0.9298337598125938,0.1873174743732064,1.0572147619408463,1.2732806170020579,1.0500240326365828
2014-02-02 00:00:00,DEHM_noBD,1.8929637953579517,2.0372331429247885,1.7355178291907578,0.9697374736896995,0.7254075284823635,0.8180953093090197,0.9493345710403891,0.19000101640954603,1.2880184742386032,1.3903956494986311,1.0708096919810772
2014-02-02 01:00:00,DEHM_noBD,2.081972799626095,2.227413573492095,1.9006866586734263,0.9870627297628135,0.8014361314167199,0.8012426508678496,0.9135736390290967,0.27066534685313687,1.6056611351334023,1.5450319684089346,1.0915294340479373
2014-02-02 02:00:00,DEHM_noBD,2.2623846386605875,2.348269233408454,2.067176729098465,1.0223464499158132,0.8771698583095496,0.8505068367635551,0.9412794359635188,0.43291795756414525,1.8512944118565275,1.71151179497377,1.1181344709080459
2014-02-02 03:00:00,DEHM_noBD,2.404599594796468,2.4485979965277345,2.006953593960735,1.049105240919264,0.9281914791751931,0.9006442667627613,0.9928890010412083,0.7123451349158585,2.0307269401545356,1.8954119733526555,1.1205741635334492
2014-02-02 04:00:00,DEHM_noBD,2.5220716313235467,2.4996323334863315,1.8181829352154768,1.0424304684729944,0.9238109906556085,0.8935463289729505,0.9942671365273044,1.0867255022858082,2.168578631606195,2.098167535197828,1.1090450804523377
2014-02-02 05:00:00,DEHM_noBD,2.678133361413013,2.288083599568396,1.6955927751694222,1.0022257340798537,0.8724119435052294,0.8787134931890737,0.9643093541520461,1.2903132157726585,2.3101301489114014,2.339627042046636,1.1181932070310414
2014-02-02 06:00:00,DEHM_noBD,2.7541376770169848,2.07370949902032,1.6413178856545545,0.9641425011207033,0.6720952996685262,0.8944899405007576,0.9445841981191817,1.1502226203444599,2.460938876119405,2.5345588824828065,1.1189281793192403
2014-02-02 07:00:00,DEHM_noBD,2.7516223641048194,1.9510799428510386,1.5803221283591489,0.9609594047054357,0.5119572127895615,0.8290133250082377,0.9425024087392492,0.8302788244953005,2.550468268644903,2.7451876838494185,1.1008101749077253
2014-02-02 08:00:00,DEHM_noBD,2.7249096453421093,1.7525906935955466,1.4603132970387254,0.8567888696345842,0.4906974741424899,0.627716135526857,0.9271507203711253,0.5547635913506893,2.4911095950632447,2.8118310921960368,1.092531026585307
2014-02-02 09:00:00,DEHM_noBD,2.561137582919458,1.5475552885612052,1.2643727575761636,0.7526292546603781,0.4667050119805243,0.4899388972672679,0.785338171907484,0.3201221775640546,2.3596354679498917,2.8185712972838246,1.0890814958254804
2014-02-02 10:00:00,DEHM_noBD,2.2653769318226535,1.378342364014252,1.0789147263689058,0.6469688727127493,0.4317924605951131,0.4252028630886774,0.555922472635398,0.18156209871880696,2.2936658954570444,2.7093445035712516,1.0691406944638677
2014-02-02 11:00:00,DEHM_noBD,1.97579314858228,1.1927322050657985,0.8556256238675862,0.5004894486214324,0.402208469276335,0.39792103406903007,0.37249084792377196,0.10334972387373435,2.1740517588903963,2.6100809146105126,1.0611976737277815
2014-02-02 12:00:00,DEHM_noBD,1.7510453438577311,1.075199521607654,0.6660130903121504,0.3824941132878672,0.3826467224829153,0.3922498654867429,0.34781863465576013,0.07843371479921021,2.0740329798654735,2.4345914196874205,1.0356735693201677
2014-02-02 13:00:00,DEHM_noBD,1.5860119396370984,1.023694971033197,0.5348784805454243,0.30713837414760214,0.3745953046353044,0.3942546311638415,0.33534450597424403,0.068464500345513,1.9902382850425555,2.226558904661257,1.0337782881427486
2014-02-02 14:00:00,DEHM_noBD,1.490321624951019,0.9789313411696855,0.41504707511299743,0.2703191708170128,0.37647556616641564,0.38984706566163896,0.32033611130738887,0.060697198457792256,1.9342156476436936,2.163978621652736,1.092721614868501
2014-02-02 15:00:00,DEHM_noBD,1.5011682486664493,0.9849512022144001,0.37612603618826246,0.26791659849140526,0.3905057872652553,0.3896153453001353,0.30991862269509785,0.062030747214071306,1.8183134350931893,2.224600647541308,1.1520309004761278
2014-02-02 16:00:00,DEHM_noBD,1.6042434884469494,0.969190734093238,0.35885223014431294,0.28882889611906964,0.4271234266288694,0.41573944217856257,0.33151848648067817,0.06544496427867556,1.7995082474682094,2.422858674038867,1.2089643250695337
2014-02-02 17:00:00,DEHM_noBD,1.7934216424714065,0.933953259002713,0.364796082819267,0.35057882623514874,0.5294849510281684,0.4894063596543995,0.39985794431021593,0.06687759247820814,1.8845234599525296,2.596734480992435,1.2695746106788235
2014-02-02 18:00:00,DEHM_noBD,1.9806586335841916,0.9361342581714223,0.4079367651649842,0.47689077272979885,0.6773171913414936,0.5831117923804194,0.5144543629604784,0.06997958396326742,1.9463735750410773,2.778120381629057,1.3355310179286168
2014-02-02 19:00:00,DEHM_noBD,2.0990511547152373,1.0784223939811506,0.4759597067946474,0.583703286581359,0.7988730908480496,0.6948046018065496,0.6174356293359253,0.07242455944854759,1.9996787491796189,2.878722375752404,1.3961904960626923
2014-02-02 20:00:00,DEHM_noBD,2.2023791153050634,1.285385486313072,0.5589725810617859,0.6841558113274067,0.8943605113830626,0.8104164239422832,0.7411700631289303,0.07535931541789302,2.1380533179010843,2.915704724125508,1.459814500862723
2014-02-02 21:00:00,DEHM_noBD,2.292599669235633,1.4817742655021338,0.6344776441941246,0.7468745866616114,0.9791384332509081,0.9154362112017276,0.8884746465201643,0.07940770708624256,2.2704441205328334,2.9567537523066623,1.553765188203212
2014-02-02 22:00:00,DEHM_noBD,2.4154380946391303,1.6336493850608182,0.7112648394339065,0.769964723886469,1.080181857384257,0.9976712099223127,0.9753932607731641,0.08643176802970456,2.374768860420298,2.9997925073182308,1.6599494862582438
2014-02-02 23:00:00,DEHM_noBD,2.573912016802369,1.7040659878426383,0.864622826450835,0.8085592610484627,1.2226319048579501,1.0706695218106044,1.0078153131929022,0.0973400235296598,2.473576585407966,3.034209565074491,1.7579111867551689
2014-02-03 00:00:00,DEHM_noBD,2.7798879693504484,1.8412384652637597,1.0569881911131551,0.8635172656673589,1.3719457262527943,1.1377760773568515,1.0377069958982703,0.11684575984027226,2.6196529667032924,3.2142241827888087,1.8654920871087814
2014-02-03 01:00:00,DEHM_noBD,3.0165082963159557,2.130317902995196,1.2715446391800975,0.9758896254493924,1.5218499797642746,1.2078309679467851,1.0856332146597256,0.14588843555532383,2.7750125879386767,3.5664829410389043,1.9707022413363027
2014-02-03 02:00:00,DEHM_noBD,3.209876138813871,2.4642885932240843,1.5174435688822903,1.1279853447730595,1.615013605072559,1.246058301404072,1.1222006980967894,0.18062204818513222,2.8652245340895863,3.8651394903647596,2.0622567721465788
2014-02-03 03:00:00,DEHM_noBD,3.43701251081186,2.684447006374381,1.675943382092295,1.4743894814380918,1.5580124507912019,1.332554275666442,1.2337017483705446,0.1870379558545722,2.9974309012059517,4.131693404511926,2.140857402535044
2014-02-03 04:00:00,DEHM_noBD,3.5643352726289113,2.85133463260464,1.7431632474166618,2.173191345785461,1.5077836061556917,1.4078790855514223,1.4939299338460768,0.18999055618129657,3.165400779835617,4.3827900310688825,2.163634352787193
2014-02-03 05:00:00,DEHM_noBD,3.6260665919776818,2.915816765518019,2.0023524363729357,2.61898334974702,1.5372238752590373,1.4473454471615919,2.2720307284507437,0.19595595050789394,3.2793792592621474,4.550867652381307,2.1228877465176765
2014-02-03 06:00:00,DEHM_noBD,3.7189538994127043,2.8885716186813544,2.207223260041927,2.568355493777144,1.5912857292552596,1.6811875344440077,3.3167695924021703,0.1955987234125658,3.472758099116678,4.63229061907361,2.0224620938703977
2014-02-03 07:00:00,DEHM_noBD,3.780915681970222,2.882369159344602,2.533969841121147,2.2408321091152548,1.7109308404627455,2.3048312937407944,3.5956155132007224,0.24128599665977052,3.5935218494910743,4.6211076391882235,1.8618143367332407
2014-02-03 08:00:00,DEHM_noBD,3.8789257616786705,2.788171675040253,2.8878518271763554,1.694709125104978,1.9478779522894927,2.4630091051069534,2.803990523233324,0.31558983174607147,3.5457087639233844,4.514181896470028,1.6015203028410254
2014-02-03 09:00:00,DEHM_noBD,3.98156636218643,2.5982448723784644,3.051245117797063,1.4160217071041084,2.0433613926129697,2.0930867395593307,1.8523335229987692,0.3540064474412798,3.2904648343301286,4.484207368845984,1.3858470689316933
2014-02-03 10:00:00,DEHM_noBD,4.140138655446901,2.622649391915104,3.148426324825255,1.4978962003170175,1.9733952252592308,1.6741510588709883,1.537243032521355,0.38819563195019946,3.1318382592874507,4.399859024650025,1.2500008777066691
2014-02-03 11:00:00,DEHM_noBD,4.360183136892552,2.7706292018891965,3.1920406614094112,1.811366837165151,1.7621376273836562,1.4841212150352727,1.5297605830750731,0.4425052894592284,3.1185908069219908,4.1649193436549,1.1406786171515844
2014-02-03 12:00:00,DEHM_noBD,4.632704789980579,2.7991730838446087,3.1164541627625177,2.2093471642641207,1.4648897462189998,1.5075477090622238,1.6579736281992827,0.5327884479157625,3.0498907619807474,3.6016090358969803,1.0431261561099685
2014-02-03 13:00:00,DEHM_noBD,4.928550036599263,2.7179965632559453,3.071164316580165,2.515670485412996,1.4212442903401619,1.8044686945171458,1.8822153724260755,0.6476215124288944,3.000454233361781,3.142757119531422,0.9727892211351007
2014-02-03 14:00:00,DEHM_noBD,4.508183911490805,2.7050902256601628,2.9493624158051355,2.6439892720507063,1.6072423371133402,2.2166375683355173,2.082192755386653,0.7615140759982915,2.868182491674278,3.1307424614389054,0.9474823601092665
2014-02-03 15:00:00,DEHM_noBD,3.8667673940048486,2.604560009116042,2.6175036680767523,2.6921775172014715,1.989427435220943,2.5976493641271996,2.2204456191967537,0.9147949441346525,2.6696880620213297,3.1308004809376784,0.953740583710068
2014-02-03 16:00:00,DEHM_noBD,3.5228994116416317,2.704348983773002,2.5689640745850655,2.7921039291417853,2.4614373577194666,2.8526343148826623,2.279435607775234,1.129327321083918,2.428447449525681,2.9960010978210483,0.9594862475140393
2014-02-03 17:00:00,DEHM_noBD,2.976397949840915,4.062047334329257,3.214960305438386,2.72059045342622,2.906096709198849,3.1505196210044746,2.4332349287199126,1.405698230061382,2.1877398229472735,2.852135498067252,0.9584173819899523
2014-02-03 18:00:00,DEHM_noBD,2.7170799678054633,4.9661274269658975,3.983569789708676,2.3801634621490075,3.2679192407196807,3.11063494410551,2.8001528661515893,1.6835398502236605,2.5442956854660594,2.453844672991186,0.9684603486358729
2014-02-03 19:00:00,DEHM_noBD,2.591824650189355,4.2058761645636515,4.262723511990433,1.9695482832725173,3.365939186127526,3.052092816533939,2.7564698203808558,1.9285361062471569,3.151307732393006,2.0843635022869704,0.9945073851863073
2014-02-03 20:00:00,DEHM_noBD,2.2112301654848454,3.3193177162621357,3.1612220315458996,1.9550439104923993,3.3875045391504934,2.9714398385174805,2.494516247013132,2.411447067518681,3.3974053881366184,1.862018984037638,1.0473644975721126
2014-02-03 21:00:00,DEHM_noBD,1.9628374409280718,2.7103743438751997,2.374618604877144,2.1633787962680295,3.2978517585355833,2.9547606622700573,2.4317815313940074,3.0326431260799613,3.3446986326086146,2.055496778392196,1.1328766405024795
2014-02-03 22:00:00,DEHM_noBD,2.2008667408789693,2.3838158441025765,2.157386959372759,2.455956242599418,3.2752528333776723,3.0239718962442432,2.6190970366989057,3.524198040207401,2.680680762106776,2.54645873388838,1.2473963643902644
2014-02-03 23:00:00,DEHM_noBD,2.793136570880972,1.8701253510841727,1.9873893303354087,2.6793175936334244,3.315233545507053,3.136461037162249,2.9658993449663207,3.6085908016166837,1.9708826157221944,3.3003554274432734,1.3784295918097802
2014-02-04 00:00:00,DEHM_noBD,3.4433083671389055,1.9188773295405506,2.170497898603678,2.781731296819705,3.367783593923547,3.222462231894376,3.1842047238011775,3.383482382763549,1.5367562866698952,3.141949642200661,1.5049146692862891
2014-02-04 01:00:00,DEHM_noBD,3.1881181470122844,2.262577726498693,2.3229134817910198,2.748199908571432,3.290927395434442,3.3355214454678634,3.222108477757741,3.0441280849921704,1.3251111923038958,2.998341225279719,1.6343391120006336
2014-02-04 02:00:00,DEHM_noBD,2.9359848593454996,2.857967146012187,2.2698070946207642,2.5322864281691935,3.011395230235001,3.262471806526023,3.1024927802033444,2.6401818369095027,1.865916695176363,3.166253946465366,1.7787797723289536
2014-02-04 03:00:00,DEHM_noBD,3.044544482051209,2.9558387811353803,2.2000359439194206,2.2315287897478604,2.7952204539186134,2.8531751299918118,2.7985676758005753,2.2386026544178654,2.895201414034367,3.2450263956761556,1.9286787311058584
2014-02-04 04:00:00,DEHM_noBD,3.1100796103602644,2.491361281567812,2.1978811081798373,1.9986531434309855,2.496017708798787,2.3544396944596535,2.4130914713106795,1.4485249534323066,3.4630880087569356,3.363200973002158,2.049300882091485
2014-02-04 05:00:00,DEHM_noBD,3.113376681594998,2.281212880226076,2.219855718634129,1.8775661861083375,2.1793074469552285,1.9231969517146807,2.1281033213863054,0.7530197437861561,3.7487653550266473,3.511297610086225,1.9941670744161308
2014-02-04 06:00:00,DEHM_noBD,2.998190522657633,2.3249970947483183,2.213897324303985,1.7843793230169314,1.6983300447433396,1.5705961442441914,1.9128644545097462,0.5331001537701486,4.162035924801528,3.460000104391929,1.785005536153391
2014-02-04 07:00:00,DEHM_noBD,2.9659390469665823,2.255005293377638,2.2723321701917056,1.6150454749154741,1.2363284113764248,1.3222748582638608,1.7058569923338458,1.0221056895142793,4.315095677774549,3.372687723689246,1.576863259012252
2014-02-04 08:00:00,DEHM_noBD,3.1103646472996473,2.1899817795324323,2.47642962691091,1.367796963819552,1.0155592526433757,1.0585716684656141,1.3454544623681728,1.7932174560105802,3.9455967171156408,3.267508908688588,1.437028196040988
2014-02-04 09:00:00,DEHM_noBD,3.372277054765374,2.181150653818846,2.8249236996201237,1.0469981343291526,0.835656732700495,0.7677085025116964,0.9661639642684029,2.0620740974521636,3.5466280784726143,2.962028879424885,1.5069426207742094
2014-02-04 10:00:00,DEHM_noBD,3.4434617076699436,2.201186307231188,3.1574614248429986,0.7550664851079062,0.7920670659828745,0.6607758831113848,0.7905033791351732,2.028377508559227,3.2835575145792966,2.827592873064643,1.7891015420472622
2014-02-04 11:00:00,DEHM_noBD,3.4796002116899194,2.353406436201632,3.4045520286889563,0.5952322652486208,0.7865125058507476,0.6296089538565073,0.6005094188345598,1.9012456872189043,3.030893401465416,2.7780028320594505,2.151611629807055
2014-02-04 12:00:00,DEHM_noBD,3.5400318659394987,2.6630897958730904,3.6112324836248684,0.5206899703141822,0.7040906956309452,0.5963757992681139,0.54006337478526,1.867969164390564,2.853491509333849,2.790818929716535,2.4823571674615144
2014-02-04 13:00:00,DEHM_noBD,3.615929872894473,3.021262714771405,3.759601747054303,0.48557838869206266,0.7032119220086861,0.5489011208857539,0.5369997468295403,1.9062386277222636,2.73259410332948,2.855204790568957,2.767683466173559
2014-02-04 14:00:00,DEHM_noBD,3.6992300625241734,3.508004750242084,3.744026299868551,0.4754529776083485,0.6716951897072208,0.5312458308450054,0.47266628496920016,1.8902233339583874,2.7125429973448814,2.9233395334478005,3.004606721395254
2014-02-04 15:00:00,DEHM_noBD,3.7181578056370093,3.845819150401752,3.4427785551705403,0.4872002393612099,0.6360350918502033,0.5400162949675386,0.4800285571956785,1.841932756562233,2.7194332019966843,2.979081851086873,3.1122842933209247
2014-02-04 16:00:00,DEHM_noBD,3.7853635211194447,4.148830789329425,2.9277932698355276,0.5605890164683884,0.6553364017810347,0.5482695705935255,0.4936638559506321,1.7578400991511345,2.783156861127243,3.0846177116622195,3.150649303235113
2014-02-04 17:00:00,DEHM_noBD,3.9461936003346185,4.386310264195445,2.5879911820443744,0.7630840337243322,0.7128604583760745,0.578844454706994,0.5735714175043538,1.646838867713213,2.822537131770551,3.189072416461352,3.0918543524327875
2014-02-04 18:00:00,DEHM_noBD,4.1458836219230335,4.482691938150049,2.347256961388638,0.9717061013282646,0.7626952618149575,0.6640093366520983,0.8291747418873617,1.5937724480152131,2.8605794536677003,3.405870342414686,2.975618537565172
2014-02-04 19:00:00,DEHM_noBD,4.2796901874338635,4.49491647682717,2.1528776714547755,1.2016320790678936,0.773862184122575,0.8145228699848588,1.1845751176723902,1.6569590973973274,2.8887921479111913,3.630743518493087,2.848931574449837
2014-02-04 20:00:00,DEHM_noBD,4.3591208834264705,4.507445008238491,2.046889103484389,1.4911877439379273,0.8017165252973651,0.8943418037670623,1.56336930320631,1.7614731602740288,2.9667800175046923,3.8501226328590317,2.7279529919046164
2014-02-04 21:00:00,DEHM_noBD,4.456337585627376,4.438457724678482,2.1112199139494505,1.5798411104055337,0.7920939258250734,1.1268314255382852,1.8916423642823332,1.8141177730214595,3.0833416056016087,4.080558234334854,2.591734127984941
2014-02-04 22:00:00,DEHM_noBD,4.508864450447689,4.426120541847642,2.270610182108212,1.622616110035934,0.8260940932390513,1.4875494442522674,1.9526587509660562,1.7709021367183326,3.134731976282895,4.177762624242814,2.463781821341515
2014-02-04 23:00:00,DEHM_noBD,4.440610755309155,4.174552028793289,2.484890929466889,1.7137788878611893,0.9699626623232429,1.5308973186648562,1.9451962937390619,1.7529554603129625,3.05439436793983,4.24982028459955,2.361572302665711
2014-02-05 00:00:00,DEHM_noBD,4.397600404735101,4.148798622211835,2.720214803180146,1.7798879506721534,1.06049513845467,1.594723513349702,1.9118430611894461,1.6436210741722586,3.0061166748672727,4.477047439697419,2.3020298998197912
2014-02-05 01:00:00,DEHM_noBD,4.562255987336754,4.406982520619117,3.129913763517788,1.9646902118254266,1.1958044343287775,1.6150594292218614,1.860889382945113,1.5574720438089968,2.990360198709369,4.778435151470593,2.2500193871140484
2014-02-05 02:00:00,DEHM_noBD,4.585127478463859,4.76547472150256,3.587479655597649,2.594346413409915,1.528923946577394,1.7906433942377333,2.180750025254264,1.5061146284526588,2.9819699059742693,4.9452438483775785,2.2094949583791195
2014-02-05 03:00:00,DEHM_noBD,4.601763763038526,5.044454565089677,4.246321325356553,2.682056937163062,1.8043136817679926,1.9582101992541505,2.741136694936054,1.4963241442224382,2.895938688080907,4.931727190202773,2.182736223159134
2014-02-05 04:00:00,DEHM_noBD,4.491484463468157,5.087792327553907,4.918766149134923,2.454648176578498,1.8393670782226883,2.1086868604022873,2.6327278155854064,1.510207312192619,2.899573503345251,4.89478445181828,2.1618758415864407
2014-02-05 05:00:00,DEHM_noBD,4.321154613240436,4.9733062707674645,5.161536869830918,1.9520420931299076,1.8506638041152246,2.0396768402101433,2.226377902538781,1.5677295847696064,2.994701177415848,4.891760701269201,2.1452862534551693
2014-02-05 06:00:00,DEHM_noBD,4.393323686350063,4.59077302264072,5.307452988897543,1.6610484556393028,1.7843063605223364,1.9377411081228229,1.9027441193470722,2.0136681996157764,3.1060770881652835,4.83004331774164,2.13941987367522
2014-02-05 07:00:00,DEHM_noBD,4.392246392750367,4.085635360463486,5.267799221726396,1.5699721568175204,1.4893023945301724,1.7290477475779387,1.7949601961192847,2.5942542526352406,3.230277341478467,4.615118602424003,2.1282440568562686
2014-02-05 08:00:00,DEHM_noBD,4.356159540353269,3.4583476618608087,4.365395863628648,1.4332751372405323,1.0944713320095814,1.3589589557302946,1.601963523507605,2.356505838450193,3.267623596188426,4.270902195430621,2.0444553332406095
2014-02-05 09:00:00,DEHM_noBD,4.238020214141383,3.1800829451005157,3.5692163633832332,1.0610508097140456,0.746117126830006,0.8991774777482279,1.1786598553341687,2.355145297400504,3.1115163317406176,3.8347435587445644,1.9667693851644918
2014-02-05 10:00:00,DEHM_noBD,3.96631318010889,2.9521449215582005,3.289965728272833,0.42801209653261896,0.4445203791086724,0.541657283824838,0.5891877012364345,2.846748585181833,2.913556456888989,3.565736854533814,1.8998898943915217
2014-02-05 11:00:00,DEHM_noBD,3.7152556203076244,3.005727000849769,3.187225375381987,0.21193045326201734,0.2790899076714156,0.2853213896052705,0.2977811166220761,3.19377099631615,2.8969926992638033,3.606620808256232,1.8562106438467931
2014-02-05 12:00:00,DEHM_noBD,3.7998170134761926,3.109267043271549,3.200003220632226,0.14754408353649506,0.26786980321660625,0.20681091818576863,0.18196559712974658,3.1349660459133983,2.703629508587178,3.788310604716875,1.75764438949015
2014-02-05 13:00:00,DEHM_noBD,4.016789411123916,2.9211022848870236,3.2479947147709605,0.13102521634343503,0.287047106279244,0.20202428740570688,0.1590698764190171,2.9796220130498714,2.4777563616616467,3.8057144559475224,1.7291120037613577
2014-02-05 14:00:00,DEHM_noBD,4.043237382180691,2.4574256780610795,3.2776249304491594,0.14685835092128552,0.26639229709825696,0.21328072371293585,0.1707557162096448,2.8963574186562,2.2761396075281315,3.6892029469044503,1.7500946186349622
2014-02-05 15:00:00,DEHM_noBD,3.871224994656443,2.829778777087759,3.1687988947750743,0.1537694608582796,0.2556959112476963,0.22100162570540877,0.18044344241621532,2.670730631121397,2.144101771926507,3.5461004618865255,1.817465604905627
2014-02-05 16:00:00,DEHM_noBD,3.567543218420595,3.392375645872671,3.0691336909421634,0.17871415597692739,0.25092283026191287,0.22694221424613203,0.20107484799980047,2.0425308441375196,2.1917475325040146,3.353052906070501,1.8920580785893801
2014-02-05 17:00:00,DEHM_noBD,2.9931661788247528,3.8946135970762183,2.9112466908931594,0.2870329416802386,0.2704284368828718,0.24412624997800242,0.24583978532280418,1.666375881012082,2.3225606461247432,2.9562069293629376,1.9714679920178309
2014-02-05 18:00:00,DEHM_noBD,2.3720835645014047,3.927633403291684,2.4542344299028853,0.40387699374949815,0.31848229588319654,0.30732256462759716,0.35856173990300705,1.383309181597084,2.4155059453739227,2.390495437451899,2.0599868666557932
2014-02-05 19:00:00,DEHM_noBD,2.033390151119828,3.758863167697107,2.0775188299568605,0.3744395025509776,0.39406208491142825,0.37004012272218384,0.4360485944369424,1.21890725494802,2.36830899674356,2.0939156748579073,2.1439212691972216
2014-02-05 20:00:00,DEHM_noBD,2.1976445144855976,3.5456701670812536,2.0263333053603465,0.30914642653466595,0.38619964209678337,0.31053739195677477,0.3788006376470346,1.0763295984475314,2.3217662467718125,2.386970557590276,2.2317920366852637
2014-02-05 21:00:00,DEHM_noBD,2.7473639135836065,3.590770872010757,2.6390118797762954,0.20754331897832043,0.29474467320841025,0.26422395430813134,0.2981826013202443,1.0111747250349818,2.228621247410774,2.6066397218218444,2.2923279508532213
2014-02-05 22:00:00,DEHM_noBD,3.088448085202407,3.9586140330164086,3.0698216062958132,0.1754537562435577,0.21221617219180555,0.2685057703582409,0.2461738773293589,0.9174582218606026,2.037157989513874,2.5573805711433293,2.3340238856618107
2014-02-05 23:00:00,DEHM_noBD,3.260139967168663,3.900599894271645,2.93526125044868,0.20920525799180884,0.17868248021758143,0.28383201229470245,0.26807535049324,0.918241224541068,1.8460421665048599,2.264419104451686,2.386749961599782
2014-02-06 00:00:00,DEHM_noBD,3.402998871682333,3.5409654343982355,2.6091113581359417,0.2687994291180787,0.16331168655620404,0.2710645629888289,0.34624794991082064,0.9965084952870011,1.725433515601158,2.2848836951565743,2.4372750749476255
2014-02-06 01:00:00,DEHM_noBD,3.5333849458220046,3.1131009699872094,2.4909250724724963,0.3298811739395132,0.15537127590637642,0.25178145789142714,0.38195121936761744,1.0989917240971327,1.750862477942705,2.676364804769978,2.486005834699273
2014-02-06 02:00:00,DEHM_noBD,3.506108909883751,2.6024166363608274,2.444458539870805,0.353950784528556,0.15002893542519288,0.23640563008727816,0.35386090047050434,1.066312881887555,1.8955835572171211,3.127173127402235,2.5249779333069915
2014-02-06 03:00:00,DEHM_noBD,3.1053639727777993,2.628798157124813,2.1068239601112952,0.3345552763047889,0.14548626773300102,0.233093515044765,0.3196290698322988,0.96352273355484,2.0435103940594197,3.3912247725011975,2.5475331408318134
2014-02-06 04:00:00,DEHM_noBD,2.559651704638413,2.6861042282125913,1.3619569611787752,0.3048100672691335,0.14181793130053666,0.2342999429788153,0.2943987670002053,0.8814309771341085,2.195584904987812,3.3424905324964596,2.5518262611910703
2014-02-06 05:00:00,DEHM_noBD,2.219459536729753,2.3289473507012377,1.0632670282103727,0.2802487533665494,0.14644206646368357,0.2332060076046079,0.27944492790242886,0.8843278113931416,2.402342964035869,2.9739273356052114,2.5705792196559907
2014-02-06 06:00:00,DEHM_noBD,2.179410840434879,1.6884409738353174,0.9254094350769057,0.2756754076722805,0.16936902131969098,0.24577111269126817,0.27718112028270814,1.130460964268446,2.7127506388682123,2.570588790800739,2.5976508421247453
2014-02-06 07:00:00,DEHM_noBD,2.042711353632621,1.3446520820013061,0.8157195176357869,0.27975253175842707,0.20586575488043937,0.27978276238168465,0.29313663906657417,1.559272360712886,2.792573616574108,2.3943928402627073,2.6346501200892405
2014-02-06 08:00:00,DEHM_noBD,1.5657986938234605,1.1720563649832645,0.6445042316831974,0.29913395580061175,0.21093272024963972,0.29409431491863786,0.2973600941879784,1.533223402157128,2.622378767579869,2.2120978743220956,2.6095770974048227
2014-02-06 09:00:00,DEHM_noBD,1.3523413670879743,0.9799270557185494,0.4782539890126184,0.28681064330808426,0.195080982847195,0.2872181875488382,0.2901127059159639,1.0607704212270677,2.3289281450685113,1.7359430773528945,2.63496609255027
2014-02-06 10:00:00,DEHM_noBD,1.2539142770130418,0.789790140465712,0.33038399312256594,0.29074066880342836,0.2055680340029904,0.3056247550507769,0.3163388958144513,0.662095551016554,2.0253889611740226,1.3126485485568176,2.6803953959897164
2014-02-06 11:00:00,DEHM_noBD,1.0983246205240558,0.6350115400964068,0.22577435318268121,0.3114203448319981,0.2809040428577152,0.35741242887417046,0.3508193365172241,0.3732766959234326,1.5850839777445798,1.218595581386599,2.672373525014464
2014-02-06 12:00:00,DEHM_noBD,0.908110305954467,0.5204588120752991,0.1530106875834473,0.3144292254629766,0.38711524953095927,0.413451022233029,0.36794417810665225,0.15613653972096725,1.1560487448978423,1.138535039074556,2.5809429154295733
2014-02-06 13:00:00,DEHM_noBD,0.750621649056673,0.4070920408760149,0.12026221392194963,0.2746469155219662,0.467794157737107,0.4412836301493783,0.37513023602787354,0.06622338636338704,0.9089677583836857,1.011424734100364,2.604268214023621
2014-02-06 14:00:00,DEHM_noBD,0.7029149068300471,0.337310338780498,0.12665777707500836,0.2405530153489563,0.46769415780626344,0.3907775646328138,0.33105764082364436,0.043710505095329005,0.8215288167430227,0.9031145193724845,2.668255718184571
2014-02-06 15:00:00,DEHM_noBD,0.6874321699409047,0.3094201905754627,0.12711226958085767,0.22626604110808968,0.42541794897761526,0.29395762728277564,0.2790130359211366,0.047631146138012226,0.7905807409163144,0.8482298172843921,2.8232028792710118
2014-02-06 16:00:00,DEHM_noBD,0.7079216099186496,0.31303765003650436,0.1404571866032271,0.2852156363227872,0.4173363709415704,0.30045234809050125,0.25901205079454204,0.05885360725438199,0.7293731744237383,0.8352699448559805,2.938795138475917
2014-02-06 17:00:00,DEHM_noBD,0.7956102326206791,0.35234350408701204,0.19171707176743982,0.3869935343155322,0.29927422957696237,0.32142772001314146,0.3791630396080739,0.06916149652071275,0.67723632960096,0.8972845933623331,3.0095341872922052
2014-02-06 18:00:00,DEHM_noBD,0.9755950173134822,0.4902368906414229,0.36244145616435663,0.34472984988458455,0.1923207747221924,0.24442129623288394,0.420490904582825,0.07326302304457862,0.6807909434304759,1.0293781145840208,3.0274600127934965
2014-02-06 19:00:00,DEHM_noBD,1.1920780848354218,0.7599725947885774,0.6543303168796794,0.26331304988869925,0.12027492238610041,0.19727419419361727,0.29415475972956967,0.07504590568240713,0.7658708379390415,1.2636813919064356,2.992800420352141
2014-02-06 20:00:00,DEHM_noBD,1.5858390561231714,1.2485529824079993,1.2821320135502146,0.2992439562078122,0.1582066887037082,0.24997035538522516,0.29324063066078804,0.08235246652219437,0.8914630004560946,1.6668882763408917,2.905871870223817
2014-02-06 21:00:00,DEHM_noBD,2.112761621253071,1.856297098967107,1.9267364317851465,0.300781680887849,0.27963734528610473,0.28606315321756165,0.36830453438126,0.08753588740088038,1.0460461065313966,2.0191451995876757,2.8111489074823717
2014-02-06 22:00:00,DEHM_noBD,2.5056205156002243,2.246537542539127,2.070586971220068,0.25104241369287467,0.3957002740076836,0.2988050629388227,0.3158929889397065,0.0910487152723967,1.2764605018465407,2.310801775346417,2.700134613202329
2014-02-06 23:00:00,DEHM_noBD,2.6097317948962746,2.7195639233680446,2.579485746371399,0.2793711338510316,0.3982556684444379,0.3047971519060594,0.26983229176785783,0.12027368058264246,1.5067796484822313,2.3699450005501697,2.5546204046757772
2014-02-07 00:00:00,DEHM_noBD,2.1895438707673924,2.8878010666218494,2.6466431619162765,0.3991793021216872,0.3518728429024759,0.3184826012079196,0.35205603049582446,0.1831348235019295,1.7878094085098617,1.7518420975939373,2.345031218882282
2014-02-07 01:00:00,DEHM_noBD,1.6756820407677815,2.4291989756780863,2.1563977867685398,0.4569316742620524,0.2923127879726327,0.31653900834769233,0.4308456879639879,0.4412385684661566,2.3424309559645504,1.6112603389697335,2.0684253492285976
2014-02-07 02:00:00,DEHM_noBD,1.6556238825932887,1.7659761268462053,1.5471526050179822,0.44851798718076896,0.25109898910408834,0.26388851097970256,0.40571435252925947,1.1328159218097478,2.8495442171882095,1.6118197011113817,1.7839502044799016
2014-02-07 03:00:00,DEHM_noBD,1.7731509854093384,1.3273597613871844,1.0314438646297248,0.4338415281139115,0.28276632768379506,0.251683379493422,0.36350635315743385,2.102905386060029,2.982269819977283,1.5838371564672422,1.509596655980777
2014-02-07 04:00:00,DEHM_noBD,1.7542121881262305,1.0703661133238487,0.7102281644472526,0.48603423136122637,0.38926757095855646,0.36920603664170015,0.4178026632468995,2.220943458101973,2.5232553962279853,1.7004502904884142,1.304713814599514
2014-02-07 05:00:00,DEHM_noBD,1.9346642533218952,0.9187112113532145,0.5490662459996574,0.5276562525710176,0.46712748526044645,0.45591727270746973,0.5247517175400603,2.098242271095738,1.9413491913209482,1.9498485840875657,1.1652822013311368
2014-02-07 06:00:00,DEHM_noBD,1.8948342966984306,0.7202117531884834,0.37582900549312104,0.5340161526594432,0.4327277639420656,0.43459904490911694,0.5479753345634916,1.5427694310906528,1.4631269761353358,2.2087785061324294,1.0883119402050319
2014-02-07 07:00:00,DEHM_noBD,1.3306184715477751,0.45101216300949454,0.24911810830241063,0.5000243858565192,0.34310810013419013,0.34434292064400096,0.4903056783943169,0.9363296428661048,1.097229750869572,1.9612761075014156,1.0591825691831855
2014-02-07 08:00:00,DEHM_noBD,0.8095500519966892,0.329559509860603,0.2767343109158053,0.40165822968380427,0.23785447163585088,0.23665183886308103,0.384612836359649,0.5903647431890664,1.0547514101531354,1.4183553945498169,1.0306891223499643
2014-02-07 09:00:00,DEHM_noBD,0.4654471251414901,0.3584696150307404,0.3641496187055633,0.24031820129311077,0.13594209639578111,0.14417360415000627,0.24534583835690005,0.45613440737664684,1.1619853682117163,0.9819044111501889,1.0321269794899597
2014-02-07 10:00:00,DEHM_noBD,0.44830854444868856,0.39705755307089985,0.4125894063003546,0.11600167005801859,0.1172511546463239,0.11060027052418607,0.12794410688607338,0.2933110992271452,0.9391109909914432,0.7197270602531265,1.1143743574193492
2014-02-07 11:00:00,DEHM_noBD,0.6740312426083255,0.47370006262228814,0.4161998185077867,0.10345206550086877,0.1455494917669705,0.18239350075290756,0.12355161298414044,0.1353373716646804,0.5672320580492912,0.7574661143562547,1.181975672290083
2014-02-07 12:00:00,DEHM_noBD,1.1119632218895061,0.5748205371323134,0.4505159901061885,0.21222896839690109,0.08044370297133907,0.21140744137274556,0.23269797327809374,0.04965071235878371,0.32257194007152684,1.0432958562037395,1.1214327450773118
2014-02-07 13:00:00,DEHM_noBD,1.2524288363008156,0.6332182667180243,0.430463136651028,0.263214445735415,0.04283177481226606,0.07992676871177722,0.25797113349216455,0.029921717916056335,0.21400845484410402,1.2948180181248345,0.9949438198922576
2014-02-07 14:00:00,DEHM_noBD,1.12830752706798,0.6119583049716102,0.3447609431774751,0.15093939972136683,0.06477770897526278,0.044639647286238454,0.09671061900767595,0.03164147521108372,0.26514101108977095,1.2970346825005417,0.9134345361920446
2014-02-07 15:00:00,DEHM_noBD,0.9569411588481604,0.5348475226378998,0.2612450982946785,0.12358939492727125,0.43983640473556684,0.13484280994474934,0.08350071706541048,0.034244399231616166,0.5266098231908445,1.152545134173897,0.9549547870514541
2014-02-07 16:00:00,DEHM_noBD,0.8274456959204189,0.49756777887144116,0.1608746646850299,0.45686452985389303,1.0895965925100306,0.9154856810969365,0.3294688313477083,0.03693015217104908,0.7407353284530016,0.9310214155964925,1.1895730766585468
2014-02-07 17:00:00,DEHM_noBD,0.6687212886402429,0.4350158047634827,0.07691169115395383,1.1476035865009389,0.8387873521841084,1.2557733355608847,1.084762115827016,0.04537863216955203,0.7471779789781523,0.7475384045786457,1.4295233426553011
2014-02-07 18:00:00,DEHM_noBD,0.6261747206721966,0.3217529930250998,0.03758951763507891,1.4457725687700584,0.653482244650754,1.08743347295171,1.2502097594045711,0.054573406704738585,0.6612148719022235,0.5887573745265416,1.3553942495508493
2014-02-07 19:00:00,DEHM_noBD,0.7305440600099042,0.17749664103811605,0.04865426442217877,1.3151567786430591,0.4259610123453195,0.8708524961210802,1.207087773872417,0.05340316480315276,0.6105393730971962,0.5094918827599938,1.0170106718967855
2014-02-07 20:00:00,DEHM_noBD,0.6918258300206065,0.12515696819063266,0.06990097817373675,1.0283139036568043,0.3699537204835423,0.810939104064917,1.1079012155043828,0.047215405708355696,0.5696082414753734,0.5580020293304508,0.7600597043980657
2014-02-07 21:00:00,DEHM_noBD,0.3886356046344246,0.1175202892333699,0.10093055444612505,0.9835431841130956,0.5695298565586795,0.9649940365565717,1.1715691101831929,0.039886195745989506,0.4845410083981789,0.6070261624737827,0.773294527107328
2014-02-07 22:00:00,DEHM_noBD,0.19497051190939718,0.12187054902611053,0.12979568250143014,0.8909699362253449,0.8415464096370572,0.9991583844159736,1.2037946805903523,0.02995479433530933,0.3016900832453928,0.44039527207511453,0.917688521964848
2014-02-07 23:00:00,DEHM_noBD,0.10588475798418967,0.162641216972228,0.11597256798199135,0.868286512385616,0.959720465060477,1.1250363341250693,1.1293118020552075,0.020577265952560004,0.16431313366304134,0.2421444336360877,1.0872554960207639
2014-02-08 00:00:00,DEHM_noBD,0.09677518021377254,0.14863988212936657,0.1277651302302488,0.8736301366826114,1.1644540361360738,1.21335108906502,1.1055733065059692,0.03505375211743746,0.1013089328037666,0.17563147433672083,1.1966325001768023
2014-02-08 01:00:00,DEHM_noBD,0.12156731255850971,0.1454924930952604,0.13441038813164446,1.127539448473139,1.3353267519262995,1.539798204234166,1.304147422097222,0.13908402003536163,0.10485369588081701,0.1612359129363017,1.1906171201370097
2014-02-08 02:00:00,DEHM_noBD,0.1321292148899891,0.15250822077947188,0.1815762421228572,0.803159006119887,1.7840661914220846,1.433367364900997,1.2443435664634166,0.18743462234328478,0.12119610184976357,0.17623694751899682,1.0885753774137608
2014-02-08 03:00:00,DEHM_noBD,0.18488053999163198,0.22523951075649806,0.2871837328102484,0.48935438972747874,1.2546407821582213,0.7388646243969281,0.6894405198534485,0.2043827408180012,0.12454620924884446,0.18613073775652772,0.9042573317915572
2014-02-08 04:00:00,DEHM_noBD,0.42078398785561316,0.46144619312047014,0.5813758717162313,0.35210551782552374,0.6257214604424312,0.49921922656866013,0.471736129603763,0.15131676918273781,0.1540485964340808,0.2482484219827315,0.7292852760098129
2014-02-08 05:00:00,DEHM_noBD,0.8963115625806526,0.8012549106651732,0.8430194044661207,0.2747971007187529,0.4026384989720675,0.35335491982167927,0.3557288641422602,0.10227985693115726,0.16816595340309654,0.6200921681232376,0.5752491652684751
2014-02-08 06:00:00,DEHM_noBD,1.112255519965142,0.9248495901373028,1.0715858368680509,0.2562821019223832,0.32067795230417495,0.2955779330977122,0.29221308919397115,0.0882636757728828,0.16581684656697315,1.204743553862907,0.46708923475217057
2014-02-08 07:00:00,DEHM_noBD,1.5966449518463015,1.2122082167115156,1.3689025457289443,0.30253902054952675,0.28916230205005483,0.2872736221735115,0.2977989216412812,0.08425130558699345,0.1782661555803938,1.4887734765945375,0.3451788614923507
2014-02-08 08:00:00,DEHM_noBD,2.2117838691257314,1.7270801482291147,2.3055312517621367,0.3304354314280551,0.24779100440044888,0.27315329689673956,0.3064643163142137,0.09303563642922774,0.2793355056489071,2.038248318494372,0.24631423404736896
2014-02-08 09:00:00,DEHM_noBD,2.67799707426019,2.587982380221058,2.519494839992551,0.2851984248475514,0.17280639511569845,0.20220739937983884,0.2721104538156289,0.14025950969483694,0.5441752293094619,2.3639248209230974,0.1964489827606686
2014-02-08 10:00:00,DEHM_noBD,2.4498748929288983,2.675090599403232,1.8998601552457082,0.20599530873208607,0.13665514367634884,0.10626075614877889,0.1923555940791692,0.21916498774722212,0.7608224999323858,2.3822575178051366,0.17179158603934094
2014-02-08 11:00:00,DEHM_noBD,2.0429788162949682,2.193424676961629,1.1633319545062655,0.1126402517716737,0.16990553101907468,0.07775106336719162,0.10943639796125926,0.4399300446695834,1.0820443515881895,1.985894237357676,0.15937481994674516
2014-02-08 12:00:00,DEHM_noBD,1.6550955201104656,1.472274446982164,0.6271282491694449,0.056422798219214226,0.20280490503018947,0.09859150104354236,0.055609687716352475,0.6887361550828814,1.6583765237740424,1.9170769596837927,0.1675899536012252
2014-02-08 13:00:00,DEHM_noBD,1.1144721284538248,0.8321572853527148,0.4149328924108042,0.041385323889177164,0.22012718252168956,0.1371895061287019,0.05897784379571977,1.037483458904922,2.055985232085865,1.419008246120587,0.1670822574511832
2014-02-08 14:00:00,DEHM_noBD,0.7597209464280261,0.5624903657654031,0.3832483997185929,0.04249910419779736,0.23496585969048778,0.17451364808394068,0.07710597700756842,0.9098754259942845,1.9163798529772464,1.0560392997804449,0.15548181239665007
2014-02-08 15:00:00,DEHM_noBD,0.6931628496234188,0.5030441176919079,0.4134897686329262,0.0504883232559153,0.2435553727513154,0.19700216616399702,0.09636776281050077,0.5631630902906879,1.6045973711642993,0.8371491919806506,0.13655158672974194
2014-02-08 16:00:00,DEHM_noBD,0.676409177017326,0.49554287093509447,0.4745262479336615,0.07313075606065805,0.2535424947071342,0.21177847655537427,0.123903525588969,0.2802552041927351,1.2266147854047642,0.7214442636423348,0.13342878875421813
2014-02-08 17:00:00,DEHM_noBD,0.6421324820070387,0.5204073463397751,0.5229268744418327,0.12295099049845742,0.3141442210927151,0.2633567348124328,0.18884517858687616,0.13450833685509844,0.8169376676961919,0.71102404720542,0.15517971696154093
2014-02-08 18:00:00,DEHM_noBD,0.6854923761297134,0.647355671767462,0.5812984228165744,0.17882487800720137,0.42766831173577813,0.3348875035080199,0.25481121428050413,0.09983456718061101,0.6986647648348845,0.7449806435905022,0.21483928719474105
2014-02-08 19:00:00,DEHM_noBD,0.7219627713511744,0.8053896446787239,0.755815092603421,0.20634061545142157,0.440206105079369,0.4256777143415599,0.2884805093222451,0.09343541222479179,0.6543984040167553,0.7273275851645298,0.3474445467016227
2014-02-08 20:00:00,DEHM_noBD,0.7468325077303871,0.9600729713764786,0.9338893410238135,0.21277235785602638,0.3518853566595492,0.47892224804301087,0.3161697446622564,0.11727011626090841,0.6114429387590288,0.7158407679483665,0.5405733202833775
2014-02-08 21:00:00,DEHM_noBD,0.7389118443583091,1.117815191550711,1.0642212854654376,0.21210899437488598,0.3337874167424649,0.5205237586136231,0.32911460604186604,0.22264765195246783,0.5532440982156805,0.7167134980224211,0.8137543782307812
2014-02-08 22:00:00,DEHM_noBD,0.6856314987982017,1.251798790225829,1.2090747930235546,0.25520501235541665,0.3089981808920389,0.5369287695777828,0.40883036217309765,0.45464447657871987,0.48973792680434886,0.7700976401805644,1.1056290962669624
2014-02-08 23:00:00,DEHM_noBD,0.5770803168281167,1.3976695367959142,1.375607877851825,0.3095859175741028,0.2785389867831836,0.4762798119731583,0.4818482948360644,0.7378237369474209,0.43546435705516484,0.8236645442983461,1.28339853060225
2014-02-09 00:00:00,DEHM_noBD,0.4799802650681509,1.5734597023543109,1.5072313911980162,0.3071605738374531,0.24003597320094452,0.32093280904030264,0.4711618515230857,0.9689855539290234,0.3849941288381069,0.8223823151221498,1.3867546318792552
2014-02-09 01:00:00,DEHM_noBD,0.4906105565993394,1.766909529620111,1.5525619836607076,0.27472363375660547,0.1876404984027798,0.21464101835832441,0.39969059085549247,1.1789705453409254,0.3756568852651119,0.7822754293546266,1.3276442493288965
2014-02-09 02:00:00,DEHM_noBD,0.630930329834735,1.9346934061199705,1.5591334240347692,0.23906950107780534,0.14858902882967134,0.16425894426356882,0.291639583585706,1.3699251770555603,0.39598284839702763,0.6523753984139486,1.1876360877787693
2014-02-09 03:00:00,DEHM_noBD,0.8011337089355103,2.0016945277341502,1.538824289248635,0.1978035128161721,0.11938869433580875,0.13987871321479495,0.23199571592124524,1.5538991568212306,0.4693933120426999,0.4876921101826429,1.12987789532762
2014-02-09 04:00:00,DEHM_noBD,1.0437247989848815,1.9437817626139566,1.398601740879024,0.16418833426878052,0.10731765327813081,0.11572114102932848,0.18498690363014567,1.6023425354852434,0.5928251225051097,0.4362549502911977,1.1259007808442414
2014-02-09 05:00:00,DEHM_noBD,1.2628896636356695,1.7892685711020184,1.2482693062348025,0.13821219328624734,0.10568606489160545,0.10157375661219047,0.14322888522245997,1.5721601825820932,0.7609864729438348,0.6354673214902727,1.2584456366442516
2014-02-09 06:00:00,DEHM_noBD,1.396686324358117,1.5857102648562658,1.1469307764515067,0.12488133142321506,0.10379620572205153,0.10368009736194315,0.11552345264752906,1.519042275642939,0.9758096035330742,1.0305927406033872,1.6165075696432962
2014-02-09 07:00:00,DEHM_noBD,1.4485254910385517,1.4531716330032167,0.9815230064489302,0.12222731066304618,0.10105213166996592,0.11818584616369587,0.10975334104293855,1.414966278663911,1.284962511327155,1.2846948019886668,2.016459834543541
2014-02-09 08:00:00,DEHM_noBD,1.4360253572471484,1.308354420349819,0.6788884874025365,0.1119225658077117,0.09487600425619387,0.12002060607602692,0.1037868168077491,1.14982248457985,1.5494690730727088,1.3255119978843257,2.1840677910500763
2014-02-09 09:00:00,DEHM_noBD,1.2963706296979227,0.9931617725565935,0.4597198405180102,0.09326668715290279,0.08475167062118401,0.10528680150091485,0.08601876596281907,0.7756252768338472,1.5764109016392567,1.1956707067257073,2.1566449713472275
2014-02-09 10:00:00,DEHM_noBD,1.0358440464299765,0.7146574356419406,0.31131273206326865,0.0797816260060805,0.07669832078780738,0.0871286974895538,0.08165241814182102,0.4478869157566689,1.458304308723081,1.0209010712333033,1.960801685213372
2014-02-09 11:00:00,DEHM_noBD,0.7658944331928627,0.5533900018632072,0.23244779120759412,0.07535072068767162,0.07150612490419755,0.07502872757455527,0.0839389944013175,0.28091322374258176,1.2956656492466971,0.8374385313449433,1.6503450463061036
2014-02-09 12:00:00,DEHM_noBD,0.6023076154047395,0.4253405654103727,0.18728508995284845,0.07628853846311273,0.0725222880758529,0.07309100039987826,0.08766114940351993,0.16089471191972474,1.1109762201457936,0.6793984176063708,1.2872777170738576
2014-02-09 13:00:00,DEHM_noBD,0.4758854353217036,0.3527647091388213,0.16228238145939766,0.09247977776364286,0.07639130845962537,0.07886999193456162,0.10510759999064857,0.10896321090071454,0.9269016195044013,0.522619399287368,0.964580416781008
2014-02-09 14:00:00,DEHM_noBD,0.39599803420281016,0.316367820093627,0.14126003491604572,0.10896758090288328,0.07294753986253394,0.08500479485309781,0.11599922971262996,0.08665701020294792,0.7350128904150612,0.4116391493385277,0.6445932981669902
2014-02-09 15:00:00,DEHM_noBD,0.3651913710447371,0.30071415596940076,0.11502014387481599,0.1132277557914225,0.07542551023207589,0.08396399148655023,0.11668870077254992,0.06746705111123613,0.6074340804460643,0.34134036630590087,0.39650996362231666
2014-02-09 16:00:00,DEHM_noBD,0.3658182816341681,0.29332277217619795,0.10542396913541817,0.11424175423193512,0.08146282263214684,0.09037707862393284,0.12412088182352962,0.05343229267816982,0.5191276636304519,0.32831233399494253,0.3138336210609599
2014-02-09 17:00:00,DEHM_noBD,0.43013550788796046,0.26714560704433815,0.10911931318793783,0.1343854697098142,0.09182280115921033,0.12045884121835279,0.16947470859555155,0.045715612628459745,0.4591145430571027,0.3536439957722019,0.41052889197818926
2014-02-09 18:00:00,DEHM_noBD,0.5506399910532165,0.26516102793007157,0.11880762151792634,0.18213680096180204,0.099010575113464,0.18583434664677934,0.2571885415394699,0.042683663083612815,0.49791142483312634,0.4203794383451131,0.5734326118551379
2014-02-09 19:00:00,DEHM_noBD,0.6604282326731329,0.28327133298064566,0.11229793970276593,0.26524521336279017,0.10881709018612273,0.27825150587818287,0.398786177688862,0.042622856620810834,0.5940599537202714,0.4902038930387526,0.6859285915248328
2014-02-09 20:00:00,DEHM_noBD,0.6923594974385084,0.3262779281684803,0.09859263886572313,0.34690914066524564,0.12130444704400366,0.36955946108718024,0.5547621977370695,0.052826733059137904,0.6011838435937462,0.5869861798451059,0.7670577741473027
2014-02-09 21:00:00,DEHM_noBD,0.6418861139519232,0.38855278928167647,0.09551274537399516,0.41266680662680066,0.15401806106214394,0.553123915494336,0.6854273787528381,0.074195059537813,0.47800127814274274,0.7089914553167619,0.8066177226080931
2014-02-09 22:00:00,DEHM_noBD,0.6101204505936427,0.4264341539092013,0.1179102574732718,0.512039866774569,0.21351472346847866,0.8745400345703566,0.7277399246495823,0.09202504991266852,0.3370464395631662,0.8366698687734198,0.8101187350341793
2014-02-09 23:00:00,DEHM_noBD,0.7504639128506881,0.40423199638205337,0.15324538164475654,0.659449081425236,0.4203812005468597,0.9603648979017859,0.723349155072906,0.0808481931601277,0.3156713030832074,0.9601049838020699,0.7833050737001664
2014-02-10 00:00:00,DEHM_noBD,0.9524423770973702,0.37253854463356995,0.18939130365206905,0.7514685897135993,0.7801132011494623,0.916738201293022,0.8302845332369962,0.06451182302428399,0.40952614483354616,1.006068232040629,0.749515665953356
2014-02-10 01:00:00,DEHM_noBD,1.088039943889097,0.36711477284057736,0.19877883727648055,0.678359930380918,0.9770136600528052,0.9991796637034546,1.0400815078289891,0.07173934532118946,0.5907575499176232,1.1016004012708178,0.7441256027217482
2014-02-10 02:00:00,DEHM_noBD,1.1719747416223771,0.370660645062758,0.2291996815181559,0.5544883642484904,1.0595677713757892,1.345459625289068,1.0987284355303255,0.09346301357975209,0.722821927126441,1.2771166974220471,0.7588305130345223
2014-02-10 03:00:00,DEHM_noBD,1.2475567669341434,0.3771735665648127,0.25357271675068505,0.48458467385616677,1.2728525952349279,1.4373412519734685,0.8743436178405705,0.12993061284486185,0.769527236330174,1.461438678885321,0.7697078895729839
2014-02-10 04:00:00,DEHM_noBD,1.33274585198428,0.38590375499720436,0.2332904880504363,0.48843459590775273,1.6799968258233369,1.025997670213664,0.6480941951168153,0.1795483581420778,0.8012739757691324,1.5704870628790777,0.7890695836036268
2014-02-10 05:00:00,DEHM_noBD,1.4483644208643665,0.41442940318108296,0.21042282135712342,0.658636361518821,1.610700973376138,0.7291510667910798,0.5672516077893668,0.22266055477850122,0.8600733196574448,1.6198136469908127,0.8434438450883771
2014-02-10 06:00:00,DEHM_noBD,1.5440772830261278,0.5056178880168589,0.22048183106429625,0.8697639881440904,1.1851104374586325,0.6700485986061883,0.6836239765158703,0.2438026176527793,0.8899183119732699,1.698104353575334,0.9382132887983636
2014-02-10 07:00:00,DEHM_noBD,1.597505127482086,0.6400537118553975,0.270016442178298,1.0358652977297174,0.9234977517915051,0.7126557526129531,0.9226592935114726,0.2434645414768158,0.8619534005654229,1.8510490944360383,1.025256572617893
2014-02-10 08:00:00,DEHM_noBD,1.7298855242278626,0.680012373636947,0.334875141090781,1.0839140174711657,0.8070993732043727,0.8212728439686582,1.1168449131963285,0.23973715555359604,0.808396802995205,1.816331200161155,1.0329751747462805
2014-02-10 09:00:00,DEHM_noBD,1.8083829591748828,0.6740254698481132,0.3776176435451279,1.1561974308708445,0.8698603475910891,1.020849671954234,1.1200751404437026,0.2522868933073616,0.8112199304508045,1.6901899461325067,0.9952989483072934
2014-02-10 10:00:00,DEHM_noBD,1.8866363857746917,0.6628977178028225,0.3498523282247129,1.3096794900193416,1.0567528785918303,0.792375739217572,1.1305306065648737,0.28497793469807126,0.8776899874324724,1.6470171937482012,0.9155448816146934
2014-02-10 11:00:00,DEHM_noBD,2.0360627754413665,0.7295092892208416,0.32521334405126046,1.0799391346683658,0.6985362189755295,0.7578895597228251,1.302479524197769,0.3247545875967666,0.9470953637412562,1.8033526846810988,0.839854260825261
2014-02-10 12:00:00,DEHM_noBD,1.951888903121024,0.895118592472379,0.490328591582221,0.7422727461351994,0.48743444426704885,0.9153359882481316,1.3386245534150523,0.3237173241566865,1.0835149222097173,1.9569151395356936,0.8001110769012454
2014-02-10 13:00:00,DEHM_noBD,1.4896976641884818,1.1948853305209195,0.9463369991607824,0.6772218698033025,0.538548599822279,1.0363250598394274,0.9947330131275864,0.27848305075887575,1.159205071825627,1.9875733532999607,0.8015062993961514
2014-02-10 14:00:00,DEHM_noBD,1.508430790492273,1.5831501957581984,1.5854080004742346,0.6662991919701033,0.7027938277049164,1.0577956315253418,0.8533763031530165,0.23615170872526237,1.2384842503554,1.889457760284078,0.8010531866680866
2014-02-10 15:00:00,DEHM_noBD,1.7222045245996072,1.5810740371944125,1.7130775041921575,0.726841978706965,0.8883593131416023,1.329712930837136,0.791936681204406,0.2080113398159667,1.345961940182559,1.8648308328773644,0.8264475595242878
2014-02-10 16:00:00,DEHM_noBD,1.8082108590630956,1.5696694075426343,1.2610009501630506,0.775789550673858,1.1603661998101207,1.7684218659291577,0.7628408006520824,0.17800518989676595,1.6428348096779177,1.9498547488854125,0.8440372791390492
2014-02-10 17:00:00,DEHM_noBD,1.9006772713103428,1.6135990602087045,1.1478683090939583,0.8762244682204636,1.6640440849227214,1.9775520595578824,0.8593673505432128,0.13650779147962092,1.9920689779516914,1.9133982653387915,0.8380549347164947
2014-02-10 18:00:00,DEHM_noBD,1.9384306233957131,1.931003135618514,1.4862220357720664,1.110500151463436,2.15972010091892,1.9115745702130873,1.0430449371360568,0.10539779295997673,2.1361562226391535,1.842164807286942,0.8267546611198223
2014-02-10 19:00:00,DEHM_noBD,1.990912948717475,2.065038922560523,1.628186415312253,1.511590303964226,2.4923581690106396,1.8601991728702387,1.284392217253537,0.11678154506295912,2.0607959144067483,1.8810180859394745,0.8264231144399196
2014-02-10 20:00:00,DEHM_noBD,1.9827815273696836,2.30282183748567,1.649228137280981,2.0901719605155287,2.6299966879617616,1.9629217272746888,1.5666408096059767,0.15561431314319354,2.223806209284933,1.9020020243500149,0.8359975885223596
2014-02-10 21:00:00,DEHM_noBD,1.945435692658131,2.4246822744986973,2.2907833027538627,2.693636654961723,2.6585577409550067,2.1972998860431274,1.922128059384067,0.21079490409135804,2.3009392955810295,1.9708347125686982,0.8479372591735794
2014-02-10 22:00:00,DEHM_noBD,2.060569807175556,2.189753796961927,2.709974613246207,3.039724212283756,2.894936534080023,2.5990239573405827,2.3829795981279913,0.3381258392648398,2.277361152889207,2.2548822884888757,0.8605179044882207
2014-02-10 23:00:00,DEHM_noBD,2.354662365165297,2.2898703234294246,2.864470231057152,3.001097720749292,3.3440785704233793,3.3391392676206744,2.7703048144526976,0.5728768068069219,2.2748594972606373,2.403942657224927,0.8670464772738677
2014-02-11 00:00:00,DEHM_noBD,2.313653761770353,2.3688995755506883,2.867752381973738,3.410227268124438,3.7838776072143068,3.932576000352252,2.9440929809908676,0.737527398471236,2.2685055652975286,2.2043627006037534,0.868758953117933
2014-02-11 01:00:00,DEHM_noBD,1.9490399334399777,2.2980444914811384,2.7563692467380188,4.191049056785493,3.943830719375118,4.040157463308521,3.72474160184426,0.9369295879621804,2.23944475332845,2.1565243451261895,0.8756298676764929
2014-02-11 02:00:00,DEHM_noBD,2.123318849768965,2.369524663507724,2.7886081190880345,4.831669118179386,4.2614658815102535,4.09814805968761,4.63653561243786,1.3769752071353047,2.197071407933207,2.2638667046802676,0.8899166526481775
2014-02-11 03:00:00,DEHM_noBD,2.489665019165558,2.458687520900555,2.7576415506412233,4.502399332795241,4.362507614948941,4.092696354790279,4.831541990354019,1.8396946181585265,2.265819102361612,2.441551873189146,0.939069612376149
2014-02-11 04:00:00,DEHM_noBD,2.7731508717949955,2.4538957236991075,2.8599073138591087,3.516256283539832,3.439166141813267,3.4760869164938013,4.557898206989619,1.876521559457928,2.1784142326472327,2.6986749709610414,1.0306967138289276
2014-02-11 05:00:00,DEHM_noBD,3.22499617375051,2.4782649716887994,2.936033853659481,2.7122949700078234,2.1001824151932635,2.4707436434021965,3.515801341832103,1.6349444614780693,1.9511915392616763,3.3193284729090844,1.1304321339167513
2014-02-11 06:00:00,DEHM_noBD,3.6976837610327573,2.618435757505596,2.7314882822864504,2.50260735153436,1.1993277596405334,1.9657706251913727,2.527268120169416,1.1890917631103841,1.9084012132212147,3.8708776697475926,1.2206685145804412
2014-02-11 07:00:00,DEHM_noBD,4.317428691408809,3.0075795308012143,2.826163567640371,2.552330131004434,1.3530675264516099,2.074771003327577,2.2460827978340214,1.3466492043522744,1.9006432861314901,4.3303446432123796,1.241241153931422
2014-02-11 08:00:00,DEHM_noBD,4.757375766104185,3.393480364018595,3.097698557180576,1.9925997840678829,1.9512323166988041,2.188945457248476,2.2719042376401486,2.2524848483866458,1.8381835355546046,4.716454049978815,1.2108160297294612
2014-02-11 09:00:00,DEHM_noBD,4.858839419907163,3.7419025342657664,3.2262570302953386,1.6838717925355375,1.0838978353126252,1.4538919134851556,1.8599541357181908,2.409375412106216,1.7858211946096207,4.7430560217860345,1.2248015567688177
2014-02-11 10:00:00,DEHM_noBD,4.823078237042875,4.12851535357476,3.2335280857877993,1.3626834405767434,0.7118680358844576,1.0994383878112841,1.4681194778401212,2.1155343793460726,1.8297386232944757,3.7952945827549693,1.2419902288043967
2014-02-11 11:00:00,DEHM_noBD,4.4145367967167495,4.20962959107846,3.229700915533723,0.917672048612993,0.9313961604087031,0.9181057631673506,1.013390175477389,1.851648873148263,1.973229099682595,1.9415622490873936,1.2594047501416783
2014-02-11 12:00:00,DEHM_noBD,3.1776580411688986,4.168563759371024,3.2589817394928815,0.7668186006964748,0.783879358842233,0.7943692319173371,0.8819733288483937,1.8155824259009956,2.1809175518511044,1.0546330912135542,1.2956350354983006
2014-02-11 13:00:00,DEHM_noBD,1.5009345217193661,3.920339447927205,3.2381734512542186,0.5899898732178832,0.6147077378091494,0.6418156986016459,0.6644858470833652,2.002101673678457,2.367914388133124,0.9094886438800022,1.3329793442075886
2014-02-11 14:00:00,DEHM_noBD,0.9130376545089482,3.433827205055505,3.148378439820372,0.46140018019065226,0.4654984331402903,0.5156045996958174,0.5240270808151981,2.082036103986874,2.498788785620942,0.9277399490958451,1.363666059585996
2014-02-11 15:00:00,DEHM_noBD,0.8787561036273837,2.6068009017938376,3.0365636281817725,0.45998489190899294,0.3616879779703728,0.505769083050572,0.5159521851846054,2.132900782887787,2.6259098645277077,0.8399361511079593,1.3931133619107867
2014-02-11 16:00:00,DEHM_noBD,1.0402487590661644,2.33478455175899,2.952750354283657,0.4883662845214043,0.3102037742531484,0.5752662209810695,0.5788514334416106,2.2536796440571547,2.732053932771133,1.1231166706088929,1.4563049286606162
2014-02-11 17:00:00,DEHM_noBD,2.2625057835021614,2.9455005640281735,3.2431033625860235,0.47118026548625913,0.21587575574632728,0.4671545504115153,0.5607034944760281,2.247306706777811,2.8140841255789812,1.7876347362573446,1.4955017059457303
2014-02-11 18:00:00,DEHM_noBD,3.492182668586411,4.063309428090769,3.7728557389005815,0.4558372721781214,0.1428115039636751,0.3630311765585349,0.49154827088972086,2.2244789285373687,2.7587245880392937,2.9810782771455866,1.4880012365328894
2014-02-11 19:00:00,DEHM_noBD,3.4935497713733468,3.724248952947473,3.034442213020572,0.4017346812059065,0.1740615978242083,0.2885518134820251,0.39142049304221277,2.2564416988357903,2.456158844534531,3.4108615665408966,1.4640642626259104
2014-02-11 20:00:00,DEHM_noBD,3.9566985286758096,3.9245457814340297,1.51056520758491,0.30573313903195765,0.25333281461053986,0.3493620411717222,0.2719623838641656,2.2789836580637095,2.0013251037704944,3.6840650127472356,1.462616351413764
2014-02-11 21:00:00,DEHM_noBD,4.140223108834857,2.821298203784545,1.6224969433348155,0.251303070565313,0.43954529709841583,0.527433721226952,0.33974223373350676,2.1732500139838455,1.2743311104092,4.411844967867109,1.49331953630805
2014-02-11 22:00:00,DEHM_noBD,2.338275032484262,2.26262238765249,0.9077512855208292,0.33743079959717515,0.6046013348301966,0.7834994428147456,0.5723679913932299,1.9682776090729237,0.6692930767214298,3.7700217621995513,1.5682470349571855
2014-02-11 23:00:00,DEHM_noBD,2.9999560880331484,2.038160470271758,0.30470416720338617,0.5660731403141785,0.5577162531220725,1.0244359557912888,0.887709764864167,1.683805551840663,0.6329915866707265,2.2495032222935,1.7121258407905697
2014-02-12 00:00:00,DEHM_noBD,3.125757751654708,1.1095967616664433,0.19246340306736043,0.8752873278437989,0.5059983448867919,1.2695882163471808,1.2265636780590203,1.7321245003759862,0.9461252039439976,3.1260514206366246,1.8268621778791396
2014-02-12 01:00:00,DEHM_noBD,2.9936081508767516,0.38878584890697143,0.2767371839972852,1.2408937724430005,0.5647828873091143,1.6070535333055815,1.5921283766543528,1.6123902337539195,1.868369744904041,3.296580930415826,1.8988154264176638
2014-02-12 02:00:00,DEHM_noBD,2.3274579848144574,0.2797228345516136,0.2971541427509032,1.6739346790757652,0.5025130467768525,1.7130436354474816,2.2191407287012788,0.8998889824582635,2.7423437849923973,2.896101931488812,1.900367535896413
2014-02-12 03:00:00,DEHM_noBD,1.1060329865073413,0.35747081418656734,0.2582469774200982,1.8572270632392238,0.5500492541857436,1.3304155018206407,2.453344257334191,0.17593720003791136,2.436081251897737,2.2091982041504235,1.7814148866193926
2014-02-12 04:00:00,DEHM_noBD,0.47149114971466355,0.4286126544550245,0.20341435032163413,1.5836455127598452,0.5567250865523773,1.0101408027345222,1.9491098733751522,0.11046718042239537,1.8749479589848594,1.6777857410196213,1.6157309783332607
2014-02-12 05:00:00,DEHM_noBD,0.5350623954381422,0.41417371899381267,0.20009556362756264,1.574377401737482,0.6140754980390263,1.1399554834541212,1.81592068743789,0.10751140775626505,0.8855448696371913,0.999559291910827,1.4509864084441122
2014-02-12 06:00:00,DEHM_noBD,0.7258496245628221,0.3927637787402606,0.5951509731333434,1.3951022991082955,0.6825863605198007,1.2101502995653266,1.78300433937862,0.1128600006457138,0.32190698555991043,0.692476307756379,1.3161976593612692
2014-02-12 07:00:00,DEHM_noBD,0.8956441937772184,0.6369362329679356,0.8244022591283294,0.9589911203781142,0.697788649470806,0.9896895454170321,1.3891883058104737,0.12951726430388616,0.3199925773851199,0.7710384235280938,1.1617350046313648
2014-02-12 08:00:00,DEHM_noBD,1.1214153315229343,0.8223384212671592,0.5307044191153387,0.7048721067221508,0.6319858396114362,0.9413607599715516,0.9838053040199679,0.19704214550555676,0.40956820515230297,0.9674977352394629,1.0258199997379536
2014-02-12 09:00:00,DEHM_noBD,1.413891901545301,0.654767793771615,0.4719837149103626,0.5548120328180794,0.6593835879949295,0.7736471393981064,0.7929807057381514,0.25087294166062013,0.45073077726362265,1.1612220080769249,0.937989643780645
2014-02-12 10:00:00,DEHM_noBD,1.4007217991164882,0.5695847180436271,0.3598448367239552,0.46297298111725577,0.7147862741832621,0.6639164804977782,0.6455294470166111,0.1818181159671955,0.5220871724079921,1.3475393687269088,0.8571707782251946
2014-02-12 11:00:00,DEHM_noBD,1.3642767976780235,0.4578507526980991,0.24668027062825798,0.44947409135699257,0.5928792650530299,0.596738286112533,0.5264980062870844,0.09147136518845328,0.7151618679846078,1.5458493443361485,0.7935083619180741
2014-02-12 12:00:00,DEHM_noBD,1.2805964696895518,0.33929803876563897,0.1531088050294468,0.46267357706176,0.5884743827622708,0.5743157807035906,0.5020252617598603,0.06701722940051907,0.7578511611939779,1.522981462961929,0.741548168038423
2014-02-12 13:00:00,DEHM_noBD,1.1884363009700831,0.2962622648556064,0.14008098738213515,0.42087511497276864,0.5422318491150672,0.5126497023701236,0.4865580606435297,0.06737180843817059,0.6713682575384526,1.5677760073139424,0.7466341258826152
2014-02-12 14:00:00,DEHM_noBD,1.15263198235017,0.32178285789082745,0.17574244554795537,0.39606503459681447,0.48737889776045445,0.47445195816755514,0.43983367545141683,0.07022007642466552,0.6485650095246545,1.6291807573798858,0.8459145011875696
2014-02-12 15:00:00,DEHM_noBD,1.17675244595628,0.39419488038521716,0.26686434774328943,0.4253976042519599,0.5339498432017815,0.5323895437713665,0.48161278456563356,0.08033573676637361,0.6419499435609763,1.6431078476145817,1.036823850466964
2014-02-12 16:00:00,DEHM_noBD,1.3910602861031776,0.5787064734377664,0.5492163794992211,0.43741352643996156,0.5796391139699681,0.5480548569485416,0.5087349261456889,0.1030606394573113,0.5754431888604069,1.7320368469122287,1.2079105117306712
2014-02-12 17:00:00,DEHM_noBD,1.7541379491878888,0.9277734778237294,0.9330878781586025,0.4570455055549497,0.5225961558150056,0.48992419883111227,0.4780436261845284,0.11477184837324535,0.5836748313484433,1.9332066616936145,1.2850500670835492
2014-02-12 18:00:00,DEHM_noBD,1.9576694951628568,1.331505744864915,1.2860910502210305,0.45231730799923203,0.4309811422137496,0.4403519933484715,0.46518142679305,0.10104536966800684,0.7185296727916783,2.137033214038373,1.1896876353144588
2014-02-12 19:00:00,DEHM_noBD,1.992149465242261,1.5484295877091947,1.451490910058728,0.41643424227354575,0.3052473255255258,0.3525265837724937,0.4339016746507223,0.1281522262991218,0.935219717803141,2.478994213468619,0.9716847239439974
2014-02-12 20:00:00,DEHM_noBD,2.0551521544421116,1.5037703554730197,1.5900259661189968,0.39907925451082393,0.26221609486117947,0.26757658298781595,0.3663980481489607,0.26386022358477107,1.204811988576539,2.6872730603389723,0.7846470826567365
2014-02-12 21:00:00,DEHM_noBD,1.8652169163175487,2.002822499908922,2.05640800359568,0.3014143969748959,0.28026143958290095,0.24024906341569247,0.2667026375522184,0.6697156654689833,1.7063574230585898,2.450027452836614,0.6731787796148483
2014-02-12 22:00:00,DEHM_noBD,1.916739365813881,2.6043852882601084,2.146142914335653,0.21440092174572623,0.29409013020080965,0.25969014716011285,0.23646863347494496,1.1932478085824847,2.141842689454984,2.323193270320957,0.6356945749577669
2014-02-12 23:00:00,DEHM_noBD,2.083654602417313,2.2798917542335437,1.7209555602499378,0.21117248661122043,0.31541536816375787,0.3191206375005962,0.2611077730205374,1.4452134689375573,2.3574572637709883,2.3182474019493444,0.6514431520595889
2014-02-13 00:00:00,DEHM_noBD,1.7676660496526397,1.8269005362952826,1.1537915454634744,0.25016142424849774,0.25989291190631203,0.3841365842505299,0.3187039106490023,1.6823939153458178,2.249081214646725,2.489449445231706,0.6855500017785794
2014-02-13 01:00:00,DEHM_noBD,1.6787851903120619,1.5397273696880602,0.636336608005436,0.319728009029413,0.16482988372670476,0.34903890595061693,0.3814770890991982,1.6763979870280625,2.0377341522131305,2.2821078060784936,0.7189054242089297
2014-02-13 02:00:00,DEHM_noBD,1.8971754704767934,1.046528637926504,0.3657728759816753,0.3592248665029061,0.11392246985848978,0.2729963364770362,0.37923054639732723,0.9971527368731796,2.051292236100733,2.079985224877596,0.7469307899809722
2014-02-13 03:00:00,DEHM_noBD,1.9649597647798343,0.5616510026868805,0.3391869924572947,0.32717998736391146,0.109363764834199,0.2653899984521586,0.32836053028563056,0.36184253752201784,2.0676142872837557,2.0883474013653025,0.7560110303604416
2014-02-13 04:00:00,DEHM_noBD,1.5542357657815888,0.46437921510773694,0.31706357249775885,0.287655755516084,0.12411901242803773,0.29612615995048913,0.29930245541504696,0.12881684818111347,2.075562287833281,2.0988168194574026,0.7773684988775197
2014-02-13 05:00:00,DEHM_noBD,0.8691470059629902,0.584042191220317,0.2867829844285826,0.27057709713671024,0.1470911559989209,0.3331252794425643,0.3147619392375717,0.09771588603056955,2.1268046207956597,2.116929869013056,0.7912104164938163
2014-02-13 06:00:00,DEHM_noBD,0.5646784645623898,0.5899378552830078,0.2533471212571694,0.3308429514706597,0.2089656442332593,0.38165295061222326,0.3451535285283479,0.09446254903279225,1.9349110395804048,1.6190388679702763,0.8044917181522305
2014-02-13 07:00:00,DEHM_noBD,0.724459193275594,0.567026554316813,0.19532891199361757,0.3935678427684469,0.2850117068917862,0.4197711552606197,0.3660727044432828,0.0927787902992963,1.244037475843951,0.8850770798513106,0.8299492753881588
2014-02-13 08:00:00,DEHM_noBD,0.851300585493492,0.5061568731075244,0.09576969404401599,0.35738281260257215,0.28750449298385977,0.38548760451290653,0.38237759138665095,0.0862665291202066,0.5487639589555933,0.6824217201606742,0.8364133749319519
2014-02-13 09:00:00,DEHM_noBD,0.7945116127535816,0.4446317572354338,0.06465197057803065,0.33875305633323877,0.26458012895224614,0.34919683875362034,0.3709610836236572,0.07530819263331577,0.4490364870536886,0.827134988023946,0.845999468820719
2014-02-13 10:00:00,DEHM_noBD,0.7379540786218572,0.3664986709577729,0.06029343901169,0.349777800319562,0.27120534246680317,0.36545914639308397,0.3804696580679132,0.07122933104194681,0.5715097863834444,0.7987329247249849,0.9611113210752791
2014-02-13 11:00:00,DEHM_noBD,0.6563503342267905,0.27154043035255154,0.06109941477997209,0.38523862850310997,0.28733489352297725,0.43584594884764283,0.4221894801628929,0.06816654815308726,0.5701540389836858,0.7594142121369252,1.0848198804210685
2014-02-13 12:00:00,DEHM_noBD,0.6094118849673947,0.1462603312684571,0.06200199026803241,0.4045802416878804,0.30885623782741367,0.49983426463471536,0.462861557034291,0.06759546830789172,0.5249716833538748,0.7534030472956539,1.1484111398435757
2014-02-13 13:00:00,DEHM_noBD,0.5991798523901105,0.11438806684673987,0.0618417771691687,0.4229864598980769,0.296889553135517,0.5325083775149247,0.4896010156581465,0.07283840103113076,0.5301458352022245,0.7317513796207309,1.237350320797339
2014-02-13 14:00:00,DEHM_noBD,0.5818892748496332,0.1286622390034136,0.0628834916879468,0.41441533909306894,0.273091480092164,0.5415176072407333,0.5256296373404582,0.07648923236357964,0.5418124979832396,0.7044303844767783,1.3743175472461804
2014-02-13 15:00:00,DEHM_noBD,0.5281167469277075,0.14740126101282877,0.06994339422427456,0.41388679172287884,0.2664271426921895,0.512441651487934,0.5615004257717641,0.07979279902365514,0.5516189861307107,0.6975540135591642,1.489109670285657
2014-02-13 16:00:00,DEHM_noBD,0.5417835644787351,0.18880478538490356,0.08934925906825564,0.47583074831110816,0.2673520706597528,0.5445298683980486,0.6387620649691874,0.08650052108190011,0.5801878190360821,0.7280398640179357,1.5286658996531366
2014-02-13 17:00:00,DEHM_noBD,0.6495022706995118,0.2871842882673751,0.1268671947286929,0.6676843240719023,0.2652348440566704,0.6924392319435517,0.6607476427546264,0.09388264069475222,0.6549042658107262,0.758863159918286,1.479086945128441
2014-02-13 18:00:00,DEHM_noBD,0.7609578102791018,0.45132653036689147,0.17827433937033388,1.0566503341789835,0.22867936684768167,0.8885267167714559,0.8294402420918794,0.10104360082126211,0.7258787790005723,0.7980591973173685,1.4151689711996913
2014-02-13 19:00:00,DEHM_noBD,0.8355952731336123,0.6461659776260471,0.24900911471168263,1.204654205838307,0.18683852551238134,0.9849390464199284,1.178687773621024,0.1120057459104526,0.8036656768927684,0.8430357861774094,1.2110819807841628
2014-02-13 20:00:00,DEHM_noBD,0.9462634899338573,0.8155314699425257,0.3121991798472543,1.0492568579858748,0.1851781142994061,0.9217312438488827,1.2566931452919294,0.1201048620039781,0.9224240210370493,0.8765715836808047,0.956815643375516
2014-02-13 21:00:00,DEHM_noBD,1.0963576740247312,1.007065691052546,0.35183030497231516,1.272494036805578,0.18847666203548186,0.877764749983729,1.3694144798689882,0.12175751013306885,1.1018967680270795,0.9740332466486407,0.8118452662749029
2014-02-13 22:00:00,DEHM_noBD,1.2074743065403704,1.1008013526629052,0.3636170480834504,1.5697073430909394,0.22796670521864654,0.8633980451395978,1.3272278251008767,0.12385882923178357,1.3304291389103466,1.0907026958878152,0.7566762226421758
2014-02-13 23:00:00,DEHM_noBD,1.2434222340224017,1.1052592764512705,0.3295983925239554,1.4642396143122347,0.2135320014303736,0.8714574664344865,1.2156454285249043,0.1321670390827953,1.48759516590463,1.17073293598969,0.7405783510022539
2014-02-14 00:00:00,DEHM_noBD,1.2182580550885527,1.1266138381009363,0.325064658229281,1.1587810992162042,0.22765612110899744,0.9176907708803514,1.1864569936435727,0.13756971797727027,1.6418915876246745,1.3512659462041128,0.7518686645750747
2014-02-14 01:00:00,DEHM_noBD,1.304731304329735,1.0983695402804716,0.3311052583673502,0.9527162754965789,0.2536298097506257,0.9072467354085135,1.1273187276019854,0.14352080522574462,1.7820668480991249,1.7273445880904046,0.7754980545632075
2014-02-14 02:00:00,DEHM_noBD,1.3850358388338773,0.9601923731918726,0.34755471902010493,0.7089938418031455,0.269987636395837,0.7622581687838567,0.9604507305842545,0.14655211685076344,1.86585286326745,1.9293024168301933,0.8153007589271244
2014-02-14 03:00:00,DEHM_noBD,1.8562399025160867,0.7742411902254307,0.34490292229768804,0.518445738216267,0.2971604684008563,0.6786271630119809,0.8134177254652137,0.15772244900900853,1.9501892743820932,1.9744732692604512,0.849584131918978
2014-02-14 04:00:00,DEHM_noBD,2.658527368959412,0.6341943792945378,0.3617903225758904,0.46219648281993575,0.3746396015914202,0.6097382497094099,0.6784996947577467,0.1754247245203703,2.084379174884179,2.122039948511431,0.8636441783501208
2014-02-14 05:00:00,DEHM_noBD,3.1888210351779493,0.5202963705892301,0.39994274334271657,0.41254237405801564,0.4537855556739353,0.5617378345181838,0.6035122871908958,0.1910653422866015,2.194434630619777,2.3292476223604943,0.87001006868653
2014-02-14 06:00:00,DEHM_noBD,3.5003321481051852,0.5161386690800169,0.4719512773300188,0.41545531926623513,0.5255006988070159,0.540377643976832,0.5783621801324375,0.18189287589065728,2.1968818104451358,2.560930186829567,0.898153935402066
2014-02-14 07:00:00,DEHM_noBD,2.961104401297811,0.5457735074418363,0.5137925887903128,0.4647419367881189,0.6158326760460202,0.5465830822145036,0.5676719199173839,0.1345394634765385,2.288622625530115,2.6508882613070823,0.9452621333500184
2014-02-14 08:00:00,DEHM_noBD,2.097241127173416,0.6001606476321397,0.37673178953056685,0.4588746070733128,0.6281120394545606,0.5480612436051879,0.5487923461312139,0.07978827818110565,2.3617047774190922,2.5368799708134193,1.0144930180466778
2014-02-14 09:00:00,DEHM_noBD,1.3844023548439333,0.5634892566277272,0.20674882922320964,0.5092607172288726,0.6900881605719589,0.5852002758732984,0.49837547306215035,0.054862161943483936,2.199956646411466,2.8143017580210907,1.2057743924699629
2014-02-14 10:00:00,DEHM_noBD,0.9895998058035503,0.4342054051523654,0.11274770107344706,0.6717686848027374,0.7021904192789225,0.696732943114346,0.5984296987707156,0.043362463217060825,1.8115065365741774,2.9037340677613295,1.4391859628979118
2014-02-14 11:00:00,DEHM_noBD,0.8231265900626499,0.3024650508285406,0.10501524785189172,0.6202821412953443,0.7470014186141174,0.7470849800707167,0.7594794562158316,0.038016905486639475,1.2024503234187047,2.0385155880547967,1.6564829001871124
2014-02-14 12:00:00,DEHM_noBD,0.7100209691571258,0.2008157817123212,0.12031737351705073,0.49191334202356607,0.7559006231110682,0.5724263496445188,0.5644147078155458,0.03979186411080871,0.7583659936319757,1.375169882198309,1.8003144046794624
2014-02-14 13:00:00,DEHM_noBD,0.5697105728081543,0.16477958131893577,0.1322339150524441,0.4229026315326112,0.621474186920399,0.4905913256811001,0.45827647994842563,0.04362580673994478,0.5483355070068128,1.0114417739814658,1.8896129440987854
2014-02-14 14:00:00,DEHM_noBD,0.48899788098234664,0.1421852490413956,0.1258861836191504,0.3947931878236409,0.48915274416726084,0.40810096136099583,0.4105223411976383,0.04726713720928858,0.491056307912087,0.9092503357071848,1.9556611289571224
2014-02-14 15:00:00,DEHM_noBD,0.4655401602253316,0.13572520874578262,0.11065732682183844,0.441406656235253,0.3077859113443759,0.3095444552544844,0.4169177815250248,0.04903226606883095,0.45426937916737037,0.8089823406391649,2.0397446389845015
2014-02-14 16:00:00,DEHM_noBD,0.515148050403369,0.14598224076856842,0.15742409764204743,0.4422078165265113,0.1954924307115654,0.2294603513947262,0.4892254622337948,0.048697411595117146,0.4535514214229816,0.8161179084929056,2.0983774741990864
2014-02-14 17:00:00,DEHM_noBD,0.7518709380705991,0.3782535471946675,0.5967917803847835,0.30669331547020234,0.14401809386739972,0.1956203507976309,0.43357509759238455,0.04848685220992171,0.4782900527469115,0.9489317917315232,2.1155395379358533
2014-02-14 18:00:00,DEHM_noBD,1.1136035477798647,0.9144030404182033,0.8897758025476801,0.16126077724238846,0.11873015195405098,0.1468528521496673,0.22645956663690964,0.05367487826222541,0.45140854775028294,1.2580113230648802,2.1020312746202943
2014-02-14 19:00:00,DEHM_noBD,1.4808502378282697,1.145812546584124,1.0358785715537682,0.169096162176628,0.18613969555931148,0.19668468569289826,0.165105847223075,0.07910289822220794,0.423884841371784,1.6423963706851692,2.0470733690571787
2014-02-14 20:00:00,DEHM_noBD,1.5783146022796757,1.3424183713799698,1.269242652352069,0.26381415392435964,0.38984198220888144,0.33979535641227954,0.29583433517779567,0.10481039900556194,0.47854480475312094,1.8739898946636113,1.9278918955904247
2014-02-14 21:00:00,DEHM_noBD,1.7164393130706344,1.300240500253122,1.5254219396108228,0.2888117819606956,0.5194767875905847,0.34435026022143767,0.33173017623832096,0.12287670691888765,0.5616849181364011,2.154609813889484,1.7984363140261173
2014-02-14 22:00:00,DEHM_noBD,1.5406035994496659,1.6048609868386947,1.3697074448510997,0.285402963493283,0.4612556357667221,0.30330360527550504,0.2980012100295648,0.37752251024700684,0.898871574169281,2.0827280382613322,1.6962002490484713
2014-02-14 23:00:00,DEHM_noBD,1.444956733822245,1.1864177903892612,1.1742607947090826,0.25575257158328163,0.40316396464990445,0.2868288326897356,0.2812607730409404,0.985862620768994,1.4291047819158063,1.76961682729205,1.6163767300772667
2014-02-15 00:00:00,DEHM_noBD,1.5095238062958138,1.2645582914838611,1.2098152759807232,0.21003579331210465,0.32829643919805523,0.248231443705941,0.2515808998132135,1.6379061719765236,1.4596774298417476,1.6861221086104308,1.5648856442821026
2014-02-15 01:00:00,DEHM_noBD,1.827752421458701,1.3945732841729466,0.931456966612609,0.17517222484061956,0.22457651049570632,0.18256914969287133,0.21240965836519224,1.6989076923666893,1.438466824691165,1.6920083375696093,1.500806711305976
2014-02-15 02:00:00,DEHM_noBD,1.9626857498409274,1.0871624012182373,0.41136088883455824,0.15582036401576316,0.14922783318489774,0.1345745453616453,0.1939784660964077,1.1637670219563692,1.3723278578693932,2.028327538103638,1.432363397078812
2014-02-15 03:00:00,DEHM_noBD,1.7538058577044309,0.5630155201034992,0.26916815400419036,0.1326210811764266,0.0973063257944442,0.11988970564138221,0.16787891809916256,0.7575001822610199,1.4508258017024585,2.1288576050058516,1.3789519439435005
2014-02-15 04:00:00,DEHM_noBD,1.6047357702183722,0.22562990678326217,0.5795633275927695,0.11383804104623926,0.0691718904715775,0.09458328617999409,0.13330193879549285,0.4994820975027232,1.5366723760488445,2.0177312721390837,1.3350944487261773
2014-02-15 05:00:00,DEHM_noBD,1.0804063038146494,0.5022208202945998,0.8874662524711434,0.10058311509012494,0.05898461234127624,0.0776994426047225,0.10752204642644866,0.25265231297783536,1.5668476802140474,1.7531818235405536,1.2798829228086768
2014-02-15 06:00:00,DEHM_noBD,0.47613465637659647,0.9224069329106713,0.9170393027917365,0.09082484935810917,0.056998237368778654,0.08494231206436398,0.09282032636868612,0.29219038096111255,1.2929826324413713,1.4381246338632703,1.2586369239467383
2014-02-15 07:00:00,DEHM_noBD,0.7352470610495376,1.0211341252923336,0.7458631747089839,0.0887657463580527,0.0607406517062521,0.1025540565472719,0.08702024262911101,0.4923290847940742,0.9132837380200625,0.9890531853510439,1.322038025958091
2014-02-15 08:00:00,DEHM_noBD,1.0196813149732724,0.8875282522030268,0.5303870597525684,0.07357191692018511,0.0642873395027195,0.08349825249598299,0.07201751538414444,0.4628965199361741,0.5531198553206026,0.9888954090334334,1.3703748842997103
2014-02-15 09:00:00,DEHM_noBD,1.0011434790569682,0.6896926499677403,0.3240251583654312,0.054817493976406326,0.06807418331655893,0.06755533909465401,0.05827605182175251,0.31649612872654564,0.47987891893833867,1.2098799097553778,1.3122859583093225
2014-02-15 10:00:00,DEHM_noBD,0.8271353195834671,0.5077832312763668,0.1712540904703313,0.042654980552924014,0.06990387679099555,0.07033110163298306,0.05347721375927027,0.2060468750940262,0.6440342659969672,1.206039805038173,1.2219662081086635
2014-02-15 11:00:00,DEHM_noBD,0.5792997713436441,0.36304893334001526,0.0998060934711485,0.04371321376056746,0.07313082879642015,0.09716806295420503,0.06362867522839388,0.14031213262659487,0.7691888310455717,1.0386015493762073,1.1437060527922958
2014-02-15 12:00:00,DEHM_noBD,0.384421073892326,0.25747687761474847,0.08495288507635582,0.05090168542021606,0.07172756203064681,0.11766696802425311,0.07589953081056028,0.09480430698651804,0.7631413374726568,0.8506809811184287,1.027782686361931
2014-02-15 13:00:00,DEHM_noBD,0.30219954008263944,0.17072822073345387,0.08475258674853328,0.06030793126951656,0.07000139598866913,0.12259228599672893,0.09635139890910183,0.04813606133904288,0.6777890779499989,0.7123742497252558,1.0408474992946162
2014-02-15 14:00:00,DEHM_noBD,0.2683775390295206,0.14414270523194325,0.08097786480515518,0.06771847523545978,0.07239749086710615,0.121885404745922,0.10507802828260879,0.03801820548992599,0.5502376637725112,0.6166495561528089,1.2178758330309392
2014-02-15 15:00:00,DEHM_noBD,0.2644308173526624,0.14428073033226935,0.07028364482487998,0.06862803435019305,0.08039628633527078,0.115139566546443,0.1078509740191409,0.035552286627218016,0.46336604924450847,0.5367573302646819,1.2960385500977933
2014-02-15 16:00:00,DEHM_noBD,0.2839136288034746,0.14816659354705702,0.06564103378788785,0.07189220572629593,0.08030434427596614,0.11170528908551672,0.11103073966249596,0.03822125657945392,0.41596639798142004,0.5092815257969777,1.1752888708609341
2014-02-15 17:00:00,DEHM_noBD,0.338089602523272,0.1454764469304919,0.06475656086285117,0.086906912432724,0.08342546224060453,0.10776729161278689,0.13437235475731507,0.03887609678244199,0.41463090995576696,0.5117175774638936,0.9231708911298215
2014-02-15 18:00:00,DEHM_noBD,0.4387340722346148,0.14024651052064424,0.06649798672035782,0.12910673843517512,0.08124311990200993,0.1273794055671097,0.1992524073284011,0.04009938289141256,0.478018775613955,0.5074813192863575,0.774508609496802
2014-02-15 19:00:00,DEHM_noBD,0.5659537354891182,0.14237867992537656,0.0684940772152924,0.17883712529445278,0.07847490094687772,0.1410071069877349,0.28942480117489344,0.04228517790203902,0.5554243945852154,0.5452805384891422,0.795172126248926
2014-02-15 20:00:00,DEHM_noBD,0.7094134924733697,0.16453879684438566,0.06990528031817624,0.2191458024043934,0.09354484005320798,0.14250191867708364,0.3537252822608056,0.04637481571289695,0.6445136057994338,0.630118671723523,0.8787820393488185
2014-02-15 21:00:00,DEHM_noBD,0.8417541835943398,0.20563772394383956,0.0733374209278261,0.25014633113936147,0.14108040819601142,0.14013048364374772,0.38424253668447245,0.05114300235545248,0.7251498386059416,0.7370597843244704,1.021164499976132
2014-02-15 22:00:00,DEHM_noBD,0.9311710971649814,0.20616747762607748,0.09642251367564539,0.2926707946859037,0.19370688669154412,0.14722627576363614,0.35245208094573865,0.052515830749003053,0.782173014376852,0.8632486072530908,1.1341295413706638
2014-02-15 23:00:00,DEHM_noBD,0.9920407309682487,0.16193525522736363,0.1135966369795426,0.3465280680758193,0.20678420195535746,0.1735249413221433,0.31715927358508733,0.04409584215550669,0.8457157286397926,1.0029237204115664,1.199211014340087
2014-02-16 00:00:00,DEHM_noBD,1.0294964296077997,0.14786284930666427,0.04292247254819122,0.3523085468689757,0.19668383615576646,0.30246010622927744,0.3148298043950306,0.03567815449188445,0.8857654551186637,1.1619661412398885,1.2635711295698022
2014-02-16 01:00:00,DEHM_noBD,0.9837260449127675,0.10971074102735132,0.05347507356499886,0.31496619937373693,0.2289054346231183,0.48614775723123593,0.35081124125894025,0.029864925032174087,0.870259103422577,1.325227330309218,1.3123655489911463
2014-02-16 02:00:00,DEHM_noBD,0.8995220023825573,0.051347839603240034,0.0646539904568425,0.2936275567557847,0.2815606981462797,0.6294108077163151,0.43526030653201625,0.02657706359236489,0.7366384926074836,1.3696556911320326,1.30503507647912
2014-02-16 03:00:00,DEHM_noBD,0.7648518054398987,0.052324718425716156,0.06930824717250524,0.29366378922125314,0.27276862217028613,0.78088853954077,0.6204187570670611,0.026997876140526372,0.4844317151957004,1.263183587238599,1.2993934571877122
2014-02-16 04:00:00,DEHM_noBD,0.5896615744836581,0.0630181210000148,0.06502792676694266,0.3216771609419638,0.2575352946742716,0.8637355288190424,0.7888039042193212,0.02940499595124256,0.2065520969660392,1.106572854394649,1.3571803093953292
2014-02-16 05:00:00,DEHM_noBD,0.46874817008515346,0.06196263073544471,0.05893819861666526,0.3752577491067199,0.25134769885657343,0.8837277572845761,0.9329667105989011,0.03013988071532212,0.10360347043130536,0.9463927684430993,1.4187442339555454
2014-02-16 06:00:00,DEHM_noBD,0.4410517595127502,0.06034817739157348,0.05525782132662356,0.4399494075169269,0.26067500292754253,0.8936973022406356,1.0803790416480135,0.028685218806343473,0.08672647138757615,0.8313081738460693,1.4415154851810725
2014-02-16 07:00:00,DEHM_noBD,0.3691587337645492,0.05575188956050886,0.05656255058758177,0.4951410778626237,0.25945692597937764,0.8561590959764775,1.1242243017925846,0.025596796416261784,0.0862582486239679,0.7398634189240376,1.4290058084473292
2014-02-16 08:00:00,DEHM_noBD,0.23904019199929655,0.050548112739496755,0.06056096085767008,0.5946771518875457,0.23025072755937914,0.6750720212891362,0.9591399886203967,0.019290930141579458,0.08820635087491006,0.5797048737654595,1.3450351549984048
2014-02-16 09:00:00,DEHM_noBD,0.16093329790548175,0.04840486187253599,0.05702148834696837,0.6898098104122927,0.20533671029286443,0.4672201505371928,0.6992336851462752,0.014185676525691467,0.08111592819836208,0.4290502051668498,1.1672493788692822
2014-02-16 10:00:00,DEHM_noBD,0.10928810303777209,0.05255587652004888,0.04956614037918378,0.7107951474460914,0.2048361728511749,0.3887098655875596,0.5930201532457641,0.020526218127014346,0.0712514585062767,0.30263649545871874,0.9201618649302329
2014-02-16 11:00:00,DEHM_noBD,0.09339527607314042,0.04962754150891665,0.04511143749049037,0.6776963521066829,0.2235939862726068,0.3517338253285176,0.5306027379093342,0.027804731844649454,0.06446549798019448,0.201194280508398,0.6395595073904189
2014-02-16 12:00:00,DEHM_noBD,0.07293496094995867,0.04567909303002979,0.037534337034879565,0.6473697067674278,0.24208930086261582,0.3273970704351092,0.5117029266236163,0.030479504692596235,0.05892749195391056,0.1284028976637089,0.40935373547044573
2014-02-16 13:00:00,DEHM_noBD,0.0584599682958935,0.03914255322809211,0.03260855675175535,0.6268042965639379,0.2752555984627547,0.3215950716307817,0.5473000576231974,0.05155076557694448,0.04959949934030879,0.08969556347797854,0.2617635975462476
2014-02-16 14:00:00,DEHM_noBD,0.05059306822356521,0.033499174794225726,0.029782926030400902,0.615292264670134,0.2920872820015903,0.32394629551587095,0.5474381432491012,0.07396205062162112,0.03421300653409191,0.07311160128266371,0.17938045336285596
2014-02-16 15:00:00,DEHM_noBD,0.04922168296828859,0.03064255307843381,0.02928097590524105,0.5794018069599811,0.2847867455344412,0.34315800944285046,0.5406646436804037,0.0767459393800421,0.023579257826080845,0.05994529642286465,0.13747427980317956
2014-02-16 16:00:00,DEHM_noBD,0.0485909223229878,0.029684902438528844,0.031508441552943425,0.6413066113978186,0.279754282411253,0.4270303609963746,0.5727300550472703,0.06637602192052393,0.03766354067138847,0.05529113221938478,0.11040060727480788
2014-02-16 17:00:00,DEHM_noBD,0.047495603432105765,0.03150619153065943,0.03768159266338665,0.731285605358815,0.3054277414210815,0.5785158955923972,0.6860497495269554,0.05847939758027428,0.06020148407662271,0.05240106601616291,0.0884247245363656
2014-02-16 18:00:00,DEHM_noBD,0.04541745523503723,0.036788209637160584,0.04384792760219058,0.8755799746340548,0.4448777526873767,0.8255505352483162,0.9852171069752546,0.052313745255384,0.05962034774291309,0.05083776469486119,0.07487730367890547
2014-02-16 19:00:00,DEHM_noBD,0.04470216388679438,0.042243649467924714,0.050848927528113055,0.9049185703727096,0.7664212045481241,1.139622120486933,1.3096401942992326,0.04617791259297396,0.04724378102438044,0.051293745762293536,0.06619416211000641
2014-02-16 20:00:00,DEHM_noBD,0.04640042265362794,0.04832114626923795,0.05823069873594204,0.7688175219908518,1.213066517180584,1.4268851240838294,1.5544317666790373,0.041762425679017244,0.03955974438167639,0.0544336827588406,0.05748998575611962
2014-02-16 21:00:00,DEHM_noBD,0.05054526901682709,0.05436314917074446,0.06408546539124002,0.9105809598400985,1.5423776985562618,1.6795900618283486,1.7373372249589307,0.039276372523507845,0.0392219387175491,0.058785180169553405,0.04861239469405245
2014-02-16 22:00:00,DEHM_noBD,0.05626665829282234,0.06037536092501154,0.06514780010536893,1.112035867961368,1.681082771607677,1.8713599174486917,1.879573940534113,0.03696767716633832,0.04041507450202462,0.0637061937969736,0.04194902591044071
2014-02-16 23:00:00,DEHM_noBD,0.06249871758856571,0.06392398845470851,0.0657261747174127,1.1753940734715524,1.6365377715336251,1.860108960388005,1.9605601666779515,0.03481953684065471,0.042621537838932064,0.06865828395808096,0.04261697294953729
2014-02-17 00:00:00,DEHM_noBD,0.06719430085121525,0.06509131997652567,0.06918936191726605,1.1964968455328804,1.4360062109188736,1.6726770482547044,1.9839376344107882,0.033849926610637834,0.04483842881770789,0.07228337624378253,0.04356368867531399
2014-02-17 01:00:00,DEHM_noBD,0.07392772160294574,0.06696917165372888,0.07314906372867105,1.2590577253796298,1.6165317502567358,1.7275905474177211,1.9033396694887954,0.034409376656119525,0.047046037372592685,0.07548530643077324,0.038204090149970574
2014-02-17 02:00:00,DEHM_noBD,0.07888870662058103,0.06983918847989115,0.0746086944652668,1.2725201310274794,1.7065678401545248,1.7816704890990747,1.8103764883682016,0.03798433481215954,0.04810357858565625,0.08154113342690611,0.03916281920404622
2014-02-17 03:00:00,DEHM_noBD,0.0843550380047025,0.07257339001929963,0.07614093622783125,1.1743509169450135,1.7449990195456055,1.8648965896308272,1.673728853893656,0.04405832725716275,0.04615456022246728,0.09274925026179277,0.06209366923718689
2014-02-17 04:00:00,DEHM_noBD,0.09591563973625879,0.07608344878198332,0.07697941096717913,1.1233816223249025,1.7159597347472513,2.0717244803178474,1.6578950433673862,0.0500645740316993,0.04406282338377073,0.10551407266179548,0.10677759290593666
2014-02-17 05:00:00,DEHM_noBD,0.10674862756584988,0.07800006745426315,0.07863087572133177,1.0501590556863694,1.7211715202754458,2.1251276782855824,1.7324854228324886,0.05137040537855576,0.04415990856813261,0.12074915559374005,0.14714668754132454
2014-02-17 06:00:00,DEHM_noBD,0.11360574257744227,0.08195053321437172,0.07890088246223555,1.0810731132386822,1.6802352163596121,1.9237500797520135,1.709176058193353,0.051791164904809346,0.046644552587047014,0.14100187417246152,0.17435354136761502
2014-02-17 07:00:00,DEHM_noBD,0.11850268646796448,0.08373314214084056,0.07980603693666828,1.069447712910626,1.5105870685934415,1.6177009112760086,1.6495356185863836,0.05411057322453683,0.05176688746425313,0.15133605743781892,0.1833751027883332
2014-02-17 08:00:00,DEHM_noBD,0.12118520576141066,0.07848889054942396,0.08054256696347041,0.9575740160270736,1.2690597720618406,1.3242846432026028,1.3854790246422635,0.055958486041368355,0.06051406603518856,0.14071842136613313,0.16762503562333106
2014-02-17 09:00:00,DEHM_noBD,0.12062523108900522,0.07474049141157127,0.08212563949961793,0.8477980585849358,1.0975396424841088,1.02699661772244,1.1345289005723043,0.05477855157279402,0.06645096453828722,0.1256173134814585,0.14971238380294724
2014-02-17 10:00:00,DEHM_noBD,0.12259653991746697,0.07029874985510005,0.08587849279271659,0.7487266292326428,0.9984995557771856,0.9050456618188683,0.911427193837063,0.0543878061054227,0.06877159577932196,0.1138826035886943,0.1362979060051176
2014-02-17 11:00:00,DEHM_noBD,0.1348031592015874,0.0686779588830191,0.0948667864786425,0.661013613265365,1.00426039588114,0.9303392624055769,0.7679517412084627,0.055986407132930974,0.0699923332466928,0.10857530493600737,0.12709535664942634
2014-02-17 12:00:00,DEHM_noBD,0.1717786905659548,0.07022685840045387,0.11012350641363979,0.5931230566837652,1.0679849749556067,0.8875759604617456,0.6927418384512987,0.05864263936576424,0.07007789141306645,0.11166954342549781,0.11556441468615952
2014-02-17 13:00:00,DEHM_noBD,0.2233331898552062,0.07522844781342307,0.1473830232888156,0.5406520712326781,1.0254679011141672,0.8329390866466295,0.6524424721434907,0.05985129336127068,0.07180020411550991,0.11851811380648736,0.0995029057493561
2014-02-17 14:00:00,DEHM_noBD,0.293379184879884,0.08524299433704503,0.26648457311618595,0.4763687763003517,0.7698558939892308,0.8367845614856981,0.6003195002905951,0.062199927556794085,0.07204048234906965,0.15238740923202243,0.08860156568070093
2014-02-17 15:00:00,DEHM_noBD,0.395077906443877,0.11209357945366169,0.5871580264674716,0.45021164414232995,0.8063538322363758,0.8209239160338151,0.6199168710758425,0.0645484535424049,0.071445270355772,0.2683209580002629,0.08090462006533986
2014-02-17 16:00:00,DEHM_noBD,0.45555651994653035,0.19232524842193144,1.1539318788118025,0.4711146618007614,0.8966608427586522,0.815609493390734,0.6557217377419828,0.06464162641934566,0.07281123719320845,0.42483154111504534,0.07571702659055371
2014-02-17 17:00:00,DEHM_noBD,0.5999746894801407,0.4334935807154362,1.3017938455979807,0.5273944315369632,0.9795194884468359,0.8093490990006225,0.7076010362612926,0.06567995126412697,0.0765662710813047,0.5552666524418816,0.06869389491341471
2014-02-17 18:00:00,DEHM_noBD,0.8124758131583779,1.0858560597081155,1.240716659079194,0.6522278399525928,1.1381115665940196,0.9110313471965796,0.759526698193084,0.06772826530053734,0.07955764988298743,0.6594918475463614,0.0617103935417532
2014-02-17 19:00:00,DEHM_noBD,0.9580608791735395,1.2436939289531483,0.9794850738975405,0.7834364296602259,1.3089599383901478,1.0814344168893906,0.8744728281619908,0.07196481977595473,0.08677426154158303,0.712931397874318,0.06537181049712756
2014-02-17 20:00:00,DEHM_noBD,0.9243579052830486,1.145022975038141,0.8277986965897679,0.979362719666292,1.7078009794323237,1.23018005200351,1.0700307514732383,0.07685891403234779,0.09979848798159502,0.7883344011349975,0.07155051569718099
2014-02-17 21:00:00,DEHM_noBD,0.9767147703460602,1.1323369727072865,0.9180130298484117,1.1650083975195942,1.848714402654944,1.2541261084795865,1.1947595056416245,0.08125992382526614,0.11351191860286503,0.9110864844780786,0.0729759606536471
2014-02-17 22:00:00,DEHM_noBD,1.0505660148458182,1.0309328432794287,1.0902756625512242,1.3232453817776857,1.760206485882243,1.2431809471428377,1.1917919222160824,0.09263676387014785,0.12527890684196716,1.003387384732291,0.07291557853600797
2014-02-17 23:00:00,DEHM_noBD,1.0833606060893834,0.9998243075568973,1.1417277648171409,1.4259423328993899,1.5821628807157648,1.266283691314396,1.2610425478043898,0.09651245194868402,0.13344418440386643,1.0495761527151612,0.07037831081835604
2014-02-18 00:00:00,DEHM_noBD,1.1578704318398236,1.157235375884939,1.1611618001817539,1.424664211928614,1.5685555725799827,1.2502411560955664,1.291931165887186,0.09931151386150139,0.1494548779649285,1.0536806167079509,0.06482924381229586
2014-02-18 01:00:00,DEHM_noBD,1.3704265060977638,1.4668310029394924,1.2042464821761287,1.5024738747001207,1.4189172312542797,1.1819540388339058,1.4881956310020197,0.09546729809965002,0.25129003932684646,1.1141152363181859,0.05940825119056175
2014-02-18 02:00:00,DEHM_noBD,1.7054702757547795,1.6270974680771493,1.4039369715659455,1.7753001181180401,1.448449869509088,1.1156486134088994,1.6599461714915,0.08995591507747287,0.4553913710638135,1.289064282248877,0.0559005760987672
2014-02-18 03:00:00,DEHM_noBD,2.0791363198319077,2.0559106843190733,1.7188552402439639,2.0084228842205554,1.4271739871063875,1.1480094492443127,2.0603193122486165,0.08155261430099131,0.5951883527067303,1.5621071400088815,0.05713336844293567
2014-02-18 04:00:00,DEHM_noBD,2.902058877658099,2.938297829404129,1.661495790981546,2.2525018644493118,1.3175951412504958,1.685172846797495,2.564369955931683,0.07278214039650294,0.725937745040506,1.8547581551456451,0.05632017050656831
2014-02-18 05:00:00,DEHM_noBD,3.777377855442837,3.1221843352418115,2.4816149247858443,2.4284344250357712,1.4097051275648222,2.260133987733879,2.6158613197121494,0.06657678058059743,0.9639634516525268,2.583749666589126,0.058469285049398724
2014-02-18 06:00:00,DEHM_noBD,4.120108108068444,3.073090109345605,2.925909227299355,2.560559562554858,1.7757978611394951,2.4252427428081713,2.6770676057222005,0.06516221977737721,1.144609507439509,3.6160073254747687,0.06263050587911258
2014-02-18 07:00:00,DEHM_noBD,4.086714566510925,3.5614181328777597,3.322987173334715,2.654474231312522,2.1174893988157764,2.3590035927744233,2.75671507090261,0.0654272029751445,1.1683963136381283,4.1264965582945985,0.060639882422693595
2014-02-18 08:00:00,DEHM_noBD,4.082124018223712,3.663660248014089,3.666847942647301,2.810319394731293,2.244355966532794,2.23203770484084,2.774058052335856,0.0665375846616736,1.0347767255831881,4.258443130627801,0.06893775275141695
2014-02-18 09:00:00,DEHM_noBD,3.6558752638551666,3.576946212542177,3.347739114400204,2.8985153543877713,2.226051193624693,2.126545260655788,2.7512623540022547,0.06748969339895988,1.0183627018256485,3.8174630904254085,0.0746002856364214
2014-02-18 10:00:00,DEHM_noBD,3.6172644207736977,3.623439937408576,3.1236898919342595,2.8565387979002304,2.1683173972575225,2.027239073230681,2.7027034405741643,0.06950321857418845,1.1221991872485728,3.6491418085149263,0.0708273520411318
2014-02-18 11:00:00,DEHM_noBD,3.9499142987920473,3.343943323872961,3.102044141992698,2.80068561914654,2.0964743074281795,1.9792047954823937,2.5938214158452335,0.06785531065888684,1.133503454817105,3.588225520323766,0.07363482574499662
2014-02-18 12:00:00,DEHM_noBD,3.911112835410575,2.9929540522383036,2.991379546056294,2.6293877561188648,2.0342009707034623,1.9671300389559494,2.5168098751520636,0.06482541157063094,1.5266979611677676,3.7573040554948665,0.07760900402372756
2014-02-18 13:00:00,DEHM_noBD,3.5713904501659077,2.8381617446400416,2.6624847078310276,2.3070481731016104,1.9773174929974764,1.970855365407064,2.4188203133631667,0.06840757980862619,2.239887432408258,3.623819500534879,0.07220984028368449
2014-02-18 14:00:00,DEHM_noBD,3.4253903815488966,2.590720153470737,2.4889288524578084,2.0914136555235587,1.900913642155506,1.9809400374268962,2.2821870262002664,0.08037711546365167,2.8723479712574553,3.204214230491817,0.06978865708181603
2014-02-18 15:00:00,DEHM_noBD,3.3772518016692334,2.708906607285,2.41311458052603,2.047679582815875,1.9507945265771869,2.0733664826258305,2.2465752143079714,0.09556690548369644,3.2070218237020915,3.117697344798711,0.07517974990303886
2014-02-18 16:00:00,DEHM_noBD,3.133405702436138,2.7565618852518092,2.48097868318313,2.092573676824592,2.249080965726818,2.2812377334417038,2.293189899095676,0.13332472942848683,3.2899118735827835,3.1289648354951947,0.08733618478797825
2014-02-18 17:00:00,DEHM_noBD,2.802466502121023,2.857504246504867,2.690450794953187,2.277878336672227,2.544516312178884,2.435825252632915,2.3682259270340875,0.1984790046876388,3.6107231080507716,3.0661295524235443,0.1006379603897555
2014-02-18 18:00:00,DEHM_noBD,2.7064478048270333,3.210479214109708,2.6690933960052488,2.411535901066161,2.6941091015887793,2.563905579720218,2.4147065992998598,0.2631420186464487,4.002529050030769,2.9482318357231465,0.1074675837848653
2014-02-18 19:00:00,DEHM_noBD,2.929676168786925,3.4738258780282205,2.413733486071658,2.4442928716976597,2.7871699155580907,2.7710496693764086,2.544297096203495,0.29782124253546804,4.088315807380476,3.143989222914409,0.10771331595302577
2014-02-18 20:00:00,DEHM_noBD,3.4673284513826164,3.5546238847444274,2.229232080534906,2.536829628466622,2.8015876722018214,2.952174196294151,2.798123784401252,0.3091344553416967,4.057073229099219,3.3474143626710955,0.10569974484856189
2014-02-18 21:00:00,DEHM_noBD,4.078089460341331,3.6272596660629177,2.035909152368456,2.58574709013974,2.8465656181592753,3.132736914796138,2.865977362840711,0.32011699909105884,3.828134581877533,3.484724914223137,0.10173806700508525
2014-02-18 22:00:00,DEHM_noBD,4.58741902454125,3.255179684863903,1.9066401295604278,2.5009771172560766,3.1022431464250233,3.3824610254233263,2.7537634104547886,0.33645344848360853,3.510635689851232,3.723660271796495,0.09885519694550352
2014-02-18 23:00:00,DEHM_noBD,4.950531612047263,2.9409681701245676,1.7295200763118315,2.4883132356604123,3.3776248496164265,3.662337364915747,3.0780024968290065,0.3788930105783789,3.12843627269588,4.092598515631626,0.09733828474128409
2014-02-19 00:00:00,DEHM_noBD,5.1820340282675,2.772484946017648,1.46338249297221,2.689487281441608,3.0688930654427224,3.9261403233320182,3.4553311133786955,0.4101116192292048,2.870026831337493,4.472934738666248,0.0999933697793608
2014-02-19 01:00:00,DEHM_noBD,5.311924074287159,2.7258552431548106,1.2267781646208988,2.8515701072585284,2.1941025332636945,3.9014721356966944,3.806842593248342,0.4045242513601294,2.7084182473979936,4.741029695444614,0.10536677042714793
2014-02-19 02:00:00,DEHM_noBD,5.157529591474151,2.541899105796169,0.982775347760801,3.0421320885293537,1.4332185018215329,3.1982600835668613,4.199414165572833,0.4005635771201178,2.588621278400207,5.005088949290905,0.10926568250960392
2014-02-19 03:00:00,DEHM_noBD,4.793608393641449,2.377690793545225,0.8345658057982576,3.4423039724381517,1.209213960910393,2.3076398450799847,4.002393201564331,0.4079562659046704,2.5358427704921924,5.315357268569149,0.11371417370359116
2014-02-19 04:00:00,DEHM_noBD,4.3589109033125215,2.139471671522576,0.9405579639967236,3.360868796866903,1.21765687074346,1.9623996543964788,3.1715929447799747,0.41104641420790455,2.6204127013615794,5.566766053323644,0.11494996070142341
2014-02-19 05:00:00,DEHM_noBD,3.9651149037365383,1.9216580213126633,1.0815213944791613,2.9632246463093477,1.2951980184747605,1.9429972766663322,2.417898909077423,0.374848032885734,2.5563329154093193,5.684924689382538,0.11128373232668129
2014-02-19 06:00:00,DEHM_noBD,3.6972385623249644,1.8504149967761943,1.0442646543373062,2.40214594967695,1.3560955756068833,2.0191295304575165,2.0915246840457455,0.3244111984944668,2.3998218011779526,5.6151855984675,0.1124572555887931
2014-02-19 07:00:00,DEHM_noBD,3.492064408157333,1.9474980661299777,0.9597983857204875,1.9344350926536158,1.3944021579158514,2.061354943573577,2.0519004119418596,0.2881389816284946,2.2463465731609706,5.207531310208873,0.11225513696187536
2014-02-19 08:00:00,DEHM_noBD,3.224200005581039,1.7958675585518686,0.9460213715147505,1.7003747102960178,1.2883808416283924,1.8982397378088254,1.8799569594909797,0.27051372054178013,1.9698916201101802,4.242925060142961,0.10372262385752912
2014-02-19 09:00:00,DEHM_noBD,2.809944787151241,1.3117265263088944,0.8843673127144576,1.7046850933077837,1.2015612202416546,1.7708216624847528,1.850742875563792,0.2571487849876563,1.6179447408813983,3.6205747922743963,0.09699554712658295
2014-02-19 10:00:00,DEHM_noBD,2.5646047178501825,0.922137094739133,0.8094419250302313,1.725975998021264,1.1301837047730479,1.6565627056836056,1.8798762583695456,0.22401491518590583,1.253968166360641,3.233557903012342,0.09633522514526516
2014-02-19 11:00:00,DEHM_noBD,2.3686874246797918,0.7531895722535258,0.7290458739063224,1.7093056061270682,1.0357762078072037,1.5683286495630717,1.8284754242194947,0.19638728193288651,1.033659455950409,2.8180132264891657,0.09298713428523736
2014-02-19 12:00:00,DEHM_noBD,2.2026984585924585,0.665848232937738,0.5304680358388507,1.6906542528390167,1.0316785801195354,1.432401288584587,1.6662342973167268,0.1832300934453773,0.8928674566938075,2.2920614022767203,0.08971182273144294
2014-02-19 13:00:00,DEHM_noBD,2.152594145676442,0.6147248687871358,0.4572842959421267,1.6249741166907592,1.0302370399590768,1.3330545912525686,1.2954506559562402,0.17077782842607692,0.7835579800106585,1.9600488323876133,0.08945100303065896
2014-02-19 14:00:00,DEHM_noBD,2.08664344925893,0.5497280404953192,0.5159062869252345,1.5288354970525595,1.003946245789295,1.2774885906497784,0.9661610405295987,0.15823974826019951,0.7323055552118272,1.8259300459104417,0.08966779203263854
2014-02-19 15:00:00,DEHM_noBD,2.2664422039474545,0.5487920172102749,0.8014172980635456,1.4971538895646352,0.9814110527919697,1.2121036342798748,0.8669132353640725,0.14407770581841922,0.7083490125272841,1.8561660013647936,0.0944341126345632
2014-02-19 16:00:00,DEHM_noBD,2.4878535533613384,0.5916823183318757,1.151053058080368,1.550846529039778,1.0065143139118329,1.255823546382024,0.9852270970019203,0.12815953155125936,0.6578108382197096,1.8447388900260528,0.10310040353436978
2014-02-19 17:00:00,DEHM_noBD,2.2844103291988698,0.670661487351887,1.3209076837821407,1.7051479352592795,1.0874844034024234,1.3961361308782059,1.1590279435731412,0.10886622877423399,0.7085193618028609,1.722702128162398,0.1167511522736981
2014-02-19 18:00:00,DEHM_noBD,1.9363529475458292,0.8201566287288127,1.1026654867660977,1.892246261507276,1.2183980406230037,1.6525895181892107,1.7312131548365461,0.08985788136708069,0.9373981171551347,1.758016444942136,0.1362057503436399
2014-02-19 19:00:00,DEHM_noBD,1.5655080087046371,1.089121647584248,0.6338260517901064,2.0588568838232235,1.357963519779453,1.9430255553968763,2.3031199517189664,0.08331688719846528,1.121154915803522,2.073377309656902,0.154712547240292
2014-02-19 20:00:00,DEHM_noBD,1.221784791165702,1.3312196928653788,0.43049753312075034,2.219361925382351,1.5090747206092625,2.0259360401141455,2.7931269049328105,0.08396302363177335,1.1557498465957492,2.171200713173831,0.17382421825968652
2014-02-19 21:00:00,DEHM_noBD,1.0892571372466722,1.3670385689482418,0.38902040263422466,2.1732967705213255,1.5659974516918322,2.3243992996975082,2.963659339973987,0.08528756639824446,1.1163427780726924,2.0463071568546347,0.19947077686693748
2014-02-19 22:00:00,DEHM_noBD,1.1033217073854804,0.8969410854871629,0.35375902867171183,2.215497331464894,1.7008014979402721,2.62459530305987,3.028546011006441,0.0827959386760668,1.0368650168953835,1.7202439328587802,0.23075652235105626
2014-02-19 23:00:00,DEHM_noBD,1.1292273648460953,0.6090719495554512,0.3188352883800608,2.1524652387951977,1.8125717917153983,2.769466640405991,2.9421835591450662,0.08358768301133196,0.8824822607264668,1.3576377018819563,0.26511419743462455
2014-02-20 00:00:00,DEHM_noBD,0.97514177189257,0.5569539125198637,0.28183468939423617,2.1445666363770584,2.0092822227073834,2.5658702052036513,2.70510393581033,0.09166012056970897,0.7079066991812736,1.1269392655832133,0.305732977049339
2014-02-20 01:00:00,DEHM_noBD,0.6204305624996871,0.5345412638179956,0.2121394879286409,2.098423748844748,2.3933888796896117,2.2854454337739596,2.5459076615804874,0.10158884501697019,0.5911315250319242,1.0945328757565096,0.35393874486837285
2014-02-20 02:00:00,DEHM_noBD,0.5880179191946144,0.4995628028527924,0.1967884846253133,2.06825302582761,1.9261145893660558,2.3000081046422434,2.446836935753357,0.11376017586549145,0.5460320474077016,0.9751200947692619,0.39727049297061034
2014-02-20 03:00:00,DEHM_noBD,0.5706198854614141,0.44438558902216707,0.1880389205863186,1.9914763453568427,1.5063973942869902,2.211360972982286,2.4532412823513496,0.12797946891934248,0.5834693633781372,0.7193531608745455,0.4244023462209454
2014-02-20 04:00:00,DEHM_noBD,0.5608729432637336,0.3464792257143928,0.1926795845007569,1.9479862322246726,1.497624853570154,1.9786695712881188,2.152477729450115,0.13841736462642218,0.6775585857103764,0.5537652781630865,0.44822278860656306
2014-02-20 05:00:00,DEHM_noBD,0.5526986258807871,0.3060633556421146,0.25669989139333227,1.9311668062825444,1.678495107868686,1.6958718108383226,1.8851694905103045,0.13837706322358967,0.7590103320797905,0.5320896924211923,0.4760338599693634
2014-02-20 06:00:00,DEHM_noBD,0.5608521098653412,0.34341622790730547,0.310455001269034,1.8129233821694193,2.020679070462165,1.853782959552995,1.8391441972157963,0.13424056706438636,0.8044693951696157,0.5187512135736224,0.5045181914917687
2014-02-20 07:00:00,DEHM_noBD,0.5704728161517529,0.35016148700813515,0.38125495271829263,1.8309999436256605,2.2562732535852073,2.339189000303963,2.006465534147177,0.12774469955326745,0.767645575444423,0.46805557925035235,0.5330235740470451
2014-02-20 08:00:00,DEHM_noBD,0.5546138708075601,0.3343102903877268,0.46242625643320606,1.8289116370278116,1.7808984356324282,2.2050584483822764,2.271566053433342,0.11579841475992872,0.676413557917939,0.4431055444020777,0.5409869618946639
2014-02-20 09:00:00,DEHM_noBD,0.47921429298304935,0.3978012303801095,0.5173679725541732,1.940317943379845,1.7464117946306894,1.9154417903336212,2.2428262539946267,0.10225276573083236,0.6106714502811977,0.44771319320384406,0.5422007846631947
2014-02-20 10:00:00,DEHM_noBD,0.4202509043518267,0.39334856266019624,0.5864582893556425,1.1756245995963512,1.238518472993695,1.0103854691436736,1.5440707967915948,0.09522228261666074,0.5683108709372137,0.38050466469517896,0.533440045325104
2014-02-20 11:00:00,DEHM_noBD,0.4273579674674151,0.49165536489120665,1.2699189872105978,0.681087341774211,0.713178612605764,0.6876414982603551,0.9149802779804396,0.09759676055217263,0.4453396924239489,0.4137718227361701,0.5206591582190616
2014-02-20 12:00:00,DEHM_noBD,0.6223082954104919,0.84151888053135,1.6643394109514449,0.4539785944253531,0.6157878205993794,0.6016572133291753,0.561509453605925,0.10572793359277757,0.38420771197481995,0.44133897110978126,0.4977589383138063
2014-02-20 13:00:00,DEHM_noBD,0.9010280494111498,1.748163963430915,1.5913325093350186,0.3589791430039872,0.5774006773698097,0.5852681839923968,0.4033186388622882,0.11796124526514197,0.3404246298638311,0.621108213609386,0.49232964732337736
2014-02-20 14:00:00,DEHM_noBD,2.241225992459734,2.2013845516569446,1.2843110099941315,0.2804222708046762,0.571257651022193,0.5698098142005859,0.36805978543605294,0.1271054962392522,0.2987512331632011,1.249939824110343,0.49337207567030084
2014-02-20 15:00:00,DEHM_noBD,2.673764480548902,2.0689879038776526,0.9983323370897141,0.2561399499847524,0.5876307992727867,0.5671592252141453,0.3647589474452496,0.1380569843392072,0.28748884050934564,2.532796087290542,0.49818238801149173
2014-02-20 16:00:00,DEHM_noBD,2.437506674804891,1.646086741905813,0.947498094174866,0.2689165164805957,0.5932026407842361,0.5631995609059883,0.43756717605726647,0.1675728275595232,0.35224291367472377,2.7742211049805325,0.5254293422272615
2014-02-20 17:00:00,DEHM_noBD,2.3718835614725564,1.3861695355149557,1.0468190598300442,0.3497523674691544,0.5673151934320573,0.5821485586000725,0.509799150519318,0.21006116842869652,0.5497358694423549,3.216948895445526,0.5612410225559072
2014-02-20 18:00:00,DEHM_noBD,2.6587185142487937,1.5163402177074272,1.262969391068536,0.4306770225870522,0.5130555343393888,0.5714148884735977,0.5848708857563687,0.21933537944722908,1.0950341943738329,3.225149160107458,0.5813769629371258
2014-02-20 19:00:00,DEHM_noBD,2.2949798966652346,1.7491659548580345,1.3674772921139071,0.44153765098572284,0.5283602389197236,0.49009187967605183,0.5819696497448045,0.2748733985321223,2.031838241854012,2.5542656133164092,0.6163900592899414
2014-02-20 20:00:00,DEHM_noBD,2.29648258240778,1.8351803724872042,1.4178237341112316,0.3796590692944084,0.6065719378045107,0.5003618743686895,0.47823828584626066,0.3192303269822894,2.6485579594016633,2.8764907743700032,0.6504782268467264
2014-02-20 21:00:00,DEHM_noBD,2.0661739626919573,1.9019115658858046,1.5755031816539902,0.3289176526637503,0.6851504811164271,0.6615566030084307,0.4143261721845832,0.315922992418371,2.905360137071237,3.09578548049083,0.6553883165458403
2014-02-20 22:00:00,DEHM_noBD,1.835147404907844,1.8651704214894398,1.5090225286617327,0.31833100036761763,0.8058870151315256,0.8315975205630093,0.4856516543700947,0.3603566051834821,2.6649932912003247,2.9860377163640415,0.653934910386186
2014-02-20 23:00:00,DEHM_noBD,1.7833089441851155,1.8941656695049327,1.2240269845587486,0.41696420937672957,0.8929726221959945,0.9518415838665166,0.6959052166876523,0.37309218769278363,1.982720065382123,2.8943475796081866,0.643146592650935
2014-02-21 00:00:00,DEHM_noBD,1.6675202016213724,2.0511365150896994,0.8885853117227589,0.6145203183271154,0.8793939102318137,1.0821343554654832,0.9676837995388359,0.3148756410080194,1.7107593491363524,2.5860903330693397,0.6099179977610706
2014-02-21 01:00:00,DEHM_noBD,1.4053226141675748,1.9766075423033347,0.5366380069853999,0.8344997922342218,0.8598549104754533,1.1809056204784776,1.2016036550707847,0.21235064115229985,1.4949853559627382,2.243285186998956,0.5468837852592765
2014-02-21 02:00:00,DEHM_noBD,1.0622906141407973,1.6526906498991696,0.3257992185275908,1.034332456536535,0.8549700315888785,1.3156426163649,1.3428793822795546,0.1285816678521035,1.3781929588064923,1.878375186576247,0.48340950859665854
2014-02-21 03:00:00,DEHM_noBD,0.8853095312090031,1.2901376472565904,0.3504448552158695,1.1509135426806192,0.7685203643848746,1.376999274110645,1.4363447578196065,0.09441818018987766,1.2150258408658952,1.684688250482138,0.45048104062590744
2014-02-21 04:00:00,DEHM_noBD,0.9111044935623741,0.9610602148255286,0.4945853523839463,1.2035042180293472,0.814098714064099,1.3878952732307046,1.5606850595099384,0.10006513267055148,1.0326700052918494,1.631163835414946,0.45258596728552114
2014-02-21 05:00:00,DEHM_noBD,0.9962086954743974,0.7444787043821253,0.5521382443618936,1.148173590331067,0.9163359656830876,1.3197902973894076,1.4827330786197515,0.1207240597137807,0.8261517927768454,1.4506832336628066,0.4753469914963468
2014-02-21 06:00:00,DEHM_noBD,0.9806276213106325,0.6634160144078358,0.6012669656002171,1.060352229466201,0.9277492276535555,1.1869821554206148,1.3206877084193773,0.1416555160492657,0.6737863745277934,1.2678113749361226,0.47032187387499946
2014-02-21 07:00:00,DEHM_noBD,0.9795360106912068,0.6704792374152503,0.7805346128348261,1.0825571426223277,0.8347486549985781,1.0867152652604597,1.273844501056359,0.16657224809959514,0.5802749018929805,1.1479599376301652,0.4366469806078076
2014-02-21 08:00:00,DEHM_noBD,1.138909756046813,0.6498853297291696,0.8026142370437084,0.8833312644460634,0.7446559762269815,0.8449763346921152,1.134676981462125,0.19811822975009663,0.5760224442971683,0.9427593950182339,0.42018524155173437
2014-02-21 09:00:00,DEHM_noBD,1.2440709557267837,0.6304666564267595,0.8391431691245175,0.6342128964623006,0.723484570076186,0.6818910540640879,0.8757959090299339,0.2126761973231657,0.615623800209956,0.7130871662978455,0.4995607212596386
2014-02-21 10:00:00,DEHM_noBD,1.2511206362623628,0.6799107223895284,0.7826491599329933,0.553782104662077,0.8507198519329726,0.7141466469528804,0.6617427843158662,0.19927565574567746,0.6045078541690203,0.7380232118542492,0.6435840614998339
2014-02-21 11:00:00,DEHM_noBD,1.0375096135143238,0.6917536145964077,0.6240781055418262,0.5562694751367024,0.9291187491508013,0.8060082291156005,0.6170218527621362,0.17330503857756013,0.595322713396903,1.0791560411531478,0.8175834157466143
2014-02-21 12:00:00,DEHM_noBD,0.9830032528739282,0.6114533115149381,0.5439654941629408,0.5871475393151132,0.7386931610571963,0.878955573632447,0.6529930669154906,0.15404416406493626,0.6271178753693214,1.317714619353921,0.9088945198713987
2014-02-21 13:00:00,DEHM_noBD,0.8288917239745914,0.5994586626684385,0.48453462904455835,0.5527844047743682,0.5747811957742273,0.844345411322027,0.5959237026249995,0.13703642045276232,0.6710067178565449,1.3941698308368853,0.8958253469914197
2014-02-21 14:00:00,DEHM_noBD,0.6255253965081135,0.617539670940223,0.4883593459480348,0.4892332668079262,0.3866859074113144,0.7162358914598648,0.6171531822241865,0.11935771690752342,0.6683589970897323,1.3455970576350578,0.8607438523775338
2014-02-21 15:00:00,DEHM_noBD,0.5570504329656762,0.5810928452987264,0.5939884713515639,0.4742250377989349,0.3191154850509669,0.6090949135862216,0.5770286166622338,0.11553292759945605,0.6949336500493436,1.3421708932606433,0.8132854886200278
2014-02-21 16:00:00,DEHM_noBD,0.655601788804836,0.6289621686728868,0.7430086685362458,0.48904969367523354,0.2714362002331064,0.4356841518012672,0.5013195798902388,0.10477456779442701,0.7064065898339822,1.3936092562505893,0.7716625624930857
2014-02-21 17:00:00,DEHM_noBD,0.8882407569151755,0.6963590851850201,0.7643893215038626,0.51571316390963,0.22395789267850097,0.41351068704738253,0.47553002398400257,0.1323485065622627,0.6687326475829256,1.4066894801293635,0.7075915579491108
2014-02-21 18:00:00,DEHM_noBD,1.1211132484544255,0.7827172403387724,0.777137976951152,0.488118943381812,0.33410873407760167,0.5836081713897794,0.7156086702577591,0.15867884547885489,0.6872054544421098,1.320521979587969,0.650415880608391
2014-02-21 19:00:00,DEHM_noBD,1.1240722975016477,0.8197357031207531,0.6719738048685527,0.4945312973116022,0.5374470805094553,0.608946771744723,0.8959743445824759,0.18041660320479408,0.7256782188188283,1.6744790011398933,0.6246189148139486
2014-02-21 20:00:00,DEHM_noBD,1.1637056654257931,0.8589489242392592,0.4578988767416914,0.6260178299084713,0.5317434056163997,0.7284072331830982,0.9565985695490642,0.1983502820627018,0.7784234000414235,1.9062116055177316,0.6142116699831139
2014-02-21 21:00:00,DEHM_noBD,1.165940314842984,0.7486774446408637,0.39040497648929234,0.7179361090729275,0.4517502996631013,0.7964554803931149,1.0151948828222102,0.24455686899662013,0.8237969131114705,1.8832615538388628,0.6142856689075729
2014-02-21 22:00:00,DEHM_noBD,1.152477180212941,0.5390778380640875,0.4220520621845544,0.6845255274239539,0.42230427635375856,0.8888264300210917,0.9631649587563216,0.2959903431750833,0.8217152644501625,1.6266288432134806,0.6244172480587753
2014-02-21 23:00:00,DEHM_noBD,1.1406013090007565,0.4958257378769573,0.49682586049757316,0.6253987592648423,0.47929263475040434,0.9711268550693676,0.7831656615600222,0.3011174655577539,0.8240983423811942,1.5407516830794696,0.6246382336878007
2014-02-22 00:00:00,DEHM_noBD,1.1357798556383045,0.48912811590531824,0.5815230457407085,0.6990701851626914,0.5461986477306251,0.9209208046978685,0.7238340830081931,0.27051364454716437,0.8025653657571226,1.6715141318509261,0.611095672541909
2014-02-22 01:00:00,DEHM_noBD,1.1789156284522264,0.5542369979217274,0.6203631690659047,0.775782667042542,0.6121758716713869,0.8897915560153798,0.7611425605753852,0.21220909226551649,0.8032100403555482,1.4511750194519943,0.6062440107328024
2014-02-22 02:00:00,DEHM_noBD,1.2041816517095267,0.6309880934061483,0.5196816054211696,0.8223158359969721,0.6139363214166043,0.8831729713805986,0.797647095748063,0.14240453665763128,0.7829703895714133,1.7144562708667852,0.6003697421490539
2014-02-22 03:00:00,DEHM_noBD,1.5175899853597112,0.5977115230790153,0.5143333992792467,0.8563173573983744,0.5464640745035978,0.863711560912427,0.850303418630647,0.15184057937577355,0.6483853744767978,1.749445062474143,0.5979635329965083
2014-02-22 04:00:00,DEHM_noBD,1.7236898824305835,0.5590143430632725,0.5084486235768622,0.902366808171804,0.48036556239641726,0.7923600754228287,0.8649621580891798,0.1844891554652897,0.5407315257125346,1.9334671174383535,0.6169698320354986
2014-02-22 05:00:00,DEHM_noBD,1.723193264329657,0.6201463899278639,0.45361616227703627,0.9539567450315575,0.42806971826568235,0.7320611793185456,0.8620574304611478,0.23390073750101018,0.5632728696653989,2.439952109097093,0.6259369145505689
2014-02-22 06:00:00,DEHM_noBD,2.083007300196737,0.6643141123235039,0.3509206739891214,0.9316054943893469,0.398489953476442,0.7430082659097633,0.8120281693436674,0.22025091949939724,0.6261946240815148,2.7462917487488694,0.640654107465092
2014-02-22 07:00:00,DEHM_noBD,2.1598146839594095,0.548001360458415,0.3313691579816559,0.9046421981248081,0.3749063767294585,0.748906124910292,0.7732830605307764,0.20995126312695425,0.639179152180329,2.976026123874374,0.667366342471931
2014-02-22 08:00:00,DEHM_noBD,1.7410242060611398,0.4049974827954544,0.2633690971908374,0.8482454258015959,0.3038679003919845,0.626826285512417,0.7367153254834442,0.20935109738241872,0.5964412868991493,2.445502585454956,0.6821405007986538
2014-02-22 09:00:00,DEHM_noBD,1.5436511207970232,0.309994483113326,0.20498564842687686,0.5944134147175567,0.24797254519927298,0.5077304545776243,0.6641850358761441,0.17025490624643846,0.7382456917794049,1.9441580504983107,0.6877953319344017
2014-02-22 10:00:00,DEHM_noBD,1.4114804074617102,0.2540931258475547,0.19377981590073892,0.5104129480828679,0.24620230794126158,0.42157119815326116,0.6046839345484377,0.11183186436094328,0.6500631486386059,1.5805412905834053,0.6616361212942934
2014-02-22 11:00:00,DEHM_noBD,1.233711639697412,0.23056506612753713,0.15705680138092942,0.5047150720996029,0.24446849770045828,0.42404728616309223,0.557246756132593,0.06490116924488903,0.5311484814119338,1.3423478790081225,0.6089698786807105
2014-02-22 12:00:00,DEHM_noBD,1.0932839295295627,0.20081856550918872,0.10498509038186621,0.5145001795036308,0.25108443113844836,0.4312207295142032,0.5336002763179986,0.04778137608497861,0.47854459280356765,1.2247310365785913,0.5427887003103784
2014-02-22 13:00:00,DEHM_noBD,0.9376758368468634,0.1579555988509416,0.07475702037429433,0.5127106534889274,0.2712926323369704,0.4379458258825021,0.5250218551076025,0.046622387134039225,0.40482209778489536,1.1875950245117897,0.49547244325705087
2014-02-22 14:00:00,DEHM_noBD,0.7663765189157071,0.12662260482331958,0.06576050348582206,0.5160879962632197,0.29414444144538593,0.46913415586112406,0.5263214513544724,0.05909638918519004,0.3750060554307326,1.1514105461482926,0.4912972370879455
2014-02-22 15:00:00,DEHM_noBD,0.6312891621156798,0.10405379975084678,0.06357216779896396,0.5219967229166868,0.33626015245857166,0.5304612260015342,0.5356200246279021,0.07036359858250228,0.31313152919045645,1.1042119906602763,0.5452968759507836
2014-02-22 16:00:00,DEHM_noBD,0.5495119306768808,0.09284861065039285,0.06854530428966457,0.563213143328718,0.4250713356272551,0.6194959678353215,0.6033541176716972,0.075787813898921,0.2667149469195026,1.0367126516537535,0.6367976323115208
2014-02-22 17:00:00,DEHM_noBD,0.4641620621756022,0.08579848811455937,0.07158034425489741,0.631434674494709,0.6183353498954325,0.8085084615818826,0.7586309010713698,0.08119020655794044,0.21974717402516847,0.9220864416782604,0.7086785910104959
2014-02-22 18:00:00,DEHM_noBD,0.3928315414892357,0.07383505954945507,0.07442960851648138,0.7506523911765104,0.8618258168759197,1.1143654640601033,0.9802791850851614,0.08702836211359116,0.17225656207408285,0.8105219221388187,0.7165218857363727
2014-02-22 19:00:00,DEHM_noBD,0.38420035648822193,0.07048384327277,0.07734800273326503,0.8674552565371612,1.0505912142669316,1.3902639976247195,1.2909867219029132,0.09617948877953918,0.14715931766353535,0.7527790660673856,0.6716950693033052
2014-02-22 20:00:00,DEHM_noBD,0.4315702986460668,0.07457639556474127,0.08370677852682791,0.9874624967030545,1.173193162418995,1.643494876694106,1.5596785185114397,0.10092028815689486,0.1449541157371456,0.7270874296476901,0.5920022463834285
2014-02-22 21:00:00,DEHM_noBD,0.4570369749683781,0.08482028951776968,0.10109840340088962,1.1179319145763902,1.2797890312967541,1.8127921321841367,1.6924836002924315,0.10163351600881648,0.12356902813935869,0.7510235185099462,0.506885907459841
2014-02-22 22:00:00,DEHM_noBD,0.44796866257644485,0.11217802510278435,0.17808596333001991,1.1695074187049879,1.340313277193047,1.8361734710081459,1.6895254416210326,0.09955716228920014,0.09948165041083691,0.7761166464304003,0.40476071912733824
2014-02-22 23:00:00,DEHM_noBD,0.5721211285575886,0.21683277224844344,0.2813500381260385,1.085422089802442,1.4033630084064044,1.7655644449570798,1.8937383841934612,0.1017628854596055,0.09901621823580221,0.7702866846494469,0.2988339510329626
2014-02-23 00:00:00,DEHM_noBD,0.7179758165056909,0.3165764445686102,0.3115587887441238,1.109266281513068,1.411915563782193,2.0361397466476356,2.1031691395879326,0.13074361674296658,0.11259625028497176,0.8755099719737645,0.22264150341329153
2014-02-23 01:00:00,DEHM_noBD,0.7256132634607795,0.32785710429342313,0.34569536424126235,1.160070770050386,1.6743111118426548,2.164733322025859,1.7758851656459178,0.1547572522510773,0.12367285938631381,1.0481399099904265,0.17632386644292616
2014-02-23 02:00:00,DEHM_noBD,0.7520413744560617,0.4471290114243048,0.5004308623043121,1.1736757665811477,2.071690210370617,1.8391408582163835,1.5503061674884333,0.2413642368363215,0.15745821969060325,1.1279099487819546,0.15008433392955442
2014-02-23 03:00:00,DEHM_noBD,1.097672951961454,0.6942289581032283,0.701052830277197,1.231220366360756,1.945106179071525,1.6963590920867815,1.5098180894826818,0.3889148282877355,0.2448757287093729,1.1528385191296042,0.13311946591700882
2014-02-23 04:00:00,DEHM_noBD,1.4982453273612493,0.8933463778354972,0.7963636387034877,1.2814362277398643,1.9191612705557608,2.0160874409733336,1.5934422435904294,0.5077929794369637,0.35385674515895066,1.4008405185509754,0.1228647677038935
2014-02-23 05:00:00,DEHM_noBD,1.8941217114609852,0.9973638654844555,0.8481953513183444,1.3357264835887193,2.2516852600668003,2.299028559173355,1.7446523445348394,0.5756228158307074,0.4430002609813771,1.6902921329150022,0.11347675548157642
2014-02-23 06:00:00,DEHM_noBD,2.431115033607446,1.100916930238679,0.774308893091753,1.3737756440433846,2.3424797438520937,2.181369265802731,1.7629757999158209,0.4776968001133203,0.7115767820228264,2.1092825285013577,0.1110600750545504
2014-02-23 07:00:00,DEHM_noBD,2.9799776342993973,1.4698035582821443,0.6567595173463223,1.4426034472995066,2.1925535456568843,2.0003440272422393,1.6971180359902815,0.4780554933196306,0.8398798365949094,2.350332117250683,0.11511240328887926
2014-02-23 08:00:00,DEHM_noBD,3.1671101541742313,1.4653548271843047,0.4789656778829543,1.395391537170885,1.9585667249483427,1.755159304761146,1.5770119473455229,0.5824919321233033,1.003088934907168,2.605397715113237,0.1289457700567535
2014-02-23 09:00:00,DEHM_noBD,3.2002318716722917,1.1837015098447725,0.6775889179697445,1.2540435072209142,1.698365661208844,1.5188725857065222,1.410652440296224,0.49675206077635276,1.370780367682725,2.874039204561096,0.1743354375446307
2014-02-23 10:00:00,DEHM_noBD,2.8783420647962763,1.5300525450173579,1.3436546718430704,1.1581784701945639,1.4928602445946353,1.3133597740377718,1.2798771904621353,0.3336047153127193,1.8311531618973613,2.930441711057145,0.2433556667797767
2014-02-23 11:00:00,DEHM_noBD,2.4016654453342317,1.7835434096158762,1.523821263600639,1.0699513308677704,1.3211896644559968,1.1929199320818018,1.1352210687852191,0.20640517394989713,2.0257946023800595,2.400282798084207,0.3558569079504254
2014-02-23 12:00:00,DEHM_noBD,1.7242197273866182,1.6569303652362692,1.5367260491146963,0.974989074838995,1.1076562472267704,1.0609489926954965,0.9846722971509977,0.21572204882562152,2.1526946409358083,2.1357916810404696,0.47195004431608106
2014-02-23 13:00:00,DEHM_noBD,1.1307560475044687,1.5127447600253203,1.6124972514328546,0.8345964292210055,0.9001715351176003,0.9624796132392262,0.8850236604399271,0.25322488551400596,2.2163807210653643,1.993769395471327,0.5903732474750373
2014-02-23 14:00:00,DEHM_noBD,1.1509659813042903,1.5007609708297145,1.5096223812197358,0.6952705174203063,0.7775104255108767,0.8578528680750381,0.7974158126835358,0.281280041727796,2.0588131780454146,1.8578554025162148,0.726596662200163
2014-02-23 15:00:00,DEHM_noBD,1.4034942759793574,1.4213323637721216,1.3702772643828496,0.6042692994721631,0.7452795555105269,0.7578528425478865,0.7380894986897912,0.25741059453427784,1.633533148154514,1.613995649132165,0.9079326486824545
2014-02-23 16:00:00,DEHM_noBD,1.6417277302146196,1.4440064325762516,1.2484438663853368,0.6066819606768752,0.744274597885654,0.7935459265071967,0.7303472422329012,0.20233672232642766,1.5685129853214976,1.5487710835652053,1.1239895248494856
2014-02-23 17:00:00,DEHM_noBD,1.7131508648861131,1.5655730581325598,1.175453378302837,0.6571698515996064,0.7919946963343081,0.8632284936003713,0.7531121255674299,0.19469915248202135,1.667014103955855,1.8297154776999167,1.304643814082667
2014-02-23 18:00:00,DEHM_noBD,1.756419833729138,1.6867632486501667,1.1714311188062325,0.7809581776441608,0.9384731652114471,0.8940027956646192,0.8067588989585857,0.2054477989911194,1.7689292390276492,1.959805179120088,1.461651142260991
2014-02-23 19:00:00,DEHM_noBD,1.8108083106255555,1.8880645956782365,1.0542302634134608,0.9074415372419244,1.2435732916686195,0.9906559959946277,0.9285292186665729,0.22235754506930688,1.920646962224543,1.883872809067089,1.616166462726798
2014-02-23 20:00:00,DEHM_noBD,1.9289814265497867,2.0709588475375735,0.8700010062897484,0.9948845083296765,1.5700816062400236,1.0623540321137859,1.0717522660995304,0.2444487937791644,2.195161545972778,1.7200867966357245,1.7113219340158348
2014-02-23 21:00:00,DEHM_noBD,2.0287104536746883,2.259729601633162,0.7284911293394118,1.1404042041749332,1.700183009950798,1.1219265988460374,1.1442640127077162,0.2584514344677329,2.5147999399133862,1.738245696092206,1.7444997796908392
2014-02-23 22:00:00,DEHM_noBD,2.2593135934348885,2.440619141918199,0.7479832990835977,1.3153873401460003,1.5446762097719124,1.2196024205556604,1.2617815356865822,0.2635630849472432,2.8093724815541417,1.8209027645687246,1.750911386027047
2014-02-23 23:00:00,DEHM_noBD,2.634924408383719,2.5552083922534483,0.8170663501749839,1.490003265481498,1.4230764563839138,1.1865182613469194,1.5588021050199483,0.2698793948290496,3.017992862070696,2.019233796779257,1.8014254242858196
2014-02-24 00:00:00,DEHM_noBD,3.006826578371139,2.687643861627372,1.067825795749426,1.5372134688639036,1.28409308652699,1.1251488123248121,1.7800176344054683,0.27931985327795134,3.1759206116650955,2.2942079216786055,1.9659857398005107
2014-02-24 01:00:00,DEHM_noBD,3.287514801578934,2.9120666274952445,1.959235486094649,1.5989088384098955,1.129581252389699,1.3070343961670297,1.8238240038867994,0.29877243305481965,3.321224542476707,2.5994579553602075,2.190262485382799
2014-02-24 02:00:00,DEHM_noBD,3.502685982369949,3.195454706962943,2.674974564871104,1.6226099827629095,1.0361935172158665,1.7573252344374313,1.8919234196078265,0.3381645463621615,3.4224131390575137,2.8932606333287527,2.3854351621633394
2014-02-24 03:00:00,DEHM_noBD,3.6426165661074537,3.4402554978430513,3.0718593287433626,1.4934863551392268,1.094384509964548,2.035888606068506,1.921938046473577,0.4163589948315917,3.4845954658263176,3.1260921178505012,2.473660252071284
2014-02-24 04:00:00,DEHM_noBD,3.7070705133159487,3.6496231622782727,3.408582793151672,1.5896137379160895,1.2905456799715944,2.0653611959081006,1.7484215149317217,0.5684752163274587,3.5760835420288704,3.3140074406071007,2.473299504266046
2014-02-24 05:00:00,DEHM_noBD,3.724266684624668,3.383255759397224,3.338208632829404,1.8310836061293818,1.53736353560281,1.93640643268768,1.7897884246387425,0.8283374444626272,3.6573585159811373,3.4538240826077384,2.449022670423947
2014-02-24 06:00:00,DEHM_noBD,3.651197726914692,2.8186118716083834,2.933595222714935,2.097113519941634,1.6665781678059979,1.8966393654491704,2.0170498135230783,1.0279962401041387,3.717799906930849,3.536162444750145,2.4588663475023957
2014-02-24 07:00:00,DEHM_noBD,3.415946497983132,2.8033147036642023,2.3861995850836117,2.1926552674275825,1.693775281117754,2.068503699927865,2.194629952812642,1.1483271611501276,3.738993226318136,3.3888053080097773,2.4222798011814057
2014-02-24 08:00:00,DEHM_noBD,2.9059643145306406,2.9992117937790046,2.4640006575293656,2.1087227258545798,1.841540099026831,2.21677557838859,2.1326823379091033,1.2838760811138152,3.4386802312380818,3.1942008081249798,2.345221455615945
2014-02-24 09:00:00,DEHM_noBD,2.3765184706890956,3.0930934470097626,2.744504149266933,2.1073671819751514,1.9026397033877391,2.1711469974850615,2.0256898936740355,1.391721987655163,3.133678441744857,2.827422785865206,2.187643475702908
2014-02-24 10:00:00,DEHM_noBD,2.0866000734031247,3.0293048767751176,2.9857834401397034,2.018393032091542,1.804052019101721,1.9381515965249627,1.9818957935184804,1.4623941418451072,3.08139776281178,2.0867866337429843,2.0436496837158504
2014-02-24 11:00:00,DEHM_noBD,1.580589216847687,2.7122375588802106,2.98389847451943,1.7807522797791724,1.6627671302009104,1.6537928458508022,1.7888967542885303,1.522078932815194,2.7890077824666255,2.131187248530026,2.0997360124290547
2014-02-24 12:00:00,DEHM_noBD,1.8331865656278885,2.398101764879299,2.5484254117032434,1.459184709871527,1.5056039732762836,1.3900151061110375,1.5992434823428818,1.4588906242892148,2.2007691929956157,2.6564645534959404,2.353838138365745
2014-02-24 13:00:00,DEHM_noBD,2.070383253287709,2.0153425785114334,2.4052834236914253,1.1622992409719721,1.398115069842045,1.2402793636820082,1.2461868468286972,1.4412973366901278,1.7828361818003655,3.1099916423550855,2.5695551606040454
2014-02-24 14:00:00,DEHM_noBD,2.1040890015793,1.669649639760321,2.1822430578885443,1.0212757561952233,1.3092173784016923,1.1646761852773178,1.0576933527721881,1.7608731544236842,1.4193238954534764,3.5510910100567648,2.7591589610439353
2014-02-24 15:00:00,DEHM_noBD,2.3074874366631257,1.9037249291104725,2.1167524835700138,0.9847196935338451,1.3074950579668871,1.150100418191978,1.0267169963347031,2.142188017964735,1.844724959478771,4.121015673943688,2.7003430346920343
2014-02-24 16:00:00,DEHM_noBD,3.245353383564744,2.2360086823479874,2.200887852309589,1.0849764950489806,1.4704026516102675,1.27175120724496,1.0985765304105934,2.3540422351536154,2.286857991660913,3.377873526844558,2.539302270889542
2014-02-24 17:00:00,DEHM_noBD,3.1907626457748015,2.145724028395771,2.351450495216845,1.2528297796786594,1.7636265454105018,1.4629122333149263,1.253722153127934,2.4277002098286156,2.4762508382238546,3.00335808710243,2.375368060707003
2014-02-24 18:00:00,DEHM_noBD,3.535836355615903,2.097865275045511,2.3254867853301966,1.542134867362932,2.0604520206815584,1.645534225049742,1.4695171152773214,2.5760968053093554,3.047511046412608,2.442676152790191,2.050788525215015
2014-02-24 19:00:00,DEHM_noBD,3.497127221222488,2.1587945676891054,2.3292209327332687,1.7878509358166992,2.367461781900631,1.7982711723849383,1.685656685798803,2.62245617928911,3.5175230700109466,1.7800554200615997,1.8207655844317003
2014-02-24 20:00:00,DEHM_noBD,3.1177066372850284,2.3557812244866074,2.6232690256662377,1.8084691374145183,2.606661012275296,1.9456094976909175,1.9005234594536802,2.459306559682712,3.471983755837585,1.7491419363048823,2.1033458423620464
2014-02-24 21:00:00,DEHM_noBD,2.6544693318949317,2.6861320806902325,3.1499952838819585,1.7878613938044194,2.728624826146848,2.063717721702809,2.031053252239255,2.311389777119681,3.4560306694164797,1.8992230325723254,2.4793414315742255
2014-02-24 22:00:00,DEHM_noBD,2.3219521793276234,3.0082243671352282,3.669806746641606,1.7699009537447807,2.7703178766551297,2.145445832030058,2.058284243472473,2.227495537629202,3.2135644858882335,1.8826737829663418,2.5585211121466758
2014-02-24 23:00:00,DEHM_noBD,2.240148344724784,3.3560060791475275,4.111957128158425,1.851356823776787,2.7895545526904884,2.194782049410802,2.013031878371249,2.1482047960431125,2.7813489213403004,1.8714572039678696,2.4568612715891005
2014-02-25 00:00:00,DEHM_noBD,2.3279946976954493,3.7149294172170566,4.4450225811910125,2.020681758877419,2.8160567129568777,2.1857628106650675,2.0106300010585176,2.1775293028052154,2.5080321838216024,1.929121098060608,2.3898046304798126
2014-02-25 01:00:00,DEHM_noBD,2.6504550535762315,4.078444683508001,4.711944803108258,2.0895938414139144,2.744402871692791,2.117664857271904,2.0934665798964054,2.534476560654938,2.4838388908409237,1.877843277424872,2.403790986814946
2014-02-25 02:00:00,DEHM_noBD,2.9924273903399703,4.494661806242684,4.953434996755407,1.9300390080837502,2.6719060957154204,2.02846901938188,2.1388597111694265,3.2295651031617076,2.4454977278749643,1.8128242461401225,2.451968131709788
2014-02-25 03:00:00,DEHM_noBD,2.971701698773205,4.802766313046789,5.2221480693498155,1.6634122534791087,2.6943927593415227,1.9432903422424976,1.994818883287438,3.931596499417796,2.337140989495218,1.7688348810195924,2.4872390012474543
2014-02-25 04:00:00,DEHM_noBD,2.8934839107227326,4.9801551554741295,5.478486459765119,1.4604198408904538,2.6543068547847675,1.8287050343366833,1.7165054642608355,4.416409448758364,2.2991969171932336,1.7593179257655143,2.525046446448863
2014-02-25 05:00:00,DEHM_noBD,2.755229484949708,5.006757309854832,5.6948290613315065,1.3953006835838622,2.472634416233115,1.7187119263981911,1.5008469586772064,4.672176920880675,2.1204180969285966,1.8014968092405796,2.546524758590609
2014-02-25 06:00:00,DEHM_noBD,2.6749848394757505,4.863461360184252,5.981754724805191,1.3957364084119888,2.261149390864446,1.6539576871423771,1.4375516077175157,4.9694974964573975,1.9577636342829465,1.8311429220414162,2.4853013237732653
2014-02-25 07:00:00,DEHM_noBD,2.573267797116637,4.364786313006431,6.003804854300636,1.4042501682170507,2.0349681729848497,1.6295781274379886,1.4433183715159135,5.437059613445923,1.9155915111011268,1.860929061282277,2.384192520020306
2014-02-25 08:00:00,DEHM_noBD,2.4201923872160913,4.109016084297225,5.660309446665813,1.3327256287585336,1.6682886058103386,1.507121010190183,1.4275139950458977,5.620788294466138,1.862861033792496,1.860013748506308,2.1956443646389245
2014-02-25 09:00:00,DEHM_noBD,2.3039260140556097,3.914692913615405,5.164635663156007,1.2930484527257642,1.2959206537455787,1.312680378165132,1.3786242279917995,5.562233152087368,1.785027413765788,1.8426319211125377,1.9961618171328306
2014-02-25 10:00:00,DEHM_noBD,2.3059703444069624,3.782516299107447,4.569914442242256,1.2759268405407425,1.1632301155937417,1.182783338356053,1.3239315064618131,5.2010719844663145,1.720194783207178,1.8646046901601552,1.8149213995671272
2014-02-25 11:00:00,DEHM_noBD,2.4181130358946326,3.658413814326078,4.150898578901992,1.2112476940160062,0.9435249987287981,1.0597940698793715,1.2318504189868906,4.593715497163832,1.6766014453437923,1.9064857418467105,1.6815802080099282
2014-02-25 12:00:00,DEHM_noBD,2.508559608423337,3.6224069035012274,3.8900566903297578,1.130199590836509,0.6619436570929969,0.8459172150307288,1.0958257052582292,3.902142842334509,1.6421742764201759,2.0002388152250647,1.5946290765854716
2014-02-25 13:00:00,DEHM_noBD,2.4697312417137622,3.589090815973822,3.551883577831363,0.9707330646405181,0.6091658877808483,0.6680795649129256,0.9690898270144229,3.301081734515726,1.6405705713781713,2.0874989279510823,1.5566333156557381
2014-02-25 14:00:00,DEHM_noBD,2.442345178067721,3.531858054335844,3.256209353656779,0.8216043919160728,0.7232061850130197,0.5990609002382936,0.8032840097529144,2.8792948615756635,1.6294851728600261,2.1732658633919435,1.5504820839607714
2014-02-25 15:00:00,DEHM_noBD,2.43864098971244,3.4515788885621914,3.0901756248577463,0.7989827943726951,0.8188055445989417,0.5157186153582894,0.747688288641589,2.599784064256847,1.6402518412256242,2.203958718955815,1.5513282009378075
2014-02-25 16:00:00,DEHM_noBD,2.5040579664323106,3.39531484867482,3.083486521978774,0.7583719169866177,0.9192264465471426,0.534360055993991,0.7689689228652505,2.4168701891201736,1.6566180869972706,2.198808826563377,1.557030925837755
2014-02-25 17:00:00,DEHM_noBD,2.5901663436285407,3.382954689699572,3.2331603673675717,0.7048249469282081,1.055715952424244,0.6966076706566215,0.6897476690480975,2.3498466336813566,1.6620376638633012,2.220215154975615,1.551888445880413
2014-02-25 18:00:00,DEHM_noBD,2.6470394187279043,3.429142395811728,3.4197911315686627,0.8543032342401882,1.2680942452522634,0.9024967583943578,0.7158223754455169,2.284258956795484,1.7438970804932714,2.287944795704484,1.5411174297183752
2014-02-25 19:00:00,DEHM_noBD,2.7808430806204676,3.5653081312447297,3.502775131596914,1.125102360449713,1.4611897119368857,1.0343826540428671,0.9296665628993576,2.303681841542423,1.8018885571879149,2.376738047388643,1.5505724421286582
2014-02-25 20:00:00,DEHM_noBD,2.938232175095826,3.7529017686195902,3.671172689677058,1.3060611099995134,1.6500501660790912,1.1045774255754115,1.2098383738510343,2.3520765340822933,1.8436816024491192,2.544508825337067,1.581529004636407
2014-02-25 21:00:00,DEHM_noBD,3.1584513565649095,3.9584460707795275,3.9730141665553114,1.3117641925643324,1.8076702770930608,1.156462411720209,1.5068811944614438,2.456752962191552,1.876640517421961,2.6537153397577997,1.6315233747625353
2014-02-25 22:00:00,DEHM_noBD,3.416425930220112,4.088374917987955,4.19242799781797,1.2662558473695367,1.9864069191722071,1.2342708485618208,1.6443816334737447,2.4248119463400544,1.898410625691712,2.712907253433019,1.6720854877138138
2014-02-25 23:00:00,DEHM_noBD,3.624040544380993,4.163061766577045,4.265367619923499,1.232405428575963,2.179804277350902,1.3219690760122254,1.5650071331619868,2.298519154715091,1.9366141408163307,2.7357255385427175,1.7055621063852309
2014-02-26 00:00:00,DEHM_noBD,3.692996435751021,4.310908928095778,4.2325851246737365,1.2199502552545347,2.3342286330381548,1.4397943923525145,1.4541319116363558,2.1662932657331226,2.0087348225981,2.7787909140729905,1.731492271565795
2014-02-26 01:00:00,DEHM_noBD,3.74131333079204,4.555791371834739,4.2563029891539905,1.1887226797546662,2.483860709010791,1.758829123699184,1.4134318805131278,2.005759118803516,2.1282016732281446,2.8054965611077844,1.7330556887948512
2014-02-26 02:00:00,DEHM_noBD,3.553349179691077,4.810758245286802,4.420308185833034,1.1588381666528584,2.5174441902306395,2.2101190527622148,1.567950492263809,1.7953791840458662,2.330766560974717,2.786765982306451,1.7139295113301278
2014-02-26 03:00:00,DEHM_noBD,3.1925264743807915,4.938330182360038,4.718925455159163,1.1625780855712844,2.398496344269002,2.503086873090472,1.7949614213102474,1.6415992251098155,2.5130314877262716,2.7614362869179248,1.7313704890805481
2014-02-26 04:00:00,DEHM_noBD,2.9871098364615443,4.497112851308165,5.022867250338992,1.283155026847724,2.2833379723323137,2.6117933090404044,1.973991065558684,1.5961561368028074,2.626458663650751,2.744679341486245,1.7728645924070476
2014-02-26 05:00:00,DEHM_noBD,3.060102467935681,4.662894578317422,5.214452168315094,1.552462851452285,2.166499117905144,2.5585084089812633,2.189521750155177,1.608365244630128,2.646886445000767,2.7524195381328465,1.8177271090498566
2014-02-26 06:00:00,DEHM_noBD,3.1478429265600445,4.742522373129464,5.487538335066688,1.6468038809173833,2.024205923111569,2.334688998824917,2.4877874403065237,1.6425478621548415,2.6496254264125225,2.955943483938575,1.8720865320378541
2014-02-26 07:00:00,DEHM_noBD,3.121011760100126,4.589190759161152,5.474724650363792,1.598258485807206,1.827950741879074,2.1282982033048894,2.4424629791634556,1.7331684420910474,2.6556147303056714,3.304000407173038,1.8775372261360288
2014-02-26 08:00:00,DEHM_noBD,3.2246423366010193,4.470679298413173,4.907446920637703,1.5802730732218595,1.519709896438513,1.8787360696978124,2.1504353915799013,1.7758926249584555,2.612640803206265,3.4449368610964717,1.8266641835814714
2014-02-26 09:00:00,DEHM_noBD,3.404963341029883,4.479847742324173,4.383774334589497,1.5371788204969699,1.30038160818818,1.565192650500338,1.9251033948062708,1.8344481266158819,2.5859572276452187,3.513065767008886,1.7436387555491923
2014-02-26 10:00:00,DEHM_noBD,3.628008057756722,4.4120436702281705,3.8333123466027805,1.4649731247310318,1.1384645287741582,1.3826995915191111,1.7228436485102085,1.9067173636324704,2.622613701577932,3.5640418791814144,1.6639140473216774
2014-02-26 11:00:00,DEHM_noBD,3.727375233782306,4.232053485533665,3.4837810822194673,1.3851480355338046,0.9897782961167023,1.2559413315168175,1.5607135053233532,1.9843033531234413,2.676140421026945,3.5855311143884805,1.5858008560305832
2014-02-26 12:00:00,DEHM_noBD,3.774700948325023,3.941479302642688,3.3741134386138665,1.3525906941629506,0.8652678916370775,1.1852938752749982,1.4272462604391565,2.00315120092012,2.709051442304626,3.5597950074573976,1.5059973705035448
2014-02-26 13:00:00,DEHM_noBD,3.7952189994730805,3.51219167065416,3.1701946575773743,1.368034087014433,0.7822271573951001,1.1213704081635485,1.3610504343676613,2.0668470075320453,2.7587346793234344,3.567016982889511,1.4373441712635753
2014-02-26 14:00:00,DEHM_noBD,3.80293601574244,3.109284591451864,2.6908020198670424,1.377349299252275,0.7370162992450129,1.059935205874445,1.3368535575021259,2.2071501942995937,2.833388076249361,3.581013400407806,1.3828080859065057
2014-02-26 15:00:00,DEHM_noBD,3.801802775400141,2.778063841643451,2.0974556269562523,1.3452329462320476,0.7122967453139741,1.016335072387135,1.319192722447691,2.4035907103659957,2.867666267972141,3.532734340951019,1.3416220155626533
2014-02-26 16:00:00,DEHM_noBD,3.799364207608968,2.6642448217816166,1.9895443585900825,1.2862802440038856,0.7616897269468568,1.0173810657971738,1.2987755475201994,2.5769826412184536,2.9155574213951825,3.5291549703263096,1.3172686733168362
2014-02-26 17:00:00,DEHM_noBD,3.849364567312107,2.688578798138062,1.8877442583444155,1.2944752487074527,0.8532494336756877,1.0868711636497963,1.3337178711210773,2.7134680783027414,3.010357047817558,3.576712314007434,1.2824330191969873
2014-02-26 18:00:00,DEHM_noBD,3.963713874764526,2.6207919033106557,1.6924269304812514,1.4542873444098048,1.008540588301448,1.24476558107018,1.450069377996514,2.791841127202437,3.040487833325341,3.5516681344986942,1.2397228473687174
2014-02-26 19:00:00,DEHM_noBD,4.124735583068101,2.528205787202642,1.4955326040482708,1.644767459093392,1.183687278709486,1.4555808911053183,1.5610918029658414,2.68378537044391,3.120246068520248,3.5529477476512823,1.1928148294740917
2014-02-26 20:00:00,DEHM_noBD,4.379129460628568,2.5610726827925627,1.321796736649219,1.8346766035742545,1.401404568989128,1.6632464421979432,1.7068211273614924,2.5083621498678625,3.224663411704749,3.6907231151022386,1.151790129097402
2014-02-26 21:00:00,DEHM_noBD,4.52684118802239,2.628159049654109,1.190102554120291,1.9306003035380062,1.658816840410279,1.8548886241796705,1.9799080457918319,2.1331871100269257,3.2785252572266756,3.803521241597906,1.1279989450013639
2014-02-26 22:00:00,DEHM_noBD,4.540378572257292,2.4147316462948543,1.0540783902361057,2.015737171001276,1.7667667699973937,2.065370293549262,2.276598140469049,1.3060476337122917,3.3037213948479294,3.883718056892529,1.1225217835818975
2014-02-26 23:00:00,DEHM_noBD,4.527507965964665,2.2517417321267166,0.8900282972221076,2.100141377893556,1.7625763042630256,2.1370873524612164,2.523205758609138,0.5502466854017973,3.337541012240947,3.8506148582623156,1.1312747421621343
2014-02-27 00:00:00,DEHM_noBD,4.5315415304413875,2.1784689284732384,0.7754570264456793,2.0479768494559174,1.7296690652147682,2.0802992205465864,2.5908150652034734,0.2543850120368599,3.359976049477905,3.649641724088341,1.1515444251623936
2014-02-27 01:00:00,DEHM_noBD,4.603863057535733,2.111626420066729,0.7207009195021167,1.9230593979820492,1.6536960366787388,2.019259117708909,2.543891858862327,0.2130014704343676,3.371615363448411,3.602367674100358,1.1799505870789917
2014-02-27 02:00:00,DEHM_noBD,4.640666467981702,2.0384593362981454,0.7112976593734883,1.7544611043224134,1.5383308550689372,1.9052116650995148,2.4198166694898435,0.21433845208302138,3.420803524972424,3.7686754922392787,1.2161936435008256
2014-02-27 03:00:00,DEHM_noBD,4.747178060297496,2.0509699168897235,0.7488542553055845,1.6142526566578843,1.5971897106637247,1.6817271065862849,2.2574054593444335,0.218361996359825,3.5049450034097585,4.05817120800446,1.2591999948948946
2014-02-27 04:00:00,DEHM_noBD,4.782603537886663,2.1636303580559044,0.8544250261643529,1.5987158539058266,1.666559219584968,1.451729387868857,1.9763760415083216,0.22790689747318618,3.623386500645764,4.272623213834121,1.3102128675082048
2014-02-27 05:00:00,DEHM_noBD,4.537108024817705,2.4776180716891028,0.9329744998010805,1.5772527703222283,1.6256460674987734,1.4479826039186374,1.8603521996500274,0.2509828922519087,3.616207430430986,4.3377383883445315,1.3809473049729688
2014-02-27 06:00:00,DEHM_noBD,4.107194774031713,2.858735598873608,1.161122011106126,1.4945799194571658,1.601928338973457,1.647174520570517,1.7304666384777403,0.27364913925021883,3.5916488025467097,4.414251323203143,1.4677909115584193
2014-02-27 07:00:00,DEHM_noBD,3.8805038227232918,3.179264361544121,1.665528698902242,1.603317556072804,1.9043738640011751,1.9187876228413847,1.6164176495188696,0.29174925056286144,3.529385938813817,4.199551489697044,1.5569411260568349
2014-02-27 08:00:00,DEHM_noBD,3.869660632422343,3.43570838616807,2.22468584349487,1.8785041698231921,2.0139355699730572,2.130427642258282,1.882143418759791,0.3252888299882411,3.3402138203786684,4.068346771542281,1.6408763564528523
2014-02-27 09:00:00,DEHM_noBD,3.737659983128216,3.838073744646125,2.6789922386506664,2.014721471879187,1.8418511009601597,1.9747919878403453,2.185155402252196,0.34609335298106064,3.1948479027454546,3.964301774921097,1.7299861864838004
2014-02-27 10:00:00,DEHM_noBD,3.608775677962974,4.058744041201472,2.9611019247328674,1.6619704142807858,1.3744592239240463,1.3420280413156005,1.8267461351189715,0.36234509849511076,3.1254021908487752,3.9034539741806915,1.809424198628068
2014-02-27 11:00:00,DEHM_noBD,3.4289923669752014,4.186288436224201,3.3029298482186205,1.0159082350294482,0.9413576064797771,0.8477299499950872,1.1467259150422469,0.42976151147514563,3.0605400787286463,3.8645168801808496,1.8645061754554508
2014-02-27 12:00:00,DEHM_noBD,3.214430500732055,4.263384566077958,3.6075076391200485,0.6552771640717836,0.6242040792777109,0.6228976139030966,0.7281147647333759,0.5439507182586192,3.0871335014436205,3.7305255113453555,1.8935723478841782
2014-02-27 13:00:00,DEHM_noBD,3.194854835549758,4.199034198301191,3.263302464551173,0.46121866719726207,0.3717034279073913,0.4018404928910202,0.6028631414482507,0.659094865066409,3.068024209937677,3.55058476044948,1.929704029752016
2014-02-27 14:00:00,DEHM_noBD,3.210123352626236,3.9353265691522363,2.941757896434284,0.4392768494035405,0.1819816536535927,0.24980396601079013,0.43762104896280973,0.9244239092735944,2.7826189965386137,3.447601443865551,1.9631949334090948
2014-02-27 15:00:00,DEHM_noBD,3.767557255709638,3.8924452887322105,2.4490969360566286,0.3772267565565544,0.10991509450200926,0.13652659006737272,0.3134992911753355,1.3378152016478775,2.5286009905490467,3.2379628884235494,1.9966485869666935
2014-02-27 16:00:00,DEHM_noBD,4.559179591534763,3.8984450340491263,2.254497352847539,0.32722153743526194,0.17561350967898495,0.09145072995340033,0.23281070477524407,1.6918311565800013,2.2356474300590157,3.2142262492198244,2.0552248975136878
2014-02-27 17:00:00,DEHM_noBD,5.22333604809991,4.054845057139986,2.707650617679254,0.28899261377057284,0.3269374365086014,0.2018563770408032,0.13518514304033008,2.0053678226470204,2.169733942248579,3.647676734085225,2.141729517092407
2014-02-27 18:00:00,DEHM_noBD,5.726910114470234,4.045727504232572,3.0212686944240676,0.20272989464207425,0.5361404198495623,0.49065511727990063,0.12092849910740261,2.1369937251095474,1.9659539507504182,3.8612897827384205,2.224920667306781
2014-02-27 19:00:00,DEHM_noBD,5.886709268115175,4.318662285394343,3.594766156085342,0.17000918408946408,0.8112002876289746,0.8501652946471381,0.2890252317280985,2.7242374132284524,1.9280985270740276,3.616985817495694,2.29980706458807
2014-02-27 20:00:00,DEHM_noBD,5.461154793722715,4.680148083857317,3.8609525739725843,0.35444199264949516,1.0656076038008182,1.2389874013417677,0.6839217213886666,3.2599968319050596,2.1632049384355545,3.5620141214901206,2.3616033646667
2014-02-27 21:00:00,DEHM_noBD,4.714681927457143,4.546731047774871,4.109944456617628,0.6946414368592448,1.1823589494353346,1.629177521718825,1.1521162422485662,3.40614506072469,2.4740767648395896,3.866304295121693,2.3995998623800276
2014-02-27 22:00:00,DEHM_noBD,4.294417102947316,4.368553398185615,4.669395003115023,1.1533577299806552,1.3025865311972424,2.041000370634869,1.6107481603153302,3.558168167741932,2.7472735222770273,4.04258443340309,2.402784349325895
2014-02-27 23:00:00,DEHM_noBD,4.109450897899767,4.418949363559596,5.01520907707354,1.5607740667324292,1.5542117686736585,2.3767232319077483,1.993450043083736,3.7832563614987955,2.566992166084349,4.034758896615095,2.3720631113004687
2014-02-28 00:00:00,DEHM_noBD,4.398532801149917,4.6865621242995195,4.927635214664285,1.8571551919655236,1.8372478023711962,2.654803547344194,2.270319684406385,4.024179442254379,2.1288879171403687,4.0274411616843935,2.33902812977314
2014-02-28 01:00:00,DEHM_noBD,4.818350070929002,4.897061103734113,4.840118813884626,2.0439527267924285,2.0474351473376715,2.927061808383591,2.562163578237584,3.923400007831156,2.0862847527732695,4.089070829371512,2.3031280475986002
2014-02-28 02:00:00,DEHM_noBD,4.83703670654702,4.80196754663771,4.751586345345132,1.985315269588928,2.3342758050347303,3.2653332322065953,2.7549798649015065,3.671911384890228,2.192941698263213,4.046590864859149,2.267012868799567
2014-02-28 03:00:00,DEHM_noBD,4.870662830221988,4.678131762604918,4.49356191359522,1.9590059909154334,2.7308575611486843,3.4618922398099348,2.731249060210632,3.6177806774246686,2.4770230641201136,3.9769374250023812,2.2176609032714367
2014-02-28 04:00:00,DEHM_noBD,4.9358444820453045,4.602209014854524,4.0606817323626325,1.8414643183971242,2.9501989624486304,3.448565536416988,2.7094116464972307,3.7827646852053696,2.712477698656172,3.9697992650556566,2.174029091386199
2014-02-28 05:00:00,DEHM_noBD,4.87196013270501,4.50435490871882,3.7593774520176817,1.5869298390864952,3.037842046477385,3.0696458124625274,2.2924850437543403,3.878460943018198,2.721575097076893,3.7978656526216863,2.168066148356292
2014-02-28 06:00:00,DEHM_noBD,4.7478759446241705,4.2864179649683285,3.4812618621519116,1.3456083916546824,3.0232164627163858,2.1974545755309167,1.897311746592015,3.9343662594947215,2.691028504378796,3.830318133260608,2.1963689578541508
2014-02-28 07:00:00,DEHM_noBD,4.3674467071138325,3.9957400162534227,2.8667678700045993,1.189916116423798,2.656172898487849,1.4391460045560562,1.539007370652,3.994000352683962,2.845139489579201,4.21999424733907,2.235156751758023
2014-02-28 08:00:00,DEHM_noBD,4.167983786550611,3.8103323563418536,2.197980583078153,1.254643788622938,1.7483731521859858,1.1237602113721368,1.1879204938489256,3.992985679062009,2.942345520810485,4.631041677558571,2.290537384457253
2014-02-28 09:00:00,DEHM_noBD,4.216490381274596,3.4516706175673195,1.6252397439808677,1.3048276309228268,1.1952649499484802,1.0186956860538283,1.075813036933535,4.008120458990782,3.091098328514099,4.78587932690084,2.356627262140056
2014-02-28 10:00:00,DEHM_noBD,3.635928404619768,3.034665870991722,1.4113423679279304,1.328815634152915,1.0149160267235988,0.9730538853341195,1.1020544949279094,3.916815233670026,3.233849175553322,4.729754585886598,2.421418602992585
2014-02-28 11:00:00,DEHM_noBD,3.657640260867588,2.76824093298912,1.4129689323851324,1.3970497663563046,0.9807571488605998,1.0138990177731193,1.1916837984254158,3.7539694735041262,3.3741147134524585,4.644233809899688,2.489840706109302
2014-02-28 12:00:00,DEHM_noBD,4.588434097598791,2.6595598985372857,1.4830807465658475,1.518985655347783,1.0017371667567152,1.1685205982370424,1.3458565551537949,3.4254547552970056,3.4591509885013108,4.506035956845359,2.5590583437862806
2014-02-28 13:00:00,DEHM_noBD,4.823144325537086,2.624978848300595,1.6240975660124168,1.3720247311133016,1.097031939671809,1.254238622896727,1.5455077516789104,3.1421584389871358,3.3598528144133093,4.364850361814126,2.6193467312703302
2014-02-28 14:00:00,DEHM_noBD,5.03678591179043,2.660678875295995,1.7193826504251897,1.1549146314631877,1.207814564372805,1.1992825122231394,1.733926401650251,2.9471426315250993,3.176236790034771,4.226323988332898,2.6611646650530303
2014-02-28 15:00:00,DEHM_noBD,4.968986639212668,2.7379308525193107,1.7019312736150227,0.9730702946070485,1.2411680689876328,1.187178658493307,1.6951547424330948,2.872632505869493,2.9138399401760102,4.155503172864318,2.6658131315416282
2014-02-28 16:00:00,DEHM_noBD,4.862951415358186,2.676061475816084,1.6145374635983452,0.8845357932860105,1.2265691764757352,1.3221878740344855,1.5495130758128994,2.9235851641324913,2.6532003954076764,4.057674562810063,2.618847002602592
2014-02-28 17:00:00,DEHM_noBD,4.740452937733233,3.000467248600472,1.7803841375094596,0.949652868761048,1.4092132141398894,1.7598097245146065,1.556789472321916,3.1050545993350447,2.5067053621637823,3.90304269480586,2.5305900382433832
2014-02-28 18:00:00,DEHM_noBD,4.595308783400952,3.2950276122507356,1.888060201349549,1.1110163956399335,2.0259104117799724,2.4047003018964346,1.570932440767737,3.130837776740938,2.3841326560771465,3.652401747465134,2.413769249236285
2014-02-28 19:00:00,DEHM_noBD,4.447745758588314,3.5942883361838236,1.939979740096716,1.2340325099439085,3.020439781459589,2.497500615891856,1.76147074915153,3.0926125314711035,2.2987416291171314,3.2896190851235385,2.2964225801105798
2014-02-28 20:00:00,DEHM_noBD,4.351501690574885,3.7812322738270687,2.034412123722162,1.3299429925909054,3.463596053148033,2.261169239827929,1.837010138268067,3.100014210851937,2.2035956315588954,2.9663264857792857,2.1746173318961266
2014-02-28 21:00:00,DEHM_noBD,4.217782537871003,3.854783472942705,2.139144337871862,1.4714362133289605,3.0139836145593235,2.3693058049857756,1.9422917190139488,3.055782347826809,2.069800991123021,2.7031308962273597,2.0867514306179435
2014-02-28 22:00:00,DEHM_noBD,4.0388278505659105,3.9579962090046488,2.194677830651499,1.6803670267965578,2.8688626066284955,2.4137860574831063,2.1052983286230504,2.7242473327437047,1.9736900478646158,2.7366467157626153,2.0208273037683964
2014-02-28 23:00:00,DEHM_noBD,3.891553017496169,3.8196424180987543,2.1740225581914308,1.8233878516450523,2.9230860101449094,2.4876069187468666,2.2719836950983883,2.1538186556732652,1.9383034453099965,2.975361374684572,1.9634836365924773
2014-03-01 00:00:00,DEHM_noBD,3.898229755947143,3.4351495925426954,1.9034532463769651,1.8990516961369575,3.0095214216789126,2.6717627546251563,2.3990714395981607,1.720668989058137,1.9422240221464633,3.2862109959554675,1.9269719124680758
2014-03-01 01:00:00,DEHM_noBD,4.065348518524468,3.1546241944099638,1.3779275976194365,2.0006246754224355,3.1757829808763742,2.846997177691091,2.337775261821968,1.4537421970412137,1.9336058942735195,3.93619129565388,1.8917367647838592
2014-03-01 02:00:00,DEHM_noBD,4.421146027232856,3.0926696888633423,0.9618830510680513,2.238168086162464,3.329425491605817,2.9893598404825745,2.3444941021401973,1.2232257148084043,1.8880103541737796,4.752507499402464,1.8628981226170063
2014-03-01 03:00:00,DEHM_noBD,4.909563572111875,3.2002192313840965,0.9194849008696604,2.436508279196657,3.4407904004733503,3.156007412404926,2.553397998118618,1.0261844041907786,1.8383052892506122,5.084419326824248,1.8513071557894347
2014-03-01 04:00:00,DEHM_noBD,5.117907655604929,3.39931405461009,1.353098147037019,2.423300927487123,3.4269605988289995,3.3516867870345584,2.888686312367729,0.8737779363530873,1.8415457496571541,5.244634352564737,1.8524993025738001
2014-03-01 05:00:00,DEHM_noBD,4.85670331374228,3.5446095277801666,1.6379112969184495,2.2285042835373505,3.478550679581012,3.641858197069652,3.0463130610164755,0.6847725399219988,1.9717062442302704,5.13567087289542,1.8655846410602333
2014-03-01 06:00:00,DEHM_noBD,4.600621282524169,3.4972636088183435,1.5439312458367904,2.1041445883722742,3.7670921994602757,3.777261121237164,2.9997864378383516,0.5019043011832237,2.1423085980677605,5.026080819533766,1.8808722036163508
2014-03-01 07:00:00,DEHM_noBD,4.652779529729783,3.1011489340471616,1.4427227715615145,1.9370758391237213,3.8879999945741535,3.2053506426007137,2.5896596698848278,0.44659986652314654,2.219530853404999,4.944866506095975,1.9263924178113787
2014-03-01 08:00:00,DEHM_noBD,4.612493830477819,2.4610454546243674,1.3097293977433426,1.719494256898253,3.3975344463253347,2.061660353766801,2.0647435675915378,0.4917795160335301,2.4171560788285733,4.677461909987452,1.9809477705565095
2014-03-01 09:00:00,DEHM_noBD,4.4200487044003705,2.0144861342729943,1.0740758886846746,1.5898859575514288,2.458409038233583,1.3699259647683188,1.7085832510680579,0.49079395364820955,2.796801157118082,4.281019523269907,1.961982320720628
2014-03-01 10:00:00,DEHM_noBD,4.216258112386829,1.8923867874213958,0.6880776266685646,1.6285911751844107,1.7393660155547872,1.1696381623511156,1.4497403638225157,0.47546746748864643,3.189196510784626,3.9713923542901552,1.9195793815755846
2014-03-01 11:00:00,DEHM_noBD,4.062814155507053,1.8592306179398308,0.3992092608458572,1.6372529154492066,1.5492346366987133,1.1975450544403379,1.3960777815793262,0.4772989546465872,3.4500321040570734,3.6590719257322375,1.8706713452844321
2014-03-01 12:00:00,DEHM_noBD,3.7981121742539297,1.7381019751885138,0.3380316695130343,1.6019226269459392,1.597786090001981,1.1690358880073335,1.4183857523708534,0.4611048621726035,3.516216073050499,3.3364188062115936,1.8404815204346183
2014-03-01 13:00:00,DEHM_noBD,3.6404694306004277,1.5721146651555529,0.4785095493202938,1.5235744016322994,1.5806934937410164,1.063582814507894,1.4155573480854973,0.4406894260901211,3.5100759306666256,3.1388005577427256,1.8288442047272624
2014-03-01 14:00:00,DEHM_noBD,3.347128542519431,1.2523613112960685,0.7220132245405331,1.3945088717953928,1.478637158075273,0.9444602635584931,1.3725831826054096,0.42732339404225345,3.4391995824819803,2.9348971474738152,1.7962858813141287
2014-03-01 15:00:00,DEHM_noBD,3.477354963138127,1.061680942877343,0.8986525709951063,1.2758007225156254,1.3524641658350838,0.8663834555802602,1.2978048923447965,0.4019392584098874,3.334881804498732,2.705550104366938,1.8157589069738054
2014-03-01 16:00:00,DEHM_noBD,3.7168030314188134,1.4495535531280335,0.9184398650529464,1.1461397110554497,1.2174175354955554,0.8536614876340128,1.1673945563528068,0.3954659418220817,3.188099118568003,2.7268649297085723,1.8618749341116054
2014-03-01 17:00:00,DEHM_noBD,3.8375809861629615,1.9545154491220782,0.8391475957936345,1.264275421717335,1.2070922732611151,0.9424598533222794,1.1879553449449385,0.3958270464205741,3.1401051319163296,2.8690523569701334,1.889044157036869
2014-03-01 18:00:00,DEHM_noBD,3.7452411521652085,2.790479434652227,0.9672962136009104,1.45370307862039,1.323289702373167,1.0961811216875523,1.2747075309912557,0.37901744139745824,3.0512240700154933,3.0275420623350113,1.9347773322747832
2014-03-01 19:00:00,DEHM_noBD,3.589449317217353,3.3445393327223623,1.3641324174246536,1.70973902259851,1.3978157362580497,1.2138459891243123,1.4067650701085697,0.37127464225888246,2.978819927177243,3.2855509897582724,1.98143868010344
2014-03-01 20:00:00,DEHM_noBD,3.4838497055129705,3.7165800309227723,1.9448562170097967,2.0482983884287127,1.5139251068419235,1.3709211346436154,1.6255113055472554,0.4584738753408193,2.940156056380067,3.2458498402461506,2.004749433107078
2014-03-01 21:00:00,DEHM_noBD,3.41226013755396,3.527202321498552,2.9412327339895064,2.4154005905367515,1.6666418819474198,1.6412019808590042,1.9275944533336513,0.6931729598414897,2.9623097327251733,3.0503485644033557,2.002925584003497
2014-03-01 22:00:00,DEHM_noBD,3.123253033700287,3.7069883604047984,3.5691684505351597,2.329484188055128,1.9135318894352276,2.004343399491243,2.138260377579311,1.031488958864808,2.992886839393135,2.883528719459027,1.9509084525343403
2014-03-01 23:00:00,DEHM_noBD,3.1199891365058714,3.800198251047117,3.282635523424786,2.256177290807925,2.260750413366174,2.4365802239801106,2.259663045698925,1.455266139459908,3.0681511240184776,2.8542795805773133,1.8747254514441267
2014-03-02 00:00:00,DEHM_noBD,2.7606943546758593,3.5500334570509877,2.853101975430879,2.709746889176918,2.7323655839984564,2.8195106022821412,2.80241125513988,2.015117409864664,3.100615003608149,3.1027688182617723,1.799281152401939
2014-03-02 01:00:00,DEHM_noBD,3.1545773605790735,2.5728212427429114,2.896627022906542,3.271206364090046,3.3219556776840427,2.9276194048025066,3.360060084714247,2.556453229022026,2.8960878638377414,3.518455317458063,1.7333736526151373
2014-03-02 02:00:00,DEHM_noBD,3.9952173093026877,1.8753298978792503,2.803036763651949,3.2259631546194583,3.473676768738628,3.304651948626316,3.3897226677903904,2.937032690300345,2.6533418412883583,3.766927625689209,1.686961378098037
2014-03-02 03:00:00,DEHM_noBD,4.485410080676973,2.2227560534437,2.9250321010670812,3.2415470567304943,3.150207587938942,3.738815416867035,3.2235459454318014,3.0673672292858365,2.4519457938838003,3.683123578673154,1.6626669306267055
2014-03-02 04:00:00,DEHM_noBD,4.4998824573592096,3.3759442321720723,3.5468560345666855,3.5463230712424387,2.8107698313373515,3.4446313185901145,3.591386561299581,3.067268992946148,2.302524216438532,3.8376869346401095,1.6622607061796826
2014-03-02 05:00:00,DEHM_noBD,4.706640351266116,4.368624961606041,3.8219375269652907,3.347114565758128,2.9286730367027123,2.9374121587052198,3.5813681808147932,3.1324941248050333,2.2315440469399093,4.561984384551421,1.6742468803579174
2014-03-02 06:00:00,DEHM_noBD,5.52661228376261,4.759352158787772,3.461980465606526,3.2320077760774386,3.5378275382532367,3.652322062303517,3.073810873661083,2.8204386815160514,2.4026095758622885,5.1151731644859915,1.6615931292928756
2014-03-02 07:00:00,DEHM_noBD,6.338131226084568,4.723169347507618,2.953593268406075,3.4216081937990057,3.784518441141844,3.859681927530421,3.6041529904256318,2.3501694907057287,2.6364168937325476,5.9089377548770985,1.614735179543942
2014-03-02 08:00:00,DEHM_noBD,6.823271114791213,3.9654677112694463,2.9415969448215384,3.4756277788580467,4.196578833093681,3.9150471517387593,4.142972902487169,1.5715079170829056,2.7214964302396774,6.26278155388808,1.586667647685483
2014-03-02 09:00:00,DEHM_noBD,6.377573506677523,2.8729128056328,3.370957449853923,2.9467405205045667,4.302960818292127,4.676632346822843,3.918665451127575,0.9523979861533641,2.8710664248418807,5.4174219579382985,1.5495168389077483
2014-03-02 10:00:00,DEHM_noBD,5.331835052586124,2.8891343622123267,4.4341576395531295,2.865578638734774,4.2282350608221435,5.018867414716787,3.7516232628775277,0.8399109483039379,2.8982695223110913,4.857188097809041,1.4964489373578878
2014-03-02 11:00:00,DEHM_noBD,4.172436512241662,2.70500041628283,5.344704172687146,2.7645125309464307,4.033773565924465,4.662726774818329,3.5701087271314575,1.0638837096923588,3.1477986554762722,4.171361507645364,1.4615897075438127
2014-03-02 12:00:00,DEHM_noBD,3.720297335995361,3.19307633592686,5.164325643805943,2.7737994366277983,3.724414515287157,3.6318693646956097,3.3260983204644337,1.041692691425979,2.929834789575935,3.0050042894289968,1.4270974539522083
2014-03-02 13:00:00,DEHM_noBD,3.689325016798815,3.973081401121857,5.50175252983196,2.700982528858484,3.139706176501888,2.903130781983018,3.0243876536909196,0.9370505430847406,3.0104070353257653,2.7517962813647205,1.3827564210281522
2014-03-02 14:00:00,DEHM_noBD,3.9397344771868363,4.108837252481866,5.092434407752088,2.3052935740464697,2.50881483546925,2.5011757228137546,2.681531359029418,1.1090596487738194,3.312139877564013,3.0271554702018753,1.347657748558838
2014-03-02 15:00:00,DEHM_noBD,3.524991758111449,4.24584654932807,4.714641149502221,1.772443865232011,2.0534064404032915,2.0664840975997274,2.4334200358331834,2.011328733308539,3.6260360095211857,3.416147843491476,1.330196872818656
2014-03-02 16:00:00,DEHM_noBD,3.3693943395569033,4.660920922491773,4.479600610473978,1.5249085493219001,1.8937034287930907,1.9274203707249429,2.043999538532476,3.052613880400993,3.817836472943946,3.696755187152083,1.3431330159411952
2014-03-02 17:00:00,DEHM_noBD,3.607743418862417,4.627153306998259,4.224499274999835,1.378392836139698,2.0269776540604445,1.9292009448359164,1.8361294500697218,3.4083463203203492,3.8369450471007593,3.80250651230144,1.4116758292648242
2014-03-02 18:00:00,DEHM_noBD,4.018447034734253,4.375755373441701,3.9665590203267707,1.6324076964135403,2.123464217605259,1.892712948732616,1.6419883667259634,3.273922611538992,3.6871765521281796,3.9971053815890736,1.531398101854976
2014-03-02 19:00:00,DEHM_noBD,4.159419771612196,4.6367084615790235,3.9959385420128704,1.997072342531705,2.338492858546085,2.180122699463555,1.7774984422258693,2.9890611099127495,3.6370486620163405,3.8842193808835637,1.6447937244283128
2014-03-02 20:00:00,DEHM_noBD,4.381560951675716,4.391791779219252,4.484211353445807,2.1099178533467424,2.716048076505558,2.3926058314919874,2.227730487037512,2.2832837372722103,3.8681559418234275,4.1591735596676145,1.6439530451655011
2014-03-02 21:00:00,DEHM_noBD,4.76377046063516,4.539840874742903,4.962267205181109,2.3416339590775044,2.5636419366416776,2.332479249515898,2.4547460612850522,1.2982090491164846,4.100077789226146,4.555291839116779,1.4534404316899179
2014-03-02 22:00:00,DEHM_noBD,4.96580175324113,4.737834457953115,5.233955130977563,2.779078852791399,2.1955151666463495,2.431937696297933,2.6813170910070756,0.9865481399103998,4.514989003881505,4.756903810543036,1.2005258938962218
2014-03-02 23:00:00,DEHM_noBD,5.122894025326939,4.840726863652014,5.19833521669332,2.9324439436620047,2.2831958102071237,2.7391625671326865,3.1034270450773116,0.9112517275299131,5.050263100988665,4.957564918176738,1.0714559152610599
2014-03-03 00:00:00,DEHM_noBD,5.32725319141726,5.086104038916501,4.944248336906763,3.1054870028355697,2.758184645663282,2.8321736452391173,3.284677724350325,0.8635384117949009,5.542814506504094,5.113345320892758,1.0969144936519861
2014-03-03 01:00:00,DEHM_noBD,5.497952796236133,5.420293564832707,4.55493008517683,3.2750786529909433,3.1005550034511558,3.0985378627431874,3.502376973886461,1.0148840559630095,5.876044627216081,5.199081506112493,1.2159323199710994
2014-03-03 02:00:00,DEHM_noBD,5.342052640814292,5.338580981986045,4.402787851598142,3.4376380290368447,3.250828018920502,3.634412873478644,3.5988369535371914,1.9374356832437218,6.248553830678823,5.235466182393142,1.3105420152919738
2014-03-03 03:00:00,DEHM_noBD,5.4135932616474385,5.77060617144088,4.616886459581733,3.9660172209768834,3.6708536783720476,4.0597560409343965,3.856320358185791,3.7390701959019896,6.537209847726189,5.249060549179162,1.3464194421994686
2014-03-03 04:00:00,DEHM_noBD,5.5682262877108615,6.35737183383592,5.1099060447632105,4.617572416180847,4.21094207840072,4.240929683387716,4.532730260802403,5.244571646978707,6.483844325146449,4.954725527804294,1.3564388137210162
2014-03-03 05:00:00,DEHM_noBD,5.257542677584556,5.865062857427784,5.196103231790965,5.053109484358739,4.404061593506467,4.661697804096539,5.151429189572198,5.963017955385448,6.410593842456196,4.620185783367302,1.3838194644378126
2014-03-03 06:00:00,DEHM_noBD,4.855747457156964,5.106763411329947,4.485816803101888,5.01816391640868,4.5057487024959615,4.996077062665042,5.432831544585756,6.3038158778791145,6.026246408675686,4.354398629496954,1.4079771243620665
2014-03-03 07:00:00,DEHM_noBD,4.200442845219969,5.46210222958507,4.834511122780424,4.685870463885285,4.100281922621916,4.96406967044528,5.143362076553803,6.091185247638747,5.3662602378828455,4.418497355385572,1.4181291531069204
2014-03-03 08:00:00,DEHM_noBD,4.717031115431283,5.055567438914934,5.516502402567217,3.8302751772500288,3.256782191372607,3.734756134598928,4.187055525889049,5.837185767179285,4.740102639455209,4.967280042535085,1.4658389245207049
2014-03-03 09:00:00,DEHM_noBD,5.055876493881048,3.7061121331458535,4.7982198541522685,2.879275079025486,2.089582510099753,2.59129735214571,3.2303932014364602,5.620566657368391,3.854772233148292,4.1692062806448345,1.5619333352997153
2014-03-03 10:00:00,DEHM_noBD,4.227163935161568,3.4912510043511533,4.0203221449937105,1.9063933580546772,1.2065991725821188,1.3831946644724107,2.2799406430409186,5.849694820042625,3.1336837515299205,3.37653585752327,1.6739123690077475
2014-03-03 11:00:00,DEHM_noBD,3.343238155618552,3.8810490594282747,3.711327429304272,0.9700158436899712,0.6954836552050428,0.6762927173903145,1.384456588869531,5.3020106685326995,3.0030185490106795,3.0723754412032664,1.7876203093276173
2014-03-03 12:00:00,DEHM_noBD,2.9784077149137014,3.038783972661048,3.6852350474629554,0.44913768596119225,0.5862240905619074,0.4946074193205408,0.6616219428389564,4.881331895473078,3.1176462972320618,2.9928309653485377,1.8984796694668942
2014-03-03 13:00:00,DEHM_noBD,2.899971732323309,2.3359154510597886,2.9645816971729695,0.46367501086619534,0.8023303043304313,0.7356877904458787,0.4527774351841727,4.688002205114811,2.8644530950695275,2.765428877861034,1.9770900958944626
2014-03-03 14:00:00,DEHM_noBD,2.7321391570134015,2.230541310979575,2.614557164078504,0.5982208528123325,1.0939222187162003,0.9579067806035432,0.6446648653834794,4.377110489419922,2.4741722352030875,2.5197068701143377,2.003607747299988
2014-03-03 15:00:00,DEHM_noBD,2.588099362325077,2.241296437138617,2.528688368029632,0.6118528091493669,1.1056366842939787,0.9451380853928668,0.7268094880577884,3.7244455414051565,2.3021401809695363,2.4174661555019954,1.879551839034898
2014-03-03 16:00:00,DEHM_noBD,2.6031235173246916,2.3131062676300296,2.550540275709573,0.5860189589234395,1.0557693741710856,0.9053606955422953,0.7179082106390828,3.42799790664386,2.155713647612035,2.476801898558345,1.9874200556442632
2014-03-03 17:00:00,DEHM_noBD,2.745125932278014,2.342108110952955,2.6238631146462077,0.6466717303676144,1.159540911213209,0.9934289390391804,0.7359514353960218,3.3342452211262845,2.020547054817751,2.3418472293242396,2.1314441116974736
2014-03-03 18:00:00,DEHM_noBD,2.6049312768336943,2.4596527620873974,2.7522888868360127,0.8546898498395532,1.3377748918115069,1.1829298412055063,0.8826943779619145,3.0617782432820277,1.7614643558757752,2.3336778605491295,2.2775968598321676
2014-03-03 19:00:00,DEHM_noBD,2.643692843809873,2.652636775703486,2.952850537487003,1.4339571568739957,1.5520743056907533,1.3705234354531415,1.0726938951633176,2.824262634210214,1.7132414062660932,2.627038980423175,2.431256229515376
2014-03-03 20:00:00,DEHM_noBD,2.804007039572708,2.6708618247191236,3.139632902253319,1.9477568029700958,1.7625686670802825,1.4350493972510125,1.399106469544383,2.635096669216007,1.663792578549385,3.013594627643265,2.531144735216573
2014-03-03 21:00:00,DEHM_noBD,2.824013945997879,2.6116150678887964,3.3806752001451263,1.877513385119214,1.9512948424383907,1.5309526502661677,2.2805039231964885,2.2976847876137496,1.7093427031758428,3.295043700658707,2.542099236314054
2014-03-03 22:00:00,DEHM_noBD,2.791884002594948,2.670150851471946,3.6978810415022796,1.7872401926033847,1.9829491449986842,1.7196977077162463,2.832505191422263,2.0454260004740954,1.8878022575457392,3.5085684208279755,2.4478003480986135
2014-03-03 23:00:00,DEHM_noBD,2.868941759672463,2.7480313594345,4.000270372196487,1.9046228515318453,1.987029715588664,2.089821985270177,2.732667087316221,1.8800988360106943,2.073996773753464,3.6770157073692697,2.3351179126442227
2014-03-04 00:00:00,DEHM_noBD,2.9624706420645115,2.8962998352073877,4.2411152713895826,2.2514893581544744,2.0941985335927655,2.5061176525196336,2.5811941977327066,1.66874763269037,2.2357501246574523,3.7480192884565517,2.2252716086480344
2014-03-04 01:00:00,DEHM_noBD,2.9939472986751796,3.202672173359245,4.373529097990848,2.573684338264803,2.2715679629232,2.6105747750166852,2.8835890392107686,1.5042478585289418,2.3709046820309756,3.672139532774482,2.116288949287373
2014-03-04 02:00:00,DEHM_noBD,3.041121130858362,3.300764372715019,4.435302116610596,2.7109633251999474,2.5946316847106172,2.451781750433213,3.451380425635193,1.4163426243844626,2.4572797337409855,3.5252093751060967,2.023927056631227
2014-03-04 03:00:00,DEHM_noBD,3.0407472844326495,3.199093209080491,4.635098145902942,2.751583561540124,2.9712362383612434,2.6069946403026716,3.7828008692729216,1.3550164717715978,2.522297863653302,3.4872418488945813,1.9809758620189222
2014-03-04 04:00:00,DEHM_noBD,3.047058093291521,3.1436646140959112,4.84183902844183,2.7846820939803183,3.1183358265953687,3.0955622811146304,3.780495824189103,1.333683301579356,2.5254509660482403,3.415337238567174,2.0041597065339145
2014-03-04 05:00:00,DEHM_noBD,3.149831398331523,3.0258802204010635,4.8272559165579825,2.812305149152111,3.1210161935997833,3.3878860646666653,3.6208536337933848,1.3733169346475602,2.4534185392320156,3.2179313669854404,2.084097451885231
2014-03-04 06:00:00,DEHM_noBD,3.166419967171848,2.9105365543634445,4.72487414378766,2.8435269314616343,3.181013332356974,3.368529275603157,3.468156336560583,1.4774347162038086,2.3979917741936445,3.085531622481644,2.201231108257882
2014-03-04 07:00:00,DEHM_noBD,3.0490653988865017,2.6579863273367286,4.469381070808321,2.5738749267119645,3.1274484404223184,3.013107186832865,3.10450884461092,1.5700445610308649,2.349614315983057,3.0167763008379938,2.3338740052935294
2014-03-04 08:00:00,DEHM_noBD,2.989782993384004,2.58854172641471,4.06517026422094,2.245387376501283,2.918121242034864,2.605906881355327,2.64182176248079,1.623819963169098,2.3145247797131536,2.977684641142041,2.395803829586506
2014-03-04 09:00:00,DEHM_noBD,3.0560761344856027,2.5195715345942977,3.8015424597526764,2.162085048052158,2.8242737081126776,2.402301706197732,2.381647981628239,1.6697609984385968,2.2597070464003086,2.888245542854369,2.4080697450030035
2014-03-04 10:00:00,DEHM_noBD,3.1165018337121606,2.4121739238649607,3.744366901901106,2.2209538023998148,2.9053927708990894,2.2975481546664382,2.3336587643744098,1.6545188436234,2.205345893572569,2.7773777255827192,2.389400062484136
2014-03-04 11:00:00,DEHM_noBD,3.088603113114238,2.2963469410452246,3.6512375003357396,2.42587012098973,2.9276778041880607,2.216570677822384,2.4536658215439564,1.6243937640461326,2.1900790426991876,2.702827142554521,2.365597834090395
2014-03-04 12:00:00,DEHM_noBD,2.927748426107168,2.213595892548859,3.452821516500462,2.524762628810558,2.8526626283041967,2.0190157003792732,2.516362174035031,1.599931958860159,2.1954621509865673,2.6476118598139284,2.350205792486295
2014-03-04 13:00:00,DEHM_noBD,2.8797458990621565,2.2150783828818796,3.2354865732561797,2.343260795397117,2.7502929557951457,1.92143932262126,2.431822889411964,1.5319487753766776,2.1737082900653784,2.5833654350495334,2.3471458000824503
2014-03-04 14:00:00,DEHM_noBD,2.9254056619477273,2.2173938275033236,3.053574721408098,2.0091157037705853,2.6632127719639835,1.871145636365044,2.194262753102485,1.4739475536972284,2.127772656678893,2.5231939515692,2.3537488304182514
2014-03-04 15:00:00,DEHM_noBD,2.9499518360352517,2.2412861751902105,2.887580492557692,1.7306801744321723,2.521204529925431,1.666758856178842,1.8576707883388366,1.302360534428358,2.077635216323845,2.4788173144340515,2.3688227385733835
2014-03-04 16:00:00,DEHM_noBD,3.022871159751043,2.3039006585374473,2.7616343035043847,1.514047855353224,2.181168995325649,1.535598302340745,1.7252708211380656,1.0986313474452496,2.03860036739286,2.4673771021458504,2.385790473289937
2014-03-04 17:00:00,DEHM_noBD,3.072004212596174,2.3819319682620095,2.9094496799039273,1.3388105391739984,1.8885651413894964,1.6413728742768723,1.5463259234163957,0.8631686878225207,2.0137221211355225,2.5318064856308693,2.4275075573500806
2014-03-04 18:00:00,DEHM_noBD,3.090721311267838,2.4543684878788703,3.0298087567620167,1.4222927013968796,1.893652374659112,1.8892400577372368,1.4671226937011261,0.7735780275160073,1.968641673370879,2.609029318685979,2.4673225116732715
2014-03-04 19:00:00,DEHM_noBD,3.215828430304304,2.537949852823745,2.9872718595710825,1.6260590151392402,2.229223392303303,2.092809040104642,1.622880253217471,0.7757092961221933,1.9127947511365078,2.5512742931891985,2.4863010772512855
2014-03-04 20:00:00,DEHM_noBD,3.390931331175193,2.6917580899725477,3.036961608697847,1.995204403771141,3.113877350469574,2.4301419560432516,1.830484121876877,0.8435395312848687,1.8696274636332504,2.5670775970809907,2.4818141656851767
2014-03-04 21:00:00,DEHM_noBD,3.4685401250573245,2.839788736530281,3.0836654861676758,2.4775475512140908,3.804467129512243,2.989061511753914,2.0415242623499505,0.9476277045240997,1.8601145945180206,2.7416497010178675,2.454697709327191
2014-03-04 22:00:00,DEHM_noBD,3.647999007763434,3.016291934663952,3.1342426057294164,3.161363289122866,3.928985917735845,3.6063901908403757,2.2753174210407616,0.9830832267218828,1.8348518122248352,2.8899945114924948,2.4100079471731553
2014-03-04 23:00:00,DEHM_noBD,3.884950369428992,3.1880232333097798,3.191457620627844,3.9735174879923556,4.075052407485321,4.183454141900885,2.620098763365996,0.9003048432227969,1.7913603879913687,3.103020208658315,2.3549437335133554
2014-03-05 00:00:00,DEHM_noBD,4.044793818053808,3.304345407057423,3.316106546662515,4.5132466085360194,4.262508205522076,4.756909739089622,3.0034936952755924,0.8078426036547123,1.7991897376620771,3.1783288318875154,2.2870888210710882
2014-03-05 01:00:00,DEHM_noBD,4.2247092403739686,3.3771516160581543,3.393309602822168,4.835728972961553,4.4745691925486,5.247654231893197,3.5850499095162434,0.8008854886691272,1.8476253874164819,2.8863243678276334,2.2156458415655047
2014-03-05 02:00:00,DEHM_noBD,4.273085163710789,3.1863698767030613,3.5068567702236497,4.969985854230087,4.776104056920447,5.484874652781165,4.469441628696411,0.8892264181901514,1.8581667391848562,2.8842708497047793,2.1374656245075165
2014-03-05 03:00:00,DEHM_noBD,4.0003593313937635,3.27938535320878,3.6614224068920684,5.041007175568337,5.179039132622089,5.414242116588349,5.234175887552637,1.0597869388470054,1.857358892979026,2.996914320201399,2.0598576044138523
2014-03-05 04:00:00,DEHM_noBD,3.828941622675061,3.6051424500419946,3.6097881188310077,5.456117307377853,5.6440994755802585,5.286754583488447,5.5582599976259495,1.212759514966607,1.8644351548191909,2.9612859679172003,2.0233648682078718
2014-03-05 05:00:00,DEHM_noBD,3.7180976724419743,3.8126967484688756,3.498223605945194,6.064925715423993,6.044876611206271,5.472974267359371,5.570113209446012,1.3282003856259585,1.8740187602683156,2.824524714044295,1.972178662801087
2014-03-05 06:00:00,DEHM_noBD,3.6631310632774605,3.885655492454264,3.6244424500969705,6.354081090097932,6.1359983746505895,5.973279764160882,5.6500581744584375,1.4273491616517304,1.8973640210065619,2.6904296900197795,1.9194719801782072
2014-03-05 07:00:00,DEHM_noBD,3.6442485484042946,3.602644712787643,3.77929737508833,5.99110044967419,5.719175368258282,6.270100918017004,5.779537358348742,1.4935721901172399,1.9647284114865216,2.711421435612829,1.8588590661183
2014-03-05 08:00:00,DEHM_noBD,3.6717863455619106,3.039081709227597,3.739738282071815,5.596050545856866,4.884720746145886,6.072678038829875,5.7470006724133045,1.5436144169336559,2.0186897965272146,2.6755836361953174,1.804607149328794
2014-03-05 09:00:00,DEHM_noBD,3.559377535634623,2.7362372897511387,3.682315824012961,5.62312057682266,4.192296662517815,5.724358414013874,5.077984151412922,1.6303864348304271,2.0082304227037353,2.5686724584415837,1.7504394068890998
2014-03-05 10:00:00,DEHM_noBD,3.3448574709350174,2.6310070855057903,3.6582382715399606,5.365876274697622,3.836636181301349,5.144592350045596,4.719728988571298,1.7007005939358473,1.9630033379167688,2.41550658205105,1.6972924283416662
2014-03-05 11:00:00,DEHM_noBD,3.214902811809238,2.4880687238359256,3.749273339125173,4.968098555570359,3.7944136988193566,4.642084275004626,4.7005216615728935,1.7651940256762504,1.9095719093300025,2.384975372541072,1.6502742658563236
2014-03-05 12:00:00,DEHM_noBD,3.1666462174689887,2.4578905048940367,4.09364961936028,4.7391635084673895,3.854750923674612,4.320721498448946,4.5042449062577115,1.8748460793220998,1.8827968941750748,2.399281944712275,1.6131160216535254
2014-03-05 13:00:00,DEHM_noBD,3.1459822493229996,2.4155488087407133,4.553086125887982,4.40987027433869,3.622424347708896,4.083479659691843,4.144378720278544,2.0020052003172037,1.871235762802642,2.4223164927903613,1.5874580284541704
2014-03-05 14:00:00,DEHM_noBD,3.117769304373219,2.1450369786922945,5.022610512979914,4.199371896267802,3.092809438992259,3.903867722342799,3.927926465688821,2.139667666314393,1.833102067865152,2.463721114398348,1.572697913856525
2014-03-05 15:00:00,DEHM_noBD,3.1466983509467905,2.124453417484175,5.413799634329936,4.021218967693231,2.7352636241779567,3.653499074265201,3.8474245650701913,2.2811832895830273,1.7726588295023795,2.454596648149141,1.5653823085010425
2014-03-05 16:00:00,DEHM_noBD,3.1892541872893028,2.1706867718905025,7.0639980551777395,3.8341671630545195,2.8770271825303624,3.3412319323837494,3.366133480031728,2.4007832395617665,1.7122961878978924,2.388579729896521,1.522033755871458
2014-03-05 17:00:00,DEHM_noBD,3.2306950969218473,2.311005124580618,8.469226727547152,3.5769503868070798,3.164984553604812,3.3646735136116135,3.5620974973905386,2.5881559644198417,1.7539502734537957,2.257130855469174,1.5992217819556076
2014-03-05 18:00:00,DEHM_noBD,3.236825312662198,2.668261480457337,8.923972951302902,3.7539195819578914,3.4728873809052705,3.3113112734754484,3.6543574807829393,2.938684601093531,1.7964173736670914,2.262900344350863,1.7074962733672745
2014-03-05 19:00:00,DEHM_noBD,3.2872647330451326,2.9863992662421377,7.689785133242906,3.8185829976424412,3.7306381993824917,3.072436175701601,3.634801516979901,3.580933572059423,1.8373338658702667,2.303796704355868,1.8025152888413518
2014-03-05 20:00:00,DEHM_noBD,3.690510166952375,3.133974656007039,5.029390318330452,3.8589793529978835,3.9264262013577342,2.9787893894752417,3.3231758424216067,4.380366598469316,1.9438962638488857,2.3173190816929345,1.882008812290983
2014-03-05 21:00:00,DEHM_noBD,4.176847592960862,3.373564979850652,3.5442216194681357,3.7359771210120956,4.068733831641865,2.9848813935503515,3.1928816142951266,4.865293419536949,2.0185305101510203,2.4844584065440944,1.9669195927083214
2014-03-05 22:00:00,DEHM_noBD,4.33810707441134,3.7457399682438437,2.821890382275749,3.561304021691281,4.122278428207235,2.9540761927276935,3.2182065962742326,4.643190868973136,2.039929652107724,2.7358045756530416,2.054604588432249
2014-03-05 23:00:00,DEHM_noBD,4.160274933618405,4.766708940953405,2.2279391107633155,3.412192204397458,4.023423927558301,2.96148150228831,3.124019479461573,3.567980411666036,2.110011265975434,3.0316555259757347,2.143547504686215
2014-03-06 00:00:00,DEHM_noBD,3.9298029160027843,5.913344469910144,1.682018615857484,3.297711365402767,3.877626627575246,3.0082186907069945,2.9784003081872634,2.1327436822888255,2.2631741316877183,3.3929964402460957,2.1722022178936653
2014-03-06 01:00:00,DEHM_noBD,4.157100772827161,5.130591497154963,1.3056600084944443,3.4218860674820952,3.659501815624111,3.165370098282349,2.9599520682187164,1.2347090339076519,2.4975392232516382,3.76962143391985,2.1715806308151038
2014-03-06 02:00:00,DEHM_noBD,3.8192028667182036,3.6958723420973496,1.1212665338923875,3.687084736070339,3.500566939744949,3.1835828945598945,3.0923106663369615,0.7539382721199095,2.874851381965973,4.6773590493503585,2.1192571713490227
2014-03-06 03:00:00,DEHM_noBD,3.0313852845132145,2.525578704868248,1.2327725476313753,3.885103533578477,3.7091853190296797,3.14696711254232,3.2620234394593517,0.4829219699451325,3.281889295519312,6.02897959302552,2.0485657882947477
2014-03-06 04:00:00,DEHM_noBD,2.6031818108045073,2.0250244809164384,1.5847159235480612,4.399809201383304,4.0117843757572675,3.333208745968534,3.6490621622200763,0.4917621657188236,3.5442857279599966,6.050807668600604,1.9593914850046859
2014-03-06 05:00:00,DEHM_noBD,2.6854962599629353,1.791751969278697,2.0866657875336703,4.907275525305645,4.0931283459168855,3.602840987359774,3.9948385533063457,0.7486727316284179,3.4855789424071086,5.172597537081018,1.8785833266988212
2014-03-06 06:00:00,DEHM_noBD,3.326125412611887,1.8234758295573201,2.5377042198607698,4.845376586675254,4.3021192297519235,3.7867425763595923,4.74608788751329,1.2313316046577691,3.5296488364832106,4.16878025292948,1.834009109913893
2014-03-06 07:00:00,DEHM_noBD,4.859691073393151,2.113221477152724,3.108738119640201,4.40905882540145,4.6966996492743025,3.9809603007578453,5.145522373760243,1.9598126791656019,4.0282788017839195,3.046831090763323,1.793492237767372
2014-03-06 08:00:00,DEHM_noBD,5.361445904575569,2.4472998315066845,3.5754660664264484,3.9551834334767726,5.331994011661636,3.9445392352329183,4.952622634104213,2.7475706250143053,3.422047304048761,2.700074436684279,1.760082115575797
2014-03-06 09:00:00,DEHM_noBD,4.923759001768968,2.901307980778394,3.692499191466887,3.8647931571485383,5.515068580201096,3.8771196357475497,4.73293048597592,3.266354030790925,2.7356336250655353,2.922412022491763,1.7646720072163689
2014-03-06 10:00:00,DEHM_noBD,3.915447403333455,3.110769258341105,3.6537276849541627,3.7676108400172996,5.371123360665562,4.1445772442699464,4.328174912745983,3.4406785601136085,2.391812804032378,3.8443610111565794,1.8245892818543734
2014-03-06 11:00:00,DEHM_noBD,3.201805261024273,3.2826054473559894,3.7551939122872797,3.761837009733633,5.194747556088148,4.637935550057372,4.007064720343514,3.404109770056307,2.2256412159791217,4.349119658721909,1.9444569133661664
2014-03-06 12:00:00,DEHM_noBD,3.1220913833930446,3.555098516341285,4.088811445145679,3.6887308977275746,5.383287379073265,4.902998332616599,3.814234084826436,3.2793798566043377,2.310484008287117,4.277918447051367,2.0867467553697994
2014-03-06 13:00:00,DEHM_noBD,3.381431776582471,3.739544311877191,3.6889037652773253,3.595217668320281,5.702176849888495,4.702626413376284,3.699721206734469,3.118811010702253,2.656386599766277,4.4111784827448774,2.148429425754638
2014-03-06 14:00:00,DEHM_noBD,3.7376671714024954,3.8591074739592246,2.926612800857752,3.587656398276271,5.864884781149799,4.282399531208625,3.26999024460841,2.8411432151323557,2.9434949458830246,4.38174389919693,2.1172513914628905
2014-03-06 15:00:00,DEHM_noBD,3.9184387999148225,3.906946231081623,2.765555187234052,3.5681221322796377,5.775934706291039,3.692496527639205,2.9477094637817225,2.505545854782164,3.181091079353839,4.585577524596446,2.0540315153810056
2014-03-06 16:00:00,DEHM_noBD,3.9275569118532063,4.065079726916416,2.7944545573103357,3.9951823006927096,5.673897119755276,3.3779438704876457,2.907764915935383,2.431389628821015,3.608477964369133,4.796258865806448,2.076114149100948
2014-03-06 17:00:00,DEHM_noBD,3.9457919610420773,4.232349705935998,2.899621717700949,4.867768308654799,5.507786676559198,3.2314860147471656,3.2502018658657215,2.670976500335634,4.291095424429849,4.875143625628184,2.10637830065486
2014-03-06 18:00:00,DEHM_noBD,4.51818045945102,4.669430054293981,3.3632702997706616,5.89039687599659,5.028105900891621,3.1003516591489237,4.104475116412835,2.934635618451834,4.665775898283385,5.1084278305987265,2.1547442489691173
2014-03-06 19:00:00,DEHM_noBD,5.363842290098244,5.095322842874157,4.524534533480091,6.17732605825087,4.585030729430108,3.198320355730815,5.352285557150449,2.7931746464100478,4.942556194243748,5.5272160160243935,2.2377412842530386
2014-03-06 20:00:00,DEHM_noBD,6.027513065115189,5.829474712489487,5.690863677509961,5.507016510835142,4.433631542882551,3.4215775266193225,6.419722844500277,2.2630562492166457,5.295612630488891,6.082676467405488,2.3221431433380024
2014-03-06 21:00:00,DEHM_noBD,6.410425268663733,6.591313536997947,6.400318239097586,4.763607986530347,4.499751520361973,3.650380960877496,6.685637389751075,1.8661235888698697,5.797728195392601,6.614159311664826,2.4574671964241377
2014-03-06 22:00:00,DEHM_noBD,6.635365286947424,7.4509570534667215,7.041372598653861,4.628007567875828,4.645821209967188,3.9821887788013273,6.199143013570852,1.608423732212931,6.484849238267095,6.988938666388358,2.603575086203925
2014-03-06 23:00:00,DEHM_noBD,6.7782178576656245,8.247807983292315,7.876065830269518,4.856314883458088,4.690531400701147,4.485110050556929,5.65172371613861,1.345275950747877,7.400177160690184,7.066358426761539,2.7795957617794724
2014-03-07 00:00:00,DEHM_noBD,7.023230639635705,8.569402032495194,8.313991240654975,5.350167795408186,4.650509814911612,5.080051150095861,5.514494386106293,1.2117635636012256,8.164822705040407,6.962208559080628,2.9844575381366916
2014-03-07 01:00:00,DEHM_noBD,7.229144724315203,8.787091294723615,8.320979124942594,5.933454752049303,4.550722569231406,5.569725496978044,5.872976558504064,1.1578305891899765,8.502299449143335,6.8942526467043255,3.1617862291060392
2014-03-07 02:00:00,DEHM_noBD,7.4704761969285265,9.106825791020984,8.199016202381857,5.959672706512405,4.532394001590091,5.956115807725823,6.911783398609273,1.141782927484475,9.084434368468186,6.834218960948875,3.3594291373358667
2014-03-07 03:00:00,DEHM_noBD,8.032276418904532,9.313724167481242,8.17038270487001,5.734085648674347,4.681834060984631,6.706075786246255,8.279177728928587,1.0447583982521296,9.370388937953333,7.084544418065585,3.5999289963948735
2014-03-07 04:00:00,DEHM_noBD,8.502527419440012,9.290438942890852,8.169609973564464,5.816835017925188,5.153408600214409,8.020974530119148,8.230215043062667,0.9895040670856832,9.527971523083139,7.9757445622066125,3.916938677508384
2014-03-07 05:00:00,DEHM_noBD,8.683835585001932,9.362365004629533,8.067768939744706,5.99500152019284,6.198163341715392,8.309813505137418,7.579581969069097,0.9929204740655422,9.57467389433036,8.779341715994327,4.4043207962116595
2014-03-07 06:00:00,DEHM_noBD,8.648754778242447,9.523203837620155,7.787018770049156,6.039874249159079,7.1972660390485395,7.833109676772281,7.207956826371603,0.9117538593569398,9.609618495687759,8.841162841924353,5.09804147236079
2014-03-07 07:00:00,DEHM_noBD,8.41986284055135,9.237615517293275,7.432553797346461,5.787987805618383,7.364508797715354,7.210394151585867,6.708492766063892,0.8415590224650128,9.551889800907933,7.748854684919994,5.8847621732718505
2014-03-07 08:00:00,DEHM_noBD,8.052125657467956,7.1183521323401875,6.69705137702957,5.41402940067578,6.8344577615850985,6.395408177329578,5.831967253511655,0.7141307641989737,8.593430964085853,6.805752647334805,6.719930476511344
2014-03-07 09:00:00,DEHM_noBD,7.362640963979203,5.72431087896739,5.454075397609491,5.140755010874167,6.283896094456986,6.151322513557307,5.468717443058,0.558577474577017,7.996103520073925,6.308673321121449,7.385676903252388
2014-03-07 10:00:00,DEHM_noBD,6.399814858216394,5.254488673044694,4.821101820103966,4.886901342982068,5.791874059608687,5.964647441289144,5.290101103955249,0.4332732178780807,7.777359582093211,5.95010949561132,7.7294369195400865
2014-03-07 11:00:00,DEHM_noBD,5.593681628442913,4.707284640228112,4.424677167991296,4.868079718276569,5.111359101370069,5.794432557769847,5.408361527463529,0.3820056332321091,7.362487954535738,5.752238689646903,7.649213389117517
2014-03-07 12:00:00,DEHM_noBD,5.142155715070813,4.410079857031045,3.8054881373039855,4.748116046235619,4.139442492053944,5.180853264195711,5.310534827628356,0.3365295940186455,6.623926206403819,5.480595139367486,7.184244190482303
2014-03-07 13:00:00,DEHM_noBD,5.2749871617408814,3.9775460672425553,3.547543814953518,4.854574756301297,3.181870717645821,4.449991571496784,5.0999463682249555,0.16153235151895295,6.043332417818153,5.421057142742751,6.512499290889721
2014-03-07 14:00:00,DEHM_noBD,5.678294203944305,3.4550676841223886,2.8980978318332387,4.882464313751428,2.6353019295689535,3.575975704471502,4.885416556442947,0.07371507291812429,5.636660855409239,5.330080231719378,5.946951293666764
2014-03-07 15:00:00,DEHM_noBD,6.1015327895511255,2.72813429902388,1.4235762336895872,4.745343147987093,2.1650539733423178,2.690160510701971,4.561844696595308,0.04982341893453138,5.4373655684081825,5.4520599700075465,5.645810388934978
2014-03-07 16:00:00,DEHM_noBD,5.992014418505744,1.708786033104197,0.3677411407019371,4.753901982425302,1.3316910080881788,2.7324456943105107,3.9680247747393538,0.07915138841383153,5.1808002521831265,5.436164182399156,5.549958049257509
2014-03-07 17:00:00,DEHM_noBD,5.7720919704048095,0.9508839986496397,0.16453070533362207,4.802096383565246,0.8409112630167812,2.515814540424178,3.3903914866165756,0.12497737736221852,4.183825514203907,5.186436305065923,5.4134322881450325
2014-03-07 18:00:00,DEHM_noBD,5.535389640023352,0.373664487292125,0.12024138845009077,4.544530144007539,0.6326203807256673,1.802347431667717,3.2842718182467197,0.12308292205020364,2.6468348276902454,5.183157354315616,5.141369569442114
2014-03-07 19:00:00,DEHM_noBD,4.784565903617637,0.21098408145804737,0.12919802169684372,4.111033525575398,0.659563762409524,1.385892241668369,3.0223846568217314,0.09211540789501325,1.1762689272870357,5.364854746898094,4.69649142150679
2014-03-07 20:00:00,DEHM_noBD,2.524801771470252,0.1783316454098881,0.1074488924890238,3.8689516053268584,0.7801607042913256,1.2859261304138396,2.2366197242944237,0.04948628390821882,0.3744481501833674,5.57372396985998,4.036365790565853
2014-03-07 21:00:00,DEHM_noBD,0.7584360718348925,0.1776715327406203,0.08032032349453529,3.3533647338498165,0.8746949558752728,1.3960400005498828,1.9265756513318049,0.03552455024934592,0.13192049162998784,4.14194067034632,3.2413918169208893
2014-03-07 22:00:00,DEHM_noBD,0.24282310040355873,0.13487954843761885,0.060804934978826164,2.693295139008908,0.9163694614966562,1.5585616740722477,2.0339080542179717,0.04066846896961896,0.10245781252044008,1.2204248425219184,2.349226304785742
2014-03-07 23:00:00,DEHM_noBD,0.20433370313030425,0.11327345894620265,0.05728316902808887,2.5135601492771635,1.0273887469287053,1.7228581632143214,2.300656874194927,0.04715757399550627,0.0911259860904165,0.34337191501182385,1.2503878435680968
2014-03-08 00:00:00,DEHM_noBD,0.1975572846576861,0.10048097296288079,0.05759794946489587,2.4600005002061844,1.0926296670099254,1.857621009714422,2.6259336943629097,0.05014590066321177,0.07552329222648378,0.25489467680375955,0.44659281706029075
2014-03-08 01:00:00,DEHM_noBD,0.14590673105630192,0.10270911600666299,0.0615569509544378,2.514043503814952,1.01258765000361,1.747090844892226,2.6977570866915817,0.05083641579905858,0.06229987930708557,0.2667050953253554,0.16259575596236955
2014-03-08 02:00:00,DEHM_noBD,0.08824553104432527,0.10235902066753116,0.06635907060667677,2.659532362721856,0.970707193156583,1.6603171986084384,2.682555031428766,0.053242934884676796,0.06036030864701595,0.24391748716300204,0.08949893782772257
2014-03-08 03:00:00,DEHM_noBD,0.06565511182931937,0.10671985440159257,0.07499108590021704,2.5770049117314726,1.0321430603165924,1.7957879459156607,2.8047037477605894,0.05517111453347479,0.060294956453125784,0.19883478456815948,0.06555177980727223
2014-03-08 04:00:00,DEHM_noBD,0.061028246245037124,0.13037148969166382,0.08262273938610723,2.443834748473739,1.1760383634195104,2.0565023052949285,2.808762327829297,0.05924154815495146,0.06655592288912733,0.16566201072876183,0.0603152947408999
2014-03-08 05:00:00,DEHM_noBD,0.06117548751344423,0.16413767178193486,0.11112745485637782,2.1073502923443628,1.3911364485700148,2.375557568944981,2.705336881081246,0.06515051910918888,0.07338037626743306,0.15672673310471602,0.05618953239293656
2014-03-08 06:00:00,DEHM_noBD,0.06514054491509434,0.19584815659931806,0.15681767858634682,2.0248770854020894,1.6991608417719275,2.7349924494729017,2.479410496798944,0.07080322603749564,0.07579277041171664,0.15818128478169616,0.05721475691823829
2014-03-08 07:00:00,DEHM_noBD,0.07041880721251235,0.18130347685981124,0.16764173790670112,2.1388323371122393,2.2747772580378647,2.456068658933796,2.073729824637291,0.08345188697349852,0.07524716517685896,0.1334513219852237,0.054191103893137145
2014-03-08 08:00:00,DEHM_noBD,0.07725566210783079,0.156927336975705,0.14024691334777126,2.3006396964128526,2.3669278467238204,2.001175362481163,1.9884316254803225,0.0906955103513364,0.07601626251680761,0.1121073383496369,0.05152705344235134
2014-03-08 09:00:00,DEHM_noBD,0.09582803579068258,0.14010818346124362,0.10574745856081763,2.571672558768899,2.0535161722619506,2.2017847646761317,2.0723637517819284,0.08302535930401164,0.07899138258713279,0.12256124272255214,0.05239861609809349
2014-03-08 10:00:00,DEHM_noBD,0.1367104306137794,0.12330491854310953,0.07931274769721774,2.7901836059595926,2.2633864938911334,2.3702201345695357,2.408793620472124,0.08143178603748771,0.08033022542211679,0.127591847032624,0.056647802488576746
2014-03-08 11:00:00,DEHM_noBD,0.22347300049675614,0.11720915660069305,0.07482044021564925,2.74503126267995,2.596218648939589,2.478472149913363,2.649925514911464,0.09012514723392182,0.08136198594069087,0.11297761569012757,0.06190701503457025
2014-03-08 12:00:00,DEHM_noBD,0.2816576802037212,0.1177140301259346,0.08016500323730275,2.292903981886584,2.8151586424324107,2.59255600120811,2.732451590753988,0.1035145038123428,0.08497767448381972,0.10537033513697774,0.06470544272977265
2014-03-08 13:00:00,DEHM_noBD,0.2754988382425693,0.12858225953094268,0.08508416746031987,1.9543117480697414,2.862338173737143,2.4296451024979566,2.356608152057226,0.10634734891332678,0.09885725322294035,0.10311686516039167,0.06750662531178557
2014-03-08 14:00:00,DEHM_noBD,0.17845800025152272,0.13328667290237955,0.08623590714107404,1.9272441763271724,2.719691915932054,2.2118294147633097,1.9251719223686505,0.09927418057009561,0.1310168827929265,0.11339385337923959,0.07136912704292615
2014-03-08 15:00:00,DEHM_noBD,0.08415634790668249,0.12201826588653247,0.1125679576662734,2.0864577242352587,2.562100509545549,2.318105288527892,1.9699611348107762,0.1102895661443842,0.16265052537310004,0.13803338475588928,0.07399448597222269
2014-03-08 16:00:00,DEHM_noBD,0.09838744862182282,0.09750020836570648,0.20507938587273603,2.2115546087102036,2.600191784652621,2.615865511031287,2.132202652047859,0.11901234628401687,0.1863618552667497,0.21801910722163526,0.07427217501389721
2014-03-08 17:00:00,DEHM_noBD,0.12232905495554189,0.13255396874516362,0.32778008697777017,2.4796308693006726,2.9414164219156227,2.9679034663736266,2.1859738151502577,0.12765076553061588,0.2048891264773099,0.3741365866911912,0.07270428160185737
2014-03-08 18:00:00,DEHM_noBD,0.23578828482390723,0.3456051621617947,0.6141714811639187,3.164272296883241,3.277476479268971,3.6792466755205573,2.5692455902287863,0.14682134829081578,0.30506087378715907,0.4313672130252014,0.07134152800238852
2014-03-08 19:00:00,DEHM_noBD,0.35162944179806993,0.6571346686458028,0.8284816460432142,4.019548924626545,4.010680260144399,4.533444417566821,3.6961256428586036,0.18685126571718597,0.4158664177827693,0.4482961184088279,0.07553221086908489
2014-03-08 20:00:00,DEHM_noBD,0.5727506327329709,0.9632724030392875,0.9637544244893036,4.940120680734308,4.881572485206031,5.317899838804437,4.883464634152434,0.4681325897742994,0.38949351339460214,0.624442540310298,0.08048918610440321
2014-03-08 21:00:00,DEHM_noBD,0.7365344545306443,1.4121532949528794,1.3763226842857734,5.694492435708492,5.514480615005526,5.960200250184742,5.968159650149952,1.2877498136470467,0.4188974992176606,0.7997213555017221,0.09589597838232727
2014-03-08 22:00:00,DEHM_noBD,1.1463021429521174,2.0906878110335945,2.0953289918585063,6.239228911299224,6.075992299518578,6.581328566094931,6.6826583472353915,2.401785092065274,0.6460199326633561,1.1119154611102209,0.1169889494294327
2014-03-08 23:00:00,DEHM_noBD,1.242826000774863,2.5611573228564275,2.9596678734330752,6.606991581900543,6.632578208395691,7.171682332274993,7.10060393144686,3.6077539569838537,0.9304710051242191,1.1652693421022513,0.17803102035916357
2014-03-09 00:00:00,DEHM_noBD,1.285432228850749,3.075785694049098,3.7376664214597017,6.757287663630073,7.079366255227278,7.47297884715044,7.376471813808375,4.442672843097858,1.2468869006550565,1.21553347399835,0.3016733545281983
2014-03-09 01:00:00,DEHM_noBD,1.6180018820041788,3.4098726460277917,4.432701129757659,6.7562933474644495,7.4163409816763295,7.445286800789025,7.51200320603806,4.757638824875951,1.4018373568317384,1.298901409283954,0.403615218682974
2014-03-09 02:00:00,DEHM_noBD,2.033090230372572,3.807473435826147,5.217285593473855,6.4724583103164,7.595931277627561,7.236171949222784,7.476660553024812,5.120143062551916,1.733874720081598,1.5013595015613832,0.508021139225041
2014-03-09 03:00:00,DEHM_noBD,2.5384834225882207,4.54543959097714,6.290276127070708,6.086757327984377,7.614299590793877,6.876199488878388,7.176269912609891,5.671614420364648,2.1388200510438455,1.9581274838595433,0.7605768792308343
2014-03-09 04:00:00,DEHM_noBD,3.0489039694228732,5.49147066827714,7.492629489991269,5.880033153927801,7.441204094027911,6.469145254611822,6.678469164197109,6.3481607747747,2.719543594508266,2.580658601874836,1.3060156863041246
2014-03-09 05:00:00,DEHM_noBD,3.773061406376171,6.532368863881211,8.418784825216393,5.93453336997233,7.1595076756420815,6.065528011922803,6.202118480308361,6.790396082202495,3.490722786625733,2.949123042393258,2.1628355515932753
2014-03-09 06:00:00,DEHM_noBD,4.439323022633252,7.506612539394229,8.945775159289354,5.979776669263662,6.701051443660391,5.67491228675648,5.855549739170427,6.731643745549321,4.4139174656150795,3.081759546923907,3.209423420599134
2014-03-09 07:00:00,DEHM_noBD,4.924525488245969,8.107235803094312,9.068311290693117,5.780512278004606,6.115672126107371,5.327415460669506,5.533217569298615,6.768314848005474,5.552523705111933,3.3523918484425743,4.2410600854081215
2014-03-09 08:00:00,DEHM_noBD,5.338689326766052,7.980960028597804,8.529004616689729,4.869810764051408,5.2338622860442285,4.6735480332724775,4.71296527427055,6.826397522381544,6.618158980618395,3.8143974210809315,4.94446780927822
2014-03-09 09:00:00,DEHM_noBD,5.6877078246672,7.536053329271263,7.612167130635953,3.9672248068946434,4.70112871157441,4.322749323081046,4.287602123468092,6.731254536025823,7.119451819775869,3.907907525148158,5.026237390604039
2014-03-09 10:00:00,DEHM_noBD,5.9263675815265735,6.953037059868488,6.945975291805007,3.360832427579196,4.452383216135779,4.352078344680388,3.9493069321218464,6.465181704914421,7.2796215197505525,4.011411099724826,5.195945031608766
2014-03-09 11:00:00,DEHM_noBD,5.86429662431507,6.238314613374133,6.404459187839781,3.097915962691682,4.462455366712022,4.455785746165227,3.749030760969277,6.056171449297965,7.197681607433152,4.183651746639848,5.283402909526722
2014-03-09 12:00:00,DEHM_noBD,5.482830146553107,5.418516412349433,6.061115530389436,3.1171886283847052,4.3555409403394805,4.286862170909072,3.4513635017670223,5.602086950619221,6.968850639356823,4.240189135362423,5.394611923120301
2014-03-09 13:00:00,DEHM_noBD,4.842085811744609,5.195668693075601,5.839401609007772,3.102951221518798,4.057115465588097,4.150088519577349,3.450971471295075,5.222499540282191,6.654993588847693,4.341859282567884,5.846426756140915
2014-03-09 14:00:00,DEHM_noBD,4.273352420065358,4.915342220146536,5.668676663870093,2.884160247464622,3.937083986793399,4.045162360327602,3.4042860460618836,4.920507535795569,6.320474445524875,4.378166226028384,6.3100920213184315
2014-03-09 15:00:00,DEHM_noBD,4.066542888532141,4.768520659047496,5.561049712373608,2.527501931557598,3.7524684201269656,3.8730869427418457,3.4951485575277,4.611018620163203,6.084195602407455,4.36935770282746,6.57244828601352
2014-03-09 16:00:00,DEHM_noBD,4.202166195447193,4.813609045215024,5.6329274846762,2.368819898898931,3.757835183531017,3.952057674669655,3.291504715908673,4.3001712324401735,5.882974735859911,4.3745855509713785,6.721273656752408
2014-03-09 17:00:00,DEHM_noBD,4.345689532384894,4.928803058797014,6.0665813879091335,2.29918607668986,3.932723522988869,4.054408365686839,3.084129575152329,3.930468524054289,5.5418604713969275,4.321522582307622,6.77767446634029
2014-03-09 18:00:00,DEHM_noBD,4.879615209670979,5.469169905279575,6.51800856711198,2.5115776115953428,4.265986159321095,4.217015884640144,3.2449876643191975,3.5177332916285096,5.310842243221091,4.35735832987455,6.765493308445549
2014-03-09 19:00:00,DEHM_noBD,5.272328880306562,6.264177009686067,6.630036258409497,2.7107753603199765,4.742612939769068,4.650297886719352,3.610623469044193,3.1119925629179925,5.2051004972767805,4.366242066783948,6.604123963461891
2014-03-09 20:00:00,DEHM_noBD,5.270586327198463,6.880158671098937,6.643768934180736,3.1439307071842135,5.249040341778436,5.180305254567493,3.835854941289182,2.5173784358158704,5.351774158170622,4.2279175987925335,6.476371293690652
2014-03-09 21:00:00,DEHM_noBD,5.06187959746787,7.2550092767834276,6.661454560970541,4.006329541092747,5.826669973239065,5.794701936736411,3.9887576148080344,1.7114016058529353,5.749011576650216,4.012194775882467,6.394532079788336
2014-03-09 22:00:00,DEHM_noBD,4.731691940175473,7.5328702533983165,6.681601384344289,4.7861792498913225,6.468616166199082,6.531438441585872,4.418504482799866,0.8777397515306622,6.3295223867238875,3.8383687320265647,6.183383027738482
2014-03-09 23:00:00,DEHM_noBD,4.729854381067355,7.7803912421604675,6.730118516465341,5.453877757167146,7.08480932307675,7.279162620996011,4.717437422829674,0.3836488083207885,6.94198316721456,3.902468113160818,5.795212005133553
2014-03-10 00:00:00,DEHM_noBD,5.413869821763247,8.025707385611494,6.799534491254475,6.082733463925124,7.572243485630394,7.709496417897559,4.806158427645632,0.20222695971091964,7.494046872367255,4.260684383745375,5.238454338258505
2014-03-10 01:00:00,DEHM_noBD,6.420054767742305,8.239428799063292,6.920429662418654,6.456152157507884,7.898459222099897,7.463646926024682,4.972374866141286,0.15325417703396751,7.952935583132124,4.701496228046563,4.529822094470859
2014-03-10 02:00:00,DEHM_noBD,7.218846973961254,8.402602567816475,7.09441537684869,6.651916574801433,8.088071358379368,6.732636948478718,5.291449414119829,0.1495139798001472,8.09422169755183,5.136886490294582,3.739522213741467
2014-03-10 03:00:00,DEHM_noBD,7.982401288670509,8.569964345989066,7.279289113052544,6.802331841387705,8.25656313604449,6.246841968959882,5.640367175314092,0.1379408809283282,7.958315877737403,5.679159407364805,3.012735431376659
2014-03-10 04:00:00,DEHM_noBD,8.655327290466046,8.80022767827727,7.1969546997995675,6.950232725521753,8.429013244651411,6.189941913780529,5.966410291872755,0.11551427206902287,7.629231239194125,6.3792001451444715,2.4179527352026104
2014-03-10 05:00:00,DEHM_noBD,9.208910801700803,9.071777307874731,7.016385177546479,7.063988774513803,8.547814165387662,6.297645830192109,6.221329658716445,0.09528294040841495,7.262152656273767,6.978945254527498,1.9216956449473417
2014-03-10 06:00:00,DEHM_noBD,9.584576598043357,9.30022889460429,6.980556191122569,6.943890323428803,8.548596674249831,6.401503013898821,6.330667203304625,0.07355244426748232,6.912234717649519,7.402777830658285,1.507677058873591
2014-03-10 07:00:00,DEHM_noBD,9.815725118775118,8.579793193187685,6.987242229671404,6.16071687191958,7.98266984245127,6.166098765539041,6.042231777110283,0.06398265960342946,6.36900573691383,7.676391902958462,1.1229283822890277
2014-03-10 08:00:00,DEHM_noBD,10.297381883042434,7.462971908832622,6.7322228640818595,5.46658905968307,7.387766621565003,6.138881087821333,5.611606780094999,0.0682745009990174,5.640346118311509,8.180355991358654,0.7683924864600284
2014-03-10 09:00:00,DEHM_noBD,10.703951887784596,6.549631892622624,6.018587706977539,5.266322519665774,7.272505459540392,6.5808650374357285,5.558079444325638,0.07461141230836961,5.041777675317898,8.748535444662458,0.5445286553708847
2014-03-10 10:00:00,DEHM_noBD,11.171700199245421,5.951852003247568,5.5071322489243,5.329214577639899,7.19299547978721,6.968679066467392,5.968422717567766,0.08130191400045737,4.2011960672622175,9.286513011598968,0.37668468940784494
2014-03-10 11:00:00,DEHM_noBD,11.65783847086037,4.95134383829935,4.4117277065350855,5.507819330517296,6.910880210948595,7.110837861505541,6.636535278788883,0.09429579985327881,3.391270007230528,9.588975374495526,0.24818082065974872
2014-03-10 12:00:00,DEHM_noBD,11.492501057686777,3.1842221982565326,2.3183420868567937,5.883860528207594,6.524497810102485,7.147731234465847,7.163484437575944,0.11532534217026534,2.324265298251473,9.355455733441215,0.17481176316296382
2014-03-10 13:00:00,DEHM_noBD,10.391401179445772,1.3877671161943588,0.4629596153160742,6.2088851746847675,6.695098404128702,7.254430327966948,7.40825042675039,0.1223867976167855,1.129356759979371,8.679446123704585,0.14136746687825733
2014-03-10 14:00:00,DEHM_noBD,8.912084505475814,0.48785544515344537,0.1453384924332718,6.468415711063326,7.418207707777578,7.213407929467261,7.620397758350779,0.1116251737325411,0.3109066588978282,9.134077360236557,0.11317815322062597
2014-03-10 15:00:00,DEHM_noBD,7.254288490540535,0.18916587934276902,0.11612947461820107,6.591381443936911,7.715828878875235,6.999570583249431,7.648531607442411,0.09064451800721099,0.11322885721282085,9.352611657702106,0.09437274150548712
2014-03-10 16:00:00,DEHM_noBD,5.124672698729486,0.11600312065249826,0.11793093114575588,6.961905583637941,7.159009301017863,7.0195251032929145,7.499875754679575,0.07763964316550971,0.11390136960732516,8.981969589436261,0.08414352504068917
2014-03-10 17:00:00,DEHM_noBD,3.7574784677812456,0.15071064348321217,0.13306689012536438,7.626138987045083,6.230516779605257,7.292093330695527,6.846141201704524,0.08242988201347537,0.11615930100604514,7.883285227932609,0.0875350873150487
2014-03-10 18:00:00,DEHM_noBD,2.4146116966554523,0.22623779624438284,0.22497154352411922,7.850549787376595,4.771129573892055,7.472425366162301,6.421386561948832,0.10493193417389954,0.13897495426495873,5.438645796089342,0.08691024927574882
2014-03-10 19:00:00,DEHM_noBD,0.577620439404398,0.28734487903298606,0.3041786702757193,7.59010706912759,3.6851984009536887,7.35280410163552,7.098964893130621,0.1316998646690559,0.15857574019148196,2.5203827687524663,0.08956098874227322
2014-03-10 20:00:00,DEHM_noBD,0.23806713550060973,0.3511832461830507,0.3132157156312515,7.707833889927414,2.556574556730499,6.884059511495688,7.521456475072654,0.15595291117589324,0.17265185241926403,1.647257433656518,0.09831312626070592
2014-03-10 21:00:00,DEHM_noBD,0.24965781512618043,0.3835521968600753,0.3099154015300574,8.065193066748149,1.4966556649609586,6.077732217945297,7.410685466343089,0.17327688166622995,0.17370886204865166,1.4467640603880396,0.0983850755629742
2014-03-10 22:00:00,DEHM_noBD,0.31630823165036726,0.39116783619099454,0.3697289284010544,7.999037875887088,0.8808817622154043,4.712561565226111,6.7474953542329725,0.17425354910872398,0.18533692988610703,0.5368799835381097,0.09354719133890026
2014-03-10 23:00:00,DEHM_noBD,0.4224268330071866,0.34964872210847303,0.3698203075383969,7.9257209026543425,0.9531358295813226,4.036559067984895,5.5991730129977775,0.1714091190315596,0.25533138692978313,0.3091182985722273,0.08918498530240766
2014-03-11 00:00:00,DEHM_noBD,0.49347827278688533,0.34267629929508936,0.2849032603384003,7.790721075841924,1.361857156464171,4.319633746920862,5.476258207697925,0.16539943677568794,0.3090988539048375,0.3355875778082012,0.0854874807061188
2014-03-11 01:00:00,DEHM_noBD,0.5880023338604718,0.4116763738116156,0.31761792322932547,7.86943856289065,1.8338143449300175,4.664845376780703,6.314691780315335,0.1621427890844642,0.37114452098533685,0.40129133628864766,0.08057845669212085
2014-03-11 02:00:00,DEHM_noBD,0.6334987802949361,0.5266705911601213,0.4187843376081685,8.195531212077727,2.21915249312693,4.8691358566830445,7.687469608191093,0.1600731308305262,0.41883444202276804,0.41611035318602335,0.07635002690229695
2014-03-11 03:00:00,DEHM_noBD,0.4867352996172196,0.6331131117885042,0.5166299857818182,9.288322409544467,2.489417909520012,5.332159440065772,8.577003829550513,0.15913920826242292,0.45855800054676926,0.3395648125228983,0.0763790312105518
2014-03-11 04:00:00,DEHM_noBD,0.418849893502537,0.7124468609545657,0.6132735594021912,10.11520423405334,2.7991852437253226,5.342602574169492,8.354016346452164,0.15922210276831864,0.47958085417090557,0.29057960238755093,0.07365990253784596
2014-03-11 05:00:00,DEHM_noBD,0.4121527152441814,0.7814483614353895,0.6977552463457933,10.262728900812291,2.68081159029864,5.2657117829760995,7.767469686249113,0.16036854263150588,0.48157336858346245,0.2711520082440807,0.0724988610106043
2014-03-11 06:00:00,DEHM_noBD,0.42727291732409944,0.8130170736194067,0.7650788113121706,9.206600654813892,2.36102824219445,5.033565227502656,6.794451027202599,0.1626564578710868,0.456331605454125,0.2526004963087371,0.07234108026263554
2014-03-11 07:00:00,DEHM_noBD,0.44265675123352544,0.7101610954447206,0.7548289067894381,8.244173561336353,1.9654730553883897,4.708533288157206,5.8472139175374185,0.16513214170537405,0.37933816459154657,0.22084146420128864,0.07399637609773589
2014-03-11 08:00:00,DEHM_noBD,0.43868656101088027,0.6415397448634987,0.7213006426811415,7.052969824942727,1.84350342269039,4.192718358643621,4.809079515211796,0.16981694290611413,0.31091070042781094,0.1798854240366769,0.0777480776400473
2014-03-11 09:00:00,DEHM_noBD,0.42708447421892537,0.5952560925024145,0.7281654660546267,6.43550026352321,1.8150853421669222,3.5637797957033723,4.237564992903607,0.17169912960539563,0.258703072686032,0.15565618599317457,0.08323910495290462
2014-03-11 10:00:00,DEHM_noBD,0.42595439930350854,0.5450774571950767,0.7280194816833163,6.067079913774483,1.7592548011044726,3.3002674333230355,3.7764684938625415,0.16896406560131338,0.23012543868548874,0.14998798136056052,0.09063288271890126
2014-03-11 11:00:00,DEHM_noBD,0.4387104259264957,0.4982466820196213,0.7223272866654388,5.7442227803299595,1.6334539382914968,3.247372210380599,3.364872074857077,0.167279974997621,0.21986386014629672,0.1479104214788402,0.09846556398459581
2014-03-11 12:00:00,DEHM_noBD,0.45518678620513975,0.5555094187094793,0.7618100568117623,5.344078748839474,1.5806017787680533,3.1121253955627792,3.194546578116655,0.16526641861679023,0.21760720192545846,0.15018748550106578,0.10622840712166617
2014-03-11 13:00:00,DEHM_noBD,0.46770817862304137,0.5897742749219143,0.8240679977660128,4.840898473618594,1.5219080112067842,2.8253675565010545,2.8355146082344795,0.16197544548397105,0.242526614330745,0.1526067061793026,0.11336293868469949
2014-03-11 14:00:00,DEHM_noBD,0.4999378661416447,0.6425508548527368,0.7240699228964247,4.147738977643788,1.4275270370091324,2.3667409578880427,2.3205792558226817,0.15921399681978615,0.3150547668634709,0.17081680604817967,0.11955648062586693
2014-03-11 15:00:00,DEHM_noBD,0.5609270845430636,0.6072769540891054,0.36283575999806567,3.49849804737398,1.3814648438238095,1.8656476862525975,1.8081278415923707,0.15716267718164592,0.3587413106340771,0.24715124661526955,0.12252649850151923
2014-03-11 16:00:00,DEHM_noBD,0.6522563405160465,0.5577888934324191,0.32819141788693584,2.7226220581046565,1.3274416064493753,1.528342526328046,1.5066752250467355,0.1529823441504691,0.3689205155963988,0.39483904526966995,0.12381132180734844
2014-03-11 17:00:00,DEHM_noBD,0.6875419387181382,0.6185290290062344,0.41751043966859747,2.126939947010545,1.2933676459246557,1.3832604958030341,1.3368740238959724,0.1490799702639632,0.42060302735930477,0.5135264477107765,0.12594455498675963
2014-03-11 18:00:00,DEHM_noBD,0.6133796324973274,0.6872953304900261,0.5336449052888611,1.769468437440017,1.3340759528192698,1.3789870406067166,1.3045285566647409,0.1533512739980988,0.513724204282555,0.5711762922268935,0.1317311177148231
2014-03-11 19:00:00,DEHM_noBD,0.5433019905564793,0.9063479892549315,0.6398661869185363,1.6971545506793952,1.5322370146658313,1.5767641950396545,1.3109682350121792,0.15928627932826228,0.5837543528672704,0.6028933419420777,0.14318177586470104
2014-03-11 20:00:00,DEHM_noBD,0.5061344232313335,1.0875209578962635,0.7138342017841918,1.829490571826149,1.822042998568839,1.7873829502762912,1.4708803665100267,0.15940237610708796,0.649193994899892,0.6549548563824562,0.15904015415160697
2014-03-11 21:00:00,DEHM_noBD,0.47864520988214754,1.1706820305251406,0.7615302122205848,2.0961004422929137,2.062078639645006,1.9406972570991934,1.6336328285062502,0.1446129095448055,0.7547740645383085,0.7510034776551509,0.18765211341090032
2014-03-11 22:00:00,DEHM_noBD,0.453817012646715,1.1028220394423462,0.7997407124146829,2.282246240601323,2.239779330930115,2.1011718384039892,1.7808378736467694,0.12665439104281587,0.9148676736314467,0.9107203218636338,0.23806326280643947
2014-03-11 23:00:00,DEHM_noBD,0.41535024330108417,1.0912043080498224,0.806445782183919,2.448148145389168,2.326032232932428,2.2590454536822833,1.9351605953894884,0.11352381470196095,1.0833169899133344,1.0399232921170747,0.30234663421557595
2014-03-12 00:00:00,DEHM_noBD,0.5245904522467219,1.1145343163343562,0.7924185544453418,2.517734301135319,2.379469493601118,2.3923675023475126,2.1257109002382792,0.10672883210539079,1.2160369071340653,1.1096890945435371,0.36111365595288103
2014-03-12 01:00:00,DEHM_noBD,0.8782656145966519,1.1186070227464049,0.8294918167268963,2.5756692602906424,2.332065454317775,2.5214842395643537,2.383962416418151,0.1102508211781239,1.4510156047647682,1.4404021069126436,0.3982701602966605
2014-03-12 02:00:00,DEHM_noBD,1.3971595332004478,1.065730157525485,0.8382144970354088,2.6511889709321297,2.410670072619933,2.6910824730672416,2.5222362072973867,0.11811549602285708,1.7029150103706865,2.0842260883714117,0.39946535591839333
2014-03-12 03:00:00,DEHM_noBD,1.7525177878466478,1.028634891973916,0.8775321939263226,2.831052505240075,2.641772614150636,2.822116489160668,2.514622726022407,0.13450206180206023,1.7643862166360242,2.5442088949513275,0.37683079690147936
2014-03-12 04:00:00,DEHM_noBD,1.8816239885569173,0.9837063156202016,0.896188105725757,2.9513010024186386,2.859840897693131,2.945200658454383,2.524796862464879,0.1726224202971788,1.623656516217131,2.4703264955834934,0.3440571289191202
2014-03-12 05:00:00,DEHM_noBD,1.8273665998185011,0.9622517263890566,0.8995636344872735,3.035425619000414,3.0391149024477957,3.0450257649331363,2.5952893435923987,0.22585896885530193,1.4538209687415704,2.1786957322793126,0.30692536329959097
2014-03-12 06:00:00,DEHM_noBD,1.432779580617661,0.9207803794177162,0.8876911820425277,3.0422877018299292,3.0891014154115353,3.098934750171618,2.840959284982032,0.294890577714609,1.2003522543789067,2.2395599217438527,0.2568405684002564
2014-03-12 07:00:00,DEHM_noBD,1.1320758508489408,0.6929470254989116,0.7722055880350007,3.0759413934881588,2.9335132878719135,3.131282500003424,3.1014445901251793,0.35223665997197845,0.6607269247947394,1.924197393254219,0.16162787861520167
2014-03-12 08:00:00,DEHM_noBD,0.9395571773444569,0.5093884180537291,0.5674684825992009,3.12298277701468,2.863742266251817,3.0689001712672446,3.286661953443086,0.38671047956185634,0.3582632649412365,1.4758867886468106,0.12355795555294947
2014-03-12 09:00:00,DEHM_noBD,0.8149740992895815,0.4251982643011619,0.38729803411379615,3.2017520072836985,2.920104682701284,2.973224602573286,3.3072426847708436,0.41958595258450815,0.2538557544555176,1.072753040452078,0.11414786673937324
2014-03-12 10:00:00,DEHM_noBD,0.7686464939243929,0.39486107846509944,0.26877384917804675,3.301598697266797,3.0451186004340247,3.1002250208792383,3.327799052411146,0.45443977777127165,0.2218830628554615,0.7253765841755109,0.11369445270810385
2014-03-12 11:00:00,DEHM_noBD,0.7608941967533086,0.40910548468885,0.2067697066770772,3.4748132162429277,3.4124794306199573,3.3175919196518544,3.376815003191702,0.4924660035151429,0.27808198676568446,0.566953381227554,0.11473575958644605
2014-03-12 12:00:00,DEHM_noBD,0.785893095716749,0.34500212195500024,0.20896323011403892,4.0952567787744005,3.7344676106276955,3.625244765558601,3.8230718089196882,0.5299104420951939,0.3476077622609445,0.5131816406429879,0.11591720869174917
2014-03-12 13:00:00,DEHM_noBD,0.804172500679678,0.2991876828203972,0.22226292945969606,4.6518204393453,4.120769683671823,3.9233351996274557,4.5281629719948775,0.5733315814404096,0.4131560239515826,0.5356791764570237,0.11863555791047976
2014-03-12 14:00:00,DEHM_noBD,0.7945788226041861,0.2545240879875589,0.2556649168358312,5.082854645593557,4.296136813671262,4.279053664843732,4.966459992360703,0.6613472190716396,0.4286072996134205,0.6134986894836997,0.12214522859663803
2014-03-12 15:00:00,DEHM_noBD,0.7463832242127462,0.2454354756589841,0.30909251147006106,5.153559908627325,4.378771396500787,4.429100037281981,5.110126173249493,0.7663206751317414,0.44147678045478234,0.7114066862323566,0.1240919870477145
2014-03-12 16:00:00,DEHM_noBD,0.6749708548655335,0.3219879558954645,0.4696026421463756,5.08408545730054,4.320036215847902,4.538304290405508,5.0534636236690265,0.8796552987832792,0.40812309205397496,0.8091989114929189,0.12661371548990707
2014-03-12 17:00:00,DEHM_noBD,0.5851953738926374,0.47023724816692125,0.7711215690703714,5.3076570016914495,4.36367662112681,4.8875792534225315,4.916470900629036,1.0374431124185812,0.35687129539841034,0.8812358029008666,0.12829664572157412
2014-03-12 18:00:00,DEHM_noBD,0.5196309491154667,0.6423238264964231,1.1372686878605325,5.305180353613446,4.669305097915951,5.19494274411893,4.597455541485026,1.1387424726849547,0.31152677880069835,0.9310192627726793,0.13130245086183814
2014-03-12 19:00:00,DEHM_noBD,0.46474904623718555,0.8362575058722999,1.3913983216443297,4.983805704187037,4.9362372056725485,5.348938604211306,4.391352235131748,1.1193559603076648,0.29504180647168793,0.9586007355464462,0.14165300203069567
2014-03-12 20:00:00,DEHM_noBD,0.4396360691849671,1.107284554799882,1.5663963728403043,4.857705828179032,5.128530035864458,5.38624224540398,4.382076699900184,1.0181033395628294,0.33442556510260496,0.9453051409070676,0.1593960630912612
2014-03-12 21:00:00,DEHM_noBD,0.5226921596208371,1.4965446278962815,1.7460235328603084,4.825663632684323,5.32277445802089,5.515806147176902,4.5082682855168805,0.8985200329761638,0.4068724563626616,0.9182441559694887,0.18118651624200532
2014-03-12 22:00:00,DEHM_noBD,0.691472223236807,1.8796483432624922,2.018970646454842,4.964986674264612,5.5686550675601,5.760722260506115,4.740175174984936,0.7833591034055535,0.4420040237192625,0.8727096881682123,0.20545167941333628
2014-03-12 23:00:00,DEHM_noBD,0.9174891895889163,2.0453036630101407,2.3549263870297708,5.449953578708208,5.909468515557036,6.112129275810046,5.139854161139607,0.668080807475812,0.4388907210880433,0.847078312784256,0.23277743356908742
2014-03-13 00:00:00,DEHM_noBD,1.1053264467080415,2.1267979780104698,2.6625057517965764,6.379049559573059,6.296313454306062,6.557608977757861,5.6114052628487805,0.5538575432313314,0.4131178037762133,0.8899143228191011,0.2625573990391962
2014-03-13 01:00:00,DEHM_noBD,1.2526073668118916,2.2849292509746997,2.8851465458301497,7.667417712963553,6.697988553881988,7.065322305879009,6.101162442785996,0.4281299438768931,0.3991092671387665,1.0449698755007606,0.2941806028406566
2014-03-13 02:00:00,DEHM_noBD,1.4172080999758918,2.5468917924578993,2.996418968576183,9.123721838459902,7.127896911116543,7.620652888534787,6.627912742208812,0.29829440614218955,0.41054271100115036,1.3185927029293882,0.33311262642477474
2014-03-13 03:00:00,DEHM_noBD,1.485179106845346,2.8191115158851843,3.0389708070528774,10.568804490324911,7.559430393864141,8.19376767646357,7.222838057213599,0.2020737690030165,0.4399019809489593,1.5463606947701374,0.378530293302466
2014-03-13 04:00:00,DEHM_noBD,1.5421415844410353,3.031387221705487,3.1282611045452686,11.826576128565359,7.961078432118503,8.727418105508596,7.848505955923833,0.16215864665210178,0.47358817380368207,1.741970072770004,0.42487484488448635
2014-03-13 05:00:00,DEHM_noBD,1.7579406757901537,3.2133398873715233,3.3322598691793095,12.88553741101561,8.333840229863762,9.202143607514545,8.459884531401705,0.15212036703840992,0.5025670266377412,1.9363913377018172,0.4696793904269784
2014-03-13 06:00:00,DEHM_noBD,2.075567997103556,3.3190069435219147,3.56631748130727,13.577778039109926,8.63729527589768,9.518155630077143,8.894369853934409,0.17446449148745272,0.48319404309493796,1.978606686177105,0.4904802121568729
2014-03-13 07:00:00,DEHM_noBD,2.3225947691571034,3.122492186874259,3.6074228184492334,12.370039353276995,8.363769156399012,8.878607494111971,8.16839684049362,0.33401772259420237,0.34575359447277715,1.89841046390758,0.4838836722076508
2014-03-13 08:00:00,DEHM_noBD,2.5086320948771643,3.0401612273396865,3.402602392841466,11.375510987659304,7.975612038407536,8.006538016860645,7.528304325984261,0.7584276427841092,0.24539013335619345,1.920164036504886,0.4797739661321888
2014-03-13 09:00:00,DEHM_noBD,2.5956092159597297,2.9886200976919084,3.2357627331769714,11.743867903565254,8.264561954869391,8.203662546983368,7.64086185331345,1.2203268610222266,0.2296956157657037,2.022464711028833,0.49017076087486855
2014-03-13 10:00:00,DEHM_noBD,2.6932986733480755,2.762110819210658,2.949697836182431,11.313634701284673,8.36488305633594,8.304982520871292,7.525651019892572,1.6082123095647989,0.23728985255844878,2.0456953860349567,0.5242920594736549
2014-03-13 11:00:00,DEHM_noBD,2.858980115269767,2.2418806128858786,2.5183514747268867,10.81099248391292,8.523510031226282,8.46696368624567,7.5351365791449645,1.8362180315894634,0.33183961538049384,2.173998374493623,0.5958191612348523
2014-03-13 12:00:00,DEHM_noBD,2.9820510070728163,1.9845775441226328,2.273063811022995,10.291654711537102,8.665039105136328,8.773517219042644,7.669034689069669,1.8154227955771052,0.5830955254442151,2.3044334112238816,0.6662143057166073
2014-03-13 13:00:00,DEHM_noBD,3.0414452358996966,2.1346733646737643,2.7953636553560424,9.643007703468056,8.557148679061628,9.021915903112129,7.636830315523965,1.6677711330125062,1.017585430205874,2.5475069987012007,0.7333819167038151
2014-03-13 14:00:00,DEHM_noBD,2.869467512655859,2.562246411402379,3.3944073767205847,8.770888295010321,8.07734160893776,8.99467586792092,7.636391722190346,1.36388044852681,1.3616451079607659,2.744627185490745,0.8273521034593053
2014-03-13 15:00:00,DEHM_noBD,2.65884056767737,3.079825649674854,3.687378003326515,7.906151307465402,7.672433148221112,8.76968168340895,7.666588766779476,0.8318381307314895,1.5625976907949473,2.8694110930525927,0.9150045738436062
2014-03-13 16:00:00,DEHM_noBD,2.4430923476816306,3.6771425204784594,3.5240545270203114,7.205692237994528,7.318201740975864,8.502120175359005,7.700625164239324,0.44784599088687915,1.6854545159568557,2.9061679874237187,0.9231776005370513
2014-03-13 17:00:00,DEHM_noBD,2.2561482038578986,3.8685346255090294,3.2169714798699864,7.233188446342126,6.955567832804801,8.413195613139713,8.01247339120935,0.250150214671567,1.6913273911535183,2.816127156493382,0.8640911352705032
2014-03-13 18:00:00,DEHM_noBD,2.285355104705987,3.486420102394549,2.11964637118118,7.5626063641989685,6.501990410595497,8.33201656522037,8.067268912240557,0.15866640728490408,1.60446028992556,2.7543308795271555,0.7468255568616136
2014-03-13 19:00:00,DEHM_noBD,3.0887923809499886,2.515163587121201,0.6169157985345879,7.895783979182512,5.941980091968693,7.98836722158392,7.616143292805329,0.11934022948147723,1.243193652616739,2.696208186418494,0.5989522622175366
2014-03-13 20:00:00,DEHM_noBD,3.722922978893694,0.8374593581803212,0.41648335008754844,7.734399420891299,5.495987541613761,7.422707073075713,7.393363963676718,0.11719987914760586,0.7259388206672296,3.059167177009266,0.4431077693848004
2014-03-13 21:00:00,DEHM_noBD,3.1725998587441,0.42906908084521056,0.2601596361971692,7.653882023414088,5.633889243831122,6.908598092181947,7.586024214279022,0.12660358271336178,0.44284574064385135,3.5506396085530083,0.2937360740161048
2014-03-13 22:00:00,DEHM_noBD,1.688984026320758,0.3389245227301009,0.20060665189061766,8.085659579768498,6.591588241942444,6.526557359250527,7.49294879790996,0.14078960298394771,0.33814166202390555,3.293890087787476,0.17900072072437434
2014-03-13 23:00:00,DEHM_noBD,0.560290904936241,0.2690906534332,0.16733367880306194,8.3879786004254,7.961234593638982,6.477581841121226,7.082471515923626,0.15355120875606298,0.28470135157719234,1.8712177305903004,0.10815236846842655
2014-03-14 00:00:00,DEHM_noBD,0.3691168106434307,0.24926171993471663,0.1544875594928114,8.454636886241794,9.246392021153925,6.84063610395153,6.775006208874795,0.15786794509376853,0.24385729753078889,0.6557038422558735,0.08276606852346627
2014-03-14 01:00:00,DEHM_noBD,0.2884582786425388,0.26580357892514656,0.15445625060856336,8.23698868382679,9.791822491971784,7.528828680919903,6.844527677330862,0.15936355296393387,0.2152286040306463,0.42188109929085693,0.07802447492535276
2014-03-14 02:00:00,DEHM_noBD,0.25583108570851376,0.28164893564497107,0.16351691699802864,7.960030606850471,9.666149275440741,8.446437031320054,7.178532148874158,0.15504891844779248,0.1973913145826383,0.35067017175268367,0.07966273066144716
2014-03-14 03:00:00,DEHM_noBD,0.234471002479568,0.28768947085191476,0.16631183210402714,7.73823125837718,8.973999137059115,9.35490698396526,7.877203636335611,0.1521012644851393,0.1990235405092778,0.3259898026684484,0.08410222749221569
2014-03-14 04:00:00,DEHM_noBD,0.23159842601951197,0.2953562526952893,0.17380991083636868,7.714561246325947,7.998952601073794,10.174422738759006,8.697138556488177,0.15075328603757543,0.20808318608894014,0.3286447500175236,0.08814091367682199
2014-03-14 05:00:00,DEHM_noBD,0.24459966789398327,0.28729620860441574,0.19301892840430135,7.725115537325991,7.3868125454594935,10.772546873465956,9.375784695296852,0.1447224931919574,0.22504129836481057,0.34114843417106183,0.09479550580720518
2014-03-14 06:00:00,DEHM_noBD,0.25900141939502197,0.2643165507142176,0.2216947864102944,7.446161031866235,7.257721187258865,10.286937859950141,8.778922891646891,0.13491213175269762,0.23630141345847386,0.3552837218651732,0.10125583273956251
2014-03-14 07:00:00,DEHM_noBD,0.2840385401724278,0.23457040833894155,0.2264456130554316,6.474567751777116,7.3692746150794814,9.219532611483997,7.9950974516750355,0.12860579696249202,0.22122116352416574,0.3526382636425829,0.10144087368763627
2014-03-14 08:00:00,DEHM_noBD,0.3425033164438324,0.20577704770982255,0.1831994968790478,6.266132135227094,7.529255070070303,8.757358656105506,7.4878658143475505,0.12095651783728956,0.22529222261041396,0.35690812878638495,0.09809758842774827
2014-03-14 09:00:00,DEHM_noBD,0.3545203488891384,0.20028409907771608,0.13072733475411538,6.155433455151525,7.624108944152389,8.507140086667404,7.239036381056319,0.11922232701931601,0.24485483996763804,0.3692239368343235,0.09668312327366768
2014-03-14 10:00:00,DEHM_noBD,0.3295951261880295,0.20917075727436213,0.10251869910293476,6.254160234679232,7.610796434199466,8.639974890151088,7.093374040450805,0.13568616425514907,0.2675770272879301,0.36705609231119035,0.09747859686175561
2014-03-14 11:00:00,DEHM_noBD,0.3136121575616345,0.18529595740533655,0.09277409126507899,6.55412095485319,7.824353480144826,9.06465739887082,7.740256823361729,0.14069910038659333,0.2629158735819159,0.37038202348943433,0.10024732206866542
2014-03-14 12:00:00,DEHM_noBD,0.28022250444995217,0.12082352857011053,0.12261330366005885,6.962908175283695,7.3754491208375335,8.653086138452093,7.972544197680445,0.08420729795582592,0.23633089115381234,0.3632931634575698,0.10234222478083936
2014-03-14 13:00:00,DEHM_noBD,0.2616016373047568,0.11615617415089687,0.19770046489153045,7.12236532894595,7.36575921605967,7.962290807241812,7.892662976261024,0.03999460980657468,0.22463657385785113,0.3369302733484241,0.10321834766476887
2014-03-14 14:00:00,DEHM_noBD,0.28005443591035883,0.16038478155300195,0.275411769107161,7.221286266649457,7.316453232193188,7.44972424117785,7.3155269097037126,0.047075327834319114,0.1701760177942178,0.31235020622422455,0.10360639852603505
2014-03-14 15:00:00,DEHM_noBD,0.20386976598493858,0.23785248518698948,0.4039253925227746,6.96122491992823,7.014503439980038,7.611042923223753,7.025702091301915,0.10299739447002283,0.1349812425646929,0.2674505136092638,0.10470119519125429
2014-03-14 16:00:00,DEHM_noBD,0.13682981841426797,0.37021402625843863,0.6909917702115977,6.941417207240164,6.972622579531354,8.027141026853947,7.316804894394852,0.16159050488423546,0.11657110863612015,0.2457719496460525,0.11318741062976657
2014-03-14 17:00:00,DEHM_noBD,0.16562237265990917,0.8237828834318184,1.636137607117854,7.3714202936145545,6.977682139369352,9.161383064147946,7.824844411768037,0.14625934106016517,0.14468236195933057,0.34195045535420054,0.13908083610874022
2014-03-14 18:00:00,DEHM_noBD,0.336890371281937,1.366753301315233,1.990697591885207,7.80013121164513,7.564261005186215,9.952987224032437,8.421016453678241,0.11642816481750448,0.25567416889121747,0.3833622129308385,0.16897033277743978
2014-03-14 19:00:00,DEHM_noBD,0.9108441714597679,1.3303931248495726,0.7516518265899654,8.470868294167628,8.03975177663181,10.155649289167037,9.637824711128111,0.09497374981529999,0.47491082016533226,0.5567092221283098,0.17174383197544132
2014-03-14 20:00:00,DEHM_noBD,1.4002049074539542,0.6118149123826088,0.42492492215302763,9.128453243273897,8.506674714797885,10.10212066460351,10.595176639304341,0.08267443391075341,0.4510368906184751,1.0101723600899242,0.13970906039436093
2014-03-14 21:00:00,DEHM_noBD,1.2260318441859819,0.34463729526000314,0.26128399652199746,9.55218138651463,8.37475706139334,9.919224346149731,10.679149520772622,0.05491821866512286,0.24637413040431194,1.3942740381217003,0.09851014961841975
2014-03-14 22:00:00,DEHM_noBD,0.801500903321039,0.21206213986035952,0.15926602340286772,9.932643446994712,4.615658429306494,9.723687782963014,10.552128993340181,0.028698077223077323,0.1906132396673037,1.1178068311418967,0.07630644320259788
2014-03-14 23:00:00,DEHM_noBD,0.34926773148661006,0.12889598747770173,0.11541338584428315,9.891179208349477,2.3589956979124573,6.855698961427172,9.88099999321254,0.03634060820588826,0.13097884146401637,0.6717688310099579,0.06484814806199146
2014-03-15 00:00:00,DEHM_noBD,0.2184486850734007,0.08571676422218462,0.07518257888373675,9.038611769122602,0.939751426011971,3.0668524465386175,7.017736805530619,0.03897202984493212,0.08058286366302503,0.32303663760317475,0.06154043462961663
2014-03-15 01:00:00,DEHM_noBD,0.11634676526360893,0.052874953269662156,0.04552195359234865,7.0300288530217765,0.48118554685651316,1.1626986128983527,2.4598894505699476,0.03535728095632956,0.058999483087844896,0.1798740553595031,0.0581960380800766
2014-03-15 02:00:00,DEHM_noBD,0.06926194182177423,0.04226228043775414,0.034522471332626745,3.1768472129877585,0.34814490763639083,0.5665155398013721,0.8137902380952347,0.03266374794943243,0.04644737322505557,0.10287938751742226,0.055350698276767356
2014-03-15 03:00:00,DEHM_noBD,0.045158854532162486,0.05743373869195892,0.04950655209126176,1.111975025513096,0.29685524357719345,0.4187394455935415,0.582320626231195,0.03896783266988977,0.03134258581501425,0.06473359675872702,0.06116781235065294
2014-03-15 04:00:00,DEHM_noBD,0.051223631469269545,0.07041422264270411,0.06698788867844248,0.7070273039108019,0.269328090705648,0.3765905719163614,0.4977600354957821,0.04577713216860881,0.033856613540298196,0.04956747562685031,0.08239345004056574
2014-03-15 05:00:00,DEHM_noBD,0.03941486621271107,0.06805242697969416,0.0844561462004295,0.5880151452638432,0.279241181538971,0.44129374449252595,0.5098047419293308,0.04941174832895796,0.03991714110029254,0.03726140284648614,0.09746357437837849
2014-03-15 06:00:00,DEHM_noBD,0.027937079497338115,0.05684699141453072,0.10032161577214871,0.6472022992455039,0.31339387758602366,0.5004508229620157,0.5964600883412299,0.056987836453610705,0.04575746705259436,0.02603211203547407,0.09597865339131077
2014-03-15 07:00:00,DEHM_noBD,0.04495904430319084,0.060532661600985374,0.10256177306007475,0.6542695927069819,0.31444018923538253,0.49943821376625264,0.5739130452776023,0.0692666182867297,0.06182686474788971,0.04191447679561672,0.09882516820290112
2014-03-15 08:00:00,DEHM_noBD,0.06438124452901531,0.06696593069085673,0.10564139189762982,0.49783397260557655,0.27495715070879995,0.34570423357064134,0.394544202044834,0.08169112747643589,0.07577240796247021,0.054412879949014614,0.11038864931574072
2014-03-15 09:00:00,DEHM_noBD,0.07651826869295904,0.07368078966257276,0.10721122883788353,0.38793005540155623,0.24551886770049094,0.2817626955893577,0.34918596579978556,0.08727595070574316,0.08497637948585664,0.06474217518389207,0.11776497041685487
2014-03-15 10:00:00,DEHM_noBD,0.08407693236694706,0.07477741435707773,0.10726990135012356,0.36472253541380684,0.2398920705177168,0.28156878365928534,0.35271849116981646,0.09087360863332593,0.09551840479815366,0.07873794087532729,0.12074007509149601
2014-03-15 11:00:00,DEHM_noBD,0.09177185949398377,0.08346610724378133,0.09820179746874122,0.3691929269998058,0.23354479335634948,0.30608970638252203,0.35233975660143646,0.09923086046323638,0.10232067617999496,0.09146618942739335,0.12725834652475998
2014-03-15 12:00:00,DEHM_noBD,0.09553742589841704,0.10442883997206216,0.07959642870745556,0.37831124559763407,0.2366222827136143,0.31490731045677434,0.3441421307006566,0.10250827980614845,0.10441431443315036,0.10518735150408244,0.12888601166982183
2014-03-15 13:00:00,DEHM_noBD,0.09206553086205845,0.11861950680942675,0.07852395258907101,0.37749758888994295,0.2499547485109325,0.2919152601281844,0.35255549511334017,0.10166727275749526,0.10527452107604986,0.1258380804727831,0.1320186974544636
2014-03-15 14:00:00,DEHM_noBD,0.09122471878558155,0.09745873376039248,0.07377409898310368,0.36388372955074616,0.26577765317983915,0.3083238052486662,0.3382144784968223,0.08184685163737147,0.10041248282176536,0.1151117775889439,0.1333706664909793
2014-03-15 15:00:00,DEHM_noBD,0.09578669496126467,0.07912195877391194,0.054578561083143476,0.3526150985930657,0.28524562063235775,0.330610181966418,0.3360104712850168,0.06793159036247856,0.09284360689338571,0.10005183270231634,0.13303949993949366
2014-03-15 16:00:00,DEHM_noBD,0.10643992281703259,0.06789914889869456,0.06683051342530864,0.3474759756338046,0.30075044114610167,0.3252758377740368,0.3728841928885539,0.05223173087518651,0.08997438489746594,0.10298976270144321,0.13115418201349655
2014-03-15 17:00:00,DEHM_noBD,0.09795564679136602,0.05314573694461975,0.11133571137968735,0.4555127898659348,0.3833538164146568,0.3645609778268457,0.42470399838073736,0.04364667791558364,0.09270680610377574,0.11533082853105495,0.1301178494945167
2014-03-15 18:00:00,DEHM_noBD,0.08076613172126115,0.07250425634678447,0.12181332867035624,0.5822510499608071,0.5388004764946129,0.5214628118538844,0.5118132309661308,0.03928733874032411,0.08944337781970009,0.1095479397650601,0.13082150454475536
2014-03-15 19:00:00,DEHM_noBD,0.0652707691478172,0.09681544809819852,0.1145063300503201,0.7382203019035813,0.7023911651581617,0.7350614198208041,0.796827614795447,0.03561290649178203,0.0711334167623641,0.0846175874648631,0.13049514728052058
2014-03-15 20:00:00,DEHM_noBD,0.06782953020603381,0.0959469305085718,0.09203109106608488,1.0299937097479561,0.7692572809822904,0.9015597793978395,1.0642626308665282,0.03257285130368419,0.05850616992855848,0.07327523571635151,0.13084738116885533
2014-03-15 21:00:00,DEHM_noBD,0.09634895833502162,0.09084827881059501,0.07950553912956894,1.353031725207691,0.6327013049809633,1.003899390552017,1.2339749859602789,0.02954261970662153,0.052502048151096006,0.07277711092033239,0.13261492604618877
2014-03-15 22:00:00,DEHM_noBD,0.09873864784078662,0.08434925429750284,0.09267929059011042,1.502941730532537,0.5124078557875379,0.8523374398001691,1.2990620934545345,0.028099095867489085,0.051890668402507195,0.09921709276911084,0.13289732252217815
2014-03-15 23:00:00,DEHM_noBD,0.09136748114396684,0.07886997505993383,0.11437558695326787,1.460475475688147,0.4548518743945843,0.6317398239742323,0.9380465409802119,0.028268170321733774,0.05255553266296615,0.10170072417659672,0.13364924152342592
2014-03-16 00:00:00,DEHM_noBD,0.08712204795850431,0.08364902396661471,0.12539944163818606,1.1829054780595754,0.4638745382981747,0.5361693225454387,0.606605330070453,0.028302633931827706,0.0542884200645406,0.09010256778889554,0.13197969459431233
2014-03-16 01:00:00,DEHM_noBD,0.08254895630596892,0.09251303866142262,0.13196780497085356,0.8503751279098627,0.4675574911032244,0.5310556495830538,0.5276552952231047,0.028245870717430708,0.05901715855763219,0.0844938537692022,0.12778978703979382
2014-03-16 02:00:00,DEHM_noBD,0.08394204079427511,0.09761460983073365,0.21279422003390489,0.690082949149049,0.4631069163894652,0.5462103564245905,0.5793759516441035,0.02932024119104249,0.06966792835358972,0.08572689687575431,0.12355338624506251
2014-03-16 03:00:00,DEHM_noBD,0.08885582095279812,0.10850557771305074,0.3311220020023499,0.6802344333587369,0.4511842809592187,0.5375533691889374,0.6176812623981445,0.03157091373556978,0.09084391866697161,0.08592835879670035,0.11887735126404071
2014-03-16 04:00:00,DEHM_noBD,0.0961714729095667,0.21989523783755957,0.27625544383160755,0.7092272470848506,0.4406937506894766,0.5206660295787057,0.6204189861620042,0.03590627949835836,0.11588294473688335,0.08363362069301758,0.11365662698781111
2014-03-16 05:00:00,DEHM_noBD,0.095600514952624,0.26915618089754795,0.22290076381778098,0.7153694827467192,0.4429493733434378,0.5251155899032832,0.6100452435178956,0.037340428872823385,0.13766912540404366,0.08604442660074502,0.10860473275070995
2014-03-16 06:00:00,DEHM_noBD,0.09991067457163216,0.19263744856278342,0.19698545845837317,0.7185396704827456,0.44729357810161996,0.5557348497991589,0.6001558915091894,0.03828964309547637,0.1426940592857967,0.09467516741599036,0.10234412024284706
2014-03-16 07:00:00,DEHM_noBD,0.15236805942009418,0.15652306735339272,0.19405162800783052,0.6531316383900074,0.4238704527586697,0.5823179422862128,0.5665060527460556,0.038740025780635116,0.12225648485240632,0.0923824956996345,0.10007533248390987
2014-03-16 08:00:00,DEHM_noBD,0.19377203059494483,0.1443315348343771,0.19909060586353325,0.5997533618235645,0.40660295247282824,0.5336873452851245,0.5185054360517313,0.037528940536825615,0.10415025150291135,0.0784819895461841,0.10720781446089017
2014-03-16 09:00:00,DEHM_noBD,0.14200481579980567,0.13905497503728018,0.1972100520992084,0.5955272368799569,0.3980038931557908,0.4666808046317541,0.47401196614811125,0.03829964789468605,0.09196234898245123,0.07794612517968505,0.12586477931616824
2014-03-16 10:00:00,DEHM_noBD,0.11184334357377897,0.14958746655489663,0.19711791159420577,0.6061155494353647,0.39283990508247163,0.45697167273279277,0.4285580434239431,0.043179053342353176,0.08135338772723907,0.07838217334522615,0.15182126566258244
2014-03-16 11:00:00,DEHM_noBD,0.1049763866682804,0.16258488660395337,0.193698790408194,0.5690357556952641,0.3930697274372353,0.4888213966129278,0.4392202444307147,0.0529560871090451,0.07499077832849228,0.07589994259980498,0.17308852748321357
2014-03-16 12:00:00,DEHM_noBD,0.10200413671507552,0.16948661650462152,0.18603605498497083,0.584064436346422,0.3961157614786549,0.5237477068641094,0.47133374110493315,0.06123286785157573,0.07508913955962741,0.08360819359873183,0.1851972247274313
2014-03-16 13:00:00,DEHM_noBD,0.11075586797277258,0.1678830945387901,0.18850344742996875,0.6196839810759929,0.4030620867821573,0.5342281552131171,0.5472664465350909,0.07092087444929333,0.07634864008254039,0.09007293404828752,0.19649186758994056
2014-03-16 14:00:00,DEHM_noBD,0.13363718505441782,0.1631131501820193,0.1953485558887871,0.6389424757580189,0.39735144808631384,0.513175188379929,0.6014032588554354,0.07491328793211598,0.07835022663176335,0.07868723259624544,0.206365524660868
2014-03-16 15:00:00,DEHM_noBD,0.15079384267090573,0.16346689488836613,0.18471325052953602,0.6557541455363378,0.39876679017735633,0.4936578163106792,0.6199290565926575,0.07264892900407768,0.10367800804937252,0.08605226610858126,0.2196872311014588
2014-03-16 16:00:00,DEHM_noBD,0.15810207936953322,0.16243814057129777,0.16374034669636547,0.6752850960844679,0.4026290161281265,0.49730808161009854,0.6069277445681482,0.0644615663332397,0.1488294919657001,0.11346781836890078,0.23596568956009803
2014-03-16 17:00:00,DEHM_noBD,0.15608132042444076,0.1517207252517482,0.14586731543254008,0.6798757225421025,0.455548450674936,0.5350807327378848,0.6035779403730004,0.0636305789297678,0.1617978355575709,0.14951698933278196,0.2522085431862947
2014-03-16 18:00:00,DEHM_noBD,0.15528656567629423,0.1470386543513251,0.1332511069817414,0.7665378942053407,0.6269092793480912,0.6759982377110654,0.7080330278959832,0.06943978034690006,0.13160403159005676,0.15504730563768754,0.2691725084801482
2014-03-16 19:00:00,DEHM_noBD,0.14745603841697444,0.1415145908430287,0.1283059085384057,0.899728780392686,0.6732143486074498,1.1156101174563957,0.8899905836232148,0.07561105658404274,0.11799636395987105,0.15592719316013381,0.28521519544657303
2014-03-16 20:00:00,DEHM_noBD,0.1472527927757065,0.13733772594429192,0.126993820023912,1.3862069336425582,0.5810266481933137,1.5970564645533414,1.349037967204409,0.07796705687227172,0.10816255130359889,0.15332433121424033,0.29900208060298106
2014-03-16 21:00:00,DEHM_noBD,0.14350806354523282,0.13419862994993728,0.12567044451178597,1.6081367511714482,0.5373546887822588,1.8535910559010347,1.7187949499357127,0.07561011283895924,0.10831647714679117,0.15406238465003197,0.3108622134216874
2014-03-16 22:00:00,DEHM_noBD,0.13904184672143058,0.12822646627304832,0.1212133473180487,1.6174337620936101,0.4261818640560563,1.738753223433404,1.7816511126640044,0.07109182669804882,0.11404683771405359,0.15087067902686063,0.3216215122944115
2014-03-16 23:00:00,DEHM_noBD,0.13486255248901655,0.12238338727533414,0.11456132756355913,1.954092516167932,0.33520218140905234,1.3625622942119975,1.787066684563723,0.06927705314316784,0.11215940305408088,0.15006473101223347,0.33804775235474094
2014-03-17 00:00:00,DEHM_noBD,0.1273270756053403,0.11507877374256428,0.10918503451687232,2.176805396769103,0.3068024678159784,1.0301339168359245,1.4903755483650207,0.07165268777869627,0.1012181129724717,0.14318325421175676,0.36023470892205817
2014-03-17 01:00:00,DEHM_noBD,0.12059945324021472,0.1079865087316324,0.10617529137834059,1.9936700467071589,0.30934431601827483,0.8200307661197357,1.165667997038584,0.07667530757110556,0.08908472326009521,0.1326401646296423,0.36125580371797067
2014-03-17 02:00:00,DEHM_noBD,0.11413161557640993,0.1033892844574311,0.10569979278652479,1.7661549979436446,0.3108842055696901,0.6578613001894194,0.9787437647729225,0.0794955216868918,0.08255209338373497,0.12526043011376511,0.3289461276461183
2014-03-17 03:00:00,DEHM_noBD,0.1091193949386756,0.09952386890104717,0.1034213267533881,1.568036163593639,0.2988318237360287,0.5827762039774405,0.8806647735420157,0.07934396025488138,0.08365122344861722,0.12038167820032665,0.2623071881557255
2014-03-17 04:00:00,DEHM_noBD,0.10522883479320087,0.09619525808520381,0.09806419558890642,1.2959789169949676,0.2903000116628128,0.55359442325061,0.8451212446556707,0.0768637627580947,0.08331486862060593,0.11679820376279994,0.18954491036005297
2014-03-17 05:00:00,DEHM_noBD,0.10133937618131267,0.0929643125081293,0.09333778484511819,1.1184673848783144,0.2943377493796404,0.5356883307554249,0.8504926585940824,0.07734670196623526,0.08448771950382722,0.11097425510976687,0.14852656846996387
2014-03-17 06:00:00,DEHM_noBD,0.0986702688329514,0.09096260475349169,0.089249973014775,0.9407808479054085,0.2959988644446339,0.5430723328768532,0.8292366612989079,0.08105965723162509,0.08322314569953479,0.10566578194070118,0.13193623886045056
2014-03-17 07:00:00,DEHM_noBD,0.09563065596549171,0.08798772957076773,0.08514181363910188,0.7571862682715708,0.29566671049819315,0.4889597570375548,0.6786916654486777,0.08356172847462807,0.08291378802354908,0.10294558849333077,0.11455134461877847
2014-03-17 08:00:00,DEHM_noBD,0.09339720521967966,0.0864080389913578,0.0805513730264795,0.65794671410971,0.2881231425589787,0.3875692288013105,0.49186544513535424,0.08400679467943015,0.08670916822215241,0.10192373588283658,0.09592961813723655
2014-03-17 09:00:00,DEHM_noBD,0.09177386664158312,0.08633447817831921,0.07397671571844011,0.5504133911666031,0.28697653472404444,0.36791861974560464,0.4218802167013315,0.08601969068551646,0.08991922707202693,0.10269850358961605,0.08524235739670684
2014-03-17 10:00:00,DEHM_noBD,0.09195219638741445,0.08670492773164609,0.07023737239493721,0.5488051664826796,0.28740730272222764,0.37720941458692997,0.43443440617456286,0.09395306021757074,0.08800246194495741,0.10475103284612229,0.07846819326130658
2014-03-17 11:00:00,DEHM_noBD,0.09353824425171557,0.08561653429511618,0.06813626061908787,0.560055918013356,0.28311508176779365,0.4020659867414133,0.4647103699312324,0.0950612417106725,0.08542938811721985,0.10705584218676314,0.07457457364646712
2014-03-17 12:00:00,DEHM_noBD,0.09593451467245102,0.08272805336247294,0.06677277455041955,0.5697660467138284,0.3082883304942212,0.40154916230554916,0.48304281053424475,0.09136109185736842,0.08270049429925849,0.10787881732539,0.07285658313564594
2014-03-17 13:00:00,DEHM_noBD,0.09846424623398625,0.07768420101223812,0.06894569294823581,0.6084542369498911,0.3384549161456152,0.41252602386947645,0.5079070610111298,0.08393322194099295,0.08166410482315105,0.10779707464147824,0.07353340578666535
2014-03-17 14:00:00,DEHM_noBD,0.09872911988205418,0.06981797643741876,0.07270657901506052,0.5979663426376725,0.35682226325863964,0.43829693658491187,0.5459984386701553,0.0819084961207466,0.08269030841450663,0.10793896737563576,0.08001842890233958
2014-03-17 15:00:00,DEHM_noBD,0.09526194297565285,0.06800897507803315,0.07700574278012896,0.6115509663029373,0.3769981428406666,0.46478051512781293,0.5731344960188439,0.07880060029588044,0.08484647899615222,0.10656206029728531,0.0901193175597314
2014-03-17 16:00:00,DEHM_noBD,0.08948551715730213,0.07003020220855649,0.08476384777457852,0.6631254919965401,0.44742119910667166,0.5332137296567147,0.5820500854244496,0.07574790424138633,0.08912493714096595,0.1004670073384223,0.10309794638986478
2014-03-17 17:00:00,DEHM_noBD,0.08083662826404757,0.07393908932641702,0.09737020683697034,0.846855797945352,0.6779695351135822,0.6736164597617456,0.660129118711722,0.0735499207776323,0.09366004978140613,0.0919899643161794,0.11501690637990819
2014-03-17 18:00:00,DEHM_noBD,0.07596730951085165,0.08170984549142705,0.10861402806620787,1.2477298598825568,1.0402097965937946,1.0115195377062514,0.9283461084475403,0.07297345262150842,0.09895979849122304,0.08938076149266137,0.12566412905586408
2014-03-17 19:00:00,DEHM_noBD,0.08423921215882374,0.10093553945798048,0.11941191573512676,1.8588893768062347,1.4722241676290868,1.5837819963219872,1.3831911713101182,0.07295182508380264,0.10534089835368528,0.0864634631760484,0.12509287851188314
2014-03-17 20:00:00,DEHM_noBD,0.09445838333627153,0.11734192303929178,0.12735066775456644,2.075614820502015,1.8937807452458517,2.2266279949945758,2.1570451254869836,0.07065747137169166,0.10804866872123968,0.08056741984415161,0.10986723132206105
2014-03-17 21:00:00,DEHM_noBD,0.10350197159598218,0.13393691488742349,0.12618012555947047,2.306599632833492,2.308530155230346,2.5934754335356183,2.9033685962447677,0.06687024057947759,0.10798194983136593,0.09198994134508942,0.09493139442410314
2014-03-17 22:00:00,DEHM_noBD,0.11298870131626716,0.13423917604512037,0.12918527640149582,2.9095654965216458,2.5070859319814245,2.7653768830477317,3.269194212941873,0.062284762389222564,0.10541596902358452,0.10354392990107167,0.09139722715915514
2014-03-17 23:00:00,DEHM_noBD,0.12102949386351727,0.12499608319722984,0.14148751288146041,3.8380330005860883,2.590217544806837,3.1450349666850252,3.6302563810052817,0.05673531254982087,0.10417318730969899,0.10696921423608663,0.09088623806298983
2014-03-18 00:00:00,DEHM_noBD,0.12446730486588772,0.13349626786640675,0.182205385959188,4.828914696809005,2.817690075488887,3.8446984374258286,4.25954731535728,0.050059978212858354,0.10370573598723382,0.1258443880086438,0.0920478784696166
2014-03-18 01:00:00,DEHM_noBD,0.12417439468235816,0.15840929946393997,0.292453190838861,5.40701017377758,3.1462152399093517,4.567798776139335,4.953278120934566,0.04033524767249802,0.10455633286672632,0.14474281135272224,0.0946554189473189
2014-03-18 02:00:00,DEHM_noBD,0.12899916524517688,0.2362505887894437,0.3803752340429857,5.7868075414759135,3.3352826396278283,5.162113223008617,5.728500461974156,0.03422635735382314,0.10558029664493146,0.142379061149787,0.0995500477668497
2014-03-18 03:00:00,DEHM_noBD,0.14392225184138505,0.40157822776235047,0.41914895992524237,6.384528509899937,3.320349679030292,5.110371116313329,6.232555101169513,0.03956980404598157,0.11721161735571904,0.13961101910694487,0.10968791205616983
2014-03-18 04:00:00,DEHM_noBD,0.18049111071325247,0.5199527569852345,0.4160640003634682,6.370309952490537,3.524723898233548,4.830840723671475,6.286403234642702,0.053978403070969384,0.15544100206246586,0.14761890001363803,0.12298983713750539
2014-03-18 05:00:00,DEHM_noBD,0.28880039463222007,0.5588473983093799,0.3812812807082111,5.975336480996018,3.921887138706521,4.740516156830918,5.868561369004477,0.06793573878308277,0.1855617179643361,0.17911897866373522,0.1368373207100197
2014-03-18 06:00:00,DEHM_noBD,0.4694164924285712,0.5288204972387418,0.36119334916292806,5.543652136782829,4.318392510963008,4.808764337941306,5.442431587477858,0.08071544066308052,0.20020911388881493,0.2529632680682418,0.13308450095690227
2014-03-18 07:00:00,DEHM_noBD,0.5470563829260924,0.4278462961833387,0.3572473401696793,5.097415976435384,4.493958084591441,4.782111314183464,5.106456843560776,0.09395689673749252,0.2185791787888481,0.42664867876180324,0.1256412417295164
2014-03-18 08:00:00,DEHM_noBD,0.5898328497095311,0.37013266303628667,0.38419482990793347,4.966158462266077,4.299258259393964,4.876991379120396,4.868080809881492,0.10771426129085926,0.22832850648910727,0.49165092832794643,0.1307173054583148
2014-03-18 09:00:00,DEHM_noBD,0.6335520959807023,0.36268954741853104,0.43952375098081586,4.7408400831390605,4.137779365280466,4.9864029054056624,4.763001198818561,0.12011881874398785,0.24202638636474483,0.4954663613231945,0.14345006963401788
2014-03-18 10:00:00,DEHM_noBD,0.6198404017147247,0.3981416291037661,0.536978792995949,4.765252800750228,3.890571877400306,4.891136663636116,4.848790663090273,0.1273842142513486,0.2591002596873788,0.5409358478003634,0.1526508586131798
2014-03-18 11:00:00,DEHM_noBD,0.6171177007211848,0.46518658415954667,0.6736733265561307,4.731345122710402,3.0690473525149216,4.483428269057754,4.904378713963225,0.13145320941841215,0.274864055077806,0.5659056047012841,0.15617675658345737
2014-03-18 12:00:00,DEHM_noBD,0.6881940880334155,0.5645584928046364,0.7970407092474597,4.688446278610818,3.02486871956727,2.9722923953694,4.678296027232546,0.14165072906159312,0.29776428057521576,0.5517150077701638,0.158325369683504
2014-03-18 13:00:00,DEHM_noBD,0.7387888126651779,0.6815237301873927,0.8889573128669872,4.304233447594744,2.385501712528076,2.3321123555824532,3.6683007278879662,0.15378130781890811,0.33377034360185254,0.5600142740145243,0.15015268145563188
2014-03-18 14:00:00,DEHM_noBD,0.8069307761544151,0.7899088724480267,0.8259297589468164,4.06478885266541,1.8567664267335084,1.6796705167223946,3.040935478074235,0.1576548820458444,0.383837048313394,0.6070633911798207,0.13947093051461268
2014-03-18 15:00:00,DEHM_noBD,0.8468629201644657,0.9226096956461115,0.7744006741695035,2.745718533560466,1.6488518432003818,1.4569257076426716,2.483002867926846,0.1515796212864294,0.436554486651197,0.6958250298545602,0.12631339810206038
2014-03-18 16:00:00,DEHM_noBD,0.8509601466409501,0.8883915335728974,0.785565937782009,1.8542598193601454,1.5737121318904963,1.541145269982596,1.791646980984373,0.13900632295796636,0.47451859819661807,0.7896519946033309,0.12672147735362652
2014-03-18 17:00:00,DEHM_noBD,0.8666591973974404,0.841978637688055,0.9105783556178352,1.705722902318398,1.0982227004217355,1.5317648566954478,1.746093072666808,0.12778440837975463,0.4902107181854545,0.9045446041601173,0.1339826835655536
2014-03-18 18:00:00,DEHM_noBD,1.0109051898753618,0.9086586012399382,1.0839261027553024,1.8793605296270055,0.6554719196329218,1.2877255476561675,1.9627065318182524,0.1203955289482999,0.4863288026044517,1.0427650619277267,0.1415633002343734
2014-03-18 19:00:00,DEHM_noBD,1.047520494419611,1.039953541143795,1.267684578225839,2.069787465887189,0.5199498421826585,1.108648139067816,1.8127337343735337,0.11300474548322131,0.4997147095830736,1.1409901197553238,0.14652984239065914
2014-03-18 20:00:00,DEHM_noBD,1.0416117462001042,1.1997485320037153,1.4003628845713287,2.0466196619469685,0.2900116537431812,1.3005422015449088,1.642511347673923,0.0984920965994672,0.46207567563056934,1.1596800725909695,0.14869077769815442
2014-03-18 21:00:00,DEHM_noBD,1.136940570580065,1.332119720559724,1.44833986828205,1.9870254467684596,0.25510795808647746,0.7557361122517381,1.9352888714300929,0.08573371673234724,0.35810029932014636,1.1119591070649772,0.1522248248633895
2014-03-18 22:00:00,DEHM_noBD,1.221930411347961,1.4491068701638832,1.4720552873436317,1.3147474915789268,0.25257982409038576,0.4083175502654668,1.20988967162452,0.08395841472573799,0.3065205584097281,1.101465187414654,0.16419779861891487
2014-03-18 23:00:00,DEHM_noBD,1.2639616555623756,1.5074648815845113,1.4142342489794073,0.8990814245029626,0.27224414668348135,0.42264539482996505,0.5774158842367847,0.09276265615302526,0.30101514432191845,1.1330901720184623,0.19254828146767672
2014-03-19 00:00:00,DEHM_noBD,1.341964823408837,1.5293755922931953,1.2152738166955874,0.7710799887836964,0.2713968970880749,0.4401508118076156,0.6376526397093326,0.10916014485515524,0.3443101444794236,1.088200189147163,0.2322975819572083
2014-03-19 01:00:00,DEHM_noBD,1.4430714263038686,1.4554763289765202,0.993662427278726,0.7325482073666829,0.23685843704402432,0.45453931291900984,0.6715341942698487,0.13115448081403952,0.4073740890160202,1.0793289590570985,0.2756630039589664
2014-03-19 02:00:00,DEHM_noBD,1.4885314761672985,1.2762990610303209,0.535048365407362,0.7665542697365653,0.21319654245167957,0.4580919097089402,0.603854074005057,0.1674946592870307,0.46786475720129894,1.1706261129315336,0.313626991579486
2014-03-19 03:00:00,DEHM_noBD,1.5694187597807356,1.125615979086016,0.39155615060141197,0.8528854539838775,0.2455867129596322,0.44318272500130185,0.5822333595451676,0.2249571206320915,0.5096829967056958,1.3231542739180802,0.3420868117530829
2014-03-19 04:00:00,DEHM_noBD,1.5056817014341477,0.7391522355482087,0.28762785826075554,0.9425387212855759,0.33440907229039807,0.4988830793191743,0.6388895673674936,0.2673531734878196,0.5860711743528395,1.4746744457711605,0.3639852226493646
2014-03-19 05:00:00,DEHM_noBD,1.1751788670751406,0.5282761195637453,0.18487243952738056,1.037412101477283,0.49316210760364765,0.6729319540753381,0.7196620781317001,0.22320399049911163,0.7952972496666758,1.6245484553240797,0.37089274137042927
2014-03-19 06:00:00,DEHM_noBD,0.7575372653898177,0.38670938988570813,0.1334837418905193,1.1679272122450253,0.6641827880350591,0.8746862719564463,0.8231676838772042,0.12435314177722653,0.8454896769159099,1.6151720889012515,0.36798034645867517
2014-03-19 07:00:00,DEHM_noBD,0.4711692799040197,0.2386784321500438,0.12385928597077359,1.092100763169022,0.8106067087863804,1.0363089842797109,0.9256505931405906,0.06541107520203093,0.6723343307826294,1.1597001760751429,0.3533771424993406
2014-03-19 08:00:00,DEHM_noBD,0.3559583608748519,0.13992566264384393,0.12326674151815818,1.1593335852906157,0.9391713252969179,1.1474542253098199,1.0618545991376807,0.0596095532971433,0.3610676353187485,0.6432012435908402,0.33358241671811084
2014-03-19 09:00:00,DEHM_noBD,0.27394533235628027,0.132714939776191,0.10989902410888677,1.3623480759095596,0.8788278853834651,1.132116612747992,1.1661388214743293,0.048737086135139565,0.1672762060927133,0.3455550298487202,0.3204618234957125
2014-03-19 10:00:00,DEHM_noBD,0.16897777074615697,0.10269525136783877,0.10637519181828706,1.2660848569163563,0.6296431338589406,0.9272086034920973,1.2030217312377116,0.0367266148057299,0.12246441098014801,0.22639454290441813,0.32137188301225184
2014-03-19 11:00:00,DEHM_noBD,0.12088386349801424,0.09734301964932247,0.1332284211824937,1.1728788832674768,0.6625405293693021,0.702115201497824,1.065667935361995,0.02778140824612222,0.11033562243713056,0.17751642452247612,0.3365506834134366
2014-03-19 12:00:00,DEHM_noBD,0.1264157892473762,0.13002696522615637,0.1588073178031061,1.083454082668632,0.763145449259472,0.7029289170579773,0.9617367892254558,0.02739807379854835,0.09794013735691078,0.15108237831403498,0.35631669108303254
2014-03-19 13:00:00,DEHM_noBD,0.12408313398563638,0.14986197658304115,0.19042007471269912,0.9646016361027739,0.8905531400651251,0.8000085693120443,0.8917875333317555,0.03538213041904369,0.08770765183669962,0.11896894226032298,0.35269704560743637
2014-03-19 14:00:00,DEHM_noBD,0.14445242675178557,0.17954831319772627,0.22440794346042894,0.909431343195281,0.9200202465212346,0.9809901995151473,0.9658517481536654,0.04420919653925564,0.08885344784270961,0.12829935158857814,0.3111587417549639
2014-03-19 15:00:00,DEHM_noBD,0.1641491074657171,0.21315024743521518,0.26221650502153654,0.9954418825251812,0.8584682860300317,1.033061335536323,1.019098692047747,0.053379905928634015,0.10479960697615502,0.15612151426675833,0.2556839700737221
2014-03-19 16:00:00,DEHM_noBD,0.1864349235872563,0.2540570555933966,0.2728659931068308,1.078996235568508,0.7921705415843473,0.9369566648131926,1.1327141335416033,0.062429644212936786,0.13584182596173122,0.18135964808685112,0.2087242179856448
2014-03-19 17:00:00,DEHM_noBD,0.2141906045232514,0.29054143847136876,0.2415526958894916,1.0888861215071355,0.7140944417412439,0.8948718911382412,1.1174051686727666,0.07168728250237164,0.1606952225147186,0.20977188720813822,0.18547609144940955
2014-03-19 18:00:00,DEHM_noBD,0.2585017416866531,0.3227891075902958,0.2336645854726174,1.1683073040418845,0.7644295914357248,1.0085332574142882,1.205056116267271,0.08254636377286154,0.17389895450279097,0.2590847983471768,0.18691048207506517
2014-03-19 19:00:00,DEHM_noBD,0.3235463261049077,0.3498506264924501,0.2722992184761501,1.4492422357336625,0.8817074329471772,1.2737884869662672,1.4781644420285984,0.09209484110344184,0.1843347153510152,0.313312330323311,0.20512931054390957
2014-03-19 20:00:00,DEHM_noBD,0.39411244699041825,0.39999377833025507,0.3156477748446247,1.9451433786549954,0.9742225198581023,1.5026701594986451,1.797169824166795,0.10781415166553096,0.19524609265387033,0.36261808391039946,0.21840946988398202
2014-03-19 21:00:00,DEHM_noBD,0.4851606934193566,0.4569444836082791,0.3644693537085915,2.1562703040112736,1.1556084393078367,1.793454770844621,2.121509564089415,0.12112969222091119,0.20333474983088667,0.459467201431375,0.22714822542778199
2014-03-19 22:00:00,DEHM_noBD,0.5567267688846971,0.5139445086784455,0.41532256983764526,2.1943295912107463,1.3760737010777229,2.064510051728864,2.4133260241760244,0.12568504816610357,0.2250624593529849,0.5807068550136498,0.24162923436829922
2014-03-19 23:00:00,DEHM_noBD,0.5990140505672804,0.5578021219129867,0.4754082177083677,2.300666950801281,1.4839952851391163,2.251865825621523,2.6512757822815205,0.12328724726635937,0.26881035386838004,0.6681659194003511,0.27676564159478456
2014-03-20 00:00:00,DEHM_noBD,0.6395440740800276,0.6133684203896876,0.5479561471543489,2.352475098808595,1.450578963940898,2.3996754736226893,2.8132265308324547,0.12357749388433978,0.332026821445897,0.7293765581949054,0.321032800630379
2014-03-20 01:00:00,DEHM_noBD,0.6748229650625609,0.6775821723451171,0.6180873200625895,2.365304697074026,1.2055567320153024,2.4402319619842707,2.820393208095364,0.14555231725472947,0.4057614682849868,0.7833970168899836,0.36823351527248616
2014-03-20 02:00:00,DEHM_noBD,0.7296923757929576,0.7455820662375284,0.6999253105623492,2.568004260001493,1.136520408551339,2.3734899899606057,2.6629196361827647,0.20793923823698407,0.4662007662501184,0.8167980929607083,0.41788786502346476
2014-03-20 03:00:00,DEHM_noBD,0.8371867975400707,0.8210972397567597,0.8944065676074442,3.0798965083414394,1.2529640626698173,2.240002451362981,2.5434030547571895,0.2929594010464846,0.5065220894583128,0.9062130363174271,0.4506824552530203
2014-03-20 04:00:00,DEHM_noBD,1.017880139621913,0.9874003411696952,1.2435396331504898,3.3735798987529617,1.55268065262557,2.4606720719343107,2.923464501548426,0.3674565638812165,0.5579909405716693,1.0158514134868537,0.454053366879383
2014-03-20 05:00:00,DEHM_noBD,1.4658786443804779,1.4606347994003857,1.3643631662742044,3.568803563399805,2.0200377493613306,3.309720476881836,3.6952624419600917,0.4148046439345367,0.6170809543557183,1.1439782364065665,0.41268208449601296
2014-03-20 06:00:00,DEHM_noBD,1.7632749457397823,1.6696744165174775,1.2379992815803422,4.376623905907063,2.512138081024003,3.8659814577345846,3.8294178517035986,0.431075972896926,0.6410011731327139,1.4417577588644463,0.2901015388907538
2014-03-20 07:00:00,DEHM_noBD,1.6481332090987335,1.3326671813197182,1.0043992260877235,4.132474445314919,2.7311188752200755,4.569130997061003,4.273865631162626,0.4165542289523406,0.6542852967233814,1.6719667657615633,0.19394311537689518
2014-03-20 08:00:00,DEHM_noBD,1.4581039360338448,0.9051760982017889,0.6560941766653815,3.4539317379271104,3.350423299309916,4.331333042120903,4.114993490019031,0.33568339654220264,0.761751164011359,1.5454913082273902,0.1296309981256629
2014-03-20 09:00:00,DEHM_noBD,1.2888755355363235,0.7074864827843801,0.5152037351259262,2.6715048482987047,3.6724821180563745,3.0247577353163053,3.2107539446568647,0.2715442727925627,0.9556026755248394,1.31613453055034,0.10603749585703919
2014-03-20 10:00:00,DEHM_noBD,1.0666877748918555,0.614430100886483,0.6124636469196038,1.920476657427305,2.4452275036204,2.1811755495074467,2.449509524353714,0.262863241053745,0.9267287362968344,1.070328733810871,0.11330167258542959
2014-03-20 11:00:00,DEHM_noBD,0.9688683702485519,0.7000641571654116,0.6177298863699787,1.4141243021248515,1.866333699182634,1.7502789588485574,1.5853416412999044,0.25449062201175826,0.7313891016935454,1.1118312015590734,0.146145648074923
2014-03-20 12:00:00,DEHM_noBD,1.0120300278935779,0.6192969718710541,0.629011504220471,1.2425933069782944,1.4611568563645798,1.3336924621300965,1.3629500667632632,0.23744972299978118,0.6474101343195104,1.0873785695687541,0.20554746471307223
2014-03-20 13:00:00,DEHM_noBD,0.7463279932400083,0.6922365743091143,1.0366273585861316,0.979103310180836,1.278429231155736,1.0960088489600701,1.14096435453203,0.24423862460207174,0.6880068752108257,1.2983067608637688,0.34639750921997237
2014-03-20 14:00:00,DEHM_noBD,0.8990278574334619,1.1246630546600973,1.6899729509629857,0.6596850512879068,1.4152717118643623,1.0517052516754946,0.7581013718789618,0.2785835938277094,0.7955545927853008,1.195261766780748,0.5534909848222928
2014-03-20 15:00:00,DEHM_noBD,1.0749435903041191,1.3153628089787008,1.8473220309068807,0.6677535661037345,1.4926824148115654,1.3074775711870026,0.717602299701016,0.35706712968223725,0.7632387096357213,1.2946537814191448,0.6503108294174331
2014-03-20 16:00:00,DEHM_noBD,1.4144458697024223,1.7376057384673356,2.0746839440949416,0.8336903977416505,1.543357026224546,1.5380177651380134,0.8371469661446499,0.4664748486424237,0.9639151504248037,1.4840010591673802,0.6417781711511592
2014-03-20 17:00:00,DEHM_noBD,2.1218540414611944,2.5092274144331337,2.945087630918786,0.7891917598077144,1.7262303513038484,1.6999164198835113,1.0138367003801168,0.5816840174308419,1.2976112323513092,2.0393621138518636,0.5477907637576711
2014-03-20 18:00:00,DEHM_noBD,3.067893860659248,3.413422186439738,3.428077343402822,0.8841390232162308,2.2291601019488,1.8532508081321046,1.2415073270380161,0.695670001183301,1.6146229352751047,2.6455713919934585,0.46225408663523593
2014-03-20 19:00:00,DEHM_noBD,3.1876565080686756,3.710130122492175,3.251999895454701,1.3315796669797748,2.6169157657713447,2.213145140904083,1.6290887860599357,0.7017775378554314,2.5491955606977603,2.8565074807669073,0.5026142676268739
2014-03-20 20:00:00,DEHM_noBD,3.2704449093761294,3.443678958203726,3.3418975316325197,1.632137604933807,2.3196567001297277,2.6726815451655765,2.022695582629893,0.40264641546048213,3.8196583055465,2.681703942768167,0.6868552044935026
2014-03-20 21:00:00,DEHM_noBD,2.502942936150984,3.269738226640329,3.3575301523996024,1.8015350538444075,1.7297673506238846,3.263437489411075,2.56746369943461,0.24812443549828594,4.316082839881432,2.499906376939595,0.9735039309079223
2014-03-20 22:00:00,DEHM_noBD,2.5006441567255138,3.4846099834184696,2.9642227150036264,2.003437016842071,1.333842699828842,3.285606493648422,3.4410668996676854,0.19028679758872824,4.318996650925232,2.2741819383814375,1.368352923923839
2014-03-20 23:00:00,DEHM_noBD,2.9677366227903703,3.544093993033279,2.2391653320840676,2.2949021319943994,1.1947290240769135,3.188752033938307,4.15611478518245,0.18214049399938426,4.536146457200069,2.429091802563029,1.9286538011717846
2014-03-21 00:00:00,DEHM_noBD,3.679486113302618,3.162592915890748,1.28650110372314,2.8238647415391833,1.203686783400597,3.1824087715802225,3.8803611872660335,0.19616018454518153,4.50669851213095,2.9203563376524926,2.732506838353245
2014-03-21 01:00:00,DEHM_noBD,4.128976676266076,2.1974636164199106,0.5449938095260981,3.617659542470766,1.1982758279796224,3.0967919967712296,3.305644122639228,0.15186883466759687,4.360408232675191,3.652800416655108,3.65407512261763
2014-03-21 02:00:00,DEHM_noBD,4.337398748160365,1.1106092092636164,0.5429967281065926,3.990036888964853,0.9051796829496324,2.9394624704934604,3.2261921264910414,0.12331758332286946,3.6482899647230935,4.2674550253076236,4.301872567120585
2014-03-21 03:00:00,DEHM_noBD,3.9670073885131676,0.5960008383165492,0.6451561334280632,3.9677872563186414,0.41292948467468826,2.8142472082901175,3.3829029743386494,0.11366524063146657,2.3256675383391325,4.6986794144889235,4.580880333179505
2014-03-21 04:00:00,DEHM_noBD,3.0814667129572113,0.7025961355896204,0.6451110538454171,3.542189379981208,0.195723906479962,2.7374960420666707,3.7028361325402654,0.12623777649384907,1.3960720002453402,4.786199920463527,4.5628604127085275
2014-03-21 05:00:00,DEHM_noBD,2.105785888665322,0.8445471445120803,0.6321662977113603,2.9969096602486167,0.13937351112999005,2.360787206879847,3.7067621741930554,0.11061109793173604,0.9341766127710229,4.211146587924962,4.117893230847746
2014-03-21 06:00:00,DEHM_noBD,1.3742263000206825,0.8147176364336541,0.538713893702956,2.6085647763344557,0.11588015136625608,1.5707405255744071,3.012820595235742,0.06322193506478545,0.6484087383595479,3.163232564516729,3.0474261481870584
2014-03-21 07:00:00,DEHM_noBD,0.9022453901194023,0.6485803939835217,0.3663973279886497,2.27702985943983,0.12458984779782586,0.6029789381892263,2.04558544184703,0.047204514435469025,0.525448161854631,1.9798074005690958,1.6739184838731798
2014-03-21 08:00:00,DEHM_noBD,0.6411061206099204,0.4554033418209746,0.17109824660881445,1.6391737750413287,0.15047490804227057,0.11677009560590768,0.920539736865657,0.04967894224427626,0.44941064143191833,1.0197051854141606,0.6300211691189277
2014-03-21 09:00:00,DEHM_noBD,0.5818842669287148,0.28957362515674145,0.11479547481325117,0.804865483312635,0.19882783243618893,0.09525759958691765,0.3124911148600366,0.05591724354066407,0.38194839973306627,0.7259949158090399,0.22471913975564062
2014-03-21 10:00:00,DEHM_noBD,0.5453588990264594,0.18104337304539625,0.09631840855336302,0.4405486131261023,0.34364480838957223,0.1413847756293631,0.1445411566901511,0.057428847802835345,0.3484130882433301,0.5834826852532918,0.11393334803123706
2014-03-21 11:00:00,DEHM_noBD,0.5480295011973729,0.13911622260930273,0.11825485505910985,0.403076027926917,0.5931974646413046,0.20417100818070288,0.14087113814111346,0.05451019085188378,0.30195100200411445,0.5102009447244589,0.0779892042543366
2014-03-21 12:00:00,DEHM_noBD,0.535400396836301,0.13476094328631405,0.16168258708396321,0.43066720506497147,0.723216260789288,0.32787236636350503,0.24371674410465058,0.05229621473177787,0.2925395264096161,0.45641756514073983,0.06730723128407834
2014-03-21 13:00:00,DEHM_noBD,0.49271735348938484,0.1728914801733017,0.14384333152769235,0.4249742209362964,0.688044478289159,0.5215383158013993,0.3905731298583288,0.054572231385782266,0.2672051981304948,0.44994427680712124,0.05953772884479079
2014-03-21 14:00:00,DEHM_noBD,0.42378677340081655,0.1881214767711916,0.14403866510766783,0.43294767279875246,0.7006766206139652,0.7614105370708485,0.5275807246993516,0.05912980244544317,0.22170269839499676,0.39073583525654276,0.06043113273803721
2014-03-21 15:00:00,DEHM_noBD,0.3788924777099315,0.16700198447259335,0.13400816114726288,0.5699746858692954,0.7724366840039938,0.733865013683199,0.6940555130653776,0.06179158534021094,0.19197182717813227,0.3560482474280141,0.06097028737755796
2014-03-21 16:00:00,DEHM_noBD,0.34414586390811586,0.1657530908036988,0.14310919545858186,0.6280101279572975,0.6730675737833978,0.630533674133357,0.9923984775503356,0.06370109036930816,0.16298236316595158,0.37120034593461604,0.059666844535395454
2014-03-21 17:00:00,DEHM_noBD,0.2293733519757048,0.20055181792308235,0.21614758112939164,0.7659952065863957,0.6409367677388804,0.668421307403007,1.1551849553603635,0.06447425393037012,0.13273958710852315,0.4405153602139171,0.061976005121187325
2014-03-21 18:00:00,DEHM_noBD,0.11883840251316077,0.27751456511929473,0.24672940576927643,1.0057535520517078,0.8427105644441256,0.9122123465498495,1.2538758083729913,0.06640347893231537,0.13588224548480077,0.49095053435939273,0.06812382142622996
2014-03-21 19:00:00,DEHM_noBD,0.12140707974902804,0.3403685551586264,0.31099425070765274,1.4618374407987083,1.0676903651282423,1.2806108659821693,1.4015613206296755,0.0700182292707357,0.15840586758287795,0.4472178214556646,0.07616175442039665
2014-03-21 20:00:00,DEHM_noBD,0.20376470889115111,0.3422424626442832,0.395933860766879,2.1806610780659885,1.0232774913680298,1.617155178138959,1.720446740200928,0.07197188838848723,0.16669370769618042,0.3754920787726699,0.08475049358919888
2014-03-21 21:00:00,DEHM_noBD,0.32890458972777914,0.4013983154913171,0.6035480922071454,2.5251722519109547,1.1751129909619757,2.053745169370503,2.3360005449683996,0.08027464556971316,0.231882837354427,0.4462205985344118,0.08454169945317214
2014-03-21 22:00:00,DEHM_noBD,0.41453286504380626,0.5427798289907362,1.0758529736092979,2.4061639676172586,1.59802622009523,2.8428544494868744,3.003353176021574,0.11190792104286124,0.3146777584091572,0.5162245225972787,0.0955979261907689
2014-03-21 23:00:00,DEHM_noBD,0.5668486687071284,0.8685145189191072,1.49631472349251,2.5442043379658132,1.6820276275710515,3.2004114675863944,2.948818616329125,0.16889147156755424,0.35092993220488494,0.5838528326299771,0.11570647545840622
2014-03-22 00:00:00,DEHM_noBD,0.9100406579481087,1.2464407974847993,1.500611686576429,2.800457867372141,1.6464502866684665,3.191116798112955,3.007522505085656,0.22279608181256788,0.37911756405203373,0.7624197792640864,0.13054995972031136
2014-03-22 01:00:00,DEHM_noBD,1.3835349752016202,1.4517653557458146,1.492393584280055,2.7707389174805543,2.039474250831488,3.3321079361926547,3.2152381885237173,0.33152913917871185,0.43844082898996706,0.979091184727901,0.13170313074284962
2014-03-22 02:00:00,DEHM_noBD,1.7035358592487382,1.4058647961323605,1.751037412227944,2.3029897294117827,2.583019822582612,3.449020524375414,3.2437849082547414,0.6755252126676589,0.5976415096864057,1.4966610555733644,0.135584246913308
2014-03-22 03:00:00,DEHM_noBD,2.085192734539298,1.8977870190169661,2.252085360815182,1.8057181270921592,2.9975163959255373,3.092900730253815,2.662323970785921,1.0052012537044286,0.9791997420237959,2.0311054538198747,0.13878116874465063
2014-03-22 04:00:00,DEHM_noBD,2.635643254907406,2.6422102980385813,2.9731155124456206,1.5873257504585387,2.9056121272177027,2.489108581254616,2.0212414943546997,1.048141328524947,1.3572357015135883,2.4196321676798167,0.15243046549577577
2014-03-22 05:00:00,DEHM_noBD,3.5107623078930468,3.4842885592140167,3.608282625930542,1.5224341442808416,2.6368955415922137,2.269869610907409,1.7111195728745292,0.98353740796566,1.483806215263903,2.8275556975962597,0.16147166252375422
2014-03-22 06:00:00,DEHM_noBD,3.4369204223813674,4.298686501931548,4.102697616534233,1.8484707280538462,2.2507556304091776,2.2421440635787757,1.7220090560010348,0.9349012845870852,1.345777286970131,3.0531415828024877,0.1628121024819008
2014-03-22 07:00:00,DEHM_noBD,3.0239304909022477,4.535717800854422,4.52907370404996,2.046660081088166,1.518305394048267,1.8531725483344705,1.8791742160258535,0.8834586066891252,1.474275674250573,2.9405789857657627,0.1587491618488635
2014-03-22 08:00:00,DEHM_noBD,2.591305542415603,4.629923869480294,4.182044993709761,1.6184378464794191,0.9661385140417563,1.2738116233764896,1.558805538300667,0.6836582315075397,2.104380689577218,2.5020693448808466,0.1768597251223422
2014-03-22 09:00:00,DEHM_noBD,1.8550118626099152,4.07272015035606,2.9812429544232875,1.1861972412697368,0.5834599762221704,0.9491527930323884,1.1965363839108485,0.4246460207735,2.8573863031975417,1.7988465199877859,0.19626917846384445
2014-03-22 10:00:00,DEHM_noBD,1.4436863314915345,3.5405395750904347,3.139673270056512,0.9153316968467988,0.2838044187627172,0.761524665791061,1.0885155630793963,0.4045789242652057,3.2386373792778143,1.5330342197786428,0.2668413662672413
2014-03-22 11:00:00,DEHM_noBD,1.5034084215269716,3.44224489319377,3.522244606415498,0.8163197947045385,0.16901092253867522,0.5997300373232161,1.0472749265236811,1.033864597711712,3.0671136343032632,1.5354899348809066,0.3706263904249132
2014-03-22 12:00:00,DEHM_noBD,2.9310536756303005,3.5608652399784355,2.5641028293163886,0.7957305811735635,0.1693460704278945,0.488762701753645,0.7413112971441993,2.0137426434789596,2.4380016205496258,1.9289615291198883,0.5318676536376191
2014-03-22 13:00:00,DEHM_noBD,3.9861600556721153,3.553266930319578,1.2157055457805737,0.6140603414507398,0.187342593156835,0.38714979067178557,0.5202966114704153,1.7810418458781392,1.7045845749548918,2.8403126385861026,0.7136665807140316
2014-03-22 14:00:00,DEHM_noBD,3.782707965899741,2.704177556750451,1.034754855616854,0.44274968223576755,0.23441160662043828,0.3008944152414856,0.5552189486987411,1.3494701882867886,1.5010864460632076,3.1299692200439866,0.8271057406597794
2014-03-22 15:00:00,DEHM_noBD,3.7082839075036698,1.561868727620702,0.33187732394601616,0.5120542425712508,0.32257776557749124,0.33544732639831043,0.5972063271559359,0.7716127148577756,1.9953122442303028,3.5141881728865605,0.8767091277943696
2014-03-22 16:00:00,DEHM_noBD,3.1588750758359327,0.8565192796688313,0.1254690457852044,0.5460506966307801,0.341351922449693,0.41378880671730306,0.52304116997739,0.20415460328958918,3.0881965443851116,3.6226535738695116,0.8847841044044057
2014-03-22 17:00:00,DEHM_noBD,2.9820175554420136,0.8421670575659402,0.2073486839090144,0.6062351189409564,0.2616515904229412,0.5290702112467862,0.4327117915917925,0.12086596939807744,3.6381583876128545,3.2045832609998435,0.8972586370435616
2014-03-22 18:00:00,DEHM_noBD,2.8525020265808108,0.5610743224296411,0.3792844798230547,0.7373105956167005,0.2553945549607648,0.681863136466543,0.433254747709657,0.10971879939079277,3.75973463788921,2.915044760712501,0.908922139217476
2014-03-22 19:00:00,DEHM_noBD,2.7479730935443714,0.45035364485177554,0.571196851251314,0.8985236841944853,0.31076557995912607,0.9083357548454063,0.6437926478836594,0.09646797449025313,3.7854213819958535,2.9881188051497305,0.9563852338566479
2014-03-22 20:00:00,DEHM_noBD,2.4938637280568843,0.5106911917229968,0.7297365133225135,1.0635509996722956,0.35137248244211533,1.1203949967443771,1.0350185222376738,0.10156013313610086,3.5763724847924863,3.0985465572292874,1.0390068034345088
2014-03-22 21:00:00,DEHM_noBD,2.39261386076738,0.604676756140794,0.867718068892221,1.2727474416969737,0.3732957557113934,1.3038373094879518,1.4276016228767903,0.11239334744794277,3.0122063187512063,3.0686553487610446,1.0948012092437145
2014-03-22 22:00:00,DEHM_noBD,2.42236659540806,0.7362495740734184,0.9879167928796809,1.4688064015701814,0.3990067834181617,1.3870447094478338,1.909408493644047,0.11823889362238334,2.4324235505605336,3.1220719560503842,1.0983906592508983
2014-03-22 23:00:00,DEHM_noBD,2.240885933748554,0.8752860944242578,1.0318879671731918,1.6638566400375927,0.4374455685533769,1.3471598159812581,2.1271772912098688,0.11613845014457572,2.1464675276762013,3.164424944812912,1.0623339092879214
2014-03-23 00:00:00,DEHM_noBD,2.011440373282749,0.9320534620571066,1.0027317318530335,1.8238739924769767,0.5808312232144082,1.307983712568194,1.916147675502432,0.11258275454387062,1.963805503509958,3.2486766040173687,1.0458653901136392
2014-03-23 01:00:00,DEHM_noBD,1.8945113402407219,0.893489000467693,0.98666293638713,1.9117066995090854,0.8138005286236061,1.3075428422051198,1.7810357587199763,0.10415964679037132,1.6545192478248332,3.2038277121580743,1.1198046903217658
2014-03-23 02:00:00,DEHM_noBD,1.8724728426161592,0.8663522257245658,1.0264347372041387,1.9820611908335168,1.045326694585243,1.3631886953458126,1.7958075165044183,0.10322951826382294,1.3405234742057783,2.8153626491244603,1.3511580933600122
2014-03-23 03:00:00,DEHM_noBD,1.891122572190268,0.9076285436359188,1.0012098281041486,1.940153209203268,1.264859088702067,1.4593510461355979,1.8322549504685328,0.1483137827169521,1.1289954573254124,2.2545996761281133,1.679531189858289
2014-03-23 04:00:00,DEHM_noBD,2.0482124899985177,0.9968290234725061,1.0443856719832587,1.4889088659131735,1.4391907403927295,1.5198582185633434,1.8019613965084065,0.2289372897434792,1.0869387682737037,1.984592131317635,2.05421349877123
2014-03-23 05:00:00,DEHM_noBD,2.3414894354537132,1.1634922127997467,1.0119843998407618,1.4144478464664147,1.4237487453166207,1.6651451090105809,1.7248158199198476,0.31265648596616447,1.1207942007227427,2.0102018712670167,2.31690660065216
2014-03-23 06:00:00,DEHM_noBD,2.69279499689553,1.1684033624968932,0.8124760073217738,1.3906852487643375,1.3566391556879225,1.7334443255367642,1.7015137964589895,0.3958273173293842,1.131924435477443,2.2491349824512654,2.1978500867392263
2014-03-23 07:00:00,DEHM_noBD,3.3753015506243567,1.0852146587378542,0.5473660161818042,1.2693091666202259,1.2482045277113747,1.6536745398765185,1.7045477963568687,0.4422919052766635,1.052029332926441,2.4309242901247083,1.859694996951688
2014-03-23 08:00:00,DEHM_noBD,3.8331046301204177,0.9085180320804722,0.465634626771236,1.1789437133343652,1.1312758304920232,1.5059946344924129,1.679020488447397,0.39249514945786446,0.9758497578937467,2.8384558384660354,1.5073141028577788
2014-03-23 09:00:00,DEHM_noBD,3.420771655362515,0.7064269804446448,0.45154159686451656,1.2299906093093775,1.0667012295288965,1.3551450565041923,1.686738545178926,0.27561938432665534,0.9783492704154644,3.276555683467656,1.1909830175224458
2014-03-23 10:00:00,DEHM_noBD,3.047386863233789,0.6063915377879119,0.5039652549900371,1.3419426104128087,1.0459929635292848,1.205039140983966,1.6262016489039652,0.1787431953763821,1.0567748760730913,3.248182463667993,0.9338886434025596
2014-03-23 11:00:00,DEHM_noBD,2.562085547309438,0.6425400471299152,0.6523178423649667,1.4707443137681455,1.0502248042328284,1.095238081076201,1.5575545665423445,0.13019693072072458,1.1463055266607178,3.041071926036015,0.7410605275199376
2014-03-23 12:00:00,DEHM_noBD,1.9936739378196244,0.4633938664712972,0.6930560998673597,1.5896988296661554,1.0820391276875698,0.9030332726017687,1.4474992334004915,0.11195757038106885,1.2247094534345435,2.6442213739882874,0.6153753105191
2014-03-23 13:00:00,DEHM_noBD,1.7634278917564137,0.4625514380507846,0.615049765325426,1.681406104379401,1.0826454520854865,0.70022597459985,1.2956724186919168,0.10559897387948221,1.2096897994978213,2.442086564635791,0.5676846558331441
2014-03-23 14:00:00,DEHM_noBD,1.6884571019147914,0.6242115912540168,0.48649069349632473,1.6323415847918223,1.0469133180121053,0.6435092407875833,1.0979620299507833,0.10203009521504608,1.1313501603028735,2.505668481143349,0.5723028217080991
2014-03-23 15:00:00,DEHM_noBD,1.6478176315447695,0.5886631192613759,0.3375612287051171,1.2907741649212245,1.016600835142436,0.659766973634879,0.9114039555070234,0.09957610433124453,0.9168570991327659,2.487070897791955,0.6394173771698505
2014-03-23 16:00:00,DEHM_noBD,1.5093636467150757,0.6199549527849828,0.27945981058410485,0.8745705575476458,0.9983751178125757,0.7524095631404395,0.7919501126702516,0.09598517638045127,0.8134188461484771,2.4596641185916037,0.7472375215709244
2014-03-23 17:00:00,DEHM_noBD,1.3847423556400702,0.6338758409602198,0.2527277184089368,0.7480889712496386,0.9425913230957322,0.8758922919264409,0.7889334653653639,0.08837675935138004,0.8500071455731752,2.5099390227277425,0.8861761125540244
2014-03-23 18:00:00,DEHM_noBD,1.4246966589241434,0.5635970620032401,0.26308522864925726,0.9374941408387878,0.8355538752391934,1.0694084904591734,0.9117546094154279,0.078215339739716,0.9638951169720076,2.6067227859779973,1.0422748430636362
2014-03-23 19:00:00,DEHM_noBD,1.5090425727573133,0.48233756097461494,0.2563651897969177,1.2815410430592753,0.8045979057069214,1.2747187252625765,1.2124826687512633,0.07145459755141743,1.041171232587135,2.7388165456634272,1.1237802696271728
2014-03-23 20:00:00,DEHM_noBD,1.508322806363072,0.48943839724198834,0.2578085187954795,1.6093660596778963,0.7815873869779518,1.420266032676242,1.610160644256376,0.06750470705613944,0.931925145916203,2.528979212662932,1.130500993565074
2014-03-23 21:00:00,DEHM_noBD,1.3130238685497175,0.49701323657352964,0.25346917331413626,1.9176477263586367,0.6015120846200455,1.452859826973325,1.9183121629735473,0.06647468738901878,0.9252516155840667,2.359790040808793,1.1226709856943484
2014-03-23 22:00:00,DEHM_noBD,1.2343255531838189,0.4851623838637523,0.23921806224350167,2.2797917189625827,0.46140893149148665,1.432947436966065,1.9935601325684318,0.06682412178275626,0.980382784849936,2.3681526482375785,1.1054866876468585
2014-03-23 23:00:00,DEHM_noBD,1.1714468015543231,0.413834079387848,0.22794639651621676,2.543581328542644,0.37003059034064395,1.3529259366851427,2.0669432506829453,0.06693985452355339,1.0157394187387776,2.2625980319217733,1.0942594172691273
2014-03-24 00:00:00,DEHM_noBD,1.1532412420595437,0.3420008801723293,0.2142150885714728,2.3334956702966587,0.30385443931706235,1.1270306485910515,2.134484086378614,0.06564615484637316,1.0319479860900342,2.238716980541989,1.082948625391085
2014-03-24 01:00:00,DEHM_noBD,1.1380690808572993,0.2998191333934245,0.21493336672559366,2.274772710636897,0.25806294529655927,0.9166500132499458,2.0241190937138884,0.06292068789390252,1.0040575362883788,2.132935562221594,1.073049992028591
2014-03-24 02:00:00,DEHM_noBD,1.1574303656768705,0.28719546305299365,0.22799065772742022,2.3694110782836413,0.24105096636964224,0.7820234003651256,1.6943233185816096,0.06049268684943659,0.9242848665004222,1.9375055410052957,1.040214798042312
2014-03-24 03:00:00,DEHM_noBD,1.119624211840251,0.2981310909790912,0.23474112239903056,2.3258651647110167,0.2319757010744441,0.6642520153642936,1.3024330433888802,0.05949708668515534,0.8723783180192671,1.7315034083929401,0.9699674746654672
2014-03-24 04:00:00,DEHM_noBD,1.0639473263162746,0.3024023165654588,0.22885146072007467,2.0897292066552193,0.24224156452422946,0.5130785685406929,1.0819500909940805,0.061162543056928476,0.8289613809364009,1.5774370083344564,0.8754611225638933
2014-03-24 05:00:00,DEHM_noBD,0.959172639015438,0.317592665378074,0.24020973854065397,1.6893616359556654,0.2529415974777436,0.4227226168299012,0.9674169051748589,0.06336279256970943,0.7711178640156983,1.4795297266275202,0.7543720863406103
2014-03-24 06:00:00,DEHM_noBD,0.8430347519179572,0.2993932665431201,0.2404110527139482,1.3154104543515728,0.2664372465155284,0.42542907677684016,0.8299713524130687,0.06243714893583886,0.685610263144411,1.3767987709550675,0.5928800303238175
2014-03-24 07:00:00,DEHM_noBD,0.6856384978626295,0.25389101102964484,0.20770414147961402,0.96371894831983,0.22876154447045868,0.37576255359733385,0.5574293262200657,0.06883468546350935,0.5699089586084055,1.2525272918844528,0.46791958036963344
2014-03-24 08:00:00,DEHM_noBD,0.5625089779480102,0.21796267895694937,0.17683663866395233,0.7302015148180624,0.19701800132741906,0.3196534583673008,0.4558281138711466,0.07068663143180068,0.47822498330201,1.1930339477162266,0.3829085256089152
2014-03-24 09:00:00,DEHM_noBD,0.5156888836665241,0.20706421287051652,0.1523465439859893,0.6326392345424157,0.2025269673134804,0.265437197240159,0.4189207258113499,0.06654951541939733,0.42781729932697476,1.1292435993188945,0.3297931007233005
2014-03-24 10:00:00,DEHM_noBD,0.49584592507084824,0.19466803439120575,0.11613079919287875,0.6124943996541786,0.23059301863181852,0.2679883144037529,0.4534330588896228,0.06287906220117803,0.39781334456998835,1.0968758927581324,0.2871715884115173
2014-03-24 11:00:00,DEHM_noBD,0.47953399475515346,0.19027198068606224,0.10000567239161595,0.6287483155821396,0.2768451798631063,0.33465216498274575,0.5268169518734941,0.0634489925997609,0.3869916254491824,0.9986811956857267,0.25172273905189935
2014-03-24 12:00:00,DEHM_noBD,0.4633679964188416,0.18538986687169925,0.11103143347689926,0.6755070226463188,0.33049323014460485,0.451810616462889,0.5339771439126434,0.0704875961476982,0.38766204674041815,0.9128039607005578,0.2204369553374661
2014-03-24 13:00:00,DEHM_noBD,0.4597902486148836,0.1667677714082932,0.07987362885956761,0.7276848372433251,0.36750125568830383,0.5082775850078538,0.5387751517753703,0.08920068101822298,0.385729617157881,0.6917030610141789,0.1905441878706594
2014-03-24 14:00:00,DEHM_noBD,0.45280075243219603,0.1453558365927251,0.10810865808766185,0.7698753134150664,0.3810759552817464,0.5554456177472724,0.5175190155080408,0.0968636947312205,0.37738241949720763,0.47442919328716565,0.16213449274378822
2014-03-24 15:00:00,DEHM_noBD,0.43603123003829136,0.1382496326797204,0.13597419955580256,0.7868873336768927,0.3723578214284218,0.5991283589764431,0.5206630043397116,0.12520512693492336,0.3662882285245459,0.6079403308462187,0.1347116800429984
2014-03-24 16:00:00,DEHM_noBD,0.42175528695076003,0.13312507766546264,0.15874883998068395,0.7676278560723409,0.3497112894494156,0.6119589267902625,0.5369808120851279,0.19376997516754996,0.3441128949220873,0.5227640109886686,0.10653933044984404
2014-03-24 17:00:00,DEHM_noBD,0.4274941452280337,0.2250619818230254,0.21051241376447766,0.7569730669278575,0.36061607494856446,0.61362579280995,0.5929319525459078,0.24718473939759705,0.32213953162608716,0.46366029165120576,0.08283941648728793
2014-03-24 18:00:00,DEHM_noBD,0.4610993837599222,0.3282670812755733,0.2955525195091695,0.8883436273644283,0.40697942836748197,0.6497880649529436,0.6729910781669858,0.24305810760016083,0.33254528143372536,0.5538743510887286,0.0704364453926406
2014-03-24 19:00:00,DEHM_noBD,0.5148835013742511,0.3968383690303377,0.4314697239137087,1.0759881195103769,0.5273041111754485,0.6592786316710295,0.7750223662449702,0.20127309654308298,0.3611243004244931,0.5858811843093414,0.06548816065156889
2014-03-24 20:00:00,DEHM_noBD,0.5352535220179706,0.7205055203567206,0.5364671975569113,1.2803436453671189,0.682349349994316,0.6889730313847959,0.9444639263839869,0.1887270709140097,0.45790721567939485,0.517279042154766,0.06422969397279571
2014-03-24 21:00:00,DEHM_noBD,0.5678900796357866,0.8434705519640118,0.5750452540512146,1.5223906977636787,0.8531459626739344,0.7928020351492185,1.1799584982740612,0.18837225024868956,0.5577775166830827,0.3312844700684118,0.06772197788521352
2014-03-24 22:00:00,DEHM_noBD,0.8788400882754406,0.843813403518318,0.5658545137177697,1.6892230914163144,0.9995280395694728,0.9955542446995876,1.4465411722215937,0.19012441206519462,0.5999687892050014,0.3085252282359637,0.07069846710564101
2014-03-24 23:00:00,DEHM_noBD,0.8116142968812596,0.5966866987908014,0.6169830369968448,1.8575140446348009,1.08900483479392,1.2277435108305355,1.6753672738990144,0.19004986821852035,0.5922793561247304,0.4094047566987387,0.07048724522275371
2014-03-25 00:00:00,DEHM_noBD,0.672174072234567,0.5110577733091637,0.8260350305913882,2.0937772967954484,1.0790808250548736,1.4769872745583146,1.8794124757096011,0.1982556397156029,0.5630110581468528,0.5340010019211284,0.07250865179303967
2014-03-25 01:00:00,DEHM_noBD,0.6861486210853233,0.8070320112178287,1.1209606457102033,2.36629900935594,1.2769948615955873,1.7083786913589765,2.0676508172253523,0.18177796067018231,0.5278656477460537,0.5874178032271562,0.07475220243128587
2014-03-25 02:00:00,DEHM_noBD,0.7225289769434742,1.4185601088565076,1.4866565113254269,2.689366214811447,1.6481655582876562,1.9625657802961956,2.2843533282027586,0.14718081160926938,0.5028270970211269,0.6639268544791289,0.0762996353016081
2014-03-25 03:00:00,DEHM_noBD,0.7415301943365856,1.6502244048964978,0.8958394989045196,3.186499211596623,1.8869461367310125,2.344902427824921,2.543355028722197,0.11935418169512116,0.47230960396974925,0.7311574673545639,0.07470595366444042
2014-03-25 04:00:00,DEHM_noBD,0.8021328559754604,1.5511014383889734,0.653229117890289,3.9266334780614938,2.08789983029822,2.791011988842531,2.7800501461315035,0.1110837528228525,0.4437983197089329,0.7692877616408653,0.07329284835314984
2014-03-25 05:00:00,DEHM_noBD,0.8705688280491717,1.0663975980204667,1.2299256275266734,4.837233040577862,2.452279868873334,3.2070606036279465,2.8937693103970337,0.11014947094157324,0.3620490674665965,0.7643237201743188,0.0725322940753253
2014-03-25 06:00:00,DEHM_noBD,0.7857314043819392,1.0514994884536788,1.5691492331474253,5.048887511992095,2.8759967028136195,3.4703269363016975,2.7816600940846032,0.1144759826757386,0.25166421213415907,0.6908250919350782,0.07662287178666084
2014-03-25 07:00:00,DEHM_noBD,0.6452869986129341,0.9806832036915875,1.6088254927745322,4.851301406305129,3.454317459252648,3.818027130384744,2.766333833891657,0.11923260469134185,0.18134111650720922,0.6424135517864817,0.08362889872276906
2014-03-25 08:00:00,DEHM_noBD,0.6180686737247183,0.8122762980795151,1.3204993002910572,4.756639129620412,4.052910218305473,4.294032611509545,2.940138955959364,0.12265029847078936,0.1806097195559832,0.6774789605522304,0.0942942168334777
2014-03-25 09:00:00,DEHM_noBD,0.5676595999439922,0.6380119479231721,1.1698765613619215,4.401179813927769,4.512012241767397,4.397531042957921,3.0459201168470265,0.14386649724278822,0.21078836168285775,0.6608403056808124,0.10392924673283921
2014-03-25 10:00:00,DEHM_noBD,0.48788202550874543,0.4810625257824344,1.0037932760016928,3.504368455097804,4.393278100851124,3.5301099837476513,2.4876402334432415,0.18195732700553013,0.1812228363049468,0.5300820639871717,0.11134755728423573
2014-03-25 11:00:00,DEHM_noBD,0.40522733544968403,0.4049534899947145,0.856764722213774,2.518601172590606,3.709832769468235,2.73862499086848,1.7496691121388117,0.22756494843692743,0.11590969194851991,0.39191701550694413,0.11949475758588404
2014-03-25 12:00:00,DEHM_noBD,0.3419820915261853,0.322307389795393,0.5841277693411023,2.0362331656128076,3.273834480308492,2.4087514872460867,1.641311831697651,0.28105292419797956,0.1020362746318895,0.28436326827295816,0.13238424210268296
2014-03-25 13:00:00,DEHM_noBD,0.2268579889930458,0.2774290823844383,0.4568524575992385,1.7694847790181054,2.901805871974679,2.0837772341311736,1.6012179584568835,0.3109192939908429,0.08827392037741269,0.25817281431833733,0.1469044955827994
2014-03-25 14:00:00,DEHM_noBD,0.1383818219355003,0.26790705631820166,0.4618981801923105,1.6103673730131525,2.59403287365684,1.7988017261670315,1.5235029309786372,0.29658103007993664,0.07154305734525548,0.2343349452264233,0.156803669416654
2014-03-25 15:00:00,DEHM_noBD,0.09723503490524354,0.1856788224668493,0.4396681588370879,1.5464104908750238,2.380812305221692,1.466119087147861,1.3938905009369569,0.27206383871305256,0.06222271442069305,0.17933181577309032,0.1647454327551111
2014-03-25 16:00:00,DEHM_noBD,0.08762985364745819,0.18074473767595794,0.3467409805659909,1.3920889354076993,2.0567136052608594,1.3168058397201314,1.2821906155769303,0.24694953672693812,0.07509108782725679,0.17690929865579108,0.1693435853366413
2014-03-25 17:00:00,DEHM_noBD,0.1048420597122608,0.20357283366813284,0.30887556158792834,1.3073979104533053,1.5477428736331431,1.230616787902634,1.2801440583809611,0.18718758941672464,0.10772500671035012,0.1262560303039358,0.15896657984307314
2014-03-25 18:00:00,DEHM_noBD,0.11993802332410577,0.1584284801099632,0.24291933118785836,1.413426851039115,1.2693996463829498,1.2492415828399301,1.425356473254566,0.13868073722980323,0.12606158634682818,0.14012941933941075,0.1354235272746447
2014-03-25 19:00:00,DEHM_noBD,0.13144573940483842,0.10999141025687377,0.18989822016259367,1.6439123332279915,1.2857672432812197,1.4604480796372024,1.5320525152247026,0.12424831177247748,0.18234987432026062,0.14116916569601723,0.13021938442857683
2014-03-25 20:00:00,DEHM_noBD,0.13744539955358942,0.12400883321860615,0.19230935417465878,1.7346172269934381,1.4639512502265628,1.826176887744221,1.5497434654676652,0.12852615048857274,0.20264131240605365,0.15593368342481545,0.14441404484514248
2014-03-25 21:00:00,DEHM_noBD,0.16041209132630369,0.14850045870998502,0.2267809784167802,1.818336518320233,2.231094684269121,2.1858597859367364,2.1346332274832927,0.13371816435586517,0.19562541158943414,0.23437171591948702,0.15508232440933492
2014-03-25 22:00:00,DEHM_noBD,0.24197671250045288,0.16397177915563554,0.2187509316409577,2.3044362019081928,2.9372120045760153,3.1568018611325668,3.07946185072214,0.13829071099449278,0.20244316491097208,0.32041731849074345,0.18878011437059605
2014-03-25 23:00:00,DEHM_noBD,0.36098259232096364,0.16896607587723983,0.17191797996348923,3.026855838493973,2.9533844441852497,3.7524179843106102,3.3321024640905645,0.14527298647752102,0.22904301680842393,0.3594036004588007,0.23467238265624873
2014-03-26 00:00:00,DEHM_noBD,0.432170047654286,0.2007761024862807,0.16087237035700447,3.2619873738100367,2.838478622205922,3.646022815545204,3.1266596699783347,0.15827740622449196,0.29727163607966134,0.29873046676710246,0.262395481066798
2014-03-26 01:00:00,DEHM_noBD,0.36999599906891567,0.31342971870424685,0.2380021710639399,3.193209317736755,2.7378902367368667,3.2202679894621347,2.4570252654416804,0.17779878292780357,0.3962727734488737,0.14255674515713,0.27103673851295124
2014-03-26 02:00:00,DEHM_noBD,0.20112815090149627,0.4504641370621974,0.35447743198696285,2.7716730773225584,2.415449387455451,2.636125255160039,1.9783352594993269,0.20743434050280585,0.5766833362467354,0.12792476121000929,0.28370544560707317
2014-03-26 03:00:00,DEHM_noBD,0.14635648216607042,0.566466163960935,0.490135943487659,2.3655293474206442,1.7926873553343021,2.363294495620108,1.779429133476335,0.23581324876181764,0.8334716579731553,0.17433256738867597,0.28671119977286547
2014-03-26 04:00:00,DEHM_noBD,0.17940443210642765,0.48053891579801666,0.6299247333321184,2.0632559021554844,1.3893319618520794,2.0213094362392345,1.77523254927788,0.22801961404066518,0.9664820556510798,0.1748026224803365,0.2820127846967637
2014-03-26 05:00:00,DEHM_noBD,0.20960456419419488,0.25449622904398933,0.6555015907149679,1.8208821611002153,1.1693933287210156,1.5879641138739053,1.7693652183613646,0.23558651659011826,0.9426989533226844,0.21889055049475276,0.26840089234931264
2014-03-26 06:00:00,DEHM_noBD,0.2586324037621915,0.14750762057804495,0.4512624468498677,1.743240136546416,1.0883122145312698,1.2907477124691953,1.4978188716562302,0.2894272466895728,0.8221088715126597,0.25340803830309755,0.23072895443683367
2014-03-26 07:00:00,DEHM_noBD,0.241465885011507,0.1391043664546287,0.2340828927291626,1.7485782155492544,0.9996233643298409,1.1140653549422501,1.2107550641232672,0.3173404783066547,0.6723742325298114,0.24398928034287098,0.19742754611608093
2014-03-26 08:00:00,DEHM_noBD,0.2588284929302427,0.1724349302918648,0.17555349978750087,1.6236953819961468,0.7714010644501726,0.9953202511748095,1.114954373950042,0.334014066809602,0.557153475554902,0.24965448726792694,0.1836345907796964
2014-03-26 09:00:00,DEHM_noBD,0.26049469041780315,0.20400651165126804,0.21857931597785657,1.4747564449185626,0.5236010326039069,0.9214780384271726,1.0656861781474256,0.3463565647776423,0.5191195945659745,0.27187912768914013,0.1976857753376662
2014-03-26 10:00:00,DEHM_noBD,0.304146938485878,0.23193749991175247,0.26275190547223193,1.3817559191313182,0.39045336779989054,0.8537406563746311,1.0592754454127356,0.34522084255440155,0.5258882545716874,0.31491027771600155,0.22925957623003038
2014-03-26 11:00:00,DEHM_noBD,0.35932871935473515,0.2620523921889695,0.3147750921830639,1.3641412497661491,0.3263369396878173,0.8139344746443157,1.0871517717884847,0.34648905382208517,0.5437041271732002,0.38029723482798544,0.26351221422384474
2014-03-26 12:00:00,DEHM_noBD,0.441375025726619,0.27965373400484606,0.43813374030039975,1.4403332730271732,0.3235108564334548,0.875720463122595,1.1640370086522476,0.3292009570104627,0.5460531501270084,0.4428396561124046,0.2990422464241179
2014-03-26 13:00:00,DEHM_noBD,0.49049412195687414,0.2996751474621768,0.4548088060425436,1.5045021112207086,0.35805174461163103,0.9711478172512775,1.2006824400865856,0.28156519851878276,0.5755264144425511,0.48334504985298243,0.32100057576980423
2014-03-26 14:00:00,DEHM_noBD,0.5615834169494389,0.37163023529737127,0.44448379866320187,1.5304415567475231,0.41868153910720246,1.086851494627688,1.2560628702519874,0.23407070171188554,0.5778936359062534,0.4856469861596077,0.334145072103613
2014-03-26 15:00:00,DEHM_noBD,0.5420677916970386,0.5000133504993597,0.43868223051732513,1.641645007858136,0.5048434943199203,1.153737448448894,1.343974504842023,0.20306401748422526,0.5622671107314107,0.4942867274588055,0.33721764839946633
2014-03-26 16:00:00,DEHM_noBD,0.6124064457070538,0.5859960431401026,0.4506441858512671,1.8011276405586614,0.5974940538622252,1.1709589565478837,1.40482812589537,0.18461736409530038,0.575758373876204,0.4752718390368754,0.32618061013302524
2014-03-26 17:00:00,DEHM_noBD,0.752031772737849,0.6117268070314649,0.5102646889390824,1.9173152096068902,0.707214654202871,1.1324123107391202,1.462023395438351,0.16373257339026767,0.5839293413774744,0.5326838638234116,0.3090821363668278
2014-03-26 18:00:00,DEHM_noBD,0.7956617435249314,0.6578039710865434,0.5910606351616234,2.027505870515926,0.9514005650524562,1.2820107752806125,1.706017390760738,0.15303675057817245,0.5333663460188681,0.6110573203576095,0.3176848823072982
2014-03-26 19:00:00,DEHM_noBD,0.778701167344133,0.7898580028804912,0.7824718699163321,2.3493301012543295,1.2978155977368029,1.5209429153150933,2.0432843677558914,0.1600002787292002,0.567441799426577,0.6913883714927597,0.33707994570668665
2014-03-26 20:00:00,DEHM_noBD,0.79195616608671,0.9875569929955736,0.9870115380223563,2.916040612437159,1.6207816228964647,1.9065442394584984,2.3867596570666763,0.17876701791934663,0.5805295110921376,0.7693439125682986,0.37000203829787137
2014-03-26 21:00:00,DEHM_noBD,0.8344973066467514,1.2251255877480873,1.1435926913719683,3.02183507340066,1.9352593773423203,2.39088385862295,3.133811197297956,0.2139160704522951,0.5328778878657148,0.8928240449323585,0.41829106158212426
2014-03-26 22:00:00,DEHM_noBD,0.877509499253144,1.3958028678367964,1.2712449712883727,3.671655893136066,2.4822069119011005,2.940458393385672,3.666920295322535,0.2530049906830116,0.5247666768743795,1.0772207192643473,0.47030339109833874
2014-03-26 23:00:00,DEHM_noBD,0.9274466985287546,1.512934414664422,1.3991022963536313,4.4311469921158295,3.155836755543601,3.6910796510713677,4.366538235051768,0.2898481125012784,0.5202057878721831,1.2598922183299295,0.4961994616938224
2014-03-27 00:00:00,DEHM_noBD,1.0444112537118309,1.6290830857506997,1.6267417561120703,4.623094612826518,4.096703209256568,4.646831244367458,4.694671683103201,0.33491072070674954,0.508911832218992,1.1982222906615911,0.5054703715872743
2014-03-27 01:00:00,DEHM_noBD,1.1804150389830272,1.7150109183304236,1.9389058880839876,4.5125567824303925,5.26286961720365,5.158644476878337,4.73153113865339,0.3600679567825002,0.5184009492627576,0.8584611650083119,0.512994132577518
2014-03-27 02:00:00,DEHM_noBD,1.1149321537836723,1.4032435054489598,2.08846460380387,4.279606214949606,5.531621093867956,5.267472422184673,4.533058297434597,0.3586671133871654,0.5898636048065322,0.7662070539987784,0.5192056405561217
2014-03-27 03:00:00,DEHM_noBD,0.8409497911479044,1.0985739252541469,1.9707174720929095,4.167149879886158,5.384601373843573,5.13060390748307,4.40963075532638,0.37455710782206597,0.7568955684064608,0.6583121770654431,0.5282302711472548
2014-03-27 04:00:00,DEHM_noBD,0.8335274256632615,1.2617531022440827,1.8529011085371359,4.16009598636454,5.090511864233817,4.92571772243849,4.38509651443236,0.39084023631640924,0.9104401035131513,0.5411710797791323,0.5466559600803
2014-03-27 05:00:00,DEHM_noBD,0.7882680641005932,0.9699845919564831,1.3912408418716302,4.126354585232553,4.860991396571542,4.802232228724288,4.287488034210108,0.38385505905462425,0.9875409512034512,0.4735300259895622,0.5650732910554128
2014-03-27 06:00:00,DEHM_noBD,0.6265715095669542,0.8374820138788596,1.4941786100305336,3.8754402365287755,4.613232178597706,4.538732438979376,4.215788777220315,0.3691385740308975,0.9177130825945163,0.5149508152233926,0.5683034342694491
2014-03-27 07:00:00,DEHM_noBD,0.5904613725092913,0.7935715226951126,1.2670799813160252,3.6555941863789596,4.20664168644581,4.116621318156406,4.018320851387509,0.39109349309446284,0.8503726871858386,0.7243016834137821,0.5665179117205389
2014-03-27 08:00:00,DEHM_noBD,0.6137403786283707,0.8341621093515388,1.048183438254012,3.578958461032023,4.092372632638919,3.971469473809332,3.8266969761169576,0.39635150316330586,0.9202847590805312,0.8239648791627538,0.5922222845047479
2014-03-27 09:00:00,DEHM_noBD,0.7134099659163364,0.7624659577786841,1.1126204319491226,3.6455996777503583,4.0858185415412835,3.957043372031653,3.8646686958573957,0.39861331660827604,1.093271410698127,0.8154073405215795,0.6145739854210986
2014-03-27 10:00:00,DEHM_noBD,0.8671207628825351,0.819969801721723,0.9338312602098298,3.652701977726914,4.199511223443663,4.0712146714510835,3.975179849935169,0.4229543462764984,1.2098824206671956,0.9287781209848494,0.6373793230365682
2014-03-27 11:00:00,DEHM_noBD,0.8769422210718343,0.8852734125628614,0.945855438800558,3.6464544238228283,4.365675113603056,4.2750836330287845,4.125118256217535,0.47621060197485604,1.2872181912834382,1.1827671763180494,0.6543414310102723
2014-03-27 12:00:00,DEHM_noBD,0.8882204258268687,0.9562861283565871,1.0226711991681496,3.6141296594972183,4.558563822808006,4.2060796374811185,4.095014541638517,0.5606370733047276,1.3301895398819028,1.399704849038967,0.6450526196707085
2014-03-27 13:00:00,DEHM_noBD,1.0111275650727567,0.9088271283275575,1.0253779483839425,3.3752170968221664,4.699751624962448,4.10474236051515,3.8615869906975195,0.6567164779172836,1.3795198282867251,1.6971191470512421,0.6222799774485684
2014-03-27 14:00:00,DEHM_noBD,1.2152554735879437,0.8829921181298148,1.0305883389705957,3.021844512368735,4.769201142216597,3.955638709005048,3.9513292500708967,0.6907492979894857,1.3810965378940478,2.0709228260335384,0.5772561244433023
2014-03-27 15:00:00,DEHM_noBD,1.4515707225324697,0.9566069119009593,1.0261807167156856,2.8237346663971348,4.538364716903321,3.8928146419482097,3.718742883076009,0.6607440764369441,1.3900298560124886,2.2726355742362365,0.500437761611783
2014-03-27 16:00:00,DEHM_noBD,1.6681621821886576,1.0806612689462318,1.015172374468956,2.831949203802182,4.345485623916919,3.8393934985241946,3.7048217331202045,0.6158248942871019,1.4347717354786418,2.4618700346837823,0.4311936478865592
2014-03-27 17:00:00,DEHM_noBD,1.9350295818286032,1.2498799684755886,1.0372913527674068,2.9256108589094403,4.177648791864307,3.9063321384057206,3.558069676426327,0.6034137346528512,1.4901524236161423,2.703157170805408,0.36399427634616066
2014-03-27 18:00:00,DEHM_noBD,2.223185874212491,1.4120633343721716,1.1938687800105923,3.0660427674556594,4.088966028929993,3.865957117115845,3.5018663159140093,0.5700208159862458,1.5692301858122462,2.9914362093238767,0.33508543976551225
2014-03-27 19:00:00,DEHM_noBD,2.5468593498166774,1.59716132164347,1.349957433891197,3.313792860618813,3.9208532592015755,3.8232420558930365,3.6241374580014254,0.5500670531154981,1.5947586908483506,3.0713600904818854,0.3150866940108659
2014-03-27 20:00:00,DEHM_noBD,2.881458788389078,1.8822353038317634,1.5347871341670851,3.4257545600771766,3.847369358694734,3.908414381793829,3.694295096017531,0.5612631220249458,1.5909601522173735,3.075641268381318,0.28340316110881997
2014-03-27 21:00:00,DEHM_noBD,3.0687874543243665,2.162302091891976,1.6977557285968548,3.5588006459493697,3.994271707865442,3.996565587366317,3.795897031878386,0.6077096124490443,1.5713669638641177,3.097605262303194,0.25279649963549333
2014-03-27 22:00:00,DEHM_noBD,3.0924285116737127,2.3772900787963116,1.8658350527413106,3.643299962349922,4.145911109255866,4.111106420146461,3.827958544626959,0.6938104956924471,1.3845747000698558,3.091951441138135,0.22455640781842579
2014-03-27 23:00:00,DEHM_noBD,3.0647584598761237,2.578449801689466,2.152992079249811,3.7495410700286227,4.197757948303014,4.206646160854277,3.9460606189513627,0.7715958620376884,1.257734083866931,3.1078381691335517,0.1984950802586821
2014-03-28 00:00:00,DEHM_noBD,3.027055819258571,2.82341654548305,2.412126814016378,3.8916791331146317,4.280465335156872,4.316893705801792,4.082049612773149,0.8321293398904055,1.2664949990666254,3.12225891193592,0.18217431394809086
2014-03-28 01:00:00,DEHM_noBD,2.9936349773904007,3.1021773743988517,2.6208189757755376,4.036801114054964,4.353143391561325,4.433026110985562,4.253236432650473,0.876233319044709,1.3733887286591326,3.057591426877119,0.18215024579423422
2014-03-28 02:00:00,DEHM_noBD,2.9395952490548662,3.2659779891102274,2.811646650993571,4.131676962065784,4.386086124228918,4.555357442148565,4.426167842789545,0.9211807085733488,1.4749730739573126,2.974728103662506,0.1969801223263225
2014-03-28 03:00:00,DEHM_noBD,2.9278628473324355,3.275309422454282,3.0856028782990617,4.192050443656932,4.459707016646736,4.669375851621232,4.544979194587249,0.9561256963524967,1.5707355091919033,2.8628458270657804,0.22261013289992115
2014-03-28 04:00:00,DEHM_noBD,2.9161678661407437,3.1719197365105893,3.3979235259455915,4.188305699880816,4.527852764419306,4.761846389565024,4.597476141785294,0.9807450141618401,1.6311676208287906,2.6621288954407163,0.25484582729302696
2014-03-28 05:00:00,DEHM_noBD,2.913889004115765,2.8904842363635344,3.601064315478154,4.148410584097423,4.582717626596647,4.825547380412539,4.653534463181612,0.9934435786805862,1.648514085759956,2.5105234205891938,0.289975720522694
2014-03-28 06:00:00,DEHM_noBD,2.8653099574660548,2.542837513138289,3.674408018516093,3.9223199124057215,4.609391036466833,4.59766038347924,4.4832968917193545,1.0149887983772974,1.560590213500117,2.374778569487594,0.33518783067674307
2014-03-28 07:00:00,DEHM_noBD,2.736732629358724,2.39272478224145,3.4059262820802587,3.521317704840317,4.438299886088285,4.128303755602234,4.060871955147193,0.994986258535789,1.452424654100756,2.2600596371164174,0.3551842367232042
2014-03-28 08:00:00,DEHM_noBD,2.691591043744355,2.459882939090894,2.9991518437947144,3.4153624655283528,4.215337528176927,3.9393239621831286,3.9197826244855483,0.9837721440463351,1.3647262294567934,2.2498042554177715,0.3650669051754496
2014-03-28 09:00:00,DEHM_noBD,2.696529953353023,2.554407254020671,2.522181261670149,3.4952955862262827,4.087717036170798,3.932469602276251,3.985277487302809,1.0001991488337703,1.2614774610560153,2.1513404760121695,0.3786430837728967
2014-03-28 10:00:00,DEHM_noBD,2.6651104440721687,2.5710147631101856,2.4721528721153807,3.6825221561178205,4.14591039866392,4.108243916364012,4.19970280185748,0.9809659332545846,1.1023519002046203,2.1368275217260235,0.39036455829630123
2014-03-28 11:00:00,DEHM_noBD,2.721905507168686,2.5857743468134657,2.6724039073076478,3.860756037727219,4.330694396358915,4.418045192788693,4.492573804294271,0.9388901813944615,0.9337539237098862,2.077865584086254,0.38492835854438123
2014-03-28 12:00:00,DEHM_noBD,2.674922148733093,2.5424041938103024,2.7848641704291044,4.0194986011101195,4.658027531378476,4.744222042396412,4.72445240605726,0.8729407922293245,0.7988026815343648,1.7861243965814821,0.3749284631501369
2014-03-28 13:00:00,DEHM_noBD,2.5348917219514266,2.5644457159360057,2.7869310299748418,3.9946333576558333,5.082201344098156,4.9295996493370255,4.6524439676500595,0.8516488815041072,0.6971502418478623,1.4121691208278668,0.37144812867263444
2014-03-28 14:00:00,DEHM_noBD,2.335673703573975,2.5088215959609825,2.8967735231670346,3.724288609252585,5.385804845577573,4.931763863231622,4.201419943163419,0.7938469545398465,0.613120863857225,1.0903620736937318,0.364301675621434
2014-03-28 15:00:00,DEHM_noBD,1.9498780315783666,2.462339574705558,3.01793969879325,3.2443633254864666,5.346184782786638,4.5722697029745465,3.8307363527039335,0.7340273720420664,0.5677233569305502,0.8612299064717354,0.3557486245287791
2014-03-28 16:00:00,DEHM_noBD,1.5168946727854222,2.44127670684661,3.0019441436955945,2.8960522612738755,4.9201215366001545,4.176390776030324,3.652759353250928,0.691951841374085,0.5326922177528135,0.7923405799074488,0.35116783332328855
2014-03-28 17:00:00,DEHM_noBD,1.1131782714239502,2.5479533484278596,3.0081090188628634,3.0245987359921678,4.351401971813764,3.9522123793039405,3.6729301506353034,0.6606755874913353,0.5127445793039979,0.7952208822205213,0.374974508431172
2014-03-28 18:00:00,DEHM_noBD,0.9813629544438089,2.6023356543113074,2.9921680358530667,3.2176943084271903,4.251892401800016,3.990728586995602,3.6507305043926754,0.612091064264948,0.5961085000640933,0.7578176148549607,0.41117672814163075
2014-03-28 19:00:00,DEHM_noBD,0.9680070064051035,2.5093754594032878,2.926374057186207,3.5846103509982523,4.368935273344117,4.129294232334816,4.188297824631842,0.5620103012057377,0.7561402209580292,0.8785127354599469,0.46728677230977045
2014-03-28 20:00:00,DEHM_noBD,0.8047007009555062,2.402148033895741,2.969566611113276,4.234638851984046,4.56938928433571,4.575329023648898,4.938522680278719,0.5159330980273558,0.8729021193904205,0.9631798061798635,0.5535399762716975
2014-03-28 21:00:00,DEHM_noBD,0.9017816213902219,2.168964861920797,3.0296671122854235,4.588079505056475,5.155461650848692,5.235888189877569,5.172013816446016,0.495188471025991,0.9543479758205802,1.0217934749645146,0.6556060201266473
2014-03-28 22:00:00,DEHM_noBD,0.9420328657353145,1.676686390222677,3.038676617037299,4.7634582572591855,5.627765868193035,5.593163915048681,5.348686494478066,0.5035920928302177,0.9603434430032373,1.0468472763887284,0.7637777870497913
2014-03-28 23:00:00,DEHM_noBD,0.9265925753774027,1.2813094913324004,2.8910159963845907,4.939645540723894,5.915085594231439,5.804949241169508,5.552843389655584,0.5501077621558673,0.9053071716606985,1.0681460315041742,0.8688510298954073
2014-03-29 00:00:00,DEHM_noBD,0.9625898196888353,1.2576962601420254,2.7457897765868022,4.956055986996701,6.163834269379384,5.973245155529097,5.747392594770268,0.6118770910410809,0.8438751955368344,1.1096511750808336,0.9602271636409498
2014-03-29 01:00:00,DEHM_noBD,1.0404803656547272,1.3377950552333482,2.6410905031875513,4.903348056932903,6.186495004722763,6.057771938677548,5.759719583243443,0.6754167276216916,0.8301627800134739,1.1501762130079738,1.04803860469607
2014-03-29 02:00:00,DEHM_noBD,1.0736510526300094,1.3795881503797731,2.561665212841457,4.785053496965265,6.030686449979917,6.127185939884415,5.396764044110588,0.7392575327993511,0.8304972835832783,1.1871531382083151,1.1191654227432823
2014-03-29 03:00:00,DEHM_noBD,1.163194851416701,1.4133741832660245,2.3300759102738953,4.659553126710271,5.746862939602286,6.058449767813868,5.250149329098389,0.7872113436557836,0.8469191311995352,1.219930533422085,1.1529247276082961
2014-03-29 04:00:00,DEHM_noBD,1.2563797540524078,1.4889109051552514,2.142495650188862,4.342940467636026,5.692578648105338,5.794418624795415,5.105952636768333,0.8130749836366427,0.8400449311094591,1.2622915338794816,1.1115170927956655
2014-03-29 05:00:00,DEHM_noBD,1.3361530077846842,1.5286506587699198,2.1391657729225235,4.30576240753077,5.7874603317293145,5.738921731932387,5.020859919898622,0.8284048347767122,0.8312954846556495,1.301537539480409,0.9987470913843765
2014-03-29 06:00:00,DEHM_noBD,1.387200792174383,1.5260754072462808,2.1925128893690764,4.333600867073536,5.7410323791587725,5.591964350413979,4.880282033944857,0.8363182157442275,0.7080451062266038,1.2357497628610068,0.8068770874512428
2014-03-29 07:00:00,DEHM_noBD,1.3926598793324767,1.5438365412694233,2.314439133508105,4.28808647852255,5.562158685441334,5.305134073964618,4.637137910760809,0.8330205932076498,0.5315962647996537,1.151187628568021,0.6618215198856637
2014-03-29 08:00:00,DEHM_noBD,1.3969579089905229,1.5905764982877781,2.4253621824396463,4.3235731335552785,5.3166769022504194,4.9556211212287655,4.434280407808218,0.779040128331813,0.37289564542215303,1.1244718826202826,0.5732876309907458
2014-03-29 09:00:00,DEHM_noBD,1.4283384145482396,1.6297242832351504,2.640092034625921,4.66178947363972,5.052057145601073,4.682214514816851,4.30957990200295,0.7299942179932257,0.2697866186757617,1.128872135478866,0.5319247171800454
2014-03-29 10:00:00,DEHM_noBD,1.4959854112790152,1.605246701904342,2.85581431210852,4.978618175750172,5.003671550132793,4.961537727557789,4.8958590756907,0.7081005197641951,0.2167017008906369,1.115533275380996,0.5509183166004996
2014-03-29 11:00:00,DEHM_noBD,1.5185575840020622,1.7317883962111151,2.9577224271366784,5.241265304141937,5.283953399655103,5.427438270577313,5.426557679729269,0.6705331796811985,0.1899328091447101,1.12689222203359,0.5877838704829104
2014-03-29 12:00:00,DEHM_noBD,1.499089027474767,1.7517995472540264,3.0074292987097255,5.28005121654477,5.62635651915684,5.769990006745583,5.607350143631331,0.637773305429276,0.17213655115398907,1.1176082492192696,0.6341397314764873
2014-03-29 13:00:00,DEHM_noBD,1.4145481657109968,1.9003463806125813,3.001407928402533,4.895785326782141,5.905787895923046,5.920491245796068,5.474735627978506,0.6293573422203584,0.16457092982060037,1.1142390676893876,0.6741806994917336
2014-03-29 14:00:00,DEHM_noBD,1.3649481914345432,2.1341635167050192,2.9249643227455095,4.333951558200402,6.0189845396343555,5.519617283312158,4.604310896145978,0.6476667565734113,0.15655355454046266,1.1287193438678291,0.6981226374022336
2014-03-29 15:00:00,DEHM_noBD,1.4293041642025783,2.5826752936948365,2.795896906745278,3.419882810874383,5.790893210934831,4.804985977255159,4.041149404007563,0.6641434314884057,0.15141855705175097,1.1426530648657698,0.6965369502858241
2014-03-29 16:00:00,DEHM_noBD,1.4921585435449551,2.874382861606767,2.8657897594863986,2.8897131262946196,5.219952104577054,4.305235623405461,3.621811236192868,0.6788535032064545,0.14472678984887963,1.1806568756196905,0.7095792804905687
2014-03-29 17:00:00,DEHM_noBD,1.7063583597660164,2.9761179306669727,2.9721062862119743,2.842562896149952,4.762598478279094,4.509434593377802,3.5427290122866095,0.7068984696024306,0.14858630215174126,1.2633118122594251,0.7433289668663003
2014-03-29 18:00:00,DEHM_noBD,1.9394418153471205,3.006938713775273,3.2586230984142097,2.763201112345112,4.690286384242983,4.869834862503652,3.253986071804588,0.755881280818452,0.1644587852073188,1.3994443922187305,0.7609536158677747
2014-03-29 19:00:00,DEHM_noBD,2.2314831022384913,3.0885276039777456,3.5455122601302334,2.8071321434071095,4.964983584464228,4.6516456651762015,2.9030829336707136,0.7981366158706348,0.23510093836678428,1.5573785926263704,0.7591807429078995
2014-03-29 20:00:00,DEHM_noBD,2.3858064881034746,3.265199650274884,3.8370610871551944,2.8298053850974707,4.911303065353636,4.346833785065797,2.855148352746153,0.8055052360202158,0.3598877086456416,1.671568234382689,0.7363384611131338
2014-03-29 21:00:00,DEHM_noBD,2.5062386676321804,3.617498395513681,4.16828329490197,3.0298202311831184,4.765953672730666,4.123202681686985,3.3304144231101374,0.7729094105041354,0.5054757298905341,1.798411924829852,0.6887737942567155
2014-03-29 22:00:00,DEHM_noBD,2.42733678991318,3.9458759450259038,4.498248431610129,3.0847784606537605,4.687031841721712,4.175095010592292,3.646495169339154,0.7226794936231922,0.6743841167373834,1.9791385730082711,0.6265359933330497
2014-03-29 23:00:00,DEHM_noBD,2.5776341522697868,4.255697196378314,4.7603496376914,3.0302792236445404,4.808706843431911,4.502606381219041,3.6501011035049444,0.6659777589086416,0.8686891624677402,2.161265427219093,0.5556460594128843
2014-03-30 00:00:00,DEHM_noBD,2.7944538206065683,4.639434770936176,5.1729816026640725,3.151304711943588,5.120601593132565,5.156693707843444,3.649695405617396,0.6296588404111729,1.0973140458794979,2.34134778282621,0.4888947254756156
2014-03-30 01:00:00,DEHM_noBD,2.966729594973478,5.153903228474935,5.444087964596492,3.4736450190283263,5.732884891888131,5.964491088445575,3.8928756226841807,0.6156001784481477,1.3633252427689764,2.5059297473661686,0.426174785122202
2014-03-30 02:00:00,DEHM_noBD,3.1357411906655748,5.688297693958422,5.705672179425814,3.8653227619439816,6.650865608150139,6.6938762593553465,4.256954596136013,0.5997502458293746,1.6370851365123351,2.6490031216215653,0.3665268310254774
2014-03-30 03:00:00,DEHM_noBD,3.2986656252392423,6.141208290699017,6.067834312969535,4.207753588963696,7.670454015450938,7.278718145758083,4.707166508266482,0.5718585027662473,1.8818609434229907,2.7450072887944543,0.3182840138117988
2014-03-30 04:00:00,DEHM_noBD,3.429170627656201,6.434202632111833,6.243735939259787,4.474145290510459,8.54274212375762,7.722474761299668,5.148139535981226,0.5650769534515707,2.0598622335590853,2.7959034702451753,0.28373726989723114
2014-03-30 05:00:00,DEHM_noBD,3.4740886640875335,6.580537150557629,6.139360762869353,4.623525307589485,9.020635573695612,7.9320158291746194,5.474639107403246,0.6295267858474032,2.1758335420404564,2.772493644150945,0.24447981053807233
2014-03-30 06:00:00,DEHM_noBD,3.407236126074549,6.1530890447941,5.851788631794958,4.505203989973465,8.694328873228558,7.515323731877029,5.270537647018142,0.779559919470278,1.9790397838787595,2.441875075252892,0.19324513181537029
2014-03-30 07:00:00,DEHM_noBD,3.272476042996198,5.614119201784627,5.493379962029813,4.478039547368223,7.718353806897011,6.591753619853222,4.954682504981277,0.914157730850894,1.7905747028578094,2.219321017314914,0.15575623319196152
2014-03-30 08:00:00,DEHM_noBD,3.23974339314661,5.751582257275374,5.227533881730626,4.807252824590477,6.933123144027245,6.011095239303801,5.090095902968002,0.9327486285449935,1.6485670507839885,2.138939981845999,0.12956462864295562
2014-03-30 09:00:00,DEHM_noBD,3.285067782843003,5.775518792951194,5.1281439682471355,5.1105813186377445,6.345659985623693,5.685841647475168,5.391530895422307,0.9052821738141494,1.4499942191660427,2.110775535260327,0.10724684818144871
2014-03-30 10:00:00,DEHM_noBD,3.3534578288141534,5.859368655881499,5.02078935668419,5.482628561220737,6.022055471849779,5.793570315333581,5.787763439754279,0.8977882240938394,1.2465983906690634,2.1345412236201113,0.09066697488222489
2014-03-30 11:00:00,DEHM_noBD,3.4604528792606692,5.961229803212257,5.02601658012681,5.82156491976707,6.031804097014074,6.1053654345847095,6.242206731223693,0.9067187552180467,1.1610636692300114,2.355301959981895,0.07862511339247222
2014-03-30 12:00:00,DEHM_noBD,3.5613831337498487,5.740146242636859,5.051252045488218,5.643282619965035,6.296226043389052,6.021625985904757,6.020313301308034,0.9194341969448864,1.1915083626410294,2.7313265769281054,0.07561872598208236
2014-03-30 13:00:00,DEHM_noBD,3.68628051723419,5.370093848883421,5.155997280344709,5.252823635484721,6.5936002809767675,5.983899937728692,5.723235097242867,0.8756465277830021,1.2355013897769247,3.071478468488597,0.07432280111937775
2014-03-30 14:00:00,DEHM_noBD,3.8497818148446177,5.011856449537314,5.150475255573644,5.29350488022283,6.775569241630932,5.8456238126665445,5.679586697819677,0.8022772309454635,1.2851590287437662,3.2757965573574426,0.07234196931808949
2014-03-30 15:00:00,DEHM_noBD,3.92877298010579,4.544805115736308,4.661598672630284,5.351646482999665,6.6037906222441265,5.772568122765601,5.66164079816282,0.7331524228363397,1.309537828271147,3.5251772302292936,0.06965802486669895
2014-03-30 16:00:00,DEHM_noBD,3.991643725755141,4.427312137305352,4.555646710290557,5.061399440144543,6.742361127315944,5.592969089660047,5.7820154146318545,0.6553577485120111,1.274637653363187,3.6539224176439937,0.06676154992084184
2014-03-30 17:00:00,DEHM_noBD,3.9914281969813876,4.731982897957129,4.9416606434076735,5.721894037577688,7.025770599535548,5.565687203952955,6.4138585898220395,0.5547895364107198,1.2946625964224272,3.7702512145956573,0.06421381133539211
2014-03-30 18:00:00,DEHM_noBD,4.058016188217651,5.577526130003387,5.183066030500043,6.347118074338833,7.2180595327337365,5.620041076386892,6.962631078250411,0.5012153368001023,1.511626404391638,3.9174751925361715,0.061052879053841186
2014-03-30 19:00:00,DEHM_noBD,4.110165228398528,5.889100745288616,5.137004057402239,6.860621248274275,7.301938986235894,6.821355009830152,7.36030738800145,0.5698514251772283,1.6374832545593758,3.890021874754282,0.059821250808722214
2014-03-30 20:00:00,DEHM_noBD,4.181116307199605,6.019884679183654,5.347395017264765,7.27955495337849,7.7029368575138655,8.279801769399281,7.209921293393405,0.793815933339793,1.6715714555649892,3.9900368315971337,0.061162961096354856
2014-03-30 21:00:00,DEHM_noBD,4.249892393358042,6.006212935957855,5.514648036697693,7.476961283755818,8.38827115600982,8.974407992342375,6.738718550510035,0.9903373300299584,1.702393656244501,4.111823194466425,0.06816228026275076
2014-03-30 22:00:00,DEHM_noBD,4.283578165505632,6.290890897015265,5.193101484401599,7.129873322093831,8.898769388055799,8.862047637639026,6.2989941061354875,1.0428968650168786,1.7267152834483537,4.161394645292139,0.07989580418298675
2014-03-30 23:00:00,DEHM_noBD,4.261220154257343,6.818079150825052,4.749718033333076,6.791805581902429,9.156651367341565,8.50154788561632,6.186625326971097,1.032585313201749,1.8401513386524502,4.232641656372175,0.09401801187772124
2014-03-31 00:00:00,DEHM_noBD,4.233220169893066,7.4289858467098275,4.406786407229724,6.583432879463821,9.367796044121793,8.276962174411054,6.580013077011771,1.0338981243587198,2.060514323711225,4.2518471437403775,0.10305417716958243
2014-03-31 01:00:00,DEHM_noBD,3.9659956900338273,7.427635152040901,4.098173586525908,6.5727896589781905,9.555858582511776,8.182312493441804,7.560744721360081,1.0560553521058602,2.2898855081419107,4.232264054196575,0.10346333094109145
2014-03-31 02:00:00,DEHM_noBD,3.624847645518556,6.84386009541554,3.752572084506797,6.87053080503326,9.395738280685741,8.194409180738475,8.74409174927371,1.0534748244207401,2.432326915645458,4.209540167029916,0.09559878574609848
2014-03-31 03:00:00,DEHM_noBD,3.2912076681517437,5.869640787210206,3.2470953626248242,7.493404969393133,8.984798643107304,8.376486414169344,8.993520009329394,1.0386531066336369,2.533585688909457,4.421537763251421,0.0876396796289669
2014-03-31 04:00:00,DEHM_noBD,3.031312806689255,5.036466926849666,2.8344530202320684,8.214058850350007,8.569146656340267,8.457818119629874,8.471186517918454,0.9008623031096528,2.5782841510969785,5.221273516672356,0.07682778269252753
2014-03-31 05:00:00,DEHM_noBD,2.924983162674643,3.8719244257056955,2.4676767109967397,8.87027425676731,8.285723834591098,8.08575344600839,7.869568193774655,0.6542862890815893,2.5635270059305904,5.846030715718908,0.0595805551851336
2014-03-31 06:00:00,DEHM_noBD,2.809045871365741,2.590979500378864,2.582068943325332,8.51305786801981,8.062835334764756,7.689089741946963,7.793820599926959,0.4569765754728823,2.2558367615251558,5.172689360604774,0.04291586927107582
2014-03-31 07:00:00,DEHM_noBD,2.6563913264484333,2.1131155508241313,3.0551228955808285,7.95009201988311,7.633282363078623,7.347052098313399,7.456708724546484,0.33389165988869546,1.8612409756860488,3.6746441889045296,0.04019460286145344
2014-03-31 08:00:00,DEHM_noBD,2.611906385162696,2.148911907400715,3.09401651287623,7.585406566639107,7.241491835578645,7.064080947241383,7.013194247506787,0.26048661800062217,1.5543290998040513,3.129555412748947,0.04106020962903084
2014-03-31 09:00:00,DEHM_noBD,4.3011451228257265,2.234452612847278,3.018530433450937,7.450731438322997,6.922373068502652,6.691320587054649,6.790877323216619,0.23136880656157027,1.2731072535552923,3.23591296232136,0.04557527781736912
2014-03-31 10:00:00,DEHM_noBD,7.214022876373865,2.112325900394684,2.4072978559180793,7.6805789105354405,6.635442353250522,6.623144518208638,6.728071295869318,0.23385749437257178,1.0472266938667303,3.492107001491245,0.049907069313288505
2014-03-31 11:00:00,DEHM_noBD,5.442980265670564,1.9593673040115323,1.6857261895718287,7.737438798039313,6.359029716985215,6.902018189253258,7.024082031629147,0.2446676778110022,0.8730790707845532,3.200800460247248,0.052767010050349436
2014-03-31 12:00:00,DEHM_noBD,3.9120826740386727,1.8520392052190764,1.4109584504982666,7.270882052758293,6.708226029761337,7.470553670320828,7.179257500980541,0.2542092912036249,0.722401431246964,2.872224579750616,0.055446368214588114
2014-03-31 13:00:00,DEHM_noBD,3.146890560160795,1.7965316829953348,1.269816756743712,6.981029320304748,7.237696985823495,7.961958229821285,6.757005117683155,0.24889182295074674,0.5750386722901124,3.637403625290226,0.058403154096237725
2014-03-31 14:00:00,DEHM_noBD,2.8971107109714613,1.5952851340485736,1.2689195120846484,6.531880845636648,7.582753446815563,7.632547038594731,6.2964098539574564,0.23770364853218068,0.45154023966893875,3.854251763439006,0.060090159774346855
2014-03-31 15:00:00,DEHM_noBD,2.6990632299822703,1.6924709119035106,1.3244012551888515,6.236659351048271,7.582806718174013,7.097779675912199,6.087742917656261,0.21364786243258094,0.36523036427934963,2.986793979964363,0.059564262788661705
2014-03-31 16:00:00,DEHM_noBD,2.210740562845096,2.158091038886282,1.2077062511913295,5.42018205723096,7.523421694779659,6.816972937260037,5.83556757771915,0.19576402235789644,0.2794457961857909,2.4842686721884775,0.05584136893169706
2014-03-31 17:00:00,DEHM_noBD,1.2546463838744537,1.9941040703698971,1.1006402510774844,5.281463613106863,7.411367248065659,6.961433199569337,5.915840443288014,0.18301227832973171,0.1802985166146947,2.3290211519291795,0.05544776717225367
2014-03-31 18:00:00,DEHM_noBD,1.0361152531173219,1.383032900840344,1.3886651942241146,5.382282276349032,7.536280394366003,6.952925778276507,6.226322254702535,0.19360555171583596,0.12352040221555619,2.0559111296167463,0.0577969656446284
2014-03-31 19:00:00,DEHM_noBD,1.182199133707364,0.8988776306692988,1.5647531546106461,5.373873515802002,7.54968145269566,6.942692578238839,6.343823126344996,0.23078488779451223,0.12565258233319082,2.1043258371013134,0.06419415130344845
2014-03-31 20:00:00,DEHM_noBD,0.8139519928660452,0.7142114033212801,1.3903604893983355,5.782668245230967,7.680915532286339,7.258970162492956,6.237197829501511,0.2867335452966949,0.17570286817700842,1.0155246228457602,0.07189975253166961
2014-03-31 21:00:00,DEHM_noBD,0.8438848739562335,0.689376349653178,1.618181025193394,6.241170133342749,8.064811829561254,7.382122522396131,6.767536372872964,0.3386312471968028,0.20000616863598578,0.5953271075659378,0.08030599022260586
2014-03-31 22:00:00,DEHM_noBD,2.2521223645583652,0.7316227328474776,1.6349194656070862,7.032071466593344,8.33929890813009,7.459753058672767,7.369791258624955,0.3959262353423308,0.20921016597076736,0.5224042473432643,0.07512849846061667
2014-03-31 23:00:00,DEHM_noBD,1.3158201068215676,0.6689751411774449,1.2587820526097184,8.049790277543359,8.421397236339708,7.962166869427663,8.00384998268901,0.4604157147596945,0.25244672693543097,0.5033478730653695,0.06443416091565246
2014-04-01 00:00:00,DEHM_noBD,0.9636692884941753,0.6347799597612505,1.209980807441661,8.748968638857901,8.924039281394577,8.960227071097412,8.858657500750763,0.5106102789206141,0.32992930741821425,0.5044787948867523,0.05358133968492762
2014-04-01 01:00:00,DEHM_noBD,0.9719132802108552,0.7752510804830416,1.1855481816956477,8.64229902321233,9.779219094071077,10.117613859827724,9.737284942457316,0.44201686017109504,0.4222550365224654,0.6185513917196819,0.03954246293115736
2014-04-01 02:00:00,DEHM_noBD,0.9684431682518934,1.4655786747773827,1.1236183477058685,7.939635094253884,10.577515145399413,11.225250310520696,10.105917369680993,0.3728517368444731,0.5072215796112036,0.7248091710136295,0.0367752225879322
2014-04-01 03:00:00,DEHM_noBD,0.901192466317109,2.0116798775725044,1.0660601870240616,7.726853608676214,11.624457598302616,12.411706117735976,9.704672345420976,0.3539919729083253,0.5738028286865501,0.8837230803277181,0.04184757601509782
2014-04-01 04:00:00,DEHM_noBD,0.883004247355081,3.3700059376670377,1.0814127232814168,8.731725475563557,12.966259422330321,13.90578840813395,9.358199825795092,0.30931595050813976,0.6168393321165246,1.0515551551398121,0.043963116756244355
2014-04-01 05:00:00,DEHM_noBD,1.0011091979211144,4.089593172763177,1.2147398127123017,10.85288305301143,13.914687657383233,15.517963799705853,9.935138747112907,0.2708807550714132,0.5990628028563495,1.021918782456536,0.04717062132004626
2014-04-01 06:00:00,DEHM_noBD,1.0630165549659758,3.100004181219572,1.500036447915549,13.116187623460677,14.045145704408982,15.623055535784296,10.424846484453612,0.23905305190576132,0.5115843185699791,0.7974834474504924,0.05291862461645604
2014-04-01 07:00:00,DEHM_noBD,1.044782444205112,2.0967761722300713,2.335334921440305,13.908969790694144,14.362477055625053,12.659818493733473,11.301895048098993,0.2216523376655025,0.43387737958285205,0.5259788866947277,0.05809695735960253
2014-04-01 08:00:00,DEHM_noBD,1.0770034420854435,1.5854545835254819,3.6646081820355634,12.034201099176551,13.411285881055143,9.226484842183389,13.457892228676965,0.21445169995694174,0.34225781201087174,0.3972653005690079,0.0609881307360296
2014-04-01 09:00:00,DEHM_noBD,1.0384001863233419,1.2732114956012146,2.9215298343242284,8.789413268185248,11.91734299606656,6.80244639496494,11.658415820850369,0.21227864301091276,0.26664652631300767,0.42590107741286737,0.06428512174751123
2014-04-01 10:00:00,DEHM_noBD,0.9847777175244641,1.0421612744218443,1.9026939528041669,6.258180865892378,10.704498208556315,5.153828712757854,7.744778657821652,0.2116571398664451,0.1914501711360216,0.46044964034823105,0.06857127293620238
2014-04-01 11:00:00,DEHM_noBD,0.8823003525714295,0.8735591127734735,1.3923870353982077,4.423382256352742,10.569550172074639,4.3503548025605046,4.417947567659391,0.1937738571064661,0.12682167281462103,0.44816298866250304,0.06743159602425976
2014-04-01 12:00:00,DEHM_noBD,0.8489752084292541,0.8116064426314518,1.1532706351630302,3.456243944227336,10.191583237512395,4.034971484752765,2.966229460965164,0.17478449639229324,0.08909376023328616,0.358537136385053,0.06573052087417797
2014-04-01 13:00:00,DEHM_noBD,0.8341276567531561,0.6804825228804652,1.0260889956349337,3.1465394230402026,9.195225870645158,3.868882792508513,2.5665606827607386,0.15337281225820415,0.0705339547835482,0.31131248431702363,0.06590108940017632
2014-04-01 14:00:00,DEHM_noBD,0.7713297799643338,0.5937473444826935,0.9540542495422748,3.26161207520977,8.64712819347485,3.616666536222529,2.458269902654813,0.14343294276384846,0.06347101036660492,0.275090021581744,0.0662988998727953
2014-04-01 15:00:00,DEHM_noBD,0.684973582004191,0.5905143625998538,0.9377031503439532,3.1733379657249854,8.584856691244282,3.720639378350696,2.1098522527065096,0.1306329677235316,0.06271852430753092,0.24321266856818288,0.06577825923387552
2014-04-01 16:00:00,DEHM_noBD,0.6063637628776801,0.8473238119858988,0.9570305628503981,2.946719996382298,9.174968349096249,4.051971705622872,2.1174515394044793,0.11146455460648763,0.0597426613064491,0.21845960326176628,0.06591296765432367
2014-04-01 17:00:00,DEHM_noBD,0.5661975600072008,0.9606421933993745,1.100208825043656,3.1274486498427816,10.260856569422046,5.259333189700814,3.095255331224621,0.0943589469941823,0.0484199470858827,0.24747800545395204,0.06745839484034857
2014-04-01 18:00:00,DEHM_noBD,0.5798441164581494,1.0542160765108317,1.187892330464925,3.5465080434371647,11.1543676365135,7.762791157645135,5.027219922871792,0.08996650176564769,0.04620316990917355,0.28540113679298323,0.07441169855269004
2014-04-01 19:00:00,DEHM_noBD,0.705225807557486,1.0536451300407823,1.2749627877394203,4.201650049481826,12.099353118273267,11.52699991733216,8.777486084723513,0.10754201765574037,0.05069999456559756,0.3496344243263357,0.08077169853938689
2014-04-01 20:00:00,DEHM_noBD,0.7529429243911276,1.0312036096790091,1.3674043701187424,5.189021978210344,13.387163503978652,14.821032947630828,12.293308419237636,0.1332062626765295,0.06711761410264867,0.39542584331512726,0.08775905727317987
2014-04-01 21:00:00,DEHM_noBD,0.7243492078120884,1.1146039985131786,1.409552466744691,6.956676774469248,14.93860258875891,16.53864050453407,14.389867146111962,0.15277878525794464,0.08763634064249867,0.42025657102015246,0.1066296044775984
2014-04-01 22:00:00,DEHM_noBD,0.5993182937844722,1.3836698678412944,1.423268767984558,8.997430084919042,16.03167896510047,17.57591726893794,15.690377676608357,0.16856518190970396,0.09786648755240565,0.4119922326793136,0.1433502707116735
2014-04-01 23:00:00,DEHM_noBD,0.489579992821211,1.6922216958195564,1.3053682712949524,10.41980463884861,16.668748083689792,18.531621995430566,16.66619553050972,0.18070525875346405,0.11858134635314732,0.3968394751864321,0.18415637172350208
2014-04-02 00:00:00,DEHM_noBD,0.38263590818413473,1.7284509552565497,1.1651269519768308,10.947035115020315,17.113640065372252,19.35925975542788,17.33811180355549,0.18699272440890596,0.15459208518206022,0.5015127385498268,0.23706731864025557
2014-04-02 01:00:00,DEHM_noBD,0.4172073244614266,1.5553215882580627,1.165565687773993,10.748234156764582,17.54805686086252,19.905259581828776,17.590962933263867,0.19389396180086083,0.23302186679850279,0.542726332324641,0.2796499206189029
2014-04-02 02:00:00,DEHM_noBD,0.4941856282532433,1.294414585218367,1.206960262190261,10.247800559969614,18.0313324947859,20.110567560494555,17.43864894820495,0.19159283031139257,0.49578156041733995,0.44829593136992724,0.28908915469398294
2014-04-02 03:00:00,DEHM_noBD,0.563282978317149,0.9735456319224026,1.1864617528352501,9.76111553309971,18.580593969771535,20.104493135735787,16.802782354127512,0.19318084084711176,0.7680559257344284,0.4205313921482219,0.2837451651097855
2014-04-02 04:00:00,DEHM_noBD,0.7853032024900508,0.89633394134916,1.1620771529864213,9.865830652593594,19.248121078577267,19.80222569651558,15.61553549685307,0.21222104945113163,0.5651757017082752,0.45357571466145474,0.2833644079951552
2014-04-02 05:00:00,DEHM_noBD,1.053974065373657,0.9110126377318997,1.2019116117842785,11.233688007030395,19.983565627006037,19.060546706676796,14.134954750353321,0.22568597819239677,0.4588029888381237,0.531988587552549,0.2710108618910089
2014-04-02 06:00:00,DEHM_noBD,1.25490218843975,1.1005078883075599,1.4406771024344975,12.587147910663475,19.476128802593184,17.151755853101573,11.825191912821758,0.24399133641103363,0.41020773216618706,0.7583361986994606,0.25067221822119456
2014-04-02 07:00:00,DEHM_noBD,1.334220637260647,1.563062210428343,1.9266534218725682,12.555752067883013,18.26905782846717,13.363856876261096,9.90558889432735,0.2466773958963157,0.28976823114393213,0.8458596363952252,0.2323031042894444
2014-04-02 08:00:00,DEHM_noBD,1.3807617651020332,1.931109652458756,2.3385586912337555,12.195508581438267,17.654339203398017,12.128872868949943,9.742388211794756,0.24619623549162972,0.21876726406949853,0.8112573511972906,0.23291682724562962
2014-04-02 09:00:00,DEHM_noBD,1.3789092993373862,2.171058780704526,2.7198050754301955,12.22769475461542,17.06745846511594,11.457630275636086,10.347779387354851,0.25465262834537294,0.2191843284891592,0.8060228602668347,0.22622271186759382
2014-04-02 10:00:00,DEHM_noBD,1.2737032837787186,2.3181949759468545,3.0747241408606523,12.315807670192054,16.560595357922182,11.099226341612301,11.25839700599746,0.3186461444433219,0.22063758693352364,0.7693141697914683,0.21470795101002366
2014-04-02 11:00:00,DEHM_noBD,1.1889099299100638,2.5744529080021414,3.5414060275354373,12.466977660943453,16.061630172258624,10.435589031957356,11.349173924549822,0.379686937773982,0.22056103358761112,0.7233299204675556,0.18996506263702864
2014-04-02 12:00:00,DEHM_noBD,1.1749440352547122,2.5842268152077477,3.2734989018104437,12.077398740854727,15.913563741815953,8.835606021480984,9.530643482697737,0.38276173799539903,0.23670939698754626,0.6829394491490772,0.16304092756914082
2014-04-02 13:00:00,DEHM_noBD,1.1770856310856248,2.10800313040939,3.0526286980954493,10.07204550173933,15.020358831539363,8.192568130754976,9.106898663615013,0.3674563006357288,0.2694270380644599,0.6642864923798084,0.14371241361109302
2014-04-02 14:00:00,DEHM_noBD,1.3479819922994078,1.512074994964335,3.0078538382022204,7.587620511448973,14.010074225943296,7.485359258728582,8.79283418281043,0.3701211517936969,0.3106525691066825,0.666557308554654,0.13771402891581191
2014-04-02 15:00:00,DEHM_noBD,1.407120118770143,1.8213069753223934,2.8660848130917698,5.69975044745153,12.786306065234228,7.008102869341869,8.047231567076665,0.37307884802284186,0.33945145516184494,0.7857554621751,0.13532836432375864
2014-04-02 16:00:00,DEHM_noBD,0.956208259782144,2.01412035234602,2.776450371819724,5.199441011523667,10.091596984284482,7.072086504396517,7.643614824947484,0.41320801881234875,0.3393767262886475,0.8038910655666474,0.11392874606685173
2014-04-02 17:00:00,DEHM_noBD,1.087669084463435,1.9959037439198382,2.597432433666584,6.110360460652041,8.153190588655807,7.562831194365602,8.147048500181189,0.4498217290634926,0.3065601274215694,0.7794800778793625,0.10824311064223789
2014-04-02 18:00:00,DEHM_noBD,1.0659330803546814,2.1406902722325207,2.5438881228194163,7.072644701931032,8.34183678896641,7.452874520361157,8.281256948140793,0.50198609824609,0.36598272813949534,0.7730620307535049,0.13515580642499178
2014-04-02 19:00:00,DEHM_noBD,1.0371735661685024,2.466222545514434,2.6938115093883224,8.162127782198962,11.275297588165733,7.713180345839374,7.8090700587364905,0.5572632981479912,0.472890195363714,0.652277025912206,0.19887996456929596
2014-04-02 20:00:00,DEHM_noBD,1.1045476534613454,2.3770747931965905,2.903887072950268,8.690019702789542,13.43593608148936,8.260121148574843,7.216888860321757,0.5909570177824794,0.5574417562490829,0.6810584030896284,0.24182316029790502
2014-04-02 21:00:00,DEHM_noBD,1.070665803235086,1.8556520265938026,3.0207890683671335,8.838881603092197,14.212906851265284,9.647682026933243,6.9915671784707065,0.6946987624454497,0.572070729108035,0.7813013506998774,0.24452938415404435
2014-04-02 22:00:00,DEHM_noBD,1.1017934209761175,1.5812293135544742,3.2329209637090868,8.690885768931453,14.294119876833381,10.183901496066637,7.14786892699426,0.7209354461704194,0.5157543999527661,0.8031284669098164,0.23156275858843572
2014-04-02 23:00:00,DEHM_noBD,1.2305543323605501,1.5069336289422388,3.4379898162459184,8.607728040834813,13.669703324553383,9.94558110813527,8.002927106868144,0.6595606802004574,0.4267564951569831,0.7203526070127688,0.2023722796678984
2014-04-03 00:00:00,DEHM_noBD,1.2320260816019588,1.411147971421072,3.4667270515551185,9.001866747888382,12.699191402341194,9.95286186227473,9.19388930075042,0.558730114707984,0.3554900300345548,0.7816404611482378,0.15188582634765083
2014-04-03 01:00:00,DEHM_noBD,1.2190866530542264,1.4268171515821417,3.3343327900370245,9.379118452506855,12.466026805951202,10.449084500847462,10.630179724820913,0.4449573202066356,0.33195564715214354,0.9589904341051365,0.10049213521361652
2014-04-03 02:00:00,DEHM_noBD,1.2646441396008485,1.5845426936873346,2.9156300915872553,9.402756816755469,12.834372866598326,11.342100128996428,11.716336557753774,0.4020985240571393,0.332876559164135,1.04706965750419,0.07076548830517752
2014-04-03 03:00:00,DEHM_noBD,1.4528654951654294,1.6551738056596255,1.9191435137238497,8.904067458617972,13.068309392230171,12.181022075340186,12.187303267482216,0.408827018616575,0.3555720080903577,1.0254911146969823,0.06756837443824083
2014-04-03 04:00:00,DEHM_noBD,1.4413695058668647,1.48847228135712,1.7457266221145313,8.017619717693215,13.168111377159336,12.746078146437473,12.110738027735916,0.46486653929646293,0.42169415304218694,0.9782413621794785,0.06995058960525014
2014-04-03 05:00:00,DEHM_noBD,1.4503099986114492,1.2329599586723203,1.8367729889699929,6.846326181724113,12.952944227189716,13.023317096344606,11.807112499072847,0.5732356475319229,0.5098893284831595,1.097356559044635,0.06372364689340579
2014-04-03 06:00:00,DEHM_noBD,1.5265968347457597,0.9857955516758485,1.6746680094237405,5.372961557121241,12.311674683782828,12.35618045278419,10.381998590194438,0.6278454971190727,0.6649850398222893,1.2844116118755144,0.04878543773324361
2014-04-03 07:00:00,DEHM_noBD,1.5216390100288648,0.7346332840639075,1.128035828400501,4.288599343240118,11.805028950066106,10.63325344039389,8.500807115507044,0.5859208615246227,0.7581345139197294,0.9613435422571375,0.04928443825804322
2014-04-03 08:00:00,DEHM_noBD,1.2650547858670027,0.5854817169021034,0.9211569699364315,3.5460928146219395,11.311013801617348,8.379036809939635,6.836689306733123,0.5739258081962191,0.5944510725761333,0.581519432389168,0.052815990129363916
2014-04-03 09:00:00,DEHM_noBD,0.6615471742392411,0.4779304283864946,0.8126725317156331,2.6812910790073174,10.717378410398958,6.049869334518511,5.635225987055946,0.6022419865329726,0.44022220883556046,0.39385078258091333,0.05059585274102672
2014-04-03 10:00:00,DEHM_noBD,0.496219834321998,0.46588861147000915,0.7261732664564111,2.18375706037291,10.129999634860079,4.468644846805262,4.639414760096734,0.6697881823344644,0.3867060089796571,0.3189198038210817,0.04899301149269549
2014-04-03 11:00:00,DEHM_noBD,0.5479930087830265,0.5006036393817648,0.6581767355533665,1.7619047618635055,9.293643690563556,3.6463985721792103,3.832290149000376,0.7402644895104481,0.4121390192556277,0.3359677584015461,0.05625148656666901
2014-04-03 12:00:00,DEHM_noBD,0.5869286731589678,0.5541896657677501,0.6454924249937499,1.0578179446504903,7.900259488143661,3.0677612935759897,3.0047644862631877,0.8151558080774126,0.4309966108073555,0.3728750140748555,0.06515950894172698
2014-04-03 13:00:00,DEHM_noBD,0.5279395567516051,0.6063864341768619,0.6289656289704855,0.7798042109904206,5.957572439691229,2.2015802684580663,1.9171324082014742,0.8529403907396108,0.3783181343033123,0.36502771759082064,0.06738311955628344
2014-04-03 14:00:00,DEHM_noBD,0.5740668117616557,0.6537235174808936,0.6073632780289562,0.6264464300924911,4.07173732596674,1.5021126983011281,1.023853044230126,0.841115078911084,0.29206986054441103,0.3312727366671349,0.06515120380721559
2014-04-03 15:00:00,DEHM_noBD,0.6180272347046644,0.7261573534785499,0.6115939017172581,0.5765389772819007,3.212763311439677,1.3482273337778108,0.6984314069786178,0.7745853911135054,0.22535415294629402,0.29728278937475194,0.06188012464479679
2014-04-03 16:00:00,DEHM_noBD,0.6144805963400797,0.9016837650840224,0.6234988597365366,0.5754863788169938,2.977742451521857,1.2486052110842465,0.6710349264370512,0.688696178281739,0.1625194297421722,0.2663648664949399,0.05707007996488901
2014-04-03 17:00:00,DEHM_noBD,0.6502485851237259,1.2922484301628365,0.6493602511996077,0.5512813278674223,3.0081931205036114,1.2388516369065101,0.6701594527548842,0.6372296040207905,0.10614808149980387,0.3024641670877369,0.05489154003073073
2014-04-03 18:00:00,DEHM_noBD,0.5570032659916835,1.3687090047456492,0.715571197899135,0.7936996216190071,3.455123856758255,1.62244038243904,0.9743002014222315,0.6165063066556455,0.08884093087694361,0.556422479202679,0.05497167977387029
2014-04-03 19:00:00,DEHM_noBD,0.32300061288882903,1.0440398457186433,1.026113584553713,1.1031397289509572,3.9458844875958556,2.1925626145481805,1.4914723829902425,0.6158533056328246,0.08316971744927856,0.7773576336204483,0.05754690344407131
2014-04-03 20:00:00,DEHM_noBD,0.7240744073597665,0.8679283222933174,1.3958247063310814,1.4602987267873901,4.184604258691849,2.8887112152029393,2.197853533347697,0.6464651936798729,0.09300423085728922,0.9954213985754866,0.060042983992495344
2014-04-03 21:00:00,DEHM_noBD,0.9263577826632203,0.6066648963381887,1.260256845126174,1.8732273775169606,4.390630547917981,3.592087019794466,3.0243717777470573,0.6786261731941903,0.11894940524795404,1.0733920239765746,0.06227844187080456
2014-04-03 22:00:00,DEHM_noBD,1.0008086312908193,0.41871802172017647,1.1201493540420562,2.3615858650126706,4.642409245285137,4.231383195541014,3.8721767165404883,0.6530740466910414,0.12785637185550205,1.0867347403786078,0.06249485126215905
2014-04-03 23:00:00,DEHM_noBD,0.9596727072404276,0.516521195977463,1.040243018346224,3.0036198047444658,5.08197468041093,4.839939226033517,4.735967524081327,0.6110969208954367,0.13557565990749226,1.0070790369668714,0.06161600932263027
2014-04-04 00:00:00,DEHM_noBD,0.7327850891215953,0.624841462122056,1.1439940802625577,3.8523705937232604,5.754175825041339,5.500120578405775,5.550799464308243,0.5797284880567691,0.13706465973685508,0.770966180082984,0.06057640391549719
2014-04-04 01:00:00,DEHM_noBD,0.6096180527164217,1.2263586841909981,1.575039442512244,4.67874895235915,6.501721482890115,6.0092015647418595,6.182081486790546,0.5495119930880848,0.1673561132660395,0.5900529635227468,0.05895827627164427
2014-04-04 02:00:00,DEHM_noBD,0.562640903285173,1.6411509304089003,1.7671257083346275,5.280764200893104,7.0723103883731175,6.146779982989399,6.640062786046931,0.5438008188226452,0.26089799377943707,0.5564247841267661,0.057555391746448185
2014-04-04 03:00:00,DEHM_noBD,0.511786915327711,1.7092106575921246,1.673748357454298,5.516057392686325,7.083314527311664,6.421663479568513,6.944077732093299,0.5796899729815571,0.354036279313607,0.5703854666922812,0.05778027308550127
2014-04-04 04:00:00,DEHM_noBD,0.46121924296693995,1.4922065120106391,1.5286427337335533,5.585153753744189,6.6901312453467865,7.136791111695755,7.043177419853337,0.6295712295015631,0.39236835628393896,0.5752034034242566,0.05834707180645807
2014-04-04 05:00:00,DEHM_noBD,0.4455120472117652,1.1443330433199228,1.338870188352245,5.605861625517954,6.785404632724545,7.442061915703282,6.970918667522582,0.6402599072911977,0.3816150392256599,0.5006684825892878,0.05757526556826447
2014-04-04 06:00:00,DEHM_noBD,0.42897260756594074,0.7663969970111153,0.988054713693583,5.09083321242235,6.294864420084902,6.804188028439806,6.587932866837885,0.5417919412713538,0.3373426444781232,0.30845456421928164,0.05792277412501714
2014-04-04 07:00:00,DEHM_noBD,0.3552325083893152,0.47759652546573744,0.5984606562335321,4.677645910455556,4.8164781247415345,6.0787332348397385,6.443514611226199,0.39646251430493884,0.2924734934917534,0.18678850741992226,0.05907388517383822
2014-04-04 08:00:00,DEHM_noBD,0.2295069024291639,0.36291397551045446,0.4069562313248873,4.912300027378747,3.6732836115748753,6.134373016970908,6.876205841947049,0.30669815523814625,0.2486657188047323,0.1504951010343541,0.06104592006759825
2014-04-04 09:00:00,DEHM_noBD,0.17972782062278297,0.3160901500743387,0.31179126719933153,4.755173106178712,2.886442647604875,5.209244925123214,6.912914046554924,0.3029875854235561,0.1909830127695213,0.14071899570109547,0.06860760555128673
2014-04-04 10:00:00,DEHM_noBD,0.17174448436324297,0.26741099576067245,0.2815372304265329,3.9740444521474947,2.3947113945385485,3.8747405116120284,5.600456167413386,0.4001579645652416,0.16451132880362324,0.1582390858746959,0.08514046812458945
2014-04-04 11:00:00,DEHM_noBD,0.19272145515443662,0.24888133239174823,0.26874969105835755,3.2814459827116336,2.2142039413324417,2.803422224567988,3.9999748203014693,0.6057280255861021,0.15442325709645038,0.1734808218759359,0.10246647059928492
2014-04-04 12:00:00,DEHM_noBD,0.20972901263762173,0.24254563703400625,0.2689907511476927,3.043136322417914,2.174687181217689,2.096305582474951,2.629183233010671,0.8058695869408921,0.1470844328982483,0.16521098164479298,0.11799713742687554
2014-04-04 13:00:00,DEHM_noBD,0.1969350104064828,0.25462129291888774,0.2770363852800135,3.322727543433804,2.4347949390335755,1.7152339599607296,1.8187922426156575,0.8841343000701627,0.1423182779574237,0.14777417127479614,0.14037958755681518
2014-04-04 14:00:00,DEHM_noBD,0.1763527756888721,0.28216738032665,0.28603590121151623,3.4271240021461984,2.821693964758488,1.6032477289472613,1.2743010878671577,0.8397587274464686,0.13551999906849868,0.14279180741228853,0.16477676257110369
2014-04-04 15:00:00,DEHM_noBD,0.1643357119689252,0.295785527859026,0.29334818451017375,2.184111820093025,3.1285356019565462,1.8301283586595525,1.8690372924460612,0.6471326796941715,0.12685797499701573,0.15401347933533788,0.173909512781441
2014-04-04 16:00:00,DEHM_noBD,0.18169652810919998,0.2799310406554599,0.29789596983371464,0.9146427380579893,3.2098578242279405,2.2784707781397757,3.413679760619297,0.43971679937179603,0.11003557399210229,0.17877749431241713,0.15034461116979295
2014-04-04 17:00:00,DEHM_noBD,0.19254725910881243,0.27008472891504715,0.2976055258862558,1.7501163763353462,3.374846039932183,3.0351527529146223,3.6908401077929485,0.3513830796587288,0.08748561826448803,0.2287344787875742,0.14180490118826783
2014-04-04 18:00:00,DEHM_noBD,0.22828605146177158,0.2709797359890841,0.3059324113765063,3.233872342836897,3.372050908112945,4.106025746207978,3.724152659914859,0.36906770617781665,0.08142443181948031,0.2660570955824998,0.1502489845841133
2014-04-04 19:00:00,DEHM_noBD,0.21914659466401376,0.30584960524247945,0.3549137453159797,4.108657515874488,3.459138137385445,4.78229199880016,4.3578354533395345,0.39472223279379304,0.08119718082120708,0.2115146411623874,0.16427752390186567
2014-04-04 20:00:00,DEHM_noBD,0.17507158478933146,0.3490049128603332,0.4062121126267954,4.669051956482555,3.7857898146692484,5.262150137076148,5.124697774300131,0.39939057593911886,0.08278971391789813,0.18723386298203448,0.18448597872788758
2014-04-04 21:00:00,DEHM_noBD,0.1662628269250422,0.393484185470963,0.42256502985617517,5.2852566311593545,4.164879292403889,5.717548286120122,5.765362075012331,0.41090748110309233,0.09738231405661278,0.19501410103431666,0.20994014635777936
2014-04-04 22:00:00,DEHM_noBD,0.2064020244235468,0.4385434109714602,0.4638472231233846,5.9983427876688165,4.551289555934616,6.136392099708191,6.4858130026564815,0.4875884440682082,0.12610304267650918,0.21814261943632368,0.23577156317295628
2014-04-04 23:00:00,DEHM_noBD,0.3171175501224331,0.4666406384389937,0.5282323400122305,6.847025686256688,4.990498968739933,6.503400378147262,7.183662355075364,0.5534908026630431,0.1970901137183449,0.28948350855018123,0.2570460231258729
2014-04-05 00:00:00,DEHM_noBD,0.5703506823122259,0.5047344359525957,0.6062746074384908,7.621747788454487,5.519978144134143,6.86615135437367,7.722561937319226,0.6142690092066675,0.2756637331113301,0.4452788118847889,0.2769934542404963
2014-04-05 01:00:00,DEHM_noBD,0.8957999279703752,0.6144577622726916,0.7883256238244158,8.112115195011691,5.859529497152756,7.30998021493882,7.597193845945505,0.6522935792586207,0.36107727186441085,0.6314309866358563,0.28168787603431833
2014-04-05 02:00:00,DEHM_noBD,1.0894253299679055,0.8079534886001702,1.063256499126026,8.021426132578275,5.998828160369152,7.667185855891459,7.351041190052229,0.676459959629774,0.41103562803359334,0.7687655190192234,0.28023475695746464
2014-04-05 03:00:00,DEHM_noBD,1.2106250102657095,1.1128798805680624,1.3229742339530501,8.109365252295673,5.808979132587332,7.8745540871624815,7.419930780685076,0.6851631164165585,0.4529110670081159,0.9136322251647202,0.2823891886051054
2014-04-05 04:00:00,DEHM_noBD,1.30260395668457,1.4362654762828402,1.5291037648653913,8.24744178464898,5.240676533292113,7.911713856590857,7.601942843144965,0.6617952343784271,0.5431568586931328,1.0507518312177189,0.2967267696067949
2014-04-05 05:00:00,DEHM_noBD,1.3909406487161244,1.7379033739436127,1.7078005656517372,8.141792358344423,4.651106146997027,7.2868990878590525,7.702268200624993,0.6298673900525271,0.6602470952494321,1.126566290947826,0.30588584565174104
2014-04-05 06:00:00,DEHM_noBD,1.5085824727877393,1.9547286926421126,1.96319983059101,7.757920805459268,4.343773024674375,6.1862530549010675,7.629435282330108,0.49394642254181187,0.8396899551841872,1.1676454544515287,0.2909123178331042
2014-04-05 07:00:00,DEHM_noBD,1.6229762408897646,2.209362469036946,2.3989350716136806,7.3143388248837775,4.302717079619653,5.487309131775492,7.507615692621618,0.4081757719773798,0.8934150402384826,1.2282155332888016,0.2897855792235029
2014-04-05 08:00:00,DEHM_noBD,1.7997576487837814,2.447440329741582,2.980739492887621,7.120829090236379,4.171803734019567,5.108989294630978,7.277647296971715,0.43513894061911834,0.9447407211610036,1.2722983788159266,0.27580582437263
2014-04-05 09:00:00,DEHM_noBD,2.092854818032372,2.5288912710737783,3.6079065689307503,6.974274345323342,4.028457433626903,4.908307483832219,7.156766029400503,0.5554607383069394,0.9949751068183463,1.52294643498437,0.24905811901257865
2014-04-05 10:00:00,DEHM_noBD,2.362315736949213,2.4337202188248623,4.3231082408082,6.9411017291001205,3.9766528862652675,4.629313886523273,7.332781725555269,0.6765459233308955,1.0856277175428843,1.827878523175525,0.23581974587429944
2014-04-05 11:00:00,DEHM_noBD,2.582256581988749,2.5545591295733976,5.066603109148841,6.897904000926937,4.241666997617078,4.736843021177944,6.927311188202261,0.7944832427017763,1.191941210150411,2.2150340707889757,0.21018143868494776
2014-04-05 12:00:00,DEHM_noBD,2.7205040470484785,2.910956424219636,5.601672885752832,6.506958481636422,4.281700260359925,4.9741587273403205,5.81562108897746,0.9162176387349887,1.4272260298073653,2.3730283836055355,0.19920309877072823
2014-04-05 13:00:00,DEHM_noBD,2.73233282700513,3.7368859828410614,5.725853502524572,5.821188051416233,4.021180179611072,4.549215399862616,5.282060295719978,0.9795444188059307,1.9546216470714448,2.4817652605425407,0.20980874759357565
2014-04-05 14:00:00,DEHM_noBD,2.729972086986385,4.307980540514727,5.423113160133035,4.803174328128814,3.495568378436091,4.059264700698811,4.5061133622116465,1.0018603073242585,2.214167142851204,2.5596582831176042,0.2610073739723315
2014-04-05 15:00:00,DEHM_noBD,2.762912601147971,4.368884704843004,5.962344013548269,4.366906350314308,3.262961589299161,3.6958587895371986,3.9395912518230984,1.0435724324552433,2.322270328569249,2.647116670991709,0.32372685283870983
2014-04-05 16:00:00,DEHM_noBD,2.947521418051756,4.143826048626915,5.7416443119394955,4.156719372081617,2.88295065970771,3.316441926151497,3.73576031055195,1.1653578109168634,2.4591237228676,2.751974290467814,0.37554538933633996
2014-04-05 17:00:00,DEHM_noBD,3.466597079085844,4.414376301652058,4.2236153857537495,3.957177251360745,2.643459033800312,3.228523656788025,4.022950262943525,1.331923715511309,2.67011029062724,2.9416503979492763,0.4617118608490606
2014-04-05 18:00:00,DEHM_noBD,3.8169790944457267,5.945470532655693,5.1710499623389055,4.277986412872997,2.5995819399633424,3.493609391698035,4.254510943076034,1.4983070468295456,3.113548454401789,3.2579290782003802,0.6141273566643843
2014-04-05 19:00:00,DEHM_noBD,4.237190047493356,6.068138756772901,6.036930088745984,4.867775524053562,2.7559092740746367,3.819508334481814,4.675656276616284,1.6375827259809337,3.6360304181835565,3.618953790513479,0.7820849533826895
2014-04-05 20:00:00,DEHM_noBD,4.8330926428597385,5.5815884520893,6.119635106200597,5.654634975509706,3.0573189817605932,4.253942953105923,5.458422272505946,1.7473308507671577,4.072906534553845,4.035603407368773,0.8793619522183481
2014-04-05 21:00:00,DEHM_noBD,5.4616478958935994,5.662648528350629,5.487291814651257,6.350933717753721,3.5792449049246438,4.76627858644563,6.218775791710737,1.8588029810906945,4.415833980780726,4.536859175252597,0.9019103110981463
2014-04-05 22:00:00,DEHM_noBD,5.9932424170316985,5.8847657960687805,4.944460378752225,6.775654451102913,4.207997039124044,5.248238495064795,6.613845939751894,1.9646206891961395,4.554640407487199,5.1218643009560285,0.8907911580920783
2014-04-05 23:00:00,DEHM_noBD,6.5828328341107945,5.0660930410451135,4.574905805395637,6.749924647344753,4.542806921888008,5.57008667797325,6.605341743647241,2.031683216289505,4.658084636905209,5.713910021831483,0.9258574358779641
2014-04-06 00:00:00,DEHM_noBD,7.059566049402321,4.821465729216401,4.282828053633222,6.0344273786810625,4.512497405483618,5.783948968924837,6.665029173620115,2.05561443842411,4.69343666189233,6.086244225826784,0.9905545666070871
2014-04-06 01:00:00,DEHM_noBD,7.539053729521005,4.883348137649996,4.363998440491562,5.190229084990293,3.949583781180731,6.161555279069263,6.448311890011265,2.120170391830802,4.412748851246154,6.3928280980211065,1.059410438115592
2014-04-06 02:00:00,DEHM_noBD,7.477090492865282,4.892081280129289,4.708564935711985,4.865383399768405,3.5751287968324497,6.655587384591766,5.984174205850856,2.362397601916194,4.21111252345057,6.966444543958881,1.1571579790039677
2014-04-06 03:00:00,DEHM_noBD,7.301886501507155,5.144833346008002,4.920294641099107,5.121200304083651,3.952577120058399,6.832202443167959,6.100131387351894,2.605314604929686,4.843886982319337,7.56853944695154,1.2906732191984007
2014-04-06 04:00:00,DEHM_noBD,7.779270016569319,5.829757241185839,5.003671845869733,5.46331047342022,4.262480802188062,6.741060049818069,6.657979044902061,2.634327335693836,5.598712113229316,7.789096456729524,1.4078362137327551
2014-04-06 05:00:00,DEHM_noBD,7.127748922063617,6.446279583542539,5.335969593244251,5.001663586755804,3.761388964241724,6.460928943790517,6.889406215637167,2.542461458929181,5.372779889611686,8.105186234357106,1.4484633444824122
2014-04-06 06:00:00,DEHM_noBD,6.473675422887085,5.9967492223838414,5.0270610176288555,3.7986143039234888,2.7594535437950896,5.042951911266854,5.895870774971122,2.4158264153078197,4.645728445011154,7.450634753469033,1.2920816232225392
2014-04-06 07:00:00,DEHM_noBD,6.299445068895416,5.289159600800153,4.380850801917493,2.95779215461907,2.080182776445786,3.3821684803139487,4.169889012464071,2.3151187200781704,4.288518347484748,6.332900714606219,1.0561977320370473
2014-04-06 08:00:00,DEHM_noBD,7.312614743090796,5.525715175056867,3.730090934681228,2.431308121390536,1.4826643687341545,2.3900671056697123,2.914968951141993,2.2803601443475485,4.427558871782497,6.24338654861948,0.8490432569908211
2014-04-06 09:00:00,DEHM_noBD,8.469010769998416,6.15974363972865,2.922380346523143,1.967523927394208,1.0518181976701668,1.6639262117114972,1.827287777864806,2.2650404847586154,4.6671343422061575,7.045499126908256,0.6365940789205371
2014-04-06 10:00:00,DEHM_noBD,8.734984817518928,5.866226007597961,2.3951934220421474,1.3220896701711473,0.8240874430134915,1.0251167342054286,1.0612866264645229,2.2365839957830307,4.697647687130347,7.832094383646639,0.5208666337382559
2014-04-06 11:00:00,DEHM_noBD,8.17980178135488,4.422998477733423,2.1197082266367757,0.804365551426612,0.5629166971744364,0.7231897638179281,0.757263711203674,2.1274995052076875,4.692732729564439,8.213511209036996,0.46902210271473255
2014-04-06 12:00:00,DEHM_noBD,8.187097438561654,3.4890046489621818,1.9245309483411426,0.6198549530105556,0.32690106444639144,0.6323451643687322,0.8371291287742278,2.006177252330035,4.84711236831443,7.657308693671354,0.44139566513852785
2014-04-06 13:00:00,DEHM_noBD,8.249483890199917,3.2046877951624753,1.771857699015448,0.7062830310506396,0.40069316554517237,0.7282566873905213,0.976422097583139,1.9083862497208266,5.2416230193986815,7.4356091939794675,0.4369974567646673
2014-04-06 14:00:00,DEHM_noBD,8.021767336974523,2.635147347200747,1.801067278760586,0.7513339874896076,0.5056417733334819,0.7765433895812139,0.9530518698239621,1.7916886245301367,5.762476954966063,7.603139743721677,0.4290933433647255
2014-04-06 15:00:00,DEHM_noBD,7.756418613403412,2.176231185177781,1.969791058467309,0.7610072300768493,0.49307178152160935,0.799642359143522,0.9475459927372722,1.702262809818266,6.317264210542634,7.85509951470747,0.4060674354283039
2014-04-06 16:00:00,DEHM_noBD,6.857898362211333,2.155736885260046,1.5752952680185215,0.7147239351945549,0.3920510324867419,0.8086827512788324,0.9103785495635619,1.6539294354578387,6.531201876085411,8.030030989947106,0.3370133223149301
2014-04-06 17:00:00,DEHM_noBD,6.022021693513215,2.4724107113955798,1.1468987876648764,0.6903634280959194,0.29932611600128217,0.694602950184928,0.972417701206325,1.5726205205116421,6.682413665868522,8.107923981849462,0.32474291337966243
2014-04-06 18:00:00,DEHM_noBD,5.534568528277065,2.4897641364604906,0.9669783385304545,0.8591148129853541,0.2621970003293709,0.8681514112668087,1.035747062368248,1.4604298210003228,6.8272585805593895,8.025111799937909,0.37186892951977385
2014-04-06 19:00:00,DEHM_noBD,5.227270967847868,2.036977697094467,0.7248441117642601,1.1229535129743229,0.2517375958008225,1.2368697862689615,1.2833251334222926,1.3251881349625625,6.818226357834503,7.740614206539002,0.4174875737114205
2014-04-06 20:00:00,DEHM_noBD,4.566522117780129,1.599409814518553,0.753005430847274,1.460853368479804,0.31249765678742186,1.5004555036939262,1.6082473606569194,1.176437449101806,6.078831427284144,7.018325276518427,0.45581244122215886
2014-04-06 21:00:00,DEHM_noBD,3.812816519249953,1.172519288207619,0.8656656626844152,1.6791167819487212,0.6315410042210783,1.6862180231370434,2.0672583276015577,1.0315401396420971,5.078947809252029,5.983096343765091,0.48866652678733047
2014-04-06 22:00:00,DEHM_noBD,3.540589150651904,1.0939948677292293,1.1109186968924667,1.8168813198481448,1.028537437323339,1.9333885953434384,2.614929930911529,0.8389488818038255,4.389670042845741,5.0885928024459615,0.5215636578569677
2014-04-06 23:00:00,DEHM_noBD,2.999213607397503,1.0917610600898402,1.524477477463914,1.9009880078876416,1.4361964297833165,2.36416057729848,3.033046541459707,0.5870819804132357,4.083567203979143,4.546838761262787,0.562898869626422
2014-04-07 00:00:00,DEHM_noBD,2.479138995233331,1.4714112776355286,1.684019154555213,1.970908574607812,1.8670647793573025,2.7646672239730052,3.1059492098812185,0.39306145256767033,3.860789061366201,3.445042067780388,0.619708298690202
2014-04-07 01:00:00,DEHM_noBD,1.7394290753623727,1.8585770739861367,1.65311281566454,1.9269081187630481,2.306186664099471,2.859673123438503,2.9706154112223677,0.2841170377261563,3.3644756801746807,2.682225622013295,0.6957248678672048
2014-04-07 02:00:00,DEHM_noBD,1.6358812888769363,1.9487717910255973,1.538083101057052,1.863765053230577,2.7235167121181263,2.745409488223668,2.6330451958712913,0.20069040907261887,2.2261453887353646,2.0394566231096802,0.778124241998648
2014-04-07 03:00:00,DEHM_noBD,2.1766714472101474,1.900743040496209,1.4665726326023087,1.9435060268581799,3.0348648174054453,2.639798741572373,2.311592484267985,0.17121053341534914,1.1920848661855445,1.3944624306731093,0.8561597181532694
2014-04-07 04:00:00,DEHM_noBD,2.475502185623796,1.8213711461974118,1.4893555488460408,2.199207182534255,3.0196431934599954,2.5882336181380845,2.2224272920201913,0.18793216466853374,0.8110209470322076,1.7953003694264793,0.8987895609800052
2014-04-07 05:00:00,DEHM_noBD,2.248900980263179,1.7094873274044755,1.5190482117730213,2.388706222064972,2.6635775245197864,2.6165771704279273,2.4216801457522372,0.2570375973565969,1.0607024535791412,2.3197125825107774,0.8746169911986217
2014-04-07 06:00:00,DEHM_noBD,1.9340469976516546,1.601020532687355,1.5482234410192028,2.277940544940012,2.011461089798212,2.4436541884324225,2.500981981744277,0.294064358205227,1.5286181717981455,2.3666121182291535,0.816155834431853
2014-04-07 07:00:00,DEHM_noBD,1.7864440516660014,1.5002306838238035,1.5708481514119925,2.071192765239254,1.5230808712376653,1.8817626585057767,2.1616916341843537,0.3130751045257736,1.6020630165653205,2.0341853600320277,0.7994740256001055
2014-04-07 08:00:00,DEHM_noBD,1.7302665789577774,1.411656516345581,1.5304739331944226,1.9316295212530863,1.3154410782983152,1.3169993065410397,1.7306447160448104,0.3189095521379028,1.6225183000483923,1.7368348529972024,0.855549845895879
2014-04-07 09:00:00,DEHM_noBD,1.6810212134359248,1.4527435819964765,1.551266523121568,1.8258609649523954,1.1094835371794645,1.1696761689469652,1.543221024791544,0.2807972339525422,1.593690242530908,1.5397916461430388,0.8668374439427162
2014-04-07 10:00:00,DEHM_noBD,1.6601691476534717,1.5175957937984943,1.5239513849982391,1.670253764947537,1.1112233096751174,1.4728253899283381,1.6260902723046904,0.23797728362980752,1.5010563624044415,1.3944145995822455,0.8481927193122217
2014-04-07 11:00:00,DEHM_noBD,1.5420879356963086,1.57763437426556,1.2581316270898038,1.5830517958825152,0.9035378604028745,1.7507253472289337,1.638179874654645,0.21165949582035645,1.4042235550747253,1.2992016640692563,0.8319021161959552
2014-04-07 12:00:00,DEHM_noBD,1.3582290068644143,1.553184233524983,0.9441118395976822,1.2629897554141958,0.8710460145270229,1.6046557598229276,1.4490516539277234,0.20807212763825425,1.2879986086583108,1.2246005484035192,0.8147794161168531
2014-04-07 13:00:00,DEHM_noBD,1.1959039535673543,1.3500940298228474,0.7707515306191361,0.9919823974760504,0.8757671734385029,1.347242591984506,1.0793063175762672,0.2225769020179006,1.1508001135492703,1.0695629888989489,0.782952250296932
2014-04-07 14:00:00,DEHM_noBD,1.026977391595935,0.8802997823002505,0.6318340850545805,0.7683700082023597,0.868881347806002,1.0403919018361345,0.8243451967822185,0.22830028682137837,1.0619973082799863,0.863963669295633,0.7481730800858081
2014-04-07 15:00:00,DEHM_noBD,0.9272854077794637,0.6305220403692977,0.6428557657805999,0.6101573303741687,0.9376250400123931,0.9142451315274851,0.6526353599423395,0.2193225079648754,1.0016216914475715,0.6797963958004707,0.713097082197183
2014-04-07 16:00:00,DEHM_noBD,0.867411525374596,0.5621645173505363,0.8580703720823311,0.7683338315915531,0.9959574072554894,0.9545428421250365,0.6439119662131729,0.1980023469876776,1.0440978460804147,0.6433337466396707,0.6974990480562624
2014-04-07 17:00:00,DEHM_noBD,0.8250316822929852,0.8031831705356041,0.8465617837045388,0.6298628037675327,0.768075803165417,1.1330179821699555,0.8694634269835134,0.18965611690778278,1.198574932238365,0.7288620653807707,0.676127896581731
2014-04-07 18:00:00,DEHM_noBD,0.8591275743171538,1.1975155962992012,0.7948947429041375,0.5546557171055952,0.2659961503174434,0.9253190280380775,1.1077784625338678,0.17413946988511825,1.418300912146915,0.9033911156603842,0.6396080027599632
2014-04-07 19:00:00,DEHM_noBD,1.0507244549965926,1.4310829818943565,0.8073105534783522,0.46844924078026023,0.10319803875845854,0.25265643951309485,0.9625787616987687,0.1437536951187996,1.5667920913002826,1.1835114818449584,0.5941698456457186
2014-04-07 20:00:00,DEHM_noBD,1.434499490211517,1.4913322777503562,0.8017776856791364,0.207224123854968,0.2538809454970294,0.4790420567350973,0.31634948780783745,0.12193900660889205,1.5065202451412414,1.4858303534764505,0.5354292826348961
2014-04-07 21:00:00,DEHM_noBD,1.878995982658386,1.6438001758737886,1.0967699097917176,0.20197543266904988,0.3924369824228714,1.2739289738323927,0.17220437538214262,0.11776755564909419,1.3826197601761632,1.644815104936592,0.48867207254318523
2014-04-07 22:00:00,DEHM_noBD,2.209217338955128,1.7767013757362422,1.2936006305175654,0.6923388426719073,0.5449822486358787,1.6588668819220418,1.2032142375802222,0.1406721425436157,1.3082665788326122,2.235521657269603,0.4528209335938095
2014-04-07 23:00:00,DEHM_noBD,2.861598262979045,2.0698813131214173,1.8461873114424563,1.564839980630003,0.5832036410839715,1.9790246602301391,2.0098373930482394,0.19253550764953703,1.3991681957385829,2.5912273593644612,0.434287311227722
2014-04-08 00:00:00,DEHM_noBD,3.8860902320405883,2.714695605862291,2.0638913303435364,2.3223061868199175,0.5846117459262348,2.0388633478528906,2.353467501226061,0.2429055911524592,1.9471963689373784,3.211118409937313,0.46451309528687024
2014-04-08 01:00:00,DEHM_noBD,5.444876399340845,3.2978005713635627,1.9217094177347072,2.4017588554483953,0.8748485110829025,1.378173277499767,2.3824826781068245,0.27752631779322384,2.5396145158690304,4.719416945254561,0.5097785559913515
2014-04-08 02:00:00,DEHM_noBD,5.006452979844902,3.257114483953559,1.4764035585874864,1.917305152754034,1.4288884677895624,1.0973161908876174,1.6340743826569002,0.27089627604022604,2.356625645075426,5.316477295513731,0.5598337271952442
2014-04-08 03:00:00,DEHM_noBD,3.7653036064561785,3.0241865518328694,1.1166322070293062,1.472101559954802,2.120405849385685,1.4850380763568791,1.22435358944841,0.28693070739895093,2.136614416598864,4.086668690755014,0.6004941875008306
2014-04-08 04:00:00,DEHM_noBD,3.271275068029664,1.7919658470185038,0.9793378683667644,1.6135907634246687,2.0144968561609926,1.84729202142884,1.5683555453918192,0.32342738006735205,2.5153353165456465,2.937369695682311,0.610826742033977
2014-04-08 05:00:00,DEHM_noBD,2.792558723907676,1.4106367946020888,0.899226307741975,1.9406111337126157,1.232253068113122,1.6779668689051608,1.9043647019553103,0.29763401092565606,2.9713224969276877,2.080544598755864,0.6449185650646871
2014-04-08 06:00:00,DEHM_noBD,1.7123490019725924,1.0847558173978231,0.8118346507645877,1.979154906371939,0.8626569187114387,1.3718351156794204,1.6693280944100533,0.2119562538461945,2.2096448077489157,2.811434005846996,0.6202332665309216
2014-04-08 07:00:00,DEHM_noBD,2.1664016157622465,0.8977919323852525,1.0445958265338042,1.375067110778947,0.7546876108252024,0.8042787201303604,1.272040013911245,0.13481997159937387,1.1542161186491302,2.0977815881785933,0.5014555517163221
2014-04-08 08:00:00,DEHM_noBD,1.9114112644527692,0.8941313286104555,0.9689748973648089,0.9923502718045487,0.7160584804238704,0.5971719709628854,0.813269035103924,0.09362925200053943,0.8907162339346809,1.5779007541297632,0.41951895168889314
2014-04-08 09:00:00,DEHM_noBD,1.1852521376550456,1.0090541984653787,0.24424462405920294,0.7023848478015116,0.6616808446866971,0.5966148488199298,0.5676856349952053,0.06649659572374525,0.9927221426852373,2.351626822751901,0.40501459893006814
2014-04-08 10:00:00,DEHM_noBD,0.9632162676526279,0.9980973325128164,0.11049349653006452,0.5314969031252036,0.6835791303463372,0.6582605462750675,0.5225606303514574,0.050392209241278324,0.9626593070823722,1.4433185877221488,0.4124905302458254
2014-04-08 11:00:00,DEHM_noBD,1.0640303876375152,0.28817000425463407,0.12833482205829377,0.5748217644505382,0.7328944756862986,0.7344676209165807,0.5753180756733653,0.04137830451543426,0.7587877711137037,1.029438670756924,0.4456531167266517
2014-04-08 12:00:00,DEHM_noBD,1.4991086865854721,0.15672529816319833,0.14477563375613114,0.6883862252700079,0.7642904589809663,0.7895536333721958,0.7271955131541337,0.033477048853067536,0.709365329450822,0.9162732805196389,0.48501968010216945
2014-04-08 13:00:00,DEHM_noBD,0.7726182803230726,0.1719339441774151,0.19950500863779008,0.8207057505182984,0.8643669764492847,0.8650610492481349,0.8270208342943766,0.026938524535358787,0.7779107106131917,1.0591600375713592,0.5086964539673925
2014-04-08 14:00:00,DEHM_noBD,0.22869999062658514,0.20700162604656874,0.2037785237906535,0.888866546199993,0.9515505292685329,0.8866711303408943,0.8445155991457222,0.03218914973290379,0.7964037956520419,1.0440773936124776,0.523544923326373
2014-04-08 15:00:00,DEHM_noBD,0.18182293721975804,0.18224218940367884,0.19508425478390523,0.9496802679591974,0.9939967302860877,0.8819196287796854,0.8273023862385576,0.06342455942461023,0.5458671616065047,0.33471725728385193,0.5224764379911123
2014-04-08 16:00:00,DEHM_noBD,0.17228475988882908,0.16357507791822085,0.16464104921387615,0.921595136225357,0.9349071056745573,0.9156940518484123,0.9178602349558679,0.08258297334629326,0.28918167370417847,0.2444148370777971,0.5314091939987986
2014-04-08 17:00:00,DEHM_noBD,0.19386721909401522,0.15998961161227557,0.13462285494415924,0.8594687315306792,0.8445504445627424,0.9904825919454129,1.0840639180915894,0.09755259313900244,0.22632519605690832,0.2032965735092694,0.5905720555347204
2014-04-08 18:00:00,DEHM_noBD,0.19073185091992506,0.18130170865275547,0.1632524205938446,0.940716091322341,0.7516088372400496,1.070758509212446,1.2401677490860814,0.10393062368865696,0.19828778756323737,0.2203127883852249,0.6621737499078175
2014-04-08 19:00:00,DEHM_noBD,0.19157082902651734,0.15718348182909442,0.12517163783539187,1.1656532318072512,0.6507348158756364,1.1726388060666877,1.4562604532658026,0.09910444541317154,0.16043220140369607,0.26153691616563524,0.7319294934645294
2014-04-08 20:00:00,DEHM_noBD,0.18729821281030654,0.13884741249665639,0.12139261119744846,1.4591005645223867,0.5232483615092094,1.228377202304616,1.7344354278301253,0.08563931088030322,0.11830852512608275,0.25815397573977805,0.7839981556003353
2014-04-08 21:00:00,DEHM_noBD,0.17024113940235502,0.13591460987847165,0.1410614406915422,1.694625272753334,0.3673141900481096,1.2471438026757875,1.8835853285946609,0.07195246318603385,0.08647461580663901,0.23155517559020536,0.8121729354516416
2014-04-08 22:00:00,DEHM_noBD,0.1602411174899338,0.14835031422028488,0.1524099999735457,1.8680372156586733,0.3183453575809579,1.2600679829396517,1.9379402934414922,0.06344126168802364,0.07332987378049396,0.2221764447561953,0.8735834851339458
2014-04-08 23:00:00,DEHM_noBD,0.17436788607627668,0.15975909315996906,0.13615736809440296,2.0151900436767196,0.41862833308979625,1.2701618670860906,1.9763623467117684,0.06335495765943529,0.06400229760979284,0.19798841450838395,0.9452187864215298
2014-04-09 00:00:00,DEHM_noBD,0.18278129303636606,0.15751447665726762,0.10035737206092878,2.3729596161360664,0.6854206479651108,1.35062654346464,2.0356825321164336,0.05992048417214053,0.053005367698198906,0.19533930439326347,1.001268281892389
2014-04-09 01:00:00,DEHM_noBD,0.18350540975344126,0.14422611692716503,0.1283704613692156,2.6598115500703923,0.9704775219453242,1.4782216960861438,2.117898301181976,0.055884649289385226,0.04140932992578473,0.20764830873756426,1.1251605756803602
2014-04-09 02:00:00,DEHM_noBD,0.17338095426469788,0.15635097672124537,0.13615998050641084,2.888555370860307,1.0760126535729972,1.6251048684047342,2.188420943290799,0.06983520882929659,0.033781822714358443,0.1976790821718476,1.354745882749781
2014-04-09 03:00:00,DEHM_noBD,0.16211247685501917,0.16959595842701858,0.12281145870627483,2.988938031943031,1.1152598758873902,1.7869803311420869,2.2588985236398105,0.08589853602315292,0.03067006166663012,0.18457229505080144,1.537406281685382
2014-04-09 04:00:00,DEHM_noBD,0.16290363155025156,0.159943385447054,0.10978031198389812,3.037684438374237,1.1487342697443674,1.9115216931279468,2.358800559400935,0.08355075321586791,0.029379150808900432,0.1711154998957598,1.603312618580237
2014-04-09 05:00:00,DEHM_noBD,0.1665292793060244,0.144469104111558,0.09446303651676505,2.9723330748133012,1.320800331283752,1.9790815805825628,2.388808529291296,0.07296531431798342,0.03676715826988211,0.15437237782948288,1.473694401564952
2014-04-09 06:00:00,DEHM_noBD,0.15626775105307217,0.14032062748874982,0.09174048595908084,2.5090299574191697,1.7393832376296587,2.0074384171876782,2.0564238512271036,0.06519325058139498,0.04856523778248556,0.13905917392535122,1.2792207599557377
2014-04-09 07:00:00,DEHM_noBD,0.14864725113896762,0.13089017226373922,0.09424930762276047,2.0914462204980113,2.1272170461133775,2.159498243785434,1.7638716619039367,0.060544479070119436,0.06759552450559095,0.12704796855233072,1.0931252462818846
2014-04-09 08:00:00,DEHM_noBD,0.14891911803708976,0.1151665894446005,0.09451477505967015,2.1018555766777838,2.079787282359134,2.2757243164470617,2.0811313818494015,0.059577056494331815,0.10098177755291554,0.12405928453474402,0.9497959937443211
2014-04-09 09:00:00,DEHM_noBD,0.1494714694035797,0.11263400824246378,0.09596309772665362,2.27674994241979,1.8522734532720968,1.927672296694857,2.428962834974237,0.06065769009450438,0.16444757958178866,0.12792783689058088,0.865575592266256
2014-04-09 10:00:00,DEHM_noBD,0.1457845194379338,0.1350458856574476,0.10164045937607748,2.088549794297962,1.7547179452571646,1.6171443680030106,2.0624825670973745,0.06335787714371444,0.24263133340124032,0.11956802683775998,0.809333501446587
2014-04-09 11:00:00,DEHM_noBD,0.15094758918544499,0.16080390408178866,0.1072085611343126,1.891637079497996,1.6931181469233054,1.5027119213189046,1.5472236346638248,0.07483620990534298,0.2913387179477511,0.07362130277666248,0.7851117602318152
2014-04-09 12:00:00,DEHM_noBD,0.1522790145541202,0.17615147167077488,0.1099641402845224,1.6002336620462012,1.6226422878445779,1.386623287638556,1.23416987884311,0.09938428187339558,0.3054234963675325,0.05933949573710539,0.7481117402540263
2014-04-09 13:00:00,DEHM_noBD,0.10482683013578871,0.19469801509025547,0.10932318422709585,1.2772162564874638,1.5729933613851577,1.3007264642989682,1.1229826771713747,0.12912627795964463,0.3017345024133817,0.07212433628914867,0.7055519892308789
2014-04-09 14:00:00,DEHM_noBD,0.082974751032153,0.1951483356472447,0.10547108352762631,1.2603323725222533,1.6396534946572223,1.3317840754132064,1.0433556286098913,0.1613766528937964,0.29944195065650314,0.08093677455905107,0.6599348705091419
2014-04-09 15:00:00,DEHM_noBD,0.08471212478701012,0.16945119893707428,0.09978851967738524,1.189058774383533,1.7111368787206058,1.437607980471386,1.1169102996033298,0.1914401008203019,0.2633485626749717,0.135283606716626,0.6311452651152201
2014-04-09 16:00:00,DEHM_noBD,0.09080527774779112,0.23666463721485612,0.09837911425794933,1.064915344814639,1.765075921344222,1.6059714733435981,1.34845897959991,0.20354042733438305,0.21272896553874826,0.1782301845438259,0.6150271226730905
2014-04-09 17:00:00,DEHM_noBD,0.12903947930155302,0.34604456225159397,0.1296867772837847,1.2611583011554686,1.7715167876959825,1.817236198812537,1.6956476030388774,0.20307918442943185,0.17433345954009494,0.21295891385290497,0.6071865076322773
2014-04-09 18:00:00,DEHM_noBD,0.17362250614592795,0.43308638413645795,0.19168720693029878,1.5208926081155902,1.8692532568242586,2.200912189078868,1.8839085495977304,0.19693699723505845,0.15094342215884576,0.2811004350010081,0.5925215491339422
2014-04-09 19:00:00,DEHM_noBD,0.21980166149164537,0.4173562563217462,0.2874708416062716,2.1027990321090817,1.9887826437568474,2.59500821160779,2.1898368933646584,0.20008929126488575,0.14481208894554284,0.30089156226921576,0.6019169969582351
2014-04-09 20:00:00,DEHM_noBD,0.23529408071275323,0.3962637458185933,0.49327229454746335,2.8049854131508547,2.1953340122067067,3.0273076148166203,2.7606707450835124,0.23094087422791776,0.15662152258536294,0.29166547300736045,0.6255029173248913
2014-04-09 21:00:00,DEHM_noBD,0.23622488708737058,0.4568682050311548,0.6860482726237842,3.5867334062820118,2.4392054907677694,3.510874771847036,3.56739427187197,0.3219284215129329,0.17434999897516257,0.2757571095002407,0.6422888534425792
2014-04-09 22:00:00,DEHM_noBD,0.2342213693830067,0.49640553569228024,0.8724358962313341,4.310608390516315,2.719104330817438,4.137838867707676,4.3351942795591505,0.39534687360285775,0.1887219840815802,0.25035462435686884,0.6400971057389968
2014-04-09 23:00:00,DEHM_noBD,0.22022944702477407,0.49083974537509834,0.9979888583681251,5.089913427120303,2.991904002440886,4.889228627711486,4.969830748063694,0.4151578917287801,0.19215543599101362,0.24036494768402344,0.6305630831133731
2014-04-10 00:00:00,DEHM_noBD,0.19187953510433428,0.47938011961459215,1.0410406122376143,5.850774414538214,3.2557255097979354,5.55487083472776,5.663506816813395,0.42501343142351583,0.1885666579560375,0.2588424052264331,0.6163385362283632
2014-04-10 01:00:00,DEHM_noBD,0.17056352668144728,0.5424218223518976,1.0422898005869643,6.406310786328063,3.5207164379419083,6.049954560803901,6.388917033393864,0.4274563765770568,0.18763164499550694,0.27424491744482826,0.6098422239424872
2014-04-10 02:00:00,DEHM_noBD,0.15590160054498337,0.6386685445609976,1.055183391893076,6.830849690034598,3.8078801961982087,6.337454670899041,7.055074881228348,0.3939073171728522,0.19990206251911113,0.27455815144600093,0.6148134223892551
2014-04-10 03:00:00,DEHM_noBD,0.1363410702004702,0.6658775074881456,1.0653790858098513,7.128369968183231,4.043827380249495,6.456653646065643,7.518148153561454,0.38033756698982424,0.21485190039378105,0.2529949673677095,0.6227236140337848
2014-04-10 04:00:00,DEHM_noBD,0.13232025877842435,0.6938879526804477,1.0550222077755778,7.352253986023985,4.200643776089055,6.589388453376792,7.793483543134713,0.37516080745431934,0.22705639613496004,0.22558538194685698,0.6145775261350417
2014-04-10 05:00:00,DEHM_noBD,0.1542332898962125,0.7126413530819775,0.9263798952561305,7.183337425658356,4.070155334181301,6.482539084859241,7.928283767489779,0.326284817260345,0.22951426884548948,0.20771006443404574,0.5714834174426457
2014-04-10 06:00:00,DEHM_noBD,0.20949524229309102,0.6993175153250918,0.7853649084202421,6.392658589687313,3.802490613939338,5.5753247502656755,6.789695807525412,0.25963293860570286,0.20797054009651977,0.1978550332456406,0.5343419710704171
2014-04-10 07:00:00,DEHM_noBD,0.2371859572347252,0.6747142658592773,0.6990826358613207,5.848098991258749,3.7374032438533082,4.875008429670366,5.493600257671782,0.23959464650772036,0.19569351583090827,0.206732081143828,0.5157205980337409
2014-04-10 08:00:00,DEHM_noBD,0.2382685822545631,0.6033830778543593,0.6314705954114319,5.1729266921527115,3.648021902630129,4.366432165848162,4.647853119971157,0.21143440183920315,0.184475711270389,0.2252559303227019,0.5041942095425538
2014-04-10 09:00:00,DEHM_noBD,0.2928542400145693,0.468760539985297,0.6502323759412938,4.587369134177306,3.592699259466771,4.024196485443958,4.09551426944974,0.1897455873039083,0.1623834509760571,0.2491715958778838,0.5031268659733235
2014-04-10 10:00:00,DEHM_noBD,0.40443784270302385,0.3671459188921649,0.6322943771805665,4.347156550166435,3.481240782681469,3.840890324967293,3.6611787978812025,0.19258344580577672,0.13739607506949553,0.2798069551804975,0.49965907685547006
2014-04-10 11:00:00,DEHM_noBD,0.41645015551677556,0.3602467502526601,0.5314874286316036,4.236785229698604,3.0700663433663227,3.7382578140016074,3.5000940881403113,0.18719244471034016,0.13013524633284052,0.3182931443564889,0.4957352150166732
2014-04-10 12:00:00,DEHM_noBD,0.3498163741415201,0.38284151574956415,0.5071835050995415,3.8743744938032596,2.9666510714352174,3.405776162466692,3.7074178655059695,0.18238390736035984,0.14940488464019014,0.35792074642970995,0.49084906551151186
2014-04-10 13:00:00,DEHM_noBD,0.28018334000415623,0.4098975900449263,0.5387451394645755,3.7538338376042777,3.0750432978680364,3.16188669139931,4.079025846622347,0.28600088125649825,0.17912948030240539,0.3861171248458285,0.47436627844949364
2014-04-10 14:00:00,DEHM_noBD,0.25441789692482675,0.3021598970672544,0.49299104611829525,3.936505985342233,3.016826700715804,2.920358531475324,4.03348871102783,0.597340728485235,0.1871416383333937,0.40418188096356333,0.4936215021160477
2014-04-10 15:00:00,DEHM_noBD,0.2386767375568392,0.36211660851588573,0.5391821284434724,3.975397685156519,3.09277279267285,2.5019833338362703,3.8550522981036828,0.6768221871294058,0.16002837632313424,0.4673824702445002,0.5367644587426073
2014-04-10 16:00:00,DEHM_noBD,0.2546432563607136,0.3848935347497644,0.6095188245767702,3.912417989387241,3.077392233867296,2.3911628508976395,3.442140680601586,0.5573439396370388,0.11992358547543831,0.5011600841847348,0.5964566798605938
2014-04-10 17:00:00,DEHM_noBD,0.30974788215965315,0.5320748936315399,0.6773515174227779,3.882902068300168,3.4420188900128936,2.6858244247508245,3.0355543570555548,0.43926367472156863,0.11321808404506888,0.6152836165044452,0.6710013902098118
2014-04-10 18:00:00,DEHM_noBD,0.448031837144012,0.6399290121005117,0.7671415545569976,4.107516136634823,3.9773871054939414,3.3173089525646904,3.101301032234296,0.34129382535114877,0.13591967829476334,0.5981758053082533,0.7463306812928074
2014-04-10 19:00:00,DEHM_noBD,0.9060488343027273,0.7395614687403911,0.9147540644670317,4.387273468267472,4.470438447553363,4.621445304746448,3.3716072663287733,0.28262581810925136,0.23846402080825052,0.7137537206127378,0.7989422748833945
2014-04-10 20:00:00,DEHM_noBD,1.0834328797090955,0.868339565821296,1.1332353890823363,4.354030820781341,4.687830192604813,5.734805660469666,3.827709766317186,0.22006453175257873,0.39568899790310175,0.967503970664283,0.8193521682574442
2014-04-10 21:00:00,DEHM_noBD,1.0789233956703546,1.0977082587117903,1.244855673265541,4.490729398983651,4.9249753484372665,5.99520731119528,4.537971912785838,0.16716934185282784,0.5464207356181461,1.1599698733808095,0.8010009562335039
2014-04-10 22:00:00,DEHM_noBD,1.083459017306331,1.3479182420829807,1.2639144110058713,4.767978490261057,5.143744024745798,6.184807483658161,5.228144929886793,0.1424735156225062,0.757631776595288,1.313002180794412,0.7282302696219307
2014-04-10 23:00:00,DEHM_noBD,1.1767118470117863,1.5864594113830326,1.279738980324499,5.143938121584272,5.34553833005573,6.49212823608903,5.956235732399557,0.12268583060522555,0.9672386326321063,1.558660234385803,0.6063902585653471
2014-04-11 00:00:00,DEHM_noBD,1.5331131985952882,1.7848639342662742,1.2519965938206785,5.443614931938374,5.60893570254674,6.771628782997573,6.626535236607597,0.12217091842724934,1.1582479478751844,1.568728947211057,0.48787856737185
2014-04-11 01:00:00,DEHM_noBD,2.0930840860626794,1.8334801851563476,1.1743944606776373,5.691019927182383,5.921860501338048,6.983548847371221,7.143411499513907,0.12165230778134639,1.4654872051968684,1.4602381363096832,0.38541760784498097
2014-04-11 02:00:00,DEHM_noBD,2.553317051600421,1.8307635650912846,1.0724853803987648,5.854195775557873,6.033672668517624,7.2345118408448155,7.49231873072362,0.12959778651953083,1.760803839368607,1.396804374736212,0.31236113283965605
2014-04-11 03:00:00,DEHM_noBD,2.9543186591807387,1.6644893204369002,0.9914905552388972,6.1314807735809485,6.017234223304294,7.490164374971352,7.727924613257047,0.1484675259694013,1.8950518347384162,1.5413352637369369,0.2859520676476338
2014-04-11 04:00:00,DEHM_noBD,3.0329630009974187,1.4356033571773978,0.8579431718984897,6.3828395097612125,5.886880064098598,7.537449219827969,7.989163552762963,0.1683019111020862,1.9087948218198283,1.6358776620369126,0.29973356428222103
2014-04-11 05:00:00,DEHM_noBD,2.935810890263241,1.2567583433412783,0.7088951625484368,6.559658662320567,5.575913202630227,7.199847348870445,7.62171645011596,0.18608144036158905,1.7921436580941779,1.789695359592,0.3534340492305965
2014-04-11 06:00:00,DEHM_noBD,2.612744296550747,1.0866440614045545,0.5387964447109872,6.368542253293368,4.851369630002312,6.071847956682276,6.460521707948337,0.18175238053813575,1.4696073853698557,1.844049038816141,0.43921558729019067
2014-04-11 07:00:00,DEHM_noBD,2.583918159159431,0.8753875296348017,0.3197147531479365,6.122799061191511,4.166038761175478,4.843861080688037,5.272365417548757,0.17027095945749418,1.1431978590354464,2.031012045580549,0.5273195345960114
2014-04-11 08:00:00,DEHM_noBD,2.579779179444013,0.6299718536406405,0.1989315809011371,5.653694079119538,3.519746911179973,3.806188003425866,3.818171475671238,0.16033210032217188,0.8153063628526032,2.1021512303998477,0.6068227713070542
2014-04-11 09:00:00,DEHM_noBD,2.491234266639455,0.49174787825638994,0.2881080813598574,4.318635009261343,2.9767884244685145,3.033994917306681,2.763357596240506,0.15108260890410277,0.5204983808821811,2.0239654445356283,0.646487783260679
2014-04-11 10:00:00,DEHM_noBD,2.2758730272935,0.38914668988889184,0.3222498326202131,3.090396278008709,2.5467784408038856,2.52282556909251,2.354002746790046,0.1465411923011065,0.383988349641189,1.8990730411592205,0.6035080788811665
2014-04-11 11:00:00,DEHM_noBD,1.9288339499211524,0.3304177787573,0.2529747918759192,2.93802769875774,2.4539735326584244,2.257013442559457,2.5303104134997056,0.15635403805493137,0.30652331030197427,1.8836061101232324,0.4903028224754865
2014-04-11 12:00:00,DEHM_noBD,1.6226556841199802,0.2867027715332898,0.2631446584971214,3.0715964850980204,2.4154018912606317,2.1046159606579176,2.842273133260334,0.16377786052878585,0.22258701063081598,1.8008050490348697,0.36464466303359183
2014-04-11 13:00:00,DEHM_noBD,1.4360761830952344,0.2672421694615128,0.3069630147828528,3.2056116534174715,2.316278062594794,1.9440106565675421,2.9914194887953482,0.15416998005546725,0.17754981027502556,1.5575855736465882,0.2773606126917947
2014-04-11 14:00:00,DEHM_noBD,1.4047186735527355,0.24370123615776876,0.379234347996489,3.343649424933115,2.2651907492595726,1.8592816426804801,3.515935045014805,0.15280841542578755,0.17265166893856587,1.499997594371528,0.21462305325291403
2014-04-11 15:00:00,DEHM_noBD,1.4770914686593883,0.23491523452997787,0.3660198599029919,3.3690788049667364,1.9864068217841488,1.5699970473821374,3.1703264163408282,0.1501221974357235,0.18809546128820379,0.9219397542801628,0.17691751674675882
2014-04-11 16:00:00,DEHM_noBD,1.488399665104688,0.23209792218890302,0.31529937913422534,3.378574719801602,1.5481792311449256,1.3115114225949647,2.1251673735610193,0.14418969536484239,0.21130096418243113,0.7458760078671732,0.14697438919068626
2014-04-11 17:00:00,DEHM_noBD,1.4064798316116127,0.2402878926623207,0.2580403620835169,2.7239668248069506,1.2510020424787514,1.2298194556848143,1.6294730949652139,0.1349954870244953,0.23231537236065372,0.8453990896385172,0.12662421996834303
2014-04-11 18:00:00,DEHM_noBD,1.2320887804005989,0.29809948661706887,0.30866958367765485,2.1202097878353685,1.1358789976653596,1.497978726857216,1.6252021131251477,0.12026395408624992,0.25481413929221347,0.981148768582932,0.11589267377908682
2014-04-11 19:00:00,DEHM_noBD,1.1794480878655478,0.3471037830747934,0.46534884720125447,1.8694391725151507,1.038690760220429,1.651205404273735,1.9462489700615575,0.11520696433884793,0.3154736768321412,1.2677592878131025,0.10878207842840042
2014-04-11 20:00:00,DEHM_noBD,1.490890336777748,0.4059898197793747,0.5267320415101703,1.9876970932609057,1.0174977319013234,1.638192738989311,2.1599748421350977,0.12062025803491022,0.3916956108460574,1.5317651931733194,0.10320505008916457
2014-04-11 21:00:00,DEHM_noBD,1.6917474029491906,0.4726711746266797,0.5325070139742366,2.181524210402357,1.0817904604458133,1.7248975549361216,2.42474488300357,0.13592770672227206,0.3520046483923494,1.6660451637899008,0.10278718434151064
2014-04-11 22:00:00,DEHM_noBD,0.5030658710040041,0.5634925949181426,0.5482319414130783,2.3945223313153448,1.1488992119848995,1.9293782185847375,2.816431124942055,0.17130859455847297,0.3564349668042361,1.631687044873647,0.1056996304283807
2014-04-11 23:00:00,DEHM_noBD,0.3503866759221492,0.6448232465437136,0.5500093488657962,2.6326372157990203,1.2658228720108209,2.2555635678517394,3.257913151265865,0.20729547409176957,0.4021984780986606,1.719028850389659,0.1079931798805007
2014-04-12 00:00:00,DEHM_noBD,0.3701584529043257,0.6874127167129557,0.5878579867908311,2.8630036381223847,1.397866981767977,2.6083828961175373,3.690601233134034,0.1927304751764098,0.43012173679366705,2.0661672332418592,0.11350901499107033
2014-04-12 01:00:00,DEHM_noBD,0.45601637276532003,0.6928007221698446,0.625250715548177,3.0868018898549763,1.5234930248612548,2.94667535627567,4.099590917102461,0.15447005239066666,0.40637413339197614,1.8881550651131662,0.12105615034719627
2014-04-12 02:00:00,DEHM_noBD,0.5592682148704299,0.6697645385592116,0.6614782942675799,3.3215676974773922,1.6472100930754747,3.234827381770285,4.498715412875425,0.12760394801449026,0.35421486993312823,1.3130372368363008,0.12415541983818625
2014-04-12 03:00:00,DEHM_noBD,0.7164629882952582,0.591489687976007,0.6507689364571148,3.612002972997014,1.7798522152439211,3.4335279330456165,4.443201906912779,0.11715177716195568,0.3434831396909057,0.9359107450439733,0.12349577681171821
2014-04-12 04:00:00,DEHM_noBD,0.8172071749985986,0.6296449113096634,0.618285909512214,3.92575033541386,1.9090307197223464,3.4867412602259966,4.137982128995397,0.11878816579163062,0.39942411892354485,0.841792285375474,0.12865899513534831
2014-04-12 05:00:00,DEHM_noBD,0.7966209653487738,0.6152862458475794,0.6174686780619324,3.820180837797159,1.9167002356200304,3.3686055575230065,3.9531067210998505,0.16264318223476387,0.4121271556469052,0.7662705291273817,0.14204226023527897
2014-04-12 06:00:00,DEHM_noBD,0.8663996908648061,0.5994527658711362,0.602529877559496,3.535699412153004,1.7870892955768063,3.17400503000088,3.726516177423117,0.3162532860414683,0.369433444773685,0.6393857361176755,0.1608941209118579
2014-04-12 07:00:00,DEHM_noBD,0.9690136118946043,0.5967836349287163,0.526082461136234,3.4029022954530546,1.4435068611274449,2.964862985435855,3.6667451631309653,0.4304344903830438,0.3049414035638816,0.6079020383503998,0.17788399384555623
2014-04-12 08:00:00,DEHM_noBD,0.8675813845535075,0.5751302755149175,0.45520124235128456,3.2697744875368966,1.069011493157423,2.59286795971482,3.398030055016513,0.47520852726951235,0.26366745439590406,0.7032858847998885,0.18134162679129268
2014-04-12 09:00:00,DEHM_noBD,0.8314604453748862,0.544374650224601,0.4011256412776914,3.2153191380602117,1.4078392716131454,1.8718969765847904,2.5355086250883305,0.4870503281087893,0.2531450047909549,0.8269578692297952,0.1804612845870013
2014-04-12 10:00:00,DEHM_noBD,0.9207737191705283,0.4806416019370252,0.36606206936851793,2.4415173674760844,1.7977561717065889,1.8602431285479843,1.6186833223108408,0.4846896395758352,0.33902646625819727,0.9985431331145146,0.17603670653880327
2014-04-12 11:00:00,DEHM_noBD,0.9596071112700315,0.36748902878048545,0.6245088164469613,1.8093248762518783,1.8710458587644063,2.0477038870047073,1.6711962030258332,0.3595190230766684,0.44681727701260754,1.274756478202879,0.17000471508653073
2014-04-12 12:00:00,DEHM_noBD,0.983277687048771,0.379555968334375,0.9021351801625609,1.9224913154992174,1.6883411223986093,2.0703546169030815,1.8692508584610195,0.18546210699026466,0.48193069157657864,1.4012631912304658,0.15383704070799384
2014-04-12 13:00:00,DEHM_noBD,1.065298820839509,0.8434005046398406,1.3092621026484528,2.067113314106017,1.9067927061755676,1.8269942971596367,1.8374202537520443,0.06521819154659732,0.5315850798179811,1.0733284565189034,0.1358391563676799
2014-04-12 14:00:00,DEHM_noBD,1.066767814276105,1.523989892725658,1.7827405157459852,2.1530492935937833,2.5067787358543185,1.6436055760645045,1.8735090943822303,0.03487319487327696,0.6181627987465707,0.6130355580842802,0.13529358973583905
2014-04-12 15:00:00,DEHM_noBD,0.7990866081830024,1.4049650331095882,1.678171103158195,2.145485762087521,3.356271411748146,1.9139501111740975,1.8412768288567447,0.03700550914328526,0.6087383477955058,0.4141091721316351,0.15613399494231212
2014-04-12 16:00:00,DEHM_noBD,0.45828405711151676,1.4939129376860427,1.135484952602552,2.0408465627662844,3.970611550154812,2.9025858482619062,1.6588357581311985,0.05009999325294493,0.6338122222198289,0.38320714550419155,0.16115141819725498
2014-04-12 17:00:00,DEHM_noBD,0.5360742352704029,1.4027664450146429,0.7498843065580212,1.9823073057303815,3.7095061952232338,4.246454559527514,1.802299595731183,0.0718344456359556,0.7736803725012391,0.48427698572897,0.1644951851375293
2014-04-12 18:00:00,DEHM_noBD,1.0848689808220149,1.2854155655263777,1.0489965240430899,2.0429195291457436,3.055915862306664,5.393987660573445,2.8764085572407705,0.09096025229251929,0.8173065231241565,0.6800720432695985,0.17753835956664346
2014-04-12 19:00:00,DEHM_noBD,1.7820610454515227,1.1154698032361696,1.5747693849501165,2.6619462309861786,2.8268359075238187,6.025602746602391,4.540690962069693,0.10292999340743744,0.77412483492597,0.9774757237531134,0.20593485950481943
2014-04-12 20:00:00,DEHM_noBD,2.022914084025258,1.4904695424903864,1.5386508543600486,4.330917642253338,2.497626568150157,5.91050776205336,6.099395225873844,0.10389352373161698,0.6950641780253661,1.3526082374997528,0.23982390084889996
2014-04-12 21:00:00,DEHM_noBD,1.852476209082068,1.9686665021370127,0.9067209809933686,6.257965187445974,2.0600577225910266,5.285177308782278,7.521933521060572,0.1039095781077047,0.5008211875661601,1.887870594146404,0.2674129677512692
2014-04-12 22:00:00,DEHM_noBD,2.0963841181554352,1.7574980636543878,0.6996002233693785,7.467683474952948,1.6732932460671197,4.84349309647759,8.127901133819837,0.09867681093724895,0.4317133023343904,2.176979514638912,0.30592893078887473
2014-04-12 23:00:00,DEHM_noBD,2.90814229669325,1.356784330769647,0.5131057310672797,7.828559608332531,1.387359898134561,4.722800356048127,7.74404891073934,0.08113664046792994,0.7107169566561163,2.3020228753576624,0.32489377705611683
2014-04-13 00:00:00,DEHM_noBD,3.53352933972378,1.0132214433419533,0.3324895323431415,7.248406259830394,1.2239724500033982,4.521293082310788,7.153261169645587,0.058654964991719405,0.8701617662029257,2.4709274320356336,0.31291023872645307
2014-04-13 01:00:00,DEHM_noBD,3.2583572361791866,0.6914081851116741,0.2557011274928145,6.394945587473781,1.3474874503030396,4.059139909299042,6.517035658441849,0.052009541327822734,0.7419192757151776,3.4279827045686195,0.27985717425934165
2014-04-13 02:00:00,DEHM_noBD,2.263683788729268,0.48757316735998274,0.20838620464051266,5.6489829892098795,1.719828521934736,3.488269839110209,5.618119466354409,0.053087103765159724,0.5762450085879117,4.284808522634867,0.2415025602792681
2014-04-13 03:00:00,DEHM_noBD,1.4945687047109437,0.38885216928262945,0.17533242391190257,5.060050532238102,1.6245902837065092,3.1925894409092144,4.9581153395337,0.05132421370044343,0.5208352388358005,3.9229084320595096,0.2074019478236644
2014-04-13 04:00:00,DEHM_noBD,1.05672939263097,0.3149140099337232,0.16746777273040178,4.32748775754345,0.9572222565980837,2.960772334591784,4.6804227176571835,0.0519750776400602,0.43335460882799803,2.9260766820654895,0.17698076381007002
2014-04-13 05:00:00,DEHM_noBD,0.5819486251775803,0.24943564443534774,0.14681635732596968,3.8118564497929435,0.5158688186022871,2.5233660348257767,4.065869769301514,0.05294517840902307,0.30723391902353603,1.8286336135841532,0.15193062682526987
2014-04-13 06:00:00,DEHM_noBD,0.3383102010552619,0.14640527727195884,0.11540129685092143,2.9130181698597,0.3736728309848857,1.3721990307410719,2.4584986310896912,0.05606198765326285,0.15375911266189524,1.0385678236629605,0.13826439212688404
2014-04-13 07:00:00,DEHM_noBD,0.23482174283120077,0.08920763798291936,0.07031865456321318,2.0819488450601766,0.3440122644326927,0.6035035911751521,1.1153263730015273,0.06264920330755407,0.08497690925618155,0.5313939035903882,0.125713339936378
2014-04-13 08:00:00,DEHM_noBD,0.18210009600028387,0.09041047617459037,0.07229546133806225,1.3858536231113332,0.3797022442943555,0.4458055348542692,0.7319983418810792,0.06665295770958055,0.08296410764358927,0.3311562545172474,0.11143294454470727
2014-04-13 09:00:00,DEHM_noBD,0.2188555733816347,0.09851212606310691,0.07707747664475914,0.9538984157723096,0.4274172419215645,0.46749815596384436,0.6694878860628255,0.07005399883009482,0.08393680814296928,0.23292280510975277,0.09423550771765331
2014-04-13 10:00:00,DEHM_noBD,0.28507421412030576,0.12377468463559946,0.07767054208357282,0.868668912045909,0.49659811422147776,0.5425649028287851,0.6731400696394655,0.07098035279701448,0.08258091527815896,0.23891775651568503,0.07658490879969071
2014-04-13 11:00:00,DEHM_noBD,0.2562861919015226,0.10675364985657688,0.08445930692619086,0.964863462727904,0.5638866292467433,0.6016058289409427,0.7662583802713238,0.06989894709982898,0.08606021866768584,0.205517562087358,0.06526273426408859
2014-04-13 12:00:00,DEHM_noBD,0.188016109670978,0.10020682836109489,0.09193392846749388,1.0273130472126395,0.6363748014530259,0.6444937201072345,0.8650812925016472,0.06946055720239855,0.0870191380966453,0.16459321687276057,0.060381771300849416
2014-04-13 13:00:00,DEHM_noBD,0.10852325373299168,0.11476068257994887,0.10149893977906546,1.0863321071987542,0.6756580739700794,0.7012024846119804,0.8815636131452,0.07416279135745943,0.0866929387589916,0.15330965504530109,0.05874586100748723
2014-04-13 14:00:00,DEHM_noBD,0.09191123140599919,0.13332808106795926,0.11485363772532478,1.1586666775572865,0.6760478737765363,0.7194054600654426,0.8552339661282592,0.08995703944568971,0.09387482659108923,0.15782238317810188,0.059674393265229705
2014-04-13 15:00:00,DEHM_noBD,0.09849022109618638,0.15360384884022257,0.13201250683173696,1.1414870142040348,0.7096915154963219,0.6915590542525879,0.8354093741436722,0.10482949714465518,0.09819802694141844,0.1435030601010584,0.0616705384088021
2014-04-13 16:00:00,DEHM_noBD,0.10623396765185458,0.17402037723204153,0.16498001253809283,0.9696249323764973,0.7304216246924177,0.6215922229297646,0.8250185724493677,0.10277003929090678,0.10034982441522161,0.14298785959812,0.06410842049441198
2014-04-13 17:00:00,DEHM_noBD,0.11966414014798407,0.2073807798884464,0.1879857118418743,0.8797502979905141,0.7956848381903254,0.675024299874184,0.809935086213231,0.09618504667330292,0.10995211042139665,0.14490627235681097,0.06610536301619505
2014-04-13 18:00:00,DEHM_noBD,0.13728661294166983,0.24089849921898202,0.19879127283670364,0.9140560982887573,1.004997840402089,0.98051912205815,0.8953440958199418,0.0917168893201659,0.11227263561861572,0.16011671539375144,0.06614427676055579
2014-04-13 19:00:00,DEHM_noBD,0.1638588048830441,0.2587995157159972,0.1960657947597939,1.0683136387618264,1.409941264359341,1.4954170281412975,1.0775048968475613,0.09280970534658221,0.11566401860531414,0.17791683319991347,0.06509951447990732
2014-04-13 20:00:00,DEHM_noBD,0.22132429444008847,0.2567598538671987,0.18038620907574623,1.421079028550727,1.908410535377017,2.1420823302735625,1.5378906129721048,0.08895756953649568,0.12633336663991193,0.22344211943928324,0.06449225817978228
2014-04-13 21:00:00,DEHM_noBD,0.2548863120136688,0.2574067517933,0.1858066630664386,2.1577537708192303,1.949968877782538,2.821798197594184,2.3855347173668906,0.07593263085623368,0.13264569187011557,0.29810221293038697,0.0672481936076119
2014-04-13 22:00:00,DEHM_noBD,0.2539124524885229,0.23066877468258304,0.19675619022526386,3.001076499028423,1.8996419217333058,3.136173276125267,3.5477218856156165,0.0680181436993179,0.14409538928054258,0.33581142693820476,0.07171969633763402
2014-04-13 23:00:00,DEHM_noBD,0.2390184998427586,0.20308005157661788,0.17681712327884114,3.2185930940683503,1.45562319395788,3.1188524165339926,3.651887297459728,0.0698928408977056,0.1558788554582743,0.34999319645885496,0.07699149289321863
2014-04-14 00:00:00,DEHM_noBD,0.2302805276320593,0.21379877537209632,0.1410681877427946,4.133125968465867,1.255103160084961,2.687379787163315,3.8567819229125373,0.09036287781400194,0.15352501027241336,0.3654507099451556,0.0809732664200073
2014-04-14 01:00:00,DEHM_noBD,0.20677526015234868,0.2271405377252535,0.1080228486928916,4.024696801200523,1.0515008848698484,1.8688788896032842,3.674363907718092,0.11712362098416425,0.14326041007993734,0.32917868161509656,0.08327866966653252
2014-04-14 02:00:00,DEHM_noBD,0.16460093328200492,0.19510473510851611,0.0827334319426859,3.263429922494873,0.6581741580017096,1.4553790666630428,2.5932454485434446,0.08486441121421501,0.13730034348852918,0.2783473201292376,0.08228863206315534
2014-04-14 03:00:00,DEHM_noBD,0.1347604389740991,0.12557330419308657,0.05572343099538557,2.5177052491707768,0.40284848692193603,0.9759993678731672,1.9589540817902462,0.07784458089084818,0.12926629501037282,0.23245895587685034,0.07832126186124795
2014-04-14 04:00:00,DEHM_noBD,0.12548746509889605,0.09456242449613111,0.0572851082068493,1.9295598406531844,0.25042979339215893,0.6127535499868617,1.2233840390708415,0.0910091888899447,0.12351081469293682,0.19142034807768843,0.0720986373529481
2014-04-14 05:00:00,DEHM_noBD,0.13329376394393844,0.06925056135943719,0.13636539737711212,1.2258511518509494,0.19112050274468945,0.3762667408215506,0.5908014563894806,0.08162963997898609,0.11408641138818106,0.2053969732120725,0.05500546040975341
2014-04-14 06:00:00,DEHM_noBD,0.13489561823312302,0.0940398378209423,0.11301699124837973,0.5087909162156224,0.16623733832568854,0.22232293107513676,0.28924014674565396,0.06641067189261302,0.10963348030627695,0.22594470391778443,0.043146118280031606
2014-04-14 07:00:00,DEHM_noBD,0.11231495172233945,0.12957959624253085,0.09534756531588073,0.25634803516095783,0.134803355859015,0.16808723136924655,0.17059266744517199,0.05678832693238266,0.1031891929023199,0.30382727975793655,0.03583703454801278
2014-04-14 08:00:00,DEHM_noBD,0.06691736267600024,0.09360077376039626,0.10552601516476932,0.22694500043778792,0.12299306356460776,0.13995366002559534,0.13982478934233128,0.05155704477231926,0.08747877587746775,0.26951710202936563,0.0320285466805187
2014-04-14 09:00:00,DEHM_noBD,0.0651993037346424,0.08315625266216489,0.11676025561057247,0.19917628192684567,0.12229431939242394,0.13498454222916845,0.1384566164906218,0.04647554753419923,0.06691937501877993,0.1407505758609231,0.028773617372887625
2014-04-14 10:00:00,DEHM_noBD,0.11322580796984945,0.0689662488521502,0.1095597193763125,0.16508554951725427,0.1221550202086195,0.14071344966477006,0.14183531242818626,0.0449699023338267,0.04956842651746452,0.0640347061031671,0.025947805795393502
2014-04-14 11:00:00,DEHM_noBD,0.09276385973048386,0.05812273883940983,0.09436735587790837,0.16719026490044456,0.11924459011064828,0.15537107731585842,0.16536646626648777,0.050333430486735685,0.04361329689651657,0.07083775854845413,0.024903464016920077
2014-04-14 12:00:00,DEHM_noBD,0.07029994640353118,0.05061907466892403,0.08145679499741869,0.17345006014472392,0.11889627994704983,0.16844131415497968,0.18932478100808608,0.06178048415441979,0.040180210358426414,0.14457805119377082,0.023738634777052597
2014-04-14 13:00:00,DEHM_noBD,0.06818119065691243,0.042319989891266334,0.07335159812212394,0.18001875202508869,0.12315064453653052,0.14970260077121197,0.17930619059313366,0.07800207856728686,0.030418398169290595,0.22380773687935884,0.02162895738384096
2014-04-14 14:00:00,DEHM_noBD,0.06035474728404536,0.03668904098264859,0.07801194977901142,0.15233240320757635,0.12629363686873568,0.13046286020075656,0.1484901612453574,0.08826920372100536,0.01961119923903564,0.3000452038527499,0.019076120162460058
2014-04-14 15:00:00,DEHM_noBD,0.04804238020603766,0.03881278115213439,0.09032406096525758,0.10884470357111883,0.10993600128879762,0.12425315196921799,0.12229988204124487,0.08241853761859218,0.015583505695900711,0.22829083087242025,0.017361473298235577
2014-04-14 16:00:00,DEHM_noBD,0.042417794254291756,0.03826061494593067,0.10714412322637361,0.11330821000802382,0.10467589229802589,0.10985641286799905,0.12204998166904772,0.07433730547627883,0.016504478403033453,0.12377457483779136,0.017108746693414154
2014-04-14 17:00:00,DEHM_noBD,0.041940737716359915,0.043203857992017744,0.11074832377038282,0.10990678952715068,0.10478992405735882,0.11398467022616991,0.12143386324278649,0.08142485311236686,0.01911455360343747,0.11432398945746153,0.01720422472724621
2014-04-14 18:00:00,DEHM_noBD,0.04200167697556776,0.059248111001675687,0.10959173727701547,0.13269083517139085,0.1052518242691363,0.12042447807286501,0.13788156163770052,0.08477822474168596,0.020539779512823205,0.0988296883200023,0.017449136876198455
2014-04-14 19:00:00,DEHM_noBD,0.05456646663408707,0.07195678586524379,0.10596519967993144,0.16984608201290408,0.10602366321452886,0.11699311786216096,0.190746760452356,0.0707422432319749,0.02123012409497443,0.041947359825195436,0.01751741784334167
2014-04-14 20:00:00,DEHM_noBD,0.06320124621667884,0.06467115365336162,0.10441119374458213,0.23980857096855304,0.11025868916776019,0.11549745133909911,0.22764926192393956,0.05125570999964817,0.021158791166990844,0.021420341418716324,0.018058149113325227
2014-04-14 21:00:00,DEHM_noBD,0.05453781540392885,0.05169786052998835,0.09111489997399255,0.2979720518658693,0.11590298813668076,0.1184466805740896,0.2517537467979891,0.03991114880810916,0.021906424590987867,0.019386273708452115,0.019428827567326164
2014-04-14 22:00:00,DEHM_noBD,0.04553730371512916,0.043586116623550546,0.07238007099944067,0.3375541028614589,0.11340038387852239,0.11936144588634777,0.26369883896517177,0.03628362092021022,0.02209346766515661,0.02030491177828985,0.02202492952201976
2014-04-14 23:00:00,DEHM_noBD,0.039515637472509184,0.03870706843892951,0.05472255603691791,0.36426610083064015,0.1019431990221886,0.11662983993501974,0.2667847681519244,0.03988089907832443,0.019650601699282694,0.021562898441988197,0.026072237654371885
2014-04-15 00:00:00,DEHM_noBD,0.030907561376171597,0.03493496633086364,0.04334947615893291,0.3736824117077088,0.10075750202842505,0.11467923222202159,0.26763975045300203,0.046354337330006455,0.019069728532313174,0.023455998975597237,0.030290124685823577
2014-04-15 01:00:00,DEHM_noBD,0.02582700332656494,0.036156361759043076,0.03725818085297853,0.38114918144792886,0.1061443472556814,0.11808110317767934,0.2742545957401729,0.04936063568123915,0.01929200267355141,0.029007312512098066,0.032723805917909916
2014-04-15 02:00:00,DEHM_noBD,0.024591962839266276,0.04314870373341112,0.03522358330806974,0.3905737803961026,0.10870251056826187,0.12733157120768387,0.2718418623903053,0.048808792603175805,0.02042521069847827,0.037738184663363726,0.03259729173655363
2014-04-15 03:00:00,DEHM_noBD,0.02508324452982859,0.051106246778411295,0.035771627345187795,0.3946159196119589,0.1119203407861547,0.13374361648485805,0.2907645557575687,0.050682587414042295,0.0207895004099293,0.048353258752887616,0.03152216917427776
2014-04-15 04:00:00,DEHM_noBD,0.0247490324505295,0.06167287114405404,0.03785328466980428,0.4029518630064704,0.1160760184187696,0.14833156025110714,0.31710910021325944,0.05231630725763723,0.023409607114031568,0.0499013446291258,0.031349663385349516
2014-04-15 05:00:00,DEHM_noBD,0.024600126308025067,0.06645547811394859,0.043088348598132646,0.36624645546172646,0.12091785211155406,0.1477679246204954,0.30534951786889214,0.052861845728062,0.026506679814458874,0.03213360925993552,0.03200658973806171
2014-04-15 06:00:00,DEHM_noBD,0.025997095130035817,0.06771345955952662,0.04956179130660202,0.23105376117379822,0.12299420044613289,0.13679741138797133,0.22781815943784714,0.05258291033822526,0.029807066055414784,0.023489545327643805,0.03302512628733167
2014-04-15 07:00:00,DEHM_noBD,0.027348384827672788,0.06991781898859922,0.04905086602507299,0.2113255510727875,0.12272922655136309,0.13489826968233784,0.198628466436135,0.05298628375955321,0.032532513189394055,0.024518416622570188,0.035649113882090716
2014-04-15 08:00:00,DEHM_noBD,0.029218542669208168,0.07500005406423577,0.05023798288882933,0.2502596945812355,0.12418099293257565,0.1393851061168171,0.2364701989286503,0.05589635543753962,0.03489231613825853,0.02659215281266709,0.03948406767283779
2014-04-15 09:00:00,DEHM_noBD,0.03160996152281287,0.0897920880510252,0.05359312253858331,0.3298009899672225,0.13044001191808832,0.14254024055220868,0.2642129104591817,0.06095946074453871,0.03758148613641613,0.027759201149687104,0.04299348500333709
2014-04-15 10:00:00,DEHM_noBD,0.03540352165209115,0.1109054965927075,0.0645268316588806,0.3568540646084517,0.14687932622814537,0.1525371344266504,0.30402425017734425,0.06680712716962599,0.039512607116003434,0.029230975158816327,0.044909536132360636
2014-04-15 11:00:00,DEHM_noBD,0.038491781636690627,0.1162750069527208,0.08908518368511747,0.36539797955563214,0.1674820501871779,0.17316428253399194,0.3163647163508828,0.07188779125010354,0.0403680124499648,0.0316289897146701,0.046821453986198025
2014-04-15 12:00:00,DEHM_noBD,0.04504205983435253,0.12267849667387966,0.11807637252362636,0.34807907969514834,0.18773643771329412,0.19682956762880083,0.3291227256514791,0.07623973604395072,0.03978753976819181,0.03586745179863404,0.04805247361312612
2014-04-15 13:00:00,DEHM_noBD,0.05474411874543868,0.12744362951042115,0.15431628855814006,0.3559555681471498,0.19327704554116337,0.2010096222388673,0.3851063721565803,0.0786231553876551,0.038419684892591496,0.039704223272547724,0.048657411501961574
2014-04-15 14:00:00,DEHM_noBD,0.06305538992123666,0.1369599453171842,0.16435739114614195,0.4040701224101148,0.18438656639287698,0.21172088460074856,0.4503222755757124,0.08091805501279802,0.03863835531794135,0.042809754502847394,0.0484766502563561
2014-04-15 15:00:00,DEHM_noBD,0.06444587904583879,0.1435550552746573,0.16234334105165277,0.45001961385622896,0.1825496414516725,0.21765887454911814,0.443896576930744,0.08417011801636189,0.038679089087938434,0.04474923700881728,0.048449287331698516
2014-04-15 16:00:00,DEHM_noBD,0.06982447803743166,0.14730523461400344,0.1685594056144819,0.43063300228076595,0.17165458733665756,0.23397804033583952,0.36528388823295177,0.08698575877294284,0.039247720164994476,0.045463216533012316,0.04749691994648686
2014-04-15 17:00:00,DEHM_noBD,0.07057652293119107,0.15972401634329164,0.1549660979597336,0.3548924791836534,0.16430967063516838,0.24262908989882137,0.36128566213287233,0.08976921251226797,0.03832423168095613,0.0442155839928163,0.045289255547727454
2014-04-15 18:00:00,DEHM_noBD,0.060981171714188286,0.19773254264414225,0.17466885845706648,0.38198887623969224,0.17932804567726088,0.2561203341916686,0.3798467699871576,0.09110940290650363,0.03658024675912679,0.04382991603141446,0.04451082829264637
2014-04-15 19:00:00,DEHM_noBD,0.053428555047903115,0.24189928245597847,0.1980421372698689,0.4272736008926924,0.20975353571657784,0.3164239885655816,0.4589556629254631,0.09051126368928392,0.03742618422574317,0.04423482744850063,0.04328120516818669
2014-04-15 20:00:00,DEHM_noBD,0.04941193151084697,0.28818408150966873,0.27225483901027253,0.5160118569627229,0.2367052850583381,0.39893475765148906,0.5514157511991087,0.08998288650925626,0.03823715299983504,0.043706195582465766,0.04160139962826774
2014-04-15 21:00:00,DEHM_noBD,0.04658838892408636,0.3878526000265319,0.2919236742251596,0.6605757775133212,0.2672113060726154,0.5187210199466081,0.678321658148568,0.09034950526534237,0.03776198732500051,0.04224900519442738,0.0399619000892829
2014-04-15 22:00:00,DEHM_noBD,0.04674311668911463,0.3553314657752245,0.2999485252975113,0.8616606616799152,0.30702425491808666,0.6858838583860721,0.855057146800769,0.09129633579532923,0.037543549157979805,0.04128254279330612,0.03848252661802343
2014-04-15 23:00:00,DEHM_noBD,0.04830033725885187,0.3380449569062035,0.32007667407434603,1.0726910547127162,0.3798761604064853,0.9003698779092875,1.0556556742690042,0.09327358784330994,0.03876958203494301,0.042942841329266276,0.03784621301335569
2014-04-16 00:00:00,DEHM_noBD,0.04940309332666087,0.33046179869843484,0.353532967067979,1.2552335439206166,0.4792600136602366,1.133928152341896,1.2327594814171334,0.09490268459862565,0.040633284766642075,0.04765767816436704,0.038424110336267234
2014-04-16 01:00:00,DEHM_noBD,0.0503589016451266,0.34705662504876,0.4197814765827865,1.4086830172756446,0.6168762348193279,1.322006560688772,1.3482996839622496,0.09512403296162565,0.0412182883145559,0.054268319676804275,0.03988993311088772
2014-04-16 02:00:00,DEHM_noBD,0.05237031704205305,0.3935655096288721,0.5023824457862154,1.5253771134256362,0.7715206057760097,1.473085393997123,1.4575351859530696,0.09681908285666552,0.043793727135788975,0.061164081728647984,0.0409951244249123
2014-04-16 03:00:00,DEHM_noBD,0.055604095428250636,0.45909248939614394,0.5899222304450386,1.612601177420656,0.9452442988997278,1.6160335664421295,1.5960070912566549,0.09815850968006273,0.051312867021544334,0.06671558916079964,0.04158992841585903
2014-04-16 04:00:00,DEHM_noBD,0.05873766391029092,0.5021008022912725,0.6660637766824248,1.6827016781049202,1.1987895646746745,1.7459919691630321,1.734593677180455,0.09893930176905423,0.06207663527091579,0.07250540055055017,0.04237513997193824
2014-04-16 05:00:00,DEHM_noBD,0.06408475838716247,0.4843261412155762,0.6530227429160221,1.4731955116998683,1.3873306605178297,1.695780717436982,1.6604843909969271,0.10365351289842155,0.05946143606452204,0.07331802736058049,0.04370392731623663
2014-04-16 06:00:00,DEHM_noBD,0.06804276647266455,0.4309649777839242,0.6184054938075111,1.2552498704198987,1.426462509853355,1.492898034485335,1.489731182056217,0.16820226352645298,0.04881817296851542,0.06199732800514242,0.04459235500440765
2014-04-16 07:00:00,DEHM_noBD,0.08771684021229151,0.40976494456579116,0.4995025275491849,1.417336482934626,1.3065137291271867,1.3837356060981194,1.520926951059636,0.20137291732056758,0.05551002479047677,0.052255559106312646,0.0464323325693345
2014-04-16 08:00:00,DEHM_noBD,0.16896585044783294,0.37839231641829013,0.3236223052226526,1.6023298915703463,1.2223560534808227,1.3740463094816024,1.6596557423572087,0.13391479810255508,0.07718041698299624,0.06107059782183251,0.051157372051896424
2014-04-16 09:00:00,DEHM_noBD,0.20214674973252222,0.357566781414704,0.2717695336667296,1.5960268116987515,1.342351912556556,1.5942865627373095,1.7465028042543522,0.10399778833601385,0.12000734325505782,0.09249355954818511,0.05929510143608078
2014-04-16 10:00:00,DEHM_noBD,0.6542162689307146,0.30934161750931216,0.25085194747484574,1.423482603067198,1.6072674084413263,1.8824726757243329,1.661092280252549,0.11873825435786527,0.231751896602658,0.08119562111607245,0.06595926374898217
2014-04-16 11:00:00,DEHM_noBD,1.0473754106354154,0.2780633878423298,0.2373037849773335,1.3443198686339106,1.8368842269034733,2.048288549830337,1.5654627365410971,0.22745185338070611,0.24440416324413838,0.0807670188544118,0.07190460521421084
2014-04-16 12:00:00,DEHM_noBD,1.3102111540306918,0.25640519032345443,0.22967528481978977,1.2858917244081134,2.0889616481199442,2.196758018956868,1.474237601079608,0.5607042421375703,0.2904724453146761,0.10773384560218535,0.07757667837492681
2014-04-16 13:00:00,DEHM_noBD,1.4863780256077972,0.24215128370261166,0.2514007091313181,1.3672358550358086,2.3426862025743738,2.3234348449462043,1.500876671650788,0.7317831202054861,0.38224502495926227,0.19737360308207452,0.08421504766988763
2014-04-16 14:00:00,DEHM_noBD,1.4565685308724177,0.23666427499665083,0.29094544916528464,1.5008563573324718,2.5645991134241712,2.4815510274280137,1.6002461304252726,0.9007591922657237,0.39216051714553435,0.24835660843918322,0.09132681383042433
2014-04-16 15:00:00,DEHM_noBD,1.2300761681747705,0.23729511554589755,0.33981428550736476,1.5458069239145822,2.8144554034712472,2.5041419526941526,1.6654267724558904,0.9634773400359413,0.3797415260356966,0.3039380995144516,0.09774052194288987
2014-04-16 16:00:00,DEHM_noBD,0.9483010851005652,0.23503637600104912,0.4146984962935237,1.5073188270049114,2.9066056724378617,2.358450278148561,1.6801603390138544,0.7420435062781744,0.35563283461834394,0.3886759489266214,0.09982955711840681
2014-04-16 17:00:00,DEHM_noBD,0.9086427097612352,0.2941069632293739,0.5161701818875022,1.4410255036426618,2.853037371092703,2.2686270068620056,1.6224672809630034,0.5526692497589928,0.34107944585127536,0.49637921594199785,0.09819221040296543
2014-04-16 18:00:00,DEHM_noBD,0.7897332229708537,0.377025028482125,0.7077664814149223,1.5901149681517006,2.739345796238396,2.299420723963262,1.696261251711318,0.3356101645799854,0.3834024759973712,0.6367710437067413,0.09785119945545138
2014-04-16 19:00:00,DEHM_noBD,0.6143561418061236,0.45939172088914026,0.9649948454319237,1.6545042359170894,2.7116607441124585,2.4404325305310532,1.8595576878385924,0.1556227150961918,0.5526903800361644,0.6053890833985217,0.09813725822673706
2014-04-16 20:00:00,DEHM_noBD,0.47551609248096255,0.5678426334728954,1.2305315546319056,1.7036064086424372,2.888087044152099,2.697592467836468,2.013419340502394,0.11203038328553537,0.6762528448310985,0.6407193595374133,0.09813444365036719
2014-04-16 21:00:00,DEHM_noBD,0.6809716183590648,0.6366561212176254,1.5819651644251083,1.8994606660197375,3.156576960931859,2.945080557367812,2.1012952518163996,0.11722928787304071,0.6567764012766786,0.899307252829098,0.10074053475417674
2014-04-16 22:00:00,DEHM_noBD,1.3174492789848031,0.8729165763515483,2.024123721347546,2.1073329344593748,3.4132080867294823,3.220529584346189,2.339587687400981,0.1198127710796892,0.6130403797072532,1.3303815494803903,0.12288530363559694
2014-04-16 23:00:00,DEHM_noBD,1.418773911234376,1.4630721162411156,2.3945116111060583,2.4672933413349902,3.6046404687932165,3.603159866253487,2.9321735576206116,0.11679670242469742,0.5948061735208167,1.6385318549125134,0.18101373587198855
2014-04-17 00:00:00,DEHM_noBD,1.0907666531989555,2.1386598356213895,2.775251140611627,2.841158322786595,3.738432939563821,4.170721548754599,3.623419538301808,0.11889414277754715,0.617802568780124,2.0463609717210476,0.26658317739136705
2014-04-17 01:00:00,DEHM_noBD,1.0984077685652196,2.4116611608890848,3.36168089398785,2.873309451403897,3.7873606632241805,4.561049808404864,4.405112375416023,0.13707937137387685,0.6523968316948471,1.8793847037827414,0.36986094047270357
2014-04-17 02:00:00,DEHM_noBD,1.1767793390445052,2.4492138347924834,3.306180243962064,2.560391529234833,3.5828679668613463,3.8273530444256454,4.218020827054875,0.20149604893192646,0.7262702395842993,1.648460051570864,0.45931355544508695
2014-04-17 03:00:00,DEHM_noBD,1.3309331356313105,2.2153672657123447,3.1484914582381753,2.215995111835877,3.5163767911778567,2.9505315974325326,3.0987199793035987,0.4953059208273142,0.9463324092084312,1.5777366713565426,0.5237688744045109
2014-04-17 04:00:00,DEHM_noBD,1.7857429717062892,2.343390956329085,3.524011770081231,2.137256725679327,3.802289286614126,2.734159623801871,2.4184936040779945,1.0309412298540026,1.3006546361230973,2.010303900669984,0.536440516657988
2014-04-17 05:00:00,DEHM_noBD,2.170557128881534,2.950257657338927,4.315197446092057,2.016558377938241,3.82665924863045,2.8185184867980704,2.184485216550957,1.8258811858718098,1.6910842684072511,2.1429969270249507,0.47130328058739085
2014-04-17 06:00:00,DEHM_noBD,2.652501482801509,3.7333983377921864,5.570842262991289,1.9165442435362188,3.2469048886701186,3.0022348151689786,2.1863719198274763,2.5045777056750658,2.0329683074230123,2.0516565281431927,0.456409639230667
2014-04-17 07:00:00,DEHM_noBD,3.0401074998101993,4.872962482792132,6.418822805499727,1.788193180704244,2.8675421834696575,2.8892058100691136,2.1585618455380273,2.9290871972452104,2.4455978823397717,2.498107285687557,0.5082796859599588
2014-04-17 08:00:00,DEHM_noBD,2.912758451321418,5.433822296663441,6.600735172119423,1.6232843923475524,2.4854090830081104,2.432018065258452,1.9105401903349226,2.6895909804897755,3.1656308327675036,2.9968522646856455,0.5607088921746344
2014-04-17 09:00:00,DEHM_noBD,2.399947341985731,5.345868994581916,6.600347953074934,1.4718647184690101,2.1520286222665628,2.0367955918246192,1.6963199385890517,1.7324890315152706,4.053123257440034,2.226324799426885,0.6151594993420914
2014-04-17 10:00:00,DEHM_noBD,2.997064338601179,5.37547443465181,6.360004159022123,1.4981158204841305,2.241901545130777,1.9545501430245091,1.6821611316130816,0.9406707231979072,4.414854871301388,1.6346251980772255,0.7935742273172578
2014-04-17 11:00:00,DEHM_noBD,3.405757820808866,5.235184983104196,5.991846785737798,1.5721152175728081,2.752702545318691,2.0998258268548606,1.8599443962780748,0.33859599266795437,4.3033073874769805,1.549931550251289,1.1100481117661225
2014-04-17 12:00:00,DEHM_noBD,2.977169099379609,4.430051529272281,5.780102932441836,1.5635326706577775,3.4084542515312006,2.177358156826715,2.122474663737795,0.0758585014568035,4.273825381405238,1.8449410627503755,1.3984300643901872
2014-04-17 13:00:00,DEHM_noBD,2.467881529904979,4.92725411834488,4.041068020250641,1.6961972903446791,3.7789664480588248,2.4286321590814373,2.2383610172249977,0.04661305222329216,4.423689437544783,1.7245913164480509,1.6788910849242715
2014-04-17 14:00:00,DEHM_noBD,2.289583542284806,4.647466057571713,1.7840561425537442,1.8492871650945917,4.337504801624171,2.716514818616857,2.405841514412449,0.051819452144403325,3.947808505909453,1.7388586146863252,2.0397837758163386
2014-04-17 15:00:00,DEHM_noBD,2.375229540351508,2.4200883127017923,0.49576609462540705,1.9552105789146885,4.988176427294919,3.115597928145725,2.558034393688574,0.05189460911513827,3.161170734714149,1.7488512207672582,2.313663352722266
2014-04-17 16:00:00,DEHM_noBD,2.882856078496752,0.7175590327800319,0.19256584200164817,2.1173889855978665,5.21806076599789,4.133588242289972,2.797797703585124,0.04669388218649504,3.3284811101125733,1.8058514392324927,2.4155188973678188
2014-04-17 17:00:00,DEHM_noBD,2.9200334954265914,0.30296501219419203,0.11875379567320972,2.460135569058995,5.009146248018416,5.332970022653818,3.4430711965789946,0.04037700804725449,2.9457817456949313,1.8977382531183258,2.3717924400895436
2014-04-17 18:00:00,DEHM_noBD,3.536791568430341,0.16815354577721625,0.091609603163886,2.939247820862679,3.563266680455888,5.367810887395079,5.285613367553926,0.041524611926428784,1.6713497393933823,2.0842620692889087,2.4118672000242247
2014-04-17 19:00:00,DEHM_noBD,2.9964999868199094,0.11039586801677669,0.0797072012483459,4.600433985965972,1.5400143389584031,4.023977067729228,6.0135757628580295,0.04512450459037253,0.7387086275925789,2.2883677379832017,2.564395028487268
2014-04-17 20:00:00,DEHM_noBD,1.0158238798245764,0.09814666896759329,0.07709569635176583,5.811759742906437,0.6510667982603049,2.460058803710671,5.0033376859623,0.04548649350220651,0.3253935248994215,2.882690902809666,2.750223779275607
2014-04-17 21:00:00,DEHM_noBD,0.44788160230391066,0.09615163182137856,0.07867014962243815,5.030549557849603,0.45152178302459633,1.4928532914713089,3.6785731190582176,0.04269086444077176,0.17397729005664112,2.9012020797180544,2.7111665916273306
2014-04-17 22:00:00,DEHM_noBD,0.24397352225171962,0.10146723489364605,0.07282632956273834,3.810059226568294,0.35052984219718253,0.9273354264296277,2.4627774131220734,0.040270080123259555,0.10226194388137916,1.6173081353043008,2.533265047427541
2014-04-17 23:00:00,DEHM_noBD,0.15429701463511197,0.12565522076020488,0.07186241187264907,2.813571507534858,0.23030107248219195,0.7706228717009618,1.3251819688788649,0.036168672648420185,0.08436941635690394,0.9337637291986949,2.3190274821693047
2014-04-18 00:00:00,DEHM_noBD,0.11082817234933365,0.1547196701578859,0.07405991440668,1.719533991022119,0.18576630972690406,0.7034239965602682,0.8673463315538823,0.02734378689019927,0.08185110105871221,0.6770143234986962,2.0736700206825
2014-04-18 01:00:00,DEHM_noBD,0.09432013439767051,0.1847601482958811,0.10928588688906761,1.2371441141308446,0.1524743352928524,0.5815512736629059,0.7770838506629815,0.02445950195516082,0.08182955021949581,0.5670831702021066,1.803554087225588
2014-04-18 02:00:00,DEHM_noBD,0.08500024341766707,0.22965002163474063,0.12869199399663092,1.0529184351391034,0.11368170662635928,0.4524526889943608,0.7225194454238426,0.024600312396022065,0.07977972219359702,0.34597504873032325,1.5589629053651353
2014-04-18 03:00:00,DEHM_noBD,0.08961373079101777,0.24719678987531937,0.11589913043960255,0.8941608453699692,0.08950171177575342,0.3207701158102024,0.6297309718497677,0.02459746087195199,0.07842212122336654,0.3078966202335186,1.3721930757482559
2014-04-18 04:00:00,DEHM_noBD,0.11257853275213035,0.24999802792796505,0.0937022750029132,0.7132564679765095,0.09698134250872291,0.25776378643286746,0.4965218501282383,0.027806913077178527,0.09164660414389335,0.34413747811886003,1.184454563661771
2014-04-18 05:00:00,DEHM_noBD,0.1329453888405847,0.20690112974730376,0.07260412994337498,0.48979352128761455,0.11956168017407859,0.20459504057353498,0.31641552228878483,0.03499923624575067,0.09016215934106522,0.3074801639994768,0.8445617522914748
2014-04-18 06:00:00,DEHM_noBD,0.13463474377582763,0.1777565429999229,0.09477855300146953,0.19805173158311568,0.11603967675095406,0.14551521755227048,0.18170561596624896,0.04198246817460077,0.07526680005921037,0.2153723685496905,0.5817573503495677
2014-04-18 07:00:00,DEHM_noBD,0.19900860058568873,0.142160774533493,0.06735919656489404,0.17341457202261365,0.09516734256971147,0.11397546882379263,0.14411336651415346,0.0466107350120935,0.0615321325587084,0.18660969993755394,0.4599517842366738
2014-04-18 08:00:00,DEHM_noBD,0.3725694788952566,0.12709949911542162,0.04050687646621279,0.1805095543718011,0.08146646681820505,0.09450139297392779,0.13572424743028813,0.0473578176552737,0.05289469487327372,0.2459692415242607,0.41546653098768815
2014-04-18 09:00:00,DEHM_noBD,0.47483790092363476,0.11318125827618879,0.04982404664522609,0.22219025950251753,0.07803178529931687,0.0941352925190724,0.19414233113095064,0.04637830457212185,0.05477757797699753,0.29925049995178465,0.38537540180443364
2014-04-18 10:00:00,DEHM_noBD,0.41574300584471774,0.10227291046038015,0.07018091724308893,0.3107722394986647,0.08083072216534978,0.11653190772050273,0.25362809410701614,0.04615290031701628,0.06704938816277878,0.31728881598274217,0.37282652268368044
2014-04-18 11:00:00,DEHM_noBD,0.25250826405286786,0.13239778933820534,0.10126654930940535,0.3592346753918827,0.10090271878162377,0.12436163862425123,0.34289372602811885,0.04579992902373739,0.08381820822352179,0.31897573301484916,0.3812308532795472
2014-04-18 12:00:00,DEHM_noBD,0.1567494702136515,0.15421624696660974,0.12420919212594331,0.38055763104389645,0.11101224031864647,0.12414797371208651,0.39733112868284803,0.045360699402413794,0.0900003024055645,0.21051514626217468,0.41267808726637784
2014-04-18 13:00:00,DEHM_noBD,0.12268641957644363,0.08747043483299782,0.13629629928769943,0.43014746715013746,0.11210086617747311,0.14126433838085495,0.4712872562982584,0.04530006633415199,0.09140619971254045,0.1357480591039341,0.4506502754921348
2014-04-18 14:00:00,DEHM_noBD,0.11218651961758713,0.07100637453665655,0.10905968660497734,0.4869702088551134,0.10730325990132977,0.1328327428136451,0.4400648852494451,0.045455195961919555,0.10029138642179684,0.11369828830894477,0.48377596691487235
2014-04-18 15:00:00,DEHM_noBD,0.1722903020611311,0.10810340079592583,0.10702180378427967,0.44618432792344465,0.10648642948531996,0.12968815801193345,0.3517687766383309,0.04611813980333249,0.10599827308951792,0.2002838668112965,0.5017318439416167
2014-04-18 16:00:00,DEHM_noBD,0.2913518267859889,0.1045726291941029,0.12106769142431792,0.32824385861413735,0.11724845805427046,0.12816903866670368,0.30653811594266295,0.04699072370118016,0.11232917444728036,0.32575807735879425,0.49324593813305284
2014-04-18 17:00:00,DEHM_noBD,0.20113511536015416,0.11466164216742987,0.16602390027198288,0.2995036204340209,0.11644502260839548,0.1541433903022412,0.32775374328149237,0.04611100570709338,0.11207565078544099,0.5735818766808382,0.4703217692712932
2014-04-18 18:00:00,DEHM_noBD,0.10208278009199526,0.18748317885867882,0.190468020136636,0.34702557037789894,0.13194451649157315,0.24063363962788992,0.389969328767956,0.04340913375440224,0.09510930904093093,0.6794438224568251,0.45148745287325076
2014-04-18 19:00:00,DEHM_noBD,0.09113869836896879,0.25458299526186845,0.22621952655506955,0.4192519799705567,0.1326056925363885,0.23246225756071498,0.4166634819547375,0.04078618922263908,0.0800111492339845,0.7503334979825673,0.4400772392374608
2014-04-18 20:00:00,DEHM_noBD,0.21990414906818284,0.285156795362,0.27938970504068805,0.45340184891876206,0.18066576574918336,0.2831785895000374,0.42758423953555497,0.03958676466174757,0.08020903211250831,0.9482816011049799,0.43297336305276657
2014-04-18 21:00:00,DEHM_noBD,0.7610037851663048,0.31224123999395315,0.378742077027503,0.5064859641995347,0.23052745866523117,0.3924567550379129,0.4321652567313937,0.0383041806566704,0.0932915338826456,1.11253511959051,0.439605344016887
2014-04-18 22:00:00,DEHM_noBD,0.9315385853090526,0.3527315726208992,0.43975028848831754,0.5005260704406465,0.2599984396213104,0.39861685033202626,0.47591877626366436,0.03824980930314335,0.11345166420093203,1.1842160664225734,0.47290635354821203
2014-04-18 23:00:00,DEHM_noBD,1.1169742388160189,0.358046445662984,0.48237843413491094,0.5118064089520711,0.2514769852535146,0.4082398330222279,0.5151240269096177,0.0409463850310231,0.24926242888105393,1.4887508009610044,0.5386934114781563
2014-04-19 00:00:00,DEHM_noBD,1.2879112198467093,0.44740598935327563,0.5262962504546851,0.5951438081543133,0.25257323145821214,0.4236625734177563,0.6723136514424798,0.04752609066893226,0.7108803717487693,2.1013810974800773,0.64219404988092
2014-04-19 01:00:00,DEHM_noBD,1.5629493892215593,0.5644633483737163,0.6238396145674407,0.8368670393307888,0.35549593521631323,0.5290523810100288,0.914154243437172,0.052423869515480774,1.2884269389313492,2.7397311354560405,0.7686516785057169
2014-04-19 02:00:00,DEHM_noBD,1.888849845151258,0.9189424586000148,0.7147203304153048,1.196923779788341,0.6534153269125451,0.882630033180497,1.4140020407682403,0.058941682569945114,1.7377337224640443,3.2665426131476467,0.9179144547432626
2014-04-19 03:00:00,DEHM_noBD,2.2287459641675786,1.4622314218558092,0.7753021411262331,1.3969983812140374,1.1475702550518325,1.4127652220427431,1.8537602325199696,0.06558384703926598,2.085133056912018,3.355968030678481,1.0875403127744632
2014-04-19 04:00:00,DEHM_noBD,2.7721819998933195,1.8907980924832226,0.9926409635252207,1.383001976544537,1.6956349054505173,1.9690641928033348,1.8353914080426155,0.06877420213693822,2.3244968935694277,3.209981900601089,1.1725017199132388
2014-04-19 05:00:00,DEHM_noBD,3.3270525847247945,1.982638743734359,1.3156797001495677,1.3399896757131289,2.2254071615199256,2.1257800414662436,1.6454045763828162,0.06498923764509631,2.5262290337301714,2.94822697262004,1.1895214109668284
2014-04-19 06:00:00,DEHM_noBD,3.5493109836419694,1.759537490689607,1.478874200177444,1.202312768238413,2.261254415484042,1.9054862160159731,1.3716335548342997,0.055479241377800734,2.6910270591520935,2.630228406691141,1.2670486254421467
2014-04-19 07:00:00,DEHM_noBD,3.5477302700348803,1.5489019842199119,1.6122250100847684,1.1493589997344857,1.923495452909092,1.5349652086435839,1.1891788974789632,0.050816809257193146,2.757890143821454,2.4174098384172447,1.2672691233541933
2014-04-19 08:00:00,DEHM_noBD,3.5986777919731567,1.3653269831844277,1.6548846234376742,1.0665934458758397,1.7811868053922382,1.1876629099041311,1.1486919799811577,0.056125278603227184,2.769493707770622,2.371371914284247,1.2358348391010425
2014-04-19 09:00:00,DEHM_noBD,3.577619608307211,1.3921683701650716,1.4453309750859842,1.0405368025565624,1.6162510689583431,1.086219153937733,1.0961716418813245,0.06028071053056089,2.6719059040978363,2.3592728829407257,1.2071383784420626
2014-04-19 10:00:00,DEHM_noBD,3.418770023310157,1.7799455322482842,1.3256520517586998,1.1549754066146718,1.5455714422953128,1.215021568930308,1.1602067799773357,0.06525321250807367,2.544978329497967,2.3541061409126227,1.1681966397092887
2014-04-19 11:00:00,DEHM_noBD,3.229855791214686,2.183234238090464,1.252474231575892,1.2769110882520014,1.5593370326919656,1.3007427338327626,1.367053424495456,0.06883927925001636,2.3904447264155744,2.312854211318367,1.0859628666197891
2014-04-19 12:00:00,DEHM_noBD,3.1762413160207217,2.554306077705083,1.2760886033438026,1.7139199173421193,1.7337570917602672,1.4154536836474145,1.7747923447306815,0.07227540215531533,2.2202178875714775,2.182024261360599,1.0380921095009659
2014-04-19 13:00:00,DEHM_noBD,3.043220653908988,2.8845119964654957,1.2778093409184592,2.1018860062604863,1.8275277741077265,1.6717036725868293,2.2208310529519038,0.07514470182543918,2.102066183428009,2.0547365486383926,0.9409053884791466
2014-04-19 14:00:00,DEHM_noBD,2.9694293283764273,3.117270413389489,1.3510278385721637,2.368430949906017,2.007788847867292,2.0394906055658093,2.5586528451974386,0.07534916162330464,1.9490907908043404,1.996481435505892,0.8393665003472981
2014-04-19 15:00:00,DEHM_noBD,2.9063381692065064,3.3025743114727595,1.5185346716156571,2.6465510754965433,2.163356387049303,2.4243862308166393,2.6567215199887957,0.07572068665395053,1.793457978935412,1.9557026602995022,0.7752345870291232
2014-04-19 16:00:00,DEHM_noBD,2.808182900705631,3.445228409145982,1.7484277344515604,2.59839062516943,2.288627316545028,2.5450910080562723,2.706753770850624,0.07387226306450428,1.6447436663364166,1.843290766967912,0.7160660153254201
2014-04-19 17:00:00,DEHM_noBD,2.7298896779019235,3.5718704810934954,2.027807093480839,2.520695231226197,2.3321567692143823,2.65657230344397,2.7200234986901983,0.07578396046479523,1.3651353947418947,1.663953247644261,0.6689473550920737
2014-04-19 18:00:00,DEHM_noBD,2.6992259769829188,3.813052057898086,2.081212962229232,2.536482235643948,2.5578287207135997,2.7840014206472246,2.9439588254666327,0.08027964667465394,1.4765938595866963,1.63444348199392,0.7488300461294399
2014-04-19 19:00:00,DEHM_noBD,2.716809264071129,4.097667349137437,2.7433681794944507,2.7356512975261955,3.434376229823702,3.128452525551376,3.2718512775081967,0.07201226008860478,1.5744609879566782,1.7485704584856467,0.8830035224278467
2014-04-19 20:00:00,DEHM_noBD,2.713842622625863,4.134753447566082,3.669367205148726,3.1637643588514885,4.492901540658846,3.8245926483604613,3.7710144781142247,0.05105698305748638,1.5226830630174417,1.8502202997010186,1.0384085534871856
2014-04-19 21:00:00,DEHM_noBD,2.7198321061130333,4.008790138753076,4.000353169218317,3.893412953706422,4.877130855786063,4.644414381235343,4.678669414624801,0.048773379373755116,1.4899525928896167,1.9051133780295528,1.1953800567007806
2014-04-19 22:00:00,DEHM_noBD,2.4724836941485195,3.930644144702849,4.176638273820963,3.7063133738778946,4.951180406941553,4.914148912272249,4.5766527936819035,0.04804150394436282,1.3943185989084492,1.8559465896962313,1.329684325131688
2014-04-19 23:00:00,DEHM_noBD,2.1979590562871425,4.200538887469166,4.214569550427417,3.255171845326941,4.470187872817407,4.703641260282746,4.263567420723456,0.048681204970631886,1.1578892490616175,1.7346464652344187,1.4466858784900647
2014-04-20 00:00:00,DEHM_noBD,2.072691313743347,4.770859402754596,4.215848981147365,3.040211157490017,4.21993039268614,4.436772863612058,4.071007866862579,0.04956110859560225,1.0239664936393047,1.7655312124500822,1.548067298473646
2014-04-20 01:00:00,DEHM_noBD,1.8642349428418252,4.985169719837793,4.13165110606073,2.9005820826602737,4.1548366052923305,4.3072465858535285,3.893385088470061,0.055660725864714856,1.1894265689603216,1.8246858401675063,1.6270603145582951
2014-04-20 02:00:00,DEHM_noBD,1.7595767612223683,5.11658525180486,4.4248535406329195,2.834139252581445,4.152240260864241,4.226801565217339,3.7528093830282296,0.06633246731473869,1.3702274020686738,1.8312906120602523,1.6877480020727573
2014-04-20 03:00:00,DEHM_noBD,1.751975412905073,5.37465538628561,4.956036563548403,2.8275362217051994,4.002555697198506,4.144498786563554,3.6550352694511137,0.06702494845225611,1.5303559406287555,1.810098251740818,1.7416902057004477
2014-04-20 04:00:00,DEHM_noBD,1.737576272271296,4.807762029222534,5.205318338115903,2.8221588943262454,3.902156317277629,4.067309246711596,3.5153246849196176,0.06648677822391354,1.6478642724328512,1.7794397654622813,1.741577562548333
2014-04-20 05:00:00,DEHM_noBD,1.7163265633385731,3.415646120377686,5.282330234469929,2.7531289541139063,3.6964106662436995,3.792734621046977,3.316387719999293,0.10320146417359209,1.6231434944375873,1.6971333256522083,1.5779140065905761
2014-04-20 06:00:00,DEHM_noBD,1.7125314382086578,2.2398681420820092,4.461654289097055,2.6526135640656276,3.4023745532333507,3.2272569180541018,3.028141440639708,0.16181658806398613,1.5577292617481528,1.5329062920767191,1.5081454159352021
2014-04-20 07:00:00,DEHM_noBD,1.6779298599241872,1.8203806497693138,3.1854158147116998,2.5898942561272653,3.2909339622287916,3.0111967221150033,2.976681919884843,0.24095393370665602,1.5911986385106622,1.454319283800825,1.456344516099383
2014-04-20 08:00:00,DEHM_noBD,1.5526579027406546,1.6894544122988102,2.477559913780195,2.5349168278549774,3.304605901584788,3.0048533034883507,2.861614684907675,0.575727943818859,1.6218680165450543,1.3942988524177031,1.3798299789008546
2014-04-20 09:00:00,DEHM_noBD,1.4082730307407703,1.6203723057809754,2.0910645176865987,2.4786896157601896,3.497204420498904,2.911885773604772,2.7334373179136895,1.0507127111380732,1.591643751006075,1.3411291666686802,1.2873527155268658
2014-04-20 10:00:00,DEHM_noBD,1.305101129953328,1.6141086061622807,1.9796619132889586,2.442864650837418,3.6079591075994006,2.786314227280968,2.6850066290948877,1.5186143859473056,1.5217904732443497,1.2688742383008509,1.2293230999081373
2014-04-20 11:00:00,DEHM_noBD,1.2341451807827968,1.6198021454827138,1.9929254156292742,2.3437924746919627,3.39929716151441,2.6919683311572573,2.6194154898111224,1.722719249958205,1.4374428253061255,1.181661004099809,1.2095803558594873
2014-04-20 12:00:00,DEHM_noBD,1.1841538386615351,1.6209083496142052,2.037665212229368,2.0159221238254545,2.950508658441324,2.3161682641135553,2.4053613442095823,1.6846512175101322,1.3537672826915408,1.1329342363524117,1.1938988314842665
2014-04-20 13:00:00,DEHM_noBD,1.1409710367702786,1.5138152271234242,2.0624855200137615,1.6492895731286716,2.439953379638011,2.323819951420629,2.1123831415117427,1.6495872263048077,1.260707058914574,1.0830152108739897,1.188494237691164
2014-04-20 14:00:00,DEHM_noBD,1.0818894913374306,1.4281908273256918,2.066578992333783,1.3903141599438444,2.240250574052527,2.1861359447858053,1.8217438487492483,1.5723678230871005,1.2182338180961867,1.0064894963817872,1.1716732826745382
2014-04-20 15:00:00,DEHM_noBD,1.0512773653217775,1.4006186150060604,1.9354495588717975,1.1870729779487434,2.0512965955647546,1.8840903898055035,1.6004916718145634,1.4705172005316882,1.197848741659958,0.9583014164196367,1.0799453850949974
2014-04-20 16:00:00,DEHM_noBD,1.0036368075211313,1.4349053607552122,1.7501346690639794,1.1211425241784951,1.840268333401383,1.5528272816285884,1.476350539999752,1.3980068671679144,1.1696492459104018,0.895145874975838,1.0022985752730271
2014-04-20 17:00:00,DEHM_noBD,0.9550721051270146,1.5930050596749545,1.6059669892168214,1.047730549901971,1.5537921709260984,1.3540506731147124,1.3653564196624384,1.2885670850978443,1.097438156995955,0.84178770269291,0.9974575515278556
2014-04-20 18:00:00,DEHM_noBD,0.9011575552742591,1.7361120917745425,1.6457357731504356,1.0689649254997025,1.4091819558352965,1.4417255831008076,1.3902112219345928,1.1432244100969298,1.0544356341192236,0.8107500090406506,1.0466317079705756
2014-04-20 19:00:00,DEHM_noBD,0.8790699795871629,1.8703653928075754,1.8337305431810869,1.3949503598825168,1.4683914733275887,1.7083893227347642,1.4739031466218417,1.1459764677801614,1.0182639767344757,0.7946345877190859,1.1261495191847817
2014-04-20 20:00:00,DEHM_noBD,0.8762394082772763,1.9751096918816544,2.0441239312670048,1.8382821946634265,1.6644347633877992,1.9253859564201745,1.5682904910955722,1.1934230708463887,0.9719525223200679,0.7459975374464579,1.1904808025655207
2014-04-20 21:00:00,DEHM_noBD,0.830095443869069,2.123303242374722,2.2374193949163748,2.151834097207576,1.8884673042027695,2.190183301259441,1.8035278668277375,1.2399341316112988,0.8183018727293951,0.6887769647331486,1.251796387631797
2014-04-20 22:00:00,DEHM_noBD,0.7354844832132444,2.3341501324639724,2.3998841129221673,2.3956716901617403,2.2403902458006697,2.5534819381394716,2.048291608779213,1.2867104098174447,0.6807088673329695,0.698596810192506,1.294933138092699
2014-04-20 23:00:00,DEHM_noBD,0.6870521831894931,2.4242598065682146,2.495751739727483,2.5579563845303475,2.585187660719643,2.8873617967653855,2.292619852506171,1.2385656537107526,0.6363954297435299,0.7317847936874722,1.3148370533578013
2014-04-21 00:00:00,DEHM_noBD,0.6985046941806189,2.242463779636278,2.564449327019374,2.6681425492771775,2.904881793263389,3.1211061032507867,2.525562191585455,1.1953769623068802,0.6538273472246335,0.7717475477263449,1.3056058801059796
2014-04-21 01:00:00,DEHM_noBD,0.7169055182941001,1.7686809229983198,2.6145002117017198,2.723320525241633,3.2273141524075015,3.288452336767196,2.6265879513216768,1.2125109547330541,0.7165668298702773,0.8186106301156528,1.265749000363428
2014-04-21 02:00:00,DEHM_noBD,0.7843760212661604,1.3813221546626147,2.4692696680774873,2.736390479104153,3.4559230998618133,3.373500593361623,2.647675467676371,1.2982621167776927,0.7904706356550066,0.8594298811380432,1.1995141934476532
2014-04-21 03:00:00,DEHM_noBD,0.8452983178690174,1.2623194342483044,2.050759251390595,2.768027681116453,3.5161639739171977,3.3570335065959918,2.7414953997792018,1.3505387628591974,0.809101781915708,0.8779335032572169,1.1281167703545774
2014-04-21 04:00:00,DEHM_noBD,0.8851813793074286,1.16768655630049,1.7222139227391033,2.782019566487072,3.5718675187899698,3.362593125253503,2.869457441834213,1.3753774757697799,0.808796621929051,0.9202778969830949,1.0471280429363263
2014-04-21 05:00:00,DEHM_noBD,0.9113318013462564,1.0898725200770247,1.567589662008949,2.6239826113313565,3.490635327683511,3.313309065225846,2.8669083112100946,1.3394493038933206,0.7549271195267078,0.9960231511803843,0.9611575126412033
2014-04-21 06:00:00,DEHM_noBD,0.9378138275571662,0.9621387408178106,1.3967062103119092,2.454587283361792,3.252893733523339,3.0661254531306206,2.8359605389745846,1.184063373280486,0.6675805364208818,1.0495398644732394,0.9142466045606997
2014-04-21 07:00:00,DEHM_noBD,0.9590771667231648,0.883482509795142,1.194696322896179,2.428091970375018,3.014790825278949,2.817740880064348,2.8065754071899542,1.0027391981875868,0.6360302702621548,1.063359151848568,0.8583201335338828
2014-04-21 08:00:00,DEHM_noBD,0.9380063942850194,0.8579447736591277,0.995109397430217,2.3825367835010063,2.791664323907623,2.712230603451631,2.612612398760661,0.9361572584951017,0.6673359889776944,1.1004174234842157,0.8130628143157297
2014-04-21 09:00:00,DEHM_noBD,0.9152858708938543,0.8903374409162061,0.8552435489853564,2.3626025733309177,2.7855253290113815,2.3751558127500934,2.2810015147750895,0.9265076864917972,0.6938345230278381,1.2169265729256387,0.7793984887704206
2014-04-21 10:00:00,DEHM_noBD,0.9471699593067282,0.8746093296753364,0.8361470084284024,2.268420136615849,2.7965059242617265,1.582150018103837,1.7846997171665655,0.9565982707959855,0.7156247645335014,1.2816902500659397,0.7206078876026962
2014-04-21 11:00:00,DEHM_noBD,1.021706900265786,0.770554130958194,0.8975656482471638,1.9960832866388967,2.716383080543511,1.2890872192897356,1.618341843697306,1.003863179152056,0.7315308224872955,1.2279943302610008,0.7187071280125958
2014-04-21 12:00:00,DEHM_noBD,1.0642319673561567,0.7235485693861962,0.944661836073892,1.7995086637611666,2.717685534177367,1.2247449589070032,1.5465158560966232,1.055884265853596,0.7716688989905133,1.1366915595756153,0.7137367963217035
2014-04-21 13:00:00,DEHM_noBD,1.0479842058399969,0.707548266601286,0.9852014849954569,1.6366661185910303,2.609015398579758,1.2200454385012518,1.508450833116461,1.0485149896846573,0.8159660315027668,1.0458049407941408,0.7174914787411736
2014-04-21 14:00:00,DEHM_noBD,0.9924958089761092,0.7292742888855238,1.0538341585015298,1.7504744339864118,2.520338764991794,1.2473450123705083,1.061258825635562,1.0237460492250898,0.86909847898224,1.007771072560967,0.7078615375296631
2014-04-21 15:00:00,DEHM_noBD,0.9528068128140488,0.7768935561199913,1.059318969613811,1.6005734671654799,2.9450321854436723,1.193861127841005,1.1774676867690956,0.9800236486379919,0.9134280352220119,0.9746809835783109,0.6400766487926978
2014-04-21 16:00:00,DEHM_noBD,0.9479484454876255,0.8131584591514225,1.0404490752880178,0.9158378928723134,2.657296439143518,0.7266493042449207,1.377075858802395,0.9085350916376727,0.8920158923014968,0.9406067043711814,0.5623194659064177
2014-04-21 17:00:00,DEHM_noBD,0.9306469530370534,0.8686595837348534,1.009222785019799,0.8289094549069209,0.9937155837083722,0.807406413045652,1.1726486772719398,0.8288236434943798,0.7964396277569072,0.9410826046991113,0.508614195413715
2014-04-21 18:00:00,DEHM_noBD,0.9089574673008451,1.095093753467991,0.9974966433924182,0.7140360917352544,0.6324889225707131,1.1223236568934272,1.1901380801609616,0.7329802721014779,0.7021913453877925,1.0099592945792515,0.49168255084640156
2014-04-21 19:00:00,DEHM_noBD,0.923580915255861,1.3766216285825,1.1365531700506697,0.7824323969241755,1.3374258857008487,1.4586994099565753,1.147546874780424,0.651587456925805,0.680042037840449,1.1241072602797464,0.5345559044901311
2014-04-21 20:00:00,DEHM_noBD,0.9849210094546874,1.5436163365592934,1.312260078479092,1.2723122868958874,2.050398761981938,1.7981758469093698,1.4066175171579238,0.6418878058007625,0.7360173761398846,1.20078781791804,0.5926290489409382
2014-04-21 21:00:00,DEHM_noBD,1.025902409907621,1.7093565451159571,1.5134989441896858,1.572029412853269,2.6172240700856655,1.940729439980315,1.9412897235113746,0.6869196294529991,0.8331833540313243,1.232874480528823,0.6387028571753731
2014-04-21 22:00:00,DEHM_noBD,1.0486741215581705,1.879746704373888,1.696931350963058,1.7097350137571183,2.827441585829422,2.147427857276261,2.25882369294496,0.7130362084415036,0.9167382614274242,1.1741593818287936,0.6725678471496112
2014-04-21 23:00:00,DEHM_noBD,0.9818850057166055,1.9495187881020195,1.7749653267933168,1.8982083529358942,2.7355499506353365,2.536338210732666,2.4689437654694784,0.7304992684683782,0.9798648696653931,1.2089265480509899,0.6987037659194404
2014-04-22 00:00:00,DEHM_noBD,1.0752350115873435,1.898537457160406,1.8143117768310377,2.1753395768693067,3.015922750791848,2.9292926198714944,2.6507943498116218,0.7069721577951498,1.0173658468125157,1.2757250723976685,0.7093607083755943
2014-04-22 01:00:00,DEHM_noBD,1.2415858359216823,1.841220913447573,2.0129146249485004,2.484785341075829,3.5548575464324497,3.2772977690969918,2.8637695609811025,0.7039451788249288,1.1191354890252332,1.4135634098300058,0.6944935041901007
2014-04-22 02:00:00,DEHM_noBD,1.3479190737757034,1.6193154559913023,2.1731710041014964,2.6980590652389074,3.9095915214856474,3.6066849936434506,3.0333105267718357,0.7347876749669342,1.229221915168584,1.4904820441426545,0.6657671644557761
2014-04-22 03:00:00,DEHM_noBD,1.4126635370460692,1.6156065736885705,2.148574100128398,2.8311797968581747,4.191033974615793,3.9684126230613983,3.267145670536507,0.7583803162681322,1.2801704052263316,1.4771061362492612,0.6134082928956415
2014-04-22 04:00:00,DEHM_noBD,1.4530941626367637,1.7121285684215608,2.091296986547821,3.074312791880004,4.512951602079931,4.392333356782616,3.528881546379973,0.7901220783391407,1.2802541909467662,1.405125576028111,0.5116765680354228
2014-04-22 05:00:00,DEHM_noBD,1.431952724159311,1.7209387171557116,1.9157974384062597,3.3303841775261946,4.833546415178309,4.532369231746537,3.451614420368692,0.8466664403287714,1.1810873247113567,1.3617889666554004,0.35769599526897644
2014-04-22 06:00:00,DEHM_noBD,1.4074210358442674,1.5612401345306686,1.8259446972037872,3.752975834374824,5.218120641660411,4.983728076912328,3.502639501259015,0.9661046896459708,0.9948328551329276,1.337409488224949,0.2599498792818066
2014-04-22 07:00:00,DEHM_noBD,1.4533486121315868,1.4501371865808745,1.790148394491602,3.823179890118721,5.50601978605885,5.239325579960834,4.059008599339416,1.0974089531295583,0.8315111100758323,1.2737830339728617,0.19085938652596246
2014-04-22 08:00:00,DEHM_noBD,1.473382072780818,1.394550583391979,1.8123264829053598,3.546253853735072,5.775783570199324,5.586267564019485,4.984666616884729,1.121677815407426,0.7359438614987962,1.2695940885601475,0.13046421451180112
2014-04-22 09:00:00,DEHM_noBD,1.4484329698115588,1.3883237080405677,1.8526171039413746,3.6797593675933045,6.220831016076577,6.121281666639709,5.040005158376747,1.040544676732735,0.7079012663817585,1.257391819081069,0.11184342757259721
2014-04-22 10:00:00,DEHM_noBD,1.4149690668016022,1.4772846860382822,1.8472902212621476,4.559534100575557,6.8481483760354385,6.795839027784001,4.691481043872256,0.9144033988166134,0.7016417210843404,1.2642924308442849,0.11782488396449468
2014-04-22 11:00:00,DEHM_noBD,1.3217033265803613,1.5717387469919957,1.795874849629448,5.917367749526162,7.017442470564545,6.510252476215409,4.831802468035883,0.8062426427498949,0.7363783762549494,1.2488295263233886,0.1232031313752731
2014-04-22 12:00:00,DEHM_noBD,1.121221596168587,1.6221032190010454,1.5134027654739632,5.581305074125501,6.693383863994368,5.497125043238077,5.555875052588498,0.7401764949252758,0.7646530662859344,1.1848871292473946,0.11892154718166432
2014-04-22 13:00:00,DEHM_noBD,0.940195519276847,1.572183362795367,1.3006831164298243,4.6246294810257025,6.17140170906907,5.051055335090503,5.268322562316544,0.7058554395293444,0.7848189891978923,1.0513851202330597,0.11334511152988347
2014-04-22 14:00:00,DEHM_noBD,0.8501574940362735,1.4604042441562557,1.312746713277233,3.9933047923245923,5.357163374099695,4.874436930646603,5.0355143640001065,0.6494077270025893,0.7731785473813324,1.0298966318072895,0.11433811829375555
2014-04-22 15:00:00,DEHM_noBD,0.8374719302278367,1.2706064507820387,1.3610725216426969,3.4374530506251078,4.703718529604561,4.667658620897457,4.748793901882895,0.5789563506603433,0.7264244318561192,1.0971343311385877,0.12228245187437153
2014-04-22 16:00:00,DEHM_noBD,0.7929518879429146,1.1137612604586724,1.442862303873647,3.1710459105867943,4.377925455025058,4.4577561040232485,4.644347407370632,0.5048900214280496,0.6194725315220907,1.2407117996017107,0.12857551309079265
2014-04-22 17:00:00,DEHM_noBD,0.7997263713834236,1.1134583101262048,1.5252431934382713,3.1366877823925563,4.406783784820013,5.5456767673638545,4.810075658500045,0.4358066021205654,0.5021134729018566,1.3544069106387409,0.1321727188389223
2014-04-22 18:00:00,DEHM_noBD,0.8776956958958546,1.2975240944520354,1.632775347118701,3.8345321684735394,4.598599499385287,8.142729460326267,5.350691065813238,0.3904350745042482,0.4055090051780764,1.5784373981808169,0.12904495133406524
2014-04-22 19:00:00,DEHM_noBD,1.2302149860967369,1.4094070061520156,1.6415050022291728,4.6667685462011725,5.386980809098773,9.968568464325475,5.994558738927846,0.36820101242067677,0.34058255837050866,1.8490512754215969,0.12407288978778912
2014-04-22 20:00:00,DEHM_noBD,1.5771045025159434,1.4962331837156684,1.6402985237913832,5.519983309084946,7.28546716272622,11.002310621587085,6.788750773547822,0.3563225932076603,0.2934166160900849,1.778878731252597,0.11793432026798052
2014-04-22 21:00:00,DEHM_noBD,1.6486500476638488,1.6590541566358863,1.7460473099392417,6.542650378506986,9.253723883186858,11.189160073350825,7.515638053706749,0.31505561126691,0.2419691907889818,1.110516130323596,0.11506941789953345
2014-04-22 22:00:00,DEHM_noBD,1.2076600870422256,1.89277313628584,1.9512485339364094,7.613909041465063,11.603087396864344,10.917436109622843,8.159231725918467,0.27605193353548685,0.18046969868613405,0.8768780151836894,0.11359063580021346
2014-04-22 23:00:00,DEHM_noBD,0.9148227873373433,2.1404714597947403,2.232900520212682,8.451206927759483,14.015366040714564,10.78539085801821,8.915495834225066,0.28234098455643597,0.12926714911499698,0.6962994104875126,0.1115201318747851
2014-04-23 00:00:00,DEHM_noBD,0.8124670874299993,2.020510533238227,2.53001736940463,8.870599185856111,14.943529235092418,11.077702128229026,9.824459648275353,0.27282010237917725,0.12027732466190588,0.5856655616849661,0.10897671377224397
2014-04-23 01:00:00,DEHM_noBD,0.6988122624405699,0.994781846238334,2.798579662510586,9.10519306716594,14.30561733776604,11.59251894657482,10.79804014784127,0.2395027858383172,0.1271244702193587,0.5364917279134753,0.10697141738092857
2014-04-23 02:00:00,DEHM_noBD,0.6802370187096368,0.7820073509382671,2.95060250261141,9.337333004089427,13.523186268685107,11.97433845750891,11.699014382630304,0.21478741921622432,0.14039130907193237,0.4856607769891277,0.10450141648287477
2014-04-23 03:00:00,DEHM_noBD,0.6741127834892511,0.6810112080491482,2.8732422876246506,9.567608611041384,13.222053913131862,12.100531247029114,12.357099308292682,0.19798130054913238,0.1579866213888945,0.4537830539523876,0.10250511948814843
2014-04-23 04:00:00,DEHM_noBD,0.6490096452198713,0.710280991467024,2.0241725583395764,9.745016894576159,13.236457842194504,11.933005999723097,12.631885332846597,0.18319388721470709,0.1707147039420824,0.39736056186640706,0.10349823297328072
2014-04-23 05:00:00,DEHM_noBD,0.5818367862460827,0.7193963172927692,1.58611958001736,9.280118414953078,12.442348536311986,11.013088110812859,11.933334188921108,0.17011895009651015,0.15222558621028412,0.2943809233235073,0.10514132238894744
2014-04-23 06:00:00,DEHM_noBD,0.527310097084766,0.7836199489835356,1.4641130893311385,7.261110522503066,11.645912843472216,8.920509746281292,10.315708905168814,0.16249945073143657,0.14092241428707175,0.3333313821569073,0.10288450789846286
2014-04-23 07:00:00,DEHM_noBD,0.4370529374081104,0.7565100300028372,1.4570497159935842,8.677400054188919,11.392553628823148,8.58552156132127,9.85131701686342,0.15265246793250314,0.1377876308879264,0.3986552772261702,0.10217009290898094
2014-04-23 08:00:00,DEHM_noBD,0.5008414615592615,0.7351285813786682,1.4191646431631026,9.94376159012556,10.394083820368575,8.58462332039575,10.088186647191185,0.1510854844925592,0.13192633610008683,0.4462087268951929,0.09993247889919188
2014-04-23 09:00:00,DEHM_noBD,0.4857686334148257,0.7584698205898865,1.3245276555676015,8.986446204378074,9.332958916585778,8.1358458120202,10.684424538600043,0.14571078629182865,0.13456397107998425,0.5716399023005387,0.09697582432098095
2014-04-23 10:00:00,DEHM_noBD,0.5381613476736168,0.7810100416157219,1.2605313519735382,7.900663402202475,8.193540800467304,7.100843816311627,9.100285667266231,0.15032622518033598,0.1411128725850395,0.6867800291260471,0.09505563026857901
2014-04-23 11:00:00,DEHM_noBD,0.6462118109704734,0.7177896127562842,1.204134013547988,6.4260778461063754,6.644786973979713,5.292712353464914,6.7991132354612,0.15389628979141062,0.14358766553218347,0.6700601894506787,0.09308563073777121
2014-04-23 12:00:00,DEHM_noBD,0.6819004653232754,0.605467418451907,1.18103120317995,5.32657063515111,5.613246470985662,4.710317658480685,5.941929846513737,0.14575619274689922,0.1525697721163689,0.5685628811826415,0.08894831905606014
2014-04-23 13:00:00,DEHM_noBD,0.6390672865739098,0.6011095932208292,1.1990205857029745,4.569601502092397,5.331224939745278,4.222777417479769,5.750168438334426,0.13912717179507467,0.1486643212548113,0.545990655036398,0.08653070930877457
2014-04-23 14:00:00,DEHM_noBD,0.6131338922435202,0.5519288295485144,1.2756367948584468,4.297735830550525,5.423670657742121,3.355776587671605,5.094629982420711,0.13761891319457437,0.14393489450279376,0.43151859281251814,0.08699150868598476
2014-04-23 15:00:00,DEHM_noBD,0.5909628800257912,0.5660796297633377,1.33622102477388,3.93687887351929,6.044328185488977,2.8289159815923908,3.9335853368928686,0.13567709089843544,0.13041422578354606,0.3414557406741776,0.08659484624252264
2014-04-23 16:00:00,DEHM_noBD,0.4649597310143604,0.5032157053448854,1.2112247500809619,3.2506800516795678,6.438032980565938,2.730061289511414,3.530267748568121,0.12968122153130693,0.11240552324267244,0.2798785699480977,0.08712819680835575
2014-04-23 17:00:00,DEHM_noBD,0.30316899469456504,0.5958456423898221,1.2475115386319064,2.613237289029539,5.735722793608376,2.349547808195931,3.616630018436371,0.11819066017795693,0.09676841239096765,0.2085147026353843,0.08887126668588427
2014-04-23 18:00:00,DEHM_noBD,0.1996374053836392,0.7574766639791473,1.3003765024994896,2.7923257160464856,4.253223886779503,2.251289564674458,4.369256394230023,0.10676547471179906,0.09113017233519188,0.1695956937629966,0.08601220690622488
2014-04-23 19:00:00,DEHM_noBD,0.14839116674589276,0.9446657327086638,1.3914175049181474,3.151598748982355,3.6843807960933423,2.9606567872086806,5.102647115829926,0.10377568611967614,0.0879423532525441,0.16624647084014593,0.08345345797297259
2014-04-23 20:00:00,DEHM_noBD,0.1343257512122892,0.8441617914888047,1.5482672925560186,3.6214385971538925,3.960992944835607,4.862292636295292,4.9175893916664215,0.1051231886036016,0.10585315164565798,0.21314150938931836,0.08272401234165239
2014-04-23 21:00:00,DEHM_noBD,0.15423300700914566,0.363574170761085,1.6706906483159993,4.1803802042272045,4.396033241949244,5.905704078652355,5.002325467600844,0.10682073281266118,0.13202249515211617,0.21730614182637742,0.08574563348595307
2014-04-23 22:00:00,DEHM_noBD,0.17330845361905328,0.22482382444528193,1.7110917975554574,4.412633964871282,5.3762131318412205,6.039984915513761,5.352947580053361,0.10384022870164156,0.16715111466399551,0.21652421748713319,0.09149259590919573
2014-04-23 23:00:00,DEHM_noBD,0.1873509091692946,0.22694998013795967,1.6537429567160764,5.082907571366523,6.056324587268746,6.365734385408155,5.903879413770067,0.10005753100052339,0.2055758940504514,0.17811400202213962,0.09675116262500834
2014-04-24 00:00:00,DEHM_noBD,0.1691958805925536,0.32476137362481705,0.74770757704567,6.070441678989065,6.4854963449737,6.886940359641427,6.428388985853914,0.0948708823200241,0.22272560282240914,0.17295345573366702,0.10290206955539585
2014-04-24 01:00:00,DEHM_noBD,0.17923271155348608,0.36525667036989967,0.515592230322905,6.944585681819872,6.75180730750528,7.388327456066198,6.960370141488901,0.09091063122474724,0.22928883373038123,0.18741049743955251,0.11129024782725397
2014-04-24 02:00:00,DEHM_noBD,0.19955927745577862,0.35618799705262305,0.5961272452286486,7.465805860297761,6.907920988182135,7.708258462451807,7.592015068920311,0.0895261436295906,0.23268093812784502,0.21501072958385054,0.12383704234788367
2014-04-24 03:00:00,DEHM_noBD,0.2517061552722558,0.33464905857553,0.6198944005122402,7.707142674250182,7.21072091561137,8.131385389478153,8.293827770803437,0.09770141095804603,0.23086035900603927,0.27111771021067604,0.14210734523659574
2014-04-24 04:00:00,DEHM_noBD,0.34105399582325063,0.35559011656881856,0.6091982051687082,7.7977960399063875,7.643871385805269,8.925018454754351,8.9700620419197,0.1155593344081145,0.227864212646764,0.3501621250660415,0.15884379584225028
2014-04-24 05:00:00,DEHM_noBD,0.4404232600567826,0.3394212981028168,0.5592686428795112,7.323807095360512,7.917647669363903,9.120702646086448,8.891203667701149,0.14307192879514924,0.18981553608523707,0.392999128862459,0.17106681411357597
2014-04-24 06:00:00,DEHM_noBD,0.506166213411939,0.33385725861968796,0.5028418135303835,5.529212608291125,7.910515456690577,9.013480979438555,8.191134051196142,0.15698695142075647,0.16677617659964913,0.40436199654079785,0.17497467742123843
2014-04-24 07:00:00,DEHM_noBD,0.521159958888979,0.34082740487286556,0.48893645005152286,6.503944260444653,7.917621804079449,9.600277408335506,9.073852107474897,0.16232664314524367,0.15514389088086256,0.4096438098087568,0.1596676756963049
2014-04-24 08:00:00,DEHM_noBD,0.4777911617502366,0.3852988106942196,0.5188873527490234,7.812742889148884,7.917077843779379,9.668773588050346,9.480529367939033,0.164147862218942,0.14608308483424645,0.40245649174938425,0.14231671005283597
2014-04-24 09:00:00,DEHM_noBD,0.4157303484003454,0.45406332738650723,0.5571558186578613,7.348311316539311,8.30645951453946,9.336443662981797,9.090087551802952,0.1625812774184817,0.15542629424564394,0.425663903644803,0.127399873675064
2014-04-24 10:00:00,DEHM_noBD,0.3663220177665649,0.4879987874777819,0.5679456963059032,6.120882949176613,8.524528135902447,9.07486885480338,8.196361758082878,0.15972529004112285,0.16517222091068537,0.4379363976052152,0.11740278722404336
2014-04-24 11:00:00,DEHM_noBD,0.33690907825069727,0.4702918030704214,0.657711342642073,4.332385061148439,8.3624364963983,8.723697650806908,7.125427241657191,0.15332497641767712,0.17331575169761332,0.42868551622396023,0.11006048034452308
2014-04-24 12:00:00,DEHM_noBD,0.345273772338369,0.4349443083043586,0.7539504938136699,3.1608598232412515,8.180256661014939,8.32643077104976,5.1073445392236465,0.14177294130131182,0.1841120116922218,0.39654499887916894,0.10194595536744674
2014-04-24 13:00:00,DEHM_noBD,0.3483617580420374,0.3994203920978726,0.8193797594938845,2.815068954572246,8.075087921350427,8.084901951053075,3.372909508573478,0.13629829870725207,0.20897168096225016,0.36800760425859813,0.09905771203933575
2014-04-24 14:00:00,DEHM_noBD,0.33727478329148214,0.3674617598965761,0.8197397557271714,2.643190484249265,7.613143405514392,5.801065377778258,2.1986805649740253,0.1333704141072592,0.23321105637069053,0.3729571830677647,0.09760987182726943
2014-04-24 15:00:00,DEHM_noBD,0.3233053871816134,0.3751189167901337,0.760077762485987,2.3160629726001964,8.172767325719464,3.84558833008476,1.898312161734945,0.1245447169440562,0.25072167164117676,0.37565549168978696,0.09686057299088706
2014-04-24 16:00:00,DEHM_noBD,0.316665055208762,0.3868356811737598,0.7010606721614833,1.359292970120897,7.6851399994193965,2.7983392742942153,1.4276770300834871,0.12203216711006308,0.2405855183202356,0.34692587669948927,0.09659388972156722
2014-04-24 17:00:00,DEHM_noBD,0.31479597385477925,0.42744018133779427,0.6200517568217354,0.6675363755723444,5.921129257782723,2.9125266432276,0.793195583911565,0.09834193976797717,0.18988993061362347,0.31815237485086634,0.09625950672935434
2014-04-24 18:00:00,DEHM_noBD,0.28084162234642246,0.4952044502127375,0.576515687903496,0.8692597519631726,5.209672615489396,3.2400972083988897,1.3000966551440576,0.09021299204396285,0.1430970796595022,0.2846951201341124,0.09756392763380914
2014-04-24 19:00:00,DEHM_noBD,0.2452833100866055,0.551923495099288,0.6282921856063384,1.6831029114126121,5.723249351872968,3.6680862811993133,2.1980333630616395,0.08198454187711707,0.12778909081037593,0.2763038225016069,0.09986333403751375
2014-04-24 20:00:00,DEHM_noBD,0.2213532592925877,0.671256902429706,0.7012626312476302,2.8505894350870435,5.715616992574461,3.072245164169776,3.180321532573611,0.0835060183174233,0.13824490748163168,0.2850367039905032,0.11497586353874686
2014-04-24 21:00:00,DEHM_noBD,0.23794816973086147,0.7501392467180024,0.7673268885749776,3.47005237930442,5.361835476851245,3.2005989240673687,4.325547939123113,0.08330665919227247,0.1753312955375393,0.2835211317798383,0.15639470718829723
2014-04-24 22:00:00,DEHM_noBD,0.2606547919238462,0.5941348267033618,0.9426204413762241,3.4504869140848857,5.311905803739442,4.100456689216148,4.427141344101823,0.08412063705917944,0.23568819632864085,0.29798610192899977,0.22328237263806688
2014-04-24 23:00:00,DEHM_noBD,0.27961684581828966,0.49050540764357564,1.1508871164863113,3.077473485414104,5.315533156498199,4.972953100297376,4.106693042121931,0.08651211914394352,0.26838858990331727,0.32743867140717287,0.29178434266357417
2014-04-25 00:00:00,DEHM_noBD,0.3096281726765271,0.4662833335381257,1.2190003566169547,2.801969828187548,4.995399858482172,4.995556669250259,3.730783299109828,0.09184650860282996,0.2751974241115216,0.37630074315563644,0.3419550662914912
2014-04-25 01:00:00,DEHM_noBD,0.38321033467480625,0.42563089264857795,1.0921239903887814,2.7033840761753187,4.702744327344216,4.645810166976911,3.4851986500030394,0.11408787382479452,0.2688751229810717,0.42700667208017107,0.38311634153000906
2014-04-25 02:00:00,DEHM_noBD,0.5009157720694126,0.461296442843401,0.9264084594755118,2.715218093843615,4.41213836166843,4.2853032730619605,3.333729874245686,0.1619807533071059,0.2609358778645371,0.4543358759299754,0.42134930775648943
2014-04-25 03:00:00,DEHM_noBD,0.6261185409576818,0.5066608505504423,0.9091892048730023,2.745760277937065,4.191538939421304,4.0305108135327155,3.2203172820836783,0.21015168409907026,0.24835714709651913,0.48084217424434017,0.45252032932704284
2014-04-25 04:00:00,DEHM_noBD,0.6970477001426366,0.5382555397743528,0.9031830478013568,2.8739865399610998,4.011308128416151,3.809480130335334,3.2712901323463246,0.25068652857570084,0.25037147101388213,0.49944567875940077,0.4380659142276123
2014-04-25 05:00:00,DEHM_noBD,0.7259737910447357,0.5274161187119099,0.9075065231734374,2.7461761254261656,3.6834708692265012,3.5360944660603026,3.1210782686704133,0.2797561894874447,0.22177182535293538,0.4634471846020129,0.3601259097331262
2014-04-25 06:00:00,DEHM_noBD,0.6834028563428907,0.6555612228480122,1.0565929243005447,2.403836588771042,3.4308354010516053,3.2507116134124705,2.7168097265759497,0.28575899524296783,0.17891558628127385,0.4785955742503274,0.27383980724534446
2014-04-25 07:00:00,DEHM_noBD,0.6450017266455743,0.751308438583659,1.2003127273459784,2.2608842482600764,3.1029118733021246,2.889822406297715,2.644487169032239,0.2846489822858792,0.15152489712317452,0.5354163968614815,0.1987002866544587
2014-04-25 08:00:00,DEHM_noBD,0.5588315272748335,0.8049583358683,1.362652647016421,2.1888872253470817,2.6369000601478483,2.7183200768665494,2.4965175374759054,0.2943767256846096,0.13585850598921156,0.6593123149781849,0.15329165015188517
2014-04-25 09:00:00,DEHM_noBD,0.5904745446303499,0.8492302719219122,1.4384750283298011,2.123644723385203,2.7038304389902508,2.7703549788516204,2.361010773890033,0.31059609839949753,0.12873577794944588,0.7776908492164627,0.12608971916356754
2014-04-25 10:00:00,DEHM_noBD,0.7634780460216896,0.9549340098076116,1.4888463705248325,2.2980696283249227,2.7112479927712796,2.744249452155313,2.5233256106619955,0.3314800894566643,0.13081761563398472,0.8202578037520785,0.11199819253235575
2014-04-25 11:00:00,DEHM_noBD,0.8766937599113209,1.0645421242830344,1.5343135477356755,2.535106836370707,2.7484584788712825,2.7568131077068094,2.86507906840785,0.3392374434498126,0.1340175449483687,0.8382495067980137,0.10539670335286744
2014-04-25 12:00:00,DEHM_noBD,0.8823517401203513,1.1949997781018027,1.6944984691143452,2.743844946700288,2.8939915855311114,2.967038663674025,3.1555863902610075,0.32127037789654245,0.13504980838759154,0.8519855580719289,0.10668729500041679
2014-04-25 13:00:00,DEHM_noBD,0.8797527020947726,1.2748512727225945,2.043536443712369,3.190657784268338,3.185755914932544,3.236681927553134,3.3651655403898597,0.2860390491952778,0.1526464497906294,0.8625221019575632,0.10483804892078832
2014-04-25 14:00:00,DEHM_noBD,0.85353753759242,1.4170236338762576,2.390501972082731,3.089014972856309,3.3499764314735017,3.447473078924902,3.5602425692085387,0.2425857639123253,0.15802492499324106,0.8532580755603161,0.10173964869049301
2014-04-25 15:00:00,DEHM_noBD,0.8001508375026243,1.459563259219212,2.4486546031963288,2.5218960953420795,3.6376982603426944,3.897752467520349,2.9701395499060252,0.20275456493443939,0.15056264948537304,0.8513850735692021,0.10159190904290526
2014-04-25 16:00:00,DEHM_noBD,0.7126951395755756,1.3222570148730273,2.357680323601686,1.9465099817305145,3.9262597774077337,3.787751273133588,2.4982895253241764,0.18098708884516135,0.14005478926849116,0.7875778259301058,0.10178449464751559
2014-04-25 17:00:00,DEHM_noBD,0.6599199257614567,1.2080441591913957,2.2013013125960255,1.5259709235144379,3.8894172042894075,3.1332863772561277,2.185313052772223,0.16221074234491772,0.11556639423220541,0.7754532208748905,0.09917346858778069
2014-04-25 18:00:00,DEHM_noBD,0.6251684618768476,1.2126157006046827,2.0618516393638098,1.4052409518239566,3.321071036416175,3.1207055964870816,2.2332046500439287,0.14202301958895375,0.1013329080255433,0.8186679704657075,0.09754951236680898
2014-04-25 19:00:00,DEHM_noBD,0.6890115933654968,1.255416680824279,2.037123146801508,1.6799946826582337,3.0072498959433913,3.333878080842476,2.17923751877663,0.13733589396237825,0.0921649927772776,0.8560720617459179,0.1001537722137486
2014-04-25 20:00:00,DEHM_noBD,0.7819109911180266,1.3592913582865067,2.1236523763003294,2.3636015866747986,3.3898470845471005,3.3749775492234195,2.420299296817798,0.13779834800603538,0.08653952542719756,0.8368916726642619,0.11964502268445934
2014-04-25 21:00:00,DEHM_noBD,0.8125822678290523,1.3775110159305792,2.178206525757507,2.7841242560060087,4.078143602487962,3.955682269521146,3.08177205740972,0.14477731616669304,0.08574493103008556,0.8161784401095201,0.16814765687840036
2014-04-25 22:00:00,DEHM_noBD,0.8053637838472821,1.3745340710164544,2.142198831734128,3.150357128594634,4.107580552276624,4.146033654755729,3.7960989616789416,0.16175706929858255,0.08613075757899463,0.8408223014399538,0.2276360758076626
2014-04-25 23:00:00,DEHM_noBD,0.8721359855125574,1.4024576371979658,2.1302371003545595,4.3589176727501915,4.377748435500276,4.4229947124206985,4.501134761407312,0.18786449371704705,0.12134997763183422,0.8935332646370533,0.29362940637431667
2014-04-26 00:00:00,DEHM_noBD,0.9784632365058181,1.4423853831285727,2.3090759859795607,4.409286546140688,4.815349361125902,5.436933314948696,5.488726312957167,0.23837542519017035,0.21906274955444696,0.9266600710606567,0.33334315667330155
2014-04-26 01:00:00,DEHM_noBD,0.9808702889388415,1.4813769709993325,2.396622489881843,3.7133098420536537,4.232581490843519,6.544324461405458,5.876170114384378,0.2725377924925508,0.32351838044701053,0.9297054910607553,0.3695028514272576
2014-04-26 02:00:00,DEHM_noBD,0.9224477275730156,1.4862783649051912,2.262989514284387,4.711737027584655,3.074374511833191,7.790266706259913,6.642056301916002,0.2924824787646199,0.4440589202430322,0.9481686037027245,0.41717420107007297
2014-04-26 03:00:00,DEHM_noBD,0.898723322511636,1.5445692553933275,2.2221943722764235,7.220333416636731,2.3167897204151005,6.669069236025922,8.242415732913482,0.3177148521426927,0.5512360475173065,0.929754858020755,0.4701166731005031
2014-04-26 04:00:00,DEHM_noBD,0.8930982125888363,1.5205594391019839,2.151489758179589,8.134476441019219,2.1488891205346583,5.223270172703024,8.827638607899276,0.34490040699947044,0.6073774690919909,0.8642970491797893,0.47895870855435435
2014-04-26 05:00:00,DEHM_noBD,0.8739408061049762,1.2936921126664034,1.9563251763444995,7.063891474213265,2.3953190952968226,4.456729725888502,7.4952403828347025,0.3762022023141639,0.5106537890544658,0.6841386025630282,0.3954040349055054
2014-04-26 06:00:00,DEHM_noBD,0.8656657157060532,1.1070053093313441,1.6900621194172964,5.9787572623868295,2.6202918192131817,4.039504072716208,6.351360001810938,0.36764675362848553,0.3783208197434191,0.5382366761586594,0.3109695359722775
2014-04-26 07:00:00,DEHM_noBD,0.8476357385135558,1.0533923031544696,1.536351942558879,4.937925520281542,2.685114924330823,4.042245352468877,5.437282289976727,0.312299757116254,0.27777238842426033,0.5296474171266203,0.25288605539935
2014-04-26 08:00:00,DEHM_noBD,0.8994655695324448,1.0934205536787236,1.4198802892053848,4.048097350211672,2.7359795163462266,4.017856882208073,4.829603188459833,0.2662491970272548,0.21522509427203906,0.5705904388163401,0.21891984211719645
2014-04-26 09:00:00,DEHM_noBD,1.002457775423897,1.1610541755987354,1.3176402095269366,3.334628196681389,3.014344192951627,3.641207511897748,4.390502263828407,0.27208919612978577,0.19449135551319624,0.7255200187574489,0.1932048222422104
2014-04-26 10:00:00,DEHM_noBD,1.079677587386663,1.202570188399104,1.2520655913397694,2.848663241259284,3.369619160385481,3.3756165185666163,4.001957995251025,0.29551355208325536,0.17771713960603208,0.9071955852392084,0.17126806966957192
2014-04-26 11:00:00,DEHM_noBD,1.0383147192883724,1.285610329872721,1.1413855507317523,2.3888052045845622,3.366497362697935,3.4527304095923004,3.5960971619820326,0.31749395697167193,0.16039762666032203,0.9896182676279707,0.1625261500171024
2014-04-26 12:00:00,DEHM_noBD,1.0253279083824063,1.3845889560073825,1.1264537929220404,2.114372156296078,2.9585985528824876,3.187816242135444,3.256805242172383,0.3148429299428499,0.15521354713933763,0.976436153648612,0.1679173925460356
2014-04-26 13:00:00,DEHM_noBD,1.0039646028126006,1.452477412694036,1.0968863522053787,2.2104754748872057,2.553858640927373,2.7772075752590357,2.601116055714646,0.293298157277606,0.15043897282181162,0.9416930806988174,0.17510980833790013
2014-04-26 14:00:00,DEHM_noBD,1.0306758541612175,1.4864025178285036,1.260074561775903,2.3607624719408724,2.3964215333194834,2.573789583218946,1.9804057641706996,0.2641586496993322,0.15315640138898468,0.8951081459224701,0.18218031789545006
2014-04-26 15:00:00,DEHM_noBD,1.0326891348522913,1.47894084166064,1.5644936648428782,2.5314418222927983,2.5813099155308876,2.3753462003370815,2.0252896730508567,0.25393340219164373,0.1578450897356874,0.836226252403669,0.18564833984929427
2014-04-26 16:00:00,DEHM_noBD,0.9286572089771088,1.3108891117790111,1.8390670203727222,2.5212955271598396,2.5402155422185038,2.120355410328814,2.239920621492593,0.25317051801617585,0.1535576054007024,0.7440930243149066,0.1765313154587177
2014-04-26 17:00:00,DEHM_noBD,0.7415163503652161,1.216286621602729,1.9083022790553132,2.4098130528820376,2.5176037141396304,1.9761089375334855,2.204708381959674,0.2318406968952118,0.1263719383443165,0.7224782049926884,0.1461440461400697
2014-04-26 18:00:00,DEHM_noBD,0.644615891104815,1.1835547331178347,1.9662519308046416,2.733028417729228,2.742665850381735,2.3131488678360133,2.496050039401132,0.19133884791477151,0.11188575287522066,0.8609422106769585,0.128207142533569
2014-04-26 19:00:00,DEHM_noBD,0.6473241225716,1.2151178773418865,1.8915539757362794,3.104078395845031,3.2882787713016977,2.783492954003167,2.8319984500834923,0.1834348496169052,0.10400924789540406,1.031211670739419,0.12050935222782558
2014-04-26 20:00:00,DEHM_noBD,0.775009831306426,1.356770085184726,1.8293901562129125,3.750166208241423,3.9519089427657996,3.3662096053696375,3.65993774895308,0.1795551594013055,0.09876042003799995,1.1530513676225638,0.11805371125855368
2014-04-26 21:00:00,DEHM_noBD,0.9564352708754856,1.5995829236965116,1.965567072714885,4.420941679389187,4.476145001301282,4.075252579690862,4.734233894243595,0.1749290587663484,0.10131859612224545,1.262014302971262,0.1280032436223651
2014-04-26 22:00:00,DEHM_noBD,1.046221766752755,1.7642033905103522,2.2530180734820213,5.409458555737053,4.8138127816120635,4.854418294097346,6.16574564389243,0.17809743259956218,0.11564824148456251,1.2872392067636815,0.16712800828490415
2014-04-26 23:00:00,DEHM_noBD,1.1392390676492052,1.7897708083800965,2.406504707031915,6.592887313004685,5.457415166129209,5.560793907799681,7.217722958238912,0.2019863576578863,0.19918432757781762,1.3009644535850904,0.2053177794839416
2014-04-27 00:00:00,DEHM_noBD,1.1995542544218294,1.751761972608141,2.7047303480601856,6.801534116584254,6.11359290649064,6.1836462918579524,7.805381630860676,0.2427941289724035,0.4499981529212561,1.330119785598175,0.23939276343061727
2014-04-27 01:00:00,DEHM_noBD,1.2443113973151112,1.6715207415912734,3.10964411219683,6.51254672851147,6.144301390011572,6.81498209150955,8.146131900855357,0.27630845436942836,0.5037959725902954,1.3219235471707969,0.27565423864808103
2014-04-27 02:00:00,DEHM_noBD,1.2802562093717151,1.711274323377102,2.8631062347271894,6.18160629264308,6.434416811856966,7.487410660673009,8.314504359107376,0.31751183841105335,0.4407444686434492,1.2519505099965638,0.31508502312984116
2014-04-27 03:00:00,DEHM_noBD,1.2516776591618386,1.9065425741413111,2.4490161851682295,5.7346358078472965,6.255957618603887,8.045485117700832,8.35828090068039,0.3749092856844898,0.4553963433509963,1.1819992338067506,0.3473074604349069
2014-04-27 04:00:00,DEHM_noBD,1.1345892090852614,1.7821546216847095,2.1109489545245386,5.200785346198866,6.175654584333223,8.165057197456763,8.026386379936385,0.46301222720294977,0.5436248401607827,1.1019070438312784,0.34027434320514915
2014-04-27 05:00:00,DEHM_noBD,1.0308177839099568,1.427651388574742,1.7782295786284414,4.528586314809492,6.005477737329528,7.5182033487698625,6.990051830870689,0.5542516972068464,0.5385768243011593,0.893669809636033,0.2856230324426476
2014-04-27 06:00:00,DEHM_noBD,0.93542092852158,1.139965024767574,1.5855822650129623,4.209745649946277,5.024457985078026,6.117928543157924,5.81369366184882,0.5679776433748088,0.42892558622959703,0.5906915743668069,0.2539586475786692
2014-04-27 07:00:00,DEHM_noBD,0.8650223755397717,0.9932742384997667,1.475252599318353,3.2777825508099565,4.019591193032989,4.706130414051593,4.94972893312149,0.46516126830425686,0.3233612552888614,0.467571698394186,0.23510587686419152
2014-04-27 08:00:00,DEHM_noBD,0.756654369555863,0.9150758106213783,1.320223105708402,2.375247000067049,3.1517905286387564,3.8816041438091755,3.6052395816852494,0.3563275543951475,0.25526510373334854,0.4074883539198617,0.22810002517265138
2014-04-27 09:00:00,DEHM_noBD,0.6013135695875237,0.8803862325479254,1.186721267483466,1.673938936297428,2.4046112040916157,2.8301855225199013,2.513124310321192,0.26785786438132625,0.21989696008193935,0.4081281114612473,0.24078683122035457
2014-04-27 10:00:00,DEHM_noBD,0.49490427169456597,0.8740136713927402,1.1918470889049348,1.340793625460291,2.072676724802954,2.33227721756953,1.8786414908902727,0.23858843020368292,0.18345363080549512,0.4815993282587133,0.2670369064031028
2014-04-27 11:00:00,DEHM_noBD,0.45585677444960915,0.9182200976926507,1.1758814824852044,1.0673278454331527,1.6807859475633502,1.5152803739280507,1.369455972806299,0.2548096640649879,0.1700265932253496,0.5432119995247437,0.2854227884182682
2014-04-27 12:00:00,DEHM_noBD,0.44467276453772075,0.9434153339846211,1.2084742041285534,0.9220278472749539,1.4522760936534964,1.2539701925975077,1.2063645201820357,0.26365502493969456,0.1763144969371964,0.5518147098670096,0.27776046661139453
2014-04-27 13:00:00,DEHM_noBD,0.4307134828853456,0.9310566588978829,1.460840438878527,0.9289548763261846,1.4360177997612347,1.1445362140962783,1.1473057774553668,0.2552375206823378,0.18640815761428692,0.5604619448946577,0.26156663535487945
2014-04-27 14:00:00,DEHM_noBD,0.3720236671476624,0.8578688581737131,1.465430137520735,0.9364242348088427,1.5587361119807046,1.1149992172544587,1.0549352689409253,0.23347283216589895,0.19581161788033719,0.5291376990719052,0.2414423923279798
2014-04-27 15:00:00,DEHM_noBD,0.3330166122420666,0.7631028598435201,1.3430763408593234,1.0372715084136226,1.5980563928919005,1.060990190298774,0.9953369961323366,0.203221937273388,0.20497955452231495,0.43666751127475223,0.20839703064031534
2014-04-27 16:00:00,DEHM_noBD,0.31027457578569523,0.7111167829730842,1.2450640767997272,1.0833327430962483,1.744574607263835,1.0650041204637961,1.1033098251917983,0.18457477385627466,0.2021527585487449,0.36038435914309175,0.18469461736016896
2014-04-27 17:00:00,DEHM_noBD,0.28458216238448153,0.8020808192975907,1.1768499028517017,1.0592543119128477,1.9333707636698079,1.0781294204943048,1.4021402919399055,0.16637321469572527,0.17412669285343155,0.3761935162006541,0.17594877523860916
2014-04-27 18:00:00,DEHM_noBD,0.24140668108495228,0.9338080188129507,1.0808555597272314,1.1831000630885926,2.1652219294347335,1.427749116830963,1.8514536828720964,0.15802210518069892,0.16345638437927065,0.5151024347495157,0.1776469907778954
2014-04-27 19:00:00,DEHM_noBD,0.23728890060204605,0.9090374532365479,1.072696158454293,1.6362913468099434,2.600859593488699,2.3241205756164574,2.5084109673677184,0.1592680895237475,0.14882434184020188,0.7419849528937082,0.1766667171612141
2014-04-27 20:00:00,DEHM_noBD,0.4156123928235055,0.9428857014835264,1.26437366408148,2.219643485309699,3.345049419492495,3.4305849377590647,3.200986773767495,0.16652732375397755,0.1325917201124031,0.8316676845589478,0.17665437003502205
2014-04-27 21:00:00,DEHM_noBD,0.6432885652685427,1.0685467382759888,1.4369385589665165,2.821860930360523,4.38774653104066,4.074191902079095,3.804565846206555,0.1781944303540591,0.13249836360697767,0.8087392815909636,0.19844647864144158
2014-04-27 22:00:00,DEHM_noBD,0.7954868705589486,1.2810798638648624,1.5249404495078354,3.240081417382096,5.225129083949811,4.387665393189664,4.237623996463509,0.19503986902644962,0.1280808548625779,0.8335893041564919,0.24125784955197008
2014-04-27 23:00:00,DEHM_noBD,0.8243327415647748,1.523606560204163,1.5641714270988993,3.4843386081204977,5.676007107469904,4.798540544344663,4.639633542227633,0.21763079945024955,0.12771926999353622,0.906425938794761,0.29549918867313085
2014-04-28 00:00:00,DEHM_noBD,0.8730044256642228,1.7884581539960016,1.6557305188961169,3.751887768290216,5.873908741682399,5.24448532483171,5.035872526648077,0.23704229350994133,0.22843503295266315,0.9749267011764227,0.3280723232295724
2014-04-28 01:00:00,DEHM_noBD,0.9604554463000063,2.019806811767132,1.833547826762205,4.137748288152397,5.9976904147698455,5.535402251851321,5.29351548806281,0.2534936239121136,0.4921585804562235,0.9990996751886352,0.3361219723841584
2014-04-28 02:00:00,DEHM_noBD,1.057937459566774,2.174358772090195,2.077357439202099,4.581321547495938,6.114558618031167,5.7203280780267916,5.394955947277314,0.26791245791103585,0.7296135981746684,0.9716830875166413,0.33237210631494674
2014-04-28 03:00:00,DEHM_noBD,1.1267516926081929,2.262777497931825,2.3632497244065056,5.077333551757075,6.173458412441612,5.754256662201852,5.662099511804539,0.2645979629208821,0.8864863778056997,0.9210264794795683,0.32184561948308255
2014-04-28 04:00:00,DEHM_noBD,1.1229354348629508,2.287761669438212,2.6200737483387284,5.519951832831153,6.040622016061242,5.592359114482852,6.256001779441098,0.24524171928538033,0.9409837603259057,0.8934735635119915,0.2785057735783685
2014-04-28 05:00:00,DEHM_noBD,1.0769201535268391,2.1834464464432926,2.759095686319471,5.6781115449913075,5.68640150795932,4.968852959211948,6.947128551783683,0.23029989552571806,1.063179469468044,0.7853390318452246,0.2178055901032383
2014-04-28 06:00:00,DEHM_noBD,1.0384431516649655,1.8797534169779444,2.6509497537311075,4.822642755211328,5.157527490135859,4.327421530375894,7.19445840507077,0.22587918055046646,1.0564580222177726,0.647705734892376,0.18805013977476479
2014-04-28 07:00:00,DEHM_noBD,1.033549046591033,1.924140647433321,2.624136380170824,4.93567664681958,4.669919252740927,4.157854142630004,6.800237068466586,0.23381126398626598,0.922506093302085,0.500345783742842,0.1879936894588787
2014-04-28 08:00:00,DEHM_noBD,1.084326222623696,1.8567252942032098,2.5531052264304437,4.954386303515571,4.394406443208391,4.3473468708185505,5.934454210513135,0.2490633618384986,0.7876884497044805,0.3960803457525056,0.20280538850235227
2014-04-28 09:00:00,DEHM_noBD,1.1666241395271055,1.5352050487301254,2.078703951752675,4.984703559686482,4.319016056210354,4.393137410738667,5.1337159882771095,0.27788119536389233,0.7249822382409916,0.3382537705352139,0.21489348148519138
2014-04-28 10:00:00,DEHM_noBD,1.2710150689645345,1.397517937401115,1.6812281761036498,4.616282442957176,3.9892805971356946,3.7728312298807585,4.772881391051056,0.3143793574352888,0.6702761361344111,0.2941389239480333,0.2347847893359622
2014-04-28 11:00:00,DEHM_noBD,1.3660326138746175,1.311478420837013,1.678505749747023,4.033981420046748,3.4440201197062956,3.136798470125039,4.665283130607254,0.3522944637930951,0.6431638866298645,0.27431381049936915,0.26772966748577853
2014-04-28 12:00:00,DEHM_noBD,1.3346175530489812,1.11659465842998,1.6852462686146468,3.8130301590837226,3.0685567670626765,3.0762137227325272,4.485199887316833,0.39289051304365497,0.6478678602210803,0.2685472155464928,0.2879025841299845
2014-04-28 13:00:00,DEHM_noBD,1.1593530062277568,0.9894190027030859,1.1273743167142372,3.4472906804240124,2.9000440968284744,2.8374130275592293,4.246658856008367,0.44079597461492276,0.6472333302393788,0.25675521971313653,0.29850902380632305
2014-04-28 14:00:00,DEHM_noBD,0.9122196009472548,0.9126038209141942,0.7446902808943276,2.964854433784855,2.931881974817006,3.041056549327848,4.074005591875414,0.4784366954390576,0.5857780005009587,0.2552829941569616,0.3014277119612585
2014-04-28 15:00:00,DEHM_noBD,0.683902144503342,0.8144208140397895,0.50297034515585,2.2532629154332016,3.0493346003809125,3.936644953158531,3.976810478390216,0.482514409922508,0.4516350454786785,0.25633672988202927,0.28334576025398683
2014-04-28 16:00:00,DEHM_noBD,0.5533889239970332,0.65487905547283,0.42660984220459836,1.6763375316444638,3.1185602333715186,4.695110768810153,3.648219229423164,0.46175431905110875,0.32154469528014784,0.3176050209825718,0.2478014850680007
2014-04-28 17:00:00,DEHM_noBD,0.4738956512536916,0.3932013461346988,0.7394113621304168,1.314932179794099,3.0967923920817415,4.385895387899263,3.26487662260054,0.44940507637644306,0.267532753711205,0.30696528979507637,0.21684012091744592
2014-04-28 18:00:00,DEHM_noBD,0.5690074269071715,0.5788614734195694,1.2919130483472965,1.5127756848017038,3.1816001407921175,3.894819179753649,3.315931056835739,0.4394817047167426,0.27156838380207327,0.7293374638933492,0.2034604793533785
2014-04-28 19:00:00,DEHM_noBD,0.8606135330113058,1.008487500317441,2.116492747692979,2.1386074747227575,3.633235191366733,3.9096976651229407,3.267333314870286,0.45228576276232185,0.36598356556568634,1.1272737736304361,0.19610677143360145
2014-04-28 20:00:00,DEHM_noBD,1.1101184566227853,1.8915894336515602,2.7359606125787246,2.634332690170289,4.230043900238285,4.249067817773754,3.3845027729712083,0.5095188571000426,0.6904351223634798,1.4797326425986013,0.194414271517791
2014-04-28 21:00:00,DEHM_noBD,1.2288289241633588,2.594657704799797,3.0436487960592684,3.094939286250856,4.884449929675273,4.900287274708455,3.898042840835036,0.5722656866714555,1.2068862021811708,2.066970317269269,0.19895593114865195
2014-04-28 22:00:00,DEHM_noBD,1.2560303328105888,2.861626621916119,3.1182342393101035,3.598066863716059,5.663322022571666,6.082854276390576,4.3243941436589814,0.6155254236417256,1.6246054005070603,2.5901041872048216,0.20322828576983748
2014-04-28 23:00:00,DEHM_noBD,1.1767828526655175,2.893680528045435,3.0891270689344053,4.042939879317704,6.203492308283318,7.0709001362967685,4.466313206179732,0.6305821931367214,1.7972599788846046,2.9413190733120294,0.2098671933770743
2014-04-29 00:00:00,DEHM_noBD,1.0237297093729751,2.949030213322161,2.954965474696996,4.398062106919459,6.4489454821161925,7.520646639786931,4.557275894339819,0.597439092643446,1.7826186663862749,3.220388099284728,0.2202865730528372
2014-04-29 01:00:00,DEHM_noBD,0.7468775801232748,2.983767929222723,2.7630275146585195,4.698178513029163,6.487142087340177,7.827467988821645,4.526186948924214,0.5761390577461798,1.7489745198877222,3.502612026180393,0.23191735434241076
2014-04-29 02:00:00,DEHM_noBD,0.6670201261386391,2.910761855687959,2.5551557443419988,4.907805134520658,6.478456284458125,7.915757612363259,4.348396297998513,0.5761087670078024,1.692559618459654,3.7240934356617967,0.24199751839923217
2014-04-29 03:00:00,DEHM_noBD,0.9714646799932023,2.7630183457401776,2.3074752076593277,4.995146672749506,6.551390015427545,7.787884232626744,4.264380017247571,0.5999623795141594,1.629425832633474,3.851758070020565,0.24576347047030042
2014-04-29 04:00:00,DEHM_noBD,1.281251480194351,2.516024730294345,2.111538801683384,4.5314253350878975,6.545705800592979,7.604814845925928,4.170825448968761,0.6533422181778283,1.5110575447768049,3.828363202805833,0.2450778566015325
2014-04-29 05:00:00,DEHM_noBD,1.5011622104212985,2.0848873091855546,1.955573460817196,3.5417689125490117,6.278647434435678,7.201287431355617,3.7804075806737756,0.6595673395668595,1.1573836127143136,3.324037714048634,0.23243406397891891
2014-04-29 06:00:00,DEHM_noBD,2.1390328402332974,1.613696280730968,1.579582167148686,2.8565369612000713,6.271478357745899,6.679271616252288,3.5249689805332887,0.6309751123816463,0.7208734767768361,2.1947563108538,0.19449271290726106
2014-04-29 07:00:00,DEHM_noBD,2.6792727122669757,1.290487711885259,0.9863426458433735,2.5910699328650146,6.039019514091849,6.468929717447141,3.520335696739406,0.6379397536971652,0.5031035972176061,1.6353401848516786,0.14699849560667985
2014-04-29 08:00:00,DEHM_noBD,2.7317297160247893,1.0157218361943285,0.7613924343265978,2.6999761513517524,5.889442659883881,6.10341366370145,3.643942953169446,0.6869189506668364,0.45869428057671524,1.7925296293115618,0.12173336597650586
2014-04-29 09:00:00,DEHM_noBD,2.6593582817317873,0.9020094103798479,0.7498956354687641,3.1919052414364057,6.032185220368698,5.373490752622011,3.922273157251177,0.7420161680370962,0.47672315989037495,1.7791234396409314,0.11968182158640343
2014-04-29 10:00:00,DEHM_noBD,2.5253404150080097,0.8361958808223082,0.7429467092439228,3.935739867355193,6.0696379341462485,4.311702401194209,4.010246420549731,0.7974784524074944,0.5152296106799225,1.578641603634094,0.10864046569785507
2014-04-29 11:00:00,DEHM_noBD,2.4251400436790544,0.8021959135932164,0.7467045833509625,3.963905601469677,5.957815036114399,3.7824017542636392,4.2091820245657905,0.7954763706850865,0.5342111990589927,1.3822254882729652,0.1049427731433149
2014-04-29 12:00:00,DEHM_noBD,2.277673789612914,0.8589539209888135,0.8081260962619912,3.7615737435192615,6.09945548203263,3.7096731820951954,4.539046777349046,0.7520459365234896,0.4845788844047114,1.0878837825606333,0.10247377260443487
2014-04-29 13:00:00,DEHM_noBD,2.140660166966723,0.9492014393534229,0.9823904742669174,3.1691185822755346,6.1315962678288765,3.8090039555692474,4.129668530767114,0.6905250401217047,0.4323641867483685,0.944610744830942,0.09946972219892412
2014-04-29 14:00:00,DEHM_noBD,1.9378269237289403,0.9883655484724403,1.008363805399012,2.23622028143053,5.976713268255126,4.6448950146949075,2.8890275766390796,0.6401707101404189,0.4026271189207279,0.8796727011760017,0.09498785650465638
2014-04-29 15:00:00,DEHM_noBD,1.609418905625934,1.0177015055545806,0.9141573109215264,1.4791240629374411,5.755683507811754,5.266426902624493,2.0501677848278854,0.5977189102501731,0.4053693928773176,0.7842957426646723,0.0882376499588645
2014-04-29 16:00:00,DEHM_noBD,1.1053668210569891,1.0378670260072593,0.855247279943117,0.8396484999820524,5.281570962603944,5.327881575077662,2.930936024168923,0.541829653192816,0.41500053435457485,0.6200303301749467,0.08227786396814747
2014-04-29 17:00:00,DEHM_noBD,0.7104628160113171,1.1740117452202767,0.8106991751209417,0.7938622720762465,4.932461507345927,4.922700521635994,3.4863997313273005,0.46728714775163005,0.3634793232539812,0.6053660112789945,0.0771914653086897
2014-04-29 18:00:00,DEHM_noBD,0.5185649528239387,1.5570322592612833,0.809878448744638,1.9362042381125317,4.702829392753767,4.847411817609849,4.396898928565753,0.3811016118199458,0.31598101559616454,0.8054243349237094,0.07338460252297245
2014-04-29 19:00:00,DEHM_noBD,0.5139775310558481,1.9607409035565857,0.9416874847559664,2.724024423788986,4.907336297020284,5.092709760832559,5.731077054475153,0.30216007758170516,0.29765256899845277,1.0629698977838944,0.07102048410299512
2014-04-29 20:00:00,DEHM_noBD,0.4702229628436162,2.3335898312815972,1.0593715300032989,3.4041674915732965,5.421919594859455,5.707630245732912,6.61786093170349,0.2526877681381655,0.2751001937371852,1.1840396569226512,0.07052076738007255
2014-04-29 21:00:00,DEHM_noBD,0.3921539424694188,2.6033383240293158,1.1735780552720994,4.528197011458835,5.907842188119153,6.391748518494563,6.800757831251037,0.2140354688628692,0.24941910383443888,1.3551352895635196,0.07032267649476633
2014-04-29 22:00:00,DEHM_noBD,0.3676107545923115,2.779942204330186,1.125766357212667,5.708349485638875,6.308027412546856,7.033944827728812,7.053999260888286,0.18177907884977265,0.23517232983911684,1.58634654748227,0.06903299672543495
2014-04-29 23:00:00,DEHM_noBD,0.36784976596127716,2.8976224629336476,1.0821617371983985,6.337218168985602,6.544265974609052,7.51818107338852,7.176119514911241,0.1481135650599878,0.23612283660662578,1.80698712041815,0.0664105246395606
2014-04-30 00:00:00,DEHM_noBD,0.3711628661830268,2.9538913403824134,1.0644978417797897,6.376857494355604,6.609985768031124,7.895198356292178,7.049894095448514,0.11904264524598401,0.23598435920494973,1.968675276570073,0.0643131359602019
2014-04-30 01:00:00,DEHM_noBD,0.3800958244489248,2.9882081034360866,1.1092428455196819,5.913967345384819,6.766990810381842,8.174918750680709,6.8353425362701845,0.09896199181082561,0.23987224817845576,2.0839186012458373,0.06237047352863292
2014-04-30 02:00:00,DEHM_noBD,0.3982189231145556,2.9944280668156966,1.200316229822056,5.256612764504815,6.872440339951634,8.364496896003631,6.750172093320248,0.08802360772110192,0.2535772780748655,2.162323013210923,0.06076516660517236
2014-04-30 03:00:00,DEHM_noBD,0.42652414972619845,2.746631186994128,1.3613413360700073,5.228002301514116,6.910064356165032,8.52563955020228,6.8208193981148995,0.08117352677964774,0.2673736781146776,2.0564107725242295,0.05925195260512916
2014-04-30 04:00:00,DEHM_noBD,0.4445102831298834,2.482166701101093,1.5415834548025442,5.281111209175342,6.733546157500211,8.546668421803783,6.920380647848755,0.07579609132508415,0.2997317494533834,1.5096770134883823,0.05929736266748437
2014-04-30 05:00:00,DEHM_noBD,0.4465945752405188,2.266234715897692,1.4839644324480192,5.302878758775588,6.320939412259315,7.906885473924591,6.361838521622891,0.06924890621389766,0.3448163011753946,0.8875267416603613,0.05807214589635385
2014-04-30 06:00:00,DEHM_noBD,0.451050451730825,2.072139263263671,1.0757931615497125,4.925138811069704,5.811857601909471,6.840727339313117,5.688576208472842,0.07247713997421387,0.3078878941621028,0.7950436158804418,0.056778216355093516
2014-04-30 07:00:00,DEHM_noBD,0.6218937474300793,1.7946254207900887,0.7268121807194766,4.771591344798208,5.42514471898984,6.218457538765608,5.443981714172203,0.11666805209216302,0.2700391120772837,0.9541132402668666,0.05807912249723591
2014-04-30 08:00:00,DEHM_noBD,1.462557210027861,1.286368513987557,0.5897776482746735,4.91242079653332,5.252920946875177,5.974960937295369,5.426120179867862,0.17127175592407798,0.25238093985485943,1.138567491002055,0.060638392965761866
2014-04-30 09:00:00,DEHM_noBD,2.4984429584860584,0.8053001069329525,0.48136420903563987,5.262058789369864,5.237353414354781,5.927062256595267,5.556485366276572,0.1905958070063985,0.30140168517745874,1.3066938060760545,0.06405767110371871
2014-04-30 10:00:00,DEHM_noBD,2.804805785276576,0.6889622350501639,0.4135626858077705,5.380262697452062,5.262314676626552,5.84638889019681,5.4964942392622085,0.19128055486199888,0.4459885088540746,1.2737536989508125,0.06891891301214045
2014-04-30 11:00:00,DEHM_noBD,2.475878806776385,0.6952142551060905,0.4161592816886329,5.330860201221641,5.245942521708264,5.880651418347066,5.326323570967706,0.17716915005088776,0.4938163652646692,1.414660006381413,0.07344075159929922
2014-04-30 12:00:00,DEHM_noBD,2.1731145808729453,0.6832830072220313,0.33103171059512054,4.987972842797578,5.183944765753909,5.840147459451458,5.196667148146862,0.1860421142265899,0.4746133138350268,1.4206471214294107,0.07766486799942642
2014-04-30 13:00:00,DEHM_noBD,1.9395904185316433,0.6134897865852136,0.2478822191344945,4.5421480771998235,4.8512492423971185,5.631897924082449,5.083283172231686,0.2055921554414264,0.5961585840973722,1.5181037266717432,0.08426688935265782
2014-04-30 14:00:00,DEHM_noBD,1.6574951107326046,0.5944617831482178,0.264526134769013,4.199773152601331,4.503052772681359,5.782967627122805,5.489093243906272,0.2494187522110144,0.7510736255159334,1.4557084100816007,0.0889482154501823
2014-04-30 15:00:00,DEHM_noBD,1.5402276572260376,0.5746108780408172,0.22112112423249497,4.159980246743581,4.215204686170891,5.825474911690957,6.184758159361766,0.1956980443518825,0.7649332719960877,1.196351305345181,0.09062308527312919
2014-04-30 16:00:00,DEHM_noBD,1.523649078139459,0.5516139486999594,0.21178022853396367,3.7213247687226074,3.9481072281277227,5.430141728191083,6.240723917833727,0.1323977203278494,0.6741632673141011,1.046072884014452,0.08707195778938932
2014-04-30 17:00:00,DEHM_noBD,1.4084891542375488,0.38615711186662216,0.18962867080414414,3.522021653745105,3.8276468833490767,5.126706695987801,6.3716276890463925,0.1088793787564455,0.5048803225483128,1.028843477652789,0.07967349179161229
2014-04-30 18:00:00,DEHM_noBD,0.9683129519392315,0.26500268382109604,0.16501863835284708,4.736188837802285,4.030428696440909,5.1498883526306605,6.62891074827668,0.09700456206556397,0.38537931980567974,1.1579185793625895,0.07341087611883396
2014-04-30 19:00:00,DEHM_noBD,0.4741265977781852,0.2725961538932358,0.1841973934727272,5.944043331776788,4.088896038786248,5.4894691057976965,7.033626261907825,0.07246150963935576,0.32787582015121686,1.45473934981081,0.07141754735419505
2014-04-30 20:00:00,DEHM_noBD,0.463438692019761,0.3485695858626401,0.2437007829915441,6.8338273948894885,3.842717526445503,5.67038032341208,7.221301387572118,0.06575812754756406,0.3330098128916577,1.7894674072598769,0.06876876877270631
2014-04-30 21:00:00,DEHM_noBD,0.31898400476040195,0.4545249952180588,0.17310565779723944,7.54102009828466,3.542412815589791,5.550577647277754,7.071169469701405,0.0649172882808008,0.30647254376211563,1.971841372505586,0.06525302497241633
2014-04-30 22:00:00,DEHM_noBD,0.2514352306435098,0.404398979300997,0.11887889560207762,7.837288466633689,3.417248117436706,5.460735357404384,6.604041910341677,0.06386560217846324,0.30412988436252775,1.6448987811177778,0.0642184929890556
2014-04-30 23:00:00,DEHM_noBD,0.3404690649366663,0.2795695475387007,0.11524761938826951,7.9930525327871935,3.545095478743133,5.637882775249674,6.184199037292253,0.055837493037194305,0.22664448417794109,0.6344746971176636,0.06417342685282212
2014-05-01 00:00:00,DEHM_noBD,0.25266221576840375,0.20112925454238878,0.11406683415307702,8.148669943146794,3.790081409569922,6.047933642932241,6.08727464927679,0.05372690669479557,0.05806373062746969,0.4045231085641109,0.06589514126379041
2014-05-01 01:00:00,DEHM_noBD,0.1586392371816979,0.12493582744243029,0.10418780805331228,8.223095309670093,4.022605741588546,6.59295540008243,6.272061791835307,0.057038980711456584,0.046495992586382984,0.5225411149758525,0.0699028096215426
2014-05-01 02:00:00,DEHM_noBD,0.1794428294950537,0.07307107844389554,0.06635473663366682,8.4297027987819,4.182946514599928,7.136576137221647,6.660493423181744,0.05882617863701332,0.053455415369059615,0.5417193445261306,0.07891980777528126
2014-05-01 03:00:00,DEHM_noBD,0.2942416781702265,0.07462762145520355,0.058635713253654284,8.784669723038537,4.333668967293492,7.671361971182618,7.210258164674775,0.060364748794907705,0.059981805210227716,0.567775337026287,0.0952168025168402
2014-05-01 04:00:00,DEHM_noBD,0.14519036813737354,0.09252312499417677,0.06996823562264676,9.161802975316125,4.518607838218566,7.646363854231909,7.784945939852785,0.062048577899582076,0.06103250898118532,0.6282250619681133,0.11182463536231765
2014-05-01 05:00:00,DEHM_noBD,0.06476814093726668,0.08000359390499807,0.07069645987282157,8.074590988802466,4.755430128957722,6.871201719482336,7.503884550069477,0.06247090325494021,0.05762455209604219,0.2429163238083757,0.12597286654639978
2014-05-01 06:00:00,DEHM_noBD,0.05083530914796035,0.06615415165237959,0.05907083659320909,7.4274057003505565,4.750047786312215,6.271890650888561,6.83313741254388,0.06089529325027133,0.057916479812271326,0.07413770240728385,0.13584690439729938
2014-05-01 07:00:00,DEHM_noBD,0.059705379832545084,0.06306973372807723,0.05534622127826145,7.309469148836188,4.854215600044867,5.95037273373655,6.409144773039201,0.06127337643191437,0.053109142592117305,0.05072118655063894,0.14138669787632288
2014-05-01 08:00:00,DEHM_noBD,0.06532521896002332,0.06213029983297667,0.06509365109583497,7.24039585883294,4.936996485653306,5.889922475787525,6.487444777592162,0.06475417497192847,0.047017311092789144,0.05970715688629415,0.1447938107647094
2014-05-01 09:00:00,DEHM_noBD,0.0638264826937391,0.06055097133693039,0.08148048774717129,7.01962069152854,5.260785541167646,5.998402470776332,6.821131805107211,0.06967374405872126,0.04794091557519564,0.0649546556812198,0.14858789648745663
2014-05-01 10:00:00,DEHM_noBD,0.06342329185236693,0.05928948857005899,0.09401034395107413,6.862596904906458,5.507824357867284,6.169474645607373,6.979398648917188,0.07199610413843337,0.05584162122156745,0.07102178839101095,0.1480386749755334
2014-05-01 11:00:00,DEHM_noBD,0.0673772702815057,0.058140056369248565,0.10402940031416416,6.7579588948284695,5.610898737385883,6.129384940273451,6.616233458149043,0.07499138953240729,0.06365126108972693,0.07559370799530987,0.14193109058023418
2014-05-01 12:00:00,DEHM_noBD,0.0707165634896791,0.05955451597000913,0.10703543547492461,6.109776126010573,5.2622003436848335,5.307086913840389,6.062977475597855,0.07532430569250478,0.06931390318355103,0.08123795099090776,0.13007617279064368
2014-05-01 13:00:00,DEHM_noBD,0.0749074875735863,0.0659245929055578,0.11505652674593544,5.37597715315451,5.122656881012613,4.484872579768233,5.493133232823359,0.0759538750740894,0.07100322561116074,0.08400507570900641,0.11645896888900532
2014-05-01 14:00:00,DEHM_noBD,0.07658474252802779,0.0704788475501698,0.12202449546232497,4.651345061690978,4.670410152725964,4.081160152942001,5.13684117328162,0.0768201890668848,0.07187639786453953,0.08340474370575272,0.1069969007246929
2014-05-01 15:00:00,DEHM_noBD,0.07856663575127706,0.0745304515228431,0.1241362583483122,4.461102801954652,3.9115573605054066,3.951898847096607,4.570126549904484,0.07703646420561078,0.07317553006939381,0.08591857568082392,0.10380300982482085
2014-05-01 16:00:00,DEHM_noBD,0.08237128001372782,0.07748437844147668,0.12854884295574165,4.444676142375953,3.4941777644545615,4.020215171847052,4.178194242538233,0.07671624498521726,0.07638197403215086,0.08646235437395566,0.10135155257420003
2014-05-01 17:00:00,DEHM_noBD,0.0846180850139585,0.08060722199780478,0.14145448045889167,3.8185854005056172,2.695847082821606,3.6408433440273553,3.742788536695176,0.07564773473310107,0.07640189796113726,0.08024316587880644,0.09683859650393699
2014-05-01 18:00:00,DEHM_noBD,0.08347043167053934,0.10091986520383743,0.1552581293816235,3.3778239759669395,1.8410961216006707,3.029140738503858,2.9719593965767,0.07431863794709337,0.07209334863554868,0.07420603492440303,0.09810881454328156
2014-05-01 19:00:00,DEHM_noBD,0.07977825296723265,0.1522407824760059,0.1811298628825896,3.103279926431775,1.3659939582717173,2.588549050200028,2.437496461258716,0.07437176612336163,0.07481926053645228,0.07210728064923408,0.09560480829783467
2014-05-01 20:00:00,DEHM_noBD,0.08057769221474174,0.18496738236162213,0.224771452268896,2.786254243417705,1.284058141076857,2.209897157111471,2.2790224663133305,0.075273547245844,0.07712554721391499,0.13912890156753083,0.09274333906447729
2014-05-01 21:00:00,DEHM_noBD,0.08035512271155824,0.2379941090209386,0.2841192109285932,2.595893640711392,1.4563266093566896,1.9651834336224603,2.0529385676665823,0.07385994732743374,0.08032935074995574,0.4523618436665258,0.08653912139108015
2014-05-01 22:00:00,DEHM_noBD,0.09443078328334245,0.3401688310053046,0.36083591097671835,2.475064807155502,1.7146861764911434,2.0797872616690265,2.18971622171276,0.06459836557270993,0.0833380463878516,0.5687496665856443,0.07852993173580834
2014-05-01 23:00:00,DEHM_noBD,0.34882217926491266,0.4207254550930252,0.44718995068782763,2.6176323186142456,2.1569451404577644,2.4815694087832316,2.548402763893482,0.056924140625846976,0.08339186244157874,0.4932461035024227,0.07124607881011388
2014-05-02 00:00:00,DEHM_noBD,0.6404409008161676,0.5221731809612333,0.5354173911552067,2.915544805965861,2.558878118688472,2.839698583966838,2.6744269894503705,0.05420306044068133,0.08467063313514539,0.539609583937757,0.0639564543048811
2014-05-02 01:00:00,DEHM_noBD,0.5118065375241565,0.68431033749279,0.6321019089799139,3.0164779664945254,2.39966305492361,2.801080986415127,2.5449164198155185,0.0522828265382468,0.08597334788884517,0.6408375963470824,0.05616910026775548
2014-05-02 02:00:00,DEHM_noBD,0.44416313497798515,0.849048761092731,0.6940504508809293,2.647514010122522,2.3432483962015387,2.540589036671821,2.6029077640282066,0.05461147198719514,0.08626136975238985,0.7238311232463658,0.050435186097842456
2014-05-02 03:00:00,DEHM_noBD,0.4424440379109943,0.917014742353004,0.7581572848750067,2.275557838155323,2.272790994666817,2.4294876209938905,2.542432407151799,0.0627519684001443,0.08645299301782135,0.7982213519758925,0.04653198590742702
2014-05-02 04:00:00,DEHM_noBD,0.5128437506607372,0.8522492540494013,0.8104977312582636,2.1716502880892063,2.0349257032479042,2.2909920423922743,2.2817735486433057,0.082079893538536,0.08340459730881,0.8234080123646417,0.045785782046921956
2014-05-02 05:00:00,DEHM_noBD,0.5866690462439925,0.5253536334627791,0.8041332179593861,1.7966167690744985,1.7511995969800302,2.1110055863529733,1.9890915206062647,0.08763666675657335,0.07735740525592516,0.7483034068273369,0.046943969145064136
2014-05-02 06:00:00,DEHM_noBD,0.5340358564383443,0.21126227259298194,0.8024269302386221,1.5307821208841705,1.4979505171310947,1.8615986635548298,1.6791453525591942,0.08467626128722498,0.07960586712996114,0.5799735737809493,0.046025019438597874
2014-05-02 07:00:00,DEHM_noBD,0.4787248024970618,0.09439025394196898,0.6069145309093785,1.5220008714516615,1.3617607366253575,1.578833303716103,1.5523232107285172,0.08876403864097655,0.0822624183499466,0.41048961368717707,0.045715712027277096
2014-05-02 08:00:00,DEHM_noBD,0.5147284343173401,0.09261892801318883,0.4024781342550564,1.612665690502295,1.247132467453375,1.3624528702120067,1.2940470379990754,0.10497633527741759,0.09151992866707168,0.37620133497792985,0.045913559979647196
2014-05-02 09:00:00,DEHM_noBD,0.46852879052630614,0.1014489150761275,0.3532370963659579,1.6875446130171103,1.09553438206424,1.342942430467023,1.116206067196596,0.12871459460344156,0.10524220758457532,0.37810992503392266,0.048869731828942733
2014-05-02 10:00:00,DEHM_noBD,0.4179023483774252,0.11034813731608668,0.4264199786005295,1.5167798839234716,1.173756866833968,1.3885952478731722,1.2985174239627155,0.14284469105235292,0.1196502134701189,0.3933790043117686,0.05540682790352948
2014-05-02 11:00:00,DEHM_noBD,0.45802292304838055,0.11748405369566854,0.6744957914646108,1.3960668268186596,1.275493869041735,1.52053208280075,1.5340489419133974,0.14155369099630966,0.13580783632986698,0.38493358261759847,0.062470556396820906
2014-05-02 12:00:00,DEHM_noBD,0.37679185220232225,0.1268385741173055,0.6169753343183941,1.5471819918796472,1.3388208532953494,1.4481375570267743,1.8626282571233062,0.12585909837774917,0.1577813375009502,0.38503482512858805,0.06793587912199303
2014-05-02 13:00:00,DEHM_noBD,0.30856670061908653,0.14913116530642367,0.4226912683982052,1.7726339247276068,1.180635811303295,1.3266206646694136,1.7452130279890752,0.10799687855338663,0.17230310868139836,0.38732043375121183,0.0721503089464175
2014-05-02 14:00:00,DEHM_noBD,0.35772420319145537,0.16925340447370352,0.3656305898841196,1.9247116636914932,1.1548946069854544,1.358371050141222,1.4548128445402315,0.09645203065414207,0.17949895762021872,0.47089472399949783,0.0745668094752192
2014-05-02 15:00:00,DEHM_noBD,0.2909098759289457,0.20494864796789763,0.43808182944492435,1.825126162670435,1.2039201540463276,1.2734697189286004,1.465068998511724,0.09273454847077589,0.19276360176971402,0.6575612246352794,0.0753476091316609
2014-05-02 16:00:00,DEHM_noBD,0.1831945345238315,0.24906597864958158,0.3365570278462971,1.760086376866442,1.166999683344257,1.2102729741113785,1.4267550504865278,0.08721538482882298,0.17970734588601156,0.44865387853549227,0.07556611909756367
2014-05-02 17:00:00,DEHM_noBD,0.15247084554690843,0.3348860461024171,0.23147822804271873,1.7383813409708933,1.0781630636056931,1.1448339678912793,1.2650832115728257,0.07953643173704115,0.14451756823019354,0.33175874269728783,0.07530192313144009
2014-05-02 18:00:00,DEHM_noBD,0.15388540225094174,0.44372968359144627,0.26162924701666546,1.61600436520137,0.9895179834206519,1.0793025417178437,0.9588682763134113,0.07276509350606074,0.10582122626630708,0.40455936347242694,0.0759244555011552
2014-05-02 19:00:00,DEHM_noBD,0.18317403748316688,0.6208402570019924,0.4335107840640332,1.0769438849238364,0.9555814733117866,1.0327336323514327,0.8353315604206687,0.06997787959673749,0.09155864704201261,0.5703426670511987,0.07526600925156532
2014-05-02 20:00:00,DEHM_noBD,0.21302584214759984,0.7507207475762494,0.6325576903282035,0.7019604219158332,1.0800969661513273,1.1456983427419911,0.9285090980661355,0.06981671375183815,0.11233290701181467,0.5681671578702505,0.07383821152129418
2014-05-02 21:00:00,DEHM_noBD,0.209952917990405,0.8819686389240807,0.776566093083287,0.7971323144409533,1.2687881074823395,1.4982241833674423,1.2448245945236864,0.07763895560883935,0.17417955304668448,0.5064812900684191,0.0716609161979978
2014-05-02 22:00:00,DEHM_noBD,0.21614839536281302,0.9930031733465683,0.7633886441893244,1.0433023656412908,1.2472188408143214,1.7957157603313876,1.6782782753139212,0.0795810723878903,0.266530272427978,0.5045894580088744,0.06933989250671273
2014-05-02 23:00:00,DEHM_noBD,0.2297053365178405,1.3619605471121465,0.8531706534080293,1.3300236452750487,1.1094857042428292,1.8264224354052685,1.9407806424541703,0.07750517474006731,0.3815311713041164,0.5473036425138383,0.06638950340616225
2014-05-03 00:00:00,DEHM_noBD,0.22200083769913748,1.5588039986462212,0.6517663753052111,1.5191151808767427,1.0558914434440991,1.7454648000577029,2.0050226782263723,0.07653389487927771,0.5116883237939904,0.6067321139082098,0.06355308616665041
2014-05-03 01:00:00,DEHM_noBD,0.1947895038840919,1.367528340772235,0.5197377655709652,1.6551192061138191,1.0111198688142538,1.7280542072390486,2.072801842375047,0.07912225305132535,0.6593816472940759,0.6653589199929422,0.06227523683175086
2014-05-03 02:00:00,DEHM_noBD,0.17129166211221353,1.255995675814057,0.45556457523247995,1.8187775689245689,0.9550651003733462,1.7600300872516395,2.1445532144914448,0.07938226313458877,0.7886359545000627,0.6951782765647736,0.061243388049046235
2014-05-03 03:00:00,DEHM_noBD,0.16286258592272165,1.25681710835815,0.49937218262614264,1.9804374409543024,0.9463041550403111,1.7464609046355999,2.1915301578511586,0.08610039358618679,0.8767685814779286,0.7019841761998807,0.061437030609121694
2014-05-03 04:00:00,DEHM_noBD,0.149407996725859,0.8965622597318239,0.5000631452476036,2.0627840757845357,0.8466487665428872,1.6183408030334132,2.093848391899917,0.09405583502145899,0.8847073644915385,0.6688507301072788,0.06315779188301308
2014-05-03 05:00:00,DEHM_noBD,0.16375465283801294,0.5906287426487853,0.34970366977667433,1.8902089383394387,0.639111395946904,1.35193764530693,1.614206095921318,0.09846081758912457,0.6150504133702468,0.6021824023884658,0.06367117803607147
2014-05-03 06:00:00,DEHM_noBD,0.7277760077492983,0.5155990951562114,0.1905333903656014,1.7842726262412487,0.4681257629275135,0.9924783011727876,1.2227959517453826,0.1015608114566554,0.42093146646264473,0.7918447739126813,0.06398359424454193
2014-05-03 07:00:00,DEHM_noBD,1.3943680350129388,0.3538924201867378,0.1591532312798173,1.7114224161178886,0.4320252771342916,0.8141997018515953,1.0266122998367058,0.1049271974465771,0.3428946903381775,0.5551671217255805,0.06567641110869829
2014-05-03 08:00:00,DEHM_noBD,1.2009025639111222,0.26414707322788633,0.14360193219663558,1.6007191079245797,0.4562627597457356,0.8157554816649022,0.9902139349676132,0.1097106784586523,0.38459020583875,0.3397829622910636,0.07044125758923576
2014-05-03 09:00:00,DEHM_noBD,0.6374440951307444,0.27142490147512155,0.13975937685586973,1.4583017870713928,0.4630814253823784,0.8682276005067326,1.0847033383108593,0.11463092194156708,0.4530585016864235,0.4579217316348383,0.07776737997475763
2014-05-03 10:00:00,DEHM_noBD,0.37786632190215386,0.23645943714261505,0.1594159896027354,1.4189673380574646,0.4903892026648158,0.8740418696929165,1.1992586869164596,0.11923569813649619,0.49099276239828193,0.8381817655363305,0.0860243013132106
2014-05-03 11:00:00,DEHM_noBD,0.418520630216617,0.17590944897200433,0.19499240248385558,1.406620637559549,0.5314853940400807,0.7857174903770349,1.2798386274447717,0.12406146139300873,0.3875294011846929,0.8882797234176937,0.09324587183192584
2014-05-03 12:00:00,DEHM_noBD,0.4798555941316298,0.14727881692308167,0.22106984517827155,1.371460720473942,0.5612909052284807,0.7315811340934246,1.2308340040895422,0.12520039675767053,0.2231247324469125,0.4324126543987774,0.09823756558691255
2014-05-03 13:00:00,DEHM_noBD,0.4629359761750603,0.14415391252627408,0.21249495100995053,1.3737392000835886,0.5703381321176932,0.6764379708301601,1.210840972890965,0.12879446680881296,0.15595822780444274,0.30614096999791207,0.09993050726781354
2014-05-03 14:00:00,DEHM_noBD,0.32796790679289956,0.1538129136741672,0.2740393851949518,1.3299499121505185,0.5797660432565958,0.6066009046720839,1.1854449841049617,0.1450761469351825,0.14787046491473782,0.3955517336507559,0.09906396635372286
2014-05-03 15:00:00,DEHM_noBD,0.21232168532232742,0.14511796621741657,0.222814767245493,1.2204441688271652,0.5467320405979128,0.5919890838760429,1.1509624769350357,0.1357629148647375,0.13296987004957958,0.4739762746588513,0.09613809283978528
2014-05-03 16:00:00,DEHM_noBD,0.16585612245888204,0.14889162950902118,0.19324899473405782,1.0798369841388664,0.495919001099984,0.5831920329107065,1.0913856635494734,0.12655422125028432,0.12635398556235727,0.39136124652294546,0.09119812828910807
2014-05-03 17:00:00,DEHM_noBD,0.152141713452239,0.131676480421975,0.17887530065923335,0.9720671503558019,0.4750906647463793,0.5203810099939873,0.982189953926037,0.12324632643534787,0.11871513835296547,0.2832524601549954,0.08424760327553968
2014-05-03 18:00:00,DEHM_noBD,0.15526650561761562,0.13360209085988328,0.1656366108544275,0.9264305344790101,0.4757511600327025,0.49878763876108234,0.915600161488577,0.13790598008598187,0.11130785550430536,0.2800145164259669,0.08186789811036893
2014-05-03 19:00:00,DEHM_noBD,0.15732444375164334,0.14167501336828808,0.1757025433023986,0.890003068654155,0.49123927315689137,0.5901108241139658,0.9291267069816765,0.15480591593756327,0.1082199820911286,0.27511533850383374,0.0775791926041322
2014-05-03 20:00:00,DEHM_noBD,0.14325587313405458,0.15557249020405314,0.18419658949536433,0.9269695294681339,0.535631276617397,0.6811599541885098,0.9611036889145799,0.18295098177323105,0.10911967982544439,0.32384409280115656,0.07063819637802068
2014-05-03 21:00:00,DEHM_noBD,0.13874376138740432,0.1541911570951959,0.1571047303625409,0.9815224633406053,0.5732749594624293,0.8162324099306363,1.0396838053451423,0.21604490308843544,0.11511052666695189,0.5048607291810192,0.06254912257256148
2014-05-03 22:00:00,DEHM_noBD,0.12909369818928404,0.16512875389003528,0.15793563080391368,1.0974575760307497,0.6160816843401522,0.9589221997144687,1.1512492731031752,0.2240851226815021,0.12353361868564014,0.7596685385054804,0.05502581865409684
2014-05-03 23:00:00,DEHM_noBD,0.13586764492105444,0.1786981314440011,0.15755461669262932,1.30475952919642,0.67902604785352,1.1365477081640503,1.3256948542439306,0.20601623381635165,0.12241018712161322,0.8186487067630048,0.04852472210219294
2014-05-04 00:00:00,DEHM_noBD,0.1419365045795822,0.185354360153842,0.15953866946694353,1.5403816988437606,0.7565910165744087,1.3629186620686047,1.5551752475314635,0.17688045525573645,0.10636568563055351,0.8261929236061163,0.04283238910028013
2014-05-04 01:00:00,DEHM_noBD,0.14075380872590695,0.21505248982754077,0.17674626106160332,1.7968362501157369,0.8158571369122644,1.6281789966960145,1.8319788835841888,0.14451141680864132,0.08243282197427332,0.8461021730692354,0.03918573578672454
2014-05-04 02:00:00,DEHM_noBD,0.13644832813492497,0.26005745209964176,0.20576973180950678,2.0524392844065473,0.8597087781277997,1.8989503597232975,2.117381018510919,0.1209229991027921,0.06368213818501176,0.8078801494255994,0.03781496467976595
2014-05-04 03:00:00,DEHM_noBD,0.21179038096934782,0.31388478245988066,0.24042696801971636,2.2903397403277976,0.8994106134209967,2.1437361089460802,2.358888276500798,0.10397334263029494,0.05522756345725523,0.747959436732604,0.037828910369769216
2014-05-04 04:00:00,DEHM_noBD,0.27986999343930263,0.3450429858558527,0.2704874991717211,2.409742240660321,0.9119087036855925,2.3490966099673622,2.5008686613276883,0.08935076099318909,0.05191069771782114,0.6861257187947848,0.03850853651101436
2014-05-04 05:00:00,DEHM_noBD,0.17474857154709278,0.27870425992305214,0.2924989527927058,1.9689850472091002,0.8674470976832241,2.310929636287683,2.302108305697355,0.07615266770464771,0.049998483372469836,0.6139430823312,0.03941511855975431
2014-05-04 06:00:00,DEHM_noBD,0.17884047183313398,0.21394254810138094,0.2951816074024791,1.6502268034258618,0.696025547611874,2.1603080272245294,1.9256114552855994,0.0712175850496929,0.0484223907823568,0.5595627033230184,0.04004148738226557
2014-05-04 07:00:00,DEHM_noBD,0.2082159889153763,0.20657634999269953,0.27502454704221785,1.2815394508130664,0.5252126592949871,1.635895193647882,1.5219832883926565,0.07285544697471484,0.04893709161702789,0.3873243047647153,0.04122119583028709
2014-05-04 08:00:00,DEHM_noBD,0.27351338090117533,0.2302660510633326,0.2565017720402497,1.0803230014061858,0.4154062012279963,1.2103150804532203,1.257288806685593,0.08464896228399814,0.053388471909529604,0.21420559663165117,0.04272446320003338
2014-05-04 09:00:00,DEHM_noBD,0.1519676125487497,0.2607179307723906,0.2496118930796579,1.0782484980402582,0.4006892390761384,1.0473047163721256,1.2663622753965726,0.10250892097943684,0.06369367488786913,0.1318172712482255,0.044829454117643
2014-05-04 10:00:00,DEHM_noBD,0.11410469138128669,0.28685362945847676,0.2429994626430887,1.1313017909099823,0.4627357456715264,0.870670758945299,1.393920514029294,0.11787703965794974,0.0724605967905473,0.10853835741048003,0.04676625624708117
2014-05-04 11:00:00,DEHM_noBD,0.09574326145794229,0.306512131568191,0.24172826840981831,1.123271007463563,0.6057311552939608,0.7373022003081611,1.2499265096180405,0.12092014309982059,0.07717052400890262,0.10786816082805703,0.04858588581994743
2014-05-04 12:00:00,DEHM_noBD,0.10916299682797842,0.29323278427278954,0.24540042001191165,1.1392832525357004,0.7466822709140459,0.7085393038567271,0.9985225513285478,0.11561763672491518,0.08056815016990754,0.11402454210537939,0.050780409812412546
2014-05-04 13:00:00,DEHM_noBD,0.11940621386496342,0.29864258221274464,0.25091332999426863,1.218903122028816,0.9298452354483492,0.776813507410091,0.8862221858929169,0.11853819718306877,0.08410212540519446,0.11972893361294905,0.0529888903377705
2014-05-04 14:00:00,DEHM_noBD,0.1132462266858339,0.35250899429826055,0.2570496027626771,1.3553667955746138,1.008089378045001,0.8930853992178551,0.8215916242326904,0.1359215780911221,0.08727503992486678,0.12227451306480377,0.05439976667070983
2014-05-04 15:00:00,DEHM_noBD,0.11872822098660958,0.35681807735851967,0.2612339734975689,1.3165439872010831,1.0928945590072496,1.0558190631948192,0.8712904714310311,0.14339428473595514,0.09209659098605211,0.13277704225096548,0.054539669427468816
2014-05-04 16:00:00,DEHM_noBD,0.11962563330242984,0.27908779331065353,0.26034440410054044,1.1462760139712658,1.1436761616572504,1.2991864351011897,1.0384480282339021,0.13569588219394899,0.09581613753304107,0.16585275591293097,0.05509222663572302
2014-05-04 17:00:00,DEHM_noBD,0.10656238709635563,0.2723028759414172,0.25202645366595594,1.0366788215288145,1.1198464129602677,1.5379055619581339,1.2362325554930003,0.13558626903049162,0.09207974644632297,0.15676513401055228,0.055469503933342115
2014-05-04 18:00:00,DEHM_noBD,0.09849217742680914,0.3651145736127222,0.23623429200360535,1.0846091423237163,1.131096766689636,1.7103432462630357,1.5259839822735528,0.15844308144284633,0.08268514375927762,0.1739925161334323,0.056182582789517335
2014-05-04 19:00:00,DEHM_noBD,0.09918226750714697,0.5663864570105203,0.2515586055421689,1.3787518227696043,1.2320820839554303,1.8301416620646325,1.8412530120769135,0.19274308097210197,0.07690398382629687,0.2734547998482745,0.057335067688482504
2014-05-04 20:00:00,DEHM_noBD,0.10336568981956679,0.5878339346739658,0.30464766989517317,1.8135312216274673,1.4384337691993418,2.072084757166388,2.2702464603965913,0.19185259599086657,0.07782217578695066,0.27185601150193434,0.0568819956977087
2014-05-04 21:00:00,DEHM_noBD,0.1097463180371001,0.6307740609694883,0.43099813889198024,2.309247525322808,1.7708379989884793,2.4200944694544453,2.800822591714209,0.1639127235538551,0.08484972994286646,0.2381285251871379,0.05636742351926432
2014-05-04 22:00:00,DEHM_noBD,0.11819211090188468,0.6435727338091386,0.6106314943238831,2.779586305852898,2.1704079484602556,2.778383214735174,3.263236512484924,0.16629600049826812,0.12661601362046784,0.23830925371704936,0.05751860146250578
2014-05-04 23:00:00,DEHM_noBD,0.12272325185224406,0.6658886412419793,0.6850157576328143,3.1400010559069065,2.6016671699852703,3.182105127918242,3.539859709924776,0.22210984338570383,0.18336726136898124,0.2670755318717185,0.05976274975685331
2014-05-05 00:00:00,DEHM_noBD,0.12372310612712048,0.730386661963941,0.7548448543662598,3.3320312995793055,3.0305639009185406,3.6608353073731017,3.7839655156442724,0.2839380595255855,0.2344314794606071,0.3134037846289594,0.06103356977532344
2014-05-05 01:00:00,DEHM_noBD,0.12299609651438877,0.8145905935461436,0.8022477397002887,3.4160739210713347,3.3415007712273828,4.095785763942099,4.086521818777797,0.32610264633769936,0.2797315340813317,0.39155401068990364,0.06166284817071049
2014-05-05 02:00:00,DEHM_noBD,0.1194579582761786,0.9180353551325044,0.8813298135012568,3.5091818380959046,3.6137216603178812,4.363223768505388,4.350781507286292,0.37446376606184845,0.32354912865555674,0.5120841175821971,0.06267483723388168
2014-05-05 03:00:00,DEHM_noBD,0.12237452096533019,1.0171378693697695,1.0529375616419427,3.727090940876955,3.95103393073895,4.477405752364584,4.395690054978676,0.4188511417169081,0.36116117535071846,0.6461595086559686,0.061652124489856616
2014-05-05 04:00:00,DEHM_noBD,0.13445040406923736,1.084972850249393,1.1658474091992714,3.882477833567409,4.046327558992693,4.516380318854252,4.254079798779476,0.4439547083427213,0.3179343330164576,0.6982587756024595,0.058046418991830676
2014-05-05 05:00:00,DEHM_noBD,0.14172598817112847,0.9574104051297322,1.1241578664386358,3.431784924104124,3.980890907602465,4.195783645340299,3.8338970835805504,0.4405239889169616,0.22445711602432994,0.6531599069534885,0.05921876213030706
2014-05-05 06:00:00,DEHM_noBD,0.13416349258448917,0.8236527085926832,1.174116035631754,2.8653367454894147,3.7950110639689867,3.9397364867793856,3.430751518775356,0.41102341735343195,0.1546274320482693,0.5130213865997165,0.06550037049813878
2014-05-05 07:00:00,DEHM_noBD,0.14591035548859257,0.6324363046852706,1.06470430257971,2.68384866554592,3.6915403603818837,3.8590810688959563,3.03815707360166,0.352244444526974,0.12762478269441802,0.31321206150088887,0.07433664881237761
2014-05-05 08:00:00,DEHM_noBD,0.198434360103188,0.6574177204620872,1.0618197488383128,2.553879514118086,3.5394648251313323,3.4782634403770336,2.6331182834072773,0.31674963437272685,0.13638854150675112,0.29065581974682003,0.08104777328230435
2014-05-05 09:00:00,DEHM_noBD,0.23580618286769356,0.8002972516629263,1.371024324186006,2.4369363176226684,3.2493543193505436,3.0236319867564223,2.35173663512399,0.311171899334695,0.1508918355447635,0.36219312846906426,0.08333204956552707
2014-05-05 10:00:00,DEHM_noBD,0.34467927126495146,0.8793628268287517,1.6914609089213528,2.370734887121926,2.9972350175668323,2.6991958573732022,2.0376590302872097,0.3176138199111073,0.16146792329048956,0.4327438768761215,0.08273943711278943
2014-05-05 11:00:00,DEHM_noBD,0.6564462753754667,0.8787385899622244,1.8341862478318312,2.302323824765744,2.9686443987327795,2.6980978389010963,2.0110977146933657,0.32406559137806284,0.1809120145395257,0.5181919893717811,0.08159819860900733
2014-05-05 12:00:00,DEHM_noBD,0.650938299804814,1.1911550462760139,1.8049467164201374,2.36948213879097,3.339173773391988,3.0401792961340375,1.8857691306311666,0.35339798128277056,0.2149457230393587,0.5559175012619698,0.07968711106927119
2014-05-05 13:00:00,DEHM_noBD,0.45643427198229813,1.3595857691474142,1.6843114004093613,2.4194842369496956,3.912625628160881,4.027035203412699,2.2058163849989754,0.40298678131297216,0.25233803611323224,0.5405201280565002,0.08006856758857138
2014-05-05 14:00:00,DEHM_noBD,0.4514698453733813,1.6520427438812635,1.4248349664822002,2.7463450849046813,4.613155001413753,4.807866979950503,2.533000596089875,0.4374247733335196,0.28992581507158455,0.4867276226766756,0.08346946752444834
2014-05-05 15:00:00,DEHM_noBD,0.5088512516170902,1.8928520245743625,1.2128129521005029,3.173403972333617,4.963830116889769,5.0569581088741025,2.9883318478182215,0.44062259915538116,0.32919941423173527,0.4483408237702015,0.08952944608245728
2014-05-05 16:00:00,DEHM_noBD,0.47234773085516873,1.8915901310538308,1.203046038138479,3.250075562994769,4.95269248355954,5.113916644272824,3.6068718201165675,0.43407052018046366,0.3632482995709182,0.5151899069277975,0.09314383498475397
2014-05-05 17:00:00,DEHM_noBD,0.5089212949898605,1.947517378818372,1.4279752456939978,2.8970703668292086,4.780813608754654,4.922582405085151,3.8896249341566955,0.42961163925345974,0.3735830820425168,0.6302644834586427,0.09463843114531187
2014-05-05 18:00:00,DEHM_noBD,0.7021761855546756,2.1025114173542914,2.226191282930877,2.9672997763091997,4.463337227082657,4.999190600349048,3.9632373434036725,0.41462398987188925,0.32637121637173816,0.7797118257882132,0.0977461693240678
2014-05-05 19:00:00,DEHM_noBD,0.745131782504185,1.9943814849316142,2.9787002445858635,3.043511049140305,4.536474516948918,4.9459803551118275,3.877829009364588,0.3669270946351065,0.3594667978151519,1.0890986026042389,0.1034538242355659
2014-05-05 20:00:00,DEHM_noBD,1.1325611747570825,1.9528599575356864,3.346957011845156,3.299414305356712,5.107271913173078,4.813273652283945,3.64277603613101,0.3694190763889811,0.491330822407267,1.557041788557241,0.10723143173597652
2014-05-05 21:00:00,DEHM_noBD,1.707228161928726,2.2655868094310327,4.105146523045117,3.926162686804894,5.097943395751325,5.0632225228775685,3.751775559915156,0.44660110466754055,0.6374409299055858,2.092610710083811,0.11190724299738392
2014-05-05 22:00:00,DEHM_noBD,2.6056230559474445,2.821746502815495,5.45226481388995,4.01124672755718,5.183062425390026,5.273992519913171,4.325012932419306,0.4764965284119731,0.7270247391903567,2.2283675097702837,0.1147446540028507
2014-05-05 23:00:00,DEHM_noBD,3.0431441004228406,3.4804590584468795,6.664929566470154,3.9129315510200313,5.457330173150138,5.838317315016268,4.812463526625283,0.6263262476537748,0.7318236782821619,2.4252518851855562,0.11545651940576257
2014-05-06 00:00:00,DEHM_noBD,3.277949374022948,4.674265125082986,6.283094232546688,3.7266582035637037,5.419150961131302,6.753326928639567,5.257265853900719,0.8339435347263514,0.7280521284647354,2.423932002587412,0.11661174408387584
2014-05-06 01:00:00,DEHM_noBD,2.5552366984080943,5.793232214232402,5.600519600043665,3.819148334353221,5.231520567665114,7.219119010197339,5.5697969883250495,0.9606724077936262,0.7738552140803925,2.7450464204176273,0.12236148948306995
2014-05-06 02:00:00,DEHM_noBD,1.46036445983137,6.494083232298004,5.320219652503035,3.7025238783980146,5.040432165616618,6.725842469809795,5.718811640368216,0.9654982113688811,0.8294658087570175,2.607568878874465,0.13343928538325003
2014-05-06 03:00:00,DEHM_noBD,1.393974461546517,6.6367794462244705,5.480845290415229,3.54310556654208,4.676718993629781,6.116640399677659,5.269981004885154,0.8126066902815923,0.7753136784040553,2.3273101385135697,0.13796913772929953
2014-05-06 04:00:00,DEHM_noBD,1.237273213411756,6.796708345565175,6.128250336099207,3.3434105492941706,4.198532736108755,5.753930434786924,4.635739793199296,0.6167000001637638,0.856448346860893,1.6268227487143012,0.122181451495898
2014-05-06 05:00:00,DEHM_noBD,1.2824688679440133,6.044423232816355,5.561105045652889,3.1240938610376063,3.867399033740263,4.884239854032464,4.282457573816566,0.5311628665040619,1.1028176231371611,1.1124197114158048,0.11485586706613057
2014-05-06 06:00:00,DEHM_noBD,1.4672816741053571,3.506167100840737,3.893975812358212,2.7782755274362083,3.712327286435635,3.5132870847659254,3.7057757648401464,0.6200109802599995,1.3377596621659955,1.0446130204655975,0.11623659230651674
2014-05-06 07:00:00,DEHM_noBD,1.77559498219857,2.709661901513846,3.289294945963753,2.150556763691741,3.798820091509579,3.2222512874369276,2.908225695548037,0.6994105896306038,1.2034899265195056,1.1294955644128541,0.11708928449202315
2014-05-06 08:00:00,DEHM_noBD,1.8325171341824904,2.3523917099374856,2.802575459265662,1.8768143041842382,3.5122220224688085,3.379441543354111,2.7364465590422937,0.7728684452654421,0.9774073356019333,1.2359290055821284,0.11480242319230785
2014-05-06 09:00:00,DEHM_noBD,2.1927168268290904,2.320837264233457,2.58467395849444,1.9372116210042565,2.6852394918297486,3.080329824514131,2.694027900443096,0.7168993246552349,0.8498866144468076,1.3489756384027214,0.11463861010956908
2014-05-06 10:00:00,DEHM_noBD,2.252682435320034,2.3127081620768797,2.73630466787122,2.067662492741521,1.283075812277114,2.43377151502124,2.1688650806842875,0.6858136513165756,0.7954625790517078,1.5458656247198443,0.11747359330345163
2014-05-06 11:00:00,DEHM_noBD,2.0149220982174976,2.1522190895185576,3.158193109154799,1.3183011086231127,0.47439310390166933,1.5549699646092556,1.2516421180199782,1.0559982810694724,0.8189958545430098,1.4839733929595027,0.12347874993582712
2014-05-06 12:00:00,DEHM_noBD,1.7027026653800825,2.111907340274382,3.4778984365976884,0.7048124384979207,0.42588992080606497,0.8008883632867234,1.3017543144755737,1.5810700304330882,0.8178777346266153,1.2965374624318164,0.1300696262247044
2014-05-06 13:00:00,DEHM_noBD,1.4041367170773813,2.3795948094940456,4.051544318964391,0.9633664187722243,0.4340256473532691,0.41808962027146,1.557198809629139,1.523554692265559,0.7812489044732925,1.2348640175655203,0.1380531066375562
2014-05-06 14:00:00,DEHM_noBD,1.2643004392925707,2.5293976615593396,4.434454931016176,0.9989775596944541,0.3801170626053772,0.40079574372669197,0.5605315339933441,1.6124031702709574,0.80925859628245,1.2221832169980567,0.1442321778804644
2014-05-06 15:00:00,DEHM_noBD,1.2333714385977281,2.6433071216947024,4.9833785072777745,0.4187402775063257,0.36710810052020465,0.47803933625674566,0.1432130814944102,1.8750683513019606,0.9134457711407868,1.2514618388487666,0.14326266875797875
2014-05-06 16:00:00,DEHM_noBD,1.3509166022168706,2.874581250507838,5.185608799914839,0.13209461523434424,0.3793722584813831,0.38597881233611536,0.16901080430085652,2.0507044894954003,0.9924722763740497,1.2954167643337848,0.13479164357502468
2014-05-06 17:00:00,DEHM_noBD,1.554809440459752,2.957759751280424,5.027668240947244,0.13231442761450285,0.42219604638551345,0.2831669196577369,0.3364473888989523,2.212629365028441,0.9160648260401065,1.2835456098225055,0.1266572149599389
2014-05-06 18:00:00,DEHM_noBD,1.7758625551635718,2.9122740358104218,5.314481596811018,0.1807725828408648,0.48120925041086027,0.31046995826681656,0.7081374415381971,2.109570588379875,1.0506227457284152,1.3623490927666135,0.12027149342894536
2014-05-06 19:00:00,DEHM_noBD,2.0239243297224476,3.3004372252914576,4.882305017649912,0.5591069365697232,0.5504823664357372,0.6440253660919668,1.2661561941058765,1.9474530785945803,1.102536651624944,1.412195628976254,0.12316416336252797
2014-05-06 20:00:00,DEHM_noBD,2.372360074937222,3.645297850258621,5.149346129792933,1.3626171549688002,0.5963744902725051,1.0956708805927302,1.587727999854687,1.9911394465710035,1.1452194991515297,1.5399630579495145,0.14789390012334555
2014-05-06 21:00:00,DEHM_noBD,2.6486647620695996,4.585322843247819,5.600375465683277,1.9590991611839967,0.7326147596472502,1.5276326364189174,1.772801630270149,2.24983001854185,1.268688048203895,1.7355733059162413,0.19567534381470866
2014-05-06 22:00:00,DEHM_noBD,2.8606680422725637,5.788431702115799,5.624009303012564,2.3696863136473207,0.8703088931169547,1.8235976785917924,1.9468977738144073,2.5330817194017023,1.3655930645371879,1.7344278196611331,0.24577310408935873
2014-05-06 23:00:00,DEHM_noBD,2.9757145277573867,6.400750513125822,4.677606640775535,2.8107918453183802,0.9211931863266135,2.2267330050404817,2.3374937298316594,2.8415899893260748,1.5160097631372953,1.614580710487518,0.28632150565639947
2014-05-07 00:00:00,DEHM_noBD,3.00213161056693,6.714540981068944,3.685268194638494,3.3017512125117108,0.9159128823405505,2.7481183606269592,3.0748076065149315,3.1395072883656616,1.7725507317782285,1.664421248297725,0.31207179015717934
2014-05-07 01:00:00,DEHM_noBD,3.3069644619103578,6.442108862591888,2.8901120634072677,3.561757782530509,0.9370827048760839,2.9602537984540014,3.676405011900159,3.267793774420023,1.986750637685191,1.9437490473677517,0.31320168659829994
2014-05-07 02:00:00,DEHM_noBD,3.829538586721381,5.610376943406123,2.320165644175914,3.4452693309759006,1.0246473969461722,2.8885715199642963,3.593739750995203,3.1575735667303206,2.158758122961251,2.156023557262996,0.287797229543079
2014-05-07 03:00:00,DEHM_noBD,4.129222251410015,4.892478002384207,1.9307479550530693,3.267726567919965,1.3067075577704048,2.8551488683265482,3.281034314826627,2.9384586725351216,2.297545565546444,2.4079198042946865,0.24495567910997645
2014-05-07 04:00:00,DEHM_noBD,5.322064816545701,3.8756631135109116,1.281625685270897,3.077447370197352,1.5665298104248009,2.698602627092047,3.0578111506964945,2.6067360996332014,2.1972961029728317,2.5345759502211216,0.18622828591603785
2014-05-07 05:00:00,DEHM_noBD,6.138070081566107,2.7934360696406366,0.9121471081245853,2.3964422673945696,1.2462074579680804,2.282885304681051,2.7698513084011482,2.075212069019079,2.263902039984679,2.5916402435840293,0.14978659282369522
2014-05-07 06:00:00,DEHM_noBD,6.096521442307793,1.7460095974862335,0.8263678132545773,2.0402673224533663,0.8296998713800683,1.754137008238882,2.2958910487402973,1.685314382463321,2.482759591107639,2.724202773663984,0.14573128497216836
2014-05-07 07:00:00,DEHM_noBD,5.611106231062318,1.3572635638249637,0.7033037918316822,1.8009749597880291,0.8170920871333032,1.474303065209356,1.9507040370454523,1.4873202557354046,2.599111907050442,3.231223850262171,0.16020071452002965
2014-05-07 08:00:00,DEHM_noBD,5.237907453870121,1.3213956739914998,0.5868721737768896,1.617212660651759,0.7741049862990529,1.3530928008835343,1.7394256606962788,1.3872537096996231,2.607393644885514,3.9398765198228762,0.17627453024810164
2014-05-07 09:00:00,DEHM_noBD,4.2707233940452545,0.6665779359235824,0.5574908552487543,1.4271710311997512,0.6768415505678951,1.1304752577286377,1.6010409567991644,1.2473926867052167,2.542152201609928,3.2647930490831616,0.1895089082084967
2014-05-07 10:00:00,DEHM_noBD,3.168276543219555,0.48532205389797967,0.5057068435550712,1.239211297430388,0.5916437553231416,0.8729537410698132,1.3195327841189153,1.097341133328527,2.5203658497197186,2.3194496751241527,0.19859293275048018
2014-05-07 11:00:00,DEHM_noBD,2.504992128979778,0.44853629157914077,0.5436125199527666,0.965731645720296,0.538328456313014,0.6193777409958466,1.0943844359591166,0.9030863727824763,2.4823658399608686,1.857474357089298,0.22302774933662717
2014-05-07 12:00:00,DEHM_noBD,2.3486289489434244,0.4419345841848151,0.5453443673473968,0.6142029430465541,0.5113477263735606,0.5348772878459142,1.0221894032362662,0.7118381560027598,2.457739081928255,1.4648699349292058,0.28201608323935634
2014-05-07 13:00:00,DEHM_noBD,2.160693759437185,0.43406584904013656,0.5267149688615951,0.26835779500954604,0.5170438797327317,0.5089173126165429,0.5004557905490893,0.625108826264888,2.208051184739834,1.605067902702332,0.35627623790455737
2014-05-07 14:00:00,DEHM_noBD,1.8061981949760764,0.4293744713623355,0.49185954695080036,0.20389983011431403,0.5082004302917607,0.46227604564454633,0.6013008356221136,0.5687029894683323,1.6552262646098712,1.1712498486745822,0.41228967050411025
2014-05-07 15:00:00,DEHM_noBD,1.588018267183271,0.4460255819938005,0.56044073680035,0.5065194578815259,0.4752233961865491,0.45871033427104346,0.8298411524993135,0.5054172915724104,1.1954765932105527,0.9013104416757635,0.4519231995478877
2014-05-07 16:00:00,DEHM_noBD,1.066484367388787,0.5439792900206399,0.9442658795595493,0.5792856770241246,0.37848249674186096,0.5147252675096794,0.7421257812976394,0.44481026280619196,0.9146067806371954,0.8741031415817491,0.47890627438639155
2014-05-07 17:00:00,DEHM_noBD,0.6457807203921465,0.6577841905967474,1.0988999587775208,0.6609952401096,0.2998028459677564,0.5305965548463719,0.7300976853747496,0.37601049168214196,0.6189340541545953,1.1273123103200957,0.4786189221225154
2014-05-07 18:00:00,DEHM_noBD,0.6101239465530914,0.7445928110627342,1.1038825759568531,1.0163900039002236,0.27256571789206924,0.656203874677699,1.0177175995126357,0.304632568279684,0.4249235494431049,1.077762609994422,0.44926315310334086
2014-05-07 19:00:00,DEHM_noBD,0.2758038727086083,1.0302012123579236,1.3958137155509647,1.2216167158770126,0.24562020499331869,0.8798318692971173,1.2441368530521635,0.25289940903133934,0.3585021470606722,0.9303519421400885,0.3675208558354375
2014-05-07 20:00:00,DEHM_noBD,0.21808742327323638,1.4251575781130448,1.26180338354751,1.4326859238527057,0.20274567111915895,1.0289572934836604,1.1596880309881796,0.22415194037365366,0.39913917007785277,0.7780564485406928,0.28194613870014723
2014-05-07 21:00:00,DEHM_noBD,0.20699255207713457,1.5495091948124808,1.138932623798463,1.5240300079978835,0.19004420413423312,1.0615391630574544,1.1317626903116753,0.18308171771180803,0.4748477982428668,0.8665444944908611,0.2518867905994603
2014-05-07 22:00:00,DEHM_noBD,0.28326343375196666,1.5960507570900417,1.015339312332978,1.6525563199340232,0.1985622350679896,1.0395489477245277,1.2823107369237339,0.14621311171267978,0.47644077739477136,1.2829716303206915,0.2387808090204798
2014-05-07 23:00:00,DEHM_noBD,1.2426625333053851,1.371530090244538,0.9309671593543787,1.4837605767624744,0.2283080606753378,1.033449984370838,1.4919375028724753,0.1223655047210817,0.4934859200924634,1.5553242937283622,0.2369597959935052
2014-05-08 00:00:00,DEHM_noBD,1.545419877238758,1.3626652568066637,0.9442716748793151,1.351616702109464,0.2761227865047426,1.1272360625901643,1.5579539871541241,0.11060190684636577,0.5033431832063197,1.7743092927625306,0.27322419677525983
2014-05-08 01:00:00,DEHM_noBD,1.5038458478047325,1.2612568462869294,0.9075661734000782,1.3089444194617592,0.362502615260817,1.259195020039315,1.5892824528527867,0.10214017844740281,0.5125205861628055,2.2984600085352964,0.3187480503753991
2014-05-08 02:00:00,DEHM_noBD,1.1848265698318183,1.0531097836802108,1.0138608204766084,1.2844099531070485,0.4010650917389988,1.3339120203811443,1.6846692167650081,0.10269813880510384,0.5138864481818676,2.2543539982207865,0.33580254077330224
2014-05-08 03:00:00,DEHM_noBD,1.0421555166215075,0.9941789448672348,1.0983517109584802,1.308969653830601,0.4071143926133495,1.2594519214133453,1.7615486138662648,0.12333228834145689,0.5554608774894475,1.8661914856320618,0.33120470102448013
2014-05-08 04:00:00,DEHM_noBD,0.8561059331752917,0.9594721261938207,1.270833120089466,1.240274407473415,0.4029721177177502,1.1271195585031528,1.667497852852712,0.17364500390062565,0.6876351684227584,1.5539809157055617,0.30737831376456637
2014-05-08 05:00:00,DEHM_noBD,0.8156927307332306,0.9971601166355959,1.2079507133355551,0.9509841495815949,0.39154467211078836,0.9135800507447216,1.3786638426070987,0.20050297372888765,0.8202874894121289,1.4410185544027758,0.27790394396295764
2014-05-08 06:00:00,DEHM_noBD,1.0696889139618397,1.2111055973667022,0.6296162872290691,0.8371601350284291,0.37470493807895094,0.7615148605568334,1.1145427776087962,0.21101192980198186,0.905199806972891,1.2929947308946865,0.2522029766108839
2014-05-08 07:00:00,DEHM_noBD,1.5727928815992622,1.261869755135905,0.1965490675274275,0.7523245776003143,0.3779835547901316,0.6478199401875631,0.8701865684947826,0.23432015970842895,0.8843128284237719,1.1758697496103494,0.23169736945604896
2014-05-08 08:00:00,DEHM_noBD,2.2160437545523233,0.7562348887559567,0.058729282781163836,0.6843929000416514,0.3679530347220785,0.6130670573045778,0.712071459387301,0.2463841596914827,0.9046785339609904,1.4397769253717037,0.21112736912727342
2014-05-08 09:00:00,DEHM_noBD,2.2579287520819658,0.27460245096734515,0.05905758274083011,0.6253313935674552,0.36487191108584394,0.5906396096911606,0.6288805189089192,0.25350549595255395,0.835222179435175,1.864297697697929,0.1925929912680387
2014-05-08 10:00:00,DEHM_noBD,1.325977189700282,0.14211432789888107,0.0727406961532216,0.7012338395408884,0.3720798289465717,0.5548676387326837,0.5770093244546732,0.2638517478118835,0.7196425512025225,1.9887652265088867,0.18501402009009377
2014-05-08 11:00:00,DEHM_noBD,0.28875115926877115,0.04943308010653109,0.08330687798436726,0.7627813074653036,0.37114429894477124,0.5202558233279362,0.6149455392533889,0.2702130861346608,0.5571908165096304,1.4347363924418692,0.18260381710376583
2014-05-08 12:00:00,DEHM_noBD,0.1403849316369741,0.024995916351678152,0.11134896878541439,0.5491693413950444,0.33006034700034176,0.41317316587224134,0.5423775104186461,0.276654826795589,0.5618280096983537,1.0695792865677305,0.1761059227560041
2014-05-08 13:00:00,DEHM_noBD,0.11751345057229497,0.03519400054355133,0.14043230643544327,0.3393820437737115,0.1975369022475554,0.28969399396176787,0.388255125939556,0.26843965133802944,0.7606089878896996,0.5205716765673423,0.1629842827996797
2014-05-08 14:00:00,DEHM_noBD,0.06505767010255704,0.06162896943588378,0.16235197908223598,0.17649846582268208,0.17273154561420898,0.18161633364946228,0.2527256522912933,0.25612286015829067,0.927807044868227,0.40935792478799343,0.16779645002739718
2014-05-08 15:00:00,DEHM_noBD,0.08481372049259947,0.10864971515996599,0.19548197552315874,0.14959567320104156,0.14341568950063532,0.16798858775157705,0.18707107771007922,0.2354614554454944,0.8144287844152561,0.24452454274588586,0.17158456050734378
2014-05-08 16:00:00,DEHM_noBD,0.0994835588025439,0.13709874836125865,0.22567521628176773,0.14688886153089534,0.1008077156736887,0.15665219656592172,0.21121779050031195,0.2095425732302571,0.50363454680535,0.11105530770845698,0.16035597031538584
2014-05-08 17:00:00,DEHM_noBD,0.12391081269033706,0.12911725118695747,0.27450754032628594,0.1330157606790685,0.10733105166569332,0.17258617398508755,0.16361836736369928,0.18013506187966535,0.2432631479001079,0.10415885263973104,0.16252115824806054
2014-05-08 18:00:00,DEHM_noBD,0.14275650938890636,0.12427040834781354,0.3098058586428498,0.12587924620434077,0.17642327603040248,0.26223616248825204,0.1469112043902533,0.1580452028201612,0.11572291682527415,0.12248118289441554,0.17346372776905972
2014-05-08 19:00:00,DEHM_noBD,0.1533838025760836,0.1371506734587129,0.3264580370478587,0.16582863522097857,0.2836736793721931,0.3857387108422483,0.22600614460143767,0.14574129979568057,0.0845816213697036,0.15734971917478877,0.20566626444200664
2014-05-08 20:00:00,DEHM_noBD,0.1643214120708521,0.1715269229147408,0.3130936462066758,0.3138935877556405,0.3940187583494279,0.5164877881254402,0.4798493333351332,0.1333992577608161,0.07349203122309396,0.28629920262900543,0.2679040854311937
2014-05-08 21:00:00,DEHM_noBD,0.18378545160451887,0.26797773833678795,0.27929478578162714,0.5480739055241466,0.5396204010979458,0.5743584271715989,0.6547915705503906,0.11534975575561614,0.05964170316740297,0.5266780053346748,0.36107754938423914
2014-05-08 22:00:00,DEHM_noBD,0.3137252080186991,0.3345429299240017,0.29770263232058836,0.6960007658828349,0.6366559031036496,0.672520988199872,0.6672367284550034,0.10572808641047665,0.07062135677457593,0.7374570107446262,0.4697138214323528
2014-05-08 23:00:00,DEHM_noBD,0.498843690052377,0.3518572530462824,0.31904304119416727,0.8271222682611408,0.6728510368684865,0.8364978834949683,0.7879210813314815,0.10847999746989452,0.18692755224700297,1.130065504856603,0.582262068276135
2014-05-09 00:00:00,DEHM_noBD,0.5647085658174567,0.3708957441998141,0.3337960297647699,0.9754083426580787,0.6730985715781711,0.9324071418064385,0.9719817374700167,0.10527815194190701,0.368010514750555,1.560109462446738,0.6993855816544778
2014-05-09 01:00:00,DEHM_noBD,0.6019649686911328,0.41055485464800423,0.37164113053136727,1.1119858601470813,0.6703483594635686,0.9236495474553876,1.0914122508982027,0.09936703883657565,0.49389588272206486,1.9144137589362638,0.819115697379168
2014-05-09 02:00:00,DEHM_noBD,0.6382501830182689,0.4930337427967621,0.48842838668011,1.1552293651368988,0.728203990578465,0.9527358968947617,1.0928015345942397,0.09211081480752545,0.5962022310000658,2.208551977763688,0.9410516698646173
2014-05-09 03:00:00,DEHM_noBD,0.6557252687678206,0.5738850343027304,0.5184014346000507,1.1854981733286452,0.8261889520901162,1.0648680591411295,1.1020008320733485,0.0862284818194281,0.6733626967599615,2.3219305395371235,1.04143682371594
2014-05-09 04:00:00,DEHM_noBD,0.6289409957323455,0.415825060548512,0.45483894363798366,1.2684953090232358,0.8859908430482167,1.140839042221576,1.1630127920232305,0.08553166023508398,0.6848308822468667,2.0206690181332476,1.0796121151685714
2014-05-09 05:00:00,DEHM_noBD,0.6045786136137019,0.29752324830264126,0.3544413038781709,1.2320562038276042,0.903074471297264,1.0905836404321656,1.1911099175797113,0.08636511279481456,0.628014853335265,1.6342066764052774,1.0924264089761675
2014-05-09 06:00:00,DEHM_noBD,0.6087763799918581,0.27655343003434224,0.2651965414498827,1.0805090831346555,0.8230947803008742,0.9966105436723061,1.1584821692705434,0.08442536442850704,0.568137129312381,1.400068746814993,1.093974346569702
2014-05-09 07:00:00,DEHM_noBD,0.5393654944099857,0.2849537278153141,0.2473529150640544,0.9625420812644137,0.604917463595392,0.8273597721540107,1.0253242681876622,0.08042426298592231,0.502783089666115,1.3622143700969056,1.0853245227801986
2014-05-09 08:00:00,DEHM_noBD,0.5144122272274643,0.2807225167555558,0.24603137509676387,0.8808709155503044,0.46547217405770897,0.6735058418227795,0.8199350918928707,0.07914217929203747,0.487225778499227,1.3715835880032554,1.0404283542785513
2014-05-09 09:00:00,DEHM_noBD,0.5417986203273385,0.24821072105032727,0.2576585914079028,0.7938857493166251,0.4120320511207636,0.5897271699492068,0.7062888774748641,0.07837948574549505,0.4117192350511437,1.1825534507767483,0.9635431886888668
2014-05-09 10:00:00,DEHM_noBD,0.619416738885194,0.23958899575226417,0.2597578606023382,0.7128211626570444,0.3672373256796038,0.4982033923848251,0.6879965935518009,0.08109183566135332,0.35452564200129816,0.9090753973440637,0.8398685088923481
2014-05-09 11:00:00,DEHM_noBD,0.6409177457842603,0.23056735312448978,0.24155716240702296,0.7338698302324836,0.32834080607335997,0.46148339598005395,0.6413555734630626,0.08606899213649315,0.28504391039991034,0.8047505512919648,0.6819122317855757
2014-05-09 12:00:00,DEHM_noBD,0.6568561082118564,0.24004069304608822,0.22556930907264744,0.7091126225744175,0.3147918199995159,0.4629346176267508,0.5998997959663253,0.09283746898189185,0.26321925551456843,0.8371474536491185,0.568884649186735
2014-05-09 13:00:00,DEHM_noBD,0.6476473336837627,0.2454711191338171,0.2437960756520402,0.7427289529243757,0.3600390509022026,0.5736685958146979,0.678089012276352,0.09930405703436564,0.24946844817639785,0.5486191975487396,0.4607159462199476
2014-05-09 14:00:00,DEHM_noBD,0.6014369538884236,0.32364784964754234,0.2441572386315883,0.7239509957647521,0.3976652310463227,0.7277157037174004,0.7450551284455577,0.10656424883499731,0.2451524111298256,0.3593311065832874,0.3882360458800359
2014-05-09 15:00:00,DEHM_noBD,0.5478060947178303,0.2167813407454475,0.22993948982354237,0.6015535643773904,0.2995861981072648,0.6345293373784445,0.6921767043681966,0.11228569088263428,0.22580944173328227,0.2389486819425446,0.33615234476701816
2014-05-09 16:00:00,DEHM_noBD,0.31922857560239715,0.1366576104291329,0.2249696502336021,0.5156744646654879,0.2094708648970908,0.38241803364402827,0.5212967384404845,0.1113052339961471,0.2160151876963331,0.26470181570205426,0.2942521510304449
2014-05-09 17:00:00,DEHM_noBD,0.14923543036820358,0.13173410976873923,0.21101542985198768,0.48171748957807425,0.18505640537515278,0.2615373783080011,0.3709409140864759,0.11362243819585752,0.20520185110592898,0.4850636062684638,0.22939318702784012
2014-05-09 18:00:00,DEHM_noBD,0.13586334498586117,0.20699276309466208,0.1904671680394001,0.6094895591864278,0.1599901968343554,0.24713397561336306,0.38522112122621044,0.11345779456601109,0.18441226743692282,0.731061022469177,0.19231565148304738
2014-05-09 19:00:00,DEHM_noBD,0.12802038263071325,0.24857111343445934,0.22458046134195947,0.6913040127240222,0.1627674147049616,0.3686727332596693,0.5528545492945829,0.11082388302887773,0.18539531329292117,0.7901885650828735,0.19808613462825786
2014-05-09 20:00:00,DEHM_noBD,0.1563727297445106,0.3873419057943416,0.2662094178835259,0.806707196641708,0.2049946556442835,0.5387267893500183,0.7868697509501378,0.11039752362455353,0.2045645952755737,0.7558387618971931,0.2214475570674035
2014-05-09 21:00:00,DEHM_noBD,0.20306363010671905,0.42718485925761973,0.24397716568266442,0.9984091020335129,0.23950671233162266,0.6259871984170667,1.0301351078720278,0.11031826796067017,0.2440813072596658,0.4199444947481753,0.26827934107116946
2014-05-09 22:00:00,DEHM_noBD,0.2823560128865482,0.4555213728854257,0.5025048009778064,1.2484621222655128,0.3016421840271166,0.850238249549607,1.26694112023609,0.1073318265674134,0.3124681811708029,0.3672571302203021,0.3188118979815022
2014-05-09 23:00:00,DEHM_noBD,0.2809881758704593,0.5060650468826206,1.0037465689827991,1.5510660979724444,0.46053053323395776,1.314180358027729,1.5433398445374564,0.09457891760067483,0.37390212838681336,0.4333752792772265,0.3650575423578676
2014-05-10 00:00:00,DEHM_noBD,0.20126737144994544,0.7750161803497932,1.2960941047531405,1.8524647536337309,0.7443468771622446,1.8141489061153004,1.8206262037301644,0.07838463059652587,0.3732220266526094,0.48441674384213285,0.4097676602934977
2014-05-10 01:00:00,DEHM_noBD,0.1996399028587526,1.0058357463705818,1.5021675301787523,1.9280095433334075,1.0888187215977163,2.1417546681862603,2.0860536017295392,0.06468033289100206,0.33608233744066623,0.5100880163886536,0.45191339147011844
2014-05-10 02:00:00,DEHM_noBD,0.31157813565641634,1.2624367281478293,1.5993209716625474,2.1539300899049545,1.3087800709226913,2.2630554864744097,2.2986769454963603,0.0574671662799501,0.3223589809045576,0.5178334506228448,0.46302279354270537
2014-05-10 03:00:00,DEHM_noBD,0.33249748974144455,1.6109037371773667,1.5778372101844367,2.289987426552237,1.4547024128834343,2.3244598618660124,2.5104279709373785,0.057897408376146445,0.3500988989484982,0.5365878235576185,0.40111076320867967
2014-05-10 04:00:00,DEHM_noBD,0.34154251604888564,1.8983087903648983,1.4732730776453438,2.2052356797573673,1.4465089698493758,2.3395494914310424,2.847771084989263,0.06224863699020915,0.3657842320360494,0.5551321434905798,0.3279498300159209
2014-05-10 05:00:00,DEHM_noBD,0.3450099596527218,1.9572541029915156,1.3918012560783055,1.888216227199876,1.3103190360771864,2.335944327702094,2.9137272659294027,0.0684095934933505,0.3644742285607238,0.5907293286619987,0.287638962997198
2014-05-10 06:00:00,DEHM_noBD,0.34966085389573115,1.6096100068123766,1.3280638396806597,1.6146058838375308,1.2904761088769696,2.101472923657517,2.485967216558629,0.07610997838071594,0.35592030508228334,0.5538533705246609,0.2569594135848618
2014-05-10 07:00:00,DEHM_noBD,0.37255392613023497,1.1660074327078274,1.2688837347907704,1.1936683459414215,0.7974361230504512,1.4962115330083854,1.7906680000792792,0.08359542289597438,0.30682166741642736,0.45392063806269306,0.22723072575583572
2014-05-10 08:00:00,DEHM_noBD,0.4772048204627818,0.890587727505192,0.802430454103827,0.9424482849526614,0.7840084838261269,1.3075187196577458,1.4481515959749043,0.08550160780780944,0.23761828937918866,0.4080842627232054,0.21583640268614038
2014-05-10 09:00:00,DEHM_noBD,0.8394112001844776,0.696938098588509,0.3863766036115934,0.7645567415132053,0.8494242916821828,1.0066989375324442,1.1023572666533965,0.09039354433835461,0.19647631776338897,0.4243123274830193,0.22176941143166262
2014-05-10 10:00:00,DEHM_noBD,0.658186402472388,0.4782419253765051,0.19754693252716082,0.854352287645032,0.9669086237342377,1.045371068778676,0.9430564918699418,0.10347499006401735,0.20010494705219045,0.41915339984336386,0.2345801827343365
2014-05-10 11:00:00,DEHM_noBD,0.4552739786958786,0.23675993042550614,0.22310787841864382,0.8726999850452772,0.6073080986326232,0.87114648425924,0.9831478508569753,0.11106233518240957,0.2068134124009497,0.41961344133695344,0.24264778524314978
2014-05-10 12:00:00,DEHM_noBD,0.3324474927403822,0.16431311436665688,0.21114633116472156,0.792983045882145,0.33709711252451396,0.4923587203469546,0.7976050007005607,0.10715441304601715,0.1915017136924713,0.2960408423308934,0.24436711214940993
2014-05-10 13:00:00,DEHM_noBD,0.25777858687190325,0.19506397519433458,0.30017761349377914,0.4394224116340796,0.3476328266073668,0.3985159061404646,0.45037585415314174,0.09929080487128329,0.13880287845002476,0.2848963823092169,0.2438360166910103
2014-05-10 14:00:00,DEHM_noBD,0.21143245190331236,0.19657219907256193,0.6796680882106871,0.26507615536354595,0.42828155065993767,0.48577357673039623,0.3481918039022179,0.09613422781541,0.11745324226289047,0.29620835272515644,0.24874096982376634
2014-05-10 15:00:00,DEHM_noBD,0.22496616897944813,0.1350708231243174,0.9495324775895615,0.3001593231944538,0.38001047807676713,0.5451198661432333,0.43051960057297955,0.09303488309354742,0.1231434454662864,0.2773983182908,0.25024339128524054
2014-05-10 16:00:00,DEHM_noBD,0.23315102353454556,0.29158825033807,0.510031934907924,0.38764537821223666,0.3109949432739614,0.416762665355536,0.551127623966631,0.09377923276870263,0.1393423496611438,0.2384758311016496,0.2661140360376609
2014-05-10 17:00:00,DEHM_noBD,0.24249917008252803,0.5629295435093553,0.9560805681718287,0.42398633916828665,0.24099805801363638,0.3382870103566988,0.48066907587845975,0.1053855901543003,0.16729906669020295,0.41451466912691803,0.2844680074078961
2014-05-10 18:00:00,DEHM_noBD,0.29878088390464874,0.6043992735563015,0.8180216631865018,0.27159302752091785,0.19707900367096057,0.32316661631400107,0.2809541383039944,0.14856252981087537,0.24323515263267412,1.1232091934569528,0.2998984098790213
2014-05-10 19:00:00,DEHM_noBD,0.9356464078435909,0.3934706001148873,0.624497231123968,0.14618976954375565,0.17568305581603189,0.30785846939805867,0.28146709026575,0.1830334822911419,0.4592066677934489,2.129978836680789,0.31333185072183595
2014-05-10 20:00:00,DEHM_noBD,2.68280766280893,0.7531641178370784,0.7764634722330039,0.26735182208072567,0.14502007533565153,0.38979866913320693,0.4449822425658429,0.1647393174754454,0.6958419630920705,2.528231296546849,0.328318095851317
2014-05-10 21:00:00,DEHM_noBD,2.363057580023169,0.8757191928103688,1.0786368533352135,0.40072235748940677,0.12576136547002936,0.42464091685824723,0.5675829991057595,0.1521019500418378,0.6661164675716948,3.117010928237352,0.3443565242886541
2014-05-10 22:00:00,DEHM_noBD,1.3310472460723841,0.836378134141853,1.1641840020309382,0.40741978249294286,0.12380393595440291,0.3869630798744957,0.6033124613353908,0.169336535321474,0.4721042154503211,2.892306921127508,0.3614359765791892
2014-05-10 23:00:00,DEHM_noBD,1.1013510993713234,1.231098467550285,1.106615513995698,0.3856711441724996,0.1502770250353774,0.31166674447242987,0.5205909300677882,0.16130391456864762,0.24566213446601978,1.753711332320088,0.3775823703239857
2014-05-11 00:00:00,DEHM_noBD,0.7315497549447929,1.4705390845884392,1.1121876596134408,0.38836481518392796,0.15951828418090927,0.27181385966235055,0.470322664802384,0.14248951972961416,0.160697982760677,1.0727798769332246,0.393929794422984
2014-05-11 01:00:00,DEHM_noBD,0.6712794840559316,1.3566734573768855,1.111952260452558,0.43098484143247473,0.15094545662429165,0.25838393970204276,0.46076786701918837,0.13862852902360245,0.21805276479209754,0.7266827496924233,0.4058442423869668
2014-05-11 02:00:00,DEHM_noBD,1.1585177811794773,0.9234692742859796,1.1713870508781787,0.41806473152558776,0.13566881740964926,0.2381978145942475,0.4255509565196183,0.1583968537091462,0.5383582936322036,0.7436614229519642,0.4174945981697737
2014-05-11 03:00:00,DEHM_noBD,1.6001481950328067,0.5674241553328317,1.2003402296386863,0.3675481770778335,0.12233779266217706,0.2275198166619193,0.38607606509740783,0.2038330673944204,1.1028644180861824,1.6030918594334627,0.4266817262278495
2014-05-11 04:00:00,DEHM_noBD,1.386311494173752,0.40546497148956223,1.1862639215700779,0.3261685125998699,0.10268251096023234,0.23974576244869492,0.3821217768236529,0.2791449549919366,1.1648181485714322,2.0567302125698372,0.4144794830806552
2014-05-11 05:00:00,DEHM_noBD,0.8488395166769006,0.36023892264595087,0.7963724313543338,0.28848073873002106,0.09175389725692555,0.22652496956579252,0.34946442634624825,0.2862798006551898,0.7261157181484206,1.9001278216419744,0.38964564360313114
2014-05-11 06:00:00,DEHM_noBD,0.4407693636840011,0.44399288633961154,0.44330332328314326,0.25395218705790573,0.08043419244278201,0.19176416600890672,0.2974547853089327,0.2420305010166764,0.3914029612931653,1.4381257815019257,0.3510070666033028
2014-05-11 07:00:00,DEHM_noBD,0.2114215023270387,0.4312716288887627,0.23672146534851213,0.23004377655276292,0.07829384052101514,0.15965773016739496,0.2495020483164384,0.20227199776556332,0.34428487405175795,1.0462756306034096,0.32222752011425776
2014-05-11 08:00:00,DEHM_noBD,0.11617741111534868,0.41724829077831405,0.09041281716754707,0.22727516128605396,0.08165519543392577,0.13628210626622417,0.20812191733694688,0.17587679255115787,0.4754687835089675,0.5913475343167175,0.30726848433662185
2014-05-11 09:00:00,DEHM_noBD,0.08653427415182793,0.2996484967863988,0.05930002688998224,0.23415575289725749,0.09262081483885624,0.13127657035861262,0.172291043543688,0.15309051858982986,0.48141560738699846,0.25083216466361524,0.2990954889113454
2014-05-11 10:00:00,DEHM_noBD,0.08604111683500917,0.09257855822512637,0.06538418850368341,0.2074171693937768,0.09649978853244319,0.13335246006749674,0.1516019049513664,0.13812490747427555,0.24386939784815528,0.22243512324006862,0.2847072353520243
2014-05-11 11:00:00,DEHM_noBD,0.07732812013487318,0.03403717965704139,0.08911475123032449,0.17192607676867672,0.0954129780526086,0.1364899501772154,0.1579915892011537,0.13046881672537403,0.08225820499605958,0.30009065078190056,0.2760727574005722
2014-05-11 12:00:00,DEHM_noBD,0.07045203311833541,0.04107023809204918,0.10474891623727965,0.16689208359150087,0.10784546489923247,0.1302977456476537,0.1536655467807745,0.12222853894997378,0.08428433505976565,0.28254067595428545,0.2745608230632171
2014-05-11 13:00:00,DEHM_noBD,0.07501209116782048,0.054969407002175945,0.10744511373312207,0.18948928701311582,0.1210186255460789,0.13440843536515712,0.1476962977079743,0.11120193337387393,0.14808037875993163,0.22511457562520387,0.27631713385479517
2014-05-11 14:00:00,DEHM_noBD,0.07836723870311615,0.053741422870840036,0.11843409239519374,0.26119729596177077,0.13436121376410112,0.1459472990120189,0.1623368453533905,0.10522956759842567,0.2053918982284515,0.2032785976780121,0.2816847695486246
2014-05-11 15:00:00,DEHM_noBD,0.07221033413002721,0.05099251178647833,0.1088511867938282,0.3671348603961724,0.19656848989496933,0.2061836885263928,0.20232757844211924,0.09609607437588737,0.1930774560296907,0.14992720361364362,0.28941874116090116
2014-05-11 16:00:00,DEHM_noBD,0.0708447947299432,0.0552325494922894,0.09510206317738616,0.34231080905063527,0.21640709926164695,0.30182754528352146,0.31345774898736933,0.09366181836008548,0.14729615944070262,0.0754084094866739,0.2918902750643575
2014-05-11 17:00:00,DEHM_noBD,0.07628490571055083,0.06332693323383563,0.08637321422129615,0.25694311366746025,0.1787214016808195,0.34986718516349324,0.46219815263894726,0.09299121002509468,0.11183629517671176,0.06879058633093196,0.29517914656115446
2014-05-11 18:00:00,DEHM_noBD,0.09490198174618861,0.06777127737936756,0.08271352604688711,0.21796002081958676,0.12596315911877892,0.33057474176380625,0.5620179964409273,0.08451152340627732,0.08070684267400519,0.08180844005881582,0.2877476048043096
2014-05-11 19:00:00,DEHM_noBD,0.10084341997398752,0.06993404405807854,0.0929942574212746,0.39818536999327114,0.09037076597487535,0.2391446427067927,0.46401684764027934,0.07526702791792513,0.07052806982210935,0.18160152127909487,0.275546328795613
2014-05-11 20:00:00,DEHM_noBD,0.09876474334422365,0.08772401050839884,0.1682266616911739,0.5269463535233987,0.0753459802700018,0.21992504240316485,0.3737311459163958,0.06995541629031467,0.07717841065954922,0.41369864869951334,0.27730023685723887
2014-05-11 21:00:00,DEHM_noBD,0.11466693787070731,0.15866561275616792,0.3030860815548969,0.5953123707009809,0.07736653678536397,0.25980331333075996,0.39163182979295535,0.06439963539326893,0.09804237673629267,0.6096318948322348,0.2938511432371101
2014-05-11 22:00:00,DEHM_noBD,0.24178081266307133,0.2848140346365129,0.45354754902869915,0.7441289679074163,0.1103184851766003,0.3108145700876215,0.49132132227014946,0.06326999897114399,0.1856951392070995,0.5372616081056795,0.31146932020341955
2014-05-11 23:00:00,DEHM_noBD,0.40540758571650176,0.49441669971880553,0.5711789705411564,0.8287919523371924,0.25432095653238695,0.3264893572717532,0.6403322412466307,0.06539999851427702,0.29536608625705807,0.5646671628611484,0.3271421792938559
2014-05-12 00:00:00,DEHM_noBD,0.441112131478968,0.5053860104072977,0.6237247813905125,0.8960364293174783,0.5699638340392196,0.35841600975681503,0.7652437103041203,0.06728820228101359,0.38810434299929053,0.7361926550478372,0.3240785521968081
2014-05-12 01:00:00,DEHM_noBD,0.4097422630272711,0.44713710321122424,0.6843027114851865,0.9511296299103739,0.8322613778689177,0.47389091705923553,0.873091544494725,0.06822594666158664,0.429175309892306,0.9200930139247229,0.30776264768891026
2014-05-12 02:00:00,DEHM_noBD,0.3471626741017587,0.4335927335039361,0.7981165188119375,0.9740235314082925,0.9699073607495565,0.7065823224340421,0.9316728709387928,0.06983238901136078,0.4272759695357455,0.9087417923371307,0.29087901745475814
2014-05-12 03:00:00,DEHM_noBD,0.2526194280035699,0.44949139438757474,1.0306956891788333,0.9815111202407416,1.0389076999085303,0.9993474251740129,1.0217328382094115,0.07217069146010666,0.4446712145099043,0.841317183468081,0.2769270717854797
2014-05-12 04:00:00,DEHM_noBD,0.2236884138373983,0.42059085060935664,0.9725928339086751,0.9287248207562552,1.0265928469280619,1.1260634455763605,1.044595585960058,0.07447391368607398,0.43320441532496345,0.6646118059650901,0.2598396026929468
2014-05-12 05:00:00,DEHM_noBD,0.2284543744573322,0.36945907069149536,1.053214637986128,0.7541778728031305,0.8801358847257121,1.057316218360369,0.9789906848526344,0.07434535941259811,0.3772990254945633,0.48956194312260004,0.24099943768786247
2014-05-12 06:00:00,DEHM_noBD,0.21466490716680764,0.33670732961965305,0.6653744375837012,0.6783161013405495,0.7354856425820475,1.0270950315871392,0.9229187883678956,0.07232852386322787,0.36361974854168466,0.39078785243198955,0.22238213708580465
2014-05-12 07:00:00,DEHM_noBD,0.23121778279621374,0.3388864156157086,0.2327735216349082,0.6520880970404029,0.6384001756438705,0.8923235629515931,0.9731300273913198,0.07529016744568699,0.3994300587234786,0.30321748798431125,0.20564460616417218
2014-05-12 08:00:00,DEHM_noBD,0.28925002217091145,0.3795872572431759,0.14237241007614868,0.6669627471443398,0.5487317027189769,0.6968545700117059,0.8707502059419813,0.07888074614573015,0.41855880495465336,0.3139919899225537,0.19110098405487821
2014-05-12 09:00:00,DEHM_noBD,0.2366700327905149,0.4464705677337152,0.10913275504414444,0.6023703217199945,0.4736544291930645,0.5932027047833357,0.5671245164856011,0.07962549220797362,0.33434968763283673,0.5617430870850673,0.17915801696675349
2014-05-12 10:00:00,DEHM_noBD,0.16580853880035212,0.43229965282128424,0.10826351174735908,0.4628953309906564,0.41010114063659675,0.6129448203014535,0.3918152274933806,0.07775792379710814,0.218269108190853,0.9893204216260684,0.16687557128442268
2014-05-12 11:00:00,DEHM_noBD,0.1697314598195906,0.350348721241427,0.10934747443985646,0.49807372106989023,0.35609736886102694,0.6460789072651973,0.3628028254408947,0.07250370146354418,0.14763830173422104,0.8498119321576366,0.16081837638951835
2014-05-12 12:00:00,DEHM_noBD,0.18708657791057587,0.17358854509618588,0.12679050273316672,0.5212540635758963,0.33843505916498595,0.6401324155248886,0.4952229445793105,0.06512316893516096,0.12509553259320777,0.6659537928335135,0.15586606600712916
2014-05-12 13:00:00,DEHM_noBD,0.20456062186248583,0.058026737713152476,0.13608037425199038,0.46549923205677507,0.37990979016423215,0.5490640071357926,0.49936129600906964,0.05922309062604779,0.11207240794567842,0.45940946623496703,0.15423471975311984
2014-05-12 14:00:00,DEHM_noBD,0.2659388415745831,0.15329218499980862,0.12851938540575072,0.49524343828237405,0.3935096137537434,0.4532689337120298,0.4603804777009348,0.056955236713735924,0.10356686254932768,0.13549183651215613,0.15127475161634607
2014-05-12 15:00:00,DEHM_noBD,0.26890415003752327,0.17881671981344907,0.12101566743451156,0.47595961561577904,0.43128425372086465,0.4301040009655057,0.5500156200353941,0.056244445306502654,0.10918160989946202,0.07371537773368517,0.15349020146760736
2014-05-12 16:00:00,DEHM_noBD,0.2703884158105076,0.149171962764845,0.16434482692160168,0.6089012838765585,0.45332176058482365,0.4510322139032534,0.5928847244497976,0.0541162278634338,0.1264599971777758,0.06034864645940817,0.1536117358268947
2014-05-12 17:00:00,DEHM_noBD,0.2709368920643067,0.1380540551635866,0.2872186921630984,0.719853435796735,0.462813680937588,0.4917208605480194,0.5921222278843028,0.053131029371591504,0.1623032201910484,0.13997016867576711,0.15000980663928165
2014-05-12 18:00:00,DEHM_noBD,0.21747469157818694,0.17730209957428944,0.3038588092059641,0.7747307686373659,0.4878755190371722,0.5827911141927097,0.6619994904714994,0.053814256012346504,0.20449767003180688,0.24310854373609148,0.14240570922150245
2014-05-12 19:00:00,DEHM_noBD,0.20290820808608542,0.36134138532414406,0.29917204702310246,0.9281588721862295,0.541230305836983,0.7891715434788501,0.8129958817373844,0.057682100818266586,0.2584680287032701,0.5730045396239121,0.13897756624924884
2014-05-12 20:00:00,DEHM_noBD,0.2076645845129107,0.4450093633579846,0.2915713929916173,1.1932067251733935,0.6152444609769433,1.0282688912760176,1.0896691767186852,0.0599987597570393,0.27707171325658814,0.8984075771585223,0.142293835375717
2014-05-12 21:00:00,DEHM_noBD,0.16999591207337092,0.5197116827542427,0.27572579453193574,1.5437278171678925,0.6997760980851575,1.2759545517873607,1.309234685351313,0.05184819895466249,0.3167997208698331,1.2991094720749565,0.14885200670937124
2014-05-12 22:00:00,DEHM_noBD,0.1280359946829266,0.49196038632614514,0.2683887367749027,1.937186570351277,0.7397945329546183,1.4662933975295254,1.4076853061674897,0.04000238564324637,0.33800602069586966,1.4607648676202007,0.16066054349449443
2014-05-12 23:00:00,DEHM_noBD,0.20061670972539092,0.47221988065808773,0.2838638245634547,2.3621254462713246,0.7640706432686,1.619572681189795,1.6205508653401863,0.03502597021917018,0.25534554138491855,1.248368208964253,0.1833689817093963
2014-05-13 00:00:00,DEHM_noBD,0.3155401510469241,0.4700516366238541,0.30345829966451965,2.626320525235946,0.7944001863685994,1.778208070339328,1.8737473588134836,0.038297490572793386,0.1823216146962437,1.0258894017562084,0.20772187154302366
2014-05-13 01:00:00,DEHM_noBD,0.4961269247509538,0.5043516622401214,0.314227025942914,3.088387925945171,0.8500218693293631,1.8525187039664481,2.029414672824866,0.046903381014873534,0.15347576762535592,0.7917250755059906,0.21969100042060008
2014-05-13 02:00:00,DEHM_noBD,0.5937741351219824,0.5140450784421572,0.318035652544163,3.563758927433841,0.888175745454356,1.817518937169369,2.0540620575101287,0.0554028753722947,0.1447584838485298,0.5071881621591606,0.21086488831501443
2014-05-13 03:00:00,DEHM_noBD,0.5811022217752317,0.5381607929629739,0.3295205257790442,4.12635937978862,0.9093488853110745,1.7868822958740034,2.052948669686818,0.06327922468385876,0.14501412767175076,0.5667731480521894,0.18511988999661055
2014-05-13 04:00:00,DEHM_noBD,0.5577411053463444,0.6050944631851789,0.342348384219976,4.019229510280818,0.8435483494909107,1.7185332486270506,2.0566642483457223,0.06962762381433964,0.15202639563548598,0.6472319074503332,0.17005775256693345
2014-05-13 05:00:00,DEHM_noBD,0.5383113114582001,0.6893173995660943,0.33192128202879795,3.4923854434813344,0.6966005508538707,1.4741728215529584,1.8905535384220054,0.07248221024484833,0.15163702683914665,0.6506716473834961,0.15662360918384025
2014-05-13 06:00:00,DEHM_noBD,0.5314299205939471,0.6812365948525037,0.30268035712430236,2.803249280256643,0.5906686175419762,1.2318107656407449,1.5245674719551479,0.07162551427532207,0.1393553557478606,0.6454605878343014,0.14171065607182665
2014-05-13 07:00:00,DEHM_noBD,0.5454026531293709,0.5398770120035705,0.2729436192510276,2.153463644833706,0.5380412708817421,1.1095813408003212,1.1836186652108829,0.06885701690770969,0.12689451577260197,0.6194217688899439,0.1231421667615136
2014-05-13 08:00:00,DEHM_noBD,0.6006682234214151,0.41366474697822464,0.2511305665498226,1.7453329573029814,0.5320709989538601,0.9607144935877527,1.0365311348092847,0.0652906235096862,0.12495452251006349,0.6055911393133364,0.10818328763323823
2014-05-13 09:00:00,DEHM_noBD,0.6888980414268142,0.34541305989774174,0.22321871391657727,1.465151820743555,0.5440117154069802,0.841420420971501,0.928727241053382,0.06165766837626624,0.12662631416487963,0.5991019149795267,0.0994829305826872
2014-05-13 10:00:00,DEHM_noBD,0.7162767945737577,0.34733281385277504,0.190480323409885,1.3237491494155722,0.5358346765089221,0.7495178568610456,0.904303978211924,0.05862013729613266,0.12001420195468585,0.640986368715309,0.09448430772561105
2014-05-13 11:00:00,DEHM_noBD,0.662428594357171,0.35155349596464647,0.16560455244027059,1.186101037434357,0.47798163552802975,0.6994995316371833,0.9705416337704719,0.056570561219224394,0.09324405808829403,0.7355758065088698,0.0919092029469413
2014-05-13 12:00:00,DEHM_noBD,0.6653899660815344,0.30076725690090655,0.14945344540687266,1.2234097674640168,0.45673306227296573,0.6319379320394479,1.012738489683099,0.05404376220758821,0.07249821797650069,0.7586071462092221,0.08953189955387479
2014-05-13 13:00:00,DEHM_noBD,0.5215029782704822,0.26197374211095736,0.1380306812615598,1.099141089281723,0.36742774875260886,0.6134942224882891,1.024618169913974,0.051540128345791476,0.06895360568481543,0.631704912491259,0.08742694198207454
2014-05-13 14:00:00,DEHM_noBD,0.35703045795649746,0.23316776896455776,0.1336455130753386,0.975184006844253,0.26194136353733466,0.5659571994705918,0.9666477643036996,0.05013741621730712,0.08166568767723179,0.5630074116868246,0.08605343528091429
2014-05-13 15:00:00,DEHM_noBD,0.2715492807221108,0.1970938523250677,0.13975573760609597,0.8655429251778141,0.23191164900465855,0.45368017790720494,0.7849716409408856,0.04952961385096993,0.11081435631904898,0.5156234672577876,0.08651058416363304
2014-05-13 16:00:00,DEHM_noBD,0.21204662309483147,0.1855583658388942,0.150962019653418,0.7267171699331165,0.1907510420177968,0.34473602890445376,0.5641151388303312,0.047420783513802967,0.12919365480682105,0.3664818810968863,0.08717634794973292
2014-05-13 17:00:00,DEHM_noBD,0.18721414834460237,0.18255885565645866,0.16889467877162603,0.5041525336358648,0.15944551582382044,0.3124030467181861,0.38960950898310387,0.04224394867838636,0.14841846522755192,0.2562334993785107,0.08849890329000995
2014-05-13 18:00:00,DEHM_noBD,0.18359523385332888,0.18326675387462016,0.18270078464576966,0.3874030431500073,0.14546411258405528,0.2878769541388767,0.40564142264909253,0.037801343000846366,0.13893045398538179,0.1957785240158065,0.08967157047408952
2014-05-13 19:00:00,DEHM_noBD,0.17217995311514467,0.18377305681664563,0.19075389543180804,0.45329621199008974,0.16102122726611318,0.36104138856393325,0.541547753118689,0.03533787790154719,0.15289837349951862,0.17355321315742314,0.09215134333189316
2014-05-13 20:00:00,DEHM_noBD,0.17295143547439928,0.19719501169375342,0.19683384044894942,0.6158163536731632,0.16561531464485435,0.44272827919598223,0.5623485895732955,0.033052944903529086,0.19283594447529354,0.17398300985103995,0.09145775091521617
2014-05-13 21:00:00,DEHM_noBD,0.186231570512764,0.22622923510376425,0.23542725940445192,0.7287964063770112,0.1814009629662566,0.5124942120430076,0.575880552428155,0.03555615507792048,0.28393627990984444,0.180155459253987,0.08829653634094356
2014-05-13 22:00:00,DEHM_noBD,0.1891689468724302,0.3591606625042978,0.245814393070531,0.7669250203449882,0.19311781181147775,0.6120001104924412,0.6133637782295355,0.04102420029796396,0.4276985584896069,0.20307428528368224,0.08388057192439492
2014-05-13 23:00:00,DEHM_noBD,0.19390281805383258,0.4691655546254455,0.25560386439590704,0.8576628984271538,0.20142917121904425,0.7228349247925645,0.7071985165399289,0.04189481503769941,0.5656951062923077,0.2241940960265602,0.07853474394534819
2014-05-14 00:00:00,DEHM_noBD,0.2292648846343158,0.47246212098162826,0.24390232838812265,1.0333897509161563,0.2137690232696151,0.8104989565589873,0.8403099360318399,0.04637675633284549,0.6246305258210467,0.2576135910485218,0.07245119298109311
2014-05-14 01:00:00,DEHM_noBD,0.36731831885302424,0.3902116468962272,0.24329778619598585,1.2148765971758202,0.22499674788043827,0.8688915100956165,0.9337636038099518,0.05466797240890275,0.6299242587023338,0.2984028700812532,0.06460180883063463
2014-05-14 02:00:00,DEHM_noBD,0.5328264812620448,0.2592416573357289,0.23568474271204312,1.3098815996107875,0.23730001339932422,0.9179494756346211,1.0006042693858592,0.06403566353036688,0.6350262196537827,0.36270758421764704,0.057488875161171654
2014-05-14 03:00:00,DEHM_noBD,0.6119324925882461,0.20201556311096502,0.23148911251958454,1.3988537065112712,0.2633903912472584,0.9555695687262944,1.0702271586497607,0.06944270737098684,0.6492872313412028,0.4870841997876204,0.05307778610551832
2014-05-14 04:00:00,DEHM_noBD,0.6338767665027547,0.17650121020478593,0.22832434882591465,1.3792359938460677,0.307558869567539,0.8933094161666951,1.023280038861857,0.06920371014475642,0.6037323910426821,0.6113275628114864,0.05244860735813604
2014-05-14 05:00:00,DEHM_noBD,0.6015352683801949,0.15817290783697613,0.2107642113796714,0.9737970690634337,0.298760709879936,0.7035916501510067,0.7386847165762097,0.06461051892169271,0.5308856986993913,0.6596280066319462,0.05588331588851038
2014-05-14 06:00:00,DEHM_noBD,0.481690272131413,0.14746241125504478,0.17209485536947838,0.6458212954944729,0.20857195532509576,0.45788314457682033,0.4895720202537579,0.06460913204152699,0.5065876101854307,0.6458711547272465,0.06251715970236806
2014-05-14 07:00:00,DEHM_noBD,0.4042190235677918,0.1638626154529534,0.11285766374655049,0.568502216620756,0.2488944915820284,0.35774272457059353,0.39067726610422937,0.06808904348290971,0.4797014298365603,0.5790046607768302,0.07082502473838148
2014-05-14 08:00:00,DEHM_noBD,0.36502380973856885,0.22812694628691166,0.07220294168170531,0.5790031341855773,0.3401709485135411,0.39725999782591576,0.3854699666143278,0.0712933835087063,0.39316536911655375,0.5290101642576581,0.07738748737736123
2014-05-14 09:00:00,DEHM_noBD,0.3093324894057959,0.29885459069082265,0.07247593208505755,0.5548560118735973,0.34598175484444943,0.45574444146249427,0.36243942852945127,0.07418691186386961,0.2915127184901928,0.49126066029938165,0.08100679002282893
2014-05-14 10:00:00,DEHM_noBD,0.3279327101877237,0.28050234192850054,0.0867287754932417,0.4437250332253685,0.3035390196508447,0.4531972909313393,0.2922454418262111,0.07208470292222566,0.21662854773852985,0.4242860661911918,0.08407654902929776
2014-05-14 11:00:00,DEHM_noBD,0.415195675533805,0.11330772153593122,0.08964577368004238,0.3554625960736797,0.2531341534312068,0.38580963463844714,0.3144282171923713,0.06968212794509135,0.16874109948666527,0.3474399519442556,0.08364211279361497
2014-05-14 12:00:00,DEHM_noBD,0.47665839338835325,0.06017153272235977,0.09451193189794185,0.4239378834626937,0.21120667554125172,0.28706788109809384,0.31940780371746735,0.0692395477376784,0.11603207183960182,0.3521860593979618,0.08273278986218263
2014-05-14 13:00:00,DEHM_noBD,0.569017577491449,0.0724602688922475,0.09661135277093369,0.4387367558775516,0.20221057733944608,0.30544161346756843,0.44854518845721525,0.06717566976919769,0.07533512613359401,0.4584956583180859,0.08089220561539164
2014-05-14 14:00:00,DEHM_noBD,0.5330386140102193,0.06603926932464574,0.09197036998288002,0.5118455895853418,0.18835129732662803,0.3103550724137817,0.5204684127471403,0.06420234637262583,0.057361804193689456,0.529020566743462,0.08035098904371295
2014-05-14 15:00:00,DEHM_noBD,0.4752678798067056,0.06935885749827239,0.08395580924782892,0.5331089652405789,0.17140094233537076,0.23063337083221047,0.5097687954706264,0.06175494066263443,0.04913806221586766,0.6544716988648194,0.08015134891806572
2014-05-14 16:00:00,DEHM_noBD,0.5459055818383907,0.14888419083049734,0.08028036814724436,0.5060029448738589,0.15591580589422477,0.1926017806330625,0.4790678252269536,0.06141567610856719,0.0470548966352309,0.6179816007101844,0.07831578719392943
2014-05-14 17:00:00,DEHM_noBD,0.5825349228108487,0.20772281239278662,0.07749154008614155,0.4242955546164998,0.13647528525299382,0.15836101748837325,0.4274548106012446,0.06552200705243845,0.04670056310437377,0.33880243068772053,0.07658316221476888
2014-05-14 18:00:00,DEHM_noBD,0.3332896904802135,0.22732666903824678,0.08172526186462414,0.4003721891189399,0.12307928937207427,0.16509557421980764,0.38206577246373685,0.07453526145733406,0.04664977470775678,0.11921933939737626,0.07551258158751788
2014-05-14 19:00:00,DEHM_noBD,0.17561866278016924,0.3391951138446606,0.13198979831247473,0.4247168215277407,0.14055161311517453,0.1988998050633718,0.4104884899111849,0.08571775996437926,0.04592796348413765,0.050904403920807036,0.07515318716129885
2014-05-14 20:00:00,DEHM_noBD,0.1234885871911792,0.43979800059946317,0.27417903849594294,0.4892420521260815,0.15098784958993308,0.2209917726778946,0.47468795074943176,0.09744927278669402,0.04550875226134514,0.13475648132858886,0.07557935910547729
2014-05-14 21:00:00,DEHM_noBD,0.09487346343325444,0.4259803456882238,0.3569066737709857,0.577468674292405,0.16970790984237089,0.24925539658678075,0.5432698519449611,0.09874955783563212,0.046385030730194746,0.4982414595787975,0.07589305287492581
2014-05-14 22:00:00,DEHM_noBD,0.09131742256879792,0.43982705415190115,0.39528250918660324,0.6770054871073653,0.18128178811638612,0.30785328407294776,0.611510746028413,0.08815127884599881,0.04700322797362427,0.7686146535341376,0.07646787983872554
2014-05-14 23:00:00,DEHM_noBD,0.08948915103767982,0.5850855828055774,0.48978995344824405,0.7616972550631731,0.1922758059136079,0.3597506089578632,0.6609954008808012,0.07396530254243189,0.04758373715380497,1.0757133358213031,0.07737987952969647
2014-05-15 00:00:00,DEHM_noBD,0.08810803344898378,0.7413216388320453,0.5949046912211639,0.8288838753277252,0.2019969564741267,0.37358175505686997,0.686340528758802,0.06377876384077891,0.04804158453647343,1.4185138876256826,0.07878158872946363
2014-05-15 01:00:00,DEHM_noBD,0.12236786000186335,0.8166850166280638,0.67799943770653,0.8635619090700573,0.2081383505167671,0.40723199100859075,0.735673469572912,0.05754902690395028,0.04625853204727215,1.7302679306148678,0.08283696980757636
2014-05-15 02:00:00,DEHM_noBD,0.5448735909670702,0.8626297172688676,0.7525955875509454,0.8873906081653011,0.2393536653541679,0.4523218498220688,0.7817155858260072,0.05296917154721433,0.044847612408037994,1.9751088151029965,0.09623634289233352
2014-05-15 03:00:00,DEHM_noBD,1.012904878369302,0.9029078288773058,0.8008152169131081,0.8904165467715172,0.2959089981705823,0.4904842157564292,0.8063979616263486,0.05050030337971922,0.044902006595082714,2.1381799981815064,0.11210851149386657
2014-05-15 04:00:00,DEHM_noBD,0.9953659598694252,0.8646388411111925,0.7734274532054929,0.7868648845450279,0.29052080915209005,0.4934956565844003,0.7441616752347744,0.055101342600251596,0.045104436573068216,2.0874459482951093,0.11159065104237226
2014-05-15 05:00:00,DEHM_noBD,0.919386925497714,0.6875036316432365,0.6499032309034406,0.5298809649332892,0.21009481588630224,0.39702383678146863,0.5416160767044342,0.06410768512395905,0.04217407972414407,1.723298754936224,0.1039471317800448
2014-05-15 06:00:00,DEHM_noBD,0.8180186196349281,0.542080136781188,0.4699185817491839,0.419876046948967,0.14801586390485505,0.23197101796017539,0.3899845893547794,0.07495455411317745,0.04213090902915258,1.2515393921749478,0.09602234690176284
2014-05-15 07:00:00,DEHM_noBD,0.7575199295042501,0.43174850449288604,0.34263297956039307,0.4104857049848833,0.1503179454521555,0.20222452735678864,0.38121438803113816,0.08647759283487673,0.043640097089069206,0.6796873931386729,0.09603262055442773
2014-05-15 08:00:00,DEHM_noBD,0.8014177948979799,0.36671650535604905,0.35722803260095404,0.5185504886325998,0.2110904395410837,0.2416766572178725,0.4969107042058208,0.09705797856544594,0.04751257872727686,0.3230090894944987,0.10254838914480052
2014-05-15 09:00:00,DEHM_noBD,0.8775606175674497,0.358745346608043,0.4203160229006759,0.6931328352107118,0.27861136132488484,0.2927970211086328,0.6620618332255259,0.107838895567702,0.05214566087998319,0.20350739905253265,0.10729423616635603
2014-05-15 10:00:00,DEHM_noBD,0.8096197095971087,0.4353742151517653,0.4385123086186915,0.8629850742588971,0.36669308896918307,0.36548094338094106,0.7695131785991363,0.11513651122157222,0.07077998777973099,0.1585828013672259,0.11141472584092271
2014-05-15 11:00:00,DEHM_noBD,0.7564665505454689,0.3673601471923046,0.3520458360588736,0.956733036257163,0.4761183617708785,0.5781403922018618,0.9532439298297097,0.1112220954807392,0.12232012342207585,0.14222604772525832,0.11817120566847254
2014-05-15 12:00:00,DEHM_noBD,0.5042728962629847,0.24439730605473725,0.25831522146273395,1.0014462525084291,0.5536497681419177,0.7457917996267927,1.0320057633570476,0.10674973939055396,0.1799022023292257,0.14746306668918985,0.12058346794837613
2014-05-15 13:00:00,DEHM_noBD,0.23415070182915765,0.21298480801936864,0.1973245221673696,0.986860931387054,0.6126854096854849,0.8134003069400322,1.0498576984415227,0.11334786294317202,0.1666785749748721,0.1838165157672908,0.11838130189729257
2014-05-15 14:00:00,DEHM_noBD,0.14913115001429797,0.24351232185102495,0.16188849387441748,0.8883125037850166,0.6609652338521181,0.8594375538700434,1.032771601530333,0.13075251275158178,0.12685354614400293,0.3891529017799278,0.11260742340934102
2014-05-15 15:00:00,DEHM_noBD,0.11813108282407733,0.3004428844954803,0.1487698264587996,0.8305196143980377,0.6884074591589904,0.834660460709635,1.029063560748125,0.1542043729351646,0.11031760403257783,0.9414571620846166,0.10568741607863798
2014-05-15 16:00:00,DEHM_noBD,0.11742684363534668,0.3251897130309522,0.13521895683000776,0.8644616662477116,0.7419634162549393,0.7954054672381159,1.0422393227283868,0.15524701720785303,0.15915587978624723,0.7103483709633001,0.09757173827851325
2014-05-15 17:00:00,DEHM_noBD,0.1257414710702932,0.2359990652717963,0.11375453696747358,0.9152625536706418,0.7272989128257146,0.7939929433080746,1.0767966961633206,0.14983078869816954,0.2526467632738161,0.39823290932772126,0.08776177082292355
2014-05-15 18:00:00,DEHM_noBD,0.11713394768246901,0.1557757854120454,0.12028395067980187,1.0417491466441693,0.7625813086046813,0.8246300014390004,1.1166302344073809,0.14570119161343079,0.2389025585374739,0.29621131430053715,0.08144169441158057
2014-05-15 19:00:00,DEHM_noBD,0.1109425148097972,0.22404666382772162,0.3066135192014648,1.1162656064069996,0.8393888313772646,0.98241609612869,1.1078967858665913,0.14665793743812505,0.19148745919936885,0.3207709386887287,0.07939484846562819
2014-05-15 20:00:00,DEHM_noBD,0.11762226806194045,0.3239467236090933,0.6512022843051963,1.15576185181413,1.0114782026383489,1.125179107640795,1.1579652086445777,0.15723048072400608,0.22786702090903704,0.4499666132981761,0.07853927108716173
2014-05-15 21:00:00,DEHM_noBD,0.12970893718886642,0.5068116996310934,0.8401610130583964,1.2085000068216543,1.2999127801601635,1.2817475656770962,1.271605461055304,0.1720718737359353,0.30385301561325073,0.6168485386995195,0.07674677009327467
2014-05-15 22:00:00,DEHM_noBD,0.14513323998312688,0.7942387409893371,0.9496038500635098,1.301408711857488,1.4797628040734925,1.5217715574780952,1.419730016343704,0.16074516645072365,0.30880742630104413,0.7140828584921157,0.07477880064124315
2014-05-15 23:00:00,DEHM_noBD,0.3016155933159751,1.0699464777386334,0.9074421560196271,1.4092387787112055,1.6061422300007147,1.8902879685879386,1.608120114619624,0.1409343433684436,0.23430085310732773,0.8875663383047696,0.07464421480968539
2014-05-16 00:00:00,DEHM_noBD,0.24339894923452268,1.3463188974844877,0.8442881513810693,1.5536079652526817,1.7779144638031348,2.231549349059494,1.850605745390466,0.14285586538490355,0.24556015613582405,1.3374216571578548,0.07890095450383268
2014-05-16 01:00:00,DEHM_noBD,0.14701097615602185,1.3240753072241447,0.8353477995190768,1.7337550887560833,1.985767103698519,2.474022754346985,2.1114590617167135,0.1558547944289129,0.31461074676692935,1.80688556823676,0.08882815934464014
2014-05-16 02:00:00,DEHM_noBD,0.16801084756355958,1.2879960186666994,0.8064880866669863,1.920380924202079,2.22403248661082,2.654518249255303,2.358585043313626,0.1661185304782061,0.36518851594358664,2.102807940298755,0.09710681570634185
2014-05-16 03:00:00,DEHM_noBD,0.41771394074100754,1.1405642896294221,0.7437391905742137,2.090819849133464,2.481710269403538,2.7820769981613207,2.5774990836424325,0.16302285803262126,0.3772920057874916,2.21648244547033,0.10379531576369777
2014-05-16 04:00:00,DEHM_noBD,0.7662622032725577,0.8267052191573381,0.696569894249551,2.027539001327887,2.5978241289728046,2.7479632296335152,2.5760714873499957,0.1480023784419264,0.3099346465095877,1.7588937838294552,0.10803710564874254
2014-05-16 05:00:00,DEHM_noBD,0.6806573848347366,0.6788215279259718,0.6207055100880189,1.640687106776501,2.446486181106348,2.3695589193979782,2.223649203976433,0.13357512916798453,0.2525736472452431,0.8855242738794685,0.09939321248346578
2014-05-16 06:00:00,DEHM_noBD,0.5493183569211232,0.5689158061507902,0.5033905828588082,1.4062421637232076,2.2747933784842203,2.0315612161967485,1.8465415493619295,0.12255632949717332,0.1888052166366576,0.6312317889983206,0.08693236446517034
2014-05-16 07:00:00,DEHM_noBD,0.5284747823611784,0.4812308211278984,0.27034677491195597,1.2081225742252495,1.7798861919396136,1.581587111488859,1.3408815235840372,0.115678883725209,0.1661709712593442,0.566727054892648,0.07505542330471554
2014-05-16 08:00:00,DEHM_noBD,0.4659783040334516,0.3410198841521108,0.18610607274429333,1.1498272106600729,1.4782893336351541,1.20589150480516,1.039158994952585,0.11175937335054606,0.15022894824894134,0.3480231826260639,0.06650054468221488
2014-05-16 09:00:00,DEHM_noBD,0.4176169867478962,0.1993691585942439,0.17874620417979306,1.3730284509756523,1.5044506288025712,1.1001725160034828,1.1040989563691115,0.1093477814042543,0.13777737317031236,0.3197933784787239,0.05952051836414715
2014-05-16 10:00:00,DEHM_noBD,0.3970870122983213,0.1474842565054376,0.1852054195463423,1.5084051433557752,1.4440958375062003,1.0676365197584499,1.222857255167752,0.10972984020202864,0.13206185763261258,0.3257485017782939,0.05492292238320092
2014-05-16 11:00:00,DEHM_noBD,0.3822524959857668,0.13862849610065686,0.19279925313440371,1.5277230232433592,1.3429763770229017,1.0850278575815335,1.5024324509376732,0.11249775113991912,0.12247860407497718,0.35982897520383805,0.0534648417520906
2014-05-16 12:00:00,DEHM_noBD,0.32948639392695844,0.14843007627833857,0.19764916481494887,1.637105187076541,1.2308463531801082,1.332629827821477,1.8509708920410484,0.1163690868136658,0.11938121928239229,0.40729279749081,0.05411025020858486
2014-05-16 13:00:00,DEHM_noBD,0.3267312943039833,0.15773128763331795,0.20250694848831025,1.8302548138449748,1.2662251144469807,1.4941840375895616,1.928272579889736,0.11932300823507365,0.11878750008362798,0.46310356010442705,0.05620013554366298
2014-05-16 14:00:00,DEHM_noBD,0.3910442724017891,0.15886183825725272,0.2031699260007704,1.9204556515005953,1.3611563223278615,1.7981965668703075,2.192816894242264,0.12078749133059044,0.1256750362767464,0.4142093882741079,0.059515889894201514
2014-05-16 15:00:00,DEHM_noBD,0.3928674423347739,0.1835530435515031,0.2095427973910734,2.1001820245493525,1.432022667425615,1.8742373196229518,2.4818547636016373,0.12238460310181122,0.13586503806236652,0.32359542737315583,0.06244184254186952
2014-05-16 16:00:00,DEHM_noBD,0.3255382987893792,0.20975771521765096,0.2342643327440757,2.217462164368278,1.5586814960672752,1.824481942022473,2.1478059721165743,0.12431379134051954,0.14522005697968748,0.23997660740180188,0.06434872934350666
2014-05-16 17:00:00,DEHM_noBD,0.2598216623369184,0.22620246780934639,0.2785674640308919,2.177762781504442,1.5824994611802996,1.7693640526215617,1.642332338802802,0.12591485362358615,0.15537457417281342,0.1948879427376518,0.0653232188220342
2014-05-16 18:00:00,DEHM_noBD,0.21908605764725925,0.22103616365534143,0.4006311041787731,1.866839830275405,1.5513307402764098,1.7278818555655358,1.5973833753470057,0.12592197589663665,0.16605940437795672,0.20521238486739427,0.06622903623751802
2014-05-16 19:00:00,DEHM_noBD,0.2005136951659759,0.3380163397168284,0.6482741834800899,1.7013995939604187,1.7489052571490615,2.078428356919942,1.9899850303200288,0.12240392409213839,0.17567274554414106,0.4267705891954926,0.06791990064451388
2014-05-16 20:00:00,DEHM_noBD,0.19248127408240087,0.5800855467601836,0.9116339554385771,1.9264972262986313,2.2426459628524396,2.6063459136077984,2.2890558818913505,0.12206217680277172,0.1863956053051669,0.6618729058017875,0.07033323455227586
2014-05-16 21:00:00,DEHM_noBD,0.19043738439798813,0.8517032552246114,1.108959387431335,2.133104189664328,2.7815868920680282,3.201890175037898,2.590999885473423,0.12891484917136195,0.19729273447432336,0.7819047996363586,0.07386914000258754
2014-05-16 22:00:00,DEHM_noBD,0.189405800273912,1.1328487969017358,1.189552092778992,2.3161021809051374,3.1402011747334786,3.8409793189051804,3.0610794281841964,0.14226860149122647,0.26067360977818244,0.8516076819983484,0.07655101353327352
2014-05-16 23:00:00,DEHM_noBD,0.1970395644760631,1.346928484996693,1.291864208591281,2.512099860915515,3.5333777850683736,4.365725367366418,3.591467848953757,0.1924305516719107,0.37332020437014496,0.9137979188305634,0.07873534165191488
2014-05-17 00:00:00,DEHM_noBD,0.1883776374350382,1.4748369187060857,1.4233278699556968,2.7086684295628825,3.951656155452555,4.7406586006668165,4.037670850664659,0.34574536519480387,0.43105693835739656,0.9370555924779382,0.08115736340832937
2014-05-17 01:00:00,DEHM_noBD,0.18701612757049949,1.5206988663665109,1.5798001331838645,2.878169698179608,4.36855328755071,4.976481732413655,4.318924558418802,0.5979538097934889,0.470793672392511,1.0192509984709626,0.08278710265689891
2014-05-17 02:00:00,DEHM_noBD,0.18567642093752734,1.613588035670163,1.7753366987382655,3.0095852708702147,4.733665770380547,5.152985949988215,4.42952130008972,0.8886904629425145,0.532191971067012,1.2306604728243449,0.08355037828856426
2014-05-17 03:00:00,DEHM_noBD,0.19430022117080156,1.6761367858105314,1.9989508095745767,3.168676595705941,5.01965002327119,5.30017562467075,4.5191483102699745,1.035125538074132,0.5782574432517827,1.2715847805072429,0.08447952039479312
2014-05-17 04:00:00,DEHM_noBD,0.21291507416975206,1.632247751635605,2.189548065815712,3.0064299877583816,4.976017615036198,5.213148442011439,4.376779184617954,1.0751639626170695,0.4721064575870635,1.0056462371283028,0.08398101592234618
2014-05-17 05:00:00,DEHM_noBD,0.22487156847210577,1.4811620838656891,2.2905726063749094,2.4965106229949696,4.5709718177963765,4.598937192643227,3.8564243328320233,1.1033813698039667,0.3100912590032256,0.5443685348359832,0.08473950942657264
2014-05-17 06:00:00,DEHM_noBD,0.23734796398257355,1.3969775313045505,2.3863351688504286,2.156450777798679,4.11986385445176,3.952925256550223,3.4107343279252875,1.0311493713228357,0.30319304847483747,0.27958285725437154,0.08561196118954788
2014-05-17 07:00:00,DEHM_noBD,0.2634398502623614,1.298638589744664,2.3676230443396404,1.9034477602659028,3.5158531495002503,3.340405470877772,2.9908798403030117,0.9388589287769514,0.37955772559390394,0.1914752303023658,0.08687049883711771
2014-05-17 08:00:00,DEHM_noBD,0.3232610140280797,1.2316066651506616,1.9700395509395445,1.7577950559358297,2.742836392431299,2.667149900753141,2.7122885441737346,0.7630816985274105,0.49369229516543434,0.17051288316520835,0.08821724507332189
2014-05-17 09:00:00,DEHM_noBD,0.38452127863582214,1.1535091075511748,1.5716302391937864,1.7157985285922397,2.3029699356481714,2.3966162676414386,2.717748715152611,0.5809716703345986,0.6020678405470541,0.17794218342176388,0.09033924027382845
2014-05-17 10:00:00,DEHM_noBD,0.4208106611891089,1.0395155867785333,1.3256556015426337,1.8354353832341102,2.1499640597683376,2.2821380952144126,2.475350696091529,0.42817187673358126,0.6501368546826112,0.19529929181484673,0.09438563908995466
2014-05-17 11:00:00,DEHM_noBD,0.48298946400317355,0.9620131397498224,1.2126614621669474,1.9690557550406997,2.13187663446493,2.0822671963992834,2.163739878046994,0.29718067855882563,0.6606695010804652,0.19974467677637286,0.10002312066179443
2014-05-17 12:00:00,DEHM_noBD,0.5703513228706363,0.9980840633181505,1.1895334907645267,1.8939642040112212,2.4476952204988054,2.0333901569881383,2.202731167974804,0.2326778137170394,0.6663651643451285,0.24713722503259067,0.10461560849453783
2014-05-17 13:00:00,DEHM_noBD,0.5805429346789137,1.1515088774100541,1.2010659718043077,1.9536807618785303,2.6968105450820175,2.039646029661926,2.3763353388015442,0.1953445232173636,0.6719960546612589,0.2819717629480781,0.11006508845661055
2014-05-17 14:00:00,DEHM_noBD,0.4861807925011217,1.1482854731324978,1.4017928106211732,2.058084264962158,2.905077429436734,2.294338374056986,2.1737298243988934,0.1658848003164975,0.6896485962315038,0.3405878296520694,0.11651301588702936
2014-05-17 15:00:00,DEHM_noBD,0.4542595320912287,0.9463527798988645,1.648870142282755,1.8385228207297413,3.075420992455361,2.7472646455561667,2.112742984281169,0.15196819273691994,0.707585340910359,0.33828502472335986,0.12543667103029843
2014-05-17 16:00:00,DEHM_noBD,0.47470617054813063,0.9045146903630392,1.87530635187177,1.5533180587372526,3.122277568657275,3.0445904764311256,2.141047533916359,0.14540573776773522,0.7400557530898985,0.2577399059446556,0.1366323691197199
2014-05-17 17:00:00,DEHM_noBD,0.5194862125971518,0.9918706604978109,2.075170568135818,1.4133429288141282,3.159996747639792,3.0576411998015054,2.0341117490104184,0.1429026374777202,0.7414847293871923,0.2788400200164074,0.14419734676529267
2014-05-17 18:00:00,DEHM_noBD,0.5419403371513494,1.2525280227350124,2.2683800055364034,1.4862458000051717,3.224158707434947,2.900359271270526,2.3310605588538404,0.1420305234856134,0.6690686012402054,0.338645624622372,0.1444677182572679
2014-05-17 19:00:00,DEHM_noBD,0.5513307411674188,2.1224639705338593,2.842085817227762,1.9605112129772067,3.475913162303881,3.24721080530282,2.5472365862292192,0.1381096648494433,0.6823773477611752,0.586957385527964,0.1464208526768993
2014-05-17 20:00:00,DEHM_noBD,0.5371934647202712,2.801694684097127,3.803861643633813,2.373104415766493,3.877806268180737,3.775973687937847,2.8926678617320833,0.1402155452388977,0.9406345449700791,0.837743724809015,0.1521305104954954
2014-05-17 21:00:00,DEHM_noBD,0.5034506564904958,3.410067019097817,4.703016514450886,2.5303712690567473,4.023919623549221,4.07971433606393,3.507797898554459,0.14705211192252102,1.2980707497330704,0.9971811107588039,0.15902809582124425
2014-05-17 22:00:00,DEHM_noBD,0.513074548199193,3.8794260981973503,5.143966901523246,2.6827720185865345,4.216503076198484,4.485842990675767,3.6538142591553258,0.15399077804574735,1.508164618988879,1.0505934071761436,0.1681071391922028
2014-05-17 23:00:00,DEHM_noBD,0.6279798805111914,4.229483097481251,5.219990992859664,3.069154697783638,4.659527895246458,4.7320988609072,3.6979367489386488,0.15747080192567764,1.5659809033574157,1.0061841235592623,0.17966882264262976
2014-05-18 00:00:00,DEHM_noBD,0.772774948526822,4.438666258848372,5.311935622840172,3.321144817475306,4.930428266478264,4.857263331799189,3.7529023783682938,0.1631268402073344,1.5460888418569858,0.9180390334349584,0.19380562061538673
2014-05-18 01:00:00,DEHM_noBD,1.0455421318133595,4.585311425786542,5.543649096525169,3.5855276391601327,5.039964233985915,4.800525768671536,3.800514610904531,0.17174298914803185,1.559847626603561,0.7048045661223732,0.21440605959631617
2014-05-18 02:00:00,DEHM_noBD,1.1550057450206634,4.703399001121822,5.842240764300998,3.9838438300390053,5.120929816247572,4.731420400639251,3.841209703280085,0.18749764916751513,1.5771898346333124,0.4471634327598956,0.23962876690797155
2014-05-18 03:00:00,DEHM_noBD,0.6977384917125664,4.678016351047305,6.010031162256039,4.435759135644008,4.987452900261027,4.695061036791339,3.9079295455643717,0.219704413858652,1.5102912091180691,0.31856548694559994,0.25761450396313307
2014-05-18 04:00:00,DEHM_noBD,0.46323638775899284,4.295882899963399,5.951535228486067,4.677393496177518,4.65901188125011,4.508123581660458,3.9573204192943296,0.2926235789229534,1.3019248241364347,0.2718511936343023,0.25190542699208285
2014-05-18 05:00:00,DEHM_noBD,0.36253126786312423,3.269151801136152,5.539536817616969,3.593005829071138,4.360006121410863,4.067570794881635,3.6896733806504387,0.36437199609925963,0.9766106107218477,0.151930934493811,0.24413710845199774
2014-05-18 06:00:00,DEHM_noBD,0.2681548207042667,2.301179013112661,5.293505141763918,3.3470603221932897,4.145864996886238,3.752482224270416,3.6297004720534565,0.48840252442150367,0.7110181288312907,0.1322447084798895,0.2441492951360023
2014-05-18 07:00:00,DEHM_noBD,0.21632955270209098,1.5674270585660162,4.895788492476549,3.65844124520609,4.020040685251038,3.6966985220754647,3.5294245510214273,0.6942231866202364,0.5209437284940277,0.14080699658607115,0.24726471159293195
2014-05-18 08:00:00,DEHM_noBD,0.19420657331456648,1.349407867195888,4.530110825494194,3.528822235145327,3.989829385341955,3.5160604310696373,3.093222051550061,0.6673889287690725,0.40847541000585175,0.15649750510135343,0.24683344698900583
2014-05-18 09:00:00,DEHM_noBD,0.19151023086283459,1.2820576090910076,4.237033261725996,3.0052653047559392,3.4772695661949435,2.815446189209192,2.513282750538848,0.6408452841326733,0.34463745174323873,0.17250737584874845,0.23864283781367812
2014-05-18 10:00:00,DEHM_noBD,0.19240901447327913,1.3422658264666492,4.09980189532103,2.475850979737436,2.542445307061477,2.34965879558601,2.454521134542647,0.5756985752654588,0.3151069979674079,0.21501892479488124,0.23111104657178738
2014-05-18 11:00:00,DEHM_noBD,0.19519768109760235,1.292807979795914,3.7634754003567177,2.5739562869260677,2.156681849948159,2.309991524617779,2.5795024180117267,0.5709767096454743,0.30960611872141125,0.2598448991189756,0.2217635625732759
2014-05-18 12:00:00,DEHM_noBD,0.2071203186853159,1.043598171743627,2.851958752316397,2.4298006605814013,2.288710365240772,2.156239272769829,2.8672313442826907,0.574679539348888,0.2959700881089001,0.16367709531852498,0.21596734827009598
2014-05-18 13:00:00,DEHM_noBD,0.22509678123475968,0.8390588595791975,2.634481228493265,2.4660911230224087,2.5081112122459643,2.048797884503175,2.7375344798775973,0.5679433649098989,0.25637552409476516,0.1105037235976243,0.21345028488417375
2014-05-18 14:00:00,DEHM_noBD,0.23374068231146763,0.8080443443052863,2.3212463860226764,2.5370796286302957,2.7170904192657677,1.9819561675763628,2.8907159484845932,0.5766035097624035,0.2137036936811242,0.1275299928779805,0.21446933328816312
2014-05-18 15:00:00,DEHM_noBD,0.14910599698735383,0.7518869901835042,1.6609127145591644,2.495014606491934,2.639121391314429,2.0587916388209213,2.81158082374919,0.5675617431760945,0.19692276093263864,0.18323591518871946,0.21982482490256644
2014-05-18 16:00:00,DEHM_noBD,0.09946554036347172,0.741282849746125,1.1390618537930153,2.3510504549303954,2.5749090089449105,2.3102449977250443,2.5481523724418937,0.5750550159954635,0.19224857479723617,0.20458311172948432,0.22867698118976537
2014-05-18 17:00:00,DEHM_noBD,0.12249674507543207,0.9420484566702414,0.7348082191913674,2.0024641845608344,2.581744149197683,2.4267930741156034,2.254693636834316,0.6373946068183187,0.20924162933450366,0.1988514141713221,0.240872897871484
2014-05-18 18:00:00,DEHM_noBD,0.1596613327920098,1.2237083985551982,0.43160603824306426,1.8462177136452853,2.5385084805550133,2.5685065743944517,2.1616151121103853,0.7253377408719067,0.22767268960083006,0.20960377923004891,0.24748128654614285
2014-05-18 19:00:00,DEHM_noBD,0.21233292365397782,0.9336551345581259,0.5148168314664283,2.0458322958947694,2.6772947890979077,2.9086470616995217,2.2655455334831185,0.7916368974964838,0.23373631500073905,0.25571351590618197,0.2583892823194391
2014-05-18 20:00:00,DEHM_noBD,0.22875295310912172,0.4478202437453158,0.825763232236665,2.1502240872825857,3.294488387366248,3.0754967870428005,2.443719233911642,0.8782639084766406,0.24110750534231776,0.38941638954242214,0.2740209172260656
2014-05-18 21:00:00,DEHM_noBD,0.2864251355944281,0.30514181289661507,1.0083302853009954,2.491602815293688,3.5991668957375085,3.2847723758855363,3.588725122486812,0.8893224644844628,0.24310553425631481,0.5314494307229295,0.29366813121950086
2014-05-18 22:00:00,DEHM_noBD,0.43714011553874926,0.33840043484679705,0.9439371860067147,2.4751385515641244,3.8338983621429303,3.8474651251689522,4.3138523841752,0.8242458001793221,0.2330631302721119,0.6591201723953894,0.3203287982635593
2014-05-18 23:00:00,DEHM_noBD,0.5352659224476198,0.35750083038997194,0.7949041892502101,1.910525484244074,4.2453503701961575,4.498502361143416,4.18840076831685,0.7503010436683707,0.21446833038344795,0.7884074865879489,0.35343712920021225
2014-05-19 00:00:00,DEHM_noBD,0.6477779088996815,0.364685871394539,0.7115864332182286,1.8179933439419893,4.623794154226968,4.8539990751740145,3.3313433605922222,0.6502953679909323,0.20872337207764222,0.978698773088716,0.3884876403772674
2014-05-19 01:00:00,DEHM_noBD,0.7149586795421038,0.43801475102073417,0.4955282951374508,1.9790726548548403,4.84000005979259,4.765961952951288,2.614404059926556,0.5341562858466175,0.2251126247734347,1.1539260956655442,0.43352959955068443
2014-05-19 02:00:00,DEHM_noBD,0.7655811283404752,0.6568174040254967,0.5680107935830722,2.013832029068835,4.752040159431182,4.335322178557055,2.5764159133541047,0.4517400908056412,0.2618548837531283,1.2862449574582278,0.526783528009291
2014-05-19 03:00:00,DEHM_noBD,0.8962092441063747,0.8402769961575915,0.8221259320401809,1.9794148014616744,4.408235374163803,4.064756145329421,2.720485445899157,0.38915295947922385,0.35860946591336385,1.3532939180542063,0.5560214741628114
2014-05-19 04:00:00,DEHM_noBD,1.0227557160115242,0.8469910799051964,0.8817113648055639,1.8245619382498321,4.044711194564597,3.887668236701968,2.569811406180397,0.4061641151340118,0.46072819008653515,1.5340652000579238,0.44748479864668533
2014-05-19 05:00:00,DEHM_noBD,1.0856230403670435,0.7746183446736452,0.7988083497502011,1.5899386647829714,3.822316630262032,3.734393004559674,2.054251002450746,0.44525121346155627,0.5329353830137196,1.8270770711839475,0.40161734696660395
2014-05-19 06:00:00,DEHM_noBD,1.237846848250134,0.7857290820845123,0.7680682870640344,1.5467010450275125,3.8700921034699665,3.8022058311711366,1.848233030145367,0.3625637149665272,0.5548876891259102,2.0347694047606364,0.39247935898960645
2014-05-19 07:00:00,DEHM_noBD,1.5885521683497728,0.720084566869873,0.7321350133434904,1.6285693947788444,4.176042243108263,4.0703062222614035,2.0127452089197733,0.3150507457204721,0.64997757169364,2.0294829755705592,0.3850848228416143
2014-05-19 08:00:00,DEHM_noBD,1.8256168706258107,0.611058787822402,0.6469613206248176,2.0664543552436028,4.551053768019763,4.603740040845627,2.5438532966345964,0.31806907457236183,0.9836231985861529,1.843240252368953,0.38282296984488123
2014-05-19 09:00:00,DEHM_noBD,1.9024317164107996,0.5139402194038358,0.5545416037206579,3.169007199400188,5.0894644113189615,5.324057241987557,3.3183588580534584,0.32783694903220045,1.2516986361569167,1.619492362000421,0.38426561208800164
2014-05-19 10:00:00,DEHM_noBD,2.0184286091940615,0.5804453024299723,0.5089752049973629,4.0375583042921965,5.72876860536479,5.619973344291207,4.397737929354874,0.33135304928055026,1.1396673575053362,1.3455053538981825,0.38620193101496036
2014-05-19 11:00:00,DEHM_noBD,1.8638400031659288,0.6610828185625468,0.43487036472108426,3.9101643998039233,5.887487212338215,5.211417498368387,4.608588516218439,0.32462046509094533,0.9746955889483542,1.0107878125751764,0.3838953585998777
2014-05-19 12:00:00,DEHM_noBD,1.4935005669090897,0.862360173595883,0.40002094118976594,3.363880424186317,5.382593979291916,4.50317875901685,4.311594623390046,0.33882189761504516,0.7994795070159808,0.8346668906601704,0.3808958016823929
2014-05-19 13:00:00,DEHM_noBD,1.3670527416420635,1.0864791858373024,0.34692980599048995,2.819210981954606,4.939093367343032,4.20045340659027,4.082577661188115,0.37242530036693433,0.743095773589164,0.6776497077251225,0.37460440308767357
2014-05-19 14:00:00,DEHM_noBD,1.0418921816249331,1.3262646633346191,0.3433971463979676,2.5461688541088208,4.587702491787504,4.117889682802731,3.8351848566312903,0.4111341108900401,0.690512775060162,0.5960381182365374,0.37376992849269863
2014-05-19 15:00:00,DEHM_noBD,0.4981402470207306,1.3834323350921693,0.3723628775881437,2.4993198398285728,4.236971759436953,3.968617513413078,3.6050095490767013,0.44990243822850273,0.6589582417629751,0.5559049613391374,0.40046100099250664
2014-05-19 16:00:00,DEHM_noBD,0.40261957242926566,1.349717234839371,0.3596665002414332,2.5371869394830995,3.8306687465460674,3.7358936060187045,3.2441347482576597,0.4779080136424954,0.6283429576277811,0.5723689862573356,0.4105536572824324
2014-05-19 17:00:00,DEHM_noBD,0.3847663204787426,1.3106174515813251,0.3787825644781498,2.1515710190040442,3.6056588723950576,3.676597736120943,2.871115530340922,0.4945026372627977,0.5286368486351583,0.6339152877645031,0.40993160084262015
2014-05-19 18:00:00,DEHM_noBD,0.3444895983086863,1.4313251261588387,0.40534859332661516,1.260802342502382,3.52669063663224,3.9709829609912712,3.6818200185802143,0.4928111237042006,0.42841895151014614,0.7097828620386537,0.39803204305966833
2014-05-19 19:00:00,DEHM_noBD,0.38540005579632697,1.9884159403579396,0.5916145761632475,1.0392304717690515,3.3538780715321437,4.79797012657915,4.763685156906415,0.4817199333689374,0.4082222999269212,0.8615830376117408,0.4096961841587908
2014-05-19 20:00:00,DEHM_noBD,0.7940361499796365,2.3160880253545484,1.3268746091195622,1.7484766595788133,3.9002105686764237,5.426911384351499,4.827077666021393,0.4700215931476403,0.4291724798048276,1.17281692766658,0.4384445249077676
2014-05-19 21:00:00,DEHM_noBD,1.2729362346537527,2.6886560864774096,2.0809622113010393,2.3878997366566104,5.00235486209293,5.814318136324195,3.7529120099814475,0.4326565226201287,0.4941294094799467,1.424218530282362,0.46328500482693313
2014-05-19 22:00:00,DEHM_noBD,1.7115338084979554,3.381719586003346,2.5577164001712944,2.6526421446182473,5.885799502846922,5.62268024961915,3.7008497201901913,0.37794525901819914,0.6696236882666995,1.6061321314771937,0.515985910271108
2014-05-19 23:00:00,DEHM_noBD,1.7624926585271377,3.8401880342808155,2.8766856264993628,3.2732414215680743,6.310123574630741,5.340565719578665,4.90294412424436,0.3329020221367592,0.9646704109065514,1.8081832936774243,0.5984954682791233
2014-05-20 00:00:00,DEHM_noBD,1.647316966393981,3.608088372300854,3.2477479890266343,3.7052006723119195,6.259867494412904,5.572798806100696,5.724757118916197,0.29660320490929587,1.2287126138945483,1.8843610073166714,0.6832512927836177
2014-05-20 01:00:00,DEHM_noBD,1.4611540566456063,3.115476495782845,3.6367948334173805,3.8013179185523116,5.976291849113557,5.725142625177339,5.9329460299859695,0.2805172052879025,1.290670689751245,1.6436587793764472,0.7606054489535092
2014-05-20 02:00:00,DEHM_noBD,1.3274806423964396,2.849129304190278,4.0054190221090336,3.5241878400456117,5.521495047191243,5.057593268794083,5.559462487971381,0.28943543222274615,1.3118723576036095,1.334071213170737,0.8226551230555772
2014-05-20 03:00:00,DEHM_noBD,1.340075251216907,2.6558181397418306,4.264425536995546,3.2220286924319455,4.261469081793171,3.7737129393500655,4.669010527842613,0.3144529100402443,1.5152216006416084,1.1771678789037465,0.8569793388989567
2014-05-20 04:00:00,DEHM_noBD,1.2089675745254382,2.554854348835554,4.000907579439338,2.6745133152898712,2.5538540223170507,2.773232878287494,3.7579509469180925,0.32501999593634145,1.5054789178705217,1.1588828826839848,0.8584604374068976
2014-05-20 05:00:00,DEHM_noBD,1.0349205803706496,2.5167499518159966,3.205751315249896,1.8120330676334664,1.2043469182173419,1.7437205701042615,2.7947622363777898,0.3328460646003484,1.3427735365194082,1.1710513293357565,0.8464926880654693
2014-05-20 06:00:00,DEHM_noBD,0.976552875682935,2.506730009066239,2.7530184337334376,0.5647647836619638,0.6709004402578131,0.776617641379138,1.3019277767774748,0.35839557114467013,1.2781408118087052,1.1643362969164923,0.8295873530924319
2014-05-20 07:00:00,DEHM_noBD,0.9482668272869288,2.475490732002833,2.548586485232289,0.266256200286877,0.5005222095672378,0.40044768337619197,0.602968907059579,0.42382131884794666,1.2762610570406911,1.1598300456095114,0.8002957613365351
2014-05-20 08:00:00,DEHM_noBD,0.8552738299989513,2.362368530722149,2.252827744011529,0.2627676922943707,0.4129581986612453,0.3261196665071043,0.3747586848999681,0.5361492899383696,1.242570708715841,1.1064707031024852,0.7472077745633013
2014-05-20 09:00:00,DEHM_noBD,0.7538037023107799,1.9968030237670988,1.7705414703445277,0.2580585110148203,0.39749421885882025,0.3547998952951904,0.3506728303085948,0.6120937591695924,1.1252759521802143,0.8378805745717768,0.6938190789417084
2014-05-20 10:00:00,DEHM_noBD,0.7080590601187571,1.7569321689163988,1.2069171182106437,0.29279476557617823,0.3470729149847756,0.42839451362524483,0.4483833451590631,0.5836313483959784,0.9187408610245584,0.5221223669592593,0.6185579969983874
2014-05-20 11:00:00,DEHM_noBD,0.7076544491118191,1.4165968055421767,0.7695820517359422,0.6640190521378582,0.3161788652372917,0.47106203738682384,0.6936932197759484,0.5082063792393542,0.8378730203479529,0.43108447932310395,0.560540491759451
2014-05-20 12:00:00,DEHM_noBD,0.7060873280815779,1.0824883891472685,0.5292439864223875,1.0694326369544305,0.39781842234968656,0.6001225291511327,1.0489856343257369,0.4759021252789254,0.8127618953473492,0.45729214954469466,0.5269368477854969
2014-05-20 13:00:00,DEHM_noBD,0.7115294516854359,0.8668766115643036,0.6084510546095472,1.157425520903603,0.5715405482031125,0.6905731589118651,1.2056341404883435,0.4759174315576626,0.7398020604776311,0.5598040586676389,0.49924560522668987
2014-05-20 14:00:00,DEHM_noBD,0.6297272485936245,0.8269988164423127,0.8176686451236542,0.992043945641471,0.6883727506246184,0.6974939778579032,1.3437555427778418,0.486234804151207,0.6773596612165168,0.6869997463996689,0.47505410817759564
2014-05-20 15:00:00,DEHM_noBD,0.5905162886385619,0.747736245782459,0.8739022339518187,0.773035008436785,0.6648001497922651,0.7040974155881885,1.1284400344077428,0.4814982382418027,0.579610324782743,0.633822502942513,0.4529724047919223
2014-05-20 16:00:00,DEHM_noBD,0.5606425954535788,0.7513904905814502,0.7909691324216558,0.576965507248011,0.6314980848335008,0.6792528841014253,0.8159959138380439,0.47152090404904445,0.44861496996311917,0.7756444024504395,0.4303772322629881
2014-05-20 17:00:00,DEHM_noBD,0.5321341736940247,0.7731270485529622,0.6861867579220592,0.4474154582570136,0.596426265578647,0.5158558386856444,0.5310472263563526,0.47035796632949245,0.3243782377370173,1.295190082483923,0.41268283469689393
2014-05-20 18:00:00,DEHM_noBD,0.5092023153989086,0.9010249406673971,0.8138220970792143,0.41666995018413033,0.48099505481360466,0.4144724256481165,0.42853350184147176,0.47016091483409483,0.2721645698827999,1.2698176924905262,0.3938185578756765
2014-05-20 19:00:00,DEHM_noBD,0.49018844144167134,1.6017097380476688,1.2645205775381558,0.41650439946024886,0.6187091056989027,0.5646474355231801,0.7800592145173635,0.4862191564403799,0.2870638013048953,1.4780548506637827,0.39218538848010914
2014-05-20 20:00:00,DEHM_noBD,0.5484734748609107,1.9987835075759794,1.4678716384443238,0.5200397806466331,0.9971284633505832,1.0680971890727649,1.2201298124539721,0.5376718802881673,0.3009657960862709,1.9140097421867426,0.3916066306350531
2014-05-20 21:00:00,DEHM_noBD,1.1208551467607117,2.3173045002729316,1.7764972485750132,0.9193715778446936,1.7661211418632994,1.6056873936620542,1.6869942604833421,0.5608521276264183,0.3349929840126524,2.3716340078468297,0.3986534670833507
2014-05-20 22:00:00,DEHM_noBD,1.859541647091763,2.7959192847012297,2.402269745555123,1.4524207393508126,2.7486599365463333,2.1822597983356165,2.366418994610537,0.5322725190099107,0.3813516829568657,2.9570295468312997,0.41219405648999047
2014-05-20 23:00:00,DEHM_noBD,2.0882682281188143,3.1183189549864414,2.8048270348441404,2.0817000887295984,3.829800186588104,3.052103146518605,3.2543956360573776,0.4925101412588276,0.3821967611992565,3.312022857053846,0.4357223438011967
2014-05-21 00:00:00,DEHM_noBD,2.3510264605656843,3.307165561847184,3.0915860143426266,2.5543803959098392,4.898336358708531,4.226972482554503,4.15276652627085,0.4647813459597061,0.3697340210699714,2.746712341183622,0.4845558547998906
2014-05-21 01:00:00,DEHM_noBD,2.742300232979415,3.477301629614963,3.42001693539366,2.898633017330648,5.121106658954993,5.329516669116057,4.9775647445796105,0.4789317720643664,0.37504262679866085,2.122924638210117,0.5512501215637161
2014-05-21 02:00:00,DEHM_noBD,3.0068147570250368,3.5863356607313492,3.70413007874607,3.2967241047133995,4.754493787196036,6.222158802481343,5.645699736200385,0.6061326709744335,0.3567831656080205,2.0398485118705687,0.6091988440140899
2014-05-21 03:00:00,DEHM_noBD,2.9718130622852854,3.554267169866273,3.694965049357151,3.6805295153451207,4.488590370866346,7.206285537813271,6.346921300463585,0.867061540828943,0.3390937813931888,1.9351162716845576,0.6391996976259223
2014-05-21 04:00:00,DEHM_noBD,2.2995225278228806,3.280369955102759,3.4740097191574124,3.9398636230684945,3.952375101687892,8.216535735624781,7.29625566253604,1.3957864457900448,0.33296112326648597,1.7355208102210968,0.6158639712260383
2014-05-21 05:00:00,DEHM_noBD,2.073288478229134,2.3680801815181014,2.95264765019776,3.6741245079694766,2.601963571614828,8.174169235196889,7.156415235410465,1.5221700269382072,0.32866946480683557,1.374506423050769,0.5830675024641182
2014-05-21 06:00:00,DEHM_noBD,1.8723134258728673,1.7077889291897654,2.211020286273469,3.6489466951103857,1.8011360270539485,7.087056333605913,6.959790828273557,1.411124286508318,0.39499822334479884,1.0229295405521266,0.5743261775713506
2014-05-21 07:00:00,DEHM_noBD,1.4925357661044014,1.3105015274818392,1.4986884123258548,2.401530419840035,1.6881221720203479,5.5162465834605925,4.4857888437508855,1.3438794068562425,0.6967622740933017,0.843681073526654,0.5756396615656733
2014-05-21 08:00:00,DEHM_noBD,1.2222606055895007,0.949868226514554,1.1286922960563222,1.2664446410016026,1.8601468506165595,4.098668825142465,2.3393249997240484,1.2026479165310786,0.8537434680977509,0.9891462876615555,0.5693331424673808
2014-05-21 09:00:00,DEHM_noBD,1.0525848851885693,0.8119512965772215,1.062931721081754,0.8480544935825715,2.126659721794194,3.2606909602025893,1.6474819531344267,1.0222167769698332,0.755195625564074,1.0253127272367524,0.5372111172097991
2014-05-21 10:00:00,DEHM_noBD,0.8645982407514005,0.8629064878347901,1.0344119897563842,0.5626842652630724,2.411029150360208,2.028073424017257,1.0755300062722926,0.8060129363201454,0.7743550936413695,0.8639270301983446,0.48163013551895023
2014-05-21 11:00:00,DEHM_noBD,0.7276458985462412,0.941724437644957,1.12144577573542,0.3723609742934522,2.174869237461258,1.2490773780685267,0.7454993835819427,0.7646234140380355,0.8950899231540179,0.8329473195545409,0.4537734160734107
2014-05-21 12:00:00,DEHM_noBD,0.6573331903200864,0.8610085159756979,1.1576343764983124,0.32782045173030483,1.5231911660226016,0.45875975199222907,0.5096309967080008,1.0186557337507232,0.9824920106173546,0.7826108130420388,0.436844351967098
2014-05-21 13:00:00,DEHM_noBD,0.6132740380389312,0.8070443587436915,1.356333131453715,0.3134298576116778,0.9816618577728001,0.25741986251177024,0.3372509600850967,1.409193286929396,1.0232066523904866,0.7053696220704331,0.4165353600397962
2014-05-21 14:00:00,DEHM_noBD,0.5868842322998061,0.8345732243025775,1.742290767979858,0.3294355480198237,0.492409410360921,0.25209768545350697,0.2912908038947323,1.2543907739558255,0.9603057243825704,0.6575391348834719,0.3946625141603476
2014-05-21 15:00:00,DEHM_noBD,0.5972403425921837,0.9077723692457971,1.7702756406263067,0.45081053277268546,0.38709796323261214,0.31463586303279395,0.3516876809830727,1.0454100103236164,0.8517110706108886,0.648813319602072,0.3739244868922565
2014-05-21 16:00:00,DEHM_noBD,0.6331690745211742,0.9520424845073328,1.5307230155241904,0.5093270228225109,0.46171691065827836,0.4305967170231601,0.488123139635616,0.7432055698438965,0.7061413751669794,0.5990491671239598,0.35417158945893684
2014-05-21 17:00:00,DEHM_noBD,0.6571525466736895,0.84342342278884,1.5836406316664307,0.46336655860519615,0.39213861247580495,0.5188760833045423,0.4838904726545923,0.8301901097304001,0.5876833931607246,0.5665323543199486,0.3302539550102021
2014-05-21 18:00:00,DEHM_noBD,0.6444204598606256,0.8039181511990895,2.165726089556311,0.4141460663078592,0.44808570384683777,0.5734301028850406,0.5084964225160742,1.2058439925782032,0.5344534041688971,0.549540561653818,0.3056200038878429
2014-05-21 19:00:00,DEHM_noBD,0.5907265835269389,1.2754176850708854,2.486756947996241,0.6996831679459021,0.4863272276880964,0.9300389359563689,1.280827630168425,1.3598730224234707,0.4953519895780837,0.5379633596714369,0.27934329965684424
2014-05-21 20:00:00,DEHM_noBD,0.5428467627427436,2.1303921545946336,2.5067084835831923,0.7501167944669795,0.5569991744850574,1.6333613041092427,1.8173919199778297,1.6214826608875115,0.5041731648227007,0.534112459362308,0.25682973773708884
2014-05-21 21:00:00,DEHM_noBD,0.5226531645167795,2.5806868044538085,2.7914756110921113,0.7005460695271566,1.1762613256161984,2.137064959607956,1.4444794413863375,1.8576522852873802,0.5508532018812892,0.5736682779890719,0.24752974694314783
2014-05-21 22:00:00,DEHM_noBD,0.5271126112459641,2.3162671164413418,3.328201572353178,0.4306000788652938,2.0210802919849638,2.348898343148177,1.1901603848040287,1.7133138231459262,0.5472366575165971,0.6898363396659654,0.24988524200008097
2014-05-21 23:00:00,DEHM_noBD,0.5227835573210252,1.9104606266022883,1.4372286038436728,0.43305683467082395,1.8165155223750031,1.684508498145748,0.9644508245253709,1.6298114685760434,0.5322707734420321,0.8139912589295462,0.2741669303715126
2014-05-22 00:00:00,DEHM_noBD,0.5106241547405108,1.7552722918509793,1.328668303248363,0.5627596181706406,0.7648270192254858,0.3548993759237386,0.6729752494964606,1.517347600195706,0.5246745580226593,0.8027832407227893,0.33630762489968036
2014-05-22 01:00:00,DEHM_noBD,0.46937001481704876,1.5464713591114982,3.4890586927056666,0.8160748787196102,0.3069156727304169,0.27334361476626223,0.26858385602779616,1.3378960352032632,0.5215980535572833,0.6914227139209013,0.4088762282247229
2014-05-22 02:00:00,DEHM_noBD,0.42014131025606233,1.3062473943270745,3.0182742912802234,0.694721513891832,0.3157246111574302,0.3186239838165676,0.31451123536535147,1.141775353360176,0.5183776183223702,0.72723034177851,0.49399944758010295
2014-05-22 03:00:00,DEHM_noBD,0.414842413534799,1.0052780984065444,2.5854636900082375,0.31162601973358933,0.31513533708275515,0.3794209517942054,0.3230143653922297,0.9642827490290254,0.5572635615121396,0.8594145701610171,0.5644588106384704
2014-05-22 04:00:00,DEHM_noBD,0.4260095661347538,0.7346689195410107,1.993601499650717,0.32187311280342457,0.2942675652364664,0.3561111798544353,0.33112660622344586,1.044922154757455,0.5487708508732005,0.865618493320758,0.6019528499263453
2014-05-22 05:00:00,DEHM_noBD,0.45617742062266675,0.4935862114733599,1.3317956663121733,0.3623685875594872,0.4885506235678097,0.27095889579790694,0.3576093966113075,1.4725866834698618,0.4657790366468971,0.7454301509669145,0.60197016633538
2014-05-22 06:00:00,DEHM_noBD,0.5003915569068852,0.46163122406221224,0.7401226274187935,0.2837690130731043,0.6088955901033687,0.30072217456209643,0.2409077081455252,1.5420713512802124,0.4099961673388257,0.768356645885487,0.6010243872997699
2014-05-22 07:00:00,DEHM_noBD,0.5728279807322134,0.4740815229301003,0.5377419516103824,0.2046082906158274,0.3533894306026305,0.27892511848158885,0.1873391928422113,1.7157724644756316,0.40260697888043473,0.9466477225219785,0.6202526963848737
2014-05-22 08:00:00,DEHM_noBD,0.7088517542270687,0.4863551575734941,0.5124428951716244,0.19111500064733603,0.25909500192315765,0.21925763264885045,0.27016968823817317,1.3602116734899439,0.3938643164315109,1.1206894850783047,0.6336566485033789
2014-05-22 09:00:00,DEHM_noBD,0.8685409365949267,0.4660225527572363,0.6157543453464709,0.287962615859349,0.29648383747098017,0.3117358145428192,0.356605252227421,1.159650395787321,0.4216744733174243,1.211712547965087,0.6211271329980272
2014-05-22 10:00:00,DEHM_noBD,0.9559263752471725,0.49261562075875454,1.001163316434853,0.4079341179530345,0.4299287601772973,0.4810570645043555,0.40765382042486337,1.0933936806673463,0.5730653632912994,1.3372679962974505,0.5937827185956202
2014-05-22 11:00:00,DEHM_noBD,1.070976163028581,0.5638616580770035,1.5881620882840435,0.4220718951741512,0.6492525202324334,0.6916304225430729,0.42004650360275275,0.7659323087722166,0.8467920865374406,1.4011107887164365,0.6064477145078625
2014-05-22 12:00:00,DEHM_noBD,1.197242818546579,0.6619435989967266,1.721338307383228,0.36689100389795726,0.8235448158942348,0.7350615174677584,0.4316319171664844,0.645074439929004,1.0015441838923211,1.4229853763448446,0.6784332385448679
2014-05-22 13:00:00,DEHM_noBD,1.2923802493040824,0.7243899342542491,1.677580801654608,0.4385681315399518,1.0064112543390273,0.6172781371653423,0.38913322806748607,1.0475927460202155,0.9949745689052016,1.4249586586859961,0.7928794186107453
2014-05-22 14:00:00,DEHM_noBD,1.2994876573382272,0.8217704117045528,1.97633017555594,0.46142602404930155,1.0590434889563871,0.28592943547411515,0.393655910086145,1.1081130776846269,0.9850694218306755,1.4341420173041126,0.9232488829905563
2014-05-22 15:00:00,DEHM_noBD,1.273714877870197,0.8599189121597556,1.7224900614844914,0.34123058933029304,0.8296400138057513,0.19604663777147477,0.3296961718085849,1.3554716858293245,1.0132450517843699,1.4391667241610115,1.1155558558616063
2014-05-22 16:00:00,DEHM_noBD,1.213866325009747,0.8270214062259207,1.179711337314243,0.34681577116108164,0.43201099016376066,0.2827527046521438,0.29691630728772483,1.59300729923676,1.036792089299974,1.3690661380682945,1.3134300532993488
2014-05-22 17:00:00,DEHM_noBD,1.1974264861245452,0.7416918230778855,1.1871912546364922,0.3353355995439847,0.248209558719322,0.28503313238864497,0.333014438872426,1.4007287733527867,1.0085567302944263,1.364757562502514,1.44106374584469
2014-05-22 18:00:00,DEHM_noBD,1.1920864652266951,0.6960891499803269,1.6473154781851438,0.31213030235074685,0.21049845194255445,0.23899495966906878,0.33708145511047927,1.072367116266395,1.009159911785641,1.3317897746445182,1.4437508301656088
2014-05-22 19:00:00,DEHM_noBD,1.1302914378723392,0.9456407181589088,1.6921454513434897,0.34343956556766303,0.31469752312544264,0.33602387400693046,0.3731334042747588,0.6545933266062884,1.0952183116482777,1.2895626921738406,1.4399788860127103
2014-05-22 20:00:00,DEHM_noBD,1.0880008816338806,1.4508473979159016,2.0585108904471507,0.4144714986525275,0.42409108827395825,0.937408835171559,0.486395918351202,0.386432642455787,1.2026205805650492,1.280228013342812,1.4760974967159983
2014-05-22 21:00:00,DEHM_noBD,1.1322370895989635,1.5451602554164834,2.3104134611861307,0.38951245586625216,0.6143948826980078,1.6756745893461789,0.8674925429414164,0.3092502578537614,1.2200271575511072,1.2887674424510638,1.498593808033776
2014-05-22 22:00:00,DEHM_noBD,1.176585725466762,2.451686738047091,2.2796930018567343,0.35012659591646084,1.0396190845242468,2.159333749871928,1.2722101957414969,0.3149515125533832,1.1951623123660635,1.2907540357688578,1.4542729642625907
2014-05-22 23:00:00,DEHM_noBD,1.2277039291764773,2.8309053265953823,2.4479840548356835,0.2574788309756182,1.8330036184885465,2.096494403079669,1.1359728403052622,0.33586239254834827,1.163654111526596,1.3087635607554833,1.3657164400615123
2014-05-23 00:00:00,DEHM_noBD,1.2856720049101433,2.9523289033588234,2.845753609121366,0.21300465074022004,2.7107076523771347,1.9693528952752926,0.7528361788173182,0.3158588058089463,1.136502296299671,1.3617071844389743,1.2702582099162787
2014-05-23 01:00:00,DEHM_noBD,1.3164917110174137,2.9406316885906794,3.10161780390617,0.22532988640526086,2.7394392194936916,1.6833865632118261,0.6459066179759203,0.2769660811180318,1.1296892531313956,1.4461754225866075,1.1863125253846987
2014-05-23 02:00:00,DEHM_noBD,1.3461867116871271,3.2179242892166178,2.8900783746971412,0.31312854119365663,2.384868117920486,1.6247683253528342,0.8018457310697663,0.24266343364436635,1.1283983738511614,1.5611953108255578,1.0975584706356303
2014-05-23 03:00:00,DEHM_noBD,1.408487174144585,3.575555359817513,2.6982868455741236,0.4796123112876961,2.391214100549903,1.7594041725284573,1.1027940841565507,0.2275921653312769,1.0944632624203001,1.6182523888629894,0.9748803037845106
2014-05-23 04:00:00,DEHM_noBD,1.4903545418816846,3.632810577623935,2.61286775305748,0.6256236161312083,2.2718386879172145,1.8166650341206385,1.2626376895386002,0.22299946231278003,1.0550084245395996,1.5232114283179172,0.7895787170150026
2014-05-23 05:00:00,DEHM_noBD,1.3868862673607327,3.2547341082024204,2.2929686938348968,0.5839629380547805,1.8921641539557899,1.6733545941112995,1.155033216457279,0.21439325912644783,1.0510199965843114,1.2480934705552866,0.6523573542406107
2014-05-23 06:00:00,DEHM_noBD,1.260131562285775,3.003342585358266,1.717776743538756,0.5768305945105884,1.5599939769171338,1.3546252761185427,1.2365329670661456,0.2159683093385606,1.0640940920185564,1.09595890208128,0.5539213285675446
2014-05-23 07:00:00,DEHM_noBD,1.1853280463929823,2.4330231273295366,0.7436439029050175,0.6289514923160706,1.2490212461462196,1.1999343914796485,1.0445746183262292,0.23898812004792117,1.099328395468695,1.0666577480952883,0.4950278053353285
2014-05-23 08:00:00,DEHM_noBD,1.2025458042243427,1.5740622334938335,0.2944693445078561,0.604984872638987,0.9546380467479361,1.0910768903366788,0.7887092572811328,0.33311327497282467,1.1427847829048778,1.1410065649349754,0.4673088268474022
2014-05-23 09:00:00,DEHM_noBD,1.316008492141147,1.2468276375497225,0.25112909904080205,0.5067545717761954,0.6892077489835303,0.9244295222474896,0.6420084657678876,0.5340363896099158,1.158471700205309,1.126385007749477,0.46169974642078143
2014-05-23 10:00:00,DEHM_noBD,1.410076477024583,1.3289447065463942,0.20600479891357235,0.44417554648083357,0.5232865830556489,0.6643273939295378,0.6041621519331347,0.9429643164331221,1.1173239364638736,0.9957881776707409,0.48855328175695145
2014-05-23 11:00:00,DEHM_noBD,1.384463457242162,1.4792237380605564,0.1849172255467349,0.4390706918388364,0.5500782029910035,0.48511720708398376,0.5804026766984576,1.0887465726580192,0.9572841271235863,0.9010327938017948,0.5547071290943025
2014-05-23 12:00:00,DEHM_noBD,1.344656135053241,1.6155149009242908,0.17085660768997385,0.530741471239179,0.6848722223341162,0.6216155889397771,0.5595141865298273,0.9511903964017854,0.7908213730434932,0.8332516484857373,0.6245775465415512
2014-05-23 13:00:00,DEHM_noBD,1.2773754054632178,1.649761214847418,0.17770913968459504,0.8611365177272813,1.0088597149101226,1.0977401204922514,0.3947399574635352,0.8429151775310968,0.7243582356624305,0.7912525839092326,0.6801680995324859
2014-05-23 14:00:00,DEHM_noBD,1.1928166870876564,1.512314293990527,0.1844069905079227,1.1703058933328419,1.3831256832680852,1.5995078375602712,0.22703557737713842,0.7267142540216026,0.653906648673741,0.7950959310489998,0.7148005655550257
2014-05-23 15:00:00,DEHM_noBD,1.1406838884905877,0.7833570577541807,0.19780908329875554,1.2654860800519583,1.6505398242175207,1.7956803115247977,0.4278160221583186,0.635885625942111,0.5835538676477944,0.8174848502853426,0.7726458964912011
2014-05-23 16:00:00,DEHM_noBD,1.0809747130307492,0.25577183776531837,0.18289464105990247,0.7573449190472137,1.6999568038730999,1.4823704600533454,0.6894698764674266,0.5605679224247954,0.5798647279999003,0.8030551941865761,0.8125675084552424
2014-05-23 17:00:00,DEHM_noBD,1.570477463954785,0.17672975305219915,0.18497597914952776,0.38707013909437815,1.5760138245414337,1.122569238765428,0.8634086053060315,0.5074715306858629,0.5346402880905045,0.785655966133608,0.8277045313815877
2014-05-23 18:00:00,DEHM_noBD,2.1743679486169785,0.17619282530260175,0.2578371926493755,0.6026168967867608,1.4880893636383115,1.265482385302426,0.7510298560194952,0.4564684361095501,0.4518513761413673,0.849731308521628,0.8193750403758074
2014-05-23 19:00:00,DEHM_noBD,1.3770383084007747,0.19101315848243075,0.29522694113365355,0.7402185705879376,1.5248170303386286,1.3940753447259917,0.7849097779589662,0.4456651515282192,0.44360311493944327,1.0187630509918546,0.8016752340443802
2014-05-23 20:00:00,DEHM_noBD,0.8510341911915199,0.2567422188518047,0.32344825552987766,0.7750096100069501,1.8049590309027759,1.6179504003443914,1.064711065188996,0.4469997545316682,0.46512085411660326,1.6028537990593437,0.787739600128367
2014-05-23 21:00:00,DEHM_noBD,0.8201787627432121,0.49415447080699415,0.35911673784715137,0.9407473495956507,2.316192172402886,1.9187970354586976,1.5823166828789281,0.4432789287870601,0.5270529321632027,2.7600216525110337,0.7640172557111372
2014-05-23 22:00:00,DEHM_noBD,0.6206778322551701,0.6492906666057126,0.4572174570644588,1.333691371888153,2.549406968477169,2.290638340763531,1.7702525981991206,0.4232931868171132,0.7768653723533214,3.97416699524313,0.7286095493293516
2014-05-23 23:00:00,DEHM_noBD,0.2514374671212163,0.6158071354037095,0.5985799745205704,1.9165395692109313,2.8372397446787523,2.633411839453889,2.0555278213465282,0.3826568448863597,1.518264618302593,4.10351828673603,0.6861639387436201
2014-05-24 00:00:00,DEHM_noBD,0.24575597205852853,0.7872104275959901,0.7515644322529561,2.449556017819922,3.0590940246640512,2.7436980624700076,2.7520771645750512,0.3373394363344745,2.4066656943690776,3.4709265720887483,0.6409476895027083
2014-05-24 01:00:00,DEHM_noBD,0.26025690423117015,0.9508356887534839,0.8254878484849707,2.75281285095191,3.1317402605193934,3.111930109539848,3.4416202844878137,0.2945004107385601,2.6876452648115157,2.3529048312798144,0.596069366974922
2014-05-24 02:00:00,DEHM_noBD,0.2732187014135182,1.0567422549777996,0.8144346462761568,2.63670864662114,3.6375886819144547,3.9444294845740924,3.9610797781140317,0.21375896226983776,1.8394117415857316,1.4755030991060658,0.5582268550931555
2014-05-24 03:00:00,DEHM_noBD,0.28477393523785055,1.1329022806884275,0.7620381033626247,2.164055794606976,4.600662126005675,4.476646064268479,3.9811431793663283,0.12844827633923492,1.1680337197315693,1.127854411940812,0.5499429098705826
2014-05-24 04:00:00,DEHM_noBD,0.36068137561351404,1.016659698559218,0.682237669807888,1.6055057509024204,4.64970362595539,4.155101420344675,3.260755567197686,0.11634605452495624,0.8281952786438539,0.838311019605787,0.617212407652057
2014-05-24 05:00:00,DEHM_noBD,0.39412968847386176,0.7455523277810256,0.5176343374736027,1.1790205976594401,3.9037816857128216,3.0301318296355637,2.0263655588958143,0.13569288849280664,0.5539834329710948,0.5822314612870828,0.6450100035107961
2014-05-24 06:00:00,DEHM_noBD,0.3503979074232594,0.6028663477343204,0.40898741251170856,1.0637247463493764,3.0028538753661524,1.9000746995694495,1.498697146897151,0.15157000816600374,0.3423727258624339,0.45317942566163333,0.6747874457003292
2014-05-24 07:00:00,DEHM_noBD,0.28529638172191557,0.5248257770828682,0.3749505365914943,0.8627282208151528,1.7341045954627194,1.1910747563699384,1.3599439961510056,0.15198157118733027,0.2468427987873255,0.4267857774824972,0.7025778455783169
2014-05-24 08:00:00,DEHM_noBD,0.24862107562263483,0.4350146033391763,0.3980228776913042,0.4599490241719427,0.8874343252223473,0.5957711099626205,0.952993756749375,0.14545576391186088,0.2364757594178467,0.4304816417736527,0.7312382255539437
2014-05-24 09:00:00,DEHM_noBD,0.23063290450004376,0.33856127608191555,0.411713457492725,0.276895898722406,0.486157553924052,0.47952149002492184,0.6039786353530443,0.14028338711513078,0.23352164900988517,0.42668572304325103,0.7686372469347389
2014-05-24 10:00:00,DEHM_noBD,0.22062076085523918,0.2816197067659812,0.4569037664432264,0.3272913152152206,0.4159597366900183,0.5348488119056307,0.6027577807006984,0.13723975703557706,0.2232077251585464,0.4047250228959658,0.8259127335638925
2014-05-24 11:00:00,DEHM_noBD,0.2153163319874227,0.24640336131995066,0.5233671077308059,0.4682373496468097,0.5588186765861464,0.7613174488615406,0.7515958447410598,0.13233491312242807,0.21873199370052768,0.34444399842375883,0.8624648798855439
2014-05-24 12:00:00,DEHM_noBD,0.23863427553499583,0.23627866328877273,0.541794493662631,0.600862107835154,0.8754737194265937,1.2960692863040137,0.7043263908869073,0.12944869591791694,0.22150182068481786,0.302401370084707,0.9303001138818868
2014-05-24 13:00:00,DEHM_noBD,0.3483219427812331,0.22282969783156525,0.5394123335698201,0.6018009630630985,1.2251702341108304,1.378362744879636,0.7952845387516426,0.1277462430342506,0.21777132995953766,0.26132489695631655,0.9966193863958026
2014-05-24 14:00:00,DEHM_noBD,0.49100289935168334,0.21306635458306228,0.5519718454341951,0.6071081033943881,1.4913181777966118,1.0047431024496192,0.9283854697233613,0.12865396484689146,0.2116007674987614,0.24038982231574713,1.044696244977638
2014-05-24 15:00:00,DEHM_noBD,0.5075777896444172,0.2165922912539821,0.5730188088653235,0.561982860419581,1.5348634112925037,0.8335050767392642,0.7740047302164732,0.13032564196933827,0.19749128692379436,0.22446957776919002,1.0930761434386858
2014-05-24 16:00:00,DEHM_noBD,0.4024545396355306,0.23491615259257478,0.5807275588949863,0.48787418375714353,1.3690444725694182,0.745317412257352,0.6304511882797492,0.12691096507840913,0.1837981324876123,0.21385785688074005,1.128056598110469
2014-05-24 17:00:00,DEHM_noBD,0.3258771170821948,0.2590578447662751,0.6000740197073529,0.3800178024009125,1.239085719900364,0.589357860924603,0.486113535673832,0.12511217058891694,0.17077610853657235,0.20182853283111465,1.1281491570672437
2014-05-24 18:00:00,DEHM_noBD,0.27974610357485696,0.2720237586280342,0.6493576288465317,0.24948613460072333,1.5131672004944854,0.4974202319827382,0.4210315070531103,0.1256714868104993,0.1629690340999598,0.19180563940496043,1.112478050858297
2014-05-24 19:00:00,DEHM_noBD,0.2594076365411769,0.34265125887066045,0.7002974265008093,0.28150646830023485,1.7122243172822191,0.7887712408449589,0.6393720584427799,0.12034383146630587,0.15631726733220244,0.24765952819315976,1.0925659580119045
2014-05-24 20:00:00,DEHM_noBD,0.2605051552112527,0.5904448802396873,0.7574119193387381,0.4065027263736455,1.8668244428030962,1.0832780877475594,0.7244359744226265,0.1121491379738411,0.15733072279329852,0.5377940231152296,1.0644293099779873
2014-05-24 21:00:00,DEHM_noBD,0.26495224485645635,0.7087074127360983,0.8212812381073109,0.5199364140069499,1.622282792940808,1.3880997686418772,0.804978753683542,0.10826416128029274,0.15936294587295985,0.8466143542869119,1.0108528999831474
2014-05-24 22:00:00,DEHM_noBD,0.26790711284491453,0.8082639317053304,0.7951998484220354,0.7335564160644819,1.299406100876075,1.484960183345347,1.0255886418201106,0.10577198024173516,0.15849488689527402,1.0676032222841216,0.9411422865337217
2014-05-24 23:00:00,DEHM_noBD,0.3116597094818623,0.9211063638522445,0.8194167577738221,1.0608874244025273,1.7801578401741456,1.438111294411772,1.1136022901292726,0.1022897258654058,0.16495140530461871,1.2080041385011053,0.8573864053578668
2014-05-25 00:00:00,DEHM_noBD,0.3700352386894902,0.9790498745528521,0.8016453572122619,1.2298966457410252,2.24412340752613,1.4615535037990837,1.2381898725857206,0.09871875932122678,0.1984179242726498,1.438259739913305,0.7214465278607514
2014-05-25 01:00:00,DEHM_noBD,0.3757589352037931,1.0113364133924874,0.8316629446194267,1.2816562247015686,2.5529100842436767,1.5448506192713838,1.456923568071369,0.09562476390167185,0.25428704600647567,1.567703665630227,0.5251988718729839
2014-05-25 02:00:00,DEHM_noBD,0.4426490714969043,1.0082753802783646,0.8054592304011094,1.2917905102925824,2.8019383192861578,1.710587900164272,1.67391422204964,0.09368999216384259,0.30659417412733414,1.850220168525814,0.36809993309131817
2014-05-25 03:00:00,DEHM_noBD,0.49092931560153463,0.993648132368177,0.756018100614267,1.3391246668163208,2.843759450219133,1.9166889192635872,1.8259753861679537,0.09527731196224576,0.3223601512839936,2.4570684109633474,0.28532906006262626
2014-05-25 04:00:00,DEHM_noBD,0.4154149344125808,1.0057623831049258,0.6594132932900862,1.1928928620856014,2.679585542442114,1.992142166915053,1.693368952569175,0.10089846811003103,0.2635767338954664,2.4015233990035294,0.2378624362789279
2014-05-25 05:00:00,DEHM_noBD,0.3608735247291194,0.9808677697509807,0.5152968074951116,0.9515784961620403,2.3257987098185082,2.012325652019535,1.4720376778351605,0.10922613601039081,0.19796038033750596,1.5208791458276323,0.21014468338756814
2014-05-25 06:00:00,DEHM_noBD,0.3801252746667642,0.8800200037151562,0.46730502083406306,0.8597799917052509,1.9520445185887745,1.8913162877692733,1.4325858520916968,0.10820371359507565,0.17546679355529354,0.9382445727854429,0.17627937305375918
2014-05-25 07:00:00,DEHM_noBD,0.5342848188560991,0.7088654276053687,0.4464220597990834,1.0060921985319458,1.7527434636578034,1.7549056602733366,1.443448865779357,0.10493616594257614,0.1683017922170273,0.8654620150679501,0.16211070449591825
2014-05-25 08:00:00,DEHM_noBD,0.8319298803274822,0.5816446613329416,0.40888419394221853,1.1069383328388374,1.6029051047101452,1.6027039634535123,1.4158145969217375,0.10209001244089745,0.16741881334648462,0.8360895692779915,0.15719075167773863
2014-05-25 09:00:00,DEHM_noBD,1.0320517174807888,0.46109959961017594,0.4099220419177645,1.0408077949556602,1.4678346437242067,1.4145081620882254,1.2307106680468631,0.10054050511998516,0.17191428025286165,0.6805172022458841,0.14963862148573145
2014-05-25 10:00:00,DEHM_noBD,1.1327441057758314,0.40477099335604677,0.44079503594420133,0.9323157594242657,1.647723375036903,1.3870863470141774,1.191275062207903,0.09773248228900186,0.1770083194504631,0.5923697686521545,0.14364863614370105
2014-05-25 11:00:00,DEHM_noBD,1.2349871929459506,0.4019948999917355,0.5230775175696099,1.056788672418378,2.0505629038798996,1.675488651816328,1.2638176511847854,0.09497469789149852,0.18077280517538533,0.5749055362558504,0.1371385800511739
2014-05-25 12:00:00,DEHM_noBD,1.292581787957498,0.42238093164645707,0.6965033181160292,1.1091882918702094,2.51072646201327,1.821918424636347,1.3492897325126139,0.09200745352699019,0.18735628388979927,0.6689171286640105,0.13684613088381226
2014-05-25 13:00:00,DEHM_noBD,1.142485044519673,0.46783833294304783,0.8874750432687253,1.1242369009163102,2.8323150603715797,2.060478073406741,1.524422074755728,0.09490636845686024,0.19768271170870505,0.5772310864179767,0.13931193798110225
2014-05-25 14:00:00,DEHM_noBD,0.9634370742118963,0.5574279481984592,0.958866082223458,1.2284583057957938,2.9408302390509666,2.3131315761499316,1.6538970704374236,0.10805033176904129,0.19352763281631857,0.4952207730197847,0.14114024161532862
2014-05-25 15:00:00,DEHM_noBD,0.7424341137712192,0.716678884416595,1.0717197162187169,1.2552073014052239,2.9751752381359458,2.445955978351679,1.7355202623194197,0.12572996259789085,0.1856531800045037,0.49428896051476934,0.1329189987522951
2014-05-25 16:00:00,DEHM_noBD,0.6031897051960962,0.849628782751453,1.0589033909747587,1.218353011711705,3.4363656558341837,2.5165226282567157,1.7421032966689955,0.13769380325644265,0.17882126866854955,0.5062283447514639,0.11881874256104336
2014-05-25 17:00:00,DEHM_noBD,0.49723304595804535,0.9355532719564208,0.995103652405321,1.1157779022135736,3.972035297340125,2.639541423752745,1.6483890280694367,0.14403538936950078,0.17564095327780427,0.5327832963301988,0.10389441316139135
2014-05-25 18:00:00,DEHM_noBD,0.396777483423018,1.0170842652174574,0.9246517275540707,1.0100492002669883,4.076026232387438,3.356451064176557,1.7034217042020354,0.14716021534238466,0.16962684141650328,0.5403224096427608,0.0956731330496909
2014-05-25 19:00:00,DEHM_noBD,0.34152668973431444,1.3211102806272499,1.1399139402634724,1.588305023707956,4.08316125304715,3.795243417407884,2.376624317737789,0.14402989040263192,0.15906705474242355,0.9780019247252176,0.09480929150107739
2014-05-25 20:00:00,DEHM_noBD,0.3180868654073005,1.531471088546642,1.575510945970058,2.109730562883659,4.159275966752835,3.8119224735243122,2.911677177283654,0.1376476529261845,0.15887011801105308,1.5708342709356757,0.0924775964135321
2014-05-25 21:00:00,DEHM_noBD,0.3096088239519623,1.613286431138072,1.7618266920599621,2.6458111208450497,4.577787680054982,4.0076901018951245,2.9561990146474217,0.13313646292276993,0.16127006230337834,1.859149071176066,0.08990667604956637
2014-05-25 22:00:00,DEHM_noBD,0.35374181373589897,1.6881983409816999,1.7870215129210185,3.014695759618496,5.840830629508328,4.895808035805712,3.087859428735009,0.13681671865680858,0.15980985482907642,2.07902825692806,0.0907664791204733
2014-05-25 23:00:00,DEHM_noBD,0.43076973607455493,1.7022074682491877,1.9164037772285965,3.3619592585982296,7.550831140111867,6.193359976536446,3.242320279168829,0.1434852119486952,0.15757144041064483,2.3116977716909215,0.0928099896084947
2014-05-26 00:00:00,DEHM_noBD,0.5898230077940503,1.7414955401544943,1.998149407369785,3.539572467093556,8.689646261908553,6.748725657961666,3.4616738217925764,0.14963686314153593,0.16119928520616744,2.3993365981167485,0.09433311463685452
2014-05-26 01:00:00,DEHM_noBD,0.7875798079189436,1.7770401350266518,2.0536675373454556,3.2190614973083838,9.053303738816995,6.741863665482552,3.930567681297419,0.15850793753152576,0.17721895923730518,2.4023857492620717,0.09545923911054316
2014-05-26 02:00:00,DEHM_noBD,0.8120787640213266,1.829631736667095,2.137402460187918,3.0755467378584282,9.019614028032256,6.756441175671741,4.143171354531904,0.16956476358431607,0.19525408094440333,2.3212358883773425,0.09382216183791313
2014-05-26 03:00:00,DEHM_noBD,0.7402417614504683,1.770452573863467,2.1545185176099295,3.2264098752697015,8.369910308744945,6.636581367764016,4.047881767186254,0.1793408923055951,0.2063475503773236,2.1445800014096426,0.08997822009054549
2014-05-26 04:00:00,DEHM_noBD,0.6277185035971027,1.5415635372159717,2.071301001808809,3.211889830977312,7.574133956739559,6.006581241702882,3.705900827979349,0.1954410487375384,0.21671747035595407,1.8022585389775956,0.08183495448003811
2014-05-26 05:00:00,DEHM_noBD,0.5181073287720686,1.1941707570309703,1.7107066595194487,3.02541368488017,6.403816347895156,4.280184305550542,3.194052112368944,0.21237194836495443,0.22918074607256678,1.0920023861624886,0.07506082084690567
2014-05-26 06:00:00,DEHM_noBD,0.4251670386174693,0.9785719705489568,1.0840476495157099,2.655821383779796,4.958933265589097,3.264202822583913,2.8799800565927183,0.21888564409559924,0.23092215205548794,0.7264765519071416,0.07272354116262797
2014-05-26 07:00:00,DEHM_noBD,0.3594288838657876,0.7966464974383461,0.8249949875794351,2.079807945067911,4.0145430798085,2.6991817739181467,2.5412605239831194,0.216443004486843,0.21907281654766741,0.6249764449298254,0.07138989921887896
2014-05-26 08:00:00,DEHM_noBD,0.3086900358591879,0.5785745992282555,0.7360285754575208,1.6301595513156575,3.3566189435451337,2.3059075182686897,2.0878109827951654,0.20496861584664308,0.2119656398284993,0.5269421534195948,0.07087889595031324
2014-05-26 09:00:00,DEHM_noBD,0.3045065514117198,0.4258009637403662,0.6445159217711677,1.3760640144734335,2.9106256117599862,2.047417697441302,1.7693677969410548,0.18733541277888455,0.20734529918370756,0.38793971585249165,0.0694951189254595
2014-05-26 10:00:00,DEHM_noBD,0.3189256011030636,0.3147806112424224,0.4692968462239508,1.1458739434722771,2.5450084517926514,1.7644271529511761,1.517108143444117,0.1675969789004511,0.2030925605303607,0.30122173893872634,0.06823064342399117
2014-05-26 11:00:00,DEHM_noBD,0.30975124386856323,0.28702038577489075,0.37546816928351756,0.9001657776915845,2.2469521101352297,1.5197075591887614,1.2838877046698198,0.15041141549859421,0.2003185647762378,0.2432496851164718,0.06749087054744816
2014-05-26 12:00:00,DEHM_noBD,0.3295351401495002,0.2597558887379533,0.32578791447086713,0.7782343889512517,2.1405896628453105,1.259130446187226,1.1898590087805896,0.13714770942435942,0.19968984701050427,0.21835485785399317,0.07060020479005051
2014-05-26 13:00:00,DEHM_noBD,0.32648399115091176,0.24073898372950608,0.298036038512627,0.452603836846429,1.7828539370284697,1.0144302256506492,1.1344791499766214,0.12593767890765672,0.203077216349244,0.20212769254215163,0.07968149150647211
2014-05-26 14:00:00,DEHM_noBD,0.33736419578335236,0.23050225621503412,0.28809717960168124,0.1852201771930999,1.2778841465003938,0.9448223110315312,0.7860234354451502,0.12153437074793502,0.20420444623025108,0.16019840811881922,0.0818291763822524
2014-05-26 15:00:00,DEHM_noBD,0.32439342707673074,0.2100848552367853,0.26757721528960027,0.17764201558089646,1.227212715927239,0.6392251135833636,0.38286163317906463,0.12172320872134053,0.19901391730916673,0.1324490109887057,0.0691817293666046
2014-05-26 16:00:00,DEHM_noBD,0.3015454536683995,0.18665514809646058,0.2386674466131112,0.19614857843229744,2.4825361971414046,0.42719546392828145,0.27589780213154025,0.12200578041978405,0.19458617530979433,0.1413418545719061,0.053386299469757134
2014-05-26 17:00:00,DEHM_noBD,0.28263054651738134,0.16117735045919118,0.23224582006295977,0.19997159827442718,2.990378501278209,0.4387528649972058,0.2244666118605369,0.11894212944321773,0.19402447020434324,0.16207590961081933,0.04707992035655068
2014-05-26 18:00:00,DEHM_noBD,0.26116481247700263,0.1605206105429069,0.2344261074520385,0.2118799400605579,2.3646261619260627,0.6029935275977897,0.17523907943840064,0.10897574905799745,0.19424406677965783,0.17459393870211526,0.04378827455574052
2014-05-26 19:00:00,DEHM_noBD,0.24408581898475978,0.1979611676619206,0.26936281966125375,0.213683959252169,1.9369182124825381,0.7692648725022453,0.2033297846990104,0.0990282898750393,0.19328685379476618,0.1953946011202002,0.04392022230898489
2014-05-26 20:00:00,DEHM_noBD,0.22395395966802709,0.34865092036405276,0.4053031529451072,0.2112847165016195,1.7952830811993572,1.062415112986967,0.25874995494018976,0.10249519718437029,0.18769476035166333,0.2989569914519689,0.04722080221496161
2014-05-26 21:00:00,DEHM_noBD,0.23029939580243533,0.664878773230954,0.5962607868801817,0.2711785327118176,1.8549488190264816,1.618147670229381,0.5843421005168173,0.11408819899787637,0.17817917588466584,0.3123273928630581,0.05158805062738928
2014-05-26 22:00:00,DEHM_noBD,0.21978840270082464,0.8761239265469716,0.9001282784614397,0.5946689254067283,1.7774032039232923,1.4999494624855432,1.0559571441605944,0.12624659573375607,0.16294346212286864,0.20038085641393932,0.05790089187190853
2014-05-26 23:00:00,DEHM_noBD,0.18964812902447165,0.9216979773913108,1.1170199198183328,0.9800629417103494,1.4536822193218766,1.3603085137068782,1.2703955089124723,0.1366752095108024,0.10384060756022069,0.14298334069361635,0.06357676735453767
2014-05-27 00:00:00,DEHM_noBD,0.16306028859126728,1.051125493350986,1.188011319871072,1.3552164567753493,1.367629223232195,1.476211512671886,1.4686735748832396,0.15079467601550636,0.06609556821325263,0.12513344591228837,0.06621050928024914
2014-05-27 01:00:00,DEHM_noBD,0.14439168218239543,1.2651173915191647,1.395561380008198,1.6208046350355116,1.6447783616239413,1.8572980209324648,1.6871363863932916,0.14732488562989263,0.09832587170957115,0.13326250099243145,0.06653249993924677
2014-05-27 02:00:00,DEHM_noBD,0.15512999480450865,1.1342259352033708,1.6813015978880348,1.8283519064895122,2.115226164497591,2.1715102533990285,1.87967953839861,0.09506900301680422,0.1006698443702147,0.16738754689125127,0.06751830177319454
2014-05-27 03:00:00,DEHM_noBD,0.16928296315172156,0.4767645258871845,1.9653185635520811,1.9119807354036622,2.404798133561126,2.458322225109676,2.033689960693352,0.08201042902979055,0.07704960235580131,0.1774931847650696,0.07089011769104268
2014-05-27 04:00:00,DEHM_noBD,0.16709236302638528,0.13285713137345803,1.4990230560608935,1.7812281425356242,2.490244499738311,2.5685348356451985,2.0416344412028606,0.07079514658265734,0.05211189969905828,0.13419828546125606,0.078575695766215
2014-05-27 05:00:00,DEHM_noBD,0.14215416799428746,0.149960366608809,0.3846125200998048,1.52310455472757,2.359815406294452,2.406347462913938,1.819947934643183,0.05678128337235641,0.04395259455259945,0.09831998002404949,0.089167190742872
2014-05-27 06:00:00,DEHM_noBD,0.1139128293986431,0.18348870461628175,0.13756386972944679,1.364181172147345,2.2085189021297533,2.145403375278906,1.69628902818032,0.04642152380229886,0.050737554180140906,0.0819410929199938,0.10064175547983949
2014-05-27 07:00:00,DEHM_noBD,0.09809638332280322,0.17409763977671494,0.15376652477768593,1.3209388470195704,2.0166720762610564,1.9372899273772877,1.6456969243736075,0.04435725893958466,0.0703301618231191,0.08022639319998663,0.11060590340718615
2014-05-27 08:00:00,DEHM_noBD,0.09524944564769026,0.1469134972253114,0.2149648339981206,1.3838133937680912,1.8510526722023188,1.868362180345951,1.6400612041701925,0.047895292963511055,0.08422827713426022,0.06884240339161066,0.11543106060534228
2014-05-27 09:00:00,DEHM_noBD,0.08571844265488301,0.10956937920158258,0.23138532148781332,1.46414135848199,1.7703448462196008,1.7718921963456722,1.5415705798569168,0.054178609859626636,0.08635937543431983,0.05382887909249656,0.11805854036240818
2014-05-27 10:00:00,DEHM_noBD,0.07170677187867952,0.08744006203914044,0.1592234685484574,1.1459722064782567,1.7047226489951979,1.5856973241688446,1.5228652478115212,0.06325087306545099,0.0861101846141687,0.05026469043112122,0.12241052756989824
2014-05-27 11:00:00,DEHM_noBD,0.061630765820536705,0.06310275046316424,0.11966149268576806,0.5724314113877652,1.7217399109416442,1.5637436792987889,1.3715017866081953,0.07653947406454353,0.0904113273201137,0.058948991243690366,0.12879484816267142
2014-05-27 12:00:00,DEHM_noBD,0.07296161760623503,0.07680093719964137,0.08617166755073355,0.4649194796043521,1.6707899731926934,1.440180592124396,0.8420553416057437,0.08996987456178038,0.09284345293654409,0.06612408427170155,0.1391388104835523
2014-05-27 13:00:00,DEHM_noBD,0.08088008585493296,0.08934385728017068,0.0717580337529937,0.6854974325796144,1.5586341677665336,0.7257538755969872,0.39314237306681654,0.10087741546553196,0.09273828717546116,0.06566369519292624,0.15179352940552854
2014-05-27 14:00:00,DEHM_noBD,0.08192341773175618,0.08863114624082735,0.086357885386242,0.7072620213153642,1.1598119899929686,0.2655280856616433,0.416688711196359,0.10552218263184637,0.09227384306851127,0.06533600938427488,0.16260692401777005
2014-05-27 15:00:00,DEHM_noBD,0.07962741475266387,0.08816260383554556,0.08519631527528224,0.6200627550817902,0.3987228361894469,0.12101664563649991,0.5972705372839078,0.107066237164582,0.09375372860322488,0.07159654048659479,0.17433117183549313
2014-05-27 16:00:00,DEHM_noBD,0.07890731592081242,0.08812218005471507,0.08573539753070819,0.47570312445927876,0.2206683587357913,0.14475657320442717,0.45828463832664124,0.10529895287905162,0.10380657694184445,0.0884090635225974,0.18533887765590085
2014-05-27 17:00:00,DEHM_noBD,0.08509998517954281,0.08709900288248813,0.08725335600985261,0.26702918622368477,0.38987301692222925,0.2310952259917632,0.34486680871727865,0.10491264643984675,0.11496611269965458,0.10088040696390053,0.19531162186360906
2014-05-27 18:00:00,DEHM_noBD,0.09704374518791938,0.08518377892197894,0.08771214191700658,0.1641923634709972,0.6676003107360075,0.22444658516061244,0.21378116882043355,0.1029886348671208,0.1079761974376415,0.11688514522416836,0.20728385093489654
2014-05-27 19:00:00,DEHM_noBD,0.10750793833506744,0.08486646240380552,0.08885642025177687,0.13888241784184738,0.7045419056630156,0.17514741050362492,0.12365123120730095,0.09928914375765105,0.11546625110165047,0.12144540471850024,0.2114245696236937
2014-05-27 20:00:00,DEHM_noBD,0.11531876428208615,0.08615825673721599,0.08776896584899577,0.3822545514029136,0.3512592635818105,0.15981208189240614,0.1167716344494156,0.09998837276969688,0.1268498244347636,0.1260773595143586,0.2109190007619559
2014-05-27 21:00:00,DEHM_noBD,0.1121512877949997,0.08447062189060402,0.0877003105179174,1.1170596719410015,0.28234830572420727,0.24886575345557366,0.11765730214297326,0.10631328801469953,0.1288809018741232,0.13282336495420344,0.21196048192910827
2014-05-27 22:00:00,DEHM_noBD,0.1283194177011088,0.08402775870250628,0.0895866685908412,2.003861543383831,0.4142227311198412,0.5405732277539349,0.132502831698651,0.11581104623278066,0.14694528757986286,0.1429265471413576,0.21311936657946548
2014-05-27 23:00:00,DEHM_noBD,0.1492141611776679,0.08437380812407122,0.08845948668702773,2.850596250593104,0.5036795134909868,0.9759701442023025,0.31827234783675784,0.13205062444635246,0.16472247343490043,0.14825413182796907,0.2094006680680111
2014-05-28 00:00:00,DEHM_noBD,0.15800993094096358,0.09326742208269329,0.0902685650509936,3.3142520593793816,0.5604535247498984,1.7833605814349467,0.5568096728791324,0.15743104483606493,0.1774864251111762,0.15197795631801195,0.20326808501684335
2014-05-28 01:00:00,DEHM_noBD,0.16759426777084602,0.14213773159768395,0.09107255341681382,3.687331826664372,0.7609643056785547,2.967491394773155,0.6207557179189092,0.19124430610307067,0.17772450943924614,0.16080936551520494,0.19672405513688912
2014-05-28 02:00:00,DEHM_noBD,0.17606558189957341,0.16258270197395341,0.10305158144881764,4.388730246780979,1.282505522513576,3.959521243852419,0.6041079836261376,0.2137831528324361,0.17242123357004202,0.1733516265650919,0.19143592648420477
2014-05-28 03:00:00,DEHM_noBD,0.18205866151954034,0.15902415604225728,0.1544042231166488,4.679211083748905,1.8523588882384776,4.428622220637698,0.5533004859207968,0.21932953050470116,0.17363764109536034,0.1806746446231961,0.1913898720209904
2014-05-28 04:00:00,DEHM_noBD,0.18573508120398488,0.16290372268381323,0.16633134718655365,4.6728458014643515,2.0381354854236777,4.413105848541047,0.42179942768253637,0.22701111777180397,0.18033527056149998,0.1799656012733558,0.19264116281042323
2014-05-28 05:00:00,DEHM_noBD,0.18941930363518633,0.18116965524727582,0.16348951121960503,4.26487664888013,2.045718073034026,3.99437563618978,0.3094542095726096,0.23058572182616413,0.17904802371587106,0.17956618213296846,0.19333267111460672
2014-05-28 06:00:00,DEHM_noBD,0.1895382410946533,0.1906066312942513,0.17903368596072533,3.9158424106308383,2.0093458700536284,3.511490124519237,0.18338308464583908,0.22919450766537564,0.18047781909441457,0.17871061165354193,0.19240003874625988
2014-05-28 07:00:00,DEHM_noBD,0.18896190578078134,0.19330409593084352,0.1972639907384546,3.6061658694826577,1.9709880053765676,3.0761670689681435,0.1596061373807999,0.22706722873337554,0.18131508337182678,0.17853395132111838,0.1938501306224426
2014-05-28 08:00:00,DEHM_noBD,0.1906007179534924,0.1953838798330561,0.20209766353633818,3.302854158810932,1.739814813141832,2.694439548818129,0.3386838620876814,0.22252000046672293,0.1774011771038697,0.18190282868267962,0.19680235082074976
2014-05-28 09:00:00,DEHM_noBD,0.19511468422852976,0.19713388994088843,0.20366901094077947,2.911557616786565,1.3983334446426432,2.507410928479474,0.41867719001628223,0.22019787221977943,0.17311785514830014,0.18915794442095665,0.20365576600089644
2014-05-28 10:00:00,DEHM_noBD,0.19949705909482424,0.1971892040451428,0.2057158035228656,2.4916656286325183,1.3038995215027174,2.0642110523774906,0.47160656362283704,0.22044233445488828,0.17056536209899226,0.19345425116041431,0.21092438883718082
2014-05-28 11:00:00,DEHM_noBD,0.19731621957866932,0.19974617997421185,0.20904577287515258,1.9096202622689726,1.2269137549895652,1.5911682735635122,0.5809088805124278,0.21761582255499193,0.16947957440951533,0.18939885161654205,0.21835153005614874
2014-05-28 12:00:00,DEHM_noBD,0.19593825769099382,0.19487103580289974,0.2154793349499511,1.4389423303620257,1.0927893413116223,1.2593300879115563,0.7264736219041323,0.21403863366442252,0.1709649377808666,0.17835636193164614,0.22108657624818365
2014-05-28 13:00:00,DEHM_noBD,0.19314447946220573,0.18958047473567527,0.2147221454381674,1.2216850274952888,0.8242578094970248,1.1574666928475867,0.6899929241026895,0.20927352974872565,0.17691470805973436,0.17549700901803084,0.22196293228201552
2014-05-28 14:00:00,DEHM_noBD,0.19149779893848287,0.18301582326880408,0.2010338871402257,1.0909277923058274,0.38534556441189016,1.0901266442279895,0.7254819179169706,0.20552050556698442,0.18717531895342387,0.17882857971132834,0.2248698171612526
2014-05-28 15:00:00,DEHM_noBD,0.18773179487893346,0.17665139030132088,0.19170076165816444,0.9606876118769295,0.26718864158887173,0.9020226291119011,0.7636120124466429,0.20296599780599814,0.1985842177878616,0.18240614976589903,0.22574289619264182
2014-05-28 16:00:00,DEHM_noBD,0.18529919168130368,0.1714850762391489,0.1821202092491526,0.7128461890271942,0.27357657347064684,0.5288770659801463,0.4933381975481948,0.19742671153019525,0.2029842531435714,0.18648065023199695,0.22504918937785529
2014-05-28 17:00:00,DEHM_noBD,0.18040132233454523,0.17006285195150586,0.17448654306935477,0.36272773586079765,0.16740842785289028,0.3154039186743446,0.3120608948606167,0.1920936582387474,0.20435850916644482,0.19274303751316646,0.2230630313774942
2014-05-28 18:00:00,DEHM_noBD,0.17705607556827127,0.17443438083445997,0.16995520475014309,0.1559097434595546,0.17160799038269306,0.32075184972089266,0.2954847947024869,0.1886016353842553,0.19951862712797347,0.19522960965112646,0.21997744292381208
2014-05-28 19:00:00,DEHM_noBD,0.18362485554664149,0.1828928941222346,0.1695806925662672,0.322617793998188,0.20305760221309477,0.426048976954646,0.4409319893185043,0.18731547551784128,0.18917597685605642,0.19694945188542554,0.21551868172759403
2014-05-28 20:00:00,DEHM_noBD,0.1948156398357194,0.19652068022667382,0.1852884767570688,0.49088287409845804,0.22902526967513603,0.5628662193451871,0.5413353307769617,0.19134398214688483,0.18672880392488317,0.1950297882537574,0.21112536861172748
2014-05-28 21:00:00,DEHM_noBD,0.20479667463661155,0.20276366474951862,0.23037090217323264,0.6825071130537526,0.3184021713318605,0.8115554572656531,0.6832394148590237,0.19191387136260932,0.18886309512500868,0.19333306594831864,0.2077386195231618
2014-05-28 22:00:00,DEHM_noBD,0.21706318661645374,0.20466842576390953,0.23042555909916473,0.870945337121352,0.42106956112402005,1.0026929417487886,0.8957412041956418,0.18902718575979022,0.18927089904684496,0.1964679106741024,0.20595427722140186
2014-05-28 23:00:00,DEHM_noBD,0.22064867796843285,0.20838939308325188,0.2202107662778672,1.078634372783271,0.5835422804968873,1.2380283477140488,1.0887612541807128,0.1851723269555937,0.18794596405733208,0.2042717490122614,0.2062675965401446
2014-05-29 00:00:00,DEHM_noBD,0.21935957396338562,0.20727009590186585,0.22346163089766982,1.211202372833199,0.8924819510405324,1.4832333390944636,1.1828389513471487,0.18180663939213293,0.1895089713827698,0.2155761642449786,0.20675465259328185
2014-05-29 01:00:00,DEHM_noBD,0.2204792998722892,0.2105358400120463,0.23130005940222598,1.2364001140273628,1.0680581478463786,1.558064108707409,1.0267273144581557,0.1785176095679381,0.1924080399971013,0.22080708869032967,0.20755999350749618
2014-05-29 02:00:00,DEHM_noBD,0.21979339471689646,0.2107965417409193,0.24439853675330825,1.1670552552841507,1.0269419918415137,1.48231251284266,0.7639242176888257,0.17599903795579563,0.1987564409099196,0.23568247633083345,0.2088224074392613
2014-05-29 03:00:00,DEHM_noBD,0.21621823145478836,0.21463050370041997,0.2524153482815333,1.0399064826089457,0.8866976359874289,1.1959187896736336,0.5693047601482184,0.1741189816986979,0.2077231144138883,0.2170257992698819,0.21309740424118367
2014-05-29 04:00:00,DEHM_noBD,0.21789976232750097,0.2235627894892628,0.2460936003098333,0.8065590404778654,0.7626513758131466,0.825406405256528,0.46034046272557216,0.1819027307067117,0.2196871132708619,0.21300360925001752,0.21515104711093402
2014-05-29 05:00:00,DEHM_noBD,0.24084659176906784,0.23490407989078543,0.23864886259839252,0.6697036449228787,0.6760728644411474,0.686085998185292,0.341992048995596,0.19125079761072286,0.22207103442250128,0.22472621177697089,0.21188729120902933
2014-05-29 06:00:00,DEHM_noBD,0.2490661772789339,0.2400495901485392,0.24114653152792287,0.5697453174995151,0.5810873998219357,0.6447514861314525,0.2772802049988108,0.19811434757170165,0.2235413077127211,0.23314704852250515,0.2076042357955569
2014-05-29 07:00:00,DEHM_noBD,0.2524023214828642,0.24773186909428777,0.25168457633526864,0.4232894525675973,0.5315614094367109,0.5390996919076712,0.21676213054320592,0.20771797635726044,0.22377298126042813,0.23882032963817992,0.20250686134390522
2014-05-29 08:00:00,DEHM_noBD,0.25243599024329855,0.25048224800697527,0.2519786766466078,0.4539339248811672,0.5171114776080823,0.5064443791524087,0.34217236381813987,0.20502938492485775,0.22476942880868894,0.24011605748531745,0.20222371555375393
2014-05-29 09:00:00,DEHM_noBD,0.2557776109203472,0.24985312608727245,0.2533480353500274,0.4977715738501805,0.5824664611892889,0.6111663446588007,0.49754590755992634,0.20144379910387317,0.22127275123424117,0.23462851732081372,0.202296518879067
2014-05-29 10:00:00,DEHM_noBD,0.2573352326084975,0.25505313274341623,0.25607475572175803,0.6557077933869124,0.7687751533528079,0.8394376690332556,0.7263059449091925,0.19602292201880944,0.21230553108140937,0.22406318781856208,0.2046786966803668
2014-05-29 11:00:00,DEHM_noBD,0.2450265230065443,0.2564704974683559,0.24354790164174844,0.951125410640173,0.9990834728527895,1.1147238919670177,0.9904079012216248,0.1896069066745088,0.20670412123080506,0.21126906341006954,0.20894419531817535
2014-05-29 12:00:00,DEHM_noBD,0.2413007817462714,0.2557503481517778,0.24608125717387644,1.0808947157246562,1.2500883038251893,1.3691770026963466,1.3566088864460069,0.1824150979852146,0.2082119789566862,0.2037022865977905,0.21062962182540437
2014-05-29 13:00:00,DEHM_noBD,0.25281930556277044,0.2509748875317256,0.243365781015051,1.2036840474390866,1.4744905082250397,1.5903376116597758,1.6087604436896465,0.1744081115227884,0.2086229272121197,0.2018228210166468,0.21153066452812389
2014-05-29 14:00:00,DEHM_noBD,0.263687264067598,0.24256900687352284,0.25472387508417,1.3079885417979908,1.3903970084525445,1.6986857970686922,1.6719727022562574,0.16718202728237821,0.20496207363662966,0.1954271910597814,0.21139251463559447
2014-05-29 15:00:00,DEHM_noBD,0.2600979660442523,0.235411646342544,0.26991460411150114,1.3256564640957635,1.6522645050678788,1.935291791934854,1.6339838094348653,0.15976301187857284,0.1999723501818643,0.19538771352238127,0.20646236118421882
2014-05-29 16:00:00,DEHM_noBD,0.2540026067736253,0.23249843218880936,0.27269697568738244,1.4495915578501228,1.820522379965305,1.8118984379465388,1.6346425066094832,0.15525512770864075,0.1959728952144987,0.20223108882435203,0.20011967036609754
2014-05-29 17:00:00,DEHM_noBD,0.25232416767403015,0.22509460915959936,0.267269790503359,1.4674912619788696,1.9265228513334982,1.6436712008769974,1.3352116012711643,0.15877098333475778,0.19208909969662047,0.20571557429092333,0.19460552728781932
2014-05-29 18:00:00,DEHM_noBD,0.2526432147228745,0.21729048122792133,0.2599112983207901,1.134848652951032,1.7617283522050093,1.4867967484539653,1.05443611349166,0.1649437083710981,0.1825728197469582,0.20075915218954424,0.18747131921645938
2014-05-29 19:00:00,DEHM_noBD,0.25477229906744775,0.2416088039232457,0.25571102961672554,0.8316283181772116,1.6087291411807132,1.3203943416904906,1.1066506673188503,0.16047129694053708,0.18265836594572768,0.19646656408129476,0.1797906417325394
2014-05-29 20:00:00,DEHM_noBD,0.25444828967093824,0.45449093875110447,0.2766372410634824,0.8355535458824461,1.6045657181209232,1.4287208038472978,1.2647504275629726,0.14886635531064268,0.19688415078486995,0.19323219105068495,0.17488619107167888
2014-05-29 21:00:00,DEHM_noBD,0.27418082159572327,0.5593721776629994,0.38039317186304633,0.8757581592244308,1.758669234852501,1.7497404614883556,1.712440993627747,0.14971955544531396,0.21352155463828895,0.19122706119255814,0.17051140234245948
2014-05-29 22:00:00,DEHM_noBD,0.289314772638639,0.6926436473693339,0.5324468485889855,0.9927135350641508,1.9401143657669797,2.2340171738738137,2.221165775031579,0.15474190202042323,0.2141759443842242,0.19023508831075,0.16449738593181115
2014-05-29 23:00:00,DEHM_noBD,0.25759519136777953,0.8041608104946216,0.7358039294645364,1.1945987575740196,2.030813376651595,2.560182501077288,2.3720358123252887,0.15098199634757345,0.21260590393934958,0.1886023145091656,0.15793338206747998
2014-05-30 00:00:00,DEHM_noBD,0.24649567299649336,0.9273518001795937,0.9692602495427449,1.4092083831900521,2.053993132386999,2.630190962241645,2.3992098614091946,0.1422840332633439,0.21695988967188626,0.1875825693165363,0.15304546226575605
2014-05-30 01:00:00,DEHM_noBD,0.24898830929132165,0.9807994802168059,0.9646528269122843,1.6730453375886913,2.107253874624182,2.672727981370454,2.555525029829717,0.1318970163226994,0.2206889901781522,0.1951502728289324,0.1503720079839414
2014-05-30 02:00:00,DEHM_noBD,0.2494131137229152,1.0648521040201178,0.8708120787506234,1.8899091870347826,2.335343687703173,2.8657935786025734,2.5273970747900107,0.12122889342944212,0.2263115723434975,0.43612780311456634,0.1496099798865057
2014-05-30 03:00:00,DEHM_noBD,0.24406825601285087,1.156244638618805,0.7712000534414377,1.9987634891183879,2.703916271905726,3.038225914960057,2.4027908696969487,0.11622302985222241,0.2299519683340782,0.8946352932768541,0.14830521260234983
2014-05-30 04:00:00,DEHM_noBD,0.24458449475684652,1.1508674002650285,0.6078268950892886,2.0167579050762656,2.65693731031011,2.9157650177346834,2.1583649422023576,0.12393052341412422,0.21996332277725567,1.047691797807979,0.14474532744246052
2014-05-30 05:00:00,DEHM_noBD,0.2554744251640071,0.8685447436136455,0.4110241965787158,1.5301625595133568,2.4175937452065166,2.468497433688629,1.796943150372915,0.13619671187100948,0.19483778609158625,0.46513312515756566,0.14078447627289908
2014-05-30 06:00:00,DEHM_noBD,0.2661785166321624,0.5816062154574034,0.29886153285853206,1.0476110606741065,2.076741439762702,2.0735761849723815,1.5913844791535268,0.13877380358828573,0.17034557389001467,0.23352938400247122,0.13589442781935207
2014-05-30 07:00:00,DEHM_noBD,0.31858080341648065,0.361560167194528,0.27097967000835094,0.9863924647433814,1.704731208939501,1.821005409481776,1.4791410981228166,0.13651848622021312,0.15862794011516718,0.2276678303897938,0.13047958577344304
2014-05-30 08:00:00,DEHM_noBD,0.4788890266549236,0.26629035586139055,0.25277396774103855,1.1744465760976568,1.7222288444818532,1.6100673376321257,1.2951972105584024,0.13514227975552306,0.15908299687629313,0.3079914766250712,0.1265199648692061
2014-05-30 09:00:00,DEHM_noBD,0.6295814479608297,0.2643266052178618,0.23334771561968126,1.3419321090945224,1.8288346584020139,1.6355351151665614,1.4861903089821547,0.13490083692561766,0.16503722599211026,0.4943104553925291,0.12608271544332603
2014-05-30 10:00:00,DEHM_noBD,0.5035591132171475,0.254332920756738,0.22265031369711497,1.5660555524667004,2.1483296976387405,1.7106444252342305,1.7194535873431027,0.13339505151146785,0.17037877010046268,0.4837273307835543,0.12698254040265902
2014-05-30 11:00:00,DEHM_noBD,0.3442068500361357,0.2381296975115301,0.21451025205663624,1.8005737554429826,2.561703060841304,1.929827938694942,1.798369872803319,0.13316168901826536,0.16878563596476195,0.33908450642550336,0.12764982849956946
2014-05-30 12:00:00,DEHM_noBD,0.30961625651190966,0.23738368597841633,0.20883900572139757,1.7638675180053829,2.736999676423897,2.2736255716573313,1.9310428529713104,0.1350820468240269,0.16440831775656425,0.2560997146457153,0.13029855644099395
2014-05-30 13:00:00,DEHM_noBD,0.2847143705439869,0.22203902517054394,0.21934016550287588,1.711355877443387,2.795145514839096,2.5258352994828392,2.099368065959177,0.13729693181484204,0.15838450766492387,0.23205022179523,0.13330175150794435
2014-05-30 14:00:00,DEHM_noBD,0.2665428584494068,0.2101768414680682,0.2392617498748562,1.7689789252110775,2.75708703468814,2.767506344367585,2.2320530606550184,0.1379965908630441,0.151008742033881,0.2237410313841187,0.13535391449991596
2014-05-30 15:00:00,DEHM_noBD,0.24603348201857983,0.21193100773318138,0.2796406245236831,1.8325934172366283,2.4079273349244517,3.089670318873109,2.294391747336333,0.13871820239853394,0.14631548955181836,0.22122969164583126,0.1349538246116832
2014-05-30 16:00:00,DEHM_noBD,0.22975716764628243,0.20954852855748055,0.3383850097396343,1.9324510475199708,1.8215050934931847,2.948220311885265,2.3050820782623656,0.1444525170935567,0.14814322585853507,0.21977010855473564,0.1343052551467995
2014-05-30 17:00:00,DEHM_noBD,0.21717696226315436,0.20538688925468937,0.3225614802186766,1.993814746964927,1.1179228230894032,2.1895350321409257,2.407601014173188,0.1551742377959036,0.16036656223002438,0.22146487340955676,0.13358213689679962
2014-05-30 18:00:00,DEHM_noBD,0.21338406392437417,0.20247066283912415,0.3046946156505951,1.9936801900040526,0.8052802224769815,1.3600649307258508,2.7690955643609385,0.15429106689569994,0.16840246517400126,0.21980188110452145,0.1282098034481307
2014-05-30 19:00:00,DEHM_noBD,0.21478922076945067,0.25016304253749005,0.28513282172623117,2.3987025829123927,0.8323121339876716,1.2164541659134513,2.5842669178679607,0.14576188392681372,0.16761633373064733,0.2151491799872549,0.11897704299425783
2014-05-30 20:00:00,DEHM_noBD,0.22176800762587856,0.48363895694481773,0.2664442655926197,2.908092655128936,0.8856161094375745,1.4016549297572216,1.9540624325237288,0.1334972276554933,0.17130354342079485,0.20970123116221795,0.11131981961085556
2014-05-30 21:00:00,DEHM_noBD,0.23178046226767704,0.5725796577574587,0.25814531892952375,2.6944773934130217,0.9481002426185855,1.6238374292070956,1.8889117599458252,0.13053886745726417,0.17504095465295114,0.2103622702855505,0.10411094247881635
2014-05-30 22:00:00,DEHM_noBD,0.193460831572695,0.5188914032486751,0.2544441562145248,2.308513044902554,0.954650800838198,1.8824644335026366,2.1443753700451507,0.13139188790460363,0.17854444154847393,0.2111203025656831,0.09666116357100163
2014-05-30 23:00:00,DEHM_noBD,0.2571306292732768,0.4760270980288921,0.27767701592777844,2.4384222403302718,0.9290988133276997,2.061705342274137,2.4408941237050787,0.1299747329577267,0.18300649453785145,0.2289709793135588,0.09152889725611146
2014-05-31 00:00:00,DEHM_noBD,0.35384039753132485,0.5085860910927993,0.34912350571839135,2.742244877835285,0.968001827202884,2.166578248437562,2.647820310658129,0.12586276196159274,0.18973376180643536,0.3256280377707906,0.08738085457865485
2014-05-31 01:00:00,DEHM_noBD,0.39785136518721576,0.4973053040310508,0.40998568998891854,2.994539750445712,1.0474224361658746,2.236918010463273,2.8060879320337593,0.12861099263481426,0.20652097586636614,0.6578375779967153,0.08413332297062019
2014-05-31 02:00:00,DEHM_noBD,0.4158671754722181,0.5598484954535029,0.4135584000298753,3.1493660975893754,1.108563948856308,2.297956779805147,2.8380177044609063,0.13681392403161433,0.2456620009270409,1.0829934001053123,0.08239209242428167
2014-05-31 03:00:00,DEHM_noBD,0.4355416879111749,0.5543991516189648,0.39376279018772764,3.1168590160540735,1.1733481413563258,2.295647457960027,2.7094393762133846,0.1396837945534702,0.30583600808074474,1.0619780918318777,0.08228184199686608
2014-05-31 04:00:00,DEHM_noBD,0.5119538199742929,0.5121581849094154,0.375320616321545,2.538527380631629,1.1337309466501777,2.074925120999246,2.2765318326958295,0.14104509606711027,0.3744289223791619,0.9355582326525449,0.08381167281600167
2014-05-31 05:00:00,DEHM_noBD,0.6330944059189733,0.43292665600488195,0.3662325193794629,1.7694686930912207,0.9974603940768634,1.6639785795157762,1.6788362828376255,0.13997336360816684,0.4288540230006462,0.7892370064651406,0.08528277980970327
2014-05-31 06:00:00,DEHM_noBD,0.6531558705410174,0.3854907916935277,0.3545435962341538,1.438329375520709,0.8031325409841095,1.232498454361122,1.264617540612585,0.13857492333975852,0.34595754383877286,0.6687772860919499,0.083772632470941
2014-05-31 07:00:00,DEHM_noBD,0.5912527186840305,0.3660962745647714,0.3191676675487914,1.1057089607852792,0.6801010997414937,0.9139478533331287,0.9837096079368841,0.13827801241423748,0.24207367932887458,0.6597440837389883,0.07977639758017374
2014-05-31 08:00:00,DEHM_noBD,0.5642710886838845,0.3520563502410566,0.2655764239934831,0.9850153495838158,0.707212801888045,0.7825455343444179,0.8811860140452042,0.13774177307566732,0.19724275539641792,0.6979008434825296,0.07469020981041356
2014-05-31 09:00:00,DEHM_noBD,0.5916264404944516,0.32512122942911925,0.2136951091767567,1.0196226185562984,0.7720175090940669,0.7583648653457989,0.9399618549826043,0.13686392084713433,0.18627824452066058,0.8408810978661734,0.06966032284515843
2014-05-31 10:00:00,DEHM_noBD,0.5906452072650565,0.29005730457021844,0.20394732663706874,1.0383379654705132,0.7968751181271672,0.7602144164912541,1.0830383962662629,0.13555669875393137,0.18278534655431383,0.8262077671350259,0.06398361104635504
2014-05-31 11:00:00,DEHM_noBD,0.5536938118804525,0.2892122326183946,0.2656124318062327,1.1004613649431754,0.8010386897415014,0.7956750092023867,1.1216621108128253,0.13526893367169876,0.1896860034172189,0.7349507948571257,0.05835394488560321
2014-05-31 12:00:00,DEHM_noBD,0.5596067424790933,0.2369903795071598,0.36422465374058105,1.2575821943316614,0.7913386436953023,1.0106426417673937,1.1355786614288028,0.1349848342725249,0.20768497105674805,0.694881567312791,0.054385471063838495
2014-05-31 13:00:00,DEHM_noBD,0.5341113953972327,0.2074849720407881,0.44038542035610406,1.411555408999896,0.6704498280339455,1.2786011970126698,1.1366267894280138,0.1344895207400852,0.23238505857771494,0.6350054177229897,0.051623361914878416
2014-05-31 14:00:00,DEHM_noBD,0.45330873614669304,0.23038630255825102,0.48404528034729877,1.4263998280641843,0.535820349513064,1.3820784199427942,0.9985611544014431,0.1355619030474916,0.2666700771818006,0.5513346075812029,0.05006116786602529
2014-05-31 15:00:00,DEHM_noBD,0.39640092248101705,0.284087545394562,0.5087651939712278,1.3042255127936755,0.43315614985509776,1.1964692631355822,0.8011898824365205,0.13674399103916812,0.2745786634508565,0.5600869097219151,0.04931095330250369
2014-05-31 16:00:00,DEHM_noBD,0.3453269311245087,0.34316684134880765,0.51969551314353,1.1179588235193008,0.3477299730292706,0.8119254935820749,0.7342588413768966,0.13818210450349713,0.2689016497361281,0.6365388881370937,0.049455942378215205
2014-05-31 17:00:00,DEHM_noBD,0.2801882626706104,0.3931330826797148,0.5149060856692632,0.8262020374626647,0.3186176995705625,0.5458056846310212,0.614909435542312,0.13907005714657134,0.2636858322495532,0.536583997195051,0.05155252593945048
2014-05-31 18:00:00,DEHM_noBD,0.24026357257080017,0.4791727418437529,0.5273320788510375,0.6424258780855666,0.4079512955668265,0.4223749112651328,0.7566035853404169,0.1378061590593098,0.2608425473407445,0.438224506137039,0.05223887099928716
2014-05-31 19:00:00,DEHM_noBD,0.2339894646066216,0.5601666641123313,0.5518436002221749,0.7747794545646394,0.6674444487992324,0.643942993002684,0.9000738561810739,0.13517015487173456,0.2582220266076773,0.47368109688640236,0.05405967620701019
2014-05-31 20:00:00,DEHM_noBD,0.23718530713383862,0.6302558266246563,0.5723395863171061,0.9996285617977152,1.0028959485563078,0.9472399320785501,1.012340698719375,0.13597396781041116,0.26554178424724795,0.6933860395817356,0.05368157341884665
2014-05-31 21:00:00,DEHM_noBD,0.24281847152369423,0.7341250529462028,0.5976090963171561,1.1049771785428177,1.460232378686259,1.3976172329233139,1.3883258988490135,0.12976488560957486,0.2780666743833383,0.9021811678176536,0.05246257266328959
2014-05-31 22:00:00,DEHM_noBD,0.2639401946711678,0.8126906506106815,0.6132909288994758,1.3986707731290173,1.9704683317725875,1.947358604374566,1.8651862181140297,0.11972852460569061,0.3189059547094799,1.0577062146289018,0.05388344800227211
2014-05-31 23:00:00,DEHM_noBD,0.26883381923837585,0.8731875974735431,0.6110680478776758,1.8307536707784828,2.39676786813223,2.4870611095245874,2.277279902470754,0.11423784155450852,0.35065487599294626,1.138731524097492,0.05952871537504477
2014-06-01 00:00:00,DEHM_noBD,0.2761548666402767,0.9005695594901229,0.5861874025170876,2.3481551826790534,2.711653588006011,3.062354965919469,2.658629596906916,0.11192658939835678,0.33013171225527094,1.1633097805342802,0.06939130382606595
2014-06-01 01:00:00,DEHM_noBD,0.31290810370794486,0.973711954251125,0.6099207872105017,2.830097522972286,3.093206544603165,3.619365578570475,3.099396451395904,0.10946648020149102,0.29257713679690794,1.1746672856003753,0.0814577654066364
2014-06-01 02:00:00,DEHM_noBD,0.4120930917636583,1.036375993621809,0.6310518076079792,3.2307188922338037,3.5263399337946426,4.185001281971658,3.6635558132518917,0.10638868237715256,0.27852063455970233,1.149020940643874,0.09166375634596098
2014-06-01 03:00:00,DEHM_noBD,0.43874252059472724,0.973658130285562,0.631120174281576,3.5401841346927334,3.864451299399021,4.664279266979937,4.256232052072649,0.10424113927715559,0.27719860600219803,1.027805227361301,0.09777645716550637
2014-06-01 04:00:00,DEHM_noBD,0.4711096655797863,0.859116953702811,0.618318377232371,3.261069005864534,3.9154940528087945,4.7689344519090815,4.368744548405348,0.1105093888900929,0.23452670403791856,0.8231673321022177,0.10431317230478332
2014-06-01 05:00:00,DEHM_noBD,0.4224773403786308,0.9321507331460808,0.5737903434611682,2.655880782500806,3.4572659029776536,4.281187880720214,3.82627789509352,0.11889103546419527,0.18407417185346528,0.5561172051256635,0.10620966808863211
2014-06-01 06:00:00,DEHM_noBD,0.4225891200876608,0.9037725005884585,0.565722497472501,2.8176077795959293,2.8203670509552534,3.636158172770333,3.8989709096823617,0.12131590375445886,0.15326932007875513,0.3861972207155294,0.10730759651346114
2014-06-01 07:00:00,DEHM_noBD,0.43140758447343486,0.8574121656081994,0.6155988748907042,2.8678210056701476,2.44573555046238,2.8583175487461316,3.427194011709304,0.1243018564059398,0.13228947931930654,0.3025584489968103,0.11046324088774137
2014-06-01 08:00:00,DEHM_noBD,0.45477420841491784,0.7631018020914101,0.6758824843168372,2.890377666490597,2.0494196655250714,2.2636385306992937,3.3049236673323485,0.12632428370404514,0.12276238644732741,0.21728392751321535,0.11334376860594945
2014-06-01 09:00:00,DEHM_noBD,0.4675468551018275,0.6678966911576647,0.6993719592635941,2.9740318901817964,1.773469265151825,2.0774512956836353,3.0692954629230873,0.13067885900889048,0.11826687814778931,0.1423210228896815,0.11454224099280362
2014-06-01 10:00:00,DEHM_noBD,0.47045040850689623,0.5710217137717927,0.756651819154849,3.2705067538502184,1.4953339487717674,1.8873037961050496,2.565788664240742,0.13653169531594017,0.1121989538202241,0.10278337433523946,0.11454439968465731
2014-06-01 11:00:00,DEHM_noBD,0.5307884059079176,0.38775131213403413,0.8224054498236584,3.207309598734562,1.302154111373322,1.802522768692975,2.1570072004304404,0.14520360176349972,0.11182046233796036,0.12761073644973447,0.1159003955388493
2014-06-01 12:00:00,DEHM_noBD,0.5802086109075508,0.28846526518718585,0.7845991891622203,3.22280452538965,1.1018596803330816,1.68998753277295,1.84265618867621,0.15638984458464422,0.1149586862701495,0.19502175102459257,0.1154420472382683
2014-06-01 13:00:00,DEHM_noBD,0.5618460890642926,0.2746530466892184,0.641256827713065,2.7122773687689223,0.9873017122562415,1.53543253785342,1.744350790757698,0.17070497463329673,0.11305412823618265,0.18866503545447352,0.11426578384210526
2014-06-01 14:00:00,DEHM_noBD,0.5270151001819409,0.2681900638977839,0.5156209351121802,2.0047809413671622,0.922545676400028,1.3672917753623868,1.820400613557502,0.18363581946575533,0.1041894293810967,0.17107653088194993,0.11269783065960098
2014-06-01 15:00:00,DEHM_noBD,0.48259240212843746,0.26713395038631826,0.5384707240850455,1.877293336488334,0.8170573473242901,1.139279862900538,1.9602856710271663,0.1827427645686779,0.10610978822513924,0.1574215809654781,0.11181467781523816
2014-06-01 16:00:00,DEHM_noBD,0.4380715800270856,0.3139513017430695,0.49014728798825813,1.878433172999973,0.7421557648930883,0.9793377430209012,2.0119571322589085,0.17791791783864608,0.1109504249897784,0.15606128206124992,0.11129969879462076
2014-06-01 17:00:00,DEHM_noBD,0.41185636147587085,0.29038048740554057,0.41066908854742756,1.864924313344368,0.7580938971448503,0.9016835927326173,1.8966579039337854,0.1770234035618835,0.12414566406591114,0.17152936921473813,0.1118632472808274
2014-06-01 18:00:00,DEHM_noBD,0.37712440284652626,0.2710465802682401,0.3825160836001468,1.737023007063293,0.8308197055679233,0.965015952310827,1.8173254021218048,0.18478685537216008,0.16331708334321335,0.18239798870271584,0.11224032786168849
2014-06-01 19:00:00,DEHM_noBD,0.34387920398744276,0.33855328117874656,0.3822026727923998,1.6880371025019003,0.9570552066072682,1.2411996811675063,1.714555939718144,0.18958140449174324,0.2060523208065203,0.19840622208911074,0.10960220584549277
2014-06-01 20:00:00,DEHM_noBD,0.3182033609766326,0.5964397816657405,0.4052767788245001,1.76329057698644,1.0373420255893282,1.4700544634212205,1.6502212446329738,0.20648853467792883,0.22697721354313413,0.21133988971141573,0.11079129957356358
2014-06-01 21:00:00,DEHM_noBD,0.3006131769886845,0.8332846233627295,0.43861911433944345,1.860110245932487,1.1297902448843162,1.847613696593894,1.7200503277081027,0.21186393023292652,0.21429985750407352,0.22909948780039463,0.11255025038841164
2014-06-01 22:00:00,DEHM_noBD,0.2877135166668192,1.1272437956928094,0.5843680754657207,1.940369871766897,1.2787923202786293,2.2495841388687534,1.9191584274323277,0.19362988693767216,0.19518755826023765,0.32520705500489155,0.11523614465055977
2014-06-01 23:00:00,DEHM_noBD,0.2806376073222351,1.5044221015614994,0.7234103944673197,2.1608445282811006,1.4665246788346382,2.5386388291813473,2.256690111912298,0.17392043514558392,0.1793494097920275,0.6122120864073312,0.1182268035572999
2014-06-02 00:00:00,DEHM_noBD,0.3264287761002801,1.8234170507954959,0.9372447392281825,2.5786356181414627,1.7437772982560449,2.8529923786566194,2.600002926133656,0.1650357668238569,0.1663496406530405,0.9814857410033877,0.12196833386837493
2014-06-02 01:00:00,DEHM_noBD,0.5623145662105141,2.0577947023963126,1.1460493777143441,3.0384530753498415,2.212485489382589,3.2595986989601693,2.9375687680268423,0.1641028163024887,0.15604441501158928,1.3042013909275219,0.12557225896965707
2014-06-02 02:00:00,DEHM_noBD,0.9450155162110284,2.2067171651875888,1.4169918564395398,3.494131814133355,2.7386390007749473,3.62835845294978,3.3620710539540197,0.16242750652025084,0.14787331507960388,1.5344141295968432,0.1288162410526535
2014-06-02 03:00:00,DEHM_noBD,1.0205883915544294,2.2021713381692924,1.6905673439416455,3.87776774684132,3.1958137521006567,3.879663237506083,3.7689703768971885,0.15786903961990248,0.1406018414263591,1.6563592768992832,0.13177737597344427
2014-06-02 04:00:00,DEHM_noBD,0.9161282216196669,1.9471630554837036,1.8276647878026475,3.597299626306795,3.420874547597869,3.735098279465226,3.719405096082504,0.15773938496924225,0.13342127164583775,1.619245761604453,0.133813143562842
2014-06-02 05:00:00,DEHM_noBD,0.7623998580138652,1.5309750907552198,1.9431404188489316,2.915891686169533,3.453842859301516,3.353376934546569,3.4673253943209845,0.16603101570505407,0.12772987461511578,1.4030556000773209,0.13213614912684998
2014-06-02 06:00:00,DEHM_noBD,0.6396284788127895,1.0354628341003371,2.0303408087290498,3.2009775112505516,3.3619950995894325,3.357908621847927,3.654116720178604,0.19160366161964276,0.12084327312729448,1.0543926052331867,0.12686885428679165
2014-06-02 07:00:00,DEHM_noBD,0.5152821045778969,0.5701132293744104,1.6709373146366058,3.68022583413135,3.3467119973287116,3.4924261148012934,3.8257415233749352,0.19766358849984586,0.11532161642979903,0.8852152245141403,0.12057640170905719
2014-06-02 08:00:00,DEHM_noBD,0.332466721224999,0.4035790608426694,1.1958869032009634,4.113573293705016,3.291314391621225,3.6067366662013085,4.118527168332929,0.15923911836712992,0.11235476681270391,0.6396251119216437,0.1158500201482882
2014-06-02 09:00:00,DEHM_noBD,0.31445896889783437,0.26968439135014766,0.8728180656451696,4.216709498502722,3.1710249050214605,3.2314970449582265,4.201131263815731,0.13793061543304583,0.10942333332520433,0.5388213594974857,0.11408944143832649
2014-06-02 10:00:00,DEHM_noBD,0.35433059786277415,0.25303493836095076,0.7092505706661183,3.61027974048011,3.269765397306634,2.990976727546254,3.6538407876305574,0.1282392175154538,0.10652396449772834,0.3355497055815508,0.11592516037276465
2014-06-02 11:00:00,DEHM_noBD,0.36326329337940194,0.27004303217316034,0.5680299366887659,3.328108749508462,3.6657235924496216,3.251176192378364,3.759128480089812,0.12755459435281327,0.09081818649822898,0.18315637097010373,0.11654681735325578
2014-06-02 12:00:00,DEHM_noBD,0.38040534565227574,0.28797971864355715,0.40752030965585145,3.319106004478913,4.007306018047091,3.5164712812487795,3.9753141025966574,0.1287070844437227,0.0747841874311572,0.12738034007931348,0.11460445548326231
2014-06-02 13:00:00,DEHM_noBD,0.40727659256667825,0.24967761442477343,0.3058960589794726,3.495205476822965,4.195737207514085,3.753135185176218,4.038408246639365,0.1293398711230884,0.07419048069392206,0.11057968712011929,0.1124277894747372
2014-06-02 14:00:00,DEHM_noBD,0.4262637937427312,0.21998064211936663,0.30033287369576156,3.663220405822095,4.29772845846869,4.064433357893068,3.9644338759407933,0.12960041366703792,0.08107844069337602,0.10091203290301946,0.10974590814426881
2014-06-02 15:00:00,DEHM_noBD,0.4251708250582683,0.20088125854739203,0.2254333925413634,3.802289519590352,4.355126573620812,4.391378228894707,3.9343911877697035,0.1296265900237065,0.091623224306675,0.08657962574251384,0.1062253279783602
2014-06-02 16:00:00,DEHM_noBD,0.41553888510033476,0.19272839196947036,0.17691845777613094,3.8585462458028346,4.339849243775109,4.630817997063466,3.9993557708387724,0.12811313710577296,0.10078915586035556,0.08565369497244546,0.10326392763088264
2014-06-02 17:00:00,DEHM_noBD,0.40300599989050057,0.20076633856107262,0.32129659666685373,3.7371080147164255,4.253543372882581,4.706259903500694,4.004673301120983,0.12713500954142523,0.10234302919454974,0.08171800627899381,0.1011935725097257
2014-06-02 18:00:00,DEHM_noBD,0.3803551322831679,0.21961942192487358,0.28319795148870885,3.4689868669413584,4.043624830917742,4.6701809853069705,4.03845203216794,0.12936534122863544,0.09706047507509301,0.0929706220200948,0.09703255517984581
2014-06-02 19:00:00,DEHM_noBD,0.35183981584606683,0.3067340195334975,0.38343218797231543,3.912612979725551,3.687802323484446,4.573008462868575,4.505862860613819,0.13400331281255703,0.09920592502168864,0.41519256009772476,0.08808966730498655
2014-06-02 20:00:00,DEHM_noBD,0.3253178094985707,0.5579987973538043,0.810181193738031,4.1081665037653545,3.5826295844457765,4.870087211343021,4.673659085690767,0.14877335337574155,0.10121930095036548,0.8663197287802379,0.08138351610274414
2014-06-02 21:00:00,DEHM_noBD,0.3174801057015918,0.7011215661155031,1.2106451190376994,4.210026520747936,3.9207479301202435,5.768854793631685,4.790070023795385,0.1625132500863896,0.10234107625061074,0.979045563114989,0.07896898540545393
2014-06-02 22:00:00,DEHM_noBD,0.4584996585897495,0.982940952944542,1.3510309453418339,4.348323663129838,4.19695536052159,6.950266447562991,4.879445758343935,0.16757667191428627,0.10575008489361137,1.1370587875800073,0.07721842684201469
2014-06-02 23:00:00,DEHM_noBD,1.1714563264947593,1.2300045855572035,1.5312256703121718,4.642601899855336,4.711463781166026,8.040600090543958,5.182055040891528,0.1621009611893524,0.10924778911192262,1.2979780822453584,0.07579536194807437
2014-06-03 00:00:00,DEHM_noBD,1.6012163465043716,1.2667339665030914,1.6700111116954743,4.801330067159476,5.2675018486843985,8.859440732087126,5.8960139638547915,0.15046678903297256,0.11189794120213642,1.3221450444836294,0.07433285503619098
2014-06-03 01:00:00,DEHM_noBD,0.9410201933106674,1.279904380276499,1.7413639791625297,5.105541612267209,5.860352633395912,9.638110096119231,6.514331679432501,0.13683609676607328,0.11226368621485093,1.1189517870590642,0.07324764959742279
2014-06-03 02:00:00,DEHM_noBD,0.8227433786252116,1.278575508497574,1.697266223508861,5.680360961013597,6.020810231879214,10.270563547382592,7.354984758004036,0.1229417467636121,0.11432201566645879,0.6623779224962663,0.07501813366102358
2014-06-03 03:00:00,DEHM_noBD,0.9354774359984743,1.1093004893209355,1.81935332612872,6.156392538636968,5.75549627105854,10.161574306132865,8.771641284540737,0.11625478916163347,0.11243909065879357,0.23425567090085556,0.08266236100400463
2014-06-03 04:00:00,DEHM_noBD,1.1496625855909148,0.6354046368311319,1.9090215802360344,5.936265616688204,4.819412451167841,9.057746515559547,9.750133568545138,0.11986929434330837,0.11613696718809177,0.14065400245320742,0.09187483930092114
2014-06-03 05:00:00,DEHM_noBD,1.2162967410105303,0.2308998890321159,1.7207752849203657,4.060523130667205,3.4952865735375394,6.974222738288835,9.202499402280239,0.11856708046497867,0.11837712887940766,0.14163300806736565,0.09786641768634433
2014-06-03 06:00:00,DEHM_noBD,0.8442181600981811,0.13161742842855792,1.5372664989921985,4.163609278418307,2.9961881010845586,4.9320913377207,9.562420986886204,0.11549026143808955,0.12039282946092592,0.1490389263451471,0.1079807312854018
2014-06-03 07:00:00,DEHM_noBD,0.2406712469391733,0.12425252322293928,1.0586398599917288,5.032620897900809,3.022154833983695,3.8741222547649334,9.957188688671405,0.12000156683578148,0.1260315145627601,0.16743308369589024,0.12464476275343436
2014-06-03 08:00:00,DEHM_noBD,0.17397633359113227,0.2567239713566236,0.39865083642564475,5.671764424657831,3.265612778237248,3.7652462807642575,9.491053861480708,0.13511498770365482,0.13436597311893703,0.18532520261203625,0.14778934684124057
2014-06-03 09:00:00,DEHM_noBD,0.17498033858215778,0.5223423624317719,0.3220192096380934,5.706771426183767,3.4921079656200757,4.568099908131687,8.116015909939874,0.1514826776318996,0.12940089001871635,0.187398678141291,0.1810803562834741
2014-06-03 10:00:00,DEHM_noBD,0.17530059771427411,0.4708260419538546,0.38074249356513834,5.027664708121,3.694186930571571,5.181829932109611,6.405428745859098,0.15907513190818948,0.1278371089371734,0.1888180056390497,0.21461349221805573
2014-06-03 11:00:00,DEHM_noBD,0.21502124984739338,0.3958196988907141,0.33781790317834803,4.927440889717368,3.8969521742999556,5.179296001327755,5.585210828715256,0.15642377803606905,0.13434304168749234,0.1894901898526259,0.22501519760578395
2014-06-03 12:00:00,DEHM_noBD,0.21730348459730847,0.21610925442477683,0.3217680837124795,5.071023969657104,4.239597963854894,4.867281563546047,5.450416476984154,0.14442581870323964,0.14896174142883145,0.20913075132152645,0.22640389263264826
2014-06-03 13:00:00,DEHM_noBD,0.20453030258243887,0.16602579498885542,0.3247331251845693,4.916211774394719,4.033442471311559,4.686316747229383,5.372702446420686,0.13286268278511226,0.17477120119637501,0.2188861641120161,0.2164097372223784
2014-06-03 14:00:00,DEHM_noBD,0.18672180872501792,0.17366708581219822,0.3099006177844223,4.589795131478656,3.1880163840253366,4.439870257903431,5.101610527592322,0.12497419130995267,0.228933684279638,0.22452982718589104,0.2074353782098902
2014-06-03 15:00:00,DEHM_noBD,0.17354466777602198,0.16982922771710943,0.3102180649258929,4.237202318109297,2.3824312931727523,3.992676765409982,4.9453090128740005,0.11968378108418763,0.26143832103487785,0.22025190510041842,0.20579315755007072
2014-06-03 16:00:00,DEHM_noBD,0.16698986359240944,0.16926743403685263,0.3191632175056774,3.7930151604876032,2.056191265761265,3.299837802548336,4.889338117037419,0.12186996844312395,0.22154151696131993,0.22698247995205573,0.20879951584328652
2014-06-03 17:00:00,DEHM_noBD,0.16978274595893567,0.17166932122215275,0.3059861412699028,3.3023191138892156,1.929852868512513,3.2629312851429573,5.040605633819192,0.12216587603000921,0.17758013891847907,0.24525055159775044,0.22014746989108613
2014-06-03 18:00:00,DEHM_noBD,0.18000714132758733,0.1737269821432517,0.29141762347092914,2.859636208985865,1.8030045171519555,4.716149985527177,5.826348069468811,0.12362942505020919,0.16485810598919226,0.2668974327565422,0.24640176213640705
2014-06-03 19:00:00,DEHM_noBD,0.19907038277586447,0.17985758919201308,0.33383683815049175,3.5589248998653287,1.7788816015932847,6.41334242558185,6.949818542301042,0.12354356902394831,0.16647982152930754,0.29045582951525656,0.2655524553295968
2014-06-03 20:00:00,DEHM_noBD,0.21857049771140546,0.2574930082303249,0.4032300817634543,3.859872580874189,2.1141959961205883,7.638425763888166,6.901760164319523,0.12706282264756968,0.16809877205910292,0.30149714213519857,0.28258911379713075
2014-06-03 21:00:00,DEHM_noBD,0.23241727545350432,0.33397080663771395,0.5872495411986453,4.300295521701914,2.9276918004701233,8.743173169495158,6.994679450662268,0.12895049872593695,0.16786794560843254,0.30312475046498627,0.29755366181652976
2014-06-03 22:00:00,DEHM_noBD,0.2404691825024317,0.40902359276809486,0.7764234078579857,5.120547114483116,3.7503051100643128,9.8153064035707,7.542436716187851,0.1284155205555064,0.16456009304478952,0.29399306994820357,0.3027520171992478
2014-06-03 23:00:00,DEHM_noBD,0.24079095271577117,0.5431947147517258,1.036372878070574,6.276863933530118,4.519802324844879,11.081573030310707,8.76758733744191,0.12567404889257877,0.16407335949520585,0.3066062391431475,0.2920875197026692
2014-06-04 00:00:00,DEHM_noBD,0.2322184899609255,0.7380594644666832,1.1549279665785148,7.763576687743389,5.243022442235792,12.214127802934014,10.293086070403358,0.12332747359149958,0.17280993739326575,0.397783958871468,0.2696474337859264
2014-06-04 01:00:00,DEHM_noBD,0.2421541364726189,1.0221248984188047,1.2312286842144786,9.52107677693697,5.867629622008789,12.779786364710496,11.28606972024573,0.12133457014558063,0.1836457966328394,0.5017531780864706,0.25135018412042404
2014-06-04 02:00:00,DEHM_noBD,0.26053326584060194,1.4835711057909622,1.4318874088216986,10.569052332351738,6.4292170486321325,12.853583999449333,11.70633770536751,0.1202259637814333,0.18484197263344476,0.5348395151688341,0.24698625769793983
2014-06-04 03:00:00,DEHM_noBD,0.2860669350241217,1.8297022670041583,1.6882389161169282,10.462166284891989,6.959329290926146,12.62105284551482,11.712049725403144,0.1188708381485479,0.1844132892790738,0.6112498675393515,0.24040223357588034
2014-06-04 04:00:00,DEHM_noBD,0.35874386071740394,1.7627709731479289,1.8818370954704593,9.58108688776194,8.051563994051238,11.761127658912587,10.929393859212823,0.11336267572076143,0.18523222597397446,0.7887029498283347,0.2333312487963213
2014-06-04 05:00:00,DEHM_noBD,0.48341915665510393,1.4527604441378996,1.9678231488772993,6.563669193511831,9.218733521677098,9.5766785754806,8.857735512302257,0.10682934505760397,0.18633615152263427,0.8067932715545878,0.2283336326996235
2014-06-04 06:00:00,DEHM_noBD,0.534967536919327,0.9949104079841967,1.9066650310180955,4.186701013956172,8.260132869505963,7.636833647940946,7.350316563635743,0.10695989349180694,0.19265207251886513,0.7146658746224654,0.22556332638658566
2014-06-04 07:00:00,DEHM_noBD,0.554844527856083,0.5942167221070778,1.7961393375806771,2.489394544196074,5.959514485034931,5.082910379166559,5.002382489406534,0.11726425163143836,0.21337263493880157,0.8596643762066016,0.22604257125187657
2014-06-04 08:00:00,DEHM_noBD,0.8007056948230731,0.45271169103786774,1.8084818928769288,1.2768612415605833,3.7034203059358872,2.3720607028597014,2.436481224430556,0.12826441537456118,0.24183346037603418,0.8995087028458155,0.22370186804294567
2014-06-04 09:00:00,DEHM_noBD,1.0108840708283453,0.5090733282124291,1.9757501477891593,0.675507703800706,1.7538473139842206,0.9186979103947019,1.2341488603491553,0.1409121633180143,0.2794198389997175,0.7477633625530824,0.23010006142437442
2014-06-04 10:00:00,DEHM_noBD,1.2563515320632443,0.5853058568691007,2.047552336554203,0.4965773532751405,0.60939819099823,0.317848495164159,0.7131482189308628,0.14120257206963593,0.30415275231563116,0.6555101614940702,0.2501505057397484
2014-06-04 11:00:00,DEHM_noBD,1.389591315899264,0.500988218873312,2.0034041141711834,0.31623552481560613,0.23059309202021433,0.1780702461142375,0.3363175011124132,0.132797420687042,0.27578016074013995,0.5598459228834372,0.272648308764696
2014-06-04 12:00:00,DEHM_noBD,1.2376401114217344,0.531348263214121,1.7888154267411733,0.20591207943262646,0.15499936357211774,0.13427315939012605,0.0876861705186197,0.13564487753500223,0.27389193626603575,0.4439008121958653,0.289038256433755
2014-06-04 13:00:00,DEHM_noBD,0.9476559569335473,0.517879447904555,1.5559798379513818,0.1830481383309146,0.11040516432828257,0.09914881559587331,0.10761808829646952,0.15075074499025917,0.32132136832267966,0.38254480311413397,0.2993800425781308
2014-06-04 14:00:00,DEHM_noBD,0.7609091943589341,0.4159627262143044,1.2075048746060222,0.16345509253444548,0.09367357458736272,0.05637142714255265,0.11843269734254333,0.16376108122654237,0.28358832659667343,0.32635972820002107,0.30033254856549196
2014-06-04 15:00:00,DEHM_noBD,0.5883363839096878,0.31831529907825623,1.0291766665981539,0.1678297795563581,0.102809325607696,0.04008724131249089,0.09102688283735752,0.17801744223788368,0.21557557539107272,0.3004463462482905,0.2947947278742491
2014-06-04 16:00:00,DEHM_noBD,0.4717183294830866,0.32399505498957454,1.1275994210652553,0.09312049529583814,0.13790815434665635,0.04937178715758492,0.061838990908474015,0.1994349658324336,0.1789207289392396,0.2657673198624257,0.2774373943926392
2014-06-04 17:00:00,DEHM_noBD,0.37885768328248515,0.4883718955794686,1.0364617851516742,0.05160635947661543,0.18328869080009866,0.04648834557745661,0.04431358406748956,0.262829217333903,0.17367292431042872,0.3260493433712794,0.2697195658110826
2014-06-04 18:00:00,DEHM_noBD,0.32414741119789064,0.6116352598506398,0.9443939043008309,0.04069575969464518,0.27179672124541815,0.0420670559954019,0.040353916018285016,0.3109033575936778,0.17878302728851625,0.466890932540819,0.27698337994694705
2014-06-04 19:00:00,DEHM_noBD,0.31381274034500223,0.8872335206934476,0.8848582526983922,0.04511794453055639,0.3758627510378043,0.04899046619301217,0.04121430258098329,0.3092400095331296,0.1826489733962283,0.6647639177410304,0.28887998382970675
2014-06-04 20:00:00,DEHM_noBD,0.36322016410480934,0.7855172473893186,0.9434525258649903,0.05531330410703791,0.4828878715424145,0.15425847955047298,0.04693455845113275,0.2966529575427062,0.19856252865932864,0.8014244618850945,0.31206866452261794
2014-06-04 21:00:00,DEHM_noBD,0.6440732860823346,0.5531579590305121,1.4737056527715562,0.08465815577602279,0.38872155722027646,0.6263675364558773,0.045056602782943794,0.31576500715440126,0.24320300032744338,0.7832000898653269,0.3600091106459497
2014-06-04 22:00:00,DEHM_noBD,0.8671359261471032,0.5968999614804693,1.9491797356919474,0.5813250484117989,0.3381141269463299,0.9085029281052537,0.5275417020142366,0.37067693222953,0.319429772482034,0.8833103784227371,0.3896242343509195
2014-06-04 23:00:00,DEHM_noBD,0.8926761726361512,0.7333194426592948,2.0544179541182417,1.259974070972785,0.304916707419399,1.5798341029895515,1.4559073835434875,0.45439904507137824,0.3361370588404756,1.0777863079825043,0.3927498338404297
2014-06-05 00:00:00,DEHM_noBD,0.9664231644666195,0.706553772807093,2.0866241066394573,1.7335703172874979,0.33049066648703523,1.443337706179187,1.8110424884853888,0.5214932892072199,0.32813263322632746,1.220672634833157,0.3901705698797106
2014-06-05 01:00:00,DEHM_noBD,1.1136033180829883,0.7706330649289223,1.9491624440939175,1.5849120805851684,0.3699210174959292,1.1198947989430013,1.3846995862352802,0.49587731583528216,0.42847693935887876,1.2611501761845498,0.3923619299814104
2014-06-05 02:00:00,DEHM_noBD,1.3097367135854066,1.0448357012250367,1.6598883139114307,1.070443106195401,0.40467165616453155,1.0361857118779918,1.2538738289822833,0.4047049081843346,0.511215270743966,1.1412251974924654,0.4078281178218125
2014-06-05 03:00:00,DEHM_noBD,1.283464163853675,1.11524669801021,1.3144047099006602,0.6936612881981951,0.4778574049218836,1.0291162164399401,1.1421557155949786,0.30159598855186237,0.5680341977722941,0.9796044284212588,0.430677225229293
2014-06-05 04:00:00,DEHM_noBD,1.1339895170018075,1.04932892005085,1.329441757107256,0.5197351778455032,0.48775459549992806,0.684013891419953,0.6812149074208182,0.2559221977816521,0.6277067887327821,0.8778488476959989,0.4429257261248676
2014-06-05 05:00:00,DEHM_noBD,0.9886903509128093,1.0184953030583728,1.1860304399118853,0.35446776462134577,0.42739290277745323,0.4088793424764887,0.366668166135333,0.25818754553720347,0.6919158156543598,0.8229412443205899,0.435852660511583
2014-06-05 06:00:00,DEHM_noBD,0.8875632664763555,1.0842759925644239,1.1460163265005079,0.3473897800373477,0.4219162394566972,0.40944355916904457,0.34520478736279125,0.2927494895227252,0.7456896644854266,0.7735436080131679,0.41804942742157714
2014-06-05 07:00:00,DEHM_noBD,0.7833650172711164,1.0617746506378054,0.9828708585509145,0.32273358180401396,0.431433969362229,0.47602483751808267,0.3667962961968695,0.37252268683724094,0.805075105880373,0.7732407882991433,0.38497428525103244
2014-06-05 08:00:00,DEHM_noBD,0.6319309819581498,1.00232349204008,0.8744563276033988,0.3122123550017113,0.3130563105032219,0.48487368462421926,0.45039139412438434,0.3529852847110479,0.8387202317475644,0.7264871214585564,0.353842095647673
2014-06-05 09:00:00,DEHM_noBD,0.526841442525722,0.6472382698031143,0.848082565837056,0.3726999644641089,0.18637609842991448,0.32675659879373725,0.43346098836272834,0.3143565173164754,0.7873005917822476,0.6574555217080749,0.32782168845724313
2014-06-05 10:00:00,DEHM_noBD,0.4738204508315724,0.4862675756254512,0.8374865253062233,0.41278142296906384,0.23639810332585115,0.18360264708237248,0.4593085694710013,0.3501591551660746,0.6266310335968807,0.5678756618191999,0.31855325189037703
2014-06-05 11:00:00,DEHM_noBD,0.44922090670737436,0.7196390373965073,1.0875477561422413,0.3755159644644223,0.3541077663697488,0.20945145175919266,0.32619357918466435,0.41547511438149953,0.4946013679256289,0.44672391969921055,0.31135808934535236
2014-06-05 12:00:00,DEHM_noBD,0.41334139603199893,0.5774778681889547,0.9274332117454562,0.2578403043855348,0.44287388257373106,0.30524597901588174,0.1922720636620471,0.4429357824753037,0.4684278134096413,0.3514084760673623,0.3167168984686406
2014-06-05 13:00:00,DEHM_noBD,0.3907403514475934,0.3457474931476077,0.16956866919495964,0.23927179546384714,0.5075825059362127,0.3927073692641452,0.33009887422532874,0.46093323398513714,0.47347330138519395,0.40066677100818593,0.35083642821205224
2014-06-05 14:00:00,DEHM_noBD,0.5579913845611084,0.3174662662242258,0.1252151137372548,0.37202177816021303,0.5733855586400627,0.5425122204717574,0.33581927660690136,0.5118987098801135,0.4191668420361353,0.8050711667599528,0.40599495027327204
2014-06-05 15:00:00,DEHM_noBD,0.47543445648379146,0.06164023070356534,0.2146562171056726,0.7026325879106798,0.4971077001140824,0.6251363687641498,0.4981790609903354,0.5929946885166246,0.3274978860826324,0.8930687696244008,0.43156055084792416
2014-06-05 16:00:00,DEHM_noBD,0.06608289660301978,0.0742338817446265,0.27832479441349844,0.7579336730342754,0.4923298065962175,0.5863656403807165,0.8663763708692487,0.6553680897753755,0.2706983539745513,0.47571226689269064,0.4157718209733254
2014-06-05 17:00:00,DEHM_noBD,0.05161078965593115,0.15922078876091408,0.2451602391275756,0.8634209776001542,0.47664052010365754,0.590063695031565,0.8016409565524878,0.7066641696073145,0.2442823277132518,0.2421888948358477,0.40015039503203237
2014-06-05 18:00:00,DEHM_noBD,0.1071271456324214,0.18146561699952635,0.34561715996604014,0.941386921300384,0.448058277729973,0.6949049061559798,0.9479199263160192,0.7221874680881859,0.24515719804630176,0.3387058156466908,0.4011257123446527
2014-06-05 19:00:00,DEHM_noBD,0.19754873234650108,0.25913614104236066,0.929307344292402,0.9175419657892842,0.3945465724559313,0.9185523053470737,1.2611520950086883,0.7158510207243026,0.28673966582224164,0.9472753293053641,0.4101994221018638
2014-06-05 20:00:00,DEHM_noBD,1.2241344265251344,0.7104344054120778,1.6134890150840906,1.1773875883349758,0.3272207810273487,1.0554514336935132,1.3349663486081247,0.7221489139407081,0.26722398688451243,1.5571022105319918,0.43531515930942716
2014-06-05 21:00:00,DEHM_noBD,1.8241584450459398,1.3193173849744058,2.2292771876988797,1.6386743535666795,0.2888718409971193,1.1380698806809988,1.304579698463614,0.707338005529046,0.14226571966984805,2.197959136213877,0.500687059433665
2014-06-05 22:00:00,DEHM_noBD,1.8890356870287333,1.7840082682428846,3.0634694231858663,2.116775761122263,0.27929286992508445,1.191127437262046,1.27822198840673,0.5763281839442251,0.10183861533705957,2.3819904162423486,0.5968592166227102
2014-06-05 23:00:00,DEHM_noBD,2.154103707296368,2.4868564210923974,3.552874881590067,2.5259454623802027,0.3083541513244527,1.2854744621206864,1.3345103852189764,0.30707135413035735,0.1755490343802559,2.744727455208516,0.668960543751195
2014-06-06 00:00:00,DEHM_noBD,2.0574426548707825,2.915616035933319,3.758269311631741,2.9176929690797895,0.3658876107990787,1.5059476053223066,1.6568084036586117,0.1924154175849258,0.4710072740277881,2.5674254328089767,0.6675158817878365
2014-06-06 01:00:00,DEHM_noBD,1.7692523013781507,2.9890634917907843,3.7965165822580516,3.265573706769108,0.491714134722466,1.8011930157624763,2.2097474877305134,0.1996601156660914,0.8140890930300846,2.5947702883529664,0.6544749778693914
2014-06-06 02:00:00,DEHM_noBD,1.91306874558183,3.16535958765702,4.003322301791969,3.531994103846918,0.7363579987584495,2.097634404316067,2.7735561290236945,0.22910466237053273,1.14682957865402,2.5943666298072787,0.6549493803432582
2014-06-06 03:00:00,DEHM_noBD,1.980285212438365,3.1251128632758483,3.7527926824299764,3.6174114586857424,1.0517474482533917,2.325821904481417,3.237864201544352,0.24236757012158625,1.816983922404726,2.257983146492578,0.6445288942229745
2014-06-06 04:00:00,DEHM_noBD,1.8649556658051336,2.105679556442224,2.754041220607758,3.301851155830082,1.110089632126456,2.343649252912857,3.4494456741462702,0.22619298142500202,2.3001641106632906,2.145897257761359,0.6396229405778645
2014-06-06 05:00:00,DEHM_noBD,1.7877591896348985,0.7927832991042761,1.5064111492588024,2.501784761926447,0.8494335870336158,2.0315404751864845,3.1120708839326725,0.22490763358717783,2.0131779986155127,1.8293684727865642,0.6580741204360128
2014-06-06 06:00:00,DEHM_noBD,1.5422736009656963,0.3582307193020031,0.894689338708557,1.9432460119955879,0.7473372231327182,1.8179657494639545,2.621236482380995,0.23793826464906323,1.5975281941004096,1.8311263207301964,0.6687072487083076
2014-06-06 07:00:00,DEHM_noBD,1.2349005151923071,0.46262901084513863,0.8180670545242014,1.539723401390057,0.6941921884457487,1.7505968545640842,2.2333599719823667,0.2825467345529793,1.3050118633083811,1.9379772233793489,0.6828946298745274
2014-06-06 08:00:00,DEHM_noBD,1.172817218193237,0.3068649781943996,0.8465701289997583,1.2173776575236592,0.6649440101028419,1.88438987982527,1.8989184278165303,0.4456194754307715,1.1242479878369298,1.8688456110034881,0.7216798229433595
2014-06-06 09:00:00,DEHM_noBD,1.1417362993594282,0.11964204416109699,0.9548219184654253,1.152494318785211,0.9925753944066584,2.004997465984512,1.5791957927654532,0.7528524564912356,0.8632036081338488,1.7888594527496442,0.7337388956170902
2014-06-06 10:00:00,DEHM_noBD,1.49793455263508,0.06734260704530969,0.9524293840633286,1.195330207231084,1.3069065557562187,1.8291529260972048,1.5385647238824167,1.0241466914982162,0.4595123443389124,1.6793474354509077,0.7527792417283448
2014-06-06 11:00:00,DEHM_noBD,1.2541462120457436,0.12251005345347325,0.8274804100124259,1.2222837436803897,1.5606882752058002,1.872631309288675,1.5207981051813089,0.8998595670360512,0.2723092455389722,1.726537744191941,0.7774475148446671
2014-06-06 12:00:00,DEHM_noBD,1.025867463320503,0.1607220039114192,1.034898197841947,1.4820247282828158,1.7832290285715091,2.1221770541381764,1.5884132862647389,0.5259549445331655,0.2722121991544961,1.889474904599525,0.7640994144194014
2014-06-06 13:00:00,DEHM_noBD,0.8652394644382875,0.27754007626202065,1.8038187631641933,1.7404252444420587,2.035799530195417,2.2515940630412428,1.792138907084424,0.25974399342309673,0.2966083111632428,1.8975248238015523,0.6983222591894119
2014-06-06 14:00:00,DEHM_noBD,0.9318092284962349,0.9042246324457485,1.7506923990581464,1.8402187477084506,2.2472127278625873,2.230136350972153,1.9177582257933368,0.20108956089422095,0.2964457934236618,1.9569326645707037,0.6225026969043351
2014-06-06 15:00:00,DEHM_noBD,0.7986360840075182,0.7493672962002851,1.9004683970276546,1.8395764434240363,2.378695206478732,2.253386933361649,1.9639162969523882,0.23223204555016003,0.2777487303708912,1.966871053829141,0.5683964937067777
2014-06-06 16:00:00,DEHM_noBD,0.5889022492694493,0.8315087422391325,1.995712216760963,1.6635559308451175,2.527011341835726,2.2806254614392163,1.9654534553448146,0.2366132165196909,0.2296888712823762,1.762028638669073,0.5304348601070791
2014-06-06 17:00:00,DEHM_noBD,0.549898891718527,1.2100576936102914,2.1388946623368468,1.3279873382142762,2.748625162429281,2.173739192329672,1.8635428396031852,0.21312863906174892,0.2020380816086287,1.54345226797071,0.49056635931819653
2014-06-06 18:00:00,DEHM_noBD,0.3865849977456964,1.63330689563734,2.1664461920995453,1.2633950095399182,2.7203192305244324,2.2809777566147145,1.9557127780600778,0.1969194242287706,0.17420452188042673,1.4034665886261464,0.4678894600252993
2014-06-06 19:00:00,DEHM_noBD,0.3181327599504344,1.9217202646581637,2.4493748118497214,2.017122333459174,2.691978694334014,3.0557044460209024,2.7707904217387296,0.17862965363388808,0.14165382556172076,1.4776449074468667,0.47794404803523777
2014-06-06 20:00:00,DEHM_noBD,0.3072716431961743,2.6806041944158654,3.2938757408663326,2.7452639749309524,3.1572520200823364,3.5821699427944584,3.429019458082755,0.17795983610330635,0.12037659773673967,1.6756694718024772,0.47785957405641666
2014-06-06 21:00:00,DEHM_noBD,0.3219670715581985,3.3988571079073755,3.278808136770303,2.8578590020686216,3.4974353120079904,4.014921966851542,3.861062712042358,0.18030664926080195,0.10755330494786702,1.8431144400480035,0.4602155306837706
2014-06-06 22:00:00,DEHM_noBD,0.33111313144752974,3.506793539593225,2.803578905228953,3.110133571274818,3.5946898592946126,4.504210719800136,4.278432271656726,0.18313251457648277,0.11511112050002176,1.8458542482434683,0.44779236333495004
2014-06-06 23:00:00,DEHM_noBD,0.37978145709152783,3.3739873993762064,2.4204232276309665,3.7615512771724284,3.75703624290864,4.896565061801997,4.767023626071704,0.1867194798947812,0.17874378796459356,1.7541148609079895,0.4399575548241007
2014-06-07 00:00:00,DEHM_noBD,0.49389374990201546,3.074421195344729,2.12600079395076,4.0922345322009255,4.144561013289008,5.3166869418535185,5.12168710213772,0.18172491634629429,0.4165989520826121,1.7456220132186933,0.4317458667306415
2014-06-07 01:00:00,DEHM_noBD,0.6430034803772997,2.8602808587917585,1.9808092857560702,4.0676047042724495,4.922043845384403,5.634834534943176,5.603812864889659,0.16975441954837164,0.7517529330047035,1.7943397597063382,0.42223140348897076
2014-06-07 02:00:00,DEHM_noBD,0.9519650603430344,2.4601446348656526,1.8818964321589005,4.056221698822393,5.442201393952479,6.0419332751559045,5.956504497094287,0.1559880722346435,0.9013236578048329,1.8184321057878008,0.39322223395195893
2014-06-07 03:00:00,DEHM_noBD,1.1882783311017975,2.138001539298333,1.6729904809974179,3.9342795473537517,5.9984921741314245,6.368262331881804,5.989704212184933,0.15155470709970673,0.8037804086854029,1.6004448450472195,0.33925640929087486
2014-06-07 04:00:00,DEHM_noBD,1.3250103225427865,1.757989699359387,1.378778722337242,3.1677911729355825,6.01481935141709,6.188964871430687,5.43579590703234,0.14794741962932967,0.5102203415001276,1.319962497184798,0.2826702486514061
2014-06-07 05:00:00,DEHM_noBD,1.4787171305769682,1.5460594751966281,1.1040579972991558,1.8890566475849915,5.578585893673588,5.193887790530736,4.278982268032613,0.1415893980409064,0.28266930021598924,0.9790038913162518,0.2522039644934265
2014-06-07 06:00:00,DEHM_noBD,1.6613971574219875,1.3568296890678977,0.8377785497460106,1.1051355234392686,5.172986731683476,4.362831359792537,3.5011048271099576,0.13439585141273888,0.2048533339991791,0.8739245549074932,0.26317153672956856
2014-06-07 07:00:00,DEHM_noBD,1.829439749833457,1.0681720623085484,0.5568805875794507,0.626650264454711,4.763944557189196,3.6317456519246814,2.899952386584679,0.13306604492959562,0.1705968170523829,0.787364700394927,0.3741302953669416
2014-06-07 08:00:00,DEHM_noBD,1.7354039258783778,0.7571395800761715,0.3855801009009823,0.519905210171925,4.364794211993475,3.002799483138897,2.5015153448644107,0.15453119805905258,0.1721804343856125,0.7757040624870826,0.5341985306546881
2014-06-07 09:00:00,DEHM_noBD,1.1889362183039915,0.3833321421909844,0.33020000737863353,0.6601788518362375,4.103915535901012,2.6266267330964803,2.278465469297525,0.19926351080326465,0.1621047911551593,0.7378201832368969,0.5581717086348705
2014-06-07 10:00:00,DEHM_noBD,1.0687992871589307,0.36796444509877346,0.31051722977871304,0.9660955327780265,3.4681649129464023,2.136601894134254,2.1639276804578373,0.20440969223388483,0.17393198438979665,0.5847914272647023,0.5203655601056199
2014-06-07 11:00:00,DEHM_noBD,1.1588549212909396,0.4010408816545607,0.3072726931404112,1.0647399097033823,2.6177282946340608,1.505281000055057,2.0028938752974734,0.185404886794163,0.20599426327753798,0.4542720102759869,0.4743772394948614
2014-06-07 12:00:00,DEHM_noBD,1.16038740748588,0.38057879440528447,0.31039404248906527,0.7512836155628598,1.8402968627346588,0.9941445424968405,1.6126892976286564,0.16200360248160012,0.1984088868736288,0.3595156809359835,0.4549804989497037
2014-06-07 13:00:00,DEHM_noBD,0.9319079367861338,0.3513048987974167,0.311422266228916,0.6385431553109572,1.1142631634625966,0.6517881036744271,0.9269614946232397,0.1477231736621365,0.18481936758791542,0.19087985334051533,0.4671138827247311
2014-06-07 14:00:00,DEHM_noBD,0.6771540900329918,0.28321108713131615,0.2948230034635214,0.5769215320845635,0.8624323895551333,0.6292937983311262,0.673491860854416,0.14221840219743304,0.16886608988363275,0.13414300533872436,0.4615440939654176
2014-06-07 15:00:00,DEHM_noBD,0.4884692771048611,0.20805810393262783,0.2908614850843603,0.4541957084518866,0.6009406497420882,0.5680634270525728,0.5350265628936927,0.1487805970516148,0.1620862046981881,0.1369788820691196,0.43492614688347897
2014-06-07 16:00:00,DEHM_noBD,0.36274650690632626,0.16315074004802488,0.278640357577158,0.35477000993999913,0.5539248384297104,0.3640494301182585,0.3978501301970384,0.16964042232576979,0.17431641469250422,0.1629874281793785,0.38941545254589516
2014-06-07 17:00:00,DEHM_noBD,0.2629250949408624,0.15057491067857764,0.2619444854696827,0.3372237339783632,0.4946322130407811,0.20035367547539468,0.35998993282620834,0.18498674157686995,0.18374797229574985,0.16527863022924688,0.31803702633929176
2014-06-07 18:00:00,DEHM_noBD,0.21989989045279676,0.14646405897198325,0.2415592335936352,0.3487294454244061,0.5610712376391653,0.15616471211967414,0.2946136724677334,0.1862333087533792,0.17500229199931366,0.1718728915727145,0.2676029174026709
2014-06-07 19:00:00,DEHM_noBD,0.20462571893159412,0.15168803396407823,0.24996457995676552,0.29079395094112276,0.9278184846382516,0.15476912103879903,0.1890306690367169,0.18136096934765958,0.18495630823424208,0.24180746057648272,0.25356185119750124
2014-06-07 20:00:00,DEHM_noBD,0.20199416453929378,0.2451206864156668,0.32701567918808383,0.21234547247042843,1.2870922760580572,0.17314456734424824,0.20691452030002488,0.17320214372304144,0.2312358369699504,0.5967550196504187,0.23978204672141717
2014-06-07 21:00:00,DEHM_noBD,0.2005266108936617,0.4881133876533361,0.6524211169567268,0.21821535830353597,1.7996275486248254,0.4364366099330103,0.20679881376705764,0.1693744045578752,0.28805152986200744,0.899042695532904,0.2132949764250494
2014-06-07 22:00:00,DEHM_noBD,0.20761749418940387,0.6994396194479388,1.0413884185047824,0.560314245156433,2.7860432303684495,2.4116058908075395,0.28385876174686864,0.16411965496096273,0.31063661803577564,1.1161831315089412,0.17738144326066685
2014-06-07 23:00:00,DEHM_noBD,0.25588052515970644,0.8624157964223315,1.2785537074528701,1.1326461319340682,2.564881963727649,4.439056922684205,1.4157170138576487,0.14505675987674496,0.3151671828170561,1.3069313822946664,0.14729633109416698
2014-06-08 00:00:00,DEHM_noBD,0.43611585327930613,1.0942333480139728,1.4774104693868777,1.9610590611519236,1.919070995890475,5.374099598777332,3.913574503961987,0.1249702290312823,0.34894467403032237,1.4729207966566065,0.13108966443461811
2014-06-08 01:00:00,DEHM_noBD,0.5452847951110288,1.4999491152305848,1.6280821372068999,3.636590809294009,1.4912612233616038,5.62405344191481,5.928456670509315,0.11052195444794766,0.3794254923387429,1.606615120627997,0.10762650848006355
2014-06-08 02:00:00,DEHM_noBD,0.7060041993653849,2.8105994412214645,1.821517321630692,5.8103922212521475,1.2411867432707688,4.965503362291122,7.104039139430833,0.10219481922779637,0.3911293080382967,1.7144631955128964,0.09026231409820942
2014-06-08 03:00:00,DEHM_noBD,0.9990677422348224,3.424368862816122,1.8522847639045101,7.14450815329054,1.1344666753204005,4.113174314473219,6.986380189097455,0.09832243090434926,0.3557134302105184,1.7314917433601729,0.0768613566387618
2014-06-08 04:00:00,DEHM_noBD,1.235316314158357,3.1436603146785105,2.393575591455739,6.8590745337743755,0.9749842637049524,3.351469375661614,5.855200459956816,0.11215607475138904,0.25429990399576125,1.5482458071608654,0.06575275769187763
2014-06-08 05:00:00,DEHM_noBD,1.1728758698643464,2.4073878785707294,2.1138837738434515,5.237846331344883,0.7538043449079967,2.005362640312159,4.188165672048147,0.14566196109736682,0.20094659094005057,1.108025774051978,0.061963194334851375
2014-06-08 06:00:00,DEHM_noBD,0.8078477283550018,1.6637207783685357,2.149475681446046,4.182372445241234,0.6163366578923282,0.9601853926298815,3.0338750537502106,0.16007360932433426,0.18575231554189797,0.6330562560694757,0.0627088750980769
2014-06-08 07:00:00,DEHM_noBD,0.4185152455588196,0.9219987329660891,2.3224241015149163,3.152320956533732,0.464950114813072,0.6542348286609851,2.2200611117791658,0.15389735404181076,0.170230489571595,0.4040383272274222,0.06717269044541507
2014-06-08 08:00:00,DEHM_noBD,0.26071152334581005,0.8342535575666581,2.5383126295238494,2.4698979411420874,0.3251718644363082,0.5550409417185954,1.902845380278515,0.14254330548427985,0.17343775617542195,0.3233414048885064,0.07293835371344806
2014-06-08 09:00:00,DEHM_noBD,0.23011541050725604,1.0041522138021888,2.3218720858006625,2.5501186309055903,0.2532954135919315,0.48091743460675695,1.8363961396695891,0.13353526057675466,0.23063720540178226,0.2653338612095382,0.07767625921997219
2014-06-08 10:00:00,DEHM_noBD,0.2895323918943106,0.3186363066356582,2.1680313635597788,2.2428172422379093,0.24505228509503865,0.5246627749833266,1.1631077712663451,0.14981438174020248,0.35450966019376856,0.2203803711798815,0.07390832865893833
2014-06-08 11:00:00,DEHM_noBD,0.3242906745546217,0.17843831506998678,2.0221355715340517,1.1533507219519525,0.34892512273147697,0.6579818450912134,0.41712009055810984,0.2644538004079762,0.40992135340965097,0.23609754822721707,0.06523247553119416
2014-06-08 12:00:00,DEHM_noBD,0.30649270616725083,0.1938372065583045,2.206851529219678,0.4730973091601113,0.4525552855510264,0.8256272226031309,0.355471591373239,0.5549481162542429,0.3790402092324988,0.2961160693319268,0.057773615837192524
2014-06-08 13:00:00,DEHM_noBD,0.35881526615947007,0.2871830118020529,2.2933104677409326,0.40280102560904213,0.4748880739394806,0.8559801009519792,0.519670732417713,0.94170994950142,0.3173420901933637,0.35714204009980616,0.05267832733677808
2014-06-08 14:00:00,DEHM_noBD,0.42018317140178507,0.5759904812516807,1.1280738670973014,0.3804946783243409,0.4818623642950923,0.6719303120521489,0.7585762719898408,1.2285402035907924,0.2413036703183641,0.3656167560852068,0.047983276519712396
2014-06-08 15:00:00,DEHM_noBD,0.4096491367429866,0.48007995751680455,1.1127122403921836,0.5196767813854746,0.4961144706780463,0.3602357301547248,0.6166786809663803,1.087169108480945,0.2833564618715048,0.38819679003315244,0.044016805209150626
2014-06-08 16:00:00,DEHM_noBD,0.4130535586487338,0.7162699270112556,0.5737809845507587,0.5792047159850957,0.42340277697334283,0.2556913844915301,0.35716381573737044,0.6205681484001508,0.49496471932314967,0.4580923838274053,0.04210102174842201
2014-06-08 17:00:00,DEHM_noBD,0.41194962446589134,1.034497478517046,0.3780753319758117,0.5204086395276235,0.32582473899704617,0.28473300220852066,0.26971512907306744,0.3908803834689847,0.6189240536954981,0.470807399445892,0.04250346977769817
2014-06-08 18:00:00,DEHM_noBD,0.4100783887064025,0.7517728164153816,0.33946093290121926,0.3301014582332056,0.31104546814677747,0.38962306172016714,0.5579422931503268,0.3701072671745712,0.45824777364676594,0.5166635627605072,0.043875609752737646
2014-06-08 19:00:00,DEHM_noBD,0.40607725228696356,0.9621720379572596,0.3241356380323404,0.22191608706347488,0.6204498178749718,0.8184099660852149,1.5224081722222702,0.3725771126627295,0.28654495722403484,0.8407513821279151,0.048650871067038956
2014-06-08 20:00:00,DEHM_noBD,0.41401663751000883,1.0857043778732682,0.35988770361928313,0.6995153871946012,1.09410488790476,1.8098055841106113,2.6224794279253696,0.32808757319141046,0.27973473745347266,1.4480410425780454,0.056019491268516144
2014-06-08 21:00:00,DEHM_noBD,0.5664199053581978,1.3228770454756433,0.37956813796036715,1.8569308170114716,1.861782598849634,2.773577293953561,2.855238808912392,0.27160885385382766,0.41172507942280845,1.8603103350962822,0.0659253433049256
2014-06-08 22:00:00,DEHM_noBD,0.6425569515954463,1.1308786342443122,0.3456932879479259,2.231515426070705,2.5679427936256447,3.090323805629118,3.089965313465287,0.21446959316368716,0.6229922283736323,2.0889450998691963,0.07746795740819533
2014-06-08 23:00:00,DEHM_noBD,0.5818387165619688,0.9468075423636991,0.36631922194343725,2.6007997563752596,2.937088210813778,3.4120649115711768,3.6578530358203203,0.18232700382431255,1.497863230961388,2.43603003573853,0.08736827304259981
2014-06-09 00:00:00,DEHM_noBD,0.8755099008118745,0.8279187649955685,0.3949792664496732,2.955712012717579,3.0187428434422445,3.8607767389883123,4.272597792453887,0.16256188786169734,2.121075643147454,3.0546175968856306,0.09542904187840157
2014-06-09 01:00:00,DEHM_noBD,0.74894527029271,0.8222400436867395,0.3864036215432619,3.3594519340782676,3.085423962291791,4.365959061157548,4.720011821173838,0.15014443464176708,1.3973257758843898,3.816009180710069,0.10531430094792375
2014-06-09 02:00:00,DEHM_noBD,0.3986320845858869,0.7847707884544621,0.3894726706546475,3.692146875228039,3.4128934753194247,4.806480199872967,5.069185349762399,0.13767704553749865,0.6228180556091666,4.387473765095585,0.12011748148556205
2014-06-09 03:00:00,DEHM_noBD,0.2654978782160531,0.7409778338278296,0.3923863119817148,3.987144134044872,3.7456808391447156,5.094209880691029,5.3575740883336085,0.12936881915166024,0.37957630887508376,3.947066184809858,0.1557459446980814
2014-06-09 04:00:00,DEHM_noBD,0.19989174318208333,0.5973906377674665,0.3510831094887591,3.944784057475368,3.6684583487816576,5.223690058496154,5.331530280528475,0.12649867610720908,0.3509733004850148,1.8161117953815187,0.21279705960560813
2014-06-09 05:00:00,DEHM_noBD,0.18085009938034677,0.37392735760699514,0.2676444098459215,3.3489100619143013,3.4597020588243335,4.369090468710981,4.324262455005653,0.12481115257662245,0.29954711792349814,0.302726015433435,0.2440172608294989
2014-06-09 06:00:00,DEHM_noBD,0.16977959501297196,0.2598749921109439,0.2500985559031598,2.9700240029684393,3.361645251376274,2.963171226650934,3.8926524024237006,0.12550202823382675,0.22546844810105846,0.13972921143773573,0.2535543387950956
2014-06-09 07:00:00,DEHM_noBD,0.17006534626377273,0.24391905843971043,0.27398227387757723,2.3780740553077377,2.839894082655602,2.682642556676421,4.201752963337155,0.10713879939727827,0.17733284373077554,0.1346961547436098,0.2514879772024391
2014-06-09 08:00:00,DEHM_noBD,0.18161398479793206,0.23866212714317775,0.29283023348282317,1.8818049766688025,2.597274784209109,3.1381942121153337,3.843723858299155,0.09542675093328452,0.15430765740232533,0.1441132130988359,0.24108832218500306
2014-06-09 09:00:00,DEHM_noBD,0.197348594872942,0.22474538391718052,0.3091297029597939,1.3806835622928093,3.031411218422377,3.7119322290634438,2.9006779289041367,0.08731413839100857,0.14831448864013877,0.13881530231839495,0.22337270603715437
2014-06-09 10:00:00,DEHM_noBD,0.2260827822244817,0.22046381930474176,0.33918962056271723,0.8366003173203742,3.8698313011411063,2.895945510146746,2.136728422503113,0.08598329300985892,0.13093786978582367,0.1390341929607116,0.20683116286536662
2014-06-09 11:00:00,DEHM_noBD,0.258349307783637,0.24573961943420924,0.371127210978046,0.7523432597021106,4.494051666463706,1.2676201073269941,1.4691135430486502,0.09357167842429578,0.11985619450332591,0.14722523071253424,0.1831786095094621
2014-06-09 12:00:00,DEHM_noBD,0.287938903735543,0.26725759531650745,0.4014601572146359,0.9261491719064907,4.369713649634435,1.0039698583675758,1.0732327886544086,0.10590154617088203,0.11455047790389501,0.15457697522735453,0.15432663130584165
2014-06-09 13:00:00,DEHM_noBD,0.3089853324384876,0.2867190355288667,0.39547791770538426,1.1104213221657229,3.2125207166993315,0.7313442915569467,0.9178707285061943,0.11650166661195599,0.11319482755562979,0.164333092458851,0.1274605707003547
2014-06-09 14:00:00,DEHM_noBD,0.3172261707669513,0.30127665958141786,0.35608043798378536,1.1097102040058047,2.054295744897898,0.43109161856247463,0.9432212163098703,0.12437434289428634,0.11244263193259937,0.1747358733265951,0.10368502585787305
2014-06-09 15:00:00,DEHM_noBD,0.3164014528792438,0.3102285545129526,0.3339166910921105,0.9724211673355568,1.5784941644310393,0.4025077027020847,0.7484062940217694,0.1349323198484098,0.11919039136502872,0.18678359648145834,0.08602503788105777
2014-06-09 16:00:00,DEHM_noBD,0.3112160053778415,0.31186305706344364,0.30823399063300333,0.5266997479797147,1.3434062585351745,0.3603948584770477,0.2995896536897195,0.14951066117153713,0.1410389372281868,0.19586185820052215,0.07605334111492489
2014-06-09 17:00:00,DEHM_noBD,0.30502433895175346,0.32296915879842525,0.3208996260011906,0.2177892546911903,1.1367327366020519,0.3122602353443091,0.1893162672443632,0.1641872236155811,0.15206688138308233,0.2059405245858565,0.06985033553568504
2014-06-09 18:00:00,DEHM_noBD,0.30236501611285754,0.347479579197062,0.32659832590004917,0.14522877647190796,0.6203335886061004,0.28982119754011376,0.14903540630081624,0.1722228488245224,0.1727175621906481,0.2302968416044842,0.06544117876342986
2014-06-09 19:00:00,DEHM_noBD,0.300471153427239,0.373060334237448,0.3345079087591842,0.09628205938619232,0.39497427111218086,0.2708602838777418,0.15475356781100089,0.183802594503214,0.21579305959362818,0.26451221596266616,0.06280872562864902
2014-06-09 20:00:00,DEHM_noBD,0.2990356414520594,0.4337640092378928,0.4525482861980374,0.09175116569186106,0.3282055763123498,0.34569114883454544,0.18576791487260752,0.19095925679951462,0.2784601266714487,0.30997858783963855,0.06690565667023872
2014-06-09 21:00:00,DEHM_noBD,0.3055028338102006,0.7379452509936177,0.7206607312051634,0.09047059076093364,0.33349502355705596,0.8540551004418443,0.42427845677720577,0.1674026445922863,0.3321523367243695,0.4151340543036087,0.061092441044206386
2014-06-09 22:00:00,DEHM_noBD,0.3362368479320522,1.0374648961865596,0.8156960116289573,0.32315386435315907,0.45084875908604816,1.3160738094660562,0.7813625706185673,0.1525636712615273,0.3693640068638103,0.3987724113698521,0.05537438208166217
2014-06-09 23:00:00,DEHM_noBD,0.3684650749490875,1.1325716766557274,0.9538174411026741,0.5580433290056475,0.8616880466889437,2.00445730599236,1.2073477028478679,0.16685546690705802,0.39257638636572,0.3588708134598774,0.058830186955834966
2014-06-10 00:00:00,DEHM_noBD,0.3797755198805545,1.1073984867693565,1.3600145635026506,1.1577769318784876,1.2323200830754217,2.5911194134213464,1.6343995742395834,0.16505325467276666,0.423110947028392,0.4146271750343349,0.06452526327506554
2014-06-10 01:00:00,DEHM_noBD,0.37080582669239487,1.3687039546753779,1.862782678863716,1.595818102950952,1.94203910553321,2.057459997199625,2.0971403098009977,0.1472811664045922,0.46662712797884376,0.43100687996763487,0.07130789785252202
2014-06-10 02:00:00,DEHM_noBD,0.3454927104535884,2.3219687120049652,2.7161418079755033,1.9563431410863765,2.109603489284876,1.837537498252588,2.7072653426182036,0.11777183257220548,0.48467076093527217,0.2868722694987691,0.0787711616399066
2014-06-10 03:00:00,DEHM_noBD,0.3073444523811677,2.792370253314215,3.100854984226424,2.6768681650414274,1.7481339933843585,2.6553900172619858,3.5099748372441537,0.09789748371532499,0.43062628270755193,0.18854942670121214,0.09056609185269389
2014-06-10 04:00:00,DEHM_noBD,0.2750663630839366,2.142818679343903,2.5842658446144506,2.669965185165895,1.7447572057651473,3.860351940011874,3.7580222213895094,0.1086464252426566,0.33132992731241184,0.14670889617565747,0.10102481119994289
2014-06-10 05:00:00,DEHM_noBD,0.2746353228652034,0.8815838324421993,1.245119402655704,1.7784574189889737,1.1913844148874306,4.245989120590978,3.3288515657251465,0.1522191868849919,0.25134244013443696,0.11297839195536663,0.10501151227553368
2014-06-10 06:00:00,DEHM_noBD,0.2354904584981034,0.40480264319774223,0.42022036772855903,1.0978935094627378,0.6014437089174496,2.4941589363591086,2.9989635064930678,0.15688759591881912,0.1777530052934889,0.09166141230234591,0.10915868657146334
2014-06-10 07:00:00,DEHM_noBD,0.19356249305513668,0.2982184264537947,0.26120024925139945,0.8710575700494646,0.46807856928722924,1.3394296973816595,2.39178955618683,0.17662878634746998,0.12686160309214592,0.0850548496548572,0.11584239051667967
2014-06-10 08:00:00,DEHM_noBD,0.18512342657900435,0.2549120823523168,0.2550361285727074,0.9389008176374947,0.7087897242388687,1.3549945335084899,1.7973835683270358,0.19889338569736917,0.09852053419724796,0.09223568297967538,0.12109597354963637
2014-06-10 09:00:00,DEHM_noBD,0.1871974797290435,0.21978358927123715,0.2701558063191175,1.2366780625179223,1.0019402134795299,1.177309021530873,1.6723074124968331,0.21623184649518212,0.08255128039840823,0.10777382064310435,0.1238209453375519
2014-06-10 10:00:00,DEHM_noBD,0.1954399473765491,0.20089530862373697,0.3700899351023265,1.3479765914519783,0.8353937159389258,0.6762376716501382,1.4906570715156477,0.23731167117706958,0.08143594460250164,0.11587347795420501,0.12190751287287545
2014-06-10 11:00:00,DEHM_noBD,0.1956673666928428,0.21315367896838575,0.5220768439405643,0.8945097131848383,0.6026149134462698,0.5010814192277517,1.3768871614958345,0.24723093745749666,0.08451481895309233,0.11564858521293904,0.11968186143913292
2014-06-10 12:00:00,DEHM_noBD,0.18098208820313202,0.23137917653003226,0.5768751312788645,0.8458975014439829,0.4857038844659551,0.6009961122282895,0.6860016843045421,0.2606995299093564,0.08867090946150631,0.12320752803186728,0.11697261591973113
2014-06-10 13:00:00,DEHM_noBD,0.17907540522279153,0.259098259430729,0.740272804862723,0.795693002854321,0.39405812545903957,0.5705120423874024,0.7412370130090818,0.25494363708423906,0.0921336391466256,0.12639208799181023,0.11332902407982716
2014-06-10 14:00:00,DEHM_noBD,0.18631170599167027,0.27775130598945763,0.6126492264447826,0.5179438748094125,0.37518051273050246,0.4311964706710119,0.41048211576892574,0.25316803166873736,0.10513858179535557,0.14022980498651094,0.11127738314307861
2014-06-10 15:00:00,DEHM_noBD,0.20256600150005183,0.31075197484308026,0.27788894809193543,0.40431312209514103,0.3931112801471677,0.32572353525142284,0.4191556197905586,0.24772885424996943,0.1355021675529027,0.18632068581787659,0.11147706871360989
2014-06-10 16:00:00,DEHM_noBD,0.21504770120450825,0.3522283090301288,0.28727151416864705,0.32632273167410425,0.4284102073181652,0.32168440578286933,0.6520236176670278,0.24810506372334423,0.14704272025097587,0.2145401459036176,0.11222320036153871
2014-06-10 17:00:00,DEHM_noBD,0.20681554764814924,0.36890585987215563,0.4015561372904883,0.34271719568307907,0.45157316151215676,0.31265469042939625,0.7963935688282757,0.24899787042542357,0.13792317492283251,0.22509331661305795,0.11311308669046256
2014-06-10 18:00:00,DEHM_noBD,0.21805014203287829,0.3819593866939271,0.8996221702355258,0.5004908538357523,0.4182747892565675,0.34385574420528653,1.046235741056703,0.2449410140217875,0.1260392031652221,0.22141889916797547,0.11315069682694891
2014-06-10 19:00:00,DEHM_noBD,0.23095707380368896,0.457472187914817,2.452613376911837,1.1357027706326654,0.451624970095069,0.5683238717834432,2.4082546293254485,0.2431714478891782,0.1149271920082504,0.21289380215590123,0.11418722108547899
2014-06-10 20:00:00,DEHM_noBD,0.23974102638587236,0.8278980007127086,2.972172630805604,2.619906004412152,0.5554464709262084,1.297002084570782,3.032570772342714,0.24793200707700908,0.1121595204797481,0.21364631585984656,0.11881280260227123
2014-06-10 21:00:00,DEHM_noBD,0.23793751923991652,1.1598825115842002,2.8005953466670386,3.9012079374598363,0.6702347587143535,1.7448353758024477,3.4927716040293877,0.243101722855511,0.12285560899273067,0.21250648056795157,0.12208519342306307
2014-06-10 22:00:00,DEHM_noBD,0.22483874354014577,2.2606865752540046,2.4117431353104326,4.657189310820559,0.6935054236347041,2.0166480403446103,4.259325756207736,0.23563614388332876,0.1472933951575842,0.2412040007246682,0.12492365036724401
2014-06-10 23:00:00,DEHM_noBD,0.21645469657694277,3.835186949517166,1.6654557761740778,4.844841021752223,0.5928248745172283,2.0968563328930894,4.9478575980537975,0.22845877433960923,0.15614057054034025,0.26233755251740976,0.12810435204273848
2014-06-11 00:00:00,DEHM_noBD,0.219296097298666,3.825643022795167,1.0477206989645027,5.104468140961908,0.4517386003929515,2.16918099039647,5.282251648372138,0.22273955392603637,0.1549997771263053,0.2728609490364581,0.13118060658282762
2014-06-11 01:00:00,DEHM_noBD,0.22405871759018736,3.546891223171974,0.9487975336418487,5.216385551118849,0.3681769678134145,2.3909706197152274,5.216854720395031,0.22182446439827458,0.15080672480952814,0.2973130675863873,0.13412806702347635
2014-06-11 02:00:00,DEHM_noBD,0.250160201499788,3.1029952949893853,1.085520368171744,5.072234718905766,0.3372732003515074,2.532016396124438,5.047173142103478,0.22928843290713663,0.1475381568523423,0.3059512172997131,0.13668902290599608
2014-06-11 03:00:00,DEHM_noBD,0.3535883940430834,2.198813246816187,1.2650034933501852,4.619276643193816,0.35145746606640965,2.4426590527643035,4.727825316232098,0.2503565856971299,0.15568610717067755,0.2357431190851106,0.1344910511475062
2014-06-11 04:00:00,DEHM_noBD,0.2936770883006119,1.3048312790095853,1.1965524826617164,4.164246606061298,0.3592260714438835,2.1235920089973424,4.112142785721071,0.2869238406476564,0.24230889841408135,0.1709592542836919,0.13317217190204153
2014-06-11 05:00:00,DEHM_noBD,0.2447732475448271,1.0376463567297707,1.0526754181177516,3.2018761719053366,0.2848402458475995,1.4921150250029154,2.9859969035778957,0.33091099992219586,0.3648957925880652,0.18059420151754976,0.13258609185420317
2014-06-11 06:00:00,DEHM_noBD,0.2875902934855512,1.0027629189110558,0.8889146905324044,2.201542616820545,0.23035969424217922,0.8618452291767206,1.7890925278526073,0.36385117106379694,0.4560071695032062,0.20222544822409277,0.13290114672727868
2014-06-11 07:00:00,DEHM_noBD,0.48719141822317014,0.9741010602032655,0.6481743189432423,1.3296178054072971,0.2384482263206317,0.5824676524044619,1.4859180495588098,0.4002831124572967,0.6545882699454948,0.24680494816231288,0.1364437061503248
2014-06-11 08:00:00,DEHM_noBD,1.1568149840298885,0.7756578053945722,0.5796330892348754,0.9906431732030669,0.24282273530837137,0.4608075686462082,1.1518912497449496,0.41213047633373867,0.7592622909429856,0.2914164473051669,0.1398786142377624
2014-06-11 09:00:00,DEHM_noBD,1.9562412162699911,0.621001022530517,0.5769667928156861,0.7865391131819357,0.2524664684984552,0.4058886518938187,0.9668211784768281,0.4179532889854931,0.6093930038263276,0.34227945615406136,0.1371958430557346
2014-06-11 10:00:00,DEHM_noBD,2.2879024186350594,0.5503698565061279,0.5463213430832883,0.8060734033346483,0.25313928951429193,0.3712640313876606,1.0332656586769957,0.41974444305819925,0.46017051508404316,0.3875453041324902,0.13625843089702533
2014-06-11 11:00:00,DEHM_noBD,1.6524038796939877,0.6400538002770231,0.5248110247639752,0.8928487058378547,0.2673196463823504,0.3682231703651602,1.1367898458827776,0.36580762165899844,0.41892520011086476,0.38347779713435093,0.14147622364168042
2014-06-11 12:00:00,DEHM_noBD,0.7702431527570017,0.7375319879126045,0.5027836512288729,1.1843007067054194,0.2709764020845293,0.41166021227845906,1.2974432624009438,0.2815524981839674,0.3811550683521664,0.39254946028820686,0.15050982645502767
2014-06-11 13:00:00,DEHM_noBD,0.4489617980936296,0.6982729879343427,0.5445354523151786,1.4902851202779448,0.29004035999737665,0.3686740836505963,1.347236118813974,0.26549357256788764,0.34570377141533054,0.4425139851556671,0.15464826820066832
2014-06-11 14:00:00,DEHM_noBD,0.35079654965979734,0.5925673947608278,0.684096765351165,1.366762573711218,0.2941885419339313,0.27990102112793824,1.091654752759596,0.26590294387894664,0.34369210034562564,0.4936357308177113,0.152765241036943
2014-06-11 15:00:00,DEHM_noBD,0.35053078463915616,0.5469740488265523,0.5386297157814586,1.3264327756621617,0.2996631072130054,0.22649688992629868,1.1243122538497683,0.2603621549964509,0.4045101932903696,0.6089758166856317,0.14191907442619298
2014-06-11 16:00:00,DEHM_noBD,0.34800957782932307,0.5836492669270711,0.47744584982277577,1.2574440456343685,0.30556780657469285,0.19822569410667445,0.9638080276513386,0.24552562035198838,0.48645853528206173,0.3806948267146828,0.12795231361635956
2014-06-11 17:00:00,DEHM_noBD,0.3506940617812145,0.60796447240627,0.4080284354352322,1.09051366954597,0.31720966960103236,0.2065881541416328,0.5985974044545722,0.22533819928399984,0.5524622881052771,0.2877577188230282,0.118848299707125
2014-06-11 18:00:00,DEHM_noBD,0.33907628998877354,0.4393492753598367,0.3694584559428621,0.7497788377300045,0.39702802552944505,0.2712853260988703,0.534166359599182,0.16199564957514345,0.5598730861712055,0.29126132529595467,0.11808168083082585
2014-06-11 19:00:00,DEHM_noBD,0.3226873998150857,0.4413511344208679,0.3801119009735685,0.7056321136764991,0.6950467576879122,0.5336596011080095,1.0809747764591986,0.13574222295734265,0.5302889778454433,0.3034897049609768,0.12174851509887792
2014-06-11 20:00:00,DEHM_noBD,0.3050972511367811,0.8659725694005445,0.41443291409501376,1.1916533750950529,0.9685280244518747,1.0897639265820709,1.6862213625129343,0.14150228478745638,0.4983802894356015,0.3370241027780892,0.12465334531014866
2014-06-11 21:00:00,DEHM_noBD,0.35794167522589726,0.9957320132256985,0.4201242526405822,1.6500667816819115,1.2735827021935138,1.6988896233263873,2.165945168303317,0.16662714868647394,0.43633514146052854,0.4639661369025618,0.13215164836727392
2014-06-11 22:00:00,DEHM_noBD,0.3955298783379372,0.7415787885680076,0.37138029077477036,2.0859149655320928,1.7729938329276116,2.4480046210533684,2.751278706398962,0.1887125060358456,0.33905372816040874,0.6315434026815383,0.1508626788977673
2014-06-11 23:00:00,DEHM_noBD,0.37077300241198957,0.5439353071981845,0.2896100427544488,2.599615065457417,2.2385382750344536,3.134946127691991,3.441471362005733,0.17265839919987128,0.25965695187009424,0.630248848899734,0.18076868942907887
2014-06-12 00:00:00,DEHM_noBD,0.4670479912158822,0.5061042697008425,0.2801843734826053,3.2371929576071916,2.5958098779393945,3.6750623989898425,4.1408015510716245,0.1618397107656634,0.20332853951911664,0.545684614119712,0.21420083741381457
2014-06-12 01:00:00,DEHM_noBD,0.30487242294207206,0.40611290316838067,0.33675096407376226,3.932911716012341,2.9350972196732115,4.1283325025343895,4.850189787284336,0.1580245547740696,0.168607290849136,0.5730136115320215,0.2349091928911316
2014-06-12 02:00:00,DEHM_noBD,0.21223276121409354,0.46086839513030353,0.38004295596290827,4.626925371206491,3.2120080007191536,4.560504863863785,5.540710443941276,0.1538247674879896,0.16385954916599313,0.38306853621925757,0.2403770716055618
2014-06-12 03:00:00,DEHM_noBD,0.18869334873037863,0.4797668357341177,0.3816348088480252,5.182839401351166,3.403876851201416,4.897626657458561,6.068099097729964,0.15422331010996349,0.16047097531884796,0.24872945937674246,0.22928880273688534
2014-06-12 04:00:00,DEHM_noBD,0.20887168445908225,0.43449349112760277,0.35502919102521613,4.786353646260989,3.317552642711416,4.902209850173956,5.883029460117554,0.16100444048177445,0.16284857654051843,0.16827881368268552,0.19959555483296695
2014-06-12 05:00:00,DEHM_noBD,0.25052290334873345,0.37477411295908497,0.3266370337098743,3.938709645016856,2.742232595307429,4.314189505000525,4.97471619654204,0.15591124418062144,0.16062664806626717,0.16503717451494868,0.1752962447220047
2014-06-12 06:00:00,DEHM_noBD,0.27563130479757664,0.33975177951507374,0.30246237253180697,3.6862762788450567,1.664171036189622,3.510529566617103,4.519816088816295,0.15723299977378913,0.1587453582864068,0.21389942657856714,0.16176741449794182
2014-06-12 07:00:00,DEHM_noBD,0.2932371945581026,0.31619110153117025,0.2961994269219226,2.6611753307368575,1.1187207836090631,2.1792907504565666,3.1301451028997542,0.1487476663908291,0.15391230396525912,0.2562250686880525,0.15226440922857487
2014-06-12 08:00:00,DEHM_noBD,0.29183225484067554,0.28983042274798143,0.2769690856410282,1.816742086609475,0.9279291829040274,1.3031101565730294,2.1085383101814203,0.14805334169476747,0.14807085898015637,0.29346144346808073,0.1466121201317687
2014-06-12 09:00:00,DEHM_noBD,0.28665096588453276,0.27909751317391396,0.24595680345975787,1.6295348053009524,0.8476491256995498,0.8162918335196887,1.6608340522132556,0.14497453300331242,0.14298270970185284,0.2986878703954769,0.1466608039107444
2014-06-12 10:00:00,DEHM_noBD,0.2710525039869546,0.24300018220146644,0.2448282092656892,1.708383214581212,0.8425564476046989,0.623833539057914,1.675443425768644,0.13545618292096054,0.1393444395734903,0.28520759465598255,0.14818272543661756
2014-06-12 11:00:00,DEHM_noBD,0.24060316989041275,0.19269744653641993,0.24474836904260786,1.9800159641528108,0.9063253101899474,0.5772233176556392,1.6432412087762054,0.12813722917676892,0.1447355525292734,0.25972323165260713,0.14652038629715078
2014-06-12 12:00:00,DEHM_noBD,0.20025590755198613,0.1726492764544241,0.2549593296013399,2.003773343813948,1.0764842780578974,0.560765967802112,1.7415893128555207,0.12684743404012863,0.14342959870733307,0.26626498678570604,0.13931513325330314
2014-06-12 13:00:00,DEHM_noBD,0.18669059526121817,0.14235166650672876,0.2749096961530926,1.979808548710441,1.1339578862580098,0.5159827163052535,1.7296893432034985,0.12679769515841258,0.1392021341061963,0.23280265979672765,0.12710397368623805
2014-06-12 14:00:00,DEHM_noBD,0.1944935639999265,0.12684016587235233,0.266371642982132,1.8025708874550879,1.0781177427502813,0.47520032913673194,1.5448429715812375,0.12041129447408237,0.13644331490663797,0.18163577145152238,0.10978002638088398
2014-06-12 15:00:00,DEHM_noBD,0.18693144318363528,0.15755922859837132,0.26445690588748133,1.6367880961156045,1.0256672371319029,0.448839597016645,1.4851272365631938,0.10450025015192554,0.12608160881811736,0.1678114698721922,0.09008806591793582
2014-06-12 16:00:00,DEHM_noBD,0.17490862472459506,0.1942024577901589,0.2833092775601077,1.391499156229019,0.9599117540198984,0.39204336620839947,1.4673571401979568,0.1035038264220999,0.13645262066569172,0.1615486290030134,0.07223486776762664
2014-06-12 17:00:00,DEHM_noBD,0.16028255561922372,0.21094672360603778,0.26479616847609616,1.0899724056491753,0.861148668947923,0.45051178431853817,1.1675120584403413,0.1016096590758288,0.1560523589505347,0.16824052961824743,0.05829905851211683
2014-06-12 18:00:00,DEHM_noBD,0.14525685777804515,0.23106807030151488,0.23883521675992286,0.8654969557430693,0.927442851674566,0.7044791715034922,1.0156240796774476,0.10389576846379195,0.14529943920705451,0.16880104012238134,0.04910660186880959
2014-06-12 19:00:00,DEHM_noBD,0.1510450812874912,0.25257722836530594,0.22823875287797996,0.9806870619609337,1.295628948213926,1.7845879264792652,1.6073457784207976,0.10939838064064147,0.12553507224792598,0.1529064675399123,0.04344916405667969
2014-06-12 20:00:00,DEHM_noBD,0.17648827748003607,0.22508025706700685,0.21095363371594567,1.5036037852084652,1.6370361426541185,3.0940944450420114,2.6246673626049235,0.1228261510918145,0.09839921767308359,0.15143775928727632,0.039273451480863475
2014-06-12 21:00:00,DEHM_noBD,0.206583099248344,0.20449044259356916,0.18144728514091504,2.0103788338023088,1.7917661190688492,3.748045967086629,3.647504674059713,0.13746482942803737,0.08084837297205326,0.1728589891221623,0.03651377308074415
2014-06-12 22:00:00,DEHM_noBD,0.2252724672723677,0.20902607718081964,0.12080310295562545,2.458690543594278,1.8397495796981616,4.147066129984313,4.706963095470068,0.13020202636856404,0.08488476265606523,0.1912142837048369,0.03444066731226659
2014-06-12 23:00:00,DEHM_noBD,0.18935303493207548,0.15050434710492708,0.07797664623467125,3.0597164156002368,1.9721176862953698,4.420092765661852,5.881297276518915,0.09913169891973536,0.09696048660363522,0.19476448175767958,0.03253516566108796
2014-06-13 00:00:00,DEHM_noBD,0.13596569727034308,0.08453301120808489,0.08427388242364234,3.9064164337694707,2.1973483890981087,4.506608106482408,6.757680971204334,0.07608750635596913,0.10686882997408034,0.18044905799740923,0.030649851670882987
2014-06-13 01:00:00,DEHM_noBD,0.10207765252335355,0.09151393445042787,0.09177290697439333,5.104634300819075,2.3394570212756074,4.419442306563357,7.225119361667001,0.06783464122798269,0.09090062396201055,0.14378702819032124,0.029493432371302926
2014-06-13 02:00:00,DEHM_noBD,0.09819113723467557,0.11340012241726004,0.10472359866464613,6.535124610167689,2.22302957021721,4.221107928010473,7.320781791439003,0.07456633909564446,0.0659178606723277,0.12667372444936523,0.03184275073656432
2014-06-13 03:00:00,DEHM_noBD,0.10992713062178922,0.15685610762231594,0.13355524008424705,7.5574051757951555,1.9913493593547236,4.02313964316173,6.973526637066525,0.10586596480736502,0.05822588135818999,0.13833784937611532,0.04155225762609976
2014-06-13 04:00:00,DEHM_noBD,0.14463145271880967,0.23877985356898038,0.1405610940605447,6.782978933359674,1.4526991942039902,3.571959200697594,5.9351222068428005,0.11856852847589168,0.06146103071539188,0.15141836132419179,0.05579492724092076
2014-06-13 05:00:00,DEHM_noBD,0.17725161407426748,0.20634554200347374,0.14386882078291613,4.8404176339116605,0.8635741621786939,2.383096154650079,4.094665329898605,0.10006343355313863,0.058295136690266584,0.1627260291124193,0.06189696019867602
2014-06-13 06:00:00,DEHM_noBD,0.13999934645946713,0.1520034483423444,0.12740092490730862,3.3257058095785332,0.6341762619226612,1.1550820557831494,2.5899217149168092,0.084807013014145,0.05410031554359995,0.1483911656952063,0.0621082754696776
2014-06-13 07:00:00,DEHM_noBD,0.10458100745379902,0.12727642605466644,0.14134262384695226,1.9154165111380093,0.5693288518524448,0.5457725591229228,1.1029266653183596,0.07716454751477096,0.052933330912263946,0.11070634610202737,0.060640131403009674
2014-06-13 08:00:00,DEHM_noBD,0.09627126555961539,0.12257051386720616,0.17833063153202633,1.1968892512616847,0.651210925958706,0.528557345704527,0.6250074891791771,0.07365045692099717,0.05481136193322235,0.09332720679989079,0.0585262766963964
2014-06-13 09:00:00,DEHM_noBD,0.09336441112655199,0.12300543258153822,0.20647861550571378,0.9173475551887729,0.7492235510984435,0.6840539012982998,0.7532210042816726,0.07104521757597083,0.0563642842937398,0.10149996114118007,0.0554713853728933
2014-06-13 10:00:00,DEHM_noBD,0.09666698974227496,0.12303100763490771,0.2611533386880391,1.0014091845574113,0.9001451163824646,0.8392367542070941,1.0597875864668052,0.06852622243728942,0.05873637457352119,0.10729009006718626,0.052252371119877655
2014-06-13 11:00:00,DEHM_noBD,0.09534204066436786,0.10924792440991135,0.2632022302265733,1.0665137731455474,1.0416531898285075,0.8920202880810806,1.1190936408793273,0.06944635330297501,0.056321605368798947,0.11282624431369587,0.050089264342391325
2014-06-13 12:00:00,DEHM_noBD,0.09493875528710875,0.09347640069670725,0.22287011223604428,0.9387168559018546,1.0883336670363788,0.8594885575365554,1.0070863192585717,0.07076688801148429,0.05150998893376422,0.10762979638634414,0.0478081615031975
2014-06-13 13:00:00,DEHM_noBD,0.10959332050339406,0.08674519001960265,0.20254117940264862,0.8415119490301572,1.1594658753367793,0.8041562106736795,0.9940980988362967,0.06902838239768513,0.048513776154778795,0.10312208461770851,0.04538717194153916
2014-06-13 14:00:00,DEHM_noBD,0.11447185640800506,0.08408694882689789,0.1772439721525471,0.7296309044247307,1.160811358302729,0.8752724368558753,1.0209244371009234,0.0650904034845646,0.047609381335247204,0.10696785252739126,0.043792841490413875
2014-06-13 15:00:00,DEHM_noBD,0.09714026038524692,0.08269801409251047,0.1486515800187375,0.7681868788541462,1.002191571807484,1.0283578618301998,1.0278344795232697,0.061053623299034576,0.0495644461505911,0.10046897783595068,0.044778415646874216
2014-06-13 16:00:00,DEHM_noBD,0.09587813109672652,0.08335969854817159,0.1361178194900415,0.7212994517248648,0.774600455039665,1.0756590567092306,0.8981321885105914,0.05848160818347964,0.051689628779827496,0.08532883798503534,0.045223211909411316
2014-06-13 17:00:00,DEHM_noBD,0.08995535518027944,0.08056816648305459,0.14010536727648207,0.6600184275623513,0.5167530719317075,0.8864952582476515,0.7775160674940724,0.05712944440536689,0.05194228703771423,0.07967605274887629,0.04479546691940153
2014-06-13 18:00:00,DEHM_noBD,0.07766979091830431,0.0798192371779488,0.13259215458660376,0.6041378458878028,0.3759800263156926,0.6293348741480911,0.5927811443729876,0.05554754016777846,0.05004972960838491,0.0740926192625237,0.0441044922862433
2014-06-13 19:00:00,DEHM_noBD,0.07598605302836611,0.08063521237965479,0.11369567680307302,0.565572034291491,0.2538138035203353,0.4193351119838986,0.4464294518504314,0.053298903389649634,0.04570172473861427,0.06622362981325146,0.04229268275007417
2014-06-13 20:00:00,DEHM_noBD,0.07437100766019128,0.08524328887038819,0.10635176841506878,0.6602487784468964,0.18291427758192866,0.3048388447607301,0.5689040184773535,0.051775104953827054,0.04321164986514132,0.06224290691143527,0.040681359116219284
2014-06-13 21:00:00,DEHM_noBD,0.06985704142830322,0.10348514746481177,0.10312830256340567,0.7083906035160739,0.1357653156076626,0.22823028123664169,0.6253283602487474,0.04758395220154837,0.04325266729080267,0.05909541807128978,0.04025716792734704
2014-06-13 22:00:00,DEHM_noBD,0.06117057657066555,0.1189986829398258,0.10134414643432321,0.7233879979363868,0.12766709334406517,0.21517699310838376,0.7308720389967397,0.04924116963319973,0.0430140219183062,0.06228281695401028,0.040325473639557505
2014-06-13 23:00:00,DEHM_noBD,0.05996949866275286,0.11170554357843057,0.10528855117047531,0.8480332667668442,0.1474485691196796,0.28874256142208865,0.9164650828742108,0.05369669220345783,0.04230943589370505,0.06659577071713126,0.041265889147601494
2014-06-14 00:00:00,DEHM_noBD,0.06174501263617524,0.09980770360087038,0.11113790890779932,1.048557114155694,0.171167016599283,0.4360271303505508,1.1939803960973285,0.044677554587907946,0.041952287073839786,0.06678097255712312,0.04309598003608044
2014-06-14 01:00:00,DEHM_noBD,0.06122005839882415,0.10823690181696272,0.12628216796670447,1.363548542991114,0.20969446033621897,0.5850823053085354,1.1329012992062804,0.033868209065413324,0.04200048210753356,0.06282896499801296,0.044253647970005236
2014-06-14 02:00:00,DEHM_noBD,0.056240499014662194,0.1071287579754347,0.11121156461513398,1.185171760332724,0.2538744391807935,0.7211412439117064,0.9182199207285815,0.033626643742624855,0.0416834010873956,0.05538416493823805,0.043606993766203396
2014-06-14 03:00:00,DEHM_noBD,0.06281113285260503,0.07049520954248038,0.1032622307343125,0.9613378038610587,0.2813954504688362,0.8213941207177616,0.8819451756220169,0.036202451919705586,0.041421023833145866,0.05104578063741287,0.04491558172584382
2014-06-14 04:00:00,DEHM_noBD,0.05794641392405838,0.062089723313734205,0.07791341699149783,0.8507218682152871,0.24932729534876752,0.7584871654677763,0.8748415266633603,0.03927639085550461,0.03515899777545461,0.039215145777513914,0.049768004637511846
2014-06-14 05:00:00,DEHM_noBD,0.059480392136843856,0.057689869358384833,0.04796072006033897,0.7607443170236377,0.19742468289853993,0.5377335571437944,0.814657871358575,0.041326767703240445,0.03397500089855031,0.03924363155153165,0.056175796692967246
2014-06-14 06:00:00,DEHM_noBD,0.06648023134986106,0.06199863999747275,0.04707412054493886,0.7382411149980522,0.1968287624966538,0.3835644544352078,0.6639345824394516,0.0414959051911183,0.045772501493731875,0.04991753517360549,0.06142911708452722
2014-06-14 07:00:00,DEHM_noBD,0.075762697950204,0.06349491468466464,0.04994637667485685,0.641025772553638,0.1956215580427831,0.32382408778957306,0.5690507560495024,0.041570185535566254,0.05568826960546405,0.05139423030767866,0.06491110365529307
2014-06-14 08:00:00,DEHM_noBD,0.07060217367463648,0.05873287665940758,0.05346865630343674,0.5315120509250484,0.2176923299403861,0.2887956208827648,0.542038070136738,0.04146036055200381,0.06005493587289926,0.03846811841403065,0.06570422274144479
2014-06-14 09:00:00,DEHM_noBD,0.051919542984431875,0.06191674630651595,0.05906704935198979,0.524690284498155,0.22049413879190563,0.24895243170327735,0.49119858762138313,0.04169034136192778,0.0585903628714195,0.03254955852241475,0.06339139403142016
2014-06-14 10:00:00,DEHM_noBD,0.04154970965965235,0.0690443895252466,0.07081410480570378,0.6112863019032742,0.21843007365885178,0.25477257007981635,0.6299263089367058,0.042680398262228525,0.04949689459605589,0.03473701454958748,0.05918622745532062
2014-06-14 11:00:00,DEHM_noBD,0.05584133142629148,0.08013021951952234,0.08186303320045106,0.8406507311220885,0.2024809580707735,0.2820419249297515,0.8155330015757791,0.042994329293509256,0.04605138287354083,0.03725474946867312,0.05568993427244468
2014-06-14 12:00:00,DEHM_noBD,0.07942871418661429,0.08182811121492858,0.08111051594224744,0.9940201736456057,0.21560432241276356,0.2775836353730688,0.7729447279420233,0.04303698130388157,0.04731391917035901,0.041740170837838535,0.050163790655331573
2014-06-14 13:00:00,DEHM_noBD,0.0921876210193521,0.07963584214651247,0.07393455986704658,0.8586920435165026,0.23826919608843034,0.2934827737915212,0.6930875252634531,0.04269303306364823,0.04682667109511206,0.04205973853415888,0.047576074166274046
2014-06-14 14:00:00,DEHM_noBD,0.08651960777778858,0.07663575527316059,0.06508862049346663,0.7264867487992899,0.2291960177369042,0.3590943661295155,0.7836948932754932,0.04244242004832799,0.04566399682384967,0.04101162188106669,0.04658294110428648
2014-06-14 15:00:00,DEHM_noBD,0.07752617137240941,0.07167963600800129,0.06135396300911316,0.8129242938609915,0.23243739577454978,0.3678330065508791,0.904742276958533,0.04226636955336741,0.04398774629540733,0.03934334203660882,0.045101642993975836
2014-06-14 16:00:00,DEHM_noBD,0.07421526553618601,0.06529102054576723,0.0607601227203587,0.7459751001624576,0.23095337291508425,0.2982147599854179,0.8538971679948231,0.04361170847441818,0.04004715704576217,0.03899897730617889,0.044407352276080246
2014-06-14 17:00:00,DEHM_noBD,0.06862639020180206,0.0603802006778533,0.06212969222448046,0.6416861963166954,0.22765682036992613,0.23537598887653774,0.6798457072631726,0.0467276868393004,0.03803980223680285,0.040701895800339366,0.043919479089839834
2014-06-14 18:00:00,DEHM_noBD,0.0653724451823735,0.05812221718008198,0.06216655540221943,0.42407010202442597,0.21988617620344256,0.2134345711203383,0.45241818556821434,0.049437824664379945,0.03683753257650814,0.042080392836365395,0.04279541738317002
2014-06-14 19:00:00,DEHM_noBD,0.05985066845609215,0.060843837877330754,0.06303441841043989,0.3356333152111509,0.21903675799129518,0.19570147357009118,0.37382572581021994,0.0525393943457723,0.03854219823708151,0.04371795984050921,0.0410389095512765
2014-06-14 20:00:00,DEHM_noBD,0.056101347714429914,0.07917168043472683,0.07497792283512615,0.40162752451382466,0.24042705777034157,0.19540541054634192,0.5207266245827781,0.05949833561796295,0.039701969997114964,0.04171419232250753,0.04033197281797477
2014-06-14 21:00:00,DEHM_noBD,0.05200775701204017,0.15626895654096756,0.0728765218621587,0.547282800335769,0.2697230368129535,0.25450900627092676,0.7033844712651798,0.07519930938947139,0.040813594544056794,0.039963909570452365,0.03988872555161205
2014-06-14 22:00:00,DEHM_noBD,0.05156759868209875,0.34349010066902996,0.08905081858011023,0.763546074810072,0.3135908377493732,0.412224919967344,0.8672987806521731,0.08762308067585851,0.04773703738742708,0.04668702870497068,0.0393323760743777
2014-06-14 23:00:00,DEHM_noBD,0.05595789013173655,0.54479613026526,0.11549814030891042,1.01471162926682,0.36096821358041825,0.4311308820532634,0.9826097241361114,0.09125475973513203,0.05835444781163822,0.05132056910219116,0.038770887475804525
2014-06-15 00:00:00,DEHM_noBD,0.06025850948366314,0.7557139835344592,0.14708590552680328,1.0543252329425805,0.38936319852372625,0.4683257594925909,0.898462641462623,0.09959136192026768,0.06411450776192663,0.053619056631122014,0.038280293486101874
2014-06-15 01:00:00,DEHM_noBD,0.061748932201315096,0.7994960743910545,0.2664462582296357,0.893810855840568,0.4112623985696397,0.489822952024606,0.9064962508789951,0.09685264289964332,0.0647293603046392,0.05377646662265109,0.03753722721509424
2014-06-15 02:00:00,DEHM_noBD,0.05511326726960357,0.738214338416818,0.33853329066170035,0.8914246663934386,0.44669302049204695,0.4885934067242941,0.9421582623746794,0.08134166304212864,0.06599924154498656,0.05198118784944262,0.03651618831429618
2014-06-15 03:00:00,DEHM_noBD,0.05489751129731981,0.6224342552307149,0.2753158466370246,1.0044827929077855,0.47335186961777503,0.49513047043687647,0.977807756143551,0.0642133242203462,0.07030694968122235,0.05070406748699424,0.035003408722791986
2014-06-15 04:00:00,DEHM_noBD,0.05720115292623276,0.5779684989542083,0.2057104406813741,1.0063113356929085,0.45804922619506705,0.48399751736011587,0.9409098729295434,0.0608734384250402,0.07358234565454097,0.04960573799202524,0.03390111945544342
2014-06-15 05:00:00,DEHM_noBD,0.06446041107009616,0.38233031718223576,0.22209061186661,0.829664459964538,0.4284643299483507,0.42919342457166404,0.9364996549856913,0.06525511005850944,0.0804040656174171,0.049521521526841285,0.032705143656886884
2014-06-15 06:00:00,DEHM_noBD,0.07439416760622042,0.18639985741390255,0.24921824882243046,0.7921870191001135,0.3855174034270271,0.4225584294126228,0.8423742130119672,0.06333604134982175,0.08365908190117097,0.05295234387024712,0.032352284084155414
2014-06-15 07:00:00,DEHM_noBD,0.09719934729079421,0.0997548681939461,0.24264142164766778,0.75474675956591,0.35293610095420835,0.4288236331137176,0.8109748734840407,0.06562040773347849,0.08404536407858128,0.05133105563951969,0.03265134471022199
2014-06-15 08:00:00,DEHM_noBD,0.14706325421237268,0.12391307272326776,0.23088574152132707,0.7527755648868671,0.33460556091777033,0.41643710977150106,0.8163323927937587,0.06927453403839888,0.0845547471347729,0.04776985298710777,0.03267692936286027
2014-06-15 09:00:00,DEHM_noBD,0.15280155071761423,0.2113940842618407,0.2231258545195845,0.800629529683134,0.331302336587291,0.42909019842514995,0.8911278766700963,0.07172984225964463,0.08709264026865345,0.04608760493138854,0.032879058072227886
2014-06-15 10:00:00,DEHM_noBD,0.1461956659559503,0.1996503311176567,0.21194569057732343,0.8843146091495296,0.3470984090640953,0.4218646218613895,0.9131637987138481,0.07302429134158146,0.09176054405014954,0.04700631894322008,0.03330866015597211
2014-06-15 11:00:00,DEHM_noBD,0.15595189234232987,0.23672585409151758,0.21321795834025936,1.0385170426211483,0.33195680881271605,0.3405369950662424,0.9573049009974656,0.07482843278039399,0.09810669090595092,0.055621728681803054,0.033667038223815324
2014-06-15 12:00:00,DEHM_noBD,0.16239166535887853,0.1829013310359062,0.22964083603149388,1.188714364969805,0.31924673387984737,0.2561972862870955,0.9685366842372759,0.07918489083329426,0.10242506004916493,0.08847887846708173,0.033546205113945717
2014-06-15 13:00:00,DEHM_noBD,0.15897149023354035,0.12970183798668877,0.23693763132150042,1.100972010237273,0.2780132283974903,0.22633674751468214,1.0255888146213474,0.08517734904456127,0.10269192807910005,0.13342743590162126,0.03384113270980941
2014-06-15 14:00:00,DEHM_noBD,0.15615184005372565,0.11961168293989252,0.23630137685920455,1.1556048584973706,0.26071082733834156,0.21058302499225823,0.9789244929661343,0.0885255769263813,0.09288510595574496,0.1551590719445328,0.034756780541205554
2014-06-15 15:00:00,DEHM_noBD,0.15096465977593135,0.10653235097629489,0.24193067719554517,1.055007892012032,0.23532754067785094,0.2253204278058546,1.1129885867936313,0.08839528657993363,0.08263579215879081,0.12089299905018527,0.03509254446059341
2014-06-15 16:00:00,DEHM_noBD,0.1395350887145124,0.12725132180805018,0.2919904675102919,1.2118110219325002,0.20721866367503983,0.2178949505375883,1.0605446542694057,0.07628550647694424,0.08306631424026095,0.10013045026082919,0.03430340994406073
2014-06-15 17:00:00,DEHM_noBD,0.12447623354718257,0.17389688126442784,0.32680304066034727,1.0972016453059554,0.15695092867833546,0.21467331347357416,0.8812544889848075,0.05615507611480669,0.08938278216083638,0.09652256990774649,0.03210152165444196
2014-06-15 18:00:00,DEHM_noBD,0.11852607721711142,0.19562928630083612,0.3098190557991549,0.8176649985374141,0.12768653626363705,0.2256259464247372,0.8030678291609301,0.04843736649823062,0.10232386166700448,0.09377700786769425,0.030082555243876444
2014-06-15 19:00:00,DEHM_noBD,0.11815959513530944,0.22324518805492505,0.29077059546332445,0.8138517545189226,0.1384699057017264,0.3029017162367468,0.960795479039599,0.047786984246885204,0.11016647411849888,0.08949052423838524,0.029251174720993464
2014-06-15 20:00:00,DEHM_noBD,0.10577107517356164,0.35976848317755106,0.3046886550764122,0.966364027009464,0.17572346128859773,0.4275029974379124,0.9349669789563126,0.05357699622499616,0.12401991633830847,0.0824600968812913,0.030490411652425168
2014-06-15 21:00:00,DEHM_noBD,0.10832941973925558,0.40230805879493703,0.2786439723181071,0.912227243890974,0.1908259343579503,0.5228914952340479,0.8137750758489911,0.06261426110656627,0.13472969798531392,0.08098480180984387,0.0326480297388576
2014-06-15 22:00:00,DEHM_noBD,0.14868035789220588,0.4197933703995521,0.20846759062286224,0.8919880270543481,0.1899442050404869,0.6131765957819229,0.8884015091634122,0.06992275677188503,0.13873862577532134,0.08320676670702518,0.03443615015681133
2014-06-15 23:00:00,DEHM_noBD,0.17605625741802147,0.5120332654353982,0.1505647356717741,1.0423796568890014,0.2266066533443843,0.7424750972065279,1.0957576121622294,0.07653132939810921,0.1550976673624483,0.1132958599734652,0.034947150564270016
2014-06-16 00:00:00,DEHM_noBD,0.1799808845621253,0.5403224588912587,0.12187325145195466,1.287586939977198,0.2990340482222986,0.9880105060367772,1.3745306126457435,0.08212390789938269,0.20728452813403997,0.30145043371238367,0.03363887622857428
2014-06-16 01:00:00,DEHM_noBD,0.1809602183230965,0.49126176125692467,0.12468386841257091,1.5572835997739543,0.42663147878802377,1.124802306286858,1.255638042873036,0.07911820088503055,0.3223313239883847,0.6824645514730683,0.031855009670930585
2014-06-16 02:00:00,DEHM_noBD,0.17454532081420285,0.4198801930600028,0.1350899145547672,1.3621136253264867,0.4660710905425809,1.000823903764207,1.0981313807053479,0.06849747374140415,0.5015854005344234,1.1923669325988904,0.03191625066267891
2014-06-16 03:00:00,DEHM_noBD,0.1801355956456191,0.319214035920211,0.13326913029695853,1.168319703194853,0.42610712712256227,0.8737727989237429,1.0478134764726799,0.05732612757584916,0.5783226886410805,1.1940179621595968,0.03645527040079668
2014-06-16 04:00:00,DEHM_noBD,0.22346811481791534,0.22403109061099205,0.10454875900132338,1.0689348573337063,0.3192115489422529,0.6945769269037758,0.8671708669802569,0.052698731312948485,0.3862385364821932,0.8086679149643574,0.04142180378482181
2014-06-16 05:00:00,DEHM_noBD,0.2908673800780203,0.1674987932029845,0.08425096467916815,0.843439405884377,0.21522625677564172,0.4612589745590183,0.5635408726955482,0.05279365099487279,0.23838149857219867,0.38215948610545425,0.040057158695781254
2014-06-16 06:00:00,DEHM_noBD,0.3391913486764858,0.162762122240042,0.08188883276846137,0.5701084691652177,0.1979709284005498,0.30536818958572093,0.4568702218709047,0.05457976295620308,0.1808934113988626,0.2848311656171961,0.03749436726276467
2014-06-16 07:00:00,DEHM_noBD,0.3518657469418923,0.18732353048649836,0.08076216729159597,0.46346357469883626,0.18748746882313852,0.22283444064294441,0.38690883783282937,0.05633781207508532,0.1562766319777572,0.13345353221626582,0.035090664832235746
2014-06-16 08:00:00,DEHM_noBD,0.3461025674706324,0.22656107327147584,0.08545961343418737,0.46415129142529177,0.1944350915754864,0.20267895002111774,0.34646254839776974,0.05718155898595475,0.16388790201847195,0.12938370137595315,0.0341686059839643
2014-06-16 09:00:00,DEHM_noBD,0.359102481346526,0.22772231723923514,0.11259864622969043,0.529792911597595,0.20182116042296386,0.21083944387469425,0.24524937287040077,0.05705807945533169,0.14030660760399755,0.1897127458241767,0.034583627850644415
2014-06-16 10:00:00,DEHM_noBD,0.34282474940193813,0.1889122821940992,0.12400226985462927,0.36369369042703226,0.19883731479685746,0.2072858693574182,0.23874315072825217,0.0564079074007191,0.07734278958114556,0.24094206402250662,0.035770863619146595
2014-06-16 11:00:00,DEHM_noBD,0.30906715038131916,0.16463127757140888,0.13352253500820588,0.308188495664615,0.19724193771536444,0.20660555834123376,0.33526990512513555,0.057281567771961285,0.05640551137287043,0.3108650154362059,0.03609394800385801
2014-06-16 12:00:00,DEHM_noBD,0.30596188783116623,0.14033309185708978,0.25141499235648646,0.4314279448806388,0.19388524327626436,0.2272370131841045,0.44594862356836545,0.05660553803555578,0.05794997154175491,0.3295792726893745,0.03617491767383338
2014-06-16 13:00:00,DEHM_noBD,0.336770279374849,0.14978142989309146,0.42954453236580814,0.5466463089107871,0.19039343838407652,0.2224383158682937,0.4926239017317935,0.0555428525903848,0.05685216212064539,0.4742847250768344,0.03615490319811671
2014-06-16 14:00:00,DEHM_noBD,0.3092863372869975,0.2876517257777367,0.3503375582312629,0.6164371974293883,0.19564169366458425,0.19906022915818833,0.5248369101236589,0.05578721368228011,0.05155704849179235,0.5465763591203034,0.03597755304152489
2014-06-16 15:00:00,DEHM_noBD,0.2923476450442894,0.22948348501965862,0.2329308843013801,0.6103525385389721,0.20258263517327593,0.2063079749720985,0.5619728195942771,0.05710659449928191,0.045758217025862434,0.3129673309308279,0.035862784412299356
2014-06-16 16:00:00,DEHM_noBD,0.27095010736059394,0.08514037839688736,0.10199378356191083,0.5969805052055199,0.22381770503254594,0.21686171496748913,0.49299580754834454,0.05860117297230906,0.04401946425750345,0.23362571505720486,0.0347514093913088
2014-06-16 17:00:00,DEHM_noBD,0.36559306812934567,0.07349074248340322,0.06700235009743642,0.48008164077144155,0.23654036414220916,0.23437845481066008,0.30282069074662893,0.05925656079003123,0.04334567172782604,0.2191381272836727,0.033244747940871976
2014-06-16 18:00:00,DEHM_noBD,0.18511085134922525,0.06302935316993968,0.059972660513633244,0.31781934905531006,0.23316624807117492,0.24080302724709252,0.2566771472235469,0.05771887671372479,0.042104607048307305,0.2513255493175811,0.03174339806538792
2014-06-16 19:00:00,DEHM_noBD,0.06072834579091501,0.05477742186700402,0.056151156984044624,0.253407230963862,0.20924641252934917,0.2240257198710139,0.22668490737834562,0.054698659179635976,0.039951775476862184,0.35600420272239475,0.029969488562277494
2014-06-16 20:00:00,DEHM_noBD,0.053171143972305435,0.052275217982393436,0.05404632820951546,0.23829477131871207,0.16644202042571263,0.2060105932074624,0.2356301428048611,0.055762813895181486,0.039618567762883465,0.1434074267795645,0.027949882112167364
2014-06-16 21:00:00,DEHM_noBD,0.04871928413315199,0.053699859294179614,0.05385097674400413,0.32766935989147233,0.14483491920904704,0.19238356061777323,0.3118182419290727,0.05920518973297399,0.038893970282817124,0.05845504470122291,0.02611732088540796
2014-06-16 22:00:00,DEHM_noBD,0.05005071083945675,0.05764603999601452,0.054916878208791764,0.4289941406038971,0.13546682392768078,0.187316104547817,0.2831631944393776,0.060831414986978354,0.03786971096561952,0.05363534507323505,0.024564735945947325
2014-06-16 23:00:00,DEHM_noBD,0.05310160239182864,0.06088288375710323,0.06520917732982853,0.4560451251105607,0.13465633263284796,0.19247297439333624,0.26128168372605515,0.057663007644877654,0.03671339176872112,0.05083495434887946,0.023247280307042737
2014-06-17 00:00:00,DEHM_noBD,0.04936469934683274,0.06221282892276178,0.15351163637560675,0.48722949004787575,0.13312002803207829,0.2108436979033058,0.3113240229820974,0.0509103544650453,0.032969746680256935,0.04746104898486618,0.0221428842061796
2014-06-17 01:00:00,DEHM_noBD,0.0484336943212884,0.057664642465166165,0.3339413988696549,0.5130389812097996,0.13991004930793755,0.23294939236031714,0.3393053242704816,0.04370511455307427,0.030624755840773694,0.04452418636385991,0.021374600195704974
2014-06-17 02:00:00,DEHM_noBD,0.04821135339309862,0.054063491296273386,0.4161504400082716,0.47314424802512334,0.1389784306038636,0.24818985917337102,0.3564269198505587,0.041025623549061536,0.03317419288024881,0.04149862368789996,0.020957746309938012
2014-06-17 03:00:00,DEHM_noBD,0.047787057696527226,0.05676278337587324,0.43774674825851534,0.4551500196220507,0.15136454042007433,0.2204519175778934,0.3538466698605612,0.03925424975628289,0.035400126977895165,0.03688721181403898,0.021465009043224677
2014-06-17 04:00:00,DEHM_noBD,0.045146103061065514,0.053069536943790296,0.3983859045248904,0.45220934258282086,0.19281964835988813,0.2152391997478202,0.3818720413574421,0.03831534443617384,0.03602280918769322,0.032223503370434795,0.02249400001927739
2014-06-17 05:00:00,DEHM_noBD,0.04302697306944201,0.04778186380681189,0.28957471370777066,0.452968630801865,0.24595289078125254,0.2526075416033668,0.5256384864824188,0.03829075589636674,0.03289677994108179,0.03149914743558145,0.023054031905254044
2014-06-17 06:00:00,DEHM_noBD,0.04511018223091107,0.048202043813171,0.18875992876460068,0.5058876267572179,0.26619889176731454,0.3076381020753294,0.7371657469915486,0.03749275045500838,0.03034950583210744,0.03426807362564013,0.023883408637345116
2014-06-17 07:00:00,DEHM_noBD,0.049558787554360634,0.05099548895528861,0.10108986229774528,0.6891788593737697,0.2828383307787263,0.3387088904453976,0.865206711106183,0.03713951892698695,0.030742748115486093,0.03734781108935816,0.025092599942158216
2014-06-17 08:00:00,DEHM_noBD,0.0556666282869382,0.05333803010458479,0.08941774079740733,1.0006604735531046,0.3285079703063657,0.4468239125104131,1.0500600824250095,0.03991170426274104,0.030809266092328754,0.039387200573865355,0.027015338256385284
2014-06-17 09:00:00,DEHM_noBD,0.06480454106380694,0.05836118129297034,0.07976698712356384,1.3925611766778818,0.40847311624739774,0.5613650936820962,1.0463458448389324,0.04402165296251207,0.0312844726040307,0.039830385178385184,0.030231869268346645
2014-06-17 10:00:00,DEHM_noBD,0.07612849953811487,0.08832173254405482,0.11040594414039731,1.5170896362778317,0.45964916374746234,0.6280719324028236,1.091196215561996,0.047057443912367616,0.034660827907523804,0.04042823325110301,0.03328971006097167
2014-06-17 11:00:00,DEHM_noBD,0.09387239927868882,0.23868830491945953,0.15775322381662768,1.3996378903822395,0.4592920198268,0.6421241323510394,1.0446755319659013,0.049771987389553456,0.039396945640115415,0.040652202048517064,0.035923081423800164
2014-06-17 12:00:00,DEHM_noBD,0.1222810611153769,0.2624830279775778,0.17669972069368217,1.2597295336955818,0.4449622424761159,0.4477399598434705,0.8937408306099373,0.048811895667935916,0.04453257121950566,0.04056151171890615,0.03830501676033413
2014-06-17 13:00:00,DEHM_noBD,0.1240313620728442,0.2172162886869845,0.15882015471420946,1.1174644392758373,0.40472923607509814,0.28505936621699707,0.7461471037567247,0.04573873970116515,0.049123455074678954,0.04154496966565526,0.040254526912721036
2014-06-17 14:00:00,DEHM_noBD,0.11538718917472623,0.18645289407231042,0.15009029913581895,0.8801223042910884,0.37300417122226653,0.23957783568056978,0.6062840582298219,0.04484958707712994,0.05238426265492696,0.043979538018217405,0.04156941015040524
2014-06-17 15:00:00,DEHM_noBD,0.10646422134035605,0.1577609206447022,0.2026013431042664,0.597827036669713,0.3200740867627132,0.22111638640054943,0.43422329892113115,0.04703745528836383,0.05495949555369292,0.04758869242942838,0.042399398179755465
2014-06-17 16:00:00,DEHM_noBD,0.09622940902224215,0.17418275906468883,0.2032909926471124,0.52135732419226,0.2662693620596451,0.20899010086439077,0.2488427009233517,0.05257475462340275,0.0529767286695951,0.05141390779353007,0.04303644696734793
2014-06-17 17:00:00,DEHM_noBD,0.08962061010739987,0.19053732901461518,0.21117910047718372,0.32220753528429447,0.21560634383847915,0.2025526771394954,0.2217353398192904,0.061498777545478334,0.04934697762203316,0.054938753477100956,0.04343827608242124
2014-06-17 18:00:00,DEHM_noBD,0.08819533156067481,0.15511646155152953,0.17785113184939266,0.25111158072953754,0.15582406435852858,0.16974048423632376,0.1898055593620519,0.07089690031296544,0.04761066397523965,0.06077512670925466,0.042920631402934416
2014-06-17 19:00:00,DEHM_noBD,0.0897138590578048,0.14971759925438724,0.13998503419209654,0.17758429882381918,0.12075489499088357,0.158880905708536,0.19028206952147816,0.07402273162374207,0.04784896615784991,0.06862375431952018,0.04236896469548524
2014-06-17 20:00:00,DEHM_noBD,0.0936739979924727,0.5077700569530739,0.12162676011270515,0.2749384190392008,0.10170749796695522,0.1520493893767337,0.3005565814957686,0.07745071242965522,0.0558850574913019,0.07666195623334639,0.04293433860909071
2014-06-17 21:00:00,DEHM_noBD,0.0986785442979772,1.0481232329337782,0.11412019900023361,0.4057591011947705,0.10079259794030321,0.2272882137604676,0.42237852984421564,0.08319922818487493,0.06796793447767085,0.08056420574575934,0.042381728812633405
2014-06-17 22:00:00,DEHM_noBD,0.11652663778816807,1.1015379061206074,0.11634464211278725,0.5405792834810401,0.10153225493498134,0.3778206085592756,0.6439683401984175,0.08614128650672263,0.07931880642509008,0.08764383961130165,0.04058789123965294
2014-06-17 23:00:00,DEHM_noBD,0.15693936696827865,0.6573258604385757,0.13362350175392715,0.7934866185605305,0.10450586538253101,0.5132204806327226,0.9208931827434137,0.09201778715400015,0.09049983268315957,0.12963128028916918,0.03905368431703214
2014-06-18 00:00:00,DEHM_noBD,0.17830699259812932,0.416343521568688,0.148012463320548,0.8429434050088562,0.12275408510995788,0.5785619739074874,1.177787466545496,0.10374997769493595,0.11284009515760897,0.1898135644759053,0.03975401560011386
2014-06-18 01:00:00,DEHM_noBD,0.17832358895580508,0.3147251519665319,0.15251992324267263,0.8175179204349965,0.20367671131141463,0.5661877048686049,1.2567470114446013,0.09502090244645238,0.17382193610156155,0.2506654734465753,0.04181702809910889
2014-06-18 02:00:00,DEHM_noBD,0.1747245609938283,0.2794525796782783,0.12373235816039273,0.8299753532262566,0.289383033874668,0.4859117129165381,1.2204716742428063,0.0759730383568187,0.2682638224955265,0.3424738125943987,0.04394208862218814
2014-06-18 03:00:00,DEHM_noBD,0.1697743175381327,0.2491078873286162,0.09365129911055205,0.9401683249841211,0.3117963693414161,0.42276501221729934,1.0634918208020228,0.07065781849517928,0.3688663106464437,0.4473183706839988,0.04826530036232479
2014-06-18 04:00:00,DEHM_noBD,0.160342163265827,0.21887405695332202,0.07701076945644686,0.9304193702149692,0.29928529408581545,0.38489924970685263,0.6563946806579384,0.06657610790829155,0.2846175276819982,0.47379032421831346,0.054367115544287255
2014-06-18 05:00:00,DEHM_noBD,0.14012275024660853,0.17175081819862578,0.07179739366098065,0.7334909734349709,0.3040346697567588,0.309362609232338,0.48234323160573545,0.06103602843544899,0.245404132011471,0.3549793963762154,0.05706459361796486
2014-06-18 06:00:00,DEHM_noBD,0.17816218217362645,0.11759173282808144,0.07079913084160125,0.4985632388866691,0.29384778732315625,0.25173866818271573,0.4110205450033334,0.058659788645812436,0.1783065516981831,0.21020400761879504,0.05810131564050515
2014-06-18 07:00:00,DEHM_noBD,0.3648230087662535,0.07310354009186185,0.07221345720151782,0.3846065597532346,0.29820741234336956,0.22874143977810377,0.3300895277074095,0.05762303085548111,0.11163991269671339,0.1578115708706631,0.05843730755181535
2014-06-18 08:00:00,DEHM_noBD,0.194749472343698,0.07511649127408668,0.07867943804786284,0.3783477071947226,0.29332985434625286,0.23455397960781815,0.3428853886125084,0.05707913650401431,0.0884680947654972,0.12802997621311793,0.05845505529273377
2014-06-18 09:00:00,DEHM_noBD,0.2219286422271932,0.09826618431698865,0.08885143219900533,0.4077665593695896,0.2682315353790856,0.24684099499932471,0.4121639255568086,0.054896233164629965,0.0765837581707862,0.15442764404660075,0.058374098634441596
2014-06-18 10:00:00,DEHM_noBD,0.23730443648273108,0.08508687773718604,0.09465982965765274,0.523775712655667,0.2870511596763738,0.2726360340722207,0.4931241159115799,0.05171070126513422,0.06879268603709984,0.20357821455683556,0.05730606446327623
2014-06-18 11:00:00,DEHM_noBD,0.21976410258097562,0.08924730654352223,0.09968229171333821,0.6560462191480334,0.3024828155149798,0.29994586988880517,0.5333491795332906,0.04844198216909575,0.06284273289996298,0.19596415916911317,0.05596291227433985
2014-06-18 12:00:00,DEHM_noBD,0.22889458073481903,0.09215394719750021,0.10725760693408537,0.6962226443169917,0.25133080440600386,0.30037814547311503,0.7179032970199661,0.045144098215483416,0.05606860617503975,0.12326988611253896,0.054930419080444
2014-06-18 13:00:00,DEHM_noBD,0.21937472277292502,0.09309917218265229,0.10689229751880269,0.9524992112740914,0.24518223153878918,0.27532462099120236,0.912489907551254,0.042802746059910794,0.05370350248952742,0.1107454030628199,0.05393297752420415
2014-06-18 14:00:00,DEHM_noBD,0.19525063103231113,0.09010561323472516,0.10630827977579071,1.174115138846635,0.2423418671994656,0.30697017209748134,0.8536875292633426,0.04519050650543521,0.05394743862632022,0.10381159128338424,0.05273241166787988
2014-06-18 15:00:00,DEHM_noBD,0.16495022709519583,0.08682313790684612,0.1365131349039099,1.121128777865946,0.2406090114220416,0.3838741153992676,0.7649734601858421,0.05113332498242508,0.05435982392949827,0.1177660224150003,0.0517051591477454
2014-06-18 16:00:00,DEHM_noBD,0.1439607403010058,0.08652761997143728,0.1666691010542142,0.8349160802850848,0.2363219042856337,0.3844232980336364,0.7386626506342076,0.05719703157320909,0.05786612512530271,0.12518472367503197,0.05046480223960216
2014-06-18 17:00:00,DEHM_noBD,0.1457446872776908,0.09480564610468036,0.20496136525608827,0.7348319517490822,0.24616687073537133,0.30031749401568364,0.6639107332442189,0.061780401187140496,0.06760728878021986,0.1373841387972863,0.0489009991250837
2014-06-18 18:00:00,DEHM_noBD,0.14256517026837853,0.09807465963704334,0.27064930468831194,0.6400500200874846,0.24770099494826037,0.26902308202565395,0.5992856679813181,0.08066665254333978,0.07350266931291893,0.14557231019029615,0.04648318098688913
2014-06-18 19:00:00,DEHM_noBD,0.13793537451550147,0.11085560335340038,0.3008350727408285,0.6098218416709739,0.2615995977131695,0.29915418329382804,0.51651182492429,0.12955359817040754,0.0729050908243265,0.14521362359257678,0.04509332975837719
2014-06-18 20:00:00,DEHM_noBD,0.14135238169055583,0.1332451836489439,0.3318583575202802,0.6432763155120704,0.28005699249143706,0.32254515869640094,0.5332574798837366,0.1540685468815722,0.07675043539230432,0.14592714956247282,0.04410194885244676
2014-06-18 21:00:00,DEHM_noBD,0.1678797740159242,0.2565049930348502,0.33324840602109196,0.6667577858114587,0.29579823872767375,0.35991878706441566,0.5567950668181605,0.13348937276222084,0.0868446250759766,0.16660099566173162,0.04267632774335171
2014-06-18 22:00:00,DEHM_noBD,0.1554646879773632,0.37285077906735936,0.2802033983368611,0.6824299961758542,0.29670435511953425,0.46270770616954776,0.7084433262468594,0.11155332129352713,0.11526971810327347,0.2904155792055564,0.041349141833121474
2014-06-18 23:00:00,DEHM_noBD,0.11533354155006169,0.3104711279634141,0.2281287566001712,0.7843644781793584,0.2882376640460499,0.546378387683155,0.7889422424220385,0.10480101311818568,0.1339361075196015,0.5391621910149457,0.04043319574493542
2014-06-19 00:00:00,DEHM_noBD,0.166746384212945,0.23337145954455002,0.18810363855396375,0.7931586638300958,0.2933941211444091,0.5422140170121006,0.7471679042374679,0.09794259877643659,0.1278232871472612,0.707296301039156,0.040314261638011724
2014-06-19 01:00:00,DEHM_noBD,0.32712376092944984,0.21830116624687038,0.14104683704369692,0.7233122989031591,0.3270076574150123,0.5078156026699394,0.7742744557682365,0.10218847315526088,0.12641506884327142,0.51141554253926,0.0399636772210848
2014-06-19 02:00:00,DEHM_noBD,0.3967095435028568,0.246443745804678,0.11737845122012525,0.7343535118336323,0.3782713053051474,0.528536048381701,0.7236221283740176,0.09686141340840598,0.18901252898231133,0.23889365950193236,0.039437388624316914
2014-06-19 03:00:00,DEHM_noBD,0.3090509126982092,0.21332579365170493,0.11902916917572257,0.776770958925602,0.4277521284983865,0.6160595919303455,0.6484634995654319,0.07341338281927622,0.18216051833040994,0.4508706149511783,0.03886866019101637
2014-06-19 04:00:00,DEHM_noBD,0.24662809540109698,0.19207140661003694,0.12272740134295178,0.7000376287489709,0.3587617230421676,0.703109686778113,0.5499632866011815,0.06949111073157725,0.11944029932287983,0.4935394827132671,0.03978074306215427
2014-06-19 05:00:00,DEHM_noBD,0.26070605467624947,0.21472473587421692,0.10252067957129776,0.5727259739601309,0.20608100007673716,0.7618359115915094,0.4622634609326999,0.07846789698068499,0.12591465870939186,0.33974646319719953,0.0414091995125328
2014-06-19 06:00:00,DEHM_noBD,0.26270575780644534,0.1950339703392062,0.09007885669204392,0.4467657319437873,0.18586707375487302,0.6748492368483077,0.4159781910150835,0.07341246094227757,0.15001014492362724,0.26093573681292104,0.043777889433514426
2014-06-19 07:00:00,DEHM_noBD,0.26058073584377284,0.16349393226852055,0.10849581439516953,0.41149245670965157,0.22038737759264176,0.4091036530511872,0.3662546244794903,0.05967312352688971,0.13449820663299397,0.24798758029304435,0.04650603242111161
2014-06-19 08:00:00,DEHM_noBD,0.22918138838499771,0.1513157050509983,0.10008897922180815,0.4097186396443959,0.19773997415232467,0.25096304975219746,0.29864563415686474,0.05006432921960934,0.11131247107232914,0.2601006507400329,0.047840971765869995
2014-06-19 09:00:00,DEHM_noBD,0.18817557147081007,0.11415827509348729,0.08378701368933715,0.3600860274333514,0.17512044228538864,0.18939363021858374,0.22993590460537114,0.04844805522389695,0.09948210473885753,0.2603395210624391,0.04784364684979398
2014-06-19 10:00:00,DEHM_noBD,0.17096032018455423,0.08359928586644104,0.0881524356333929,0.3772000037872828,0.16711457426084192,0.21115420930631862,0.2887808960866778,0.043579310600096205,0.10034421905718496,0.21839553644461537,0.0478292914486587
2014-06-19 11:00:00,DEHM_noBD,0.151454209734653,0.09941373625083105,0.10754806624378763,0.5373360510336682,0.17376867263333856,0.25504629356023434,0.3559798490450469,0.03451268979170115,0.10794062123478558,0.1932202106125651,0.047194142012618776
2014-06-19 12:00:00,DEHM_noBD,0.11905179392755497,0.11673878824483125,0.12410772482415718,0.5800043540248458,0.18760907180713474,0.2536099259828868,0.28866862304909724,0.02764548849266125,0.10250779271483473,0.1661265689325425,0.045699040030933925
2014-06-19 13:00:00,DEHM_noBD,0.08631787507316542,0.11696746658979894,0.1512553357082604,0.5251190720970141,0.1920873126343823,0.23364119244896098,0.23878828197036592,0.024200390300466574,0.07277416461010916,0.13831527980365774,0.044573591515853724
2014-06-19 14:00:00,DEHM_noBD,0.07860925012480678,0.11661936828945521,0.18111765113744882,0.3489591708911047,0.16323145519299415,0.24751458654153852,0.2580287107857237,0.023506724909045533,0.04129786123719047,0.10680398107408065,0.04343024961411972
2014-06-19 15:00:00,DEHM_noBD,0.07390303011211939,0.1211292311270744,0.1671648863901569,0.26514164520382755,0.1505202468132878,0.21430130117524168,0.24149205580191105,0.02789391557382635,0.030495076495106244,0.09975416991682248,0.0421857332025971
2014-06-19 16:00:00,DEHM_noBD,0.068891673063099,0.11209851298511958,0.1426906782200932,0.24065996253481622,0.16154027284009365,0.16839771752989607,0.1314115477218792,0.03394123900026765,0.02952139668878718,0.10183215996724838,0.040498537649866835
2014-06-19 17:00:00,DEHM_noBD,0.06320396845508133,0.07994020050716537,0.12263480879010157,0.14318131048289842,0.16066206393912424,0.1676354286810044,0.11974675646793352,0.03331570743350762,0.03073438241872002,0.06272960899732986,0.039132068548031515
2014-06-19 18:00:00,DEHM_noBD,0.061225810805493275,0.060885151993833965,0.10058812600344999,0.11447166773752002,0.13446591159649177,0.16114939974129255,0.13992003100138725,0.03148612647528751,0.027554369845181715,0.057439899961268887,0.03810964997745713
2014-06-19 19:00:00,DEHM_noBD,0.05862302180247883,0.0530028272497149,0.08341328688222273,0.12248586550033116,0.13117328398425118,0.15586624540697858,0.14941656761714947,0.030125020566230887,0.02183821085509952,0.07179564820117772,0.03762435898156618
2014-06-19 20:00:00,DEHM_noBD,0.05705671539616028,0.05004567665434485,0.07412844791395996,0.14285304675033839,0.12827311845816664,0.14761252870736935,0.14884635025172974,0.030194886815279553,0.016840483561745986,0.07588013566971218,0.03837468212311648
2014-06-19 21:00:00,DEHM_noBD,0.049316060570460306,0.04685082270511662,0.07207478828392759,0.1772752393016758,0.12248574822474251,0.14631296170604258,0.17886887887794645,0.0318097326541685,0.015559294220975187,0.06972721307916971,0.03651146733555417
2014-06-19 22:00:00,DEHM_noBD,0.04380748148813882,0.04330072954267904,0.06996142396415865,0.19631765499870218,0.12077687167416314,0.14682190841670079,0.21977902758568085,0.03403845185489386,0.016331587929117868,0.05296819576490596,0.03259669606812053
2014-06-19 23:00:00,DEHM_noBD,0.04296403913845713,0.04000294382430976,0.06695099485118879,0.204882512609189,0.12154883640850875,0.1520440884221815,0.27863260722664346,0.03592392323720016,0.02097039005313528,0.03891029818141888,0.02814773766845272
2014-06-20 00:00:00,DEHM_noBD,0.045800994038150564,0.03732799955873675,0.06149674958722248,0.2952455748812218,0.12879739949679,0.17147931856178783,0.3021906225705509,0.03607938700738146,0.030345802364251145,0.032272412326393725,0.024024079320989603
2014-06-20 01:00:00,DEHM_noBD,0.04561968640244325,0.03716254686718697,0.05444078871281109,0.35080696091354696,0.14227751239067862,0.20215656400222143,0.332726209051316,0.03526940863427024,0.03460969176283223,0.028799613196143256,0.02052433286254409
2014-06-20 02:00:00,DEHM_noBD,0.03335515320409836,0.047748433124473834,0.04486006755212796,0.3750204429198064,0.14423970372928294,0.22155099738458311,0.3252892202632253,0.03398104145219077,0.03498901146618465,0.026018529329391655,0.01711910512536098
2014-06-20 03:00:00,DEHM_noBD,0.03854153181956962,0.08176213142927426,0.03613182665544497,0.38825744341612306,0.14265858588192593,0.22248986596616915,0.3193516361246806,0.03546622482175915,0.03171518278365428,0.024735714515592415,0.016089675928897974
2014-06-20 04:00:00,DEHM_noBD,0.04299454711339972,0.06299120816233714,0.04194055867249251,0.2876462511794571,0.15690469726831174,0.1939617600574271,0.21861501560400332,0.03752565485281398,0.03014229576710751,0.026400375955848644,0.016545867076438646
2014-06-20 05:00:00,DEHM_noBD,0.04659127168089541,0.039973363279150756,0.05247699222364903,0.13480704040264993,0.19293980777411698,0.1657675234550283,0.13565111686038775,0.036497001198838634,0.029232480566980024,0.029507172564517334,0.01634093414499178
2014-06-20 06:00:00,DEHM_noBD,0.048851720161622314,0.04028682161656886,0.054196971152559455,0.1333997752033749,0.22222578065760415,0.19842969534033322,0.17108336675126276,0.03562061311152031,0.02739408880175086,0.03369278143948828,0.016382905429402513
2014-06-20 07:00:00,DEHM_noBD,0.05039242727576505,0.04016716325826296,0.04942954237312871,0.16621167826812117,0.2798126953629589,0.21988995781151568,0.19584146797173116,0.0350352424121882,0.026522784968688932,0.03813194006990062,0.01676534053256261
2014-06-20 08:00:00,DEHM_noBD,0.050001881565224886,0.040243733274922554,0.06537174989549896,0.21010579828196307,0.3351801201875879,0.26629569070759107,0.24789378913785437,0.03478879128353517,0.02765585266077351,0.039583897514978476,0.01772061965027464
2014-06-20 09:00:00,DEHM_noBD,0.050264558894676035,0.042728559315008935,0.0802058845176302,0.30613123288786087,0.3377716023841872,0.3419062642865628,0.35355248650939775,0.03532735014571731,0.02885656725664497,0.03873057005113376,0.019361361409647976
2014-06-20 10:00:00,DEHM_noBD,0.05473185052536422,0.04679433819937967,0.09419554406411473,0.4159728436987241,0.3046979723045601,0.34236939272701616,0.4223691879713226,0.036809512355811556,0.028535214542825857,0.039408790378013724,0.022219202353163745
2014-06-20 11:00:00,DEHM_noBD,0.06424554890185116,0.07075186137498343,0.09635405219216348,0.4423574667275883,0.2873272242802754,0.30391917193822326,0.4108458194247056,0.0400121506601327,0.027779454327547477,0.039246415229738534,0.025414721704776103
2014-06-20 12:00:00,DEHM_noBD,0.09035358140540994,0.16249922791040722,0.09292866807861705,0.41143833657781287,0.2806108692129514,0.3119947384428732,0.40522813656462753,0.047260318043085184,0.02737418888024777,0.03912774111068778,0.029406438386182305
2014-06-20 13:00:00,DEHM_noBD,0.10107602017963987,0.18752597429654372,0.12362634187028262,0.35497313067471775,0.25326862610254425,0.3487196463643095,0.4132091648868406,0.0574241176859917,0.028243689820388027,0.04021806681830841,0.03406629241900247
2014-06-20 14:00:00,DEHM_noBD,0.09204603508886114,0.13697617741029727,0.13778004076600994,0.35299849456620336,0.24473154994804394,0.33199479101840157,0.4078908746563137,0.05347318163476472,0.03079194460744855,0.04047724063512037,0.03729539598854917
2014-06-20 15:00:00,DEHM_noBD,0.06829345191256599,0.10094104489185658,0.10599464687192334,0.35197037999418035,0.22606849178474384,0.29335045235205603,0.3574173753655322,0.045575963409666,0.036417761096764485,0.047303909682936934,0.040151274563497
2014-06-20 16:00:00,DEHM_noBD,0.05689945623416557,0.13550559333480558,0.08433703062049101,0.3021881527520064,0.21218950163712713,0.2499894300769676,0.22388040290131778,0.04814548212560465,0.04116574076577201,0.05553696554119226,0.042370081201512776
2014-06-20 17:00:00,DEHM_noBD,0.054298399149612764,0.15097496417897271,0.07049392853757816,0.2486991488112439,0.2038760225959494,0.22281158560308958,0.22761363557939407,0.05146559634576837,0.04350562789988337,0.05920690353847712,0.04470198231837263
2014-06-20 18:00:00,DEHM_noBD,0.05912859464366451,0.2085771644966888,0.06665963487993914,0.2064985292611646,0.19906612586919212,0.23082861463567117,0.2372944884328212,0.05055138014552626,0.04280240808839776,0.06059886667612321,0.04570556708643824
2014-06-20 19:00:00,DEHM_noBD,0.06336345657358305,0.15258700747853945,0.06524961141094553,0.19990020252262392,0.18585678405281145,0.24421353770796225,0.2766333026733648,0.050946775523749994,0.04189829015847828,0.057698494823004286,0.04529767596621561
2014-06-20 20:00:00,DEHM_noBD,0.06984478055656126,0.09366944569291327,0.06965262970203757,0.28498796517724234,0.17751109213147293,0.25595039714545964,0.3724160684363996,0.051550102129967315,0.04489131341318246,0.054851022030958776,0.04554342286359752
2014-06-20 21:00:00,DEHM_noBD,0.08900486513866802,0.10618189346965837,0.09071856097851529,0.3883108187202523,0.17419972700505504,0.32388667147872147,0.43979902078683697,0.04826880360969681,0.04969053237743676,0.052754466044308654,0.04521304212704551
2014-06-20 22:00:00,DEHM_noBD,0.16362186840182502,0.11203175822843639,0.10534691109110417,0.5262522698606236,0.17607304271802296,0.42923836938490095,0.4410397540980401,0.0429924200560751,0.054875805997426017,0.055865096598231946,0.04398624606565188
2014-06-20 23:00:00,DEHM_noBD,0.20315479706581666,0.09467670682718174,0.1160806661290058,0.5195628303930746,0.1689872494305017,0.5349021739888026,0.4507046196553418,0.04207255637541171,0.0590282604462856,0.08416789431372516,0.041885227628077434
2014-06-21 00:00:00,DEHM_noBD,0.1567482291782517,0.08670360344930521,0.11947082026567765,0.5383183266259612,0.15571399139571462,0.6227207834058608,0.4658173744333409,0.044314120620890615,0.06480300757954799,0.1164697760552004,0.03908495966773565
2014-06-21 01:00:00,DEHM_noBD,0.12621471033290826,0.08836440785847498,0.10834182666719532,0.6105054482066001,0.16198017859106395,0.6482242789620849,0.5156327437810067,0.04306320370322074,0.06547818460852514,0.13922934873952053,0.035488231157934265
2014-06-21 02:00:00,DEHM_noBD,0.1114279894903592,0.07986317657672959,0.08888904047467651,0.7433485530837486,0.17534264393182697,0.6195953386606678,0.6094545271722482,0.04192856207750732,0.0695488414908848,0.15373661642605424,0.03170270275857685
2014-06-21 03:00:00,DEHM_noBD,0.10830923677399977,0.07424601193778618,0.07193778307324498,1.0136051714474195,0.18374393667614777,0.6183892418136534,0.8419293687112711,0.03995059920673241,0.06705202968737602,0.17238097585780301,0.029685393235292037
2014-06-21 04:00:00,DEHM_noBD,0.10797767609645124,0.08576314865432753,0.057378516243373076,1.1888703951264357,0.1912731853518658,0.629184346108231,0.8714958022306671,0.03765826079744599,0.05989491569257303,0.1473650968074573,0.02936400503936063
2014-06-21 05:00:00,DEHM_noBD,0.10663981654860523,0.09279711822916019,0.04801288118629595,0.877903994026993,0.17556627137050484,0.42471237843220977,0.42663619025788047,0.0374214839191597,0.06486225608358367,0.16797880470905435,0.02919110635210268
2014-06-21 06:00:00,DEHM_noBD,0.10891246075382914,0.08956509126384682,0.04642130868558415,0.5187282363909337,0.17632023582302017,0.21330923134533009,0.22596795540621525,0.03618208390095818,0.08666900535674525,0.189505745776179,0.029035901421354295
2014-06-21 07:00:00,DEHM_noBD,0.11077847646161905,0.08287271761535372,0.04614887963355803,0.2930534032094936,0.18414728380442585,0.1726471674743847,0.18182830857677162,0.03571303889433264,0.09863952252115578,0.1909649815496149,0.030012721553557352
2014-06-21 08:00:00,DEHM_noBD,0.11429324377510684,0.07869426068291871,0.04845845012836215,0.20694047611287053,0.21248650433697722,0.16783951861244434,0.1855895101170439,0.03627864649720247,0.08865311895868265,0.20246588058709153,0.03253998753388038
2014-06-21 09:00:00,DEHM_noBD,0.1004633566087669,0.08109543790625398,0.059697530294645064,0.2132315237092916,0.2862549791532474,0.20324001859830682,0.20311525874825762,0.036836062892760944,0.08101630459016412,0.220729348462466,0.03490965714768576
2014-06-21 10:00:00,DEHM_noBD,0.10010012454074332,0.081026321847299,0.07528442283610334,0.2945085100820075,0.4611322985244913,0.32243529282883965,0.22596648784325798,0.038401539338802824,0.055976667377825216,0.17518233977059822,0.036881741596167326
2014-06-21 11:00:00,DEHM_noBD,0.1064360776240936,0.08908805625312027,0.0947281777101521,0.42419373643076097,0.7196529953446983,0.5664845570053091,0.26444178910769633,0.04020596342870895,0.04222732606865278,0.1373444693488859,0.038598432552716264
2014-06-21 12:00:00,DEHM_noBD,0.12305305688674545,0.09804375338359253,0.10127231435020094,0.5480928135148901,0.9349122516992501,1.006010032949992,0.41476385526132054,0.0393700190248538,0.03887297973459925,0.11219358257755628,0.039044775899610806
2014-06-21 13:00:00,DEHM_noBD,0.10343798815953527,0.0898646974610512,0.10349582903730438,0.7789448432947264,1.0804018409993312,1.4490899457795385,0.6932393959640362,0.04167868146986491,0.03819326814471784,0.09455982400520693,0.03829494828870938
2014-06-21 14:00:00,DEHM_noBD,0.1426763268534884,0.09858070080713113,0.11501989030341025,1.1928173577189987,1.3579617689173529,1.9866086211113516,1.0544015764208954,0.043670218076328586,0.036762900942503715,0.14157633482014978,0.03680227657087358
2014-06-21 15:00:00,DEHM_noBD,0.11402151985663438,0.12867895640793015,0.11784107349294225,1.2797270525872289,1.8216925493932608,2.1912228915632266,1.1989323529744427,0.044859017611127164,0.035518261023907254,0.1904999232894925,0.03480818323338778
2014-06-21 16:00:00,DEHM_noBD,0.07837503121484997,0.12962768098570512,0.10305709997743945,1.1768143269757019,2.2150627709677444,2.1619766613245215,1.355219732989777,0.04885579535186279,0.03413638557963758,0.08691078672989236,0.03264872973730073
2014-06-21 17:00:00,DEHM_noBD,0.0799290446653982,0.10381107164452422,0.08076525487437339,1.310788313813008,2.1753015105774254,2.2755112405233753,1.45534331253173,0.04769681169103241,0.037208507450384495,0.04621689267243162,0.03086986267458812
2014-06-21 18:00:00,DEHM_noBD,0.07512068995504108,0.09507046419150178,0.07010643899689428,1.577715461321155,1.5833597468986782,2.6401066513566462,1.6822521577866734,0.04156165652502428,0.042962231819492075,0.052144408457203306,0.029018054689253236
2014-06-21 19:00:00,DEHM_noBD,0.07227374295967094,0.09341397561967499,0.07296167097765242,1.9948188460716725,1.142504966017194,2.9414929764502995,2.469710322388855,0.04320513418118405,0.04441352034393675,0.0693807299802806,0.027871033934561657
2014-06-21 20:00:00,DEHM_noBD,0.12700922901102105,0.11364101764645487,0.08275994133350421,2.69215897874814,0.8642677315024263,2.6309130069026483,2.940301486215489,0.04322621873893413,0.04528535711282187,0.06614411795615564,0.027133325134698374
2014-06-21 21:00:00,DEHM_noBD,0.13466358876377796,0.18860489655860163,0.08820143050831554,3.392728365104232,0.7867440577863575,2.139756691657449,2.7323698121331494,0.041013158226227836,0.04661774636795867,0.06157730397966629,0.025977582983821815
2014-06-21 22:00:00,DEHM_noBD,0.1300269065150081,0.23901858876626492,0.0946837634547155,3.5636386446788446,0.7191987061240152,1.6256273260785021,2.152301665769492,0.04027994297479964,0.05012208536084119,0.06362285904700159,0.023813792588120955
2014-06-21 23:00:00,DEHM_noBD,0.12221896392178477,0.21904371419710264,0.11361259774745429,3.0121608091406284,0.5780514008496981,1.481531866269286,2.0014219905142823,0.04102924286510466,0.052376393445209425,0.07095007820458057,0.022863476890335105
2014-06-22 00:00:00,DEHM_noBD,0.12916965534293662,0.15389694667914894,0.1403649014376382,2.704371786663645,0.4866394070115498,1.3772383257444165,2.0808819080580423,0.04504593625446835,0.054875568285492275,0.07088775431544508,0.02250530650137318
2014-06-22 01:00:00,DEHM_noBD,0.13228503122654264,0.12248541609133534,0.14440120183272265,2.6994022621814615,0.433389220561143,1.2908685502115298,1.9112848932564563,0.056856257428728164,0.055891640622665176,0.07000753543196465,0.020703811024528083
2014-06-22 02:00:00,DEHM_noBD,0.12834151670197708,0.12098500948608996,0.11145143023934195,2.6550750759995014,0.4023431630103661,1.2506967659470778,1.6352942488323214,0.06363949308861319,0.05442205381253988,0.09249137112481866,0.020154698066633194
2014-06-22 03:00:00,DEHM_noBD,0.12878588193713675,0.1032691855828035,0.07162999723275179,2.3868074458110478,0.3743166098979614,1.1339091298942947,1.2781830353117898,0.06302928901765978,0.05195996187334073,0.1293732227739063,0.021207808534045944
2014-06-22 04:00:00,DEHM_noBD,0.1478047864859549,0.06947692774448094,0.06065628385538782,1.7151843083539455,0.2601737784620769,0.9011200780539179,0.9058413028781707,0.0640495948688999,0.044633998139713235,0.14064843321426887,0.024080400896790838
2014-06-22 05:00:00,DEHM_noBD,0.13111862302291186,0.050567706988115566,0.053982802743702415,0.9068792072380367,0.18955180151661388,0.4515635115195425,0.6352536395254893,0.06498729665460287,0.035686547619764156,0.16002844293061141,0.02513559145252444
2014-06-22 06:00:00,DEHM_noBD,0.10836120119506483,0.046051361721734685,0.04983962931570619,0.5322989721242823,0.18144092135989087,0.22120575952080532,0.5294010098487557,0.06317411688096798,0.031511112941467814,0.1743549880160877,0.024894270636005026
2014-06-22 07:00:00,DEHM_noBD,0.09738384282259252,0.047295880269870326,0.05363610757494741,0.32391318038734596,0.1819843784480541,0.21094883572519166,0.4091268959863401,0.061762344172289374,0.031286300850631624,0.20059173730432045,0.0237269584289107
2014-06-22 08:00:00,DEHM_noBD,0.08632818117197588,0.06366418166739847,0.05940003543774883,0.33657009437876545,0.18720585290143243,0.21963851033702708,0.33847834259706455,0.06235842457192478,0.03237640150208712,0.20869444770326823,0.021799681301396538
2014-06-22 09:00:00,DEHM_noBD,0.1230675166790093,0.12569090524012444,0.06877054527414364,0.49503458790010507,0.19413679156486868,0.2581512249780444,0.30057787169895356,0.06245436053405037,0.03682816276981184,0.14078350311722593,0.019960375368876803
2014-06-22 10:00:00,DEHM_noBD,0.2523620032582617,0.08750616680928253,0.08062982153532078,0.47249965506093217,0.20025171112342732,0.274844566661571,0.3055208288882205,0.06182492395210773,0.04416021184326197,0.13389572200845917,0.01904334948647873
2014-06-22 11:00:00,DEHM_noBD,0.1133861319970338,0.07815279403061592,0.0889989058611226,0.4013456080968856,0.2094302543270866,0.277616042960307,0.26503217737165913,0.061146745790492056,0.04986005225735942,0.14338233589002852,0.019371009088379167
2014-06-22 12:00:00,DEHM_noBD,0.10534714329927213,0.08136214007013003,0.09688029863140081,0.40645120441345406,0.214492245371444,0.31092649502869685,0.2506963337330688,0.0603792078676562,0.05203885269108912,0.11155139282874744,0.022093576038497195
2014-06-22 13:00:00,DEHM_noBD,0.1030576888019498,0.08230710510640392,0.10015905621654342,0.3140762961820516,0.2340856655229487,0.30197740810080886,0.20997734417967778,0.0604223954887849,0.05091836797516908,0.10614668115165077,0.02698821319124424
2014-06-22 14:00:00,DEHM_noBD,0.09801307085514986,0.08174327136423187,0.10485140582457636,0.2448380850037794,0.22952177242924912,0.274851675653255,0.21156433877499675,0.06291121645001678,0.04853508033403474,0.12628422534202213,0.03376271590548427
2014-06-22 15:00:00,DEHM_noBD,0.09438469613018902,0.08450678505222486,0.11153995732187744,0.252031485815228,0.21521913944750545,0.25303743675083035,0.23435669172955367,0.06462486794097332,0.048465087923870026,0.10116897037147196,0.04104455930160094
2014-06-22 16:00:00,DEHM_noBD,0.09187846720673368,0.08764965903873777,0.11134947394335633,0.27212807719877014,0.21184680993170454,0.22834929530560266,0.2568087307338032,0.0655995669796595,0.050526257408339645,0.09818404132587136,0.04559776432842785
2014-06-22 17:00:00,DEHM_noBD,0.09225198268079098,0.09076923690638,0.10653819214870568,0.2601372838546653,0.21037999651298375,0.21950789240757745,0.26584282363518574,0.06460670136159045,0.05483630916802378,0.09564437639617308,0.0486479902644894
2014-06-22 18:00:00,DEHM_noBD,0.09310138428206519,0.09829722989857637,0.10294612923653268,0.24287718104080758,0.22489409270323807,0.23008671778900824,0.2629435992565945,0.060834979052388764,0.05683466707874074,0.09103884205817674,0.05052187549021131
2014-06-22 19:00:00,DEHM_noBD,0.09992172633074065,0.09775915651299223,0.10653320886282376,0.21576155999199834,0.25445684455382395,0.2558429074494324,0.3067791137993244,0.057615023551557475,0.05588088558397309,0.08717742431080425,0.04855833308108526
2014-06-22 20:00:00,DEHM_noBD,0.09697623712811179,0.10320164734792986,0.10174583476851563,0.3684327425377065,0.292159505969358,0.32319168969805256,0.4757080551579826,0.05501069144875731,0.05537507078826245,0.08226970791062478,0.046117663872879064
2014-06-22 21:00:00,DEHM_noBD,0.09375350717160427,0.11006181501452778,0.10303900853723676,0.5531166929260407,0.36230213671762257,0.450332181675835,0.6329403424703816,0.053431666241257086,0.056259346273926425,0.08332297536618773,0.04342894739185412
2014-06-22 22:00:00,DEHM_noBD,0.09852239176766349,0.10719437437211268,0.1037722538669903,0.7617614033522091,0.5057413844283716,0.6375255749887959,0.8495144355569677,0.05232782592245284,0.0550599291054589,0.1057188315978477,0.03986349694563155
2014-06-22 23:00:00,DEHM_noBD,0.10416416390266023,0.09711458618948061,0.10772794553092688,1.0089627751522825,0.6541208270457806,0.7922488811607946,1.0831415995598082,0.05149325400414379,0.049260157842272605,0.171112545496249,0.03631398633728121
2014-06-23 00:00:00,DEHM_noBD,0.12059342515889068,0.08437191553527015,0.11263824012359817,1.291229649814947,0.73498335545192,0.9219198678986527,1.3458140288566962,0.05253859934994456,0.04146650309655694,0.11140855995382441,0.033487870902127
2014-06-23 01:00:00,DEHM_noBD,0.12482023975838429,0.07561161087721598,0.11379620498538479,1.584112375619175,0.7823141607191367,1.0180829353493375,1.5175587680815101,0.05637587816272953,0.03626581123042617,0.13552810973810828,0.031359694148193784
2014-06-23 02:00:00,DEHM_noBD,0.13063670220821147,0.06950746168601733,0.11207257618495141,1.8592818562481337,0.8650458516625827,1.1224741182179367,1.423589778465597,0.06081039152396169,0.03357712834940446,0.24735069495504977,0.030064454994322854
2014-06-23 03:00:00,DEHM_noBD,0.126142401335053,0.06404124233187312,0.10782177209770055,1.74546122514683,0.940844100003708,1.1843116878670092,1.371584872921533,0.06602639001931697,0.030789262963674475,0.33340259490265506,0.031112002239028515
2014-06-23 04:00:00,DEHM_noBD,0.10457705621704448,0.06380005966524412,0.10304171027350037,1.421203780640368,0.9421678139209979,1.0840826348703518,1.2733226804189373,0.07156883318274743,0.02717501552068752,0.3404790320326946,0.03311905989574957
2014-06-23 05:00:00,DEHM_noBD,0.0892666221293946,0.06534731415943495,0.0939956373877404,1.2172006670642725,0.8045952079929852,0.9554032066848082,1.1722654050284531,0.07358717762998407,0.02391353386267872,0.29948036762198416,0.0331516960622963
2014-06-23 06:00:00,DEHM_noBD,0.08627526891526996,0.06835120318210261,0.08769167557386036,1.0061229421447504,0.39970780974162723,0.8550847006207996,1.0350455795700824,0.07467972200757908,0.022207814466983035,0.162009682693798,0.03284016586023964
2014-06-23 07:00:00,DEHM_noBD,0.08561489420545981,0.08579920610661601,0.09207733697860145,0.8569502488772367,0.23796789191727047,0.6653577445413014,0.768765626237645,0.07485768674020675,0.026876302119984655,0.11312766559216171,0.0332519226587752
2014-06-23 08:00:00,DEHM_noBD,0.09212952305782104,0.20014838902141294,0.10824248196769498,0.6960895733745864,0.21260411103630888,0.4457532939408695,0.5521785827760719,0.07558536899935471,0.03504650043250741,0.0734180768632724,0.03298510329482199
2014-06-23 09:00:00,DEHM_noBD,0.0925791122798992,0.2362928973495842,0.12506037428738534,0.5564106346546377,0.20195725975534404,0.4109917511408775,0.5273142405086766,0.07835502398973915,0.04167844107842478,0.0713494378485017,0.03233989992282115
2014-06-23 10:00:00,DEHM_noBD,0.09179573313008044,0.21151083348887734,0.1760128381367213,0.5802888926152521,0.2129360939732891,0.3759477991099515,0.7157763100374728,0.0812850619373705,0.046785448097908966,0.08243816300808914,0.032467434025103936
2014-06-23 11:00:00,DEHM_noBD,0.09773215830218969,0.17154707074780468,0.2562720789954252,0.7034465964332707,0.23427541201431767,0.33913174086780273,0.8448193537139093,0.08338947808536082,0.0474865125049812,0.09623713864381417,0.0334931280227656
2014-06-23 12:00:00,DEHM_noBD,0.11009417972372831,0.13743452427184777,0.27660919460906636,0.9928983122910154,0.27193135643442606,0.3145719501260994,1.029664622225475,0.08507909090174784,0.04447683949680058,0.10853655113384107,0.03542689361239767
2014-06-23 13:00:00,DEHM_noBD,0.11912114889577023,0.11462342292732257,0.26028899042487136,1.1814762941287407,0.3563458730500609,0.276565778210142,1.0908601451377506,0.08617503936090373,0.04101823888398695,0.12352270620202166,0.038564483181342854
2014-06-23 14:00:00,DEHM_noBD,0.12027470459412651,0.14852052360138954,0.23933032860372203,1.1507312230362254,0.4228976623360672,0.24518414733492283,1.0730174338026957,0.08754055042913161,0.0411457735731009,0.1378692256861086,0.04659953194747661
2014-06-23 15:00:00,DEHM_noBD,0.12132332641594795,0.1675133926329819,0.21600855387811538,1.217131582964954,0.4984597639065468,0.24254030642291333,0.9926025753295616,0.09792751774587875,0.044234380219490166,0.14054919987620074,0.04952749431228717
2014-06-23 16:00:00,DEHM_noBD,0.12751074112508295,0.16801755048975867,0.1949572461629029,1.1243201985578506,0.5146719405446758,0.23769009277034886,0.8676561129908967,0.11514774432352265,0.05058111580487332,0.1348252977509825,0.0473406193600035
2014-06-23 17:00:00,DEHM_noBD,0.12944934694616053,0.277871500217652,0.16854417118478782,0.8904944464765905,0.44949616046615626,0.2225763590611377,0.8361239939846412,0.12419979342321329,0.059415052660142596,0.1275433124834799,0.04494095720489033
2014-06-23 18:00:00,DEHM_noBD,0.13195148846281754,0.35606926472996814,0.15343652928200194,0.6179025311213533,0.38383270961283467,0.24207512160362232,0.7408908155989326,0.12033204556954316,0.06870580353422136,0.12276565642937255,0.043812529377413326
2014-06-23 19:00:00,DEHM_noBD,0.13562727282716458,0.3116838832313207,0.14801630784251493,0.5252658652865037,0.4460567645713034,0.5483024259899979,0.8482223846122563,0.1119127129757853,0.07142080677238859,0.12160861816323458,0.04587707524588323
2014-06-23 20:00:00,DEHM_noBD,0.1314623321978394,0.3241735786183311,0.15069898086842612,0.8487094069155988,0.6617019093569169,1.2330759136473155,1.2812719308095633,0.11583984133193771,0.07593206952763688,0.12322789218227644,0.047536285582548486
2014-06-23 21:00:00,DEHM_noBD,0.12307739421858442,0.3671337079005195,0.16838480247533985,1.154109055320352,1.1208839916407887,1.6333854124863736,1.635955335022953,0.12330356768933845,0.08041489171192935,0.13756464976054447,0.04847563168384619
2014-06-23 22:00:00,DEHM_noBD,0.12180034650131813,0.3712035877385247,0.19605663966312994,1.4407546541326006,1.5632405103601386,1.9158976284170883,1.986291283513108,0.12369752200239473,0.08256281734263235,0.1533199907570983,0.0492923515674304
2014-06-23 23:00:00,DEHM_noBD,0.12220759390374532,0.39938822277535146,0.22841633734842745,1.7490327466840105,1.9759584543473638,2.2519427586654377,2.3744917115997186,0.12019113151378648,0.08427266596115081,0.21867278457066835,0.04988173556181048
2014-06-24 00:00:00,DEHM_noBD,0.12098585095645266,0.4618756303542031,0.2559804561551659,2.0780725124146566,2.348869783052659,2.655722442091886,2.824351827605922,0.11202703718104441,0.08485518391346976,0.28701040431673985,0.050202488780287706
2014-06-24 01:00:00,DEHM_noBD,0.12711038792448104,0.510022499718113,0.27285922570257426,2.4111852433193532,2.738596498447307,3.0876154409797403,3.297724404610917,0.10378669401120277,0.08043536304929132,0.3119324328161225,0.05050475008927703
2014-06-24 02:00:00,DEHM_noBD,0.13935375743161876,0.536713825323314,0.28666099910692305,2.7490240260114107,3.0199854827719417,3.5481569252500376,3.7421006517208175,0.09731620840730285,0.07086380849589763,0.26093084510200504,0.05157405151418947
2014-06-24 03:00:00,DEHM_noBD,0.14770852037960658,0.5519003587138764,0.30081773737305295,3.025448561902193,3.320496999917859,3.9690582305641766,4.0998130754895294,0.08747132367809864,0.05767613882015535,0.15960104741006495,0.05418084207849334
2014-06-24 04:00:00,DEHM_noBD,0.14017478551888823,0.5221163323494404,0.30800705943929263,2.7121482755882496,3.2342467608295404,4.0612561883728455,4.16922153844367,0.07706435691562816,0.04163556739246947,0.06618857955531657,0.05529153094516712
2014-06-24 05:00:00,DEHM_noBD,0.13658605029668647,0.48086782352691065,0.3008281813771509,2.1561844035444295,2.3691514565206973,3.7910366781138882,3.7197381626428587,0.0764949254097032,0.03173412557326098,0.0398366331875751,0.054346245033148395
2014-06-24 06:00:00,DEHM_noBD,0.1473050743357835,0.4575570204441496,0.2893787916042515,2.255524603285548,1.7395782939751305,3.5048652203164017,3.672895381824541,0.07353799320864474,0.03280884726739006,0.03982193216677391,0.054010603127146485
2014-06-24 07:00:00,DEHM_noBD,0.1411322138447686,0.43389521975123896,0.2923852393978263,2.3925424679119764,1.3164150504950154,2.5238845436748374,3.81099170181048,0.07334578516182981,0.03489846656306078,0.043097820070604746,0.05589164476378808
2014-06-24 08:00:00,DEHM_noBD,0.1328210463654621,0.3757724077607545,0.2950102684579772,2.265139858579605,0.8549655837895301,1.8571815460198,3.2064628025610395,0.07344078034646759,0.03509333415822177,0.051944776146170844,0.05673922460697576
2014-06-24 09:00:00,DEHM_noBD,0.10357537979735981,0.3295919886960298,0.30571005058654077,2.3014651328264546,0.5727243166975768,1.3762713592592999,2.0747406537912134,0.07627938187456043,0.03865405953067059,0.05672338317287605,0.057780774813070784
2014-06-24 10:00:00,DEHM_noBD,0.11050709708198896,0.3444990321349782,0.31930555763267815,2.1519429053710306,0.4080537887959275,0.9517693109156191,1.0916135306771588,0.08038966576821505,0.042136582408886084,0.05545940086835283,0.0601160838713496
2014-06-24 11:00:00,DEHM_noBD,0.16693071730905654,0.3377506492722686,0.3399817180105984,1.4335436753958393,0.37463972306543947,0.659150719210531,0.6098522473505604,0.08022463060126629,0.043218201643520596,0.05330723964562163,0.06107075267618042
2014-06-24 12:00:00,DEHM_noBD,0.1683656042211502,0.22114536311480204,0.3387742383070941,0.5687863061732508,0.3690839733060355,0.5044226427647565,0.6864463434945739,0.07974280489633892,0.04222512836494234,0.050628348400380815,0.0627489665470132
2014-06-24 13:00:00,DEHM_noBD,0.1755581665783747,0.1074801426944857,0.28249363994716664,0.759170000700877,0.30515536537801835,0.4815156730170257,0.7896496747956209,0.07170103490437141,0.04040180232627886,0.0488278432186657,0.06688635029243525
2014-06-24 14:00:00,DEHM_noBD,0.15536421018484972,0.08752733900765525,0.2669026783086914,1.11131730336899,0.2381593891326616,0.3692939656096724,0.7563800668991271,0.07015529502749204,0.03667164707092865,0.0445731979643093,0.07123120876310376
2014-06-24 15:00:00,DEHM_noBD,0.13519748537370918,0.0970568967942567,0.2836340368425079,0.8529116718469739,0.21194674210945608,0.25346874303701783,0.49247255063770856,0.0678618084984351,0.03464632061727661,0.04475760476596448,0.0785438972232676
2014-06-24 16:00:00,DEHM_noBD,0.13494626950761296,0.10739103611632704,0.23682774286310276,0.4883254227985147,0.19708216468797984,0.2311390982656119,0.2520562350053505,0.06528556567212927,0.03588161729379736,0.049340605369714914,0.09173521293725337
2014-06-24 17:00:00,DEHM_noBD,0.14669676241027177,0.09314052914992302,0.14567229377347313,0.19136735103360986,0.16432926651051724,0.22213529546022082,0.2991074304175696,0.06582868860197583,0.032842126401698375,0.056749201756799976,0.11145627038700026
2014-06-24 18:00:00,DEHM_noBD,0.15286918167340552,0.08735171992487681,0.07552952908318795,0.15652508930229414,0.14433397933936196,0.19879372205089946,0.3120574305134526,0.06987597695075219,0.027053151000456983,0.07071135548203959,0.12770978775098915
2014-06-24 19:00:00,DEHM_noBD,0.1537319638572026,0.1318293326632266,0.05111395692372009,0.18005553952050501,0.14938587968640948,0.1715048611150751,0.27162525903296314,0.07052203614917062,0.020342215776115103,0.06342339933305566,0.12956643660026118
2014-06-24 20:00:00,DEHM_noBD,0.10676178195253011,0.4674103537378863,0.05034724784035675,0.302501630050188,0.1733947478484267,0.21531651038512886,0.49168163658957614,0.06745314027580258,0.015573412259686512,0.03184398155315133,0.12099359130063544
2014-06-24 21:00:00,DEHM_noBD,0.09683061900235694,0.6985776288406539,0.08465141669229578,0.5026558236247859,0.18169910068358047,0.4203817234542824,0.7467573775359746,0.054929148588107386,0.01259426719258716,0.01437626441568728,0.11148040533980928
2014-06-24 22:00:00,DEHM_noBD,0.09175416554225599,0.6551706425795034,0.1993519393224618,0.7966969319062853,0.17594504840214953,0.644625321765024,0.9316245207484359,0.03887364648862785,0.01701445679375722,0.01912734785784568,0.10390413630939521
2014-06-24 23:00:00,DEHM_noBD,0.08762735240109255,0.5094519803154105,0.409289145812619,0.961120046843571,0.18017660977413164,0.7948497805830561,1.119806746232433,0.029208683457247486,0.028408116378180293,0.024302726910580122,0.09810004891093346
2014-06-25 00:00:00,DEHM_noBD,0.07107170866391836,0.5041276767838264,0.5427381622056825,1.174517518520886,0.19133327853883372,0.8723169902164424,1.3545575344631218,0.03243791399230841,0.041654668690094425,0.02814293420970885,0.09299094010008954
2014-06-25 01:00:00,DEHM_noBD,0.06878364851159731,0.5845052693874755,0.6765059169920755,1.475708006542726,0.20901472044468605,0.9449330161429494,1.617576903295641,0.03789939003737255,0.04831105396528936,0.033057016260964286,0.08898432156144107
2014-06-25 02:00:00,DEHM_noBD,0.0744583350573387,0.5506045489142781,0.8028929618291724,1.7500336498605276,0.22893796278686948,1.0053813954150603,1.792571070688648,0.04530519227161386,0.054123206121991924,0.03893543735273928,0.08726296997061148
2014-06-25 03:00:00,DEHM_noBD,0.07942115899624524,0.5918886660665041,0.8855089303679082,1.8438315513908692,0.28233166645882873,1.0280102105073867,1.7521110072607387,0.060304740979985776,0.05182583049325124,0.044341929050540255,0.08871985628087523
2014-06-25 04:00:00,DEHM_noBD,0.08368973734045854,0.619065416722976,0.943364852369961,1.5239368504923552,0.33777651913055196,0.9742098109883477,1.315601389717263,0.07057950421395355,0.04828092101231376,0.044030779615848024,0.09069941334928756
2014-06-25 05:00:00,DEHM_noBD,0.0873990683202654,0.30611953786360613,0.8787697855497923,1.1524019745697518,0.41047963745643384,0.8134848548077815,0.9253746014957491,0.07079068739188357,0.04406049036750873,0.041177177139404345,0.09022858374640859
2014-06-25 06:00:00,DEHM_noBD,0.0934452749770885,0.10381693137222946,0.54386714537176,0.8953343206305988,0.42553054998253453,0.7000573935971315,0.6792840891769936,0.07169484418563757,0.04152502492709115,0.03793435189935661,0.088143669236762
2014-06-25 07:00:00,DEHM_noBD,0.10034500452186328,0.06289683931462697,0.32697702230769315,0.7061752958408063,0.4107727545755635,0.5731077589321998,0.5844677703033643,0.0693625184249421,0.04363615572056835,0.034613684668634,0.08698221693320661
2014-06-25 08:00:00,DEHM_noBD,0.10836933911294265,0.05627131010224572,0.15865329684151086,0.5948321700001615,0.39247079942286,0.4713381116950115,0.5782282676215045,0.05960560084243589,0.04603005128582463,0.033089575110974635,0.08527453151150124
2014-06-25 09:00:00,DEHM_noBD,0.11813233253249411,0.056177970789674396,0.10608114229371987,0.5894401239118747,0.4142986464445245,0.4548255736987804,0.653949246440169,0.04951677386041449,0.04253288651650469,0.029340015031525273,0.08289885041276442
2014-06-25 10:00:00,DEHM_noBD,0.12563878707796447,0.059513355159633706,0.09409737244411992,0.6685121251512676,0.4157148956037126,0.4771932012260261,0.8402577626536281,0.0440199657056811,0.037691377112577855,0.027077424337511008,0.0797421410092383
2014-06-25 11:00:00,DEHM_noBD,0.12446534949318015,0.06492753179958542,0.1347571411650452,0.9719682218079445,0.44702818660754706,0.5412324708636989,1.04080662830217,0.043084589203878615,0.035922867687864256,0.025519219436421756,0.07732283209707576
2014-06-25 12:00:00,DEHM_noBD,0.14454527419641136,0.0691885715227759,0.17355049269515543,1.2684442094227983,0.5219502471972629,0.6255934780530351,1.308833085240529,0.04791344360352831,0.03458411943366946,0.022618900082943587,0.07554914318535694
2014-06-25 13:00:00,DEHM_noBD,0.19174081350032224,0.07413999708050387,0.16898626712716866,1.4362047166257443,0.5749996585304382,0.6753315846343477,1.5946082757475706,0.05693604351368237,0.032245890421774004,0.018940136953581217,0.07447608648830074
2014-06-25 14:00:00,DEHM_noBD,0.21434490032024664,0.06471334878467708,0.16348270519884756,1.6765388026209547,0.6051412006851704,0.6898021628693932,1.7064364796788871,0.0611911853508586,0.035853289397750114,0.016351524744654226,0.07416926355551286
2014-06-25 15:00:00,DEHM_noBD,0.23578699710092263,0.05079855363309494,0.15894066156691622,1.877806053620599,0.6320915284633264,0.6660870322190724,1.5259581470490864,0.06321587413171238,0.04009459171447874,0.012364221917011262,0.07486102878380559
2014-06-25 16:00:00,DEHM_noBD,0.2707223843721969,0.0604856261936422,0.17466188312693257,1.641104757651773,0.6304169090705132,0.6567692785035003,1.4519527895739253,0.06666756696252497,0.04286750798378775,0.013647743983325427,0.07567607299840658
2014-06-25 17:00:00,DEHM_noBD,0.2674717679931039,0.04656084884550232,0.1896156138680889,1.4160526504810926,0.5439427796777431,0.5458964442236813,1.4205780703857225,0.07819039741962441,0.04903006891311721,0.01431384642485512,0.07666760765515665
2014-06-25 18:00:00,DEHM_noBD,0.2567866671473503,0.03702184141945509,0.20504471051292436,1.2391848479642928,0.5071456303044268,0.4422053364923606,1.6134255196198786,0.0956846411218831,0.05325053312514141,0.012590550271306292,0.0789680014130266
2014-06-25 19:00:00,DEHM_noBD,0.24593992709739126,0.06386186226020289,0.21382949662680115,1.3190525726070295,0.5379144224224564,0.49261244374196034,1.5915582155837182,0.10371667078540447,0.05892382080167314,0.011947575756838564,0.07999910595734742
2014-06-25 20:00:00,DEHM_noBD,0.24855864998951543,0.21516734008425864,0.22634787394930916,1.7394739872623726,0.6137427584179771,0.598390329924343,1.4403236344389292,0.10293112605196728,0.06791635640850603,0.021635272578709234,0.08328302887219724
2014-06-25 21:00:00,DEHM_noBD,0.249896080667451,0.4975146381271189,0.2077584435908237,1.9126385219621806,0.710580928761782,0.7094926250127714,1.464418990816803,0.10077871642132291,0.08222862753351629,0.06036440533749564,0.08487311569370183
2014-06-25 22:00:00,DEHM_noBD,0.24244328450842753,0.6624198077499294,0.19535609719693503,1.9728852354143802,0.7986284206158666,0.8912561699828421,1.7683391856877773,0.09748378284806263,0.10475800561803982,0.2276308512285194,0.08480423547824666
2014-06-25 23:00:00,DEHM_noBD,0.24073880394347003,0.6829217411651848,0.20787318347247624,2.2703283683764517,0.9185543468846962,1.1116452480262113,2.2266577321317875,0.09847637037949643,0.13106214687122442,0.8136433400246692,0.08424608589235555
2014-06-26 00:00:00,DEHM_noBD,0.2349128191249071,0.6830616043623599,0.21229013999291585,2.7776354650215507,1.121056008526131,1.3410970737782015,2.841279460750704,0.09758736281329113,0.15147296641249688,1.5381766864748445,0.08324959575300019
2014-06-26 01:00:00,DEHM_noBD,0.24088902881607396,0.7272713998017662,0.2112512587988955,3.522024821092132,1.3014646972964192,1.6766954999569805,3.53917276398548,0.09390383089071415,0.1652320969593245,2.0973243457890995,0.08220274636902716
2014-06-26 02:00:00,DEHM_noBD,0.2705165320318935,0.7356676330417521,0.20619840383353552,4.246399257758037,1.4379375537939367,2.2927516454428227,4.180389527823656,0.09083820687246034,0.17682023925280477,2.376358689250826,0.08070890276692236
2014-06-26 03:00:00,DEHM_noBD,0.3200006866993008,0.6862832027375979,0.18415895774025026,4.861581553965236,1.5114603260646073,3.141024257038882,4.747013434925753,0.08833862807335785,0.17910861560644892,2.3231140564644686,0.07841590539387491
2014-06-26 04:00:00,DEHM_noBD,0.3195001163950747,0.5161412232158761,0.15232256617444323,4.645485648685456,1.4083710580650601,3.6149197147623946,4.824101811891276,0.09175679166280884,0.15689993199176855,1.7795738573432638,0.07730747151165925
2014-06-26 05:00:00,DEHM_noBD,0.26753698967210937,0.30026181257463364,0.11906399355096767,3.7991917808135347,1.3314338343512055,3.4436020103946468,4.425432102773205,0.0956103041482425,0.13597977232745834,0.8976120812082895,0.07516746599062846
2014-06-26 06:00:00,DEHM_noBD,0.1844025810456834,0.17221825546735137,0.10600858118722144,3.7997356831953253,1.4118648283923811,3.6205812829123203,4.57529800281076,0.0951971474233386,0.1194255317636404,0.36536778650034674,0.07149041636574716
2014-06-26 07:00:00,DEHM_noBD,0.16133189329046743,0.13706460166580037,0.10263872226018105,3.646561996570546,1.5135383948927816,3.1944641046345015,4.46420481708447,0.09618438389945519,0.10580208063165758,0.2518817029773978,0.06909504165409353
2014-06-26 08:00:00,DEHM_noBD,0.1719405993475438,0.20062080218130238,0.1048883675138745,3.5127939017331786,1.557653895093205,2.8276910746950032,3.801527485997848,0.09300133926339431,0.10029163501161131,0.230768257590495,0.06866196259457134
2014-06-26 09:00:00,DEHM_noBD,0.18156962914145544,0.22780468245376345,0.11277683300450204,2.9705669154278027,1.7402741453293267,2.804662727884585,3.0037525423094142,0.08491644503667702,0.09993519665168123,0.19496435315245755,0.06761487394643466
2014-06-26 10:00:00,DEHM_noBD,0.20489903211789195,0.24601807206061066,0.12951361506072562,2.309032231998816,2.1114643291949293,2.8838408979540135,3.0663856654548356,0.07585607404758682,0.10450031342611639,0.16698009813755726,0.06689825221777068
2014-06-26 11:00:00,DEHM_noBD,0.2001092350436467,0.26383762527485366,0.12289989038562153,1.950406453848914,2.217986214354057,3.035772751817037,3.401895356173212,0.07147867263883337,0.11161105110489751,0.1353081178626323,0.06575591726339404
2014-06-26 12:00:00,DEHM_noBD,0.17799898429690378,0.2503431745330481,0.11876957645228352,2.073656872671135,2.135394605219867,3.1855137862913594,3.4995688954856017,0.06999865487512759,0.12226533767284817,0.11796039419189376,0.06538749968903239
2014-06-26 13:00:00,DEHM_noBD,0.16349242612358172,0.21539593970244833,0.11174654914260833,2.671527891896856,2.091631833502762,3.2545825046393952,3.3548932830267884,0.0678110625737124,0.12504788348576046,0.09930026611466523,0.06561841216006775
2014-06-26 14:00:00,DEHM_noBD,0.17862411130840594,0.18992120350431124,0.11387627607468963,2.897324875993095,2.087424069025777,3.2696439874073002,2.8413411864594735,0.07223192035925267,0.1312111784241813,0.1252491923775755,0.06695375337440966
2014-06-26 15:00:00,DEHM_noBD,0.18533286643086638,0.149363976427124,0.11465670878915216,2.9989906226768603,2.067546290553175,3.2471577341831916,2.572243162403966,0.07930389324573085,0.1327094431890081,0.15529138733877557,0.06821220508575598
2014-06-26 16:00:00,DEHM_noBD,0.16449915921228536,0.08583039029358942,0.10908317983650122,3.019287182839463,2.051754671985665,3.110037860509632,3.1871397393968603,0.0852070651089506,0.12752664609442682,0.1364798419785335,0.06868151782108545
2014-06-26 17:00:00,DEHM_noBD,0.14030600751750985,0.05891440503122218,0.1028959213991701,2.79931319078404,1.9524195067632573,2.71692014573454,3.049062665929264,0.09387443332801328,0.12314070942710717,0.10506910730454991,0.0681675493914292
2014-06-26 18:00:00,DEHM_noBD,0.1092475996377813,0.048183015159615844,0.09678875781779978,2.3873339890168763,1.6861986240216018,2.3102681580529447,0.9008358632119237,0.09802912208652736,0.12254403008983536,0.08628317340115647,0.06645536816242105
2014-06-26 19:00:00,DEHM_noBD,0.10851646874106483,0.06824894254951389,0.09555199814972452,2.9406756615761642,1.6584785247037044,2.80853233385451,0.6054031070783259,0.10222893201488588,0.1263643688464356,0.08054036108323011,0.062383011134345856
2014-06-26 20:00:00,DEHM_noBD,0.1315394918895908,0.09281923564077264,0.0992623991274234,3.0607074728203383,1.9092389669588394,3.1672242908501027,0.9513330624583972,0.10510705457518232,0.1321918865663031,0.08292869603577481,0.06159509496097548
2014-06-26 21:00:00,DEHM_noBD,0.16291716068031137,0.17923508446697545,0.10695425367794419,2.588760643706328,2.485378029800956,2.8585257419693604,1.9851140608386384,0.10825419905690359,0.13819832741780194,0.1353302850862802,0.06055407321346572
2014-06-26 22:00:00,DEHM_noBD,0.15408989993932062,0.24925964139006357,0.13365438889586131,2.218553019590294,3.2912236818725242,2.4048531960292223,2.852533687744893,0.11351075684520662,0.15499781315696848,0.3722408019892347,0.059169779158129515
2014-06-26 23:00:00,DEHM_noBD,0.2940511366522858,0.32564677285936827,0.2251309092846471,2.2693375231415023,3.979860553588376,2.5915538895545267,2.9465069665054275,0.11989270458301164,0.2103641372141812,0.7224364037034591,0.057376200494937205
2014-06-27 00:00:00,DEHM_noBD,1.199523753672922,0.41089317108973555,0.36829722144274196,2.244150356749488,4.148523059306916,3.5936553918071077,3.1431494764583237,0.1235290134185772,0.2599629813775557,1.069177707147594,0.055645666560793436
2014-06-27 01:00:00,DEHM_noBD,1.362881958487326,0.5214867565105571,0.506452476624119,2.0379213228097766,4.193892853667681,4.501452644904564,3.257722086776317,0.13100830970533467,0.33027714687757304,1.6976272781466215,0.05465422796148376
2014-06-27 02:00:00,DEHM_noBD,1.5578605238540848,0.7033710831776342,0.5903923907289894,1.6574019563753601,4.259852920145393,4.7862327237391025,3.370973052338311,0.14363042903845888,0.4790371406472992,2.4696220853011606,0.05422171692849045
2014-06-27 03:00:00,DEHM_noBD,1.6733861656272362,0.8818629164491468,0.5888015240103524,1.413688479081278,4.5250572784475525,5.1267004323199865,3.323165218578615,0.15422407126861903,0.6831417346139932,2.8381861703978206,0.05209824396560162
2014-06-27 04:00:00,DEHM_noBD,1.5928059067042661,0.9253306296591154,0.5851015864873271,1.3935918606064235,4.757013530980065,5.431496006651421,2.966445148895255,0.16100289086819142,0.6225574859091805,2.2025226238579134,0.051900717592310575
2014-06-27 05:00:00,DEHM_noBD,1.2318490556522406,0.8695005388079701,0.6127803935028339,1.3852951275820886,4.720420996208263,5.633713253446125,3.297629631682052,0.15853598409273648,0.37239024662922016,1.029316654184356,0.05474046660911486
2014-06-27 06:00:00,DEHM_noBD,0.5623890065958606,0.9595251753267026,0.6108436816290032,2.030850836201203,4.969866948783114,6.4794168473181175,4.6623514205378855,0.16304420247452558,0.18744090622467796,0.4387712427106197,0.059408511098447934
2014-06-27 07:00:00,DEHM_noBD,0.20655554927561648,1.0475623415072792,0.6363489502686975,2.6147949878794945,5.33613654351155,6.7880654892990115,5.676713002223262,0.1639729976843401,0.10321991599114122,0.26000800689987824,0.06264385186611786
2014-06-27 08:00:00,DEHM_noBD,0.15416217812854782,1.1605295676132552,0.7215806533805539,3.194700628750432,5.273923655757361,7.174768019846482,5.602408217473947,0.15039324959234102,0.06525772383187886,0.28988629386705345,0.06405346281880038
2014-06-27 09:00:00,DEHM_noBD,0.2129660504364337,1.1787332143366698,0.8013313890844158,3.280824222552443,4.7521138471884985,7.338805594793866,4.908207402981264,0.12739220594043135,0.08181944874348099,0.2984837774737877,0.0656010312869993
2014-06-27 10:00:00,DEHM_noBD,0.2528671566954231,1.3422001545706763,1.0695973931867921,2.6772246742051076,4.393797582285209,7.6105075244558815,4.27817919992677,0.10393591411692786,0.1767904735917225,0.25329435981603315,0.06686297639903824
2014-06-27 11:00:00,DEHM_noBD,0.2421472421057475,1.0188230153671909,1.2721572926367655,2.7319354937469407,3.451063862193805,6.245397676987003,5.288014210337522,0.08763380153582426,0.2685840799771807,0.23518823032699743,0.06926251728724903
2014-06-27 12:00:00,DEHM_noBD,0.2326348398663661,0.6308321716902789,1.660756961245996,2.852563844968967,2.0522374208534413,4.049586504580393,3.9497855373585944,0.07838278915533314,0.3475297030699811,0.27906336458851455,0.07002095497996294
2014-06-27 13:00:00,DEHM_noBD,0.11998840173080544,0.15748716391340356,1.0150595523031782,2.3415469843442196,1.3105634306196123,2.2958422456814467,3.664837599675417,0.07720154183359927,0.4289583189082703,0.3181409734184899,0.06957449099547224
2014-06-27 14:00:00,DEHM_noBD,0.16356385864617287,0.042982252898136425,0.9228443904781758,2.004686417829611,1.1150299206671817,1.336507648163436,1.8324980212820083,0.07949367478299302,0.5344743403668142,0.30509696521577656,0.07120443077520106
2014-06-27 15:00:00,DEHM_noBD,0.18041030271090563,0.08502355696024096,0.7757237057188309,1.2881897018459445,1.0172739819012628,0.8858285579698719,0.6362665179796003,0.08174834612347638,0.6458187103301938,0.27080338536859244,0.07461234208169734
2014-06-27 16:00:00,DEHM_noBD,0.26059293901190383,0.08263506688312558,0.6808167775201148,0.8266549584199646,0.8591712655342183,0.7322018524204543,0.7303084214392288,0.08119945510960064,0.620200451872819,0.30034303893786973,0.07714429519126773
2014-06-27 17:00:00,DEHM_noBD,0.29150511715160543,0.09429561255602167,0.7345645350213644,0.7193941893383471,0.7441463382099753,0.7426926768306106,1.0153231085156267,0.08107015453378652,0.44035881078007155,0.31289388952171887,0.07876718168942423
2014-06-27 18:00:00,DEHM_noBD,0.34034280424904695,0.28835788462177014,0.7586071117199555,0.6190127669480143,0.7654427256963774,0.9729664565058209,2.093283950792503,0.08498784350580982,0.22834274813368477,0.2513857215891971,0.0794780162891459
2014-06-27 19:00:00,DEHM_noBD,0.31539970805181056,0.8112642283119776,0.6260124475122386,1.0894395500181269,0.9573688090477023,2.0227877916099297,3.798666532584633,0.08667861656134007,0.1486262848861874,0.1787727868322561,0.07767751608254968
2014-06-27 20:00:00,DEHM_noBD,0.30867263180629456,0.9103802941193861,0.3450399188321173,2.120005251704704,1.1141358231785148,2.902603676214445,5.028916129149161,0.09398745790841924,0.1156901516449005,0.13708427530893338,0.0776339921727321
2014-06-27 21:00:00,DEHM_noBD,0.2914314175800011,0.3369756634240054,0.3558260935627266,3.1859466131640297,1.2014645374335091,3.221697832436557,5.858511258656466,0.1049406839928239,0.10232373905653955,0.14304484993256872,0.08031703909629595
2014-06-27 22:00:00,DEHM_noBD,0.28301215257503076,0.1774563838870881,1.1103533493613156,3.7186389936243716,1.0317906861583863,3.215781783324614,6.276128358773318,0.11726638583078315,0.09939759002665578,0.14668851636905003,0.08669099972262381
2014-06-27 23:00:00,DEHM_noBD,0.2717810317660308,0.30042999543624344,1.9396672245347348,3.4382822770533537,0.7778854259742911,3.1617627920786866,5.655231564563997,0.12633695092767575,0.10938208860662413,0.13176636454259333,0.09385482200520105
2014-06-28 00:00:00,DEHM_noBD,0.18302964267309751,0.24663489108111525,3.0200646899598342,3.377899513918021,0.6810456592085001,3.2455973041289403,4.420305103231847,0.13080142241087503,0.14023791322627321,0.12573657323196874,0.09924546155232579
2014-06-28 01:00:00,DEHM_noBD,0.16590403784953053,0.22857782265485216,2.6392702544374465,3.70822017967204,0.6813188476327992,3.3785203276067075,4.1940467603633556,0.13137782241423607,0.15912823376309126,0.10298871934718905,0.10481094403349323
2014-06-28 02:00:00,DEHM_noBD,0.20917479512047005,0.3034149772782966,2.0233926102833446,3.827764668414831,0.9017055339039908,3.7783790984123087,4.842165366117342,0.12821932088921179,0.15348812134153092,0.09785294492658098,0.11187875299365223
2014-06-28 03:00:00,DEHM_noBD,0.21660581263442039,0.14688932962679124,1.7506588536577619,3.6574461334297608,0.9776497099958639,4.221446235138958,5.316590818693379,0.1189737513231973,0.13677969419169458,0.09798425052920443,0.12521954661556153
2014-06-28 04:00:00,DEHM_noBD,0.20131325350566057,0.05862635444383654,1.5618123427898707,3.6727112750483304,0.645437766908314,3.9782260950912027,5.824142012225436,0.10397948934425409,0.10073541036078691,0.12372633492312159,0.1350933344807655
2014-06-28 05:00:00,DEHM_noBD,0.270502406344962,0.0487695766737458,1.7159729600423193,3.923905570789525,0.445815110357101,2.6861134265869633,4.337224383902437,0.09931315045552194,0.05945059137377402,0.3279419588343123,0.1379178218266193
2014-06-28 06:00:00,DEHM_noBD,0.5121144482043176,0.09015221441732474,2.1471831655465383,2.221655386001309,0.3953935626029921,1.5174451846049757,2.211748803872537,0.11566296862655773,0.04797955818583006,0.3974934035089098,0.13494913354067647
2014-06-28 07:00:00,DEHM_noBD,0.9920661741442931,0.16818968416525934,1.8232403827811416,1.1806429800417115,0.4052312636360618,0.8161524586389988,1.2650964086072336,0.13810900331829656,0.05657596069450471,0.42758060538819054,0.1287015673131395
2014-06-28 08:00:00,DEHM_noBD,1.3487358429153369,0.2471556369289109,1.2124138957166088,0.745541420337924,0.40990210474840344,0.4374183679112259,0.6420748804818894,0.17818884908650054,0.10162620009016231,0.5318378823369181,0.12575826493112363
2014-06-28 09:00:00,DEHM_noBD,2.4493820593097912,0.2492004635537567,1.3020607137444191,0.5190981673366697,0.43761527573226944,0.30358792726054434,0.3596645008725808,0.2327344749350286,0.13501077473175704,1.1294838992997212,0.1318039054297841
2014-06-28 10:00:00,DEHM_noBD,3.244495661126379,0.1482651053305511,2.3657575296086217,0.3653631579958816,0.4505829266747691,0.2790135793946129,0.24348419674615118,0.24859411460386577,0.11576926274285637,1.4063454999113234,0.13430493791285886
2014-06-28 11:00:00,DEHM_noBD,3.3509596245027264,0.08155539175490606,2.5223039157623357,0.32994856345317813,0.44546187039877744,0.35924859405475806,0.2297494676995895,0.21541773483272636,0.08608990810546083,1.405262819034666,0.13158225051999073
2014-06-28 12:00:00,DEHM_noBD,2.8656064677197577,0.061170100771533856,2.760752690580105,0.3447626574748253,0.4623400212191835,0.4249103341942821,0.25387042532356074,0.17405799423304835,0.08805868071933258,1.3608568048759027,0.131437821397567
2014-06-28 13:00:00,DEHM_noBD,2.3897577704615878,0.05089863744152033,2.3909022150907084,0.37771105309403585,0.48977126757371225,0.38238077432353446,0.2830977424281216,0.15085983394102648,0.09453152100747446,1.2740989674053143,0.13383231705794096
2014-06-28 14:00:00,DEHM_noBD,1.422058033343295,0.03514083608327363,1.7386033987795493,0.4277570165774092,0.5600887482462125,0.3664696932079362,0.34043307166632275,0.14099411794932196,0.11095391739372149,1.0648699194946774,0.1437710487883674
2014-06-28 15:00:00,DEHM_noBD,0.7118155302153434,0.0242285057884314,1.1068164286897146,0.45427189213633273,0.6264155543930874,0.40039620753077787,0.32958651118085475,0.1314006004411504,0.13413230051413172,0.7952261452430288,0.16217928372531654
2014-06-28 16:00:00,DEHM_noBD,0.4872907345476652,0.04820241362673851,0.6951167072712793,0.4470031750036405,0.6723974886082531,0.42021684115033947,0.39282833647067794,0.12287122448468797,0.13905811649038918,0.6035449287295352,0.18098181699227642
2014-06-28 17:00:00,DEHM_noBD,0.38761008019640564,0.07933504463489155,0.35344334514944337,0.2810812046469464,0.71715907951663,0.4623998019790473,0.39098592320107406,0.10472579109982219,0.1246795568615755,0.5149163902103825,0.19903809781904788
2014-06-28 18:00:00,DEHM_noBD,0.40429695527834814,0.10734392672944224,0.2547467369610375,0.21494394764470176,0.7450774927307199,0.6207164465857279,0.39211168181259587,0.08459493619398635,0.11011895346798227,0.4962069332143869,0.2158567895924322
2014-06-28 19:00:00,DEHM_noBD,0.45198465228423,0.20840351812617958,0.3011967058874408,0.2775296300556883,0.7576783228574087,0.9364836042201242,0.5291016971102059,0.06701560507079393,0.09958361989326056,0.6125892969391689,0.24338733543458382
2014-06-28 20:00:00,DEHM_noBD,0.5021779529106057,0.6368102834571685,0.2526923699089184,0.5861264192649713,0.791611082304907,1.3456800532851616,0.8462192981040917,0.059091627171613405,0.09761060386982967,1.0738047166624296,0.2580596150650921
2014-06-28 21:00:00,DEHM_noBD,0.48457459156326943,0.4659521925499265,0.1817013325103275,0.986152364758123,0.9289048698899801,1.4903737428154482,1.3327343452378515,0.04888361780187897,0.13619002768456828,1.5092633488035265,0.2551897720638848
2014-06-28 22:00:00,DEHM_noBD,0.4918883621225575,0.41167875497633727,0.23604237296674824,1.3094543821435616,1.0997775640019773,1.619854566836941,1.9286651019906895,0.038164337787957914,0.3059972579312044,1.2970937875725002,0.24017144550438957
2014-06-28 23:00:00,DEHM_noBD,0.545459819108328,0.41851978841400433,0.36819467431162145,1.602550470736913,1.3062045670989342,1.8609105788907243,2.602587713119158,0.03436583451354899,0.46606395757712415,0.6999146969013877,0.21833367989949873
2014-06-29 00:00:00,DEHM_noBD,0.7783853775687747,0.511455902582314,0.3901899538028093,1.8544440373715763,1.5191884444776735,2.13055703355666,3.3352420032712407,0.03612928760594337,0.48901559112802145,0.678301583149431,0.1980629475073143
2014-06-29 01:00:00,DEHM_noBD,0.8524906720436258,0.5153879748722185,0.2933188244949489,2.1175868017518713,1.648426484472379,2.3926859244763454,3.9522627921432734,0.03483778188495328,0.42678529126927256,0.9419855746781158,0.17910080781256768
2014-06-29 02:00:00,DEHM_noBD,0.5376441987374633,0.43107149583315657,0.2597626655223368,2.6868795386765685,1.6168623731955885,2.7316688977908483,4.258994109034102,0.03103509966394035,0.4103324629314242,1.2832474504530795,0.16216645982805392
2014-06-29 03:00:00,DEHM_noBD,0.27545285939425684,0.2842346979565581,0.2182572619109052,3.5521186159762888,1.4734371650888398,2.887863486800893,4.312929904091754,0.03260946175304752,0.40400459095984687,1.6070728628995496,0.14651560482935733
2014-06-29 04:00:00,DEHM_noBD,0.18956749038328055,0.16916105101565582,0.1042745543410512,3.5649845692432205,1.2075547204598038,2.744880602154359,4.138795388751822,0.03342010845885475,0.3339022168189286,1.5732785737592347,0.13157733881346861
2014-06-29 05:00:00,DEHM_noBD,0.267086762909917,0.10426450811345,0.06452648717613234,3.2477658627423516,0.845992786506959,2.6036555320366097,4.230617599697113,0.03663629009584076,0.2523839892617984,1.2675663268246817,0.12117576453069208
2014-06-29 06:00:00,DEHM_noBD,0.1980477824736234,0.0753809289779099,0.06538592789668927,2.8696792867176018,0.4658704868490433,2.0267071435186454,4.313100135794012,0.04082027977028959,0.18099545856088392,0.9781311735656484,0.11810496829178166
2014-06-29 07:00:00,DEHM_noBD,0.16645933803322005,0.0798582752546352,0.0649912826352053,2.542038181287327,0.33083188051745294,1.144208619633699,4.119424636587552,0.045384549803670154,0.14092117256775483,0.7960198274625744,0.11571049776158285
2014-06-29 08:00:00,DEHM_noBD,0.13784245293653552,0.1052278068810164,0.0669651433069479,2.3151505914399424,0.2918677630876376,0.6014316860099973,3.46752689070315,0.043156199905193,0.12214539417791166,0.6450386246831249,0.1169848215128551
2014-06-29 09:00:00,DEHM_noBD,0.11463373030766832,0.15300954183041804,0.06630074689751243,1.9036767796891354,0.23162327921032888,0.5319477606444339,2.0231638954796125,0.039954376491241755,0.10873241164491493,0.46998048905949785,0.11902465920680652
2014-06-29 10:00:00,DEHM_noBD,0.12562646109818476,0.16749184998890365,0.06433834255651098,1.5319619606971187,0.18762342596981665,0.5423123697514458,0.5023770214585337,0.03690831868748117,0.0914440586297772,0.30237516934003206,0.11690907680065817
2014-06-29 11:00:00,DEHM_noBD,0.0981545070013403,0.13072016581073978,0.06677873876640682,0.9490307326848155,0.2024692086093126,0.44004999852036114,0.36604680485726215,0.034973375553735225,0.07425622900737437,0.20396510193824527,0.11908146765897036
2014-06-29 12:00:00,DEHM_noBD,0.11023082587905221,0.11115992600798594,0.06609263972808886,0.2754042373436469,0.26004104562386854,0.354923697691611,0.6920565661683402,0.03314932493626837,0.05971402682200985,0.19713431561666928,0.13001344259222952
2014-06-29 13:00:00,DEHM_noBD,0.11815616777862409,0.09792468774469903,0.06164019132332104,0.2533289994581707,0.31836705079033956,0.3871802224421593,0.937678661704642,0.030447776644881464,0.040993528396664015,0.20187593923377797,0.1444862319892643
2014-06-29 14:00:00,DEHM_noBD,0.12471942105157292,0.08387387892470137,0.060042319476493154,0.4762993440511307,0.35264677434917524,0.38735048769734315,0.816037584004792,0.02928923606088138,0.033378790412287786,0.14645373570189343,0.16066656417354924
2014-06-29 15:00:00,DEHM_noBD,0.1149463001844192,0.0795300507113837,0.06381203768443885,0.6014094045133146,0.358247498630136,0.3221327497365976,0.766356571118664,0.023045394579218538,0.03283892101043819,0.13682276856306808,0.17849278861217185
2014-06-29 16:00:00,DEHM_noBD,0.0928849479946446,0.06988960264444807,0.0787045218977866,0.7406694603505117,0.37017016029518085,0.3014057151725445,0.7530737451559115,0.015336101385676076,0.0287404628986379,0.10813395444160775,0.1988395389554276
2014-06-29 17:00:00,DEHM_noBD,0.08737236963221788,0.06303495525941387,0.14064619365300277,0.8810835290144777,0.4222020212227105,0.291822371070336,0.7370963940491946,0.013021933691252381,0.029688993598881382,0.10327218436478039,0.2157943274204525
2014-06-29 18:00:00,DEHM_noBD,0.08636872574075115,0.06553738255242417,0.17506875376551226,0.8582092747504086,0.4905122512897476,0.3464927853682951,0.5969782038937742,0.015764454651918405,0.03276961493460417,0.13409577704952091,0.22714309107067054
2014-06-29 19:00:00,DEHM_noBD,0.08496068330969177,0.10070600059868914,0.18633575188208598,0.8767645188818991,0.5255115381971373,0.4304104043874748,0.7945767261967853,0.02162862420190466,0.03777674309428986,0.14413111361292205,0.231986008709371
2014-06-29 20:00:00,DEHM_noBD,0.08211874341540266,0.21030095297017248,0.1726182928903028,1.0819788133553847,0.49063334669943887,0.7093715197499286,1.1556868224338332,0.030465052003869904,0.04271362562187887,0.1836497680373254,0.24233242543369513
2014-06-29 21:00:00,DEHM_noBD,0.07828759487263329,0.3183330209449095,0.15808503656398495,1.410500387585796,0.4745610110282152,1.025941718992159,1.6951430344672747,0.04266347377510073,0.051662225821836834,0.2703853286999459,0.26177005524180813
2014-06-29 22:00:00,DEHM_noBD,0.07278541907421875,0.293379528997481,0.14295111409887648,1.8320060320965448,0.4839655882817878,0.8838092597971094,2.298666616064544,0.04973000432717249,0.054573235593540145,0.26935533415180846,0.264574899252355
2014-06-29 23:00:00,DEHM_noBD,0.09075330412728702,0.2854848948002154,0.1296843622595071,2.379154201804191,0.48332802165672173,0.5888056820411234,2.688968176775686,0.04780847555271687,0.057381000008458326,0.22649113803957896,0.264615615659058
2014-06-30 00:00:00,DEHM_noBD,0.13400043646197524,0.3091700725019052,0.117092703990843,2.7105849311898833,0.4445529974718019,0.5457801122939027,2.886973633949383,0.04773991476534614,0.06483601506655202,0.1220482497149879,0.2629393551070242
2014-06-30 01:00:00,DEHM_noBD,0.12805965224007826,0.2624079060829406,0.10628709628092108,2.6425144342292315,0.4014540640446915,0.5525221288254624,1.8278915112517082,0.051700521146549897,0.0789937827432271,0.1361177367813883,0.25848479850321987
2014-06-30 02:00:00,DEHM_noBD,0.11874072828854193,0.25020819832186897,0.10261931271230801,1.9090575108362782,0.3614709232633933,0.5164406672737759,1.0091900590006868,0.052461820494798785,0.09388130845027964,0.15985952760951094,0.25124206278495487
2014-06-30 03:00:00,DEHM_noBD,0.12383525707580365,0.24306207237717797,0.1156003653907589,1.0220021057870352,0.3431628763215242,0.4266511912269972,0.8490313510051328,0.04856976424739396,0.09802702593822477,0.15022508445877206,0.23247645804271083
2014-06-30 04:00:00,DEHM_noBD,0.14174386575997072,0.23654907297330663,0.14393516950216123,0.7925146934677176,0.3375859276715665,0.3705065235718328,0.9036417813012114,0.04174223701804859,0.0739299073672339,0.12490110337915052,0.21410505903415375
2014-06-30 05:00:00,DEHM_noBD,0.14715227053074384,0.2090235681454589,0.1628942290935291,0.7509007479738747,0.31880549446910605,0.3477013779881817,0.8573116123841689,0.037035783548019584,0.058535688792681194,0.11092839197072182,0.20115506752822543
2014-06-30 06:00:00,DEHM_noBD,0.14062858763531305,0.18181912479874213,0.16141616139516213,0.7776908454667852,0.310977164641656,0.36450042265069194,0.719257142915731,0.03784567857076626,0.05246711415279762,0.12376321109042956,0.1933752618595584
2014-06-30 07:00:00,DEHM_noBD,0.15730424192149633,0.15229938043158175,0.16973716540491196,0.6963509047402326,0.2975190548039226,0.3765966198420664,0.6047024866089133,0.041472516782283746,0.05217848698992026,0.14502605403902935,0.18225648315081358
2014-06-30 08:00:00,DEHM_noBD,0.17251445217638264,0.16485213127564513,0.18895879804456595,0.6073389387521608,0.2614765803628786,0.3392026795375789,0.5196168897339668,0.04458557059283937,0.054512496649003435,0.15520257828393946,0.17421633597959754
2014-06-30 09:00:00,DEHM_noBD,0.2345744164983042,0.1948202280538041,0.19651710303643702,0.5771865754972333,0.25210303224775926,0.3337308475274965,0.47734005082572534,0.04440494408967492,0.051580477314297844,0.15420608760359916,0.16715859949693998
2014-06-30 10:00:00,DEHM_noBD,0.3067964700578524,0.18256093436292187,0.18073725981999178,0.5197626131596494,0.27059941880542776,0.43421504306640113,0.5427087182424748,0.04353046449546462,0.04273634535434183,0.16095585177158003,0.161383521992415
2014-06-30 11:00:00,DEHM_noBD,0.34252458540891284,0.18425995046106458,0.1510328122885711,0.48317122076012475,0.2861275407907179,0.5510038445364462,0.5741969054805729,0.050259673097174516,0.04731846931993944,0.1756996252657798,0.1614160703327971
2014-06-30 12:00:00,DEHM_noBD,0.28400770265155917,0.17183994967826807,0.1402779897627978,0.5752849800958058,0.29721555878441763,0.545092522329418,0.5730866610175718,0.06880528615541781,0.057327549896724395,0.1780205069110588,0.16749302789682044
2014-06-30 13:00:00,DEHM_noBD,0.19437489536515656,0.18173141944790422,0.13766626866213963,0.744789558289489,0.28569149952907097,0.4500045100611586,0.5015391278221218,0.09115700363895733,0.06865574898619188,0.15293563046459788,0.1733067428038548
2014-06-30 14:00:00,DEHM_noBD,0.20349125453747569,0.17637602861309704,0.1546795759846082,0.8094308201486993,0.27413808491539193,0.3558388096419267,0.5546568792898929,0.11339179640062606,0.08895980053855088,0.1268084677274676,0.17924528431296574
2014-06-30 15:00:00,DEHM_noBD,0.20711142614159261,0.16108134545380828,0.17277586102098222,0.9731075494961052,0.27064294123090793,0.2673425718505562,0.5318467190065624,0.10884555044162139,0.11504292108189304,0.11560144446295707,0.18278723332388727
2014-06-30 16:00:00,DEHM_noBD,0.20520184934651475,0.15810117316113825,0.15305832800924773,0.930038643732864,0.2682100575021652,0.21193119591176385,0.47549911129806416,0.08138809803936387,0.1315523817880823,0.11058845664507708,0.18469101547556546
2014-06-30 17:00:00,DEHM_noBD,0.17037114792505964,0.16547158618139796,0.1295082813364079,0.7345376798339003,0.2517673414362966,0.21061285069564575,0.3262775076048174,0.05724681024164962,0.14441558866808415,0.11217625085050631,0.18514841478177715
2014-06-30 18:00:00,DEHM_noBD,0.14694958227537797,0.19503925671899033,0.10988838250670575,0.47750487050811125,0.23853938754949705,0.2234320142340869,0.24723481485494486,0.04514593420640897,0.1539193361856392,0.13032900983754697,0.1855170418286178
2014-06-30 19:00:00,DEHM_noBD,0.13547624152982124,0.183264618974503,0.09947876960562535,0.3244427724289236,0.23057153802786015,0.26959297362866635,0.28382633221064046,0.04033894943994472,0.16304934741185498,0.14558322194297155,0.1828060340285001
2014-06-30 20:00:00,DEHM_noBD,0.13816208913890396,0.14539815806318163,0.0917300608716531,0.47135490944359737,0.24014140886977295,0.3490256751917642,0.37869622826366045,0.04092679756078158,0.1825319017508582,0.1920922628631848,0.18289786035576747
2014-06-30 21:00:00,DEHM_noBD,0.15744345734380416,0.11774976706223607,0.08540653177749113,0.6576468593561314,0.2598274329224042,0.5036174544913288,0.5550778031957111,0.041613132066978885,0.20393264103136888,0.3317796836832307,0.18777760449553826
2014-06-30 22:00:00,DEHM_noBD,0.16536391548036578,0.10596273386807258,0.09195587472617438,0.8221158784281098,0.3080562114899976,0.6618581343996948,0.743945862014105,0.04173185317496267,0.21037447764563982,0.46395593934704304,0.18118997785242258
2014-06-30 23:00:00,DEHM_noBD,0.18986488695029743,0.09951622975527881,0.15250907491200827,1.0082453379739251,0.37933775557950133,0.8025693499189805,0.884129834873001,0.04298663133707965,0.20766023869324968,0.43788048782474,0.17159241300528857
2014-07-01 00:00:00,DEHM_noBD,0.18903520645400607,0.10322748547176248,0.24740931418432852,0.9493172924571436,0.40249191431578246,0.9226945337837794,0.8933717486285255,0.04620193633267639,0.2586624788817036,0.24502278645843273,0.15918231169056138
2014-07-01 01:00:00,DEHM_noBD,0.16074131118672888,0.15134784746667018,0.25778683661129326,0.9553460878162993,0.38353794814143316,0.9708788180301802,0.8844370864728976,0.04977025825683262,0.35759555561184886,0.17881174971717412,0.14671100452275002
2014-07-01 02:00:00,DEHM_noBD,0.13782531527903155,0.324960817547723,0.22686023728072632,0.9872330160748749,0.34874518405035126,0.941339462424349,0.8721360014454508,0.044572201926541655,0.45974593276798725,0.18886697380531536,0.13814924093993364
2014-07-01 03:00:00,DEHM_noBD,0.1309026180530524,0.2911490043836429,0.18848200026459047,1.0155312042094835,0.3186895414940826,0.9500329788893646,0.8188004224185738,0.031444377233060525,0.4474289789324998,0.20526588078774732,0.1296953921280707
2014-07-01 04:00:00,DEHM_noBD,0.13537806397679247,0.20871427221833488,0.15147980502506236,0.9535963174979738,0.3149788001004606,0.9081755538477748,0.7780545909299595,0.027494660459179136,0.37202243894487613,0.19336017614082512,0.11910566163144522
2014-07-01 05:00:00,DEHM_noBD,0.15102869943165204,0.17098983747372629,0.12091927650575514,0.8015324062392348,0.29664698546706686,0.822372107231235,0.7081570422484293,0.025945277925885628,0.3502764965142309,0.18653562094518147,0.11042322931686172
2014-07-01 06:00:00,DEHM_noBD,0.2003165619219978,0.15065820021559342,0.13552438338546072,0.6900159941265749,0.2582328863103501,0.7481887268904992,0.6908974447295126,0.025848272541911396,0.33700660533606985,0.1961892223847877,0.10090682192131166
2014-07-01 07:00:00,DEHM_noBD,0.2478993430014698,0.13907468202433446,0.21423155715532594,0.6652748379751656,0.1848466791173955,0.6404834995868964,0.7055345285056438,0.024482531349628564,0.31243082306960585,0.19073062060929358,0.0934131215178825
2014-07-01 08:00:00,DEHM_noBD,0.32412960311184624,0.12355672294677311,0.262625276246108,0.6592819726283438,0.1588537345826904,0.49580750426076114,0.6775830016905158,0.021305610778438802,0.30237467616034663,0.19367875107872742,0.08846420096914269
2014-07-01 09:00:00,DEHM_noBD,0.394877221905738,0.1224552878420421,0.29835298751223815,0.7095574361085563,0.1885043853822536,0.4601617137666523,0.6888731292443783,0.018630532277834084,0.29881319309413423,0.20478107829075762,0.0826084080348628
2014-07-01 10:00:00,DEHM_noBD,0.3894695107972668,0.15367165722339926,0.33261050586889485,0.8844571424410189,0.2211207838014699,0.5072304380865348,0.7572774011103285,0.016218546175275024,0.3057272509767115,0.22460341086376456,0.07811147056449183
2014-07-01 11:00:00,DEHM_noBD,0.39434326233229117,0.23789227505225036,0.34306703863633314,0.9154766176343663,0.24424652169054362,0.6612802416147454,0.8378145764020766,0.01352202402812067,0.3304506346359662,0.24725187139384894,0.07432870902331995
2014-07-01 12:00:00,DEHM_noBD,0.3640990710757857,0.32976065144085615,0.2933885041533106,0.9846649904393338,0.25924113910353735,0.8019256162242544,0.8070674342534762,0.011837657484405104,0.3321123765745572,0.25373227434582535,0.07173607426904073
2014-07-01 13:00:00,DEHM_noBD,0.33527243236466303,0.3494966102278957,0.2567546214022441,1.046250857184933,0.2722739194167404,0.8410508794000068,0.719986030085652,0.011923163819792464,0.32328600722987194,0.2293224543702682,0.06834579341570488
2014-07-01 14:00:00,DEHM_noBD,0.2574975447673675,0.2978567192941999,0.21491313251618294,0.9504173263604435,0.2667050550888664,0.7856826415727916,0.6505164519616163,0.014387728794319385,0.32271069094805027,0.20674355028992272,0.06638312942787056
2014-07-01 15:00:00,DEHM_noBD,0.22728547429307355,0.2413022750888013,0.18872100749121962,0.8430673365167289,0.25254300776258093,0.6426322027439285,0.5612468939576662,0.017208196455621917,0.31936475325945757,0.1924259873348275,0.06557358327615993
2014-07-01 16:00:00,DEHM_noBD,0.19401267347493895,0.19773202549823526,0.1922650121064483,0.7174060330349223,0.22569863760491815,0.43402946246248897,0.43791975168405123,0.014260785354708615,0.2932182750572728,0.1722560279370447,0.06551769312822942
2014-07-01 17:00:00,DEHM_noBD,0.14539275840340388,0.1674172869299863,0.23587747817538668,0.6192138968509774,0.1811035664682787,0.24597717047420442,0.37820503890405377,0.012290082550083719,0.24746195917402847,0.1656297969977501,0.06636583588043442
2014-07-01 18:00:00,DEHM_noBD,0.09229876118613856,0.17061638267357274,0.27476297184828663,0.44434209188219964,0.1332034231738651,0.17292420201286116,0.34208298587810293,0.011394993938358917,0.20255633357996572,0.1647625689053549,0.06715779777211783
2014-07-01 19:00:00,DEHM_noBD,0.08364141245395282,0.16803721483987238,0.2885627445040828,0.36456992158721635,0.11562197457974764,0.22513162058498282,0.5185723232197121,0.010012159699007263,0.16698176629100447,0.1647297273805186,0.06901320561011437
2014-07-01 20:00:00,DEHM_noBD,0.08374002762434193,0.3015592165244054,0.2765758597770519,0.6381840838553834,0.1332673684576665,0.39258950759213307,0.7672699332208891,0.009514359692819968,0.12960808698951004,0.2377248661173205,0.07227845662271097
2014-07-01 21:00:00,DEHM_noBD,0.08512286674545365,0.39890201530277924,0.28718228047253547,0.9175669263901325,0.15796730390310268,0.4623899665251801,0.8858221460072171,0.008916780120896231,0.10818252080260218,0.3330154600072651,0.07329958008636615
2014-07-01 22:00:00,DEHM_noBD,0.08655250585219344,0.4867763576631294,0.32056250842231315,1.093439455255857,0.1669121286428392,0.49797366513551955,0.9918862555556572,0.010000618221723746,0.10615412240861724,0.13749003982769104,0.07191779815992627
2014-07-01 23:00:00,DEHM_noBD,0.09135874051180645,0.5354385373439667,0.3827864973622932,1.2395478295412343,0.16124578711022838,0.5236131890909252,1.0517791893181834,0.012925911754068726,0.160321089473837,0.13024261098120685,0.06880844746877274
2014-07-02 00:00:00,DEHM_noBD,0.10988147157048783,0.5919568685536295,0.3962062652496713,1.3465528272528813,0.15413804746478324,0.5618452895156701,1.088067424956645,0.016786986428694067,0.2349880797878186,0.23261692465993014,0.06531648137740469
2014-07-02 01:00:00,DEHM_noBD,0.1510584740117028,0.6151196028413297,0.38811009972520866,1.3922148919979245,0.15369091633110182,0.6210742909517681,1.1430839068321679,0.020595596633194223,0.3035963480007648,0.4589697078605641,0.06210462994167522
2014-07-02 02:00:00,DEHM_noBD,0.18374362402466696,0.6279290105385915,0.3689152337424409,1.5157449140490222,0.16091762185416872,0.6500985871378977,1.2171349285176731,0.02194930042416199,0.30140404786482444,0.6861097476203312,0.05920420761229932
2014-07-02 03:00:00,DEHM_noBD,0.16526008343083304,0.6287749363985751,0.36874408887935095,1.6189840176367365,0.16290773689918556,0.6375807524142826,1.2719893609728086,0.022171686344167513,0.22551082530856129,0.732014190271931,0.058885022938638065
2014-07-02 04:00:00,DEHM_noBD,0.24359151520726266,0.5612168046355492,0.3673965531440055,1.4632256975577362,0.14184988382621538,0.5652899576783158,1.1406583122204068,0.023513373790697522,0.1690612419861181,0.5488771107618253,0.06338199023275343
2014-07-02 05:00:00,DEHM_noBD,0.4174478561132121,0.4644224975236487,0.3674763695141322,1.0562565628836293,0.10046013166168687,0.39920173706065576,0.8854997551429541,0.024431031255364673,0.14901882303357117,0.26864050307122744,0.06746884676323409
2014-07-02 06:00:00,DEHM_noBD,0.45645972867703044,0.4298120960968516,0.3856142879669624,0.947910148489173,0.08684590164701436,0.20526258969589944,0.7372989730439616,0.02442217865431029,0.14144889630228263,0.2613852931897225,0.0751657170554634
2014-07-02 07:00:00,DEHM_noBD,0.46000368006323455,0.4514390809043438,0.3916605197669051,0.751968982978245,0.0894400783299794,0.18529690921934652,0.5669232224047966,0.02482120592595918,0.11559181881843587,0.1390423513443208,0.08327963201137158
2014-07-02 08:00:00,DEHM_noBD,0.4900986123709799,0.45148432017298534,0.3877218737132241,0.6492831080653366,0.11506189650426606,0.23948472115016528,0.5730260799906489,0.025006292532424382,0.08554562752079212,0.1357688621553964,0.08924896420006093
2014-07-02 09:00:00,DEHM_noBD,0.45390346783606794,0.4466967212188415,0.3882576140253734,0.7230722769421536,0.18042595439147185,0.3472842066487739,0.6705353907698338,0.02447004103774869,0.07038341054974118,0.2822686226337588,0.09358795327463175
2014-07-02 10:00:00,DEHM_noBD,0.44026484581071407,0.4212153616575715,0.3539536201197326,0.8207907909832173,0.24335873474093145,0.4721142851641075,0.8339203788191004,0.024001535359026646,0.06945764003092411,0.2625299486206238,0.09798986584476004
2014-07-02 11:00:00,DEHM_noBD,0.6690893669658712,0.3765089133952353,0.3614963518247566,0.9613029823358276,0.27795162377547455,0.5788415598653023,0.7933155924703111,0.02372330146500175,0.06613705206122232,0.21811725941876392,0.10232037411304701
2014-07-02 12:00:00,DEHM_noBD,0.7029289176620681,0.2938360349102806,0.34304819045273116,1.070768823667126,0.277297432711143,0.6829066742703503,0.7321815040422074,0.02319234951114015,0.06286182357422064,0.18706925893954923,0.10141190187905905
2014-07-02 13:00:00,DEHM_noBD,0.5604323634855681,0.18941800885296992,0.2914152995327487,1.0444210634767392,0.2559795096312648,0.7405905645089665,0.6803845652488301,0.023356824595623053,0.06527507759853259,0.1744792520478693,0.09557747067934907
2014-07-02 14:00:00,DEHM_noBD,0.43674063336580754,0.17586406051020825,0.24311535389729755,0.8948659313278017,0.2410977615689298,0.7848134715435839,0.5825519309232498,0.0536935667679229,0.08410077464749793,0.22046035701903738,0.08616559725074789
2014-07-02 15:00:00,DEHM_noBD,0.2932898952622292,0.20002539640863817,0.19543950041843566,0.7632610462459761,0.23509755794562393,0.7708642381209388,0.5864327419653145,0.12560908858745817,0.11586380142582572,0.2558642280081775,0.07500177917966475
2014-07-02 16:00:00,DEHM_noBD,0.22281004599152357,0.22315188007362807,0.138053801057129,0.7305047741073485,0.22022473302852352,0.7180813982954409,0.6952744190159037,0.1655037322922714,0.12546844069339314,0.28076400891833586,0.06175854538970077
2014-07-02 17:00:00,DEHM_noBD,0.18293680283138516,0.19054353565761256,0.09642952905052328,0.7258363041773988,0.2165295020617916,0.6700944132842106,0.7259876513589174,0.14394867749767476,0.11296845923641688,0.24417160113072242,0.04946200572980879
2014-07-02 18:00:00,DEHM_noBD,0.14906455549915765,0.1451397570068712,0.07715783802124249,0.5853996315585029,0.20070775807558544,0.5925413630062242,0.6664849222504428,0.11091428151119198,0.1097587288916296,0.20641689550128675,0.04175836401015924
2014-07-02 19:00:00,DEHM_noBD,0.16240846639112905,0.10340113258201314,0.07840498056914103,0.6737711886017319,0.26662424404017615,0.8027119041508439,0.9401628889074138,0.08874026335085318,0.13851643608489062,0.1897435834766508,0.03627059114126995
2014-07-02 20:00:00,DEHM_noBD,0.1801683571696258,0.07506488966318199,0.08626710216176756,1.1019572600978642,0.36821982970881273,1.2453396916720918,1.2592962718996878,0.0921030066271881,0.15573169636346854,0.1625402990314433,0.03125683579373459
2014-07-02 21:00:00,DEHM_noBD,0.15408929395216073,0.08645680324951416,0.13128892965507577,1.3014984511295509,0.4245754256587614,1.6509495349067613,1.5304668422936385,0.145440151173573,0.13671764344003268,0.14858411089481183,0.029307288130009105
2014-07-02 22:00:00,DEHM_noBD,0.11116867171019366,0.11409128329078631,0.2823253033828918,1.4989494395517668,0.5700159602789359,2.0704438310196407,1.7620586075886229,0.2057807122688411,0.12297671514734904,0.17345540508227372,0.02645815229060043
2014-07-02 23:00:00,DEHM_noBD,0.0854836083630762,0.1533937632390847,0.4860381182102676,1.7266937803735678,0.8375053438893787,2.594881817362718,2.0551867011707774,0.28925265786630266,0.1106677678248999,0.16917994214788512,0.02734776462819936
2014-07-03 00:00:00,DEHM_noBD,0.0830802000427571,0.27355597279066346,0.6476258246896965,1.9871043427750508,1.1694924027964915,3.2167045472093534,2.4291166456146276,0.4722298096144152,0.10143350901022896,0.1314736878935682,0.0333761829775563
2014-07-03 01:00:00,DEHM_noBD,0.10028276437049256,0.46428552512965654,0.7858166296161033,2.278688403682845,1.7713682155121024,3.8649778481204136,2.8655023557302584,0.7883562766762262,0.11750343970341966,0.10690658637512852,0.03950155139451345
2014-07-03 02:00:00,DEHM_noBD,0.15353727013877583,0.6161630394383625,1.0253281440538482,2.5971600113178077,2.4338691638287404,4.56026198069546,3.3424093928008287,1.0454947129335252,0.1745780123758711,0.09174565415592663,0.04544242540371244
2014-07-03 03:00:00,DEHM_noBD,0.1912355060286504,0.8265855804442521,1.0923952559894023,2.856558006506486,2.4095013684701767,5.0789297583597985,3.637816506056768,0.9606895443637667,0.2700000803113903,0.09542493611772859,0.05413092213459957
2014-07-03 04:00:00,DEHM_noBD,0.21574606673153343,1.1367368081709863,0.6773458864998366,2.990262472571241,1.800120373475987,5.2118523576213125,3.666020307122241,0.6338388055092841,0.467808440202847,0.1160947657306787,0.06416865896196831
2014-07-03 05:00:00,DEHM_noBD,0.23168406635085687,0.9377810155786376,0.41815843427209703,2.902853225437321,1.1817875730333618,5.059056392011211,3.595975322169653,0.3495470659129041,0.6479961765518412,0.16107659055886103,0.07325462307644999
2014-07-03 06:00:00,DEHM_noBD,0.289839295822723,0.4864740299421833,0.7726061822278971,3.4164932556688745,1.0606953830939276,4.713524271253364,3.9215220181796266,0.17305823947780746,0.6304962645366601,0.1693440598849815,0.0846193074563081
2014-07-03 07:00:00,DEHM_noBD,0.4590469027832115,0.48641084887201075,1.0191576356910164,3.781486539436669,1.0287035281906463,3.7860856874950253,3.9841391695346373,0.13187411772358684,0.5622590443939715,0.18628902113496607,0.10985243156909992
2014-07-03 08:00:00,DEHM_noBD,0.44980618760413715,0.9245455087366047,1.132396555489353,3.5774640820291443,1.2595801358081073,2.817002871641948,3.2228515200597023,0.12568459561583575,0.5896504015318862,0.3606364768384644,0.1253031596917152
2014-07-03 09:00:00,DEHM_noBD,0.4840196573204943,0.9632042774868943,1.218814417829031,2.578028076418438,1.4112707602190226,2.619638375892376,2.7870660424476466,0.10994599543514647,0.5512555199861524,0.6388324069742184,0.1608901321265484
2014-07-03 10:00:00,DEHM_noBD,0.5427087929987044,1.0349886779153463,1.047205619487909,2.340913844931952,1.4926882645847181,2.565281717344453,2.6837056068195357,0.09054335373460298,0.4521237980289849,0.5750596711014961,0.21382164121330935
2014-07-03 11:00:00,DEHM_noBD,0.7719311957797408,1.1929566075205422,0.7973432539017079,2.071781569085377,1.5206374048055895,2.474231551529355,2.5178921331846156,0.07927080034343048,0.49008743796939025,0.5562618899791174,0.2215574676085542
2014-07-03 12:00:00,DEHM_noBD,0.7282522720912552,1.3243291767422298,0.6820526320369542,1.676698663117443,1.4506974531995505,2.5201685141225996,2.23594646602476,0.07656461523404919,0.5474123765371552,0.8898499332329608,0.2130506512430285
2014-07-03 13:00:00,DEHM_noBD,0.6530851602693227,1.0882545025319468,0.58215140326987,1.3954073389507422,1.2077202516801842,2.2925298702564043,2.1755245085708053,0.07407313709337014,0.5980348766659804,1.1134601088786777,0.2372914287735992
2014-07-03 14:00:00,DEHM_noBD,0.6120990432980598,0.9150706071562855,0.4553724122798256,1.4360294305965327,0.9660924843635224,1.99997940174398,2.260289085072996,0.0665164456990793,0.5111460373188088,1.028402740361737,0.21680863846282414
2014-07-03 15:00:00,DEHM_noBD,0.4984611849350993,0.7274852278400072,0.38894931308415487,1.3755668757978459,0.6886648323322088,1.7319410453171447,2.2334563511529284,0.06211144964940275,0.3776353135273977,0.8703295359333465,0.15693471127325748
2014-07-03 16:00:00,DEHM_noBD,0.4476273583121294,0.5628587631803936,0.380007572434796,1.1961512572554778,0.5376568098567053,1.341396791097899,2.0591677465977765,0.05845074430915229,0.2883630464633925,0.6250320559533115,0.10650721353354377
2014-07-03 17:00:00,DEHM_noBD,0.43713203539352163,0.42170418424788514,0.428953481116566,0.8811177226316058,0.5372621734580955,1.0347044725500256,1.6181754336230545,0.05615395608328593,0.26759943125322455,0.47448056952772427,0.08179698380169831
2014-07-03 18:00:00,DEHM_noBD,0.43860089541991215,0.3610106762343997,0.5076869682854005,0.5810029840596631,0.5413634479207824,0.7837565229845347,1.287661359782467,0.05405124261583777,0.2533655000277421,0.3833004694240453,0.07550670608872921
2014-07-03 19:00:00,DEHM_noBD,0.4713118063735985,0.4016352455524539,0.5555968377428782,0.8039442810256683,0.5518217820177878,1.3472281177668788,2.1391458982436538,0.05135829351874119,0.2329552007187343,0.3555992274324209,0.0713823205671356
2014-07-03 20:00:00,DEHM_noBD,0.5264444799289851,0.6073862508470893,0.5876375926443155,1.9132133941607132,0.5779221022673835,2.6281320053215174,3.2732511586036925,0.04946436082179311,0.21478878047053693,0.36810388404989447,0.06593704141112197
2014-07-03 21:00:00,DEHM_noBD,0.5600271328196021,0.7064312154071815,0.6635520078862573,2.7032186848839297,0.595122187889968,3.7853145843451066,4.135811578116593,0.04829820330417738,0.20856882255740952,0.43551670786143604,0.06123060261078959
2014-07-03 22:00:00,DEHM_noBD,0.5770592844508622,0.7811250153057088,0.7743694703884154,3.3044860148312325,0.6623508530214985,4.846265701119136,4.772346146594931,0.048838860041936855,0.20680527328810483,0.6914795478224779,0.057066876823866734
2014-07-03 23:00:00,DEHM_noBD,0.582504904324844,0.8848010101342125,0.9197536077868869,3.795330697602352,0.9363230145753174,5.714912721204414,5.429166540521192,0.04883002166051124,0.21216626049755988,1.031556165361057,0.05248332592365082
2014-07-04 00:00:00,DEHM_noBD,0.6265521649933559,1.0040139047349839,1.2053086875220669,4.250040491658891,1.434237995975454,6.073415671913975,6.108223277065959,0.05021331017120153,0.22153229742502847,1.3201697864503426,0.04743025255588853
2014-07-04 01:00:00,DEHM_noBD,0.8755309308418049,1.1425513535738885,1.7208871949722222,4.698842712085926,1.937672675732783,6.110400656571997,6.274144630912448,0.05402128892288061,0.23469618437561185,1.60794438370195,0.04343234904026771
2014-07-04 02:00:00,DEHM_noBD,1.2311560530130925,1.4814032462470048,2.244685536294446,4.823595798521767,2.1542741542749932,6.023417363454362,6.320136719917334,0.0649004442669543,0.29740638482909987,1.9400356591580072,0.04111676766562367
2014-07-04 03:00:00,DEHM_noBD,1.7055675176143914,1.8473989019899628,3.164956409558457,4.605761482004692,2.19782084912681,5.464042771968254,6.325218963973966,0.09155243879224159,0.41770037177547803,2.214529099516997,0.04204225953194233
2014-07-04 04:00:00,DEHM_noBD,2.229729225938015,2.0397893831921463,3.92762235514506,4.061603157446356,1.8977158764061541,4.540276062586674,5.944566732636316,0.13406643056269263,0.42222553768152365,2.2587435754668794,0.045308358249863304
2014-07-04 05:00:00,DEHM_noBD,2.630962554524919,2.231183833314859,3.2344788895941448,3.101889168311497,1.1700488538766116,3.6092512815483144,4.940441670514184,0.15573754668893275,0.41312575493188564,2.005563036591138,0.046222066789501574
2014-07-04 06:00:00,DEHM_noBD,2.3400216330003625,2.1188542766156746,2.4688849068498238,1.9303688292334507,0.8016237653164495,2.9101715326301987,3.307433542152734,0.17810748233473264,0.43359130873002105,1.640604918614498,0.04725307508133335
2014-07-04 07:00:00,DEHM_noBD,1.7533667046332708,1.8615479384442697,1.7236106197182552,0.8416770374304456,0.7279452838835538,2.3373570106223474,1.9007817013363604,0.2628187299906088,0.48246984775329466,1.243633495404194,0.0473921347582593
2014-07-04 08:00:00,DEHM_noBD,1.2313138378483823,1.6643873956054125,1.341849381028572,0.4430613483981554,0.818994575182367,1.5065963011759194,0.7919800208126089,0.451957141128648,0.5663841777141067,1.041947937716497,0.04736386518225186
2014-07-04 09:00:00,DEHM_noBD,0.966380463052243,1.5886805137114086,1.355250645547346,0.4821622454010508,1.4264333393338462,1.0428404427960665,0.5322305415724042,0.6715640100035816,0.7396107400364522,0.9989965692296157,0.04839902396329408
2014-07-04 10:00:00,DEHM_noBD,0.9054437648094864,1.6143519593212987,1.493819498068518,0.7175733431083791,1.6191667404151566,1.0964084818407085,0.9141200530077009,0.7767940183120965,0.8854576288537122,1.080263682615012,0.05036117009865089
2014-07-04 11:00:00,DEHM_noBD,0.8367945575737673,1.4755603935923847,1.408644383186465,0.9088315479503873,1.2950007870919258,1.083409940368377,0.9383047891939786,0.7512733291746675,0.9393052764135645,1.6260252890203895,0.05414096045616299
2014-07-04 12:00:00,DEHM_noBD,0.7911788972479105,1.2359662994652427,1.2784940139682077,0.9640492078571068,1.16891913049886,0.9980551005238747,0.9239971655898866,0.7634662216874957,0.9578243711566272,2.743834363720799,0.06073953958058162
2014-07-04 13:00:00,DEHM_noBD,0.745174446741091,0.8693655489424523,1.204105196465794,0.9957331337849074,1.0938498119850921,0.9480360889450513,1.0148219205696043,0.8018273952457307,0.8086252935197298,2.221851686999174,0.06689166495121746
2014-07-04 14:00:00,DEHM_noBD,0.729827543660556,0.6650070908292266,0.8549215973878372,1.0029917786731046,1.076798736909153,0.8817512507169385,0.9898420750598015,0.8362803350257874,0.6620583921692962,1.630832243195231,0.07295968729897857
2014-07-04 15:00:00,DEHM_noBD,0.6295658112789736,0.4942151029820646,0.5441348489325516,0.8513227229166892,0.6705402342356763,0.46631996079981997,0.8661248413851264,0.8159880227171257,0.6131168627916136,1.4753706475756583,0.07818363244899065
2014-07-04 16:00:00,DEHM_noBD,0.5484951797637634,0.3502201744414167,0.4300145823313271,0.5469627958521738,0.3698418545966524,0.30690869949086846,0.49648448460104,0.7404795100022479,0.6489325280997971,1.3424704133835466,0.080949967866435
2014-07-04 17:00:00,DEHM_noBD,0.6573224057253106,0.31198936764895846,0.4142696525395755,0.270767784061451,0.3191131163766303,0.2928810448931402,0.299591551442957,0.6407201717956735,0.8828075618998412,0.986625618679108,0.08163886129262585
2014-07-04 18:00:00,DEHM_noBD,0.7520326132589263,0.2907965404796662,0.36055826727636936,0.24643972996958732,0.2581785372324334,0.2739221129493832,0.2756456794853203,0.5787749185417592,0.8229069062890964,0.8976987339369347,0.0806706829788185
2014-07-04 19:00:00,DEHM_noBD,0.8085982033032098,0.2875584024153187,0.5076361806848888,0.3051484017726387,0.23780653225416998,0.2967774114310402,0.27364156865661443,0.5658486361132934,0.6446183785134573,0.8599082121047831,0.08362375461067081
2014-07-04 20:00:00,DEHM_noBD,0.8307978300914185,0.3204666690486346,1.2977676208630657,0.3819637939798217,0.2394275532122281,0.6710250957555008,0.3090571966648222,0.579391260386668,0.5369943562834762,0.9828769265437589,0.09220628698005931
2014-07-04 21:00:00,DEHM_noBD,0.8886676735457493,0.9116929458994186,1.7497983052964363,0.4591067042887381,0.3060769819876352,1.6085427300345476,0.5653122340930853,0.6836391137959063,0.5217340292325573,1.3990106024092288,0.10708469243192084
2014-07-04 22:00:00,DEHM_noBD,0.7814941383868659,1.3160399106061083,2.213328361613269,1.0680147150415364,0.5811004197337006,2.833599467337527,1.1597346198117298,0.6697316253393887,0.6744496877310542,1.581902286164052,0.12300473321111811
2014-07-04 23:00:00,DEHM_noBD,0.8144316764090913,1.487637987327027,2.3260715356727992,1.8856683829044787,0.8680300104838516,3.857276936269587,2.133659450570793,0.630145272348225,1.0629880443805488,1.5226078518957025,0.13939675440386534
2014-07-05 00:00:00,DEHM_noBD,0.8751611313321918,1.485357188828077,2.354013720060566,2.9435089197349833,0.9166298380882479,4.574662223172149,3.3502106322127325,0.6406017846456169,1.324061191363531,1.3596830541072489,0.15908299865997905
2014-07-05 01:00:00,DEHM_noBD,0.8587270183125011,2.138847600701987,2.218091504319366,3.450715245598972,1.1768988125358055,4.955507498878991,4.2507596927425855,0.6423564331175385,1.2137631504536612,1.1052259796047652,0.1806389586856379
2014-07-05 02:00:00,DEHM_noBD,0.74037309701815,3.1327593147221147,2.1589243947376913,3.4657868988235827,1.3963805937379017,4.901186955787395,4.542520962305186,0.7577956413191556,1.0352883479347381,1.0681390776665913,0.20238779977938814
2014-07-05 03:00:00,DEHM_noBD,0.6289018461212923,2.6934199121837423,2.999501133395181,3.414890135847872,1.449351250071132,5.00020875110763,4.586521199327787,1.180300028808117,0.9644474509773611,1.1114469215204332,0.221151827005529
2014-07-05 04:00:00,DEHM_noBD,0.5042918444969592,2.064515194160834,2.8792694615484193,2.6057515289507585,1.4576157652790216,4.957597040620738,3.96929713609051,1.6989918580175938,0.8673650267083536,0.6952496308899752,0.24095706191831157
2014-07-05 05:00:00,DEHM_noBD,0.45603419904312575,0.9833897016379918,1.6505790261644073,1.0713805720157072,1.5677691976233339,4.515316227764616,2.6044667594753474,1.8043668989179285,0.6762688862681828,0.45531119305044637,0.2759413116467383
2014-07-05 06:00:00,DEHM_noBD,0.4444433052501256,0.43325536236659784,0.6423204797182629,0.3687899745563744,1.8499371920632433,3.725730725126627,1.188045598675783,1.8511572125957165,0.50846008623006,0.41418226228678595,0.3145326970731356
2014-07-05 07:00:00,DEHM_noBD,0.4746515584836224,0.36314408873059784,0.4414691363487278,0.4999214818133486,2.3919439048762854,3.2175066267514336,1.3529829013228116,1.8696143091775315,0.44324119183008165,0.4112685078429174,0.35581042696893966
2014-07-05 08:00:00,DEHM_noBD,0.5160116998888806,0.4087935620521845,0.42071184703014936,0.49982987791002037,2.797819531089272,2.10056366432821,1.2149680956955176,1.9005520799927924,0.4143181302615793,0.43814952496722914,0.3891967837257007
2014-07-05 09:00:00,DEHM_noBD,0.4746919463857775,0.4986866777197037,0.5259541659831689,0.28824676380476544,2.1100615332402244,1.0651882011249478,0.5575263588096981,1.6700097769409237,0.4175267657431284,0.4079872391086356,0.4269826035139686
2014-07-05 10:00:00,DEHM_noBD,0.3988263735462538,0.5105981745623122,0.6963364905908003,0.18620936198592852,0.4282361134393885,0.32372142424032246,0.20873526940514583,1.2643801023703558,0.5092620444550768,0.34320006051065877,0.48839337072072075
2014-07-05 11:00:00,DEHM_noBD,0.3656554354677081,0.49052529634894737,0.8295222547331587,0.11844110842270549,0.15633828255705517,0.14872203021210606,0.14077641563764498,0.9460450140386727,0.6052108819314277,0.30783771621347833,0.5151704667352639
2014-07-05 12:00:00,DEHM_noBD,0.36213686716346416,0.49383030269534955,0.8609938760230776,0.1117095728720699,0.15925020734813045,0.1272364452751551,0.11909898884721692,0.6728678691926376,0.6678857511217099,0.3124659227291391,0.5198968002880784
2014-07-05 13:00:00,DEHM_noBD,0.3504234302206218,0.5929110696714045,0.6928725575864442,0.10862501761313002,0.21491332960510384,0.2363460305794492,0.14813109124823143,0.5064031617182344,0.6840512011938902,0.3291720788255684,0.5202759706259482
2014-07-05 14:00:00,DEHM_noBD,0.3429176215473024,0.6096111016772081,0.2459582537823966,0.17235941427548002,0.2434897887073968,0.3862245802820897,0.23102914957505166,0.5010923892821624,0.6269515560953027,0.36576324635231283,0.5283997277881403
2014-07-05 15:00:00,DEHM_noBD,0.353594022059683,0.585732787631083,0.5008587337564048,0.15992446903194146,0.2607751393915245,0.319587812273554,0.21388242420287107,0.5359134912383395,0.4750912006223358,0.3980742405458592,0.5329458397123531
2014-07-05 16:00:00,DEHM_noBD,0.3749702697430944,0.5958847087097063,0.5928657545246503,0.10936979748503792,0.281096261927029,0.2582495955564052,0.17149910100193388,0.5049119463839015,0.3709162167392055,0.4280095742126629,0.5340321396902001
2014-07-05 17:00:00,DEHM_noBD,0.3969354513556677,0.5362534915619913,1.8411673846650198,0.09543931150091836,0.2814262479816376,0.26107859464461275,0.18716464495256152,0.45608744963379916,0.33843605032606916,0.4550802126388331,0.5337409298872802
2014-07-05 18:00:00,DEHM_noBD,0.426816050108063,0.4530089382493806,3.629586172155501,0.07777454577901884,0.2573288892586853,0.21528197893780168,0.20061142474903912,0.33191680360204884,0.3264305171842008,0.4716765355953145,0.5277485657933854
2014-07-05 19:00:00,DEHM_noBD,0.45245420841850853,0.4201871546084244,3.9436481562950982,0.06858410010094881,0.2470181187556496,0.17068225830993713,0.13574797093365346,0.21172575999925924,0.3534536757384703,0.47862510516707374,0.5237698705107782
2014-07-05 20:00:00,DEHM_noBD,0.4808053428007153,0.42928326967772856,3.4680584369060177,0.09705289994811128,0.25965855151830236,0.17587371021156473,0.10923139558095127,0.26219365761264257,0.3735081569918186,0.5101518328389928,0.5356318485117249
2014-07-05 21:00:00,DEHM_noBD,0.49764009641070805,0.252436971149402,2.927606941505079,0.10689449836162752,0.2845975119333759,0.3143110871292685,0.14389946684261615,0.7824041944298834,0.3753509213230712,0.5786241667790485,0.5456651454511765
2014-07-05 22:00:00,DEHM_noBD,0.5221537909486843,0.2053786681761692,1.931786851140084,0.1246855512632223,0.33545743073728385,0.5868272682575983,0.3336293661601045,2.1062509942947885,0.3902077506172013,0.6689713418198239,0.5458838109138132
2014-07-05 23:00:00,DEHM_noBD,0.5732161417224589,1.713175257919703,1.7219765674385337,0.18370015471224754,0.4465857334231584,0.7560927722460906,0.47107820229749464,3.714957807297707,0.4760673811714637,0.7878644952702696,0.5372884920824499
2014-07-06 00:00:00,DEHM_noBD,0.7126066954821639,4.208369004525248,1.3999600871537636,0.2818086314463657,0.5150488836948923,0.8409224634719419,0.46715571618691687,4.27538979572922,0.5538661705463156,0.9223098091061679,0.5261242410630347
2014-07-06 01:00:00,DEHM_noBD,0.9773986299250526,4.933116074136364,1.5268579063664087,0.35724044593009835,0.4723159866458688,0.8934776504596201,0.5211962360345093,3.448591043717265,0.5809046792221522,1.1288350759530261,0.5108629377696466
2014-07-06 02:00:00,DEHM_noBD,1.4001998681634666,3.4955385971441597,1.7107907937506222,0.29944698672373526,0.4645015044768992,0.9310971301640217,0.6691057286440006,2.1410169667196275,0.583343695588326,1.4801148248035525,0.4936102448968528
2014-07-06 03:00:00,DEHM_noBD,1.522867237962596,2.1116124710995336,1.4945467860786277,0.28424719352187,0.5570831946536502,0.953197875631864,0.8163530886827588,1.0949084384903311,0.5816198965626714,1.834402124891408,0.4791532390415284
2014-07-06 04:00:00,DEHM_noBD,1.4890034080998693,1.2375322756604568,1.1345912859017835,0.2424550620935489,0.4770020514145935,0.9206190409134336,0.7336731589884788,0.49168355521738516,0.5660943643349073,1.7011083687192048,0.4495391594987838
2014-07-06 05:00:00,DEHM_noBD,1.1242995527123751,0.6594732601940413,0.8184907349435602,0.15508419499143364,0.28872854911867524,0.6240228097350491,0.3675408614504374,0.2894719833719729,0.5393239103002793,0.8495273744520729,0.4188356514245783
2014-07-06 06:00:00,DEHM_noBD,0.7198824554348712,0.5360886703682999,0.6590813685270449,0.11843292339222193,0.24129921837667928,0.257402427540218,0.12302674668514217,0.22477928646504863,0.5392527133687642,0.4359809877677563,0.38745003166912106
2014-07-06 07:00:00,DEHM_noBD,0.5248045465206994,0.6719108242313748,0.6523694568362622,0.1285885553862773,0.23631308492318948,0.19509324094011965,0.1589110628419968,0.20373776161976145,0.5887190871859899,0.5615933695990685,0.3543776581586559
2014-07-06 08:00:00,DEHM_noBD,0.5374817838486469,0.7554192343622375,0.7025118121944414,0.13978088644323922,0.268325113160794,0.20260195679142595,0.1819931772368936,0.2000685102832316,0.615679018177483,0.5138712856422084,0.3253232576074712
2014-07-06 09:00:00,DEHM_noBD,0.6079513422091095,0.6059444193832856,0.641714029037333,0.16748692299025586,0.2823163403141358,0.26337396295625815,0.3035911987053521,0.20503876431394358,0.4637999818324762,0.44767347724045625,0.3054029567945643
2014-07-06 10:00:00,DEHM_noBD,0.7050620934517797,0.5463233841851027,0.5430549154045154,0.1833209401328209,0.3058270311307114,0.32244671351822657,0.4302781577042396,0.21368450348345552,0.3104312671649548,0.6202065204303804,0.29533703655138377
2014-07-06 11:00:00,DEHM_noBD,0.8635440373986073,0.5181885494374343,0.5389461077231028,0.22504568004211156,0.2905312005053645,0.3908927968499081,0.4018070173705858,0.22130464458491636,0.2672973274730331,0.6151318839026474,0.2934439796533528
2014-07-06 12:00:00,DEHM_noBD,0.8888770310190506,0.4987265335042098,0.4123015664230577,0.24311456406590634,0.21620564404179318,0.37244353667133423,0.36758310096624175,0.2339937647144122,0.38826537716103704,0.5698393645151832,0.3018733533489075
2014-07-06 13:00:00,DEHM_noBD,0.7771730422787786,0.7151770259072876,0.20137374857694254,0.1888695218636153,0.1473906548707744,0.20457761927385068,0.2836616771375894,0.252260115448907,0.4484156153566482,0.448292476083585,0.32046441261139225
2014-07-06 14:00:00,DEHM_noBD,0.6555613581675755,0.8361384484350167,0.10380330838804243,0.17691001409772192,0.13196819667623827,0.10137716830121507,0.19854935717364408,0.29210196416828776,0.4063957323632016,0.36710610188165493,0.3483916428578621
2014-07-06 15:00:00,DEHM_noBD,0.5270340019397622,0.6854779924269938,0.06181366382141122,0.17386441368342737,0.15695625686227802,0.04220325446770338,0.1769970116742664,0.31347387349192046,0.31576301019436087,0.36812225384095476,0.3815099981076454
2014-07-06 16:00:00,DEHM_noBD,0.3439961601328196,0.5774392538799715,0.0484398456295735,0.147761433261978,0.2137396653223223,0.026991643155936267,0.1019947687346749,0.3288279227588698,0.28164857688842154,0.2803684535553078,0.41159293255181506
2014-07-06 17:00:00,DEHM_noBD,0.32390967668690585,0.44539109175695507,0.05857789574448842,0.10684760867283861,0.3045832786947756,0.060867143367968335,0.051032366936689166,0.36058126648032324,0.29821089500958575,0.2111935707752329,0.4354286518789344
2014-07-06 18:00:00,DEHM_noBD,0.3703257129892729,0.40341065587307334,0.08822935354267708,0.08696491066741856,0.3273546345919696,0.15399059827697115,0.03254056029301536,0.45165240008674434,0.27403628971719385,0.21217815868774687,0.4429541946003155
2014-07-06 19:00:00,DEHM_noBD,0.35972700605797925,0.38352508209805375,0.15392361394598258,0.05884644983275267,0.2793898128201857,0.2728771684857529,0.030899389982497256,0.5348759240851643,0.2684626603693803,0.2590789655987308,0.4339230365779926
2014-07-06 20:00:00,DEHM_noBD,0.357819717137943,0.34955727563415995,0.26315628124973905,0.043630756934598704,0.2249402467896462,0.3138322271388221,0.1320882270609988,0.6463443165713174,0.2585950612645918,0.3036619577458456,0.42478963137678877
2014-07-06 21:00:00,DEHM_noBD,0.36005014179040407,0.38332851899330417,0.28069083834522257,0.09798352352540807,0.22218074545081698,0.30832455536216963,0.539017248358754,0.7324713989024608,0.23936264734363938,0.5740988752229368,0.42266957649240305
2014-07-06 22:00:00,DEHM_noBD,0.36425375657387915,0.4266525022611425,0.4082101678535291,0.3944590112362914,0.2509281768706231,0.6988697412198732,1.1179006808561334,0.814697976779267,0.19959941277606366,0.9845446419371837,0.4223622007445651
2014-07-06 23:00:00,DEHM_noBD,0.3973712530158954,0.3576678720268057,0.3441689337382339,0.857350115936889,0.25830388340433114,1.4574876097356428,1.5361171085033143,0.6827598759385383,0.14626503263543558,1.1992306375138313,0.4225280849928271
2014-07-07 00:00:00,DEHM_noBD,0.35106875419718253,0.3339363898597553,0.28717108343722975,1.3717654273270063,0.2981517077375971,1.8516651068141692,2.232090463638001,0.443168762118984,0.11838192482110751,0.9505058806390297,0.4210601945675478
2014-07-07 01:00:00,DEHM_noBD,0.3270593254087481,0.2851001487344205,0.2441857847240672,1.8034274003441262,0.35203796492904416,2.0978875299244453,2.544336223586167,0.27121897662235417,0.13335017399933366,0.7173438621346002,0.41463159946926
2014-07-07 02:00:00,DEHM_noBD,0.3103331178661132,0.27061783944380396,0.12387798841856178,2.3557493134538725,0.3855124352121305,2.2075786693408217,2.5454324481245023,0.22592287498539315,0.17610735320567544,0.5337770248970233,0.40374401245092334
2014-07-07 03:00:00,DEHM_noBD,0.2786282489923782,0.2544520991729015,0.026507618554219146,2.5626990491678705,0.44172676661218035,2.2276061584483866,2.744876441687538,0.2010120631279376,0.21922574527651623,0.33798312993995855,0.4009907046776054
2014-07-07 04:00:00,DEHM_noBD,0.2421388981767442,0.2365863298666502,0.06111000710237201,2.3910570609468476,0.3933367315774457,1.8770450729852346,2.6137533555580497,0.15969303872784585,0.22575093260925067,0.2910198310757257,0.39512085120326595
2014-07-07 05:00:00,DEHM_noBD,0.2201435088680614,0.14034649619926115,0.23627155428414398,1.9414598470598143,0.2715340805734879,1.177421016412712,1.8463607812393976,0.15048639322265975,0.2493024160137661,0.2283066176319925,0.3772938785723642
2014-07-07 06:00:00,DEHM_noBD,0.20176968937144135,0.09670600181481004,0.2658379308388614,1.381807541600344,0.24668725683849757,0.9984978855051059,1.3015240776433614,0.10193557622543527,0.2561958245557715,0.18781645752392473,0.3615279940635384
2014-07-07 07:00:00,DEHM_noBD,0.15396490725543804,0.10726658981095005,0.13313906464021405,1.0911005286341229,0.28980503651611955,0.9324225804587178,1.0283735266367953,0.04439970463371825,0.2631755093597654,0.1825673874889674,0.3464921683456917
2014-07-07 08:00:00,DEHM_noBD,0.09413854287248319,0.17443259692859597,0.11895088785196173,1.001593917043805,0.38331769278908145,1.0277165615791257,0.9326494755234872,0.05655326655853529,0.25032286850587754,0.23017616536344845,0.3366148475598547
2014-07-07 09:00:00,DEHM_noBD,0.07657993136809547,0.19324059181451436,0.13079761472334142,1.0024229303391268,0.47270127755351354,1.1760412040440575,1.0078708919363677,0.09014200732035789,0.2059022280070313,0.2930213457888503,0.33345085015799364
2014-07-07 10:00:00,DEHM_noBD,0.060854305546414,0.14775485322941148,0.12933555511908135,1.070189793577788,0.5104311425906606,1.2390253314683588,1.081323742437735,0.09478247082337615,0.1558193260519404,0.35908035084448275,0.33421524709966643
2014-07-07 11:00:00,DEHM_noBD,0.1055599049231734,0.10031498693120748,0.12242628512168284,1.1589427745533967,0.6073216843573562,1.2661606699771062,1.1197500716359912,0.08773026996510849,0.12945707077744525,0.32527845200263183,0.33852862543687795
2014-07-07 12:00:00,DEHM_noBD,0.11077213236963825,0.1286907010841293,0.10852152410036635,1.282409008850839,0.7030551048663631,1.395588641832741,1.2087741374193226,0.08672502120733028,0.12040330281951918,0.23548335618593721,0.33933005380176523
2014-07-07 13:00:00,DEHM_noBD,0.11772289722233534,0.14624479676855076,0.12018144946591566,1.4258432670826977,0.7514411019514315,1.4702008863365232,1.3822953842864278,0.09103274805797375,0.12649481482819638,0.14355138301348191,0.3423826976034886
2014-07-07 14:00:00,DEHM_noBD,0.14798427012278106,0.14369019739720254,0.12164826961593332,1.5928679621160566,0.819307638204284,1.6276321419274948,1.6071740797348621,0.09068630989392984,0.15840248355874786,0.17036243940895235,0.3373618419714687
2014-07-07 15:00:00,DEHM_noBD,0.15217065428350107,0.15624031653071624,0.12784722395345083,1.6504818820682527,0.8651869301525317,1.837219321788044,1.7636241033046203,0.08750143739071665,0.2059278710119798,0.22474504258864902,0.3390573620986168
2014-07-07 16:00:00,DEHM_noBD,0.1382055345169244,0.15877245762038217,0.15731205643939317,1.5971083577930991,0.9346599049407569,1.9976288697887465,1.8401354146067832,0.08609749295452811,0.23490035176200322,0.2935966296568884,0.34225683145458335
2014-07-07 17:00:00,DEHM_noBD,0.15661138469130603,0.13167032064455345,0.14213815792394083,1.4524251346700472,1.0100753896482848,1.8976960816166675,1.846055573187883,0.08398210291029061,0.21319199461490373,0.2454220898170919,0.3360550745713702
2014-07-07 18:00:00,DEHM_noBD,0.15980635906676643,0.10456502455513084,0.14001967892801348,1.1660261206153673,1.0341784153292701,1.6484280255208184,1.7972705024084845,0.08105431527045687,0.17921599193648727,0.19465325799066677,0.3165983456704288
2014-07-07 19:00:00,DEHM_noBD,0.16118116753170605,0.08328172928658294,0.13153888283852347,1.4741887888957508,1.2355989577160915,2.26069950189254,2.4165490267990375,0.07844755219895509,0.1493336194934764,0.1636264218230694,0.2981264196532219
2014-07-07 20:00:00,DEHM_noBD,0.234829105748115,0.07842759825580842,0.11223585665840839,1.889180055169275,1.6292357105658084,3.0455552096876812,2.5892934347630416,0.07484860081983283,0.13240405865869811,0.162300662446118,0.29348511849208503
2014-07-07 21:00:00,DEHM_noBD,0.18699490921527895,0.12763197057145384,0.10575826376749325,1.9273868344852976,2.2582167927935464,3.134259917751242,2.4765849542920986,0.06733007215800514,0.12806737464109422,0.1735222241011325,0.2939266860362898
2014-07-07 22:00:00,DEHM_noBD,0.17243919789957335,0.17731135851118623,0.12171232400499585,1.9291584053453679,2.81267526199874,2.8882201967988568,2.5000170335166363,0.06275263708760882,0.12519677842507843,0.18512693295605193,0.2946546465051161
2014-07-07 23:00:00,DEHM_noBD,0.16841945579581769,0.19523599077306086,0.14673017753875645,2.43853449862642,2.7387295222069885,2.8385724186663235,2.5285174496380054,0.058082791237425345,0.12278738783131299,0.19090687316199,0.29253640225507715
2014-07-08 00:00:00,DEHM_noBD,0.18671883625335056,0.2521943158155185,0.15146028326638927,2.5856307256543256,2.5677771832693765,2.9946197123688068,2.9620552314257926,0.055536735965942996,0.1167573022599953,0.21033320657629742,0.2869417503417642
2014-07-08 01:00:00,DEHM_noBD,0.2182683315372699,0.3104482893274548,0.15961281021518914,2.8385146784883246,2.4048955235265286,3.3890654965042306,3.612437723290846,0.05745047221491095,0.10684835635649496,0.56107331201775,0.2761314876034784
2014-07-08 02:00:00,DEHM_noBD,0.25067806816478716,0.37810646309476137,0.1649941962518509,3.4102921411028477,2.1516249105522594,3.8704767993795093,4.165278397446213,0.06419494194604737,0.09640321671950011,1.0638610875640064,0.2597414573552144
2014-07-08 03:00:00,DEHM_noBD,0.2790299244462232,0.4180230140045974,0.16928271446536033,3.8543715115391723,2.1214794787780287,4.1889837030028225,4.366415332591986,0.07508408903736673,0.12064285545379382,1.2201956453320384,0.23929245749895434
2014-07-08 04:00:00,DEHM_noBD,0.326257806596104,0.3188111395148261,0.17303097840500728,3.8565555127729843,2.2632956244898774,4.115804244913176,3.9878086290688852,0.09071178693789049,0.23082288403236292,1.1754307364983858,0.2195140992371958
2014-07-08 05:00:00,DEHM_noBD,0.35919575692752365,0.16964617668710405,0.16131921106758723,3.134592478504257,2.3054014169888757,3.179467842642702,3.1312673938577933,0.10541750868692991,0.38330108629994086,1.0093701255074143,0.20422384917627537
2014-07-08 06:00:00,DEHM_noBD,0.5224282661380524,0.12938215348834395,0.14663366180498666,2.463246423324442,2.0880233580102634,2.251514003619519,2.620361393205285,0.11909785805622096,0.4226993003024718,0.6967391810503227,0.19480795102047724
2014-07-08 07:00:00,DEHM_noBD,0.7783459197765124,0.13996752360618195,0.12975324736486113,2.092764681850575,1.5855504146778627,1.7973778803121252,2.1350724957836835,0.1297217790707734,0.4690801410438771,0.5126122678417386,0.1884190903923286
2014-07-08 08:00:00,DEHM_noBD,0.9023503520688972,0.2215074798587104,0.12356644725873046,1.5575789993442533,0.8374649613981507,1.5254331799273426,1.744663434208387,0.13334921906670524,0.5465281793018756,0.461909411622224,0.1839752574693782
2014-07-08 09:00:00,DEHM_noBD,0.6526048047745646,0.3650794830179213,0.12888052776854475,1.1270359235200798,0.3986199039589707,0.8887407966464991,1.2536341871798993,0.13202326847969434,0.46600891541726414,0.44730379240452645,0.18171780195231305
2014-07-08 10:00:00,DEHM_noBD,0.5585689124018931,0.39662103457756326,0.1675589329114124,0.7764228833131804,0.30744882454823685,0.5044939891957863,0.7175163617827032,0.16533102021929788,0.32625513080203206,0.4432366845464029,0.1833957375962077
2014-07-08 11:00:00,DEHM_noBD,0.4952646735111436,0.4028262822030298,0.31482183765165944,0.502545302487047,0.28541695374738413,0.3655028403069822,0.5150560535228292,0.2451718855009506,0.19325477533882013,0.5606967806675656,0.18319742951654594
2014-07-08 12:00:00,DEHM_noBD,0.44469142320942584,0.40036471099868404,0.5641041863571189,0.4005536384918659,0.2653965003628469,0.34280272028358183,0.36212344815267505,0.25960013621927225,0.12778194829785847,0.6461084827196782,0.18018317294825154
2014-07-08 13:00:00,DEHM_noBD,0.5627643453371483,0.4008863896834104,0.6663192731180213,0.27628129468044976,0.25992050190436644,0.2919176522843911,0.2664817272705688,0.2525775665385421,0.13989189947049815,0.6510540420729853,0.18167817730587144
2014-07-08 14:00:00,DEHM_noBD,0.6847067516047944,0.43137229422016987,0.4156829523594565,0.27718134199156313,0.2333446117669063,0.24254784799103618,0.47065322551018124,0.27591345477271884,0.18019435509083262,0.6191777280340204,0.18386512882665718
2014-07-08 15:00:00,DEHM_noBD,0.6894767044857171,0.41430687833195423,0.3263311370919943,0.5460498029648193,0.21475611759454932,0.20135810513789992,0.5985834239025998,0.3195699411534382,0.21631240425725223,0.5914240212493249,0.1886933784861628
2014-07-08 16:00:00,DEHM_noBD,0.6646192739247552,0.3978196514165385,0.3629290069483981,0.5603422918713633,0.21638388491724597,0.19131605926003997,0.5113095468006408,0.23847009723018936,0.22908170403763264,0.553512803475433,0.19593896910277644
2014-07-08 17:00:00,DEHM_noBD,0.6258819853260134,0.30589601606219624,0.41634440703194253,0.4928876400322952,0.22050886666238298,0.20083387277173098,0.4557040134077218,0.15757553776075758,0.23063350533085775,0.5260394193318241,0.20507600616326996
2014-07-08 18:00:00,DEHM_noBD,0.5996570176154798,0.2774039653297364,0.4088350094357627,0.40668724471310574,0.2258911424781939,0.22253959171646262,0.3919691590970096,0.12746315073104617,0.2503504531566499,0.475103307776715,0.21597540569288184
2014-07-08 19:00:00,DEHM_noBD,0.540869790408735,0.28039926253023933,0.3422275251996305,0.27334876376933814,0.21633871356566414,0.23977783229742658,0.3227885740206716,0.1366060991539901,0.26225773653965534,0.37928328952507484,0.22770649741000953
2014-07-08 20:00:00,DEHM_noBD,0.46538628426550616,0.3693274458534812,0.2903158694313478,0.22208420630408093,0.1996528952973334,0.23713085199916142,0.2809351028522609,0.13837015511955314,0.24681176794393392,0.32069701493837405,0.24832705625082588
2014-07-08 21:00:00,DEHM_noBD,0.38074346362605993,0.42080160173525,0.35569335994644224,0.2037623381521188,0.1783633597878925,0.2224481476177902,0.22541088577600513,0.12370784471353437,0.22438334893628056,0.300198540490639,0.27990879606683394
2014-07-08 22:00:00,DEHM_noBD,0.33434304643419793,0.3983900053319806,0.45865310627723166,0.21446967325533292,0.1525493719934346,0.20287196162297147,0.21734138292930896,0.12833048779450718,0.19577983027197152,0.27090452925286806,0.31465041652787606
2014-07-08 23:00:00,DEHM_noBD,0.2921481865023054,0.3511594652222239,0.44243315243081754,0.19798430420374832,0.14204794658462502,0.17538915732062382,0.18550851184337158,0.15138313038940188,0.16887520378670154,0.24248010650052684,0.34544510805284817
2014-07-09 00:00:00,DEHM_noBD,0.2761241376735166,0.2942661249826615,0.38725927587801895,0.17630551973123373,0.14382436807494592,0.15849524350082894,0.16761127723220323,0.18222248183842332,0.1559537573500734,0.21931468729416959,0.3634048180354128
2014-07-09 01:00:00,DEHM_noBD,0.25538125837112297,0.26874538115873237,0.34299317489091263,0.15517815953792752,0.14850468333232197,0.15514303040537333,0.16374693661215328,0.2017972666318108,0.14426801851002136,0.17862280580603965,0.36981091904048563
2014-07-09 02:00:00,DEHM_noBD,0.22240132782337935,0.25772136195038975,0.3030258599198978,0.1452160992856343,0.1450186588636691,0.15385777824689328,0.16052585149938162,0.2046523221474139,0.134003462943131,0.1575369999380356,0.37390697762832964
2014-07-09 03:00:00,DEHM_noBD,0.19324296514897946,0.23476115874450368,0.28006713515187787,0.14811679465971275,0.13424782282423212,0.14716154174875162,0.14664944991297568,0.19713470546339631,0.12674298513627488,0.15319464755266146,0.38077821003355067
2014-07-09 04:00:00,DEHM_noBD,0.18612464230829834,0.21565150255531698,0.27544596665384574,0.1344400048649406,0.12830275231959282,0.1327817707928584,0.12115254035039941,0.1831603887603989,0.12560505497430022,0.16297864412819568,0.3850086974702635
2014-07-09 05:00:00,DEHM_noBD,0.20050481967487122,0.2120914472457793,0.28740709477661036,0.11185387191325998,0.11936532278973593,0.11979375362554498,0.08735600729713996,0.17092321235707483,0.12686345562271875,0.18900667405712757,0.37686605237529835
2014-07-09 06:00:00,DEHM_noBD,0.2155566621382673,0.20828375141947883,0.29704876751608306,0.08565479155356673,0.10268314915621637,0.10606596603257108,0.07347282680717869,0.16186380749894522,0.1251962659333668,0.18932736621875065,0.3674457883866364
2014-07-09 07:00:00,DEHM_noBD,0.20178058088596423,0.19449544775983343,0.29890208691338616,0.07911606002410192,0.08850700842733478,0.09176356273475911,0.09236367894816844,0.15386001276561978,0.12460805141660138,0.16448475601671722,0.3614622557650477
2014-07-09 08:00:00,DEHM_noBD,0.1797548107630409,0.1751555135951992,0.307825497678409,0.11316004575583749,0.09478855747777015,0.09682788692428725,0.15172636360824188,0.15193855202122117,0.12321072382941134,0.13759266358758782,0.3564786318706438
2014-07-09 09:00:00,DEHM_noBD,0.15872987011810327,0.15901480832414974,0.3003006220915979,0.20275600692197437,0.13642533385215305,0.13545185343278504,0.2855710326348096,0.1486527032046624,0.1255135939740318,0.1288522105315303,0.34894722044002263
2014-07-09 10:00:00,DEHM_noBD,0.14970110785963617,0.153109956386151,0.27095949741835385,0.34583694897004424,0.1817099884182213,0.20986924610601712,0.4693341893663508,0.14873762894843334,0.1421680617362621,0.13202276921595207,0.34033503463127396
2014-07-09 11:00:00,DEHM_noBD,0.14145404001486206,0.14618765831848424,0.2253766803219342,0.4881849692663326,0.25082030609473577,0.29678815798805536,0.592770853853246,0.1542790212226565,0.16565854691691922,0.14648462268215243,0.3359332780279341
2014-07-09 12:00:00,DEHM_noBD,0.14380320553658266,0.14057661570447724,0.1926529576390993,0.714624743620732,0.3278013194838164,0.38754670344829545,0.749752543127966,0.16426394904213645,0.1838993318751522,0.16752500498040632,0.32639241599906693
2014-07-09 13:00:00,DEHM_noBD,0.15299405050665463,0.13954601428841704,0.17184065076799138,0.9899848238930267,0.385033396807797,0.4499983585187885,0.9568718676762429,0.18645679283855027,0.20168139795333598,0.18236647456892807,0.3199421144229755
2014-07-09 14:00:00,DEHM_noBD,0.17057359088284232,0.14230143488500593,0.1530243670376801,1.1819941842799249,0.3996715814184955,0.44772889935613597,1.098603651271774,0.21973377301898056,0.2163081667677824,0.20196164434414682,0.31840589211231035
2014-07-09 15:00:00,DEHM_noBD,0.1882939715576559,0.14481472653984204,0.13890920102567236,1.3027367371283654,0.3999549132340773,0.5167687387663218,1.4044139250395238,0.2516604114065297,0.2089614928008311,0.21786892246741585,0.3195696097173307
2014-07-09 16:00:00,DEHM_noBD,0.19577209287405747,0.14967690761782776,0.13746005781110654,1.6272714722441353,0.5257582350502162,0.8041341128270559,1.8055790247070962,0.26756047254230747,0.19422608690412582,0.23478429030357464,0.32484122965511947
2014-07-09 17:00:00,DEHM_noBD,0.20161226847032396,0.15508488836106682,0.14180513179838958,1.4379077646779526,0.8511064553744718,1.142505989761152,1.4321462181405704,0.27620731242932384,0.17341704789501056,0.24702493694506,0.33029107258210394
2014-07-09 18:00:00,DEHM_noBD,0.20363626826649714,0.15964754381238178,0.14381869816140502,0.7746498970388264,0.9636283476030361,1.1480042879016046,0.9085713081853499,0.27906943063797607,0.14403435279603058,0.2390223708674541,0.3289683169584367
2014-07-09 19:00:00,DEHM_noBD,0.21034763478723648,0.1594376224399099,0.14768577391696452,0.5297272487975028,0.9817956637005507,1.3609643658999446,0.7885143293675106,0.2725664193919687,0.12390947603249623,0.23290147693504828,0.330876551874636
2014-07-09 20:00:00,DEHM_noBD,0.22210383233616346,0.15903605845810936,0.15395066873776386,0.41211088342274943,1.2321800708919393,1.4747475922890567,1.0311147194942463,0.2726530823344933,0.11360541654158565,0.21258243116958078,0.333358350473342
2014-07-09 21:00:00,DEHM_noBD,0.20010441225444525,0.15799886562743976,0.16060173174735595,0.31760855749970235,1.4472669396306574,1.5899967511945032,1.0023748493380786,0.2703819849357787,0.10908317831866952,0.1691884520023945,0.33216758077313013
2014-07-09 22:00:00,DEHM_noBD,0.15943551747881696,0.15361829962309825,0.16181476754997134,0.55279999274116,1.529945774221681,1.717622593459776,1.1270870479594342,0.26570171804108433,0.110166503686002,0.1290156657337027,0.32597748608659466
2014-07-09 23:00:00,DEHM_noBD,0.13655077643089478,0.14371621492155875,0.15896062244094628,0.8915172492948606,1.5259400729214772,1.9351055413101625,1.3339643350076384,0.26024071644768126,0.12017632308715069,0.12005557227583431,0.31367350237285013
2014-07-10 00:00:00,DEHM_noBD,0.14127904067986033,0.13549195899290342,0.15597207424479345,1.1447302693247663,1.4821791057442502,2.0334817371345193,1.6834560198943604,0.2520311738760915,0.14109120457150073,0.12239629257847695,0.2971354453612962
2014-07-10 01:00:00,DEHM_noBD,0.14324021593063355,0.12379775910305767,0.15120862029911258,1.3722678156191412,1.4947451189454273,2.214509590198683,2.025097093508189,0.24279231354790282,0.1672815968717165,0.12526378541285768,0.27731763138707316
2014-07-10 02:00:00,DEHM_noBD,0.1454189288967363,0.1210823448915809,0.14446346631182558,1.5770420249628423,1.642695190291498,2.466146960968269,2.230814694575346,0.23259296710345687,0.1863554960181592,0.13014094985451133,0.256064092963456
2014-07-10 03:00:00,DEHM_noBD,0.1503433753338886,0.12573536245423395,0.13684242970799507,1.7967167155902357,1.7735364250786436,2.616308794165704,2.2319249485015367,0.2223114812057733,0.19544782013958115,0.13596653803305672,0.2351850312306865
2014-07-10 04:00:00,DEHM_noBD,0.15503125134789844,0.13488172303965573,0.1282581040914501,1.7473503692735848,1.6678343393552466,2.5286623079841637,2.019097673188858,0.2090561291900852,0.19917045774772352,0.1444067425293175,0.2160826495390775
2014-07-10 05:00:00,DEHM_noBD,0.16085701941364489,0.1482810847650264,0.13403058654931746,1.418099985823612,1.4794941785882376,1.9899001282463669,1.6223659374501984,0.1834028661129675,0.19463642325878253,0.14530185204473947,0.19613181397477514
2014-07-10 06:00:00,DEHM_noBD,0.1655010583767016,0.15942610884277428,0.14052260680645517,1.1391061053854221,1.3268227892304443,1.5311422309745397,1.2334186603821689,0.17362543169721031,0.18463377982984297,0.14104061577415236,0.17956928991449092
2014-07-10 07:00:00,DEHM_noBD,0.16779023475084726,0.1685932847803725,0.14835034221130902,0.9598189075407391,1.1554815876813895,1.350357422092079,1.033654025903822,0.17996075168367848,0.17357517624866092,0.13709198299419256,0.1651391970645871
2014-07-10 08:00:00,DEHM_noBD,0.16537070287710737,0.17592862132214845,0.15889715683427014,0.8540064509482548,1.0267873196183144,1.3052801922023387,1.025787421879109,0.19597908332274452,0.17330554467615772,0.13463482738119312,0.1519384791657197
2014-07-10 09:00:00,DEHM_noBD,0.16128118167279917,0.18357325170807562,0.16738219145870697,0.9141158058959286,1.0207015117451408,1.4007273521775263,1.1578337546902122,0.20533763559742504,0.1822289791752817,0.13222292239984829,0.1408062658973215
2014-07-10 10:00:00,DEHM_noBD,0.15301686947734286,0.1839894894590333,0.1699098721273674,1.132233225182994,1.168497998231356,1.5131174301482715,1.264443129656284,0.2060018265233493,0.18769760969426477,0.1306548031300898,0.13161121060664552
2014-07-10 11:00:00,DEHM_noBD,0.14604993252011317,0.18126713400523334,0.16745738831926643,1.3026577389570841,1.1482258458116836,1.7875360499218294,1.195874661094869,0.19877245517802267,0.18429577255474394,0.13214018727770016,0.12957719160322037
2014-07-10 12:00:00,DEHM_noBD,0.14317818130699,0.17604697111927184,0.1649642394092752,1.2440916779487465,0.9785454819895605,1.84330504007456,0.7040092424294766,0.19990614242503735,0.17980490298606436,0.1277356117328953,0.13918046600972997
2014-07-10 13:00:00,DEHM_noBD,0.13536823260242556,0.1688944124461614,0.16133971437447547,1.2678921196642785,0.7270497321499731,1.3316304083883796,0.4028679487279738,0.2084569167260977,0.18015767298767674,0.12285453083388252,0.1561486927150468
2014-07-10 14:00:00,DEHM_noBD,0.1208891082876845,0.1634377539201978,0.16395574784354375,0.8689745160681209,0.6204239450307538,0.6558907698268129,0.3003526362375899,0.21965314558556054,0.18080527129038698,0.11728720223305558,0.17068544544956632
2014-07-10 15:00:00,DEHM_noBD,0.10865012336469315,0.1623202019466061,0.1683126401722926,0.455181607704097,0.5152880061302566,0.43074175560087197,0.22319707806129704,0.2247677546649001,0.17720005777141598,0.12096597829966856,0.18782237971029822
2014-07-10 16:00:00,DEHM_noBD,0.11052208526538086,0.16403785371361743,0.16559542880163236,0.2616929646219006,0.4485373054850496,0.439556749247986,0.13590237555004567,0.2258889847498011,0.17835762321271584,0.1318986873779395,0.19991584591196174
2014-07-10 17:00:00,DEHM_noBD,0.12900532057077235,0.165106145745303,0.16124031890614154,0.16918605928843358,0.4253720936227111,0.4832569208230997,0.11220340262926701,0.22452856121674175,0.18180490348208772,0.14612320669483686,0.2053914288331179
2014-07-10 18:00:00,DEHM_noBD,0.13825814776914233,0.167384183794787,0.15631751853221496,0.09308870676893108,0.39662184795986394,0.5421996826010287,0.07391304185692617,0.21989230150369193,0.1761654890863063,0.16153685643172086,0.20130898826419408
2014-07-10 19:00:00,DEHM_noBD,0.16220614594566513,0.16917563446237383,0.1538477038090756,0.08293112104076421,0.4909414439141924,0.6544968849549444,0.06716524182851981,0.22251277277229758,0.1717731115597926,0.19196465191131937,0.1925416107887361
2014-07-10 20:00:00,DEHM_noBD,0.18231460148278492,0.16896074004654787,0.15814701158006475,0.09118965875291823,0.6159853137519944,1.0725671541750117,0.11633357538659754,0.22521073331403008,0.15992372083912296,0.22888827969869274,0.18982954162581725
2014-07-10 21:00:00,DEHM_noBD,0.21908301077889994,0.1682383101258593,0.1630579377483952,0.16886060236320488,0.8210250582290638,1.4089623089393255,0.44050169401917283,0.2239162576887458,0.14115320715177973,0.239303657793249,0.18746710569283312
2014-07-10 22:00:00,DEHM_noBD,0.24985784265220806,0.16815866507454033,0.1689559119208473,0.6076595459678377,1.1490474447733385,1.7528975348894575,1.0721644219167243,0.21852124481021115,0.13775700975897057,0.23896760419320076,0.18645113383735418
2014-07-10 23:00:00,DEHM_noBD,0.2604798430538614,0.17391384477605387,0.19751563622552962,1.3394642523831322,1.5296351339833718,2.1869852234012117,1.823636483607909,0.21190618711141823,0.15710037771247437,0.2301648255308327,0.18486454950712727
2014-07-11 00:00:00,DEHM_noBD,0.25040989864722807,0.19961849136115742,0.19158590246467916,2.13684168885358,1.9312596804711304,2.733064979302796,2.7092328622712776,0.20563384014848207,0.17907454109322746,0.21665890602527607,0.18198465216286625
2014-07-11 01:00:00,DEHM_noBD,0.22786747601266694,0.2286635825527457,0.14469910087527585,2.8123136484791442,2.3715618833787406,3.368184017829735,3.4273638848281482,0.19863938484380367,0.18702070383203742,0.20346558074945156,0.17746730142040773
2014-07-11 02:00:00,DEHM_noBD,0.21803024294280896,0.24695807161334132,0.16966339665911895,3.220828339462054,2.9190287784844164,4.041367448031802,3.8518058880958352,0.18921043146111907,0.18355943474692038,0.19394587166814925,0.17231000668144425
2014-07-11 03:00:00,DEHM_noBD,0.21360981470462384,0.25926755971782683,0.15927311638715821,3.451314936890366,3.3775991220430885,4.464602822525221,4.169027274966225,0.17920757585261987,0.1774098288117147,0.1876083152937753,0.16524818408582814
2014-07-11 04:00:00,DEHM_noBD,0.21068274701546863,0.25801902641657015,0.3861981591206125,2.7716326626074044,3.4045992502037135,4.065605971269383,4.097461543834228,0.16989742119573173,0.17218738626623806,0.1897125238682916,0.16051598770718606
2014-07-11 05:00:00,DEHM_noBD,0.21222654925401888,0.22787627984350683,0.5718558958018434,2.469055629134177,3.1761840282743297,3.3899189639889706,3.462976906634921,0.16195808268616083,0.16400530822008488,0.20127293597144766,0.15838426168995937
2014-07-11 06:00:00,DEHM_noBD,0.2203819132547356,0.211551209468575,0.3684143475440612,2.407694048842796,3.297170734933955,2.9190006824697483,3.4614227541601017,0.15936561255092485,0.15854520847213682,0.2216937029562808,0.16050145845311634
2014-07-11 07:00:00,DEHM_noBD,0.23162318089246034,0.2097923578094012,0.2338519149084533,2.19699139121207,3.155048285147175,2.802365998667597,3.296342393991634,0.1677948581102023,0.15531638002277576,0.24774057300959695,0.16233524614827236
2014-07-11 08:00:00,DEHM_noBD,0.2495607830708793,0.2157454088678778,0.22756724888352903,2.2255086591902162,2.935091641240362,2.6453686205197378,3.0194580725691407,0.18605380486687162,0.1523589683548919,0.25643186224920317,0.1650954925208491
2014-07-11 09:00:00,DEHM_noBD,0.2666988374107074,0.22290396312399136,0.2536024863464478,2.1834153042638187,2.646780055645248,2.5780055472510215,2.7327600934840723,0.20552836805831634,0.1536171650752191,0.2695852334374613,0.16974167440728266
2014-07-11 10:00:00,DEHM_noBD,0.2859369687000112,0.2298743454608211,0.22701366325608557,2.1486102372001845,2.364884001491857,2.517142102976645,2.702614002113943,0.22541496654923296,0.15894362245730115,0.2815021041825972,0.1736012192307225
2014-07-11 11:00:00,DEHM_noBD,0.3088822567435215,0.23141395191838707,0.1908665392187577,2.2878136331829113,2.1955786962811974,2.43399184047185,2.618674711684428,0.2441267834361726,0.16288129892807435,0.28715169031447924,0.1787904755569806
2014-07-11 12:00:00,DEHM_noBD,0.30563908220922764,0.21909151963696366,0.18924062791751103,2.7077204743448346,1.9613890547625208,2.9455958694144884,1.8907733090907766,0.25916343505737216,0.16971289476469142,0.2612394253060534,0.18548849553812286
2014-07-11 13:00:00,DEHM_noBD,0.2986420005812629,0.20774658419765124,0.18931928633537015,1.5010830370734094,1.8604089355767823,2.873324367713471,1.1225896476088437,0.2696888645384545,0.18113940872564435,0.23926804381004527,0.19110215633612124
2014-07-11 14:00:00,DEHM_noBD,0.28467129116264706,0.19496176610267724,0.19089212081728557,0.9621279897155519,2.0215614184203323,1.7260595816889852,0.6751807028583637,0.2585083140642613,0.19763560995062338,0.21852247633950808,0.1968902224820851
2014-07-11 15:00:00,DEHM_noBD,0.2909487850051143,0.18406141531296116,0.1836062936917462,0.6045903161125008,1.93648983412927,1.1080733377884582,0.5489249733970132,0.244775773617052,0.21043155804004054,0.20319805768699722,0.20232921088948846
2014-07-11 16:00:00,DEHM_noBD,0.2838169757401556,0.17550053523293163,0.1803873500634935,0.4783642022560911,1.389962637890156,0.9662388610960875,0.3921771729505938,0.24401032477226806,0.21006522639965616,0.18290269258373534,0.20405993847247203
2014-07-11 17:00:00,DEHM_noBD,0.2503878168556823,0.18110507278291066,0.173668005471126,0.5251309787267061,0.9465608348726899,0.8633447055879323,0.3528550823410165,0.23772283396402022,0.19686607065788467,0.1710967227725972,0.20312651029223563
2014-07-11 18:00:00,DEHM_noBD,0.2139008511767838,0.18308776512192868,0.16708131453493988,0.32960448212544946,0.4290007207885652,0.5653218258006513,0.2344468825243906,0.22862324011539906,0.17838565774389065,0.1570667356250441,0.19912243675769759
2014-07-11 19:00:00,DEHM_noBD,0.1872462017395471,0.18357403321910293,0.16919944142017884,0.206597562581011,0.3032085497022885,0.3722686390055911,0.1962750117420836,0.21764112358336513,0.1614817594259391,0.14446225057299458,0.19837820269256642
2014-07-11 20:00:00,DEHM_noBD,0.17206104581798035,0.1897571060004906,0.1793581146741699,0.23434342824354545,0.35163948662547506,0.27214674429754115,0.4598514784854293,0.2128870840263023,0.1471192620789815,0.13510572253545405,0.20177111125829508
2014-07-11 21:00:00,DEHM_noBD,0.15697849277072504,0.21104593620289264,0.18316298236320547,0.5539074558603334,0.38089789549112485,0.5160504083551152,0.9120573418787922,0.20626895300110504,0.13689306679282479,0.13354945569131,0.20094500911304633
2014-07-11 22:00:00,DEHM_noBD,0.15428232915859066,0.23449619034420974,0.2314853664311034,1.0650631068877474,0.4589918901677038,1.1480833065666645,1.1598362184153366,0.19982747597940223,0.1337799644598935,0.13541392251710058,0.1999073643841143
2014-07-11 23:00:00,DEHM_noBD,0.1584427626037503,0.213934781300181,0.35943614492437215,1.5030627277391875,0.544344164891874,1.6227835438773366,1.3695660899896342,0.19331954878001004,0.13478068752405795,0.14078823503939755,0.19661997542741003
2014-07-12 00:00:00,DEHM_noBD,0.17124763694515438,0.19924233728506158,0.3786783215352605,1.7895978403522559,0.6530267486983956,1.9625918913366307,1.632474074608099,0.1876760111707813,0.14312660020402218,0.1482126040187111,0.19218646675619697
2014-07-12 01:00:00,DEHM_noBD,0.18127077706093422,0.1715013908607665,0.5294924543248499,1.8009218749037623,1.0344553192050756,2.1603869532204505,1.841695445591136,0.1851193455155971,0.15617075879243014,0.15176946035281738,0.18767616126676845
2014-07-12 02:00:00,DEHM_noBD,0.1815591508940421,0.24882437644921052,0.9169988775914275,1.69974888056274,1.353282125339848,2.2406756566441772,1.9544133592853603,0.1871006251023875,0.16426563795958485,0.1558782761314729,0.18048649164986263
2014-07-12 03:00:00,DEHM_noBD,0.17974285260980186,0.26617429441567075,1.4614167185297513,1.4919430488111756,1.5944073022555676,2.273657175611592,2.0023358425486655,0.1898011457197204,0.16490340724523037,0.15896884596599362,0.17450317266496645
2014-07-12 04:00:00,DEHM_noBD,0.1789808356492103,0.19698628797960538,1.7358998253019817,1.037607796526283,1.6632592519465375,2.1709872011049853,1.7882562895375684,0.18703223165894095,0.16531815833335742,0.1544295876870031,0.1784747769389161
2014-07-12 05:00:00,DEHM_noBD,0.17706926275707893,0.16943177566123888,1.5184177858910803,0.6029949224470988,1.5768251751855575,1.612331189279275,1.256403947704499,0.18498504168007224,0.16139720337060262,0.14401373676796198,0.18381999825983067
2014-07-12 06:00:00,DEHM_noBD,0.177512488651201,0.1707403116205322,1.4446779380884807,0.4269874756892238,1.4193181188874922,1.3950232259148767,0.8036983710736012,0.19264169706450399,0.15688995175838452,0.145314199456796,0.19205284003196624
2014-07-12 07:00:00,DEHM_noBD,0.17580305613001793,0.1830199600822362,1.476765788132127,0.30026267517307026,1.2380158381144144,1.2575778942022962,0.5746702237021635,0.1966779163965434,0.15606090693815602,0.14973301063035138,0.2015620297987415
2014-07-12 08:00:00,DEHM_noBD,0.18040338217827484,0.19223980122487042,1.2739077472690887,0.24089671315241473,1.1239462925774208,1.1289002532947374,0.4224099425910802,0.19833697912794968,0.1626730073168012,0.14786997422908424,0.21050675907056537
2014-07-12 09:00:00,DEHM_noBD,0.18527200709502176,0.20329008522514244,0.7736434296423126,0.38116927763662756,1.1401857247026683,1.2464629382660937,0.49203375196501486,0.19678129138023,0.17926224654251702,0.1385471766184505,0.21673293252030848
2014-07-12 10:00:00,DEHM_noBD,0.1810577011976564,0.20655381610474544,0.5710027432641293,0.6083344367290986,1.1730770016367549,1.2749030339361622,0.6795701406738399,0.1964013147969601,0.19544188509254706,0.13105343849055712,0.21860239313324903
2014-07-12 11:00:00,DEHM_noBD,0.17881850692099427,0.1987869510264135,0.4689542813214909,0.7372036294683242,1.1752471918097371,1.0438061058712564,0.7460723450651763,0.19844810273617727,0.19896541753838992,0.13081256569444238,0.21976878003836595
2014-07-12 12:00:00,DEHM_noBD,0.18075577720350108,0.18852908972511048,0.3916856681768701,0.7599578404244057,1.2185989272726467,1.0576948839717906,0.7653133144252491,0.19915974170861753,0.20034928089212609,0.1389676524709711,0.22377863713771087
2014-07-12 13:00:00,DEHM_noBD,0.17717978225514291,0.1818463223449278,0.24550737357740138,0.7779525793510407,1.386247345466707,1.112091552640776,0.8201512142030428,0.19534896085072762,0.20331675148214673,0.14162896312400047,0.22704890469342467
2014-07-12 14:00:00,DEHM_noBD,0.18163925463876668,0.17928894964905676,0.20233527771244622,0.8235283057165765,1.7077719837668819,1.1667374918461588,0.8800020732964209,0.1967105297047278,0.20411630498910543,0.13215978239092382,0.2288133271465077
2014-07-12 15:00:00,DEHM_noBD,0.21417081407027308,0.17933134770200523,0.1959920210727274,0.8611317246382922,1.974779975884196,1.2169836319061011,0.9123623336857765,0.20132442888202082,0.2012816366559499,0.06538180691474985,0.23617489407330733
2014-07-12 16:00:00,DEHM_noBD,0.2122860230753745,0.17464486126067985,0.19332020450034373,0.8146032883907449,1.9859735023482887,1.2748952650778176,0.9103326081494585,0.20664499045134693,0.18524315441138683,0.045955573714377744,0.24921410184301426
2014-07-12 17:00:00,DEHM_noBD,0.22361148506418912,0.1753071267464794,0.18041431887015574,0.6863322909922751,2.000949903767276,1.118826142165708,0.8087264457396486,0.21334200300835252,0.16587262444895337,0.04073113721852713,0.26096797268304955
2014-07-12 18:00:00,DEHM_noBD,0.26321464534156064,0.19221506117701417,0.17135356221982434,0.47174245383410296,2.238842343524869,0.7143995711649544,0.6329803668630873,0.2161146174169709,0.1484867076715046,0.043989160722111,0.26185705756477995
2014-07-12 19:00:00,DEHM_noBD,0.2503268942645187,0.21026210422004313,0.16961944751782412,0.5299168953118532,2.3395438152045314,0.7469162096014079,0.758981208782379,0.21276015669862244,0.13426052259028518,0.0552103823103542,0.25076855001593934
2014-07-12 20:00:00,DEHM_noBD,0.24022258734736995,0.2191220123852432,0.17553972968375464,1.0504159900860948,2.532119638058217,1.6134093483182514,1.2633192008140588,0.2152378661739265,0.12727819554642636,0.07950297043192897,0.2361413272014073
2014-07-12 21:00:00,DEHM_noBD,0.19534788887659582,0.22386096663753144,0.18875749486005997,1.7904710192484754,2.884615015702299,2.4308879407126653,1.6355460439836882,0.2203214859161175,0.13205969756321645,0.09243661822410404,0.22477533298021352
2014-07-12 22:00:00,DEHM_noBD,0.17571767974318,0.24354720990606457,0.20479933603397404,3.1818313981957327,3.117728347098276,3.314869767760622,1.9547794512880696,0.2224285036881013,0.15530036670746405,0.13577327991525362,0.2181310504825715
2014-07-12 23:00:00,DEHM_noBD,0.17681750302808355,0.29000850695034164,0.2626085702311966,4.790286043205713,3.096717080899584,4.5969422043706505,2.5818012493814497,0.22011373228048772,0.19576896133507063,0.17982562456523715,0.21372892419619058
2014-07-13 00:00:00,DEHM_noBD,0.18488018728461986,0.23988057412173577,0.3882317947644769,5.316148364563481,2.9125081385537284,5.947322853257333,3.5751036106112584,0.2181158625105672,0.27333901830341745,0.19872039426910246,0.2116691378724138
2014-07-13 01:00:00,DEHM_noBD,0.1933219849909375,0.1805185455500592,0.5750264515573015,5.771830503575589,2.6042365398888476,6.881518074095595,4.675830717928684,0.21797423451485484,0.3116460963335671,0.1644901235906126,0.21261119787080734
2014-07-13 02:00:00,DEHM_noBD,0.12861266944401886,0.1871150355469096,0.6716604317193914,7.153514285627345,2.4235810454428477,7.249451866750724,6.813513696923753,0.2164635431054019,0.2966688981383019,0.1087708097993405,0.2139194261893368
2014-07-13 03:00:00,DEHM_noBD,0.08891917850808229,0.2397272873774275,0.6528157491214426,8.284294078754609,2.4421242484120187,7.4232528477310575,9.183022661607561,0.21206863725169384,0.2766275417080241,0.06914806505132749,0.22203977638327677
2014-07-13 04:00:00,DEHM_noBD,0.0885555025714379,0.25932308335958654,0.4497705490375414,8.7152127572635,2.6195217209466453,7.785766126055458,9.491184954384059,0.21028674533104977,0.2847911698260296,0.058468709395145556,0.2334118112098902
2014-07-13 05:00:00,DEHM_noBD,0.08633488374866528,0.23391500860121436,0.2683968167043837,7.558312608028268,2.6079696803459993,6.911411155613,7.75276442154866,0.21217616937808423,0.31140568659592405,0.05373426247211237,0.24461236546724094
2014-07-13 06:00:00,DEHM_noBD,0.07588053841107979,0.17814162930634678,0.21022174148797618,6.686012302744307,2.2106978670573936,5.15027563222446,5.955827496316864,0.20906006913142156,0.3190184656607173,0.05321264270025738,0.25375230644373203
2014-07-13 07:00:00,DEHM_noBD,0.06420682610572112,0.13203589741961322,0.2732893244890286,4.752688482789496,2.0137044924558003,4.3052152264475305,4.077495893869651,0.2329258896488834,0.32303600037373587,0.04875456333263506,0.26282100344298387
2014-07-13 08:00:00,DEHM_noBD,0.054287161290447535,0.10602543999212198,0.2870870980359473,3.99661826776868,2.1292872358290946,4.214763639896591,3.1331205906585415,0.2685808053220621,0.29676940538886915,0.033066005033714194,0.28049214943326994
2014-07-13 09:00:00,DEHM_noBD,0.04872353525781296,0.0782038240613741,0.29388357469456255,4.150363160082623,2.1771244653505457,4.163100601051217,3.3443228919614394,0.28218927643608993,0.23168639184996476,0.02025511056448817,0.27703359051997767
2014-07-13 10:00:00,DEHM_noBD,0.04768379792804814,0.061074625139501765,0.213873876646743,4.097986746608536,1.7250387999458425,3.812295136064845,3.6640175436305675,0.2867761899955803,0.15359997620807955,0.032076398024603124,0.2731191214897109
2014-07-13 11:00:00,DEHM_noBD,0.05116429106567034,0.04501111996837589,0.15586344204835814,3.587380903165976,1.202653160038758,3.2397325472840874,4.034233646614915,0.2854159444670843,0.10596331340981162,0.0663746729513675,0.2632125991594511
2014-07-13 12:00:00,DEHM_noBD,0.05237647681731709,0.038998637789697095,0.1837412624138774,3.009070949690397,0.9719139400893823,2.4536393163806944,4.290439644572334,0.2744550036932061,0.06123566796563554,0.09211763337826809,0.25450421384643757
2014-07-13 13:00:00,DEHM_noBD,0.05445049253314712,0.03844021080369062,0.2173321358447265,2.6220571737782867,0.869739249350801,2.0543501455306448,4.17958283095171,0.2692144381772259,0.03397387690141785,0.11606958713060464,0.24068286286205964
2014-07-13 14:00:00,DEHM_noBD,0.06073211504101738,0.038489873766011796,0.16177638673094313,2.2527836286321468,0.8398894283132627,1.8414012556381243,3.9091171738373305,0.2771902141634048,0.0299120941291142,0.1355390332591928,0.2258492188565431
2014-07-13 15:00:00,DEHM_noBD,0.07867023137695137,0.05175327187154778,0.16656964202622523,1.9040002500986213,0.8418621553396806,1.4264619580811821,2.979302476388712,0.2843848661481903,0.02539688124378268,0.16148908281158644,0.2153415004790899
2014-07-13 16:00:00,DEHM_noBD,0.10311986261552643,0.06089321766782017,0.2227500260030943,1.8328801552416165,0.8299386950321495,0.9922690927480906,2.63544729563181,0.24630251955413243,0.02146364647967086,0.2227812907024193,0.20670479229364067
2014-07-13 17:00:00,DEHM_noBD,0.10852738213230258,0.034708148452980654,0.23005912247064048,1.4107970773078482,0.8524072520564495,0.8724799646842258,2.318502701255298,0.1572408182700549,0.021498711509567087,0.29126908079364594,0.1967976598317268
2014-07-13 18:00:00,DEHM_noBD,0.14266494623257753,0.03169168557915504,0.16101638069351829,1.0026741683462275,0.8677421963149308,0.8336386768015183,1.8416945331109855,0.10282855291163884,0.019070083056451876,0.28974895459095185,0.1856188117371893
2014-07-13 19:00:00,DEHM_noBD,0.1995599493341369,0.039728976794324494,0.13628637189769288,0.839577832253988,0.8387785030831395,1.1241879712810308,2.560514942390775,0.08321780651466822,0.022133616456971865,0.28935146029565384,0.17197668651192788
2014-07-13 20:00:00,DEHM_noBD,0.1723867585509933,0.07408301001165103,0.1429206309548998,0.9154734133374811,0.8370324916590749,1.5982063045812083,3.45730223605983,0.07496250962153943,0.043019592882004715,0.37631517224026867,0.15850423280478765
2014-07-13 21:00:00,DEHM_noBD,0.2168024584634648,0.11923002468502694,0.13241149696845095,1.2013471027344547,0.8597218319074809,2.061650996735545,3.9137502550148606,0.07600034051777643,0.04360191547929823,0.4051678345785474,0.1515480571231403
2014-07-13 22:00:00,DEHM_noBD,0.2346209649783011,0.18971374128158575,0.08732472568543158,1.6825818969634174,0.8407258773529529,2.367503246294654,4.158729541698874,0.08555437633530466,0.05439435065399545,0.5529175161644247,0.16258432143175325
2014-07-13 23:00:00,DEHM_noBD,0.598670023307831,0.2654007357811484,0.060472704088483965,2.3002384588379607,0.7987413257977365,2.583245387835453,4.541168328063897,0.0872647782517394,0.08161549883002825,0.8005502130341324,0.18242873959265646
2014-07-14 00:00:00,DEHM_noBD,1.0988290914940113,0.3600763967177042,0.06462246019868603,2.8786335579905713,0.7616361385054886,2.7442533139111256,4.393065256294194,0.07606318870821824,0.18898912905044588,0.7368022458279309,0.1882724166499182
2014-07-14 01:00:00,DEHM_noBD,1.419095052459261,0.4431520439625902,0.12620221379350013,3.56928152329504,0.6976960533365606,2.827406933018106,3.3654342767602854,0.06993225933439982,0.45159861444426697,0.5730409322194092,0.18925532144155804
2014-07-14 02:00:00,DEHM_noBD,1.335032814952468,0.3553409504624513,0.34847145816651515,4.168106672079672,0.6451512300288675,2.827156293437323,3.242811080561941,0.07439953476911834,0.7232582069866731,0.746210696810179,0.20124651941103844
2014-07-14 03:00:00,DEHM_noBD,0.9056677438419236,0.22370195247325741,0.54202422819986,4.309913205249296,0.6010872564563154,2.5433861410274954,3.569625253251228,0.08502163715034235,1.0189248061250522,0.8630887298972116,0.22958487322870627
2014-07-14 04:00:00,DEHM_noBD,0.3544133195598818,0.19562205139182975,0.566221723404054,3.768815958614862,0.6111444176857173,2.0198081599180693,3.589561150975245,0.0870389058444415,1.063684396198578,1.2048238024254432,0.27881363047935054
2014-07-14 05:00:00,DEHM_noBD,0.1948118430045595,0.1751392186312743,0.41595586419217756,3.21201982034144,0.7150009603022038,1.2255321929281577,2.6783016418503807,0.06932301114171972,0.799090455453582,1.5536942571104597,0.34413357986949367
2014-07-14 06:00:00,DEHM_noBD,0.1698018891545686,0.1204007729198349,0.35657797955122417,2.3698252192794884,0.7349230518342554,0.8707529072027933,1.789300256580753,0.04841253996085255,0.5746308651339633,1.4888349620553385,0.40050166023496525
2014-07-14 07:00:00,DEHM_noBD,0.2084419511734192,0.11023140749007171,0.2546068675953947,1.7815753073226712,0.6714697514116018,0.8406461724461987,1.1925302023326116,0.053808244964224115,0.5783307979978713,0.8486328450212627,0.43349606136230745
2014-07-14 08:00:00,DEHM_noBD,0.07424649912483744,0.09814415896137238,0.14967534898846427,1.3871779110076035,0.55478209820576,0.7984510848409495,0.9949658085667382,0.0912415308209135,0.5555008671922421,0.7310147191923111,0.4379068332271695
2014-07-14 09:00:00,DEHM_noBD,0.031203810308847918,0.07793439704047,0.09421022275297544,1.2069056459103322,0.48577891129396855,0.7137903040392883,0.9016033970366513,0.14353004512164727,0.5046607360538653,0.29684230181319626,0.3815122442551188
2014-07-14 10:00:00,DEHM_noBD,0.017565591729814055,0.07054172792554356,0.09161546345900504,1.1784739882704243,0.48141223795004184,0.6710429809062648,0.9225900342830107,0.20559350685283528,0.39803281018587744,0.10059510956000525,0.2876548632869962
2014-07-14 11:00:00,DEHM_noBD,0.01683869879289516,0.09254811576234617,0.0886984053722918,1.1047929410397517,0.5173273026797175,0.5852978124083764,1.0769839168283029,0.2631600306303798,0.29268950369131275,0.039530822484344114,0.24644339510411012
2014-07-14 12:00:00,DEHM_noBD,0.046534081114197504,0.1571917439658287,0.11615857882796306,1.1248061655896306,0.5583492050461469,0.5551270155540899,1.1343070923960585,0.3054421647435239,0.2012762894172593,0.035984186432564055,0.26063935587778686
2014-07-14 13:00:00,DEHM_noBD,0.05865811240806688,0.21404632401578116,0.17955790812639036,1.2943916305785113,0.5913317595051972,0.5507895465803285,0.9559167412295222,0.3256468392947874,0.12167403887584789,0.0730230039184847,0.31131429912644426
2014-07-14 14:00:00,DEHM_noBD,0.058100066942609586,0.2531896683352253,0.2789922815324201,1.4144348967974587,0.5746594050043075,0.5620485296424524,0.876246007591125,0.3397651367813161,0.07253552677634156,0.11564884199034063,0.38539644300572806
2014-07-14 15:00:00,DEHM_noBD,0.10314687082241283,0.27081060458094797,0.2963841528323571,1.3983563467497973,0.5606081918296962,0.6002114933289214,1.0227290618881142,0.3417143007476347,0.05754429150778507,0.10647758804767372,0.4289150406390101
2014-07-14 16:00:00,DEHM_noBD,0.12541714385301203,0.27726046549872957,0.2942084828227652,1.3379397537856388,0.5713035324738173,0.6196816694407677,1.0159638002898241,0.3073477286845911,0.05541262896701154,0.0895535100330288,0.463012350090919
2014-07-14 17:00:00,DEHM_noBD,0.4115141219215849,0.2284891203762916,0.27245932977062054,1.2447633613581492,0.5860864998934417,0.6212332362777443,0.9322712547342868,0.25017284404900847,0.05539738219761782,0.0622820103028043,0.4882423867908341
2014-07-14 18:00:00,DEHM_noBD,0.5064822713086601,0.14613688400404168,0.24243060605032707,1.0872183871123937,0.6180282105528562,0.6092074459815342,0.744449694347953,0.21454149034856576,0.0569672452561905,0.061091750503219834,0.4938380319199478
2014-07-14 19:00:00,DEHM_noBD,0.558670998732727,0.3354168025930932,0.2849918379285855,1.2393478225528947,0.6232990869951712,0.6595419902595052,0.9230514999043542,0.19914074065423082,0.08052930023752002,0.2290729892663545,0.47716673017663175
2014-07-14 20:00:00,DEHM_noBD,0.5628951381077197,0.8610702514475451,0.34074379769630536,1.8174995624559576,0.8018356745683075,1.0105218738935478,1.2501060681232845,0.18810286223382738,0.16611803510114068,0.29023879207596837,0.47058548080733853
2014-07-14 21:00:00,DEHM_noBD,0.5360358353100763,1.1552767336857257,0.3141386933320226,2.1910080417211297,0.7995163093288802,1.881504385627848,1.5187861159531886,0.20635809897029528,0.29988670689802843,0.38203722853479294,0.4949088612653827
2014-07-14 22:00:00,DEHM_noBD,0.548647986770484,0.5808748091751328,0.3112155638768383,2.6069951989401736,0.7564012536690314,3.071267655539008,2.0617727759360482,0.23769024992024163,0.4002594819930756,0.9246169553496126,0.565003966468647
2014-07-14 23:00:00,DEHM_noBD,0.5155928118875389,0.7313681029932713,0.4540456372448662,3.24434690888624,0.8935511052941064,4.437220344556891,3.127626600743889,0.265096314290305,0.5279182480200938,1.4300221318583701,0.630182997987941
2014-07-15 00:00:00,DEHM_noBD,0.21000889334965014,0.7991430625926819,0.5568012963281501,4.021109756927025,0.9802596965448721,5.27892181327039,4.730415958465864,0.2900109552071615,0.6731146227180584,1.2714067347900477,0.630213086815998
2014-07-15 01:00:00,DEHM_noBD,0.34549291874839283,0.6563867452571686,0.6363328732748048,4.711591585005615,0.9684639955964334,5.343776069928214,5.628153176356012,0.31000461885854597,0.8641802127163856,1.3943252669500932,0.6011771354939416
2014-07-15 02:00:00,DEHM_noBD,0.3042820549453539,0.6984587636768258,0.5715366276886872,5.66810796723301,1.0810078556195133,5.47123718803403,5.855479908697576,0.3170810799968778,1.1148397956007718,1.063905834188014,0.5604698527014254
2014-07-15 03:00:00,DEHM_noBD,0.3613783018263755,0.8106954004404949,0.5142850420997757,6.64230796758645,1.1487570452427303,5.295527174427877,6.62049091179647,0.31233530859022396,1.5752985328048468,0.9684082395221292,0.5173497154819964
2014-07-15 04:00:00,DEHM_noBD,0.3963459383656479,0.6336933405610872,0.5138788504462501,6.878188449952045,0.948286074273982,4.5052621991588895,6.711249911683973,0.29803922878489814,1.7863398672589659,0.7630575680362431,0.4770657718903385
2014-07-15 05:00:00,DEHM_noBD,0.4126302143044745,0.49580707806610946,0.6353376244842213,4.910149672619545,0.7241920175045727,3.0209999863401915,4.868873802158209,0.28532448654336373,0.7324220968128741,0.5953526502012089,0.446539589727111
2014-07-15 06:00:00,DEHM_noBD,0.6261085544746554,0.5153901788029179,0.7609039131387323,2.659985567437839,0.6983645844796299,2.041587555396973,2.989150877659601,0.2924593695912044,0.4971556121736019,0.5095396645430288,0.4090250579109136
2014-07-15 07:00:00,DEHM_noBD,0.6178727083434907,0.6854898803201643,0.7023248133149043,1.7905555724268296,0.7172567166155577,1.4734002501647954,2.2058029182542302,0.26479761011277314,0.4410939757904781,0.5229758011494298,0.3554564763194274
2014-07-15 08:00:00,DEHM_noBD,0.450080091789672,0.8823077148993554,0.5547125182396313,1.4509277187152856,0.7747219365151226,1.2258796592978016,1.7340437079309392,0.22018180468314322,0.46125911199829295,0.6090487668222562,0.2881260636397834
2014-07-15 09:00:00,DEHM_noBD,0.3791498890530549,0.8846718821686994,0.5232075824324064,1.2820271324194317,0.763482142067626,1.2563462256438287,1.4737987915181787,0.26718642704397416,0.5263508252378948,0.48543662574464447,0.21674883758242344
2014-07-15 10:00:00,DEHM_noBD,0.4242949044530465,0.7489887561102909,0.4900966502497158,1.320547774163601,0.7135678366792202,1.1957808338495717,1.3419340477641204,0.37180483026942224,0.41748393538126716,0.3017126471393974,0.15236863786287355
2014-07-15 11:00:00,DEHM_noBD,0.46912156344280564,0.7415610287679614,0.4860011434038401,1.4694417872507404,0.6345780685677564,1.0330656384401906,1.492848638527058,0.33675867147773964,0.38775586500202286,0.2057961124599573,0.12799479178468565
2014-07-15 12:00:00,DEHM_noBD,0.49876433544921683,0.564536569186414,0.426189779163692,1.7075136265298374,0.49106393343587856,0.8131487062055638,1.712368571977755,0.24193958274016436,0.5357809462270465,0.375871356638423,0.15606737730236242
2014-07-15 13:00:00,DEHM_noBD,0.5859702296413283,0.335233006917145,0.39835290730948547,1.890833621605835,0.3982864363050133,0.6134645517384929,1.4186742681998061,0.15036157920293036,0.6088197022044053,0.6031943055456177,0.1970470953647244
2014-07-15 14:00:00,DEHM_noBD,0.7085695325835712,0.28164928605212336,0.30894974672551717,1.6066654047248048,0.3869297184365986,0.471882586503485,0.8157148801260545,0.10635801881284432,0.6132431787362763,0.5763675265967915,0.21028880804825573
2014-07-15 15:00:00,DEHM_noBD,0.6462098052899515,0.28636642357465325,0.22575586550317692,0.9564446784195152,0.3865954473419487,0.4374285778970409,0.5437041961603635,0.11202458546418684,0.5930561710605304,0.605307392004409,0.19002504170693973
2014-07-15 16:00:00,DEHM_noBD,0.6606095074131326,0.2516528937259652,0.19673006055833758,0.704549105177698,0.419456423532944,0.4007071218795783,0.6924872808921918,0.07267840890218993,0.4329719737017619,0.7230886141826549,0.17763595626052994
2014-07-15 17:00:00,DEHM_noBD,0.5422175434349825,0.2233556992796426,0.11295406534182362,0.6920602657754094,0.4218853573021523,0.31748310838642635,0.6981388553056865,0.06131318863558798,0.2841199834970127,0.6976877718802491,0.1894638171643074
2014-07-15 18:00:00,DEHM_noBD,0.4698437294904514,0.1725773797797866,0.09878980312544602,0.5730881925278494,0.3889682053663813,0.31309145990302073,0.5364263209278131,0.07246817389430804,0.19613926564205897,0.6001915550511618,0.19687768218385338
2014-07-15 19:00:00,DEHM_noBD,0.44084789871724545,0.09774869812991636,0.073483380125812,0.5372581762505745,0.33812302023222196,0.42154455922381207,0.6942417137382364,0.09837486334903509,0.16975707476883883,0.5555788615151861,0.19665020546060036
2014-07-15 20:00:00,DEHM_noBD,0.3948517876572918,0.10427745463358298,0.059211079265358665,0.8494377115672853,0.3810609060867712,0.6639176372172121,1.3876032058098602,0.11574906909382425,0.1732427551991818,0.5397759878129319,0.20276909726209064
2014-07-15 21:00:00,DEHM_noBD,0.33569380729541987,0.11709999848153553,0.056304187650509985,1.5330284454645149,0.5316856045913603,0.9441358188110424,1.6750112845351952,0.11614268622737722,0.13741445258010745,0.5038630146528746,0.22846653250743562
2014-07-15 22:00:00,DEHM_noBD,0.21711215600953424,0.09814354898937097,0.058573857757336194,2.1374008008579706,0.8441256579259363,1.220005763890033,1.9196242662656111,0.11333806409936163,0.12467107520311828,0.45954771205252243,0.25997939897817224
2014-07-15 23:00:00,DEHM_noBD,0.14289620574511688,0.08405911351190641,0.06913968067497647,2.4749455802243796,1.1223068125910194,1.544506334718359,2.072069084318913,0.11244487714804696,0.12743215157912094,0.41710084896715105,0.2816792114013585
2014-07-16 00:00:00,DEHM_noBD,0.09137848915307534,0.06744508176118685,0.0881357117197984,2.8080507636190197,1.317008893005961,1.883173550453383,2.225020356744689,0.11937086565026991,0.1432474245452507,0.43429411014825564,0.28589672325362225
2014-07-16 01:00:00,DEHM_noBD,0.10739883064744984,0.0883020621810807,0.12907260943310325,3.1511764678734075,1.4737293106747114,2.141176032881552,2.425873378749725,0.1270129224736241,0.15070158622551702,0.31661044282602735,0.2701532873890738
2014-07-16 02:00:00,DEHM_noBD,0.15342505349953883,0.16364341501726046,0.16420135637900427,3.4647955524905045,1.5989561809283444,2.328838157570707,2.667231557069336,0.12661668506193896,0.16618829602964202,0.168196061763511,0.24029090543331336
2014-07-16 03:00:00,DEHM_noBD,0.17780490143503985,0.24650483848567578,0.17995270422933377,3.748209875757559,1.709648399129879,2.5314751397216053,2.9265626661207635,0.1270136983332595,0.19596891657359883,0.14711643194107216,0.20337562541981624
2014-07-16 04:00:00,DEHM_noBD,0.16988221359953282,0.23124015515461724,0.17856985229610453,3.732576485020726,1.662893579662573,2.5792584521062047,2.935105276586834,0.12537898327658864,0.23058917885843647,0.24578352189317793,0.15524174447296882
2014-07-16 05:00:00,DEHM_noBD,0.15450266086396747,0.20050849128664933,0.18361006089824716,2.9498823569468837,1.4298328444112447,2.296279263279952,2.529800357115339,0.11898516213138564,0.23087448539488936,0.23121911502342657,0.1201820753557083
2014-07-16 06:00:00,DEHM_noBD,0.15409790169945906,0.19587719436449175,0.1939008254863949,2.7651104637908794,1.2129669168989183,2.0687887499857256,2.1547337613065176,0.11483903821118632,0.23050711026540951,0.2194323614183718,0.09933600547811701
2014-07-16 07:00:00,DEHM_noBD,0.19194426629293704,0.20367496133819094,0.2010712667653918,2.6993035805330434,1.04267820353369,2.2086136023918947,2.029922143573548,0.11199418678935613,0.2329308952138479,0.21166793203392992,0.0878122539465967
2014-07-16 08:00:00,DEHM_noBD,0.1912960820998715,0.21159271384722783,0.21169893013937854,2.595877058482967,1.13248521367684,2.407665959106356,2.2551896106249973,0.10875932209265879,0.24112687888098858,0.18426239529829924,0.08260204360282312
2014-07-16 09:00:00,DEHM_noBD,0.17867285770785976,0.22087998313728768,0.20643706275263202,2.0775607405991896,1.4309552835721615,2.5755416792246186,2.6455547552215726,0.10714578780381927,0.2407995478915095,0.1540879795262076,0.0811760724814291
2014-07-16 10:00:00,DEHM_noBD,0.1779183133282279,0.21315970492028974,0.17043263266095185,1.6251910926523525,1.7449504895185117,2.6186467272237457,2.644857873098706,0.10060341822413252,0.24861786938510833,0.14988089756820805,0.08027074351996884
2014-07-16 11:00:00,DEHM_noBD,0.18494020731188346,0.20141214041872094,0.1410762344424302,1.7449313674919447,1.8471637102695275,2.7203047859207348,2.270056560487747,0.09601715901573878,0.261180415726751,0.1459637712980853,0.07802604890536742
2014-07-16 12:00:00,DEHM_noBD,0.1835631071165086,0.16449326564457614,0.12657899691036903,1.9492512906046724,1.8348278802896665,2.8004671644182646,2.0697638832265026,0.09458033127226512,0.2752252193259446,0.13108343241549436,0.074806752166574
2014-07-16 13:00:00,DEHM_noBD,0.1794325473354965,0.13566008262206708,0.11616016171831628,2.084065811303384,1.7734172025401238,2.9390550369264465,2.2858436866222323,0.09571433422735184,0.29054862855792035,0.1230311797921405,0.07043527385896005
2014-07-16 14:00:00,DEHM_noBD,0.1743971379236596,0.12072973597226624,0.11477182270801856,2.319922024310832,1.6359584386351704,2.9824419403433713,2.5798814810760247,0.10059231141274626,0.3010158590130506,0.11266627173572034,0.06417721642194832
2014-07-16 15:00:00,DEHM_noBD,0.1696047452527039,0.10974617075714671,0.13367179675304314,2.4504595841122745,1.5422249343450554,2.965223006399106,2.70283062155628,0.10941607137100133,0.31091794117276556,0.11069642049840354,0.058634657365865595
2014-07-16 16:00:00,DEHM_noBD,0.16586251787524864,0.09732829257933288,0.13475492437638217,2.350321745495838,1.5995644528673636,2.812892409252422,2.8063007113742398,0.11891505258209227,0.2971766313147916,0.11906120324933712,0.053480841835657524
2014-07-16 17:00:00,DEHM_noBD,0.1778219082060633,0.0932805669918573,0.1026248418254626,2.1579313504067907,1.5982756637489328,2.5822027602130153,2.705072292348264,0.13072790114852045,0.28974898314286945,0.12511318641820768,0.04837387999405371
2014-07-16 18:00:00,DEHM_noBD,0.16642819830840455,0.0970154432843863,0.09824933964673296,1.738673651834375,1.5792756764744387,2.3894662353353047,2.1477804231620827,0.1489554378068309,0.2880822504481672,0.13380037358728586,0.04480821592208675
2014-07-16 19:00:00,DEHM_noBD,0.14997398607888696,0.10545134639563478,0.10150828098206498,2.8821687203774418,1.8492324263662776,3.0888035774634575,2.778851027858914,0.16649972265078514,0.26168966163276863,0.13706376021606825,0.04440470714802438
2014-07-16 20:00:00,DEHM_noBD,0.14761707246869002,0.15645373053028358,0.18059447989227426,4.054350595415951,2.267280563346462,3.430551108578557,3.1360941086678022,0.1741762401909715,0.22642641446246917,0.13676687675115756,0.04418781765285226
2014-07-16 21:00:00,DEHM_noBD,0.14827606353035488,0.32171931432521517,0.46317915834268664,5.147670969870237,2.6823460904803498,3.840944348528753,3.6612535517060443,0.1821535077341193,0.1857349534033288,0.14218780920595897,0.04426418855688696
2014-07-16 22:00:00,DEHM_noBD,0.1374748706179532,0.48489954904622534,0.6068859337798616,6.1891143098774615,3.092035850034808,4.2183492144928145,4.702616308980137,0.18012004243099763,0.15593643045413122,0.17948598430313262,0.04510864690083814
2014-07-16 23:00:00,DEHM_noBD,0.12509036155915812,0.6152405221280942,0.6836057619356793,7.021166827336473,3.5343328929134135,4.7029622627901535,6.185189173257246,0.15827452009249873,0.13507769481081774,0.3031004088600482,0.04693903259800686
2014-07-17 00:00:00,DEHM_noBD,0.12533980269293982,0.7759196192511384,0.9440896325016517,7.440933623553239,3.9696172209802025,5.643631218652621,7.884717563058594,0.1413697469885754,0.12263753449447462,0.4581847491877936,0.049507345189058104
2014-07-17 01:00:00,DEHM_noBD,0.13851648289329366,0.9924233470177575,0.800453930036975,7.495932068778242,4.387022000763061,6.945710498859148,9.35129426760308,0.13285413450515426,0.11709452357365932,0.5680467857320891,0.052279386634087634
2014-07-17 02:00:00,DEHM_noBD,0.1785623586280631,0.9584165555853161,0.8815575442324657,7.557299093342815,4.533629768524559,8.161251508597628,10.304641336442451,0.1308222228820069,0.11398437252647443,0.819660650139723,0.05452663197802585
2014-07-17 03:00:00,DEHM_noBD,0.2804277655882166,1.0010216440817643,0.9863606557460233,7.741157377411937,4.283095376716086,9.211915024886515,10.954482612929441,0.13439072340289532,0.10724478550172874,0.9111361866227172,0.054800264086111376
2014-07-17 04:00:00,DEHM_noBD,0.4323660167895059,1.0166330438673152,0.8613568940872349,7.794664575057104,3.8071351998697986,10.156215039044065,11.453028210020069,0.146047703597364,0.10425052433498587,0.8459740742874637,0.052539314923986995
2014-07-17 05:00:00,DEHM_noBD,0.44456146633648,0.7094089732982725,0.7633851326162874,6.504755180245324,2.990156184233178,9.444890961291424,10.286706332196498,0.1659941155380837,0.10729582803177176,0.44739057733249843,0.05225293037728618
2014-07-17 06:00:00,DEHM_noBD,0.32290309716036236,0.4077710566774108,0.4527627070256736,5.431411202856313,2.0515537738065186,7.627641482711016,9.034032949827882,0.17708065711673923,0.10774084747995007,0.1721200373151093,0.05275562539769114
2014-07-17 07:00:00,DEHM_noBD,0.2662608327902073,0.19672222557417018,0.26078393676398715,5.4319008424491555,1.4458003463426046,5.026868288144932,8.51111928737386,0.18477078216570073,0.10895837655232743,0.11886827728597668,0.055224485663000936
2014-07-17 08:00:00,DEHM_noBD,0.25880686354304827,0.13297687862088559,0.16463234394691403,4.792721626069082,1.2436882085244543,2.675216349556502,6.028615850638894,0.20530850327652173,0.11049690054798006,0.14517716775349787,0.060127629008284646
2014-07-17 09:00:00,DEHM_noBD,0.2592689120461593,0.1014023252202296,0.25310221387621934,3.811274826276228,1.2308235989975183,2.0793772824830237,4.0449769332166765,0.2595184788912254,0.11110220987495603,0.20710102715088508,0.06772319509354817
2014-07-17 10:00:00,DEHM_noBD,0.23926091208728945,0.12227762430043065,0.4684913691412097,2.702857503603129,1.2728302468805015,1.874956757998075,3.1746204240101483,0.3457311898861325,0.1121557474507075,0.2884830703886969,0.07393373098981847
2014-07-17 11:00:00,DEHM_noBD,0.2201431092188832,0.2280185202006058,0.6565312788829765,2.4759734586918496,1.3876929343469069,1.7516965646078626,2.5635158159046245,0.33900607705204566,0.11516745004414385,0.38296640202447996,0.07909981101995388
2014-07-17 12:00:00,DEHM_noBD,0.17943782377475168,0.36335499433745966,0.7619083871544432,2.4822410953080167,1.4078264511505703,1.667740814733524,2.2817870638550075,0.2621771544936766,0.12160878182301413,0.3320088627298252,0.08471240458391004
2014-07-17 13:00:00,DEHM_noBD,0.20952766737738615,0.4141275688598839,0.8688901666333945,2.2515054962095364,1.3020263419000244,1.619850372618707,1.9390603452293063,0.21733971797322793,0.13139901313230506,0.23273551262916822,0.08972456893171343
2014-07-17 14:00:00,DEHM_noBD,0.21588897211271793,0.47795981577889635,0.797339100622488,2.2042414304564986,1.3114270681613869,1.6837149088871384,1.6603545809174935,0.17597083860243837,0.13643730000096482,0.1576919928010066,0.089542378232984
2014-07-17 15:00:00,DEHM_noBD,0.19954995733662503,0.6371881825453927,0.5324993824850487,2.233898370997135,1.6058907538923248,1.9162876663647477,1.5816028443398047,0.16141751676768046,0.1417477009703101,0.13405667977861582,0.08840005779222473
2014-07-17 16:00:00,DEHM_noBD,0.1863263202650401,0.6430018933877593,0.3641393034504633,1.8523220010249384,1.6734286699570062,1.8986178693867672,1.6483530635203718,0.1426123381441923,0.14858987375845367,0.14273371005916316,0.087800113376594
2014-07-17 17:00:00,DEHM_noBD,0.17952808694505365,0.8118240105458823,0.2668501864322635,1.025462726889224,1.1428097127461805,1.2948390257214237,1.5092309051089217,0.11606535832493936,0.1487167986848405,0.15937349042715346,0.08805069878370228
2014-07-17 18:00:00,DEHM_noBD,0.1776714557697506,0.6739491217398742,0.2398665933615678,0.7440613146337081,0.9206303883929551,0.8760243623446262,1.1136473147962946,0.1052489213285835,0.14298012975217142,0.15598188121831413,0.09382929894696966
2014-07-17 19:00:00,DEHM_noBD,0.17296459272619555,0.4376499172975189,0.21997040872072007,1.1313081439495178,1.6053075646856614,1.1746757091406508,1.4573806220525103,0.10017938790859551,0.14417128601541196,0.13496963260902303,0.10255860228307942
2014-07-17 20:00:00,DEHM_noBD,0.1602671908577601,0.3275302419532302,0.20376588356664305,1.8910985383363603,2.438031757221669,1.9932572687498493,1.9873758276526572,0.10103086375965714,0.15044343132570187,0.12132719554851117,0.11033897957118254
2014-07-17 21:00:00,DEHM_noBD,0.1551220836493523,0.4095663094278933,0.19198751322229282,2.3921433148314923,3.0984232003627366,3.1102482840882164,3.0595314548230967,0.10424921085373365,0.15799535660419464,0.11975382493077494,0.11478920153472957
2014-07-17 22:00:00,DEHM_noBD,0.1573296647526276,0.5147088859835285,0.18781716190587086,2.546870081333991,3.1887451241940905,4.065130841567343,3.8644104708175213,0.11075977958548919,0.19341961098376448,0.1367555266015178,0.11542902442309215
2014-07-17 23:00:00,DEHM_noBD,0.16873070124675618,0.5725685825472998,0.19167290058328718,2.708110962151321,3.3847485429705517,4.970585595363551,4.885845674787962,0.10923652824404667,0.30734548743321927,0.3305616604863323,0.11621037463948004
2014-07-18 00:00:00,DEHM_noBD,0.1875940908959885,0.6419922326224702,0.21226679051746028,3.3303449679138284,4.18974114533845,6.116749960656306,6.590526356699337,0.10005630763541591,0.5444318885811809,0.9638975352345758,0.12015816579306729
2014-07-18 01:00:00,DEHM_noBD,0.21206182790358308,0.691868583021636,0.20233267252363785,3.877675200642726,5.790560458740065,7.579852254953862,7.539580158051532,0.09353648729800748,0.6465300698783019,2.0505762697405463,0.1289537954417618
2014-07-18 02:00:00,DEHM_noBD,0.43352337884639613,0.709880236183891,0.1977161383193638,4.292963425173898,7.403460538223279,8.634717932304227,7.698185729992163,0.09000992812559695,0.5913450843554988,2.581692861187275,0.1439690964430252
2014-07-18 03:00:00,DEHM_noBD,1.026341480885006,0.6138341307679284,0.21335336039658048,4.801027441100494,8.108440070351099,8.930484375145333,7.620660610682084,0.08857008128328006,0.4981336310706542,2.5151961481259137,0.1682612222068625
2014-07-18 04:00:00,DEHM_noBD,1.4251447432396687,0.4131078598826633,0.2372461154045979,5.017993148948588,7.853378029456843,8.51783340373104,6.995210284377857,0.09265270761996028,0.2961474764467239,2.0752333248095876,0.21108649724743409
2014-07-18 05:00:00,DEHM_noBD,1.4932897194416472,0.313977696911115,0.2531419840696965,3.65010745523328,7.114161348584403,6.590854849954019,5.5321172687733915,0.09519586721696875,0.13946142511219697,1.0617785302358698,0.2438279259488444
2014-07-18 06:00:00,DEHM_noBD,1.2216521867571863,0.30301928984916526,0.2500538098314636,1.9286394010140646,6.181441172899111,5.261200520464537,4.487435315441516,0.09032823983311415,0.12245156200448964,0.44616383531961057,0.2726877410988486
2014-07-18 07:00:00,DEHM_noBD,0.7828320062409597,0.27964223361000007,0.24081258701767524,0.860994044616175,5.3883122372548975,4.186636738206683,3.3510611958030494,0.08689877865934031,0.1182527975821215,0.317719099077283,0.29164431776506
2014-07-18 08:00:00,DEHM_noBD,0.4830920909089268,0.21395669034039916,0.24001406196658254,0.7033094157784543,4.690913761376012,3.1379851982617937,2.150799408991785,0.0837479867913633,0.11910505108555758,0.517422275013544,0.2930777525120379
2014-07-18 09:00:00,DEHM_noBD,0.41505166402794413,0.15756572908754002,0.2354090292056835,0.7583979290856185,4.093043632821688,2.5277418806156375,1.2840380270469853,0.07738734027047717,0.1288914327456616,0.8454810884714685,0.2803453051128925
2014-07-18 10:00:00,DEHM_noBD,0.3935854516512527,0.12866658664451613,0.23397817503081617,0.7854027835120087,3.304648712201512,1.8867765573604625,1.1611564312799376,0.06989254855985483,0.1357553793332073,0.9445700551811442,0.2627046123484498
2014-07-18 11:00:00,DEHM_noBD,0.3780500511664151,0.1116617349312488,0.2368831722127691,0.8051794625481997,2.4802027048860458,1.3213647801391692,1.2066063596568466,0.06598133206635556,0.14160126871749049,1.002258884776379,0.23381169356544385
2014-07-18 12:00:00,DEHM_noBD,0.40038692220725103,0.10287747948601217,0.2217386644208477,0.850147296117171,1.6620568131171016,1.022276989087167,1.116612038616974,0.06346075610956793,0.14607993454846785,1.0747234817630786,0.21034092091922804
2014-07-18 13:00:00,DEHM_noBD,0.4163877647396921,0.09756960427509345,0.19507677015996527,0.803555024227214,1.186278270065094,0.893307462464946,1.0991327796273183,0.06415921690817622,0.1456955273047671,0.8942710087845853,0.18540488141762052
2014-07-18 14:00:00,DEHM_noBD,0.4385490774822234,0.10164084140953794,0.19498855371815144,0.8095875875894563,0.9828939103776447,0.8268610809517203,1.0332561519240058,0.06888022144426578,0.1482822785215358,0.5706534617679173,0.16095621366589524
2014-07-18 15:00:00,DEHM_noBD,0.39634819626700124,0.10400281150806598,0.2062274637724802,0.8295608165941202,0.9965802693625002,0.8906188065588008,0.98191265036977,0.08640521977967025,0.1439903921902261,0.6219763472907134,0.1406972483452355
2014-07-18 16:00:00,DEHM_noBD,0.3660785788309759,0.10308568510281031,0.179945953433258,0.8287325841637572,0.8759371829044049,0.8527056235612072,0.9086857739407348,0.11865209595613874,0.13692503181913684,0.6219016138442253,0.12668587454003374
2014-07-18 17:00:00,DEHM_noBD,0.3487555863894474,0.12057305880894399,0.17852387826002206,0.7258961317974446,0.7640157953756943,0.6613417896960248,0.7495963030498008,0.15731777205262099,0.13906128960756192,0.6472994592438077,0.11743581888475658
2014-07-18 18:00:00,DEHM_noBD,0.32612154098343094,0.13622310042857635,0.16065651239775228,0.5866225679172699,0.6568277078346952,0.6278502076266992,0.6105963557712888,0.1826608419024006,0.16044298391759496,0.5889475913245358,0.11508605298491102
2014-07-18 19:00:00,DEHM_noBD,0.3091208876533875,0.1571667526496626,0.16085186895124487,0.49983269189632296,0.61976647171702,0.6680901044129833,0.5720917741722739,0.19403595056930445,0.19124026959621032,0.568824456429195,0.11909895228454943
2014-07-18 20:00:00,DEHM_noBD,0.28584918052116165,0.248365455117856,0.18547171828736078,0.47817156774332314,0.5936993983826605,1.1300593922807831,0.95188298840054,0.2099974649710052,0.21169230110591755,0.7888971800814637,0.11978027117315426
2014-07-18 21:00:00,DEHM_noBD,0.2790958564464118,0.5436777863371842,0.21374597104645016,0.5898222252101301,0.5821460750341485,1.7955126419003042,1.6216508532775737,0.2200273698796297,0.22538906199773592,1.109882845917818,0.1189441759156414
2014-07-18 22:00:00,DEHM_noBD,0.2901662561248602,0.9145621710929742,0.2447544622600165,0.7224504117100075,0.974320726528305,2.7763768100563206,2.1689369776059553,0.21889026185061922,0.22804368626283025,1.2206915827726035,0.11774860434558357
2014-07-18 23:00:00,DEHM_noBD,0.3257593510798184,1.2666393946889811,0.3380086818412804,0.4789839181414519,2.036254578011685,3.8010340454800504,2.3462713868411362,0.20984870611664114,0.2211746646035443,1.4838668370320949,0.1171257827232735
2014-07-19 00:00:00,DEHM_noBD,0.5936357725549908,1.561725776101008,0.8393721168829011,0.43638341485989457,3.1672053590657354,4.603930434989158,1.8236395310191913,0.2020121033311809,0.20766846335356945,2.001300583310501,0.11818639294699618
2014-07-19 01:00:00,DEHM_noBD,1.236560212365705,1.6986650638965057,2.1673083447428456,0.615821702188535,4.010597010666151,4.892179998471366,1.7906338471800252,0.19664806984255237,0.1942786647467123,2.5777599771225184,0.12167012985155232
2014-07-19 02:00:00,DEHM_noBD,1.6060041992693996,1.603952547166142,3.753249464082829,0.788543390787152,4.291132073113841,4.532036414359591,2.3331470242240857,0.19048588513166947,0.18280543626036383,3.034312787392107,0.12630319803627826
2014-07-19 03:00:00,DEHM_noBD,1.5892820170595647,1.4956538445486933,3.9000700022550525,0.8393525953131413,4.090601944487575,3.8940817823258884,2.54147769142368,0.18195068328008945,0.17285986750179538,3.2188615782325076,0.13162301968539067
2014-07-19 04:00:00,DEHM_noBD,1.293938543213628,1.4162542537468679,3.584195180108588,0.562783474579364,3.3420752739499915,2.9482667339161233,2.117865758172695,0.17162509628686828,0.15625235376482777,2.748062531531568,0.1322354444117273
2014-07-19 05:00:00,DEHM_noBD,1.0549896327694435,1.1031696632288694,3.1200022088376116,0.3650350350553,2.2594778044214143,1.9676571891478452,1.2901158179541934,0.16554879512218681,0.1355267123508089,1.646777494660755,0.1355015751281192
2014-07-19 06:00:00,DEHM_noBD,1.0742054167060482,0.7014055280511307,2.2237457238100644,0.4094620428076131,1.4439241147655872,0.8581526458221487,0.5192302339933114,0.15646287542779233,0.12852777607303936,0.9133400337782522,0.139755665857375
2014-07-19 07:00:00,DEHM_noBD,1.1241861685901018,0.42593881298556097,1.3056530748897213,0.4604278206551918,0.6595688809826074,0.40977871872153016,0.44864252354313133,0.14356786324765644,0.11768541171732112,0.5787503378994273,0.14309032931406743
2014-07-19 08:00:00,DEHM_noBD,1.0944186682585486,0.4064291828009252,0.8049214627343904,0.5188688145427219,0.3430077520485896,0.3545032591360307,0.47519255478224015,0.1296429786647792,0.105931437424588,0.49977705854413274,0.14731676543776345
2014-07-19 09:00:00,DEHM_noBD,0.9084669184823893,0.45956353148504375,0.7185632169929157,0.5945989115060354,0.29845201901657603,0.3742501905863976,0.5482689166685286,0.12154576109470676,0.09888169880558256,0.6137912174967697,0.1530185573724111
2014-07-19 10:00:00,DEHM_noBD,0.8622896802790649,0.5133919632634449,0.8467263020389526,0.7366248395352623,0.33695629327579396,0.4366242389557859,0.6299649375906864,0.1152250736477312,0.0929494690620462,0.7973017746599975,0.15024513817436294
2014-07-19 11:00:00,DEHM_noBD,0.7338658671037712,0.5409272991482423,0.9433079726902395,0.7493412968076858,0.37848064097508777,0.46917355207927985,0.7970020321734482,0.11267761669154508,0.08783884253074548,0.7421082344463235,0.1488587072968761
2014-07-19 12:00:00,DEHM_noBD,0.5348557683902907,0.5472956484274053,0.935479041050328,0.7078645385144138,0.4329794138387334,0.5239995845029884,0.9372676201603374,0.11317233786554365,0.08256507366391085,0.6627650369638827,0.15858388259041878
2014-07-19 13:00:00,DEHM_noBD,0.4554366605237662,0.5346946571810846,0.8757101323682523,0.6599084395368536,0.5211053812058641,0.621521734411153,0.8062626160438823,0.12370923269122479,0.07491805477336216,0.6150743172216682,0.17583819824620828
2014-07-19 14:00:00,DEHM_noBD,0.43597653977855105,0.5480681563946697,0.8378690626042778,0.6229496546208229,0.6372911636209209,0.6778847910198988,0.740522736250665,0.1349612623117957,0.07015301115778771,0.5321759340612301,0.1963625685631878
2014-07-19 15:00:00,DEHM_noBD,0.42621130428050863,0.5678559454320621,0.7591948632615728,0.5785907988277589,0.6889959184533263,0.6319600833178981,0.6608127155489951,0.14442738092950927,0.07004666481460779,0.4691999278614061,0.21111686465369184
2014-07-19 16:00:00,DEHM_noBD,0.4130686080680857,0.5484000672032149,0.6269773796575817,0.48546093848999006,0.6744808891154661,0.5565668706206709,0.5780684720615348,0.15305165204491314,0.06932272944557476,0.4240591174640166,0.21906924023444108
2014-07-19 17:00:00,DEHM_noBD,0.4045419845907005,0.5217717554947023,0.5196913237839117,0.4174965663319453,0.5804666539656277,0.5241559787256952,0.496032244637396,0.16320735053749374,0.0667872568186348,0.3893734006070096,0.22349320233620712
2014-07-19 18:00:00,DEHM_noBD,0.39874346801138716,0.49456857084980327,0.4674171031181245,0.37511485970157804,0.5123474910272598,0.5066802396077731,0.4409838053942992,0.17755360781396043,0.06822651720662154,0.3630505397219473,0.21899092621026986
2014-07-19 19:00:00,DEHM_noBD,0.42119444850625576,0.46438077344341944,0.4789017834056121,0.32169140636453586,0.4816166605585708,0.4964729417084099,0.38298153420911846,0.19843987197178575,0.07038107071511816,0.35093428506886104,0.22060120582628662
2014-07-19 20:00:00,DEHM_noBD,0.397324186299392,0.6092806050240652,0.524569494578098,0.30029822466864303,0.4723897908891399,0.5297632840737279,0.3316104275993272,0.20340288787733685,0.06648345619025763,0.3462920058437968,0.22590974024792615
2014-07-19 21:00:00,DEHM_noBD,0.3470291804975538,0.7370958635755355,0.7079583090426017,0.31247645780949074,0.45200859722029474,0.9404872362538617,0.31995293319634266,0.18252987780646246,0.06227499801216028,0.3512506760276105,0.22910525875630489
2014-07-19 22:00:00,DEHM_noBD,0.2366673005139582,0.7213145544223236,0.8966985157599501,0.29860250286773754,0.49278260192205947,1.825378993271636,0.32349143291760135,0.1546449596908883,0.060187161911468,0.3923035040380368,0.22849557587986566
2014-07-19 23:00:00,DEHM_noBD,0.16760535520548225,0.6794441480126552,1.0525325732378734,0.29570703016668043,0.9606613389396348,3.504728845081754,0.3051473684872829,0.1338106908460594,0.05568801718290966,0.5737073307011379,0.2305621001973095
2014-07-20 00:00:00,DEHM_noBD,0.16018136558403306,0.6085991804572035,1.2084087647593793,0.31539025952777505,1.3690637641469983,5.467283424374523,0.34153092616177116,0.12222440813443108,0.049220578538302445,0.7536450522625153,0.23017112320784477
2014-07-20 01:00:00,DEHM_noBD,0.16743474767679625,0.3726291871189241,1.3408778419376106,0.36379455550266276,1.207554226149606,7.220143472595012,0.8147086156657367,0.11613134795373196,0.04337231536534002,0.8466312224882553,0.2223944425178691
2014-07-20 02:00:00,DEHM_noBD,0.17273509205838422,0.21607800712272596,1.4102536170873128,0.645240314635383,1.1723439274534606,8.148062290899164,1.8573220193143796,0.11064655479357573,0.040545419174531055,0.8345453706361301,0.20286277338545752
2014-07-20 03:00:00,DEHM_noBD,0.29600602647117036,0.4914192204511646,1.2915430228734945,1.2427677855582393,1.294508689453835,7.720117364659994,3.2236893958053194,0.1020777979862105,0.038453027521961246,0.8488461458637784,0.18968299749618378
2014-07-20 04:00:00,DEHM_noBD,0.9958373028221481,0.4923908025088895,0.9006653093463177,1.737922856383125,1.2022658081374538,6.935994941555434,4.225975807451191,0.0962514224084932,0.04374243547568828,0.8976803721307944,0.1843599350005387
2014-07-20 05:00:00,DEHM_noBD,0.7956686458097066,0.17270213283381491,0.4537456391090007,1.8325516206860055,1.0627875787309162,5.8203465466947,4.424443690628083,0.1025224628086378,0.06316516984178708,0.6296847350061634,0.17786881796412166
2014-07-20 06:00:00,DEHM_noBD,0.4869637859735183,0.12254957628473459,0.23974928805605444,1.9170651573902813,0.7734110782616388,3.9945244873772863,4.6922750344272695,0.06597914763753936,0.08483821380066905,0.3908183652842865,0.16835228660915036
2014-07-20 07:00:00,DEHM_noBD,0.43765236885445413,0.11851704686572591,0.21335086282734744,1.5721499758621438,0.718369174855398,2.889489831110167,4.639905683810671,0.042195069671844346,0.10156389959444106,0.3162262846133432,0.1539103278636093
2014-07-20 08:00:00,DEHM_noBD,0.4031321805188361,0.12089845196160712,0.1982390948216044,1.0719284711071837,0.9922039375913422,2.478030360344234,3.7195334732743284,0.042434002182696134,0.1057470758650148,0.28854326377166645,0.1396788723055644
2014-07-20 09:00:00,DEHM_noBD,0.36959292498102514,0.1004638473203103,0.19599150328065898,0.7778695473282013,1.2859163868400176,2.461909061944345,3.3694347150838286,0.0459808585452927,0.10005105165181553,0.28546204732079916,0.13238506981919398
2014-07-20 10:00:00,DEHM_noBD,0.32780478903586974,0.10798719972838397,0.1869482301265477,0.6444503945376688,1.3942784207137675,2.303553965973531,2.648070053566522,0.04788941483962467,0.08916870986713205,0.28813895876573326,0.12768509235730507
2014-07-20 11:00:00,DEHM_noBD,0.28551336294786306,0.20276717224494317,0.23054153146833287,0.4925294748379743,1.258726119429795,1.739953623253768,1.6118953123108937,0.05345687905828507,0.07430596063784396,0.3016466745917749,0.1223315055618434
2014-07-20 12:00:00,DEHM_noBD,0.2706142685510784,0.27552375288335457,0.2535877068542585,0.5350216360201779,0.9887500903442362,1.29063994633477,0.9890904112610046,0.06225944338834597,0.07145402778597017,0.33538745487165467,0.11167267799197217
2014-07-20 13:00:00,DEHM_noBD,0.2659933143530249,0.25386571788846624,0.1982315640834266,0.6196744851448572,1.1768635791501332,1.1622181193623866,0.47377120820177476,0.07023503674494738,0.07465024490985886,0.3755878121828986,0.10539660597343913
2014-07-20 14:00:00,DEHM_noBD,0.2748661539824748,0.2560123259604974,0.18055843721566783,0.4535659050984045,1.2739657869962717,0.9607638210157102,0.32745219542444043,0.07657578608013325,0.08189943885873643,0.3747884673418283,0.09620304322703042
2014-07-20 15:00:00,DEHM_noBD,0.3164236754890798,0.2732904527609611,0.19545741179251944,0.2862705900113029,1.1867942432594276,0.6034926752294734,0.364909861084863,0.08487292488948198,0.09024468733431758,0.34554148706620963,0.08651453546942664
2014-07-20 16:00:00,DEHM_noBD,0.35765412228738996,0.2767733823579032,0.203394070225485,0.231166018805986,0.8660677956720069,0.5405518239773744,0.3679650516684495,0.09417226317480316,0.10387299561371952,0.3013260190531532,0.07582122305135695
2014-07-20 17:00:00,DEHM_noBD,0.3585140493398323,0.27899978111749363,0.20510089156455044,0.16248174540770058,0.6675782885215453,0.5640070637919454,0.3691295212887806,0.0983765393928782,0.12379568039106599,0.2750390873723861,0.06608989701370696
2014-07-20 18:00:00,DEHM_noBD,0.3222432482284548,0.2874513085356034,0.22116268395965624,0.1367416796563667,0.5375242775766248,0.6029133769842527,0.5144193864536087,0.10164848961181332,0.13607054524085901,0.27883824395889584,0.06048643982620888
2014-07-20 19:00:00,DEHM_noBD,0.2929520371833442,0.2887603800130669,0.2305927057191891,0.20824281000461445,0.6218857631367933,0.8082937764521395,0.846244196828788,0.10106348338700478,0.1434367022181409,0.28596156570993864,0.06218459897847834
2014-07-20 20:00:00,DEHM_noBD,0.29067565792662686,0.28789510396445,0.2485181662981113,0.5011151869808603,0.8706876675078599,1.5063689085604368,2.0666825033889094,0.10271213585431796,0.1523929416376064,0.2978371966759719,0.06489576418608409
2014-07-20 21:00:00,DEHM_noBD,0.317081247109973,0.30299675116354385,0.2617399093145283,1.3189388838655245,1.0455663400423758,2.2133487519199306,3.0763988713996904,0.10768632122292869,0.16360031950837428,0.29143070639225793,0.06187318488266313
2014-07-20 22:00:00,DEHM_noBD,0.30792162767053227,0.33824509330507424,0.2688519442749236,2.1565148722934344,1.219933805615399,2.5784101924387084,2.481481332555195,0.11657624142256644,0.1764677428117993,0.2663857646706091,0.06325649173074382
2014-07-20 23:00:00,DEHM_noBD,0.29859570295778576,0.29063710268542947,0.27259229553947867,1.2632114556372676,1.4014809537958797,2.656800804803294,1.6685624061526743,0.1242544940371371,0.19093500814455666,0.27249233809520484,0.06692927364975204
2014-07-21 00:00:00,DEHM_noBD,0.31930502824422496,0.2655107430366884,0.28526578497247107,0.49946434779126214,1.472640867216771,2.478160562453212,0.9897459019273339,0.12857681284761477,0.2101876916971688,0.3005426254941352,0.07073882689168659
2014-07-21 01:00:00,DEHM_noBD,0.3155287546031508,0.27566451838749956,0.34742945492323907,0.24360647995682405,1.4214090629865321,2.1370163741501425,0.5252410898033314,0.13014489155339534,0.22710603157422646,0.32152090956359364,0.07060575916282827
2014-07-21 02:00:00,DEHM_noBD,0.3264614893951917,0.29684112642735844,0.46050739106410776,0.22023972143039502,1.3350948595769239,1.931850617293719,0.27542169267845107,0.1306492891165615,0.23046083928798125,0.33882937732468005,0.07017079200904797
2014-07-21 03:00:00,DEHM_noBD,0.32245322265211435,0.40437091744334563,0.6122185111532474,0.38625724326271427,1.2368969674513,1.5916017499097863,0.2022078751724981,0.1308551508555662,0.2240789852489658,0.3316427781159011,0.07136861241370428
2014-07-21 04:00:00,DEHM_noBD,0.3256896080695971,0.35641366443940986,0.5427704881251105,0.8847484619252437,1.1863144673811108,1.2070396565212873,0.2685524425064008,0.13450510466917742,0.21248479048622268,0.2887807379098309,0.07242185947358601
2014-07-21 05:00:00,DEHM_noBD,0.3011430923471808,0.29826955247133624,0.28922383690174697,1.4184954076513017,0.9100758419364179,0.5234463162475638,0.6169480472114401,0.15166004188969545,0.2068025974808184,0.26339542672550204,0.07176486943244922
2014-07-21 06:00:00,DEHM_noBD,0.27237305519563626,0.29809573462211747,0.2563991636757674,1.383349780052911,0.7422513767173793,0.20807845466035638,0.9144152876245499,0.17176929097434848,0.19134939857958566,0.2541404765169135,0.07285467399314019
2014-07-21 07:00:00,DEHM_noBD,0.25781799561739094,0.2705770362109223,0.2558503472190212,0.8076746008919713,0.6547263261866988,0.18340735836476485,0.619555183824274,0.19736097184661058,0.16947084156581077,0.24805497782817137,0.0714621916624903
2014-07-21 08:00:00,DEHM_noBD,0.25246933526529963,0.2293494524332697,0.2248525968059656,0.4459781503859902,0.6810117902049282,0.21640830685630896,0.2576454168143873,0.21636189128490618,0.15485671013129396,0.2533138128972746,0.06800683587997207
2014-07-21 09:00:00,DEHM_noBD,0.2543052509014279,0.21511586908497424,0.16793458471046577,0.2165017452149518,0.7346883969606366,0.27972020528978886,0.11277081950549732,0.2165302920318002,0.1452488170756281,0.26489181055886113,0.06582337120980941
2014-07-21 10:00:00,DEHM_noBD,0.2566814506878976,0.22559398525610488,0.14436300068678903,0.1236100998592941,0.6360619407152105,0.2613308642337494,0.06252522835908418,0.20569648438061136,0.1373691552410856,0.2703954536467741,0.0640273022720495
2014-07-21 11:00:00,DEHM_noBD,0.2577570904836301,0.23776107391141268,0.13644579895978995,0.2579948106790294,0.5300230850326408,0.18402983868210918,0.160317459020056,0.19845961994443298,0.1357912601833417,0.2602280695525357,0.0638395648829451
2014-07-21 12:00:00,DEHM_noBD,0.25743161324006875,0.245330283018249,0.14578528181006276,0.7278994669822619,0.38249753882112203,0.13700027811763332,0.5141363032451012,0.18641649147735853,0.13266048046034282,0.2408718121737049,0.06341035637954362
2014-07-21 13:00:00,DEHM_noBD,0.2595864132831472,0.24651686557438304,0.16069067906497567,1.1076217333369094,0.29700091940483997,0.19107599976989698,0.916423615407955,0.16361126234748707,0.12762881364957654,0.22231037534238648,0.06338068846007436
2014-07-21 14:00:00,DEHM_noBD,0.25063188530208474,0.2445313616335997,0.18887979377429587,1.2700028604513762,0.3559138512183841,0.24671865559418904,1.111588665320602,0.14320568980005557,0.1289234845924888,0.22251735700013578,0.064805302524587
2014-07-21 15:00:00,DEHM_noBD,0.23681481630580914,0.2363366187626608,0.20816169766966275,1.0133967492241758,0.4457292202860116,0.3843141112719475,1.288623110781085,0.1301941807559727,0.13418274832222832,0.24336290012785575,0.06693137854894281
2014-07-21 16:00:00,DEHM_noBD,0.23608555842590134,0.22009031232426574,0.22494118161059068,0.6701419728114727,0.4962176859336671,0.5202028965773672,0.9272083130884159,0.12101706086636928,0.14291305571411164,0.2534005728760289,0.07257530768595719
2014-07-21 17:00:00,DEHM_noBD,0.24973119876385302,0.21638364359029338,0.23054418991112993,0.3736464711561489,0.5008324030286609,0.5432881549237195,0.5245548290693378,0.11524574402134859,0.1523017501450082,0.23166205426841907,0.07792603221747813
2014-07-21 18:00:00,DEHM_noBD,0.2219886105940344,0.2278760283532578,0.22809567168075828,0.35940322781140016,0.47879911825848737,0.5727392436677345,0.4576502168957317,0.10926552792813404,0.15446232855784803,0.23578553112069173,0.08000800234993838
2014-07-21 19:00:00,DEHM_noBD,0.2034356209386772,0.2347692480346073,0.22032345490257826,0.4881806492737084,0.5026542504689236,0.5455225717530283,0.4009199868073122,0.11167717220353661,0.1623578673882878,0.2464345245286782,0.07985072479144355
2014-07-21 20:00:00,DEHM_noBD,0.2526111125999157,0.2044708333284411,0.2109997243478124,0.8028839576661995,0.6205448524646646,0.5116814559116438,0.7096745301581422,0.11326793105118446,0.16904501713508222,0.24295791645171874,0.08300114061916769
2014-07-21 21:00:00,DEHM_noBD,0.28528281006575357,0.17346435935025006,0.21096322556347735,1.048323791646287,0.5720196730096823,0.5304521028828454,1.0709699183850394,0.11144201819646248,0.18211910698634212,0.2412565602006373,0.08747275600326619
2014-07-21 22:00:00,DEHM_noBD,0.290882213362333,0.1723113912083528,0.2932015623676981,1.1355393520319716,0.37895879654394443,0.4987070577630933,1.3178073362318834,0.10801232169493886,0.20081949199399743,0.2515399676574557,0.09249571937216954
2014-07-21 23:00:00,DEHM_noBD,0.26475394343905256,0.23229925866609064,0.5659827954886067,1.0679476501074476,0.3376289976330776,0.5847475242027216,1.4681634982240759,0.1046402238834609,0.2128667143905334,0.24464545834169665,0.09785803077304818
2014-07-22 00:00:00,DEHM_noBD,0.28222319951441366,0.3059410670480225,0.938028204182552,1.1300454410385385,0.3770735828494908,1.022345701998611,1.6974452762874013,0.10147107521729652,0.2101788294713846,0.2358476234786098,0.10228003814543649
2014-07-22 01:00:00,DEHM_noBD,0.2690034456762252,0.36552182226216534,1.2197283725537846,1.3511418091317102,0.5325040441411512,1.6952460859452643,2.0304844049440973,0.09744570195475635,0.20057374066537315,0.2398084567358694,0.10719453872100898
2014-07-22 02:00:00,DEHM_noBD,0.27204975540740167,0.5405930884351593,1.3407311052709234,1.7001122049684612,0.8682267349655112,2.201185884671868,2.3329263261487276,0.09395892796579416,0.19266447433576553,0.24742483920708927,0.10880019652950103
2014-07-22 03:00:00,DEHM_noBD,0.2784096977800223,0.7492481926590122,1.3613128128581395,2.0362688278527488,1.3387780399429579,2.5796021441298094,2.6163171746875045,0.09279985685837833,0.1875057722673706,0.24406475710711148,0.10849047460836991
2014-07-22 04:00:00,DEHM_noBD,0.28401944817780045,0.8425926836094919,1.3396090680644384,2.193246263765515,1.5890330710471887,2.709525626018356,2.6828274765798112,0.09301120915178267,0.17928752671761836,0.23430768210456876,0.11116103900284617
2014-07-22 05:00:00,DEHM_noBD,0.2706908468180265,0.4889290874560712,1.1487712895253508,1.6333904665323173,1.3775063599478057,2.2829013041258728,2.090952682303055,0.09925784564401709,0.16886888691440277,0.2275064932894829,0.11309574704443008
2014-07-22 06:00:00,DEHM_noBD,0.2536935927226598,0.2629588768043443,0.6937663111123125,1.0757037571429497,1.018797420749911,1.6129763908864678,1.3722334288083984,0.10733589625126129,0.15657797774811613,0.218896606590785,0.11450457221960175
2014-07-22 07:00:00,DEHM_noBD,0.2504865598061635,0.26136503674977213,0.39756616368919895,0.9067923053278918,0.8344612562024545,1.1315836004837643,1.05404347793761,0.12382504109007299,0.15096574832588183,0.21790085127658296,0.11794846955027075
2014-07-22 08:00:00,DEHM_noBD,0.24384246310417104,0.2712017541149111,0.2754602163716646,0.8000053335905744,0.6914543381680269,0.6860373152768542,0.7307328834160929,0.14989926818139815,0.1387475918707338,0.22079928618549816,0.12304679777126958
2014-07-22 09:00:00,DEHM_noBD,0.23664112713989252,0.2761335737641226,0.23240004220511196,0.7073959161749814,0.5902721270335278,0.45712287866602874,0.5803445249652991,0.17767904810062976,0.11573220439472409,0.21932639681875193,0.12870212364538866
2014-07-22 10:00:00,DEHM_noBD,0.23054741786329525,0.26528090448387875,0.25114744776217485,0.7001397175652068,0.5154969394757598,0.4576963085105269,0.5873014049293792,0.19548517933900625,0.09720961109034124,0.2083528392115417,0.13174664756862434
2014-07-22 11:00:00,DEHM_noBD,0.22692344115483637,0.23048874997124014,0.2326771344385697,0.755770604180743,0.4025478035489468,0.5217019699219729,0.8305979596302844,0.19489367535376675,0.08474974006871813,0.19493463554349305,0.13027564739542655
2014-07-22 12:00:00,DEHM_noBD,0.2238010558403794,0.2122258442454367,0.21882425600883304,0.7945829709881134,0.4347434220063825,0.5911783611281552,0.9147790279745276,0.1866419344430535,0.07951761871044186,0.19218730608527387,0.13094726986933258
2014-07-22 13:00:00,DEHM_noBD,0.2175163566823605,0.20728770147135814,0.20521466557269133,0.7495938219498615,0.4876273013252298,0.6459654657456732,1.030330767719258,0.16504121618462758,0.07602584881128906,0.19283032176960455,0.13176452875180653
2014-07-22 14:00:00,DEHM_noBD,0.21110130026493273,0.1990472602565174,0.19896433716693898,0.6395898327868847,0.6807833031323505,0.6745528269685966,0.9872887928867514,0.1438548881143672,0.07460694725360063,0.19477738044299472,0.1335195475715892
2014-07-22 15:00:00,DEHM_noBD,0.2014587203748712,0.19547704812468783,0.18711701410320333,0.612518033248345,0.9067856129614148,0.772978400857739,0.8856740057492994,0.1286496397443478,0.06823199659589327,0.19720889615646262,0.13665277094865871
2014-07-22 16:00:00,DEHM_noBD,0.19638169589445803,0.1906639183604169,0.18778397553844767,0.47907788070469437,0.9622667205707821,0.7766697145537973,0.8219248262701038,0.12073287953217088,0.057264612255705456,0.20578944120537307,0.14080177988923354
2014-07-22 17:00:00,DEHM_noBD,0.22344562307054122,0.19728104280678932,0.1873373630233543,0.36361257251858137,0.6759921543791703,0.668494642644246,0.6323897097906084,0.12237288678725806,0.04967884034495476,0.21157280134715303,0.1431616687064626
2014-07-22 18:00:00,DEHM_noBD,0.23968997203311743,0.26368091232130664,0.18362512423093588,0.31244015366595845,0.41446735817679536,0.4682784468561382,0.41464890079220684,0.1259966470848591,0.044403867514104176,0.21023828666524244,0.14542607699698445
2014-07-22 19:00:00,DEHM_noBD,0.21960835062414846,0.2878708353741238,0.18498797853432256,0.3433584039624158,0.31729244764686204,0.3618784216547383,0.34858861135442754,0.12788236046281617,0.04652943013367947,0.21588919262192807,0.1521031554822692
2014-07-22 20:00:00,DEHM_noBD,0.19136752896097978,0.2894763869680596,0.18781225746637165,0.5430947981902596,0.28424695213583745,0.3768337957276844,0.49797328090899395,0.12670893865861874,0.049847898736388674,0.23877001315592422,0.15788753235597006
2014-07-22 21:00:00,DEHM_noBD,0.17484039893271394,0.3042957197628251,0.1860207707624227,0.8497320356365339,0.2787225316616891,0.4906633174255976,0.8970681475534759,0.11295836511973294,0.05718593910533722,0.2474142148670589,0.16188175280446127
2014-07-22 22:00:00,DEHM_noBD,0.21401983854156273,0.3324086465662685,0.20090434669258403,1.1548724574216511,0.28298519482698176,0.8339346154483764,1.258560732192826,0.08180003127684558,0.07096550112285815,0.27193187760057064,0.1649430130836148
2014-07-22 23:00:00,DEHM_noBD,0.2526859761008425,0.5206797448248095,0.2809771944702,1.5935861923393522,0.2971325723445402,1.303188903388084,1.6188256221342012,0.06151722281577456,0.08731109074321426,0.3278589253193825,0.16733189913287871
2014-07-23 00:00:00,DEHM_noBD,0.2877048727409576,0.7265217497874765,0.4963691314650698,1.7996902536434427,0.35245114624907137,1.7639344804554766,1.980456384422972,0.05750370508586621,0.1081569604359193,0.36169603870837636,0.16887273104134595
2014-07-23 01:00:00,DEHM_noBD,0.31158746321451614,0.7925742850662728,0.7801801908114167,1.49897046147933,0.5901576072379107,2.0188779863333632,2.210175601011998,0.05773300773250181,0.14275358086177298,0.34923570136695814,0.1687075210782148
2014-07-23 02:00:00,DEHM_noBD,0.3376352443672047,0.7623408081218209,0.9642540062088666,1.1330648837048563,0.8430552943517268,2.137996868922828,2.2969678609023205,0.05555998191928795,0.18494619354384337,0.32761610945005193,0.16695060460902192
2014-07-23 03:00:00,DEHM_noBD,0.3781208112842263,0.5504331517872072,1.1271571689903621,0.9709289973118496,0.9325937814461532,2.281382901076931,2.3225287592998662,0.05843368049912541,0.2161714859596963,0.31127759043945274,0.16387251372538766
2014-07-23 04:00:00,DEHM_noBD,0.36458854494927795,0.25331617500158476,1.2828129978820346,0.9411248032775197,0.9054203581312217,2.3262597570854346,2.2348615767465927,0.061671429423174925,0.23059030050858217,0.29639897721334296,0.1528393159476871
2014-07-23 05:00:00,DEHM_noBD,0.3452913848370894,0.1342737538477826,1.143820274185962,0.781407973456105,0.7635030774710561,1.931758892691981,1.7085363345775963,0.06627638312734817,0.23298417501716318,0.27749650719210495,0.14041276722677304
2014-07-23 06:00:00,DEHM_noBD,0.33434957650656844,0.16856120609077094,0.6415272820582437,0.4577174133409153,0.6441317809660058,1.173885430671495,0.8381282664561648,0.07599793516934586,0.23820695528981967,0.26006283099160865,0.14281168358911486
2014-07-23 07:00:00,DEHM_noBD,0.32465484830087565,0.23130911837429843,0.2840062960003664,0.31144361167404233,0.5871570610916241,0.7533609851085306,0.492419128234997,0.08654146418640485,0.2370360425468083,0.2503879449442079,0.14133687766673267
2014-07-23 08:00:00,DEHM_noBD,0.3113304854244601,0.2823388280409271,0.14804790891251218,0.3149395390087748,0.4658782595638604,0.5339684377017897,0.37853043850538537,0.09523308358500938,0.23168294603004805,0.24883508213009423,0.13593066823508615
2014-07-23 09:00:00,DEHM_noBD,0.29662300655323365,0.2946260572395662,0.14492139725891975,0.39780068510622707,0.3809131188584072,0.4272783743692282,0.31318138733694556,0.08817942472762882,0.21733330439355167,0.24742556530071505,0.13132961777199348
2014-07-23 10:00:00,DEHM_noBD,0.2908962045279279,0.27875765976728917,0.16600720767860608,0.5190671608440682,0.3774244619003589,0.4398427672695752,0.32968090174940284,0.07799033412641598,0.1896103258626535,0.23118130675736093,0.12672384130410755
2014-07-23 11:00:00,DEHM_noBD,0.29134538154998,0.2627674843728081,0.2208738127861206,0.45067357133700736,0.37563402070651286,0.45784826550978797,0.3538141408478467,0.07357705361406512,0.16030660890948129,0.21510937746666375,0.1210942465581973
2014-07-23 12:00:00,DEHM_noBD,0.2815331967250978,0.24659139627552693,0.2494965603159739,0.3704047197569813,0.36002214036555946,0.4245317585880669,0.38542877501689876,0.07391413115112484,0.14730788897579877,0.20793301649503013,0.11381743859231225
2014-07-23 13:00:00,DEHM_noBD,0.28451111819152686,0.2401268922584596,0.2079465487101918,0.36604406963792047,0.3403028007255191,0.45716087318653575,0.4209398343104054,0.07514763678532987,0.14405638445278154,0.20749044662882,0.10599137585894611
2014-07-23 14:00:00,DEHM_noBD,0.3764749672877289,0.23173223842613597,0.18114223772575952,0.36312515244467525,0.34903329603600997,0.49271409231843477,0.4806527949942316,0.07586667222427317,0.13665471605830853,0.20589737338276987,0.09757877986573828
2014-07-23 15:00:00,DEHM_noBD,0.4577590407068578,0.21522381389556658,0.1702635642993937,0.3932094563841417,0.40588747415849935,0.5156311314045525,0.5831696139812212,0.07686799834683618,0.13004927799316532,0.20100898097712272,0.09078984537310836
2014-07-23 16:00:00,DEHM_noBD,0.4651496837999791,0.20553736880651077,0.16386668711951338,0.33347403846716206,0.4932626558072527,0.5659094043242064,0.6225139445130934,0.07751025491023897,0.12684052961751616,0.1877190394745046,0.08699581258229491
2014-07-23 17:00:00,DEHM_noBD,0.4649598521158878,0.21735868078821088,0.16815445561554923,0.25211539321518056,0.4947466984722645,0.5015506801396464,0.47198447464508986,0.07823293390859713,0.11999338752816732,0.17817688063551623,0.08777812005875946
2014-07-23 18:00:00,DEHM_noBD,0.4431856103522365,0.2363759750772641,0.1773618659376459,0.21937400707964932,0.4607919042193272,0.38129168110558703,0.43339755861104884,0.07798756465712213,0.12098483096069051,0.18322927251044618,0.08996853576388476
2014-07-23 19:00:00,DEHM_noBD,0.45988906910337835,0.25662075913485577,0.18211712406979355,0.2094768146283843,0.4193496897248806,0.3519418588630548,0.4845123462415292,0.08342400940991045,0.12595571660994934,0.1855662253238785,0.09316076203969338
2014-07-23 20:00:00,DEHM_noBD,0.3652278650502155,0.27506527728656005,0.18694956164404294,0.23162923135636723,0.381203034719444,0.4146830382013881,0.9641658128822884,0.08659288814115888,0.13113917483091134,0.1606317864144442,0.09626512230073708
2014-07-23 21:00:00,DEHM_noBD,0.23854004445503457,0.27588877068557743,0.1912064633744209,0.4128531811227266,0.36341733262768705,0.654472349290405,1.3153917603820904,0.0841729010995532,0.13326205133722746,0.13150163813395896,0.09906283841021009
2014-07-23 22:00:00,DEHM_noBD,0.1832373899640887,0.26775123317430055,0.19712251026325595,0.5514733738625798,0.3871642932595637,1.0828507388932929,1.6593266208794346,0.08368044578560657,0.1317341253600789,0.12762301567723908,0.10057463468216277
2014-07-23 23:00:00,DEHM_noBD,0.1680720659083773,0.2940546151742774,0.20488338307354798,0.5034275068749579,0.46289880326974786,1.6197026351113264,1.996117326300262,0.08488625012421286,0.12655225536525183,0.13036222298336886,0.101110914118269
2014-07-24 00:00:00,DEHM_noBD,0.15279050920951634,0.6142684690265645,0.24207040981344904,0.5719154579892698,0.5338157453256029,2.057616310630588,2.176044070793936,0.08554494364782989,0.12283955482261351,0.13414454890789398,0.10117698413521714
2014-07-24 01:00:00,DEHM_noBD,0.14626130397537715,1.255010789779793,0.2853475354689753,0.662563817853976,0.6060851659167393,2.2651896949545556,2.1283515600235194,0.08612162974617348,0.12240621536923578,0.1400280777625955,0.10078408177451055
2014-07-24 02:00:00,DEHM_noBD,0.1498039822403329,1.40221207653791,0.4540062868540053,0.7698675973138005,0.7182112058155797,2.334745151725354,2.1593815133089427,0.08224472768973416,0.12390565713156186,0.14524776857214108,0.09985804253509424
2014-07-24 03:00:00,DEHM_noBD,0.15753690222554834,0.946224841849729,0.714521661087354,0.917620742032188,0.8637119310194101,2.403303822783824,2.2672169657282115,0.07733175521163389,0.12584011425410974,0.1468396498010474,0.09767201935663238
2014-07-24 04:00:00,DEHM_noBD,0.16527026967803934,0.48540035334446285,0.7173069130294023,1.019646634403987,1.033978801749096,2.3974401255669986,2.29296277925737,0.07158722050497966,0.12746700916937884,0.14667400546882126,0.0916905775975653
2014-07-24 05:00:00,DEHM_noBD,0.17128769987237746,0.2096287158835538,0.8368418944388435,0.8862350947825113,1.1108490260344128,1.9377865656958364,1.815607228738691,0.07096370248001162,0.12802445375898502,0.14861167863832483,0.08773729607631738
2014-07-24 06:00:00,DEHM_noBD,0.17425013938754422,0.14460080097081307,0.5905359632409586,0.6997612371831103,1.032325865089005,1.4847569827902842,1.346978035315258,0.0732440397215617,0.12875608674464684,0.15050806295880098,0.08632772993722888
2014-07-24 07:00:00,DEHM_noBD,0.17694377247818738,0.13613990870679724,0.2576608821113838,0.6519500632239104,1.0052603962596787,1.275709308207257,1.1469939803282625,0.07786742171769442,0.1298503975504659,0.15642345594782786,0.08582076822504148
2014-07-24 08:00:00,DEHM_noBD,0.1802796368251618,0.13975730810773457,0.18259812566711256,0.6676925430695455,0.9713416819392959,1.1771856524875794,1.0866830343956546,0.08947375734067557,0.12860665909491584,0.16799412420820978,0.08397992199101569
2014-07-24 09:00:00,DEHM_noBD,0.18222097597910922,0.1486810400006065,0.17619214398964064,0.7613931713604578,0.9960156294525973,1.1814117211299295,1.0261490874923624,0.10285282899649689,0.12270008079310253,0.18820161014656767,0.08076273974848333
2014-07-24 10:00:00,DEHM_noBD,0.18506986842045584,0.148942851949393,0.1332347765019326,0.8309669914700067,0.9463043501271027,1.1781532983698266,0.9658920324003207,0.10014128822810106,0.10979525167124468,0.21690431623056425,0.07815407331385953
2014-07-24 11:00:00,DEHM_noBD,0.18879730463725758,0.14897444085413297,0.11206402065051072,0.8184287562771839,0.8850981571988062,1.0986073989407346,0.8831697796671394,0.09779641698245531,0.09650188568201268,0.23384433701371127,0.07425671491996949
2014-07-24 12:00:00,DEHM_noBD,0.19133515548914934,0.15512182759997784,0.11527005509475698,0.7333554484979621,0.8498360374841093,0.9371388042594742,0.7596696147920179,0.10024973305872444,0.08776382621094453,0.2402242003523068,0.0722862691096053
2014-07-24 13:00:00,DEHM_noBD,0.19737353605046123,0.16343355205053117,0.12355864830695773,0.6008062456997745,0.832424968301067,0.823646765830008,0.638184974822353,0.09974098964701143,0.08638542532674819,0.24389227078419845,0.07206817055933462
2014-07-24 14:00:00,DEHM_noBD,0.20443705899600206,0.17992687878479977,0.13948942912384443,0.49637699043258376,0.7705628124239807,0.7308405882245199,0.5232350034274446,0.09612394427507417,0.08849207201178698,0.24993316154385326,0.07215316514787606
2014-07-24 15:00:00,DEHM_noBD,0.2117244960273648,0.19480264667522995,0.1572385352903056,0.4580484738302468,0.6185228768193208,0.6135803086235028,0.45033033183993854,0.08953229336195148,0.08916302098815598,0.2553697672485306,0.0716120472630508
2014-07-24 16:00:00,DEHM_noBD,0.23974225660273993,0.197265575970867,0.17288255256642546,0.39552336566580404,0.4756692214831535,0.4820538000485649,0.39020221374737996,0.08855003119800761,0.08995578746365675,0.26063027257649896,0.07024997260602621
2014-07-24 17:00:00,DEHM_noBD,0.3184930257037529,0.19174930061300868,0.18495312637285571,0.3228242626760988,0.4387494116477294,0.3562169950130708,0.33489951837567156,0.09591205886295623,0.08899963769498088,0.2617701830491256,0.06700080694978208
2014-07-24 18:00:00,DEHM_noBD,0.3626574031826191,0.18051101164279468,0.19189237392587455,0.27456182707875804,0.4509781144011136,0.3151319482943986,0.2759549129731933,0.11050722712229819,0.08767485766313562,0.2575244237325741,0.06319858320033986
2014-07-24 19:00:00,DEHM_noBD,0.3189782257265933,0.17564420728739763,0.1919721742215014,0.22321069313890707,0.4108079152977489,0.2976892689551869,0.26252470691011415,0.12093370175855234,0.08871588945485176,0.25782217717633055,0.06221959729746279
2014-07-24 20:00:00,DEHM_noBD,0.27517910512734484,0.17015179130115282,0.19035691969574378,0.16115174334154797,0.4086325433206417,0.3338362452950242,0.27421225508663283,0.11699100371279748,0.09215362286090026,0.261183028912721,0.06168645393247445
2014-07-24 21:00:00,DEHM_noBD,0.2904902777040544,0.1614394885757832,0.18624698665383116,0.13841151172170627,0.4186202487245632,0.6256249223717318,0.2942443392946018,0.10139806203110538,0.10006644429355044,0.2667348047663486,0.06259749170062393
2014-07-24 22:00:00,DEHM_noBD,0.3068310600492563,0.1947073638201178,0.18365966975832954,0.13034365707782095,0.42333551488614873,1.0833241957229658,0.4154919823232726,0.08996557981946893,0.11021025364756287,0.2639828567595402,0.06446101539870343
2014-07-24 23:00:00,DEHM_noBD,0.31473417731191994,0.2642516772568503,0.18948620534611285,0.2614498707931072,0.6061864639350387,1.4893747939431528,0.49438110633711896,0.090109317764298,0.11989498448449366,0.25562792942184115,0.06642949153688975
2014-07-25 00:00:00,DEHM_noBD,0.30056339138270666,0.32759797114820055,0.22634473702202657,0.5227571905085678,0.9638349320193402,1.6959232341084247,0.6367150168238143,0.09503895886670666,0.12828882441426398,0.2470056415196545,0.0679239881199129
2014-07-25 01:00:00,DEHM_noBD,0.29172064689284855,0.5182343817780991,0.2973705425682285,0.7503937243688481,1.0796903625338024,1.8386505216867426,0.8662786492181125,0.09750511493233364,0.1337671434044532,0.2342006447704356,0.06889232732897581
2014-07-25 02:00:00,DEHM_noBD,0.28711619793293286,0.6134380612718959,0.5017573844126787,0.8435332901871242,1.3623411328788637,2.0563926308394533,1.120899823188296,0.09827131161357841,0.1381889513926453,0.21744711086713459,0.06961825264951786
2014-07-25 03:00:00,DEHM_noBD,0.27271099744481603,0.5035008238688806,0.6820491338161431,0.919894268845815,1.676719521542452,2.2919775444974286,1.3648828785416103,0.09412954629354861,0.1401228908775858,0.20720885646565126,0.07021638710514064
2014-07-25 04:00:00,DEHM_noBD,0.25471828236025973,0.6340207189490364,0.8943065425334134,0.8808187873969148,1.6298856440848577,2.2703198071042276,1.4958714598173661,0.08552040886078595,0.14134746100813686,0.20039740808265372,0.06742131019485144
2014-07-25 05:00:00,DEHM_noBD,0.23494753068836272,0.5660544272894085,0.8368650888587674,0.5662011416482918,1.2920589257554407,1.7714437215663839,1.379356478538353,0.0847497699197079,0.1456284052317843,0.18703602854511628,0.06607616987133037
2014-07-25 06:00:00,DEHM_noBD,0.2298926352507643,0.30096364732901315,0.8395121371571549,0.3839308997029039,0.8915918440113693,1.2534081133311932,1.1972359684444571,0.09042093338562229,0.1433324678796005,0.1718520777622342,0.070471362129046
2014-07-25 07:00:00,DEHM_noBD,0.22558615477147564,0.2634512205101712,0.6668018136370566,0.4077402870336887,0.7391460691883555,1.1871957447631847,1.171046087362036,0.09131928233120001,0.13579243375906477,0.16760472137621127,0.07329098048945942
2014-07-25 08:00:00,DEHM_noBD,0.2151994622589801,0.26066786855541746,0.33941317335303867,0.4171182921324931,0.7657635204843886,1.1016254288545428,1.084625238103213,0.08648334904030586,0.12511482424845682,0.17095350220441832,0.07528215608697819
2014-07-25 09:00:00,DEHM_noBD,0.2004052869350855,0.2501448313206553,0.2502344410249613,0.5294581472455907,0.7340090005033231,0.9633609074463059,1.1097397127406203,0.07948537430645276,0.11921252788640488,0.17925871898134527,0.0771569138271244
2014-07-25 10:00:00,DEHM_noBD,0.18798479923702055,0.2344296448893287,0.2431712440970073,0.7054270282596031,0.702057868254769,0.9767727903842,1.1536637085089256,0.07555319654365235,0.11683614394102929,0.19131107741264922,0.07845564920692491
2014-07-25 11:00:00,DEHM_noBD,0.1839582172631732,0.2346931282168801,0.23557795673642876,0.8106861966217547,0.7970143337997408,1.1873821851327793,0.9160640131874641,0.07682047470472189,0.11559190177735507,0.1962378544514381,0.0782801178386621
2014-07-25 12:00:00,DEHM_noBD,0.18831388337953378,0.2287301334734177,0.2354740322653268,1.0626443907884424,1.0907808314876282,1.1902180326036078,0.949422080245119,0.08102329819620052,0.110742801550335,0.19236444787370754,0.07857965509131343
2014-07-25 13:00:00,DEHM_noBD,0.2021990076146945,0.20769184710888275,0.22926562177604917,0.7854862826868518,1.1178845599383709,1.225123277381992,0.7873483435419726,0.08196763295931578,0.10407731697771812,0.1855151119188061,0.07837815331116545
2014-07-25 14:00:00,DEHM_noBD,0.22122973855293837,0.19891343875722478,0.2285061528572817,0.3840682263642962,1.0443265201336414,1.0089395205533238,0.8352797137476775,0.08309387663891926,0.09577136093750231,0.1842535892690007,0.07795442190978387
2014-07-25 15:00:00,DEHM_noBD,0.2287655785215823,0.19333315487587022,0.22563267211005525,0.2670412002046175,1.0271933026706752,1.2357724573637459,0.8281009809747542,0.0828566132140796,0.08913192721954391,0.17761080124278317,0.07852098352889812
2014-07-25 16:00:00,DEHM_noBD,0.2218142130901318,0.19242673273102964,0.22207345446396848,0.240282734717623,0.7091475092206312,1.1590218931857665,0.6195011162979518,0.08216284935471113,0.08314790242257059,0.15836158212781393,0.07922190472695488
2014-07-25 17:00:00,DEHM_noBD,0.20351345822754166,0.19506791686110522,0.2148424126963486,0.20365844900306557,0.5839113166515435,0.847888911228067,0.3418687277099908,0.08639719444735333,0.07692813017187981,0.15256008840685684,0.0787253791847994
2014-07-25 18:00:00,DEHM_noBD,0.1873152276450458,0.204146128383127,0.2031481566671834,0.1567366333974769,0.5296853320797462,0.5343368704075457,0.2206199238012114,0.091116072511963,0.07516102120845156,0.1565986420632174,0.08236790612465487
2014-07-25 19:00:00,DEHM_noBD,0.1770240253189376,0.23175959822940798,0.19089580640808326,0.1358147482018496,0.38421114115635147,0.30609615239647775,0.16957765928315763,0.10205758908318696,0.07547439276102841,0.16722179490796465,0.0884594579241699
2014-07-25 20:00:00,DEHM_noBD,0.18101848739696175,0.25727069131878755,0.1842337978004584,0.1461680641360557,0.360678696358865,0.19314538581191462,0.16294531084847877,0.10920360933297571,0.07792009744070058,0.17395823155561968,0.09677884896260754
2014-07-25 21:00:00,DEHM_noBD,0.18620161322512999,0.24543446688514978,0.19775860493809522,0.40420471843759176,0.3283411121747711,0.15941071168885165,0.4275672853695362,0.10691214247293095,0.07913599254870625,0.1582010040310849,0.10706942146140032
2014-07-25 22:00:00,DEHM_noBD,0.179134644370895,0.22703554253081096,0.24654605249473666,0.8577009980777892,0.2920042700949729,0.5219050102640794,0.9837491627250852,0.09543262209277928,0.07694364667406199,0.14760731807832306,0.11754212495052437
2014-07-25 23:00:00,DEHM_noBD,0.16487549971456117,0.21131515012579685,0.31234268450223585,1.2730012514580786,0.38270730175581746,1.1140715093173745,1.4267353230617892,0.08258127147095616,0.07302347645262743,0.147888273492887,0.12653169506847553
2014-07-26 00:00:00,DEHM_noBD,0.15626910401785732,0.19745627071198169,0.37310833139973465,1.6478517098347716,0.7466210032711084,1.688598572895443,1.81740368068239,0.07534021575071606,0.071314777990562,0.155728797952113,0.13257871300235596
2014-07-26 01:00:00,DEHM_noBD,0.15594940221123382,0.17861608104435336,0.44822616104563506,2.00535580276164,1.3585243545390038,2.1828385655003903,2.2403387816843243,0.0724183864305674,0.0818829847677352,0.1661962166689557,0.13610222823149462
2014-07-26 02:00:00,DEHM_noBD,0.1694630671681695,0.15958583468799425,0.5180168836437009,2.332846488063966,1.9669340587313497,2.5938701164524516,2.6616331322349907,0.06883622439401141,0.10843235157403897,0.17114786991694728,0.13833289493125173
2014-07-26 03:00:00,DEHM_noBD,0.1826683451560678,0.1419017727823227,0.5153222302092003,2.6561737585048766,2.5338622129912522,2.9203772771587504,3.0963369403531407,0.06590842082435018,0.13546128266582974,0.17766480984396327,0.1389667898938394
2014-07-26 04:00:00,DEHM_noBD,0.1899713150409789,0.12109702005487108,0.39184048319121034,2.6137747400306752,2.5838728235102693,3.0479336738373415,3.3883629225925045,0.0666574102444846,0.15585743371864424,0.183102701714743,0.13723934667673304
2014-07-26 05:00:00,DEHM_noBD,0.1979972714215406,0.1156270498503117,0.2027412043621486,2.0867737958847528,2.01155466956479,2.756463380326903,3.2971354987975117,0.07038884697899206,0.17913853615343206,0.17749355416352722,0.13501340733334063
2014-07-26 06:00:00,DEHM_noBD,0.2051042733125318,0.13454134277183505,0.15084938237069195,1.7126774902295019,1.5238199457507857,2.6214944371210045,3.0100461548255226,0.07469290302764925,0.1956146466405526,0.1613739250400469,0.1332479200365539
2014-07-26 07:00:00,DEHM_noBD,0.20847505083290613,0.15894236110568885,0.1453222328643852,1.4245244457783475,1.2331546052554878,2.581868397456224,3.1575683827978542,0.07690281546220497,0.21285933968306212,0.14672202438498197,0.13214398838657762
2014-07-26 08:00:00,DEHM_noBD,0.20868978984430772,0.18171302390986865,0.15216988748253266,1.5038060660429176,0.8246523005686606,1.812256874523234,3.1085280809402374,0.07952404380495635,0.22437434836023126,0.1298765767722506,0.1301903924440431
2014-07-26 09:00:00,DEHM_noBD,0.2009485350119461,0.19336346326218057,0.16143069808835953,1.61418791382759,0.5987537072697187,0.9866429836246766,2.141261739017257,0.08044259181420352,0.2177176592927891,0.12619829458973594,0.1272233096493806
2014-07-26 10:00:00,DEHM_noBD,0.1882716896558307,0.19400058320494162,0.16109971753305416,1.555401288526263,0.5879192637195065,0.6857240131213003,1.0120488834298274,0.0846780524747949,0.19266777870351903,0.17049383646012736,0.12070018014616675
2014-07-26 11:00:00,DEHM_noBD,0.189095479670804,0.19738981345788503,0.162086039865109,1.1793599511766573,0.6378616411703824,0.708595492580824,0.36366872698533925,0.09088996265201088,0.16871250576594607,0.24634032898986463,0.11140330068082607
2014-07-26 12:00:00,DEHM_noBD,0.22547228639333955,0.19646942755975447,0.16425455674608835,0.7959725162360264,0.6134533595982101,0.9020432504302135,0.16107597301590362,0.08905198525263136,0.14728184400886754,0.3583276535758666,0.11302549815314468
2014-07-26 13:00:00,DEHM_noBD,0.3164432599557435,0.1782679582417586,0.16328250467690084,0.42311359349898237,0.4982758786833146,1.0889448149608285,0.10764760624151147,0.09646103476542468,0.1098648354377515,0.44251283205862024,0.11706235680279711
2014-07-26 14:00:00,DEHM_noBD,0.3883055578988163,0.17943864340930718,0.15561666555209197,0.18741440263852438,0.5224538811045605,1.0569039924443768,0.09233510031677304,0.12008714982761028,0.0673562196218762,0.4805656753956712,0.12191394585036038
2014-07-26 15:00:00,DEHM_noBD,0.33628341676990736,0.20358525960662638,0.14850640851045924,0.13912597544405178,0.6430049734997678,0.754673473233368,0.07762451369550422,0.16394054286048948,0.040343434208893594,0.5477148926696902,0.13028194530015572
2014-07-26 16:00:00,DEHM_noBD,0.3156729249115241,0.17101826536999018,0.1337430975190899,0.17666695263686583,0.7367603463926982,0.5436522920836491,0.08569634758384073,0.1975267610697864,0.029203856969523743,0.6420428135036675,0.1446908652871374
2014-07-26 17:00:00,DEHM_noBD,0.47646642556901087,0.13264693946048026,0.11809913466022187,0.18473841392526605,0.7554693449496198,0.4681938351931699,0.10562549652685631,0.21503158715305318,0.026368547141110785,0.7190402637445775,0.1544312205311774
2014-07-26 18:00:00,DEHM_noBD,0.4262838242182228,0.158857020530512,0.1628747139010432,0.1558698654072928,0.7074738727352419,0.33103702500687276,0.13530469773491086,0.2267933778680138,0.026923172110673035,0.6805047019605738,0.16693323877628147
2014-07-26 19:00:00,DEHM_noBD,0.5537114527541783,0.16837974279585777,0.1910442426308641,0.1241213748138974,0.804675572411497,0.3607490483324719,0.3618870353965585,0.2502250894433843,0.027352512284575116,0.6187942590640672,0.18209827315214144
2014-07-26 20:00:00,DEHM_noBD,0.6907008198931612,0.22032675750863134,0.21883402612785893,0.4417401011225402,1.0165635836966964,0.8004686144636192,0.9701639182481656,0.2649937313251901,0.028687149692879773,0.5327848954716717,0.19531222630170778
2014-07-26 21:00:00,DEHM_noBD,0.7214201526805584,0.2548161529328952,0.27365926312262834,1.3629034215467632,1.0831257497601303,1.536710733373309,1.6109297386880594,0.26137873694846886,0.034254677480023026,0.45526468997056596,0.2067265207118044
2014-07-26 22:00:00,DEHM_noBD,0.6811258099299103,0.39011080009703863,0.4233003062916594,2.374078575646098,1.2267235036509296,2.295497833889111,2.2572399022711265,0.24665526161099866,0.066438607036331,0.43818594160810004,0.21441257119241286
2014-07-26 23:00:00,DEHM_noBD,0.6204339506159926,0.7985770028899155,0.9301241018268859,3.268101978858187,1.4211204655017702,3.140269972508885,2.819006663783119,0.23318094256354194,0.13356105689052952,0.6439464900149765,0.2176130855773147
2014-07-27 00:00:00,DEHM_noBD,0.5726107298079295,1.2980959695206717,1.5729982871560717,3.835291480447103,1.3769305334164201,3.5236766520752214,3.1989880875652803,0.2385202422738002,0.21274942551129913,0.7212727645749506,0.21783857910732402
2014-07-27 01:00:00,DEHM_noBD,0.5381650796383753,1.8198972629339751,2.1509091701213374,4.140754438250052,1.2836913185437022,3.5489258515756723,3.5184486268510002,0.23023368279387815,0.27357921904427024,0.5333153279944135,0.21564544889136772
2014-07-27 02:00:00,DEHM_noBD,0.5153817590033529,2.3712316375802134,2.7735544863924746,4.304472108237253,1.2349715807211399,3.1560927093063667,3.887286968402242,0.2247866068669192,0.3029749581351781,0.5124574535018764,0.21176780588995595
2014-07-27 03:00:00,DEHM_noBD,0.5018232555617816,2.84397514406392,3.1445844646813574,4.252933926198492,1.1645068261420726,2.5534453812481464,4.582256181040825,0.23863405509365238,0.30979256466374316,0.4935421164108439,0.20622372498149624
2014-07-27 04:00:00,DEHM_noBD,0.47388308549303504,2.8988824146306342,2.9174637579130294,4.021633073416651,1.0454202486348152,2.36061868163039,4.602509167939397,0.23266911645859467,0.3161682136719282,0.4426623792190756,0.1997930064912896
2014-07-27 05:00:00,DEHM_noBD,0.44312232826089126,2.000871353027673,2.012295430670149,3.527175044315946,0.9920935466006399,2.05192574144097,3.2186494843133446,0.17265383054785416,0.3269527793736633,0.3949305859705432,0.19118198621630608
2014-07-27 06:00:00,DEHM_noBD,0.43148299493359155,1.1004507057813706,1.2914642770390086,2.999642811283925,0.9267378151550888,1.6381120835910739,2.355373166643586,0.1034606472237219,0.34539253249072954,0.3735877939589694,0.18287219032935445
2014-07-27 07:00:00,DEHM_noBD,0.44809277909573864,0.7257947177365491,0.8311689447972003,2.3881692654732776,0.9194750553819537,1.4589582667119427,1.8178556076261656,0.14389856664276668,0.39269671772467146,0.327954901081582,0.17380490699306295
2014-07-27 08:00:00,DEHM_noBD,0.48590441704938175,0.5224148772606043,0.5850724257797759,2.1321180222578535,0.9301099665158986,1.3826976690261996,1.6517800909549207,0.23337871831621956,0.4630418734641477,0.3568433704999972,0.1708711892615386
2014-07-27 09:00:00,DEHM_noBD,0.5158128357868361,0.4288242814929457,0.41826846257966,2.1116762219982594,0.9794890262389182,1.4071234283589664,1.6982451917320942,0.2829565834064036,0.5019378119782427,0.45105913936696707,0.17947107934574535
2014-07-27 10:00:00,DEHM_noBD,0.5533265889818406,0.48582169279351806,0.195199792739956,2.184330087942593,0.9826811372932791,1.6197776489643334,1.8036739059140277,0.3361068941313395,0.49269508863755956,0.4723485411738662,0.18870391665074854
2014-07-27 11:00:00,DEHM_noBD,0.6053617893230169,0.6633560500130149,0.14443403013464634,2.1466754965304187,0.9558574311814829,1.656932760818533,1.8979792164512013,0.5040297643856435,0.45322028462728015,0.4187505140884496,0.16763179514754062
2014-07-27 12:00:00,DEHM_noBD,0.653305714456737,0.8485011915465106,0.12208238110969065,2.129136109696246,1.0009612099318206,1.3800949199762371,1.7976958107866023,0.738797266336974,0.3818727747430256,0.31633165401806884,0.13371836826997502
2014-07-27 13:00:00,DEHM_noBD,0.6909438696815817,0.8647309496633004,0.14308342353851058,1.9399120630854776,1.0594714303276687,1.1833200236214674,1.8200496584710262,0.8079049447151273,0.31413502867834514,0.1637808427978479,0.1293313907957883
2014-07-27 14:00:00,DEHM_noBD,0.7268899850898608,0.8800705548745498,0.20743224648264225,1.5351879328220457,1.045869863090627,1.0231603471605735,1.903178141830216,0.76810999525398,0.2826242377776541,0.16186699626530457,0.15358346477046048
2014-07-27 15:00:00,DEHM_noBD,0.6691322825735667,0.4324414710009351,0.24304797575564102,1.1058410044098825,0.9501797823300584,0.9079435789105645,1.7509382091211116,0.749235510852523,0.2896488797140214,0.19852192520141407,0.17853960769246127
2014-07-27 16:00:00,DEHM_noBD,0.6080006506189958,0.19336024878489488,0.28416686202630387,1.0659999895482426,0.7861530172985605,0.9618066544259752,1.4297355397110931,0.7227049866183846,0.33172016801881504,0.26794552591401016,0.1957764996559359
2014-07-27 17:00:00,DEHM_noBD,0.5975299983993008,0.10980909856706061,0.2953920790736981,1.1123031942459138,0.7016170395394368,1.0671028276030317,1.285711555579201,0.5892143320160521,0.366829418885698,0.3440285448099162,0.20155586418968677
2014-07-27 18:00:00,DEHM_noBD,0.5902129837799701,0.0702166719412763,0.2941184319752585,1.0324868478755305,0.8186795470359921,1.143467805757777,1.2627924509126487,0.5223527097123116,0.35033325029462087,0.3493396937255896,0.19925431637813565
2014-07-27 19:00:00,DEHM_noBD,0.572945905304671,0.1252882163962749,0.31206707457680843,1.4354284997279174,1.0261770507149397,1.630633821933774,2.073726164754582,0.518703972378991,0.33434122385458703,0.3524269352426997,0.2089640274329193
2014-07-27 20:00:00,DEHM_noBD,0.5612623965903867,0.20825504196953554,0.34347774286957933,2.2379153266476424,1.308051321321493,2.262537578265227,2.608582035571695,0.5419179221666408,0.32270056120267027,0.41681317521727035,0.21556311521199434
2014-07-27 21:00:00,DEHM_noBD,0.56385085152244,0.3580112921209833,0.4455366370405914,2.9369865373983868,1.4507809462730772,2.468907893417494,2.891703950350158,0.581846820153199,0.2762963162804789,0.49970929475706843,0.22227156958086491
2014-07-27 22:00:00,DEHM_noBD,0.5994247276463778,0.8441841090529414,0.6268263342366507,3.2398868106834806,1.5745379484497755,2.516155509240138,3.3587868280477475,0.6028284001451918,0.2313773068467208,0.5529867882299837,0.2312917803285671
2014-07-27 23:00:00,DEHM_noBD,0.6322731596341263,1.1218346856888344,0.5921367763916074,3.477282763612302,1.6408681319817155,2.6896425682430007,3.787855312131666,0.5175316354081733,0.22596138351970452,0.5817805041627357,0.24352424079068413
2014-07-28 00:00:00,DEHM_noBD,0.6601589222223259,1.3160198849448692,0.6715547029155282,3.69937021984693,1.6352072159606963,3.066462328610422,4.27159304912697,0.43764435685066266,0.2567139657293145,0.6199561560502826,0.2586592563660888
2014-07-28 01:00:00,DEHM_noBD,0.6995915332770952,1.4025928384450839,0.6765034279459831,3.892117516791545,1.6187845359624735,3.581607392748359,4.811604042185817,0.4174876315277592,0.41729237095646554,0.7321713896139999,0.2797475479887333
2014-07-28 02:00:00,DEHM_noBD,0.741725758226158,1.3671039357438683,0.5403790819285553,4.089025532471535,1.6496031821364352,4.270047504869776,5.148994822577375,0.43345423477489015,0.5634718002692051,0.8516496286145685,0.301594724323693
2014-07-28 03:00:00,DEHM_noBD,0.7597564524916315,1.2401913781495673,0.4802775419270352,4.191887373824795,1.8164384384367707,4.591542345289257,5.408029880867017,0.41863918696083585,0.6014831978290154,0.9612051913140385,0.3208434427915793
2014-07-28 04:00:00,DEHM_noBD,0.7268036609709402,1.0977246570118422,0.46826772841900777,3.4750018452775246,1.9087905432867074,4.15070623077732,5.084160918118672,0.39116851624615245,0.5566527989307046,0.892785646253028,0.31881385477436225
2014-07-28 05:00:00,DEHM_noBD,0.6914802697126053,0.931673356267456,0.4685925865651735,2.76145598228702,1.9490299258310348,3.539491656443188,3.5918943135610233,0.3657447099917242,0.49368866206012657,0.6135737420939825,0.304886516620824
2014-07-28 06:00:00,DEHM_noBD,0.6685650157491628,0.8272227846226912,0.4746787785408186,2.2259217689082305,2.0246145248110174,2.759665500265269,2.5857372080953747,0.32707277092401854,0.46370748835913833,0.558794297049939,0.2977369229967612
2014-07-28 07:00:00,DEHM_noBD,0.6464723879519104,0.7493618322253728,0.4468877351292734,1.86283974101761,2.0367679269797216,2.5255039536954715,2.146827586830933,0.27756949448893997,0.4442108316360041,0.5688673250205277,0.3030303979215909
2014-07-28 08:00:00,DEHM_noBD,0.6231112314804363,0.7021915880046598,0.43998591036046836,1.7784808407026256,2.096807604728546,2.2424340108568463,2.0659525089702724,0.23685140147525569,0.4042607286811898,0.5780680617070058,0.32833654323796846
2014-07-28 09:00:00,DEHM_noBD,0.5990814354747533,0.6535632172031053,0.4414592503756144,1.849806178609692,2.0700491690340126,2.0918484770698944,2.0582923361989693,0.2113523061656508,0.44352761887854886,0.6004231788428266,0.3705909793157433
2014-07-28 10:00:00,DEHM_noBD,0.5492322691570221,0.5959922618460491,0.4470983113254512,1.9275255417928547,2.1213069397597946,2.13022679997479,2.142066054847726,0.1923011028522275,0.4711064636226742,0.626949310491511,0.4085987686587846
2014-07-28 11:00:00,DEHM_noBD,0.5561436070433444,0.5180023321046157,0.4411804195884056,1.9458092603218535,2.0955930917431878,2.196191946450075,2.187360190065749,0.18491774300655334,0.41845502071458834,0.6217918342920625,0.40075668537109727
2014-07-28 12:00:00,DEHM_noBD,0.6337574083890114,0.403856326577462,0.44614853134073307,2.000421490048928,1.9395531110953215,1.997964838980328,2.336832399290636,0.18840010230130969,0.3882658536678179,0.5869806493339127,0.35639007841900794
2014-07-28 13:00:00,DEHM_noBD,0.6749299362610279,0.36693594588491235,0.4714379820311301,1.7858806394152027,1.7799364280743128,1.9036499938566833,2.3771389049381364,0.18990125959070844,0.4202260683862259,0.5565905645311409,0.29464076796465377
2014-07-28 14:00:00,DEHM_noBD,0.4692747995869629,0.3119463623596768,0.48656019138378076,1.4129643549694848,1.7333118188701313,1.7713810750550345,2.3864143459199485,0.19193861662915887,0.40520775307846024,0.5496070302667381,0.2500700613223621
2014-07-28 15:00:00,DEHM_noBD,0.47841058034582057,0.2860515098171761,0.4739235485225043,1.45872201970754,1.8254517019116576,1.6617812864365926,2.0781363151751124,0.19266113443021649,0.3647837952001158,0.49783548639981445,0.23299846034748004
2014-07-28 16:00:00,DEHM_noBD,0.4961409402360917,0.29565296947898917,0.4510924230238654,1.3796966474572594,1.6930448217326264,1.6045366111345012,1.8713058227016088,0.19182660249839992,0.3981612878088676,0.4771272191974151,0.23191017308583178
2014-07-28 17:00:00,DEHM_noBD,0.4867949330738699,0.3685717848890939,0.4511761244569207,0.9789253980450952,1.5849075642608945,1.6355126451827786,2.0049834798468575,0.17207235134086687,0.44861807256456343,0.5130828286468887,0.23051912423663365
2014-07-28 18:00:00,DEHM_noBD,0.5040207208033222,0.4354429382302725,0.44806810630367827,0.6324027653534361,1.2801234050005323,1.5766472050808376,1.8356716402329787,0.13554775196356667,0.4862713588651929,0.49782062147597933,0.22554910008294657
2014-07-28 19:00:00,DEHM_noBD,0.5620472165376724,0.4239170624244167,0.46155732300045427,0.5138779548552896,0.8755551772579864,1.285917767439797,1.6673935329815635,0.12448475462941826,0.5460000432365613,0.4688606031709141,0.22860194899957031
2014-07-28 20:00:00,DEHM_noBD,0.5920063082251763,0.42776713613299716,0.49525814439479715,0.6683491700780333,0.7344932641804253,1.333273603399109,2.246794552673224,0.14196838642851217,0.5788606787705544,0.4320107491942542,0.23115325566571232
2014-07-28 21:00:00,DEHM_noBD,0.5770302278417145,0.5207260471221856,0.5142269175927712,1.6371484134862286,0.7990063751693303,1.4064300963037408,2.0270315448298137,0.1631876496253701,0.5761913443417847,0.396656457828991,0.23220443096338747
2014-07-28 22:00:00,DEHM_noBD,0.6290409556162876,0.782320775957249,0.507349968486959,1.8116664111438228,0.9047994368555909,1.3362445207421505,1.7666530738870605,0.15955375021918783,0.5847682775062321,0.38457933412276196,0.23154984901620523
2014-07-28 23:00:00,DEHM_noBD,0.7332246577769843,0.8675562058699666,0.5232833335997443,1.7208353293663798,0.985392971833432,1.4834392893136488,1.76326792935521,0.14436887251838573,0.5044825610415636,0.3839378015867275,0.23363498485128445
2014-07-29 00:00:00,DEHM_noBD,0.7299026559932994,0.8068864689632761,0.5332126431995071,1.9324977733011413,1.1179126166828255,1.6510979555091705,1.9931982909662842,0.14255962895906316,0.4687127168277092,0.38596588331310683,0.23932713079541879
2014-07-29 01:00:00,DEHM_noBD,0.5722526112990359,0.7804450768171856,0.5386013915542512,2.3712137234223065,1.19635875117355,1.809983312056926,2.499343260668451,0.14480553591475395,0.47696299541171633,0.4260670148078194,0.24440007419378862
2014-07-29 02:00:00,DEHM_noBD,0.46225768503121556,0.7289096837359538,0.5352510686501115,2.6837862029154786,1.1395535900270752,1.95577870003236,3.0577952426074546,0.14016484361775908,0.4930599789519421,0.49864204249319843,0.24636001510342628
2014-07-29 03:00:00,DEHM_noBD,0.4637300540136359,0.7213987786813567,0.49583309142183507,2.9105310788158794,1.128227187814163,2.1333385218860674,3.3706848189902816,0.13029942829927874,0.5056291642163694,0.5369931464517907,0.23692495644371647
2014-07-29 04:00:00,DEHM_noBD,0.5066428060513268,0.6820476494188084,0.47350186031028624,3.008750638105944,1.162491351376148,2.1516000309713066,3.4147474062608696,0.12030199535151467,0.5025130495729295,0.5029892415070593,0.20966018494785701
2014-07-29 05:00:00,DEHM_noBD,0.5345279843154922,0.5974559141959715,0.44991415220394726,3.0194834156689234,1.163822601411799,1.981770246148766,3.3594782559889835,0.13497876865774847,0.5196809959799049,0.42157870528335695,0.19525376157726734
2014-07-29 06:00:00,DEHM_noBD,0.5663863663003615,0.5335491078339563,0.4234582667989655,2.9815808290745784,1.0644952413525106,1.9315833681202785,3.1401461094455723,0.14349675780568483,0.5797280409087986,0.397501376173449,0.19229634165968235
2014-07-29 07:00:00,DEHM_noBD,0.5694117870384587,0.46389731062721884,0.43744849649492645,2.9426746043535186,1.024387630503494,1.854530887171343,3.0046740557317015,0.1433929039139567,0.6327415613121538,0.38384182114808346,0.1973189257121369
2014-07-29 08:00:00,DEHM_noBD,0.5561003035209336,0.41159942172050357,0.42870853477176263,3.1584625856971207,1.0158207334438127,1.7865788523586144,2.8889161467190876,0.15356586627208244,0.6206533484054356,0.3759359338529244,0.20907224660497326
2014-07-29 09:00:00,DEHM_noBD,0.5302928856987738,0.3635264002907278,0.38121293983144666,3.1555385495165584,1.011278153897091,1.7682827704005244,3.018733955265235,0.16932212953276551,0.540593540615961,0.3681940839393984,0.2106345825055211
2014-07-29 10:00:00,DEHM_noBD,0.5322534438866748,0.34538332907219943,0.3622694347483338,3.0910794248835964,0.9928601656669308,1.7607474093534066,3.1150774484344224,0.1799599584703228,0.4727757150651142,0.35541196841050804,0.20146159214744144
2014-07-29 11:00:00,DEHM_noBD,0.5001571316999383,0.3028816081075471,0.3764445953658689,3.184623516994791,0.9827908458167756,1.7034386260837184,2.836344561237725,0.17988491390793113,0.4215490696145127,0.34806850647603965,0.18638783481223423
2014-07-29 12:00:00,DEHM_noBD,0.4681814108264248,0.26524989687079653,0.37017324868323276,2.715746590507398,0.9492058849543124,1.6808316311450506,2.188838085002792,0.1701572452772967,0.3761373739359899,0.3512731831616092,0.167463050087686
2014-07-29 13:00:00,DEHM_noBD,0.43222855432851387,0.234911109991454,0.36342815104722964,1.7338192861517643,0.8184021646512765,1.5269855020179874,1.6278518182459212,0.15167140227788115,0.3329092504903021,0.36582385809940743,0.15329570681957277
2014-07-29 14:00:00,DEHM_noBD,0.3838350476295657,0.198119206778423,0.3712591051829604,1.218430341948522,0.6652694419690919,1.2061505404037502,1.505217362225398,0.13260963731800193,0.29561896968977047,0.4045592891929973,0.1441522219099714
2014-07-29 15:00:00,DEHM_noBD,0.3638897900652707,0.1990592155841787,0.3814449881397932,0.9539867851062551,0.5573440417111152,0.8599941971459495,1.1732934578753467,0.1272662588708381,0.265034653733801,0.42107804131539994,0.1399640598720082
2014-07-29 16:00:00,DEHM_noBD,0.38931781012210703,0.22833488329232024,0.3654287537893652,1.1010895083782615,0.48498693044423113,0.6476355641535442,0.7578292710564065,0.14042250392393907,0.250269013535357,0.40511996252871324,0.14174441655282222
2014-07-29 17:00:00,DEHM_noBD,0.40850729439520067,0.2522152988368533,0.3502451379219441,0.7487685434671549,0.4364048550820048,0.5212898268289797,0.5080931619917559,0.1618982820668138,0.272363213228511,0.3945787225946608,0.14648683540740842
2014-07-29 18:00:00,DEHM_noBD,0.38049829998837814,0.2707353996406885,0.32785517980054,0.4466146674503092,0.38221195818280795,0.46829208482716955,0.4320665930482028,0.16260471757631853,0.30960378609403266,0.36347679653170645,0.15599222045306974
2014-07-29 19:00:00,DEHM_noBD,0.3386354987158874,0.2768269782865081,0.30380411545112723,0.3971477144314152,0.325165514182602,0.45027842072448815,0.4561050048129376,0.14340749688665544,0.34568846321213287,0.3246559130332001,0.1738845512653515
2014-07-29 20:00:00,DEHM_noBD,0.31213740076088875,0.2788406636332969,0.30486271620484057,0.58803038045782,0.27843645237235337,0.46809281423677646,0.7181769655313623,0.14548656205108038,0.383236669195377,0.30060089283733477,0.196338078332805
2014-07-29 21:00:00,DEHM_noBD,0.3255305343408006,0.31990465534450424,0.3194410755687065,0.7968208181240726,0.25082517056136144,0.4462753428987041,0.9461671540291381,0.18087073852526925,0.397774081506378,0.29272322605724976,0.21979222683049487
2014-07-29 22:00:00,DEHM_noBD,0.3503323746361279,0.4339808517277931,0.35930349221556507,0.9399542451926798,0.230642376625689,0.42439085732971316,1.1309578478435234,0.21779741261310173,0.37832743561366905,0.286944893160078,0.24670211375927456
2014-07-29 23:00:00,DEHM_noBD,0.3328841857123862,0.5477085867648745,0.42572166897239444,1.0495406765384063,0.2245389331171195,0.42955846060783687,1.2658295597441378,0.23708767603698408,0.3570261020479815,0.2776445569410814,0.275575962340431
2014-07-30 00:00:00,DEHM_noBD,0.3236546926796453,0.5824961996792324,0.5014917897955193,1.2177804828782637,0.21289860401526312,0.4305588244979819,1.3736018342274943,0.2352016609125967,0.36197197653817126,0.2703263711102035,0.3007151274023366
2014-07-30 01:00:00,DEHM_noBD,0.3130204580018999,0.5512143499072988,0.5398897911463386,1.3696512435878048,0.1958941169354854,0.4604222270477989,1.3973955863240832,0.22839894087687296,0.3677360477379866,0.2680773143661987,0.32802552896392867
2014-07-30 02:00:00,DEHM_noBD,0.3105540431394107,0.5567668734596622,0.5825641553489025,1.4572289753773624,0.19300925164723057,0.4759379799277026,1.4096860400232067,0.24611954333213615,0.36499157358149725,0.27456018201796073,0.3716393671214393
2014-07-30 03:00:00,DEHM_noBD,0.2981656758959611,0.6074630526814155,0.5763120593469031,1.4977219668037436,0.227696632694418,0.5000560122551786,1.3851898475712647,0.28131646451636905,0.35734277473648535,0.2768752787558816,0.4289853411645813
2014-07-30 04:00:00,DEHM_noBD,0.27904214225113466,0.5770643645519948,0.5502478183308429,1.4116716992608973,0.31126933742887103,0.506149814245664,1.2518842557678314,0.295201712455131,0.33099496659855293,0.27293356670231794,0.4728682324949651
2014-07-30 05:00:00,DEHM_noBD,0.2668589996679249,0.5187554542647732,0.45594850514619134,0.9307893804788991,0.3578507194526096,0.3716207999036797,0.8261768789838018,0.2757193046534408,0.32367294771193716,0.2627666056785892,0.4983737569525278
2014-07-30 06:00:00,DEHM_noBD,0.26360095888142826,0.493881063875521,0.42781716342381665,0.48404844348834425,0.30687804419397363,0.24326724504635255,0.4209249802593946,0.23807558332998524,0.36417407634638943,0.24991655478842148,0.5328152378560322
2014-07-30 07:00:00,DEHM_noBD,0.26320921288704346,0.49622683000783246,0.4452890365497395,0.32620758255832216,0.3348240438678719,0.2778944337882251,0.27382824366907865,0.1987449599364561,0.3930612825247551,0.22920975846155003,0.5648451030983681
2014-07-30 08:00:00,DEHM_noBD,0.2633676730569576,0.4580155950306518,0.4179931553329573,0.32182363622114685,0.4138682943714502,0.3625818905037128,0.44888311893296307,0.16275742925751943,0.4035857252063042,0.21001742808904184,0.5675796477548484
2014-07-30 09:00:00,DEHM_noBD,0.26576610887140883,0.4180186726525111,0.3955602448751404,0.5484873023988543,0.4832944025913811,0.6313419933767614,0.7333377487253887,0.1239037291567632,0.3811928258878736,0.19726751341634136,0.5448898711553805
2014-07-30 10:00:00,DEHM_noBD,0.2733762437448108,0.4109509633694827,0.347166496563626,0.7791886527148553,0.507363942314107,0.9316590486370213,0.8659123836706495,0.098240371528021,0.36058212296018366,0.19403393484132103,0.5160660827469655
2014-07-30 11:00:00,DEHM_noBD,0.2848350527713591,0.38104861643442006,0.29227065315923884,1.0143863814929097,0.555129488770645,0.984670530320406,0.8202670122719393,0.09040063394519816,0.34628560917606577,0.20220078209829015,0.4764570704952518
2014-07-30 12:00:00,DEHM_noBD,0.2889390628737593,0.34191118055828496,0.2613081857221555,1.0257726113517578,0.495788433719985,0.9035096775329019,0.9386657452336118,0.0980274270803702,0.3637933865908439,0.21346416118605066,0.3904986979895831
2014-07-30 13:00:00,DEHM_noBD,0.2832047196409731,0.29604145258336545,0.24235292375158035,1.079969071186807,0.40052812451854336,0.8308533576683979,1.1788894712970137,0.10931994699108405,0.39374075109324413,0.22361469666204126,0.3093208530581698
2014-07-30 14:00:00,DEHM_noBD,0.26878938052394874,0.23566227015655944,0.2090314954061061,1.2431685211040557,0.36401724667349816,0.7069635968501865,1.2914498885672085,0.11248935657408772,0.405962672134051,0.24349588294969413,0.2797350849067831
2014-07-30 15:00:00,DEHM_noBD,0.2591085424684946,0.19790126174308417,0.18031144988798056,1.3114901502728655,0.34798100884180494,0.5338258217491114,1.1003343288770357,0.11247539287840475,0.40476045942009653,0.24259387752461867,0.2984788691415439
2014-07-30 16:00:00,DEHM_noBD,0.26476279044928663,0.18287624302598163,0.22890810606773693,1.2692846519230288,0.29653893779614926,0.45417556214846666,0.796039090811857,0.11258848863364539,0.367671507096865,0.21721044159273287,0.30992846084687775
2014-07-30 17:00:00,DEHM_noBD,0.2830380645369561,0.16632657879948254,0.24787974236243399,1.0014914362999654,0.23803442761123164,0.3986485760561492,0.5193881966880194,0.11107581273606437,0.3428599109698504,0.22573843756484896,0.3086077820271273
2014-07-30 18:00:00,DEHM_noBD,0.29070006363248524,0.1540775420786518,0.21898984986155753,0.5849268911809946,0.2249059394060493,0.31438926918150234,0.37990038426635,0.10977621103188193,0.31029190260990164,0.26097559350949645,0.3012729571912164
2014-07-30 19:00:00,DEHM_noBD,0.29404958799014586,0.16349749323029086,0.18764392528876642,0.4581034749647941,0.24029409125257273,0.30716557846068315,0.45273461778329416,0.10308198011933348,0.26820131785380985,0.27710738450078526,0.2836374169643197
2014-07-30 20:00:00,DEHM_noBD,0.3071442642373398,0.272061203306762,0.13881641681404297,0.7418483835851999,0.2987751578838003,0.490995885799865,0.7422846855659406,0.09848344688168327,0.22161525592611345,0.2812341735450653,0.26789981607701585
2014-07-30 21:00:00,DEHM_noBD,0.2782023500778002,0.3196248190377302,0.14751781485102827,1.0076377379391535,0.37112154402001285,0.8372913791863937,1.0226823461850112,0.1006442858881457,0.1844579093590151,0.3146862966100701,0.25968247154533225
2014-07-30 22:00:00,DEHM_noBD,0.22073869713502076,0.2941963446720584,0.15184585249252955,1.3149442209672055,0.4813393083007237,1.2147559068283915,1.2869867311307877,0.10765891309977509,0.1762076021885708,0.45318844006232634,0.25332717853017384
2014-07-30 23:00:00,DEHM_noBD,0.19568196081169592,0.2218854851471666,0.16011866453731247,1.5720287543501272,0.6717165531520941,1.6201096105510204,1.5134390405062548,0.118181871714118,0.17225098379657122,0.7375561052715405,0.24703655057401966
2014-07-31 00:00:00,DEHM_noBD,0.15807303159371294,0.15665573106474184,0.23080204514537464,1.7965218740389375,0.9452211583061771,2.0533612385397335,1.9316903337352211,0.13078329094009297,0.17686513893183306,0.7608986709662213,0.23575163344523836
2014-07-31 01:00:00,DEHM_noBD,0.1851785391564283,0.17394541058764762,0.3098415987225808,2.0965950628566774,1.2300396985519049,2.4989773820643046,2.579592961744425,0.14841194520762552,0.20565550465162832,0.44632603429344947,0.21703607823837695
2014-07-31 02:00:00,DEHM_noBD,0.1984187221958906,0.19594059728159707,0.3531611699777839,2.579255403741323,1.55155533243075,3.2889791908375834,3.349058836498247,0.16473937730955523,0.2357015169658138,0.27318424440527317,0.19538744610219524
2014-07-31 03:00:00,DEHM_noBD,0.21794854003180034,0.37123825521522197,0.3442892462534642,3.1900289359246137,2.0564761227161252,5.054542342565283,3.943122723428558,0.1555116290127869,0.2513283241819962,0.19357816654661525,0.17274849224743163
2014-07-31 04:00:00,DEHM_noBD,0.1986437132399807,0.4124192436370393,0.2823237220959411,3.4380257265141934,2.3923116116688448,6.251737584548702,4.025606038030147,0.13903107177916207,0.2684847107084467,0.16561921605032517,0.15035628513285532
2014-07-31 05:00:00,DEHM_noBD,0.191747867019216,0.37799881572754346,0.24235436776147096,2.934995321734549,2.1361424199422845,5.4446638687838105,3.8691495858728326,0.14192969625249255,0.27179842088062295,0.1972475869347044,0.13254891185513923
2014-07-31 06:00:00,DEHM_noBD,0.243620297645931,0.29295943812902653,0.23925258996056853,2.366647597001881,2.2359824021923473,3.6629285036286996,3.5868236022315765,0.1486208093415889,0.2592626815318688,0.2278841406325971,0.11841131950305066
2014-07-31 07:00:00,DEHM_noBD,0.3087009421480446,0.25084260491803567,0.2541264741766824,2.0232519787625662,2.5681681312797453,2.6686137071505187,2.8220321569198745,0.13587003033194084,0.2366815774997323,0.23754726259846237,0.11060287741307862
2014-07-31 08:00:00,DEHM_noBD,0.3703502381588144,0.2648280860162909,0.30028483182577054,1.8306148986865078,2.435861773198969,2.2954203893162544,2.222021484947016,0.10795623154915937,0.21692389917142674,0.24809573324834913,0.1108651410374545
2014-07-31 09:00:00,DEHM_noBD,0.3835342972240782,0.23323350862656772,0.29492444578184035,1.9182360421911289,2.2874869914350846,2.328197665489493,2.095962575218412,0.07896630402516076,0.21948596760274833,0.2844714770289881,0.10959026846973909
2014-07-31 10:00:00,DEHM_noBD,0.39552603276528403,0.22058429863248538,0.2833350095994025,2.0619731032483606,2.0332571266093478,2.6507556732953157,2.308724574173782,0.06817925350401335,0.2725884496542624,0.2864771441917865,0.11140620395002171
2014-07-31 11:00:00,DEHM_noBD,0.39610245318691223,0.25813547114573293,0.27906374149799096,2.1399608214394608,1.673861404736582,2.8294114083789013,2.5553921855324506,0.06642090479935712,0.2876002171690295,0.3043390724646951,0.10937625130363038
2014-07-31 12:00:00,DEHM_noBD,0.3180414979678624,0.2769584106326288,0.2738262921409774,2.2861286464105968,1.606142729186788,3.0526348189456947,2.762564247472579,0.06814344098517222,0.2539546535259042,0.28460438306864333,0.10943284017312276
2014-07-31 13:00:00,DEHM_noBD,0.2687800932369146,0.2542043902024537,0.25240230899113053,1.9776119240441845,1.5862797499018908,3.2694630478168465,2.567040960944826,0.07279212408560955,0.23989019580838383,0.2585257036106124,0.11054776920884024
2014-07-31 14:00:00,DEHM_noBD,0.21252598335871467,0.22822775864753406,0.2372457906281528,1.8165003701048867,1.4792282367761247,3.0165117162710806,2.3565693790277136,0.08021795014670366,0.20493049000543762,0.24645588359293052,0.10816865741618753
2014-07-31 15:00:00,DEHM_noBD,0.20399853534060988,0.20698283466556566,0.20809760074699515,1.7610659709193284,1.2137017145444826,2.8406048358929294,2.143472932626345,0.08361646650709188,0.13555667883619646,0.23810381751315185,0.10658214607404858
2014-07-31 16:00:00,DEHM_noBD,0.19199421469058367,0.18899712440466046,0.20914715954376892,1.5930354163406677,1.0194056082327292,2.5561548637005687,1.808024061406186,0.08268388596116875,0.1253824999132006,0.2094457972044371,0.10599399160174587
2014-07-31 17:00:00,DEHM_noBD,0.1907671677542616,0.16907570524974633,0.2704555942203462,1.2570898154548085,0.9587464572396828,1.671555490656359,1.534169483259686,0.08288026765584909,0.1381004054845589,0.18256567442029456,0.10504958976035367
2014-07-31 18:00:00,DEHM_noBD,0.1966467240133531,0.17460069159565356,0.367395333376915,1.075190991133271,0.8980228557703738,1.3069562793975882,1.6245044158562512,0.08524483471332354,0.12711290473912826,0.18592747480401492,0.10319617423290879
2014-07-31 19:00:00,DEHM_noBD,0.2094717722155025,0.20087670403352578,0.443150507204274,1.880198877108704,1.045924333107511,1.5326561013763518,2.573107788904859,0.08493288946175442,0.11769933832776541,0.19565413716752178,0.10201412395591215
2014-07-31 20:00:00,DEHM_noBD,0.22854790065832079,0.2476778788166095,0.6610989266595617,2.3072708770624493,1.1209416722532826,2.646126017148349,3.207915018198068,0.08414728016584239,0.12907063904402133,0.21010730966266966,0.10206031079320793
2014-07-31 21:00:00,DEHM_noBD,0.23761732770123975,0.2972623232487007,0.9597175188926468,2.5770616094974907,1.3208945757313781,4.188330751656757,3.779893590627919,0.08581806903916414,0.16695486715647817,0.2216345701329599,0.10275058379060575
2014-07-31 22:00:00,DEHM_noBD,0.23302078899991796,0.4357276240187159,1.2147475741613656,3.1527658033694514,1.8196556821343277,5.699195968531368,4.135642029177115,0.08908672594202513,0.1963064132248134,0.23052596370483697,0.10489766813599931
2014-07-31 23:00:00,DEHM_noBD,0.2353718743454245,0.5579249106486405,1.1698740823633549,4.363156783885704,2.310231104375728,6.963613638940096,4.245673896251032,0.0933457305010504,0.18877024826991073,0.23436597420242608,0.10524088392682122
2014-08-01 00:00:00,DEHM_noBD,0.25437352170443966,0.9989505370109647,0.8750241479432088,5.643038464362343,2.8117721525030905,8.132671114377287,4.565731423898803,0.10152244926396953,0.17414208131547862,0.3204913850912157,0.09895874908311662
2014-08-01 01:00:00,DEHM_noBD,0.4301616559861269,1.8850262467587455,0.8129934025093172,6.798614487767795,3.3494330620043864,9.323774735350325,5.529551299976768,0.10621243889006202,0.18224163544976743,0.6188501175071105,0.09259029469324251
2014-08-01 02:00:00,DEHM_noBD,1.03570464389919,2.2262212504259593,0.7986589116853657,7.378784505869836,3.762519696166237,10.48410599152663,6.918704401311087,0.11182623767304226,0.25058826551659347,0.9387944529449572,0.08951577848616861
2014-08-01 03:00:00,DEHM_noBD,2.0094489853494903,2.406704076836662,0.6561303330960511,7.324475127211253,3.9992847727458845,11.520647904124962,8.507417617331585,0.11258901499100932,0.3976173361258555,1.191882251743056,0.08857480114136843
2014-08-01 04:00:00,DEHM_noBD,2.6832225042997764,2.2331149228601532,0.5715928570163121,6.8846881745556106,3.868407341971721,12.064103395122308,9.44480130139311,0.09556240047911199,0.5626498757026378,1.704789061923896,0.0955837965621452
2014-08-01 05:00:00,DEHM_noBD,3.2178652504786776,1.4558254634920602,0.5043768845731293,5.912504164945195,3.0508308793441183,11.519010934375357,9.21531515929972,0.08341765942049377,0.5674449967235605,1.9488423323794957,0.10834025955655541
2014-08-01 06:00:00,DEHM_noBD,3.2681359184049956,0.8823826323588968,0.5480864869965564,4.972875734062685,1.716318938634619,10.296399106923202,8.239832491299984,0.08993536712058811,0.5980235122001821,1.9520130611499817,0.12687221940018453
2014-08-01 07:00:00,DEHM_noBD,2.9827490716083904,0.8056620268662529,0.6043399655276513,5.4864375270318835,1.1293883539254124,10.023531565245923,7.581978655553558,0.10767743747232929,0.60369966912869,1.6303457275368647,0.1589163586337304
2014-08-01 08:00:00,DEHM_noBD,2.15784556846363,0.7659750312866199,0.513895753043415,5.014466574569811,1.515232077956996,9.789993692845066,6.5392358157727575,0.12903673417512315,0.5500525615912104,1.1246762126130703,0.19016962236552712
2014-08-01 09:00:00,DEHM_noBD,1.444063302939087,0.7050716693429555,0.6749628587234391,4.424833256724234,2.2501036063391715,8.788487327398059,4.5852729606070675,0.1594845518571835,0.5088391000210493,1.279647509749392,0.22966902924867807
2014-08-01 10:00:00,DEHM_noBD,1.2146343042122432,0.8537798628047341,0.9469243064713245,3.1463377005296107,2.864291006337935,6.7636984140328,3.3455366221832676,0.20384344118591388,0.4883626671354006,1.8834080962605753,0.27732797629871403
2014-08-01 11:00:00,DEHM_noBD,1.18653468830029,0.7889836794227035,0.8111120851330271,2.297629963064636,2.964305015326403,4.789420259524766,3.0549623128992462,0.23625719084003924,0.535895907768337,2.3771658042878707,0.3262208537092711
2014-08-01 12:00:00,DEHM_noBD,1.0904679820721992,0.7781686084327508,0.655062362572588,1.8819185037879855,2.7819007967091727,4.254636517892504,2.7221560469881982,0.26693088996143066,0.5981563998754788,2.625185058292825,0.3413871270461263
2014-08-01 13:00:00,DEHM_noBD,0.9639731891983863,0.9108760855393856,0.5503994383941753,1.643683122576596,2.6853657236159405,3.932359091011081,2.718287371876807,0.327689277702961,0.5682504709239257,2.4805111714677714,0.3413569293868064
2014-08-01 14:00:00,DEHM_noBD,0.9706779846786009,0.9574881127371843,0.4950100821067742,1.5823594564443928,2.5496097837555594,3.5581168555835356,2.5690229040314514,0.40350784423937075,0.5311387047209938,2.171051955031402,0.32667030734749614
2014-08-01 15:00:00,DEHM_noBD,0.8712113436617888,0.5530688741176365,0.5096051728728023,1.5044337220371806,2.294612481838362,3.2967341223491684,2.0932295651163955,0.46738721607903,0.5662072406736015,1.8291262079941124,0.2897676619739456
2014-08-01 16:00:00,DEHM_noBD,0.759117683001071,0.45574807358399727,0.5828712537211813,1.383072640324976,2.254108662539497,3.09803472904676,1.0156617120887015,0.528708824134469,0.6805485643721015,1.3148418422677772,0.24901426478809846
2014-08-01 17:00:00,DEHM_noBD,0.7400441770154266,0.5429891312900563,0.6496827658258838,0.8908632393132027,2.5347642503466457,2.7829536731119164,0.47165813642589466,0.5995170394437386,0.8761490159070661,0.8262562721786519,0.2305319204816422
2014-08-01 18:00:00,DEHM_noBD,0.6081257690001393,0.4743270219467403,0.7370234937322578,0.7742638808285481,2.8889737595267104,3.214777328256317,0.7908204386510289,0.6758250591505877,1.0613541979648402,0.6852302516548091,0.2230993307826898
2014-08-01 19:00:00,DEHM_noBD,0.5413767752111791,0.5280740080308486,1.1598799588758426,1.6866609322163129,3.6000530896135237,4.937770447825571,1.7077746221645003,0.726598198594946,1.3985668030823701,0.5986811206064399,0.2245209541801885
2014-08-01 20:00:00,DEHM_noBD,0.5020085099804229,1.1069197376473614,2.460943554557769,2.966751581118599,4.898851814007237,5.622854646715884,2.6196040214247596,0.8269287673134206,1.609192440565465,0.5511801823956556,0.22887634631847245
2014-08-01 21:00:00,DEHM_noBD,0.4660353303940925,1.1059035262627919,2.5291576950938452,4.2664310994071215,6.100924879138844,5.389869475549305,3.4490180343268415,0.8543739763711975,1.421903261244883,0.610974735897379,0.2337904692661321
2014-08-01 22:00:00,DEHM_noBD,0.48376357375157175,0.9448027830104058,1.7891056846393345,3.6333641548386058,6.508777433423788,5.306730603726767,5.099434481235273,0.8186028740952139,0.7816484238335483,0.681521136067738,0.23664373232744781
2014-08-01 23:00:00,DEHM_noBD,0.5104568846923812,0.8063725139471312,1.9771540178711482,2.618182840969789,6.425572503631958,5.5674662306550085,6.463566331205396,0.7525473287363257,0.4223516688840443,0.720941330224205,0.23839111892768958
2014-08-02 00:00:00,DEHM_noBD,0.4951887609221285,0.6004415793665991,1.6638302853402898,2.211167507832876,6.238598480055978,6.018774285280198,5.414427811234347,0.6722313768739252,0.3834424365371457,0.6786377919201996,0.2407684758852667
2014-08-02 01:00:00,DEHM_noBD,0.4537041420792449,0.45077938426940656,1.600588455535057,1.575288532937974,6.139619330373126,7.250848778850232,4.5923220441488874,0.634845704241693,0.4072606759847684,0.566152753701016,0.2466724917069479
2014-08-02 02:00:00,DEHM_noBD,0.4151800846463423,0.4435016445745933,1.6357671622430616,1.1656514673471763,6.136588139941655,8.189125488093772,3.676394322996594,0.690577876573652,0.418786025086047,0.4668356972857115,0.2578718470731281
2014-08-02 03:00:00,DEHM_noBD,0.3868021514890389,0.4435304575570608,1.822464115793674,1.1043344771464065,6.919720077018186,7.8722252273764735,2.9418773108579153,0.8090662570508569,0.4160892278057623,0.4078528463845285,0.26817609105740753
2014-08-02 04:00:00,DEHM_noBD,0.3713282412114296,0.4059118510739238,1.7330179839324864,1.1038639511886623,7.956668249451393,6.287108522586365,2.6447182418170923,1.0904542720946295,0.40408785750797355,0.3409040475624511,0.2606119488793156
2014-08-02 05:00:00,DEHM_noBD,0.33862641230473395,0.35577131607686696,1.2000323465622365,0.8190875520534353,7.2388184142111465,4.481346554715601,2.122866363114077,1.2307325095691533,0.37917386985053536,0.28999880603287725,0.2505757808265594
2014-08-02 06:00:00,DEHM_noBD,0.27154488079263933,0.32442900140690545,0.5617659019895642,0.4555179776818412,5.037455935658993,2.835905672005356,1.3615300163479507,0.6350550818182714,0.361864258126915,0.236617498491275,0.2642742213902106
2014-08-02 07:00:00,DEHM_noBD,0.24115873732816362,0.2995558599882164,0.35056760295722417,0.42316522118692046,3.2336309802280843,2.050454728873125,0.6645193445085618,0.34944861727846777,0.3518373945467964,0.22380767404852764,0.29223942966915084
2014-08-02 08:00:00,DEHM_noBD,0.2325408671603322,0.2912093839829788,0.34969189155186403,0.47997221721588856,2.6871829683162085,1.927791162446595,0.4705108419609221,0.33521713684914384,0.3448912370769632,0.2276006052157805,0.32989315449588924
2014-08-02 09:00:00,DEHM_noBD,0.24477276466057393,0.2954784428813808,0.4502413983359362,0.6451454953436321,2.7011401414416123,2.044653149504105,0.8474784951938408,0.43202294132249186,0.33193162653052005,0.2689318259804311,0.370240357486715
2014-08-02 10:00:00,DEHM_noBD,0.29963348946785723,0.3125254702170688,0.5219550430219201,1.015188198842886,2.825506824309896,2.136535999371945,1.4392175551524993,0.4567424647210584,0.3265760950892767,0.3191334234048658,0.4060861812487291
2014-08-02 11:00:00,DEHM_noBD,0.35646624667486865,0.30974938328632373,0.48856270823059594,1.301662569153523,2.0154509476276674,2.10236182163357,1.7946063709264761,0.3525429116118326,0.3300568294834833,0.2817353361037024,0.4141126883701943
2014-08-02 12:00:00,DEHM_noBD,0.3525449348498206,0.3112373782668239,0.5573782983251997,1.4193749820875374,1.358151816608368,1.9158326237738645,1.8322419837232262,0.3213932795612978,0.3182800451189791,0.22483747795708708,0.39999528413539276
2014-08-02 13:00:00,DEHM_noBD,0.3052881485110962,0.35295043668349263,0.5437228404115594,1.3151622016347293,0.7757575442978041,1.579814870643069,1.7249019657284395,0.3186140106817892,0.29216105711905743,0.22198675138166274,0.39142300528303003
2014-08-02 14:00:00,DEHM_noBD,0.2630841754299854,0.3581162031309306,0.5071888589087977,1.0562116928676142,0.37700441951612007,0.7645927965291743,1.5477964719039308,0.329426062624678,0.2573959784378483,0.22193542842298677,0.38362883429326233
2014-08-02 15:00:00,DEHM_noBD,0.25442808705547354,0.33942930068602895,0.4568422130092716,0.4426843255241418,0.42361079284308,0.29751743343514647,0.8151032915368226,0.3498768091402924,0.2356963640372268,0.220084243164598,0.37244086049754804
2014-08-02 16:00:00,DEHM_noBD,0.24379352814958305,0.342455920381369,0.4165328371475645,0.1810021924078993,0.519957682296743,0.16974388026837567,0.24810640875512338,0.3434871562730194,0.2287738100972578,0.2270919915090675,0.34929242966342655
2014-08-02 17:00:00,DEHM_noBD,0.2517632618647778,0.3425388241169084,0.3996392483933152,0.1136787808886622,0.5638225180623633,0.1652514134071725,0.1535265921347335,0.3155537102952226,0.20784463797019953,0.21253240342265795,0.3121432599672719
2014-08-02 18:00:00,DEHM_noBD,0.25374454486144465,0.2905527852168121,0.37644743004443704,0.10339576429076006,0.6642531068990996,0.17787945880525624,0.12780693147713798,0.31618670491017437,0.18271682068015224,0.21441907493263312,0.27334904481441674
2014-08-02 19:00:00,DEHM_noBD,0.2694454258893818,0.23796294914221303,0.34636059202782343,0.10864206100874542,0.8757454529759986,0.21130622977178506,0.14174546062696228,0.3228111698689191,0.17354292101688465,0.21145412009470738,0.24794952644856463
2014-08-02 20:00:00,DEHM_noBD,0.3053938682797491,0.23419066242613323,0.3391899168837913,0.11730433749199558,1.2276522970829915,0.6742562422170202,0.2196213354443403,0.3453658038018905,0.16684377353474888,0.21504165421595298,0.23177637774858956
2014-08-02 21:00:00,DEHM_noBD,0.3544823371175257,0.23605840428379463,0.32637836148326194,0.1290238773899737,1.7630376940957915,1.7142596591462147,0.621995821633252,0.34851612802623066,0.15505342923223092,0.26289168102635757,0.22202410664289882
2014-08-02 22:00:00,DEHM_noBD,0.39782215363700046,0.22921913773673913,0.2896944971940358,0.2652096238818037,2.518042705918561,2.812539980516236,1.1192339964128881,0.31546599099204614,0.14881897452870857,0.3792216153568423,0.21503705898387365
2014-08-02 23:00:00,DEHM_noBD,0.5162754201745335,0.23194939096237568,0.2815390399664753,0.6282896976046621,3.2163542571334793,3.8896701136090264,1.8245931519250638,0.27135779364897195,0.15096598586203264,0.6223565289671066,0.2077902434625012
2014-08-03 00:00:00,DEHM_noBD,0.7456414489997549,0.2813060792172166,0.2843589442760753,1.3968964779485895,3.622781652076061,4.979172396750013,2.3317077131951587,0.24439745890911344,0.16290930640205187,0.8889894464386626,0.19979081174546642
2014-08-03 01:00:00,DEHM_noBD,0.8554864026977866,0.46215278476370086,0.47729956654035244,2.2029360068336796,3.6419797123871374,6.071053695727074,3.0187497278157296,0.24205307887380698,0.18301666478626039,1.1536841887342928,0.19114625551076916
2014-08-03 02:00:00,DEHM_noBD,0.9393854865127801,0.8100688571770722,0.9008077572276008,2.8822534519319274,3.0321971076382863,7.18145578248487,4.1531074228839415,0.2668241786600626,0.19700265598369746,1.3340864111273736,0.18270304814790714
2014-08-03 03:00:00,DEHM_noBD,1.0714551188278199,0.9396684799685049,0.8850020199493289,3.5204256850327766,2.105652854653357,8.211975002824271,5.424953020014072,0.2690827107013574,0.22542585514470315,1.4059426480770483,0.17759517675654837
2014-08-03 04:00:00,DEHM_noBD,1.198037934213057,1.0190812489900085,0.2934317474068822,3.95230325070409,1.074195332308542,8.629384521565271,6.600269024836866,0.19070090517835667,0.29736386043057184,1.3978745332992821,0.177756652316616
2014-08-03 05:00:00,DEHM_noBD,1.2903993542803824,1.0330477852803468,0.9642347715205883,3.9353629808498103,0.4849666390705759,7.276263661176804,7.377792143335843,0.14453298792265346,0.4499388962571409,1.3780000974161177,0.18551132140902443
2014-08-03 06:00:00,DEHM_noBD,1.2329776505927927,1.0155511513722315,1.5469772165036968,4.162371162799513,0.28553947149736786,3.8856514585433763,7.197472053101778,0.13933563974906688,0.5472742024551063,1.2068263065949827,0.19707653262913227
2014-08-03 07:00:00,DEHM_noBD,1.205329391869416,0.9721911756282671,1.5916714115274093,4.038533929779553,0.23745245632055204,1.671879642764992,4.791223605063503,0.23809239194788948,0.65808286518462,0.9836669775603432,0.22584137597227108
2014-08-03 08:00:00,DEHM_noBD,1.048080794299955,0.9540393098937626,1.3025817842392118,2.694808746473211,0.2671636010436247,0.807035744947395,2.441310292855242,0.37582553635530164,0.7736570164716685,0.8891820579425851,0.27209633789770754
2014-08-03 09:00:00,DEHM_noBD,0.9555582431747275,0.870105913810667,0.7078769901709583,1.553248394437898,0.2927322473230025,0.6708497043329499,1.5158965033368976,0.4616799388892948,0.8435175728623895,0.9071117724290793,0.35613363512105756
2014-08-03 10:00:00,DEHM_noBD,0.9910969498592243,0.7168389709368727,0.4705232185117271,1.077754235751929,0.29501057011932125,0.7877438954918877,1.1129420475756402,0.48654623826831567,0.8587817415210767,0.9458112582246819,0.41805475652028573
2014-08-03 11:00:00,DEHM_noBD,1.031765997642707,0.6453777626780234,0.47506158600551474,0.9490756638391292,0.31695089514439906,0.9948212266827096,1.0270120282931299,0.5219730397137252,0.8371816058331728,0.8777666803255048,0.46926805703780444
2014-08-03 12:00:00,DEHM_noBD,1.014138686341038,0.5853207677359249,0.4602900008766806,1.0014869489175708,0.3468477086427434,1.1152705785804053,1.3391302373701008,0.527817408774197,0.5560269270364775,0.7433608720733352,0.48996616399317106
2014-08-03 13:00:00,DEHM_noBD,1.0038258673835407,0.599551557534188,0.6071952208807883,1.1436030858697508,0.360035766581632,1.0835666514668847,1.6427629179428005,0.4831337245324998,0.2737931411306757,0.6761036382218123,0.4975761693704474
2014-08-03 14:00:00,DEHM_noBD,1.050793835002212,0.5572385729467437,1.0526290976539645,1.0369498942428559,0.3758951709657534,1.0671685037664742,1.5334656521256247,0.4646613392250984,0.17692814456639647,0.6577493019764515,0.5134467058261174
2014-08-03 15:00:00,DEHM_noBD,0.9236759587300027,0.38645939880928537,0.7287531784123292,1.0106105659726832,0.39649531887472594,1.0741597249734378,1.2990268087448809,0.5084207919640839,0.18621326299091945,0.6786452603668791,0.5197245482164546
2014-08-03 16:00:00,DEHM_noBD,0.5192387269008013,0.18423939246980084,0.5851752578174869,0.9684215788360893,0.37244127211203787,1.0386375007021573,1.0558849671770631,0.5737486418687563,0.22404677161692796,0.7347594025636672,0.5205204606423884
2014-08-03 17:00:00,DEHM_noBD,0.27145011154980675,0.07025154556340148,0.54368141724673,0.7926297130847823,0.3541319199199229,0.7582363629486158,1.0791328160742701,0.5989746088610914,0.25565620810829215,0.801877471001888,0.5034473787499563
2014-08-03 18:00:00,DEHM_noBD,0.1278671233073399,0.0921604263954551,0.4548711943557998,0.6531416899762169,0.35171152709636366,0.6846849078603134,1.658242769273832,0.5951560486951656,0.26589064674450025,0.8873966636464551,0.4719090475144219
2014-08-03 19:00:00,DEHM_noBD,0.09085099682616055,0.20927901941205762,0.3553592550226332,1.2523047003230574,0.5171606818867475,1.2179652187831638,2.3997182683949756,0.6672713775080116,0.2831344912172029,0.8833258572297915,0.4359405816509169
2014-08-03 20:00:00,DEHM_noBD,0.0890757875222654,1.1572632075112015,0.29677046898690534,2.425713679523351,0.7811526484466297,1.5868651976700923,2.615926636101257,0.7057893576628713,0.32403300151230036,0.8765457425373274,0.4030954810275756
2014-08-03 21:00:00,DEHM_noBD,0.10766628765723314,2.0861434845651163,0.48026794464727146,2.815828680741709,1.1595228054700792,1.863451983350612,2.55629878327083,0.7014618409978598,0.3754482151654736,0.9488892671862873,0.37869625091209114
2014-08-03 22:00:00,DEHM_noBD,0.13248908379496993,1.5638849177071998,0.6608527559617021,2.513645411114642,1.703442157680206,2.2057348580973573,2.7687524800181063,0.7670360075150057,0.42630172139039263,0.9803398338036885,0.36022217924541555
2014-08-03 23:00:00,DEHM_noBD,0.151165257907519,0.9134752775687307,0.7287338098460803,2.6137769838189584,1.9073254129769943,2.510775982699566,3.059828232589757,0.859735594406426,0.560309604202844,1.0722975494769957,0.3433601817657498
2014-08-04 00:00:00,DEHM_noBD,0.1803331274255225,1.044813248322459,0.866365379359099,3.141919334990563,1.6787006452403892,2.748364957813695,3.2807808631991024,0.9004983820923138,0.7279424050632117,1.0261428312265464,0.32711698244646586
2014-08-04 01:00:00,DEHM_noBD,0.21013025514610098,1.1426932191574033,1.0265705671174397,3.660153819266681,1.6837360867294449,3.007577531480906,3.5740004983116758,0.8880083247761987,0.7271956146888433,1.131026479990327,0.3103354248795049
2014-08-04 02:00:00,DEHM_noBD,0.2194977606968207,1.2172001486767434,0.6983189296030273,3.750538570944481,1.4055775312631553,3.259497786814544,3.6450039751091623,0.822538669410143,0.6770344166529179,1.508991465996243,0.2936804685222066
2014-08-04 03:00:00,DEHM_noBD,0.24632213648635887,1.347607668434889,0.5135376565757431,3.635074936692208,1.197131210226724,3.606902787231082,3.7802593453287385,0.7275243950818804,0.645582583132088,2.0100719917565213,0.2792919745029456
2014-08-04 04:00:00,DEHM_noBD,0.313319539835695,1.5103849799412907,0.49930904290948763,3.4458800560988547,1.3745404780819288,4.112175695616777,4.024226222524535,0.6302517601532767,0.6303063308116792,1.7107340248237923,0.2762767222420783
2014-08-04 05:00:00,DEHM_noBD,0.27045023800875045,1.0318187368619336,0.4112330209904765,2.7910009202895063,1.3299576031750067,4.047614596857443,4.051328246171861,0.5267588602829631,0.603413146393597,0.855937158505395,0.29345751950170834
2014-08-04 06:00:00,DEHM_noBD,0.3851724453629809,0.5370396960000035,0.25187830285842944,2.5400571947115176,0.9367520041993819,3.158102274325872,3.6965408949963154,0.4301004460122807,0.6065051697599887,0.4144969659846507,0.30854984413993536
2014-08-04 07:00:00,DEHM_noBD,0.40795698221821797,0.3250918767374159,0.15473958609291769,2.7647145227240006,0.5447910541562502,2.1255420385491104,3.784501178579948,0.33775800689044405,0.44398908435210566,0.2727468930563393,0.31382762500291794
2014-08-04 08:00:00,DEHM_noBD,0.3979874793543386,0.1706754615511855,0.156227152190023,3.0472700901753718,0.3839490542630385,1.569691427720448,3.4711395902138955,0.26818901310350507,0.22232878841668358,0.2431010866870063,0.3265854938783053
2014-08-04 09:00:00,DEHM_noBD,0.4029330988405644,0.10979134076240174,0.1766585796694361,3.0951576522055713,0.30784896376479404,1.2443861617519938,3.0057573046996113,0.20656062952345686,0.14314015011048864,0.17731530276934435,0.34679763901271377
2014-08-04 10:00:00,DEHM_noBD,0.33228393365191283,0.10460640828739735,0.19606433769291348,2.465166370787001,0.31790562501417463,0.9730202818931545,2.180368270486733,0.17128126886899794,0.12450213672107066,0.07215142808493456,0.3665145731288822
2014-08-04 11:00:00,DEHM_noBD,0.2917142364276106,0.11492226655245122,0.20128491208452046,1.6933741454621405,0.4471701426860131,0.8706010875996575,1.8643329059016471,0.1600876175824971,0.1385373367962519,0.07873148569537315,0.375510113168098
2014-08-04 12:00:00,DEHM_noBD,0.2615796924520274,0.14193013221583436,0.199658405546836,1.5244664124275604,0.6504953670759313,0.8505303047570305,1.82966968451458,0.15754609883403392,0.19073013578332015,0.1870830267890122,0.38237251818509765
2014-08-04 13:00:00,DEHM_noBD,0.19530080394203683,0.1788786383296467,0.2017680736212569,1.6724939432233012,0.853633147699367,0.8102802209695056,1.9662403729216613,0.15004025578373684,0.2840915939762256,0.30783086598271725,0.3846451067449338
2014-08-04 14:00:00,DEHM_noBD,0.1588980106278276,0.1929445633577007,0.21695635707510927,1.462249963886356,0.85299229744412,0.7642062245672754,1.7894692946816797,0.1364148125071798,0.2921431316754406,0.28916334739025734,0.3786176877116154
2014-08-04 15:00:00,DEHM_noBD,0.15173749484505314,0.17596435013276915,0.23972104016865778,1.310383535726436,0.712500621246267,0.8571525385508313,1.5015765774894771,0.13009543412269467,0.23901473951593952,0.28346842384334286,0.37962938076317415
2014-08-04 16:00:00,DEHM_noBD,0.14727425901556326,0.1775928293685057,0.2826442786262469,1.2689062958994852,0.5993185134771746,0.9585555893315117,1.3526987223282096,0.14224826393051884,0.17493563064153242,0.23648030811760942,0.36737997690891355
2014-08-04 17:00:00,DEHM_noBD,0.14543742833998485,0.1886920454677281,0.33963164769053217,1.0581372121719612,0.5393497150764147,0.9455196205453651,1.4500185839365463,0.189516542707351,0.1595000538915273,0.15889427888286103,0.34138668460501387
2014-08-04 18:00:00,DEHM_noBD,0.14493884160852402,0.20884364299311756,0.332859584336797,1.1705184672517248,0.49984959251832667,0.9531302201726416,2.2140290346420146,0.2595830314933438,0.16987038584467504,0.13816463504658846,0.312779543896172
2014-08-04 19:00:00,DEHM_noBD,0.14942337307381356,0.2786991007903991,0.4542833880641435,2.2495441846633013,0.6546306781514826,1.4349453339781957,3.0505371258499068,0.30752600339775554,0.1807212979695711,0.13405732138511692,0.2870700525688403
2014-08-04 20:00:00,DEHM_noBD,0.16853703431028766,0.7757817584096935,1.1438974810604368,3.1258382669885725,0.8232966627854831,1.8774695999601054,3.3232696061823597,0.32995414895173153,0.19076961358204356,0.1388551763309685,0.2682056160498336
2014-08-04 21:00:00,DEHM_noBD,0.19640474514539688,1.5094370547514069,1.7008271849586252,3.6267946923528465,1.2054303870225045,2.166177025727617,3.468456766537461,0.3331826266163834,0.20793476540805278,0.15147162973277795,0.25919018388436377
2014-08-04 22:00:00,DEHM_noBD,0.19401628233571194,2.286913687175929,1.9530225406357284,3.8155947438928037,1.5755452521214717,2.5798097746252484,3.7633499593328645,0.32467998337769466,0.23884479934019012,0.17482386480818382,0.26084165758195654
2014-08-04 23:00:00,DEHM_noBD,0.19851978184861122,2.8736357933725,2.2035314327166327,4.12251782418352,1.9404749918651913,3.244863094634756,3.946213167682861,0.32025653221331996,0.2658187318274008,0.1881251131387582,0.27531332945210213
2014-08-05 00:00:00,DEHM_noBD,0.22559953117606804,3.1302437342117715,2.18294693521195,4.454418961676402,2.266524238374835,3.9598494551887375,4.187153703375197,0.31287613708321954,0.279591038603694,0.18685027545885935,0.30373949376907455
2014-08-05 01:00:00,DEHM_noBD,0.24737903446359547,3.1762871817767744,1.8642399581124915,4.800969874286561,2.569233686403801,4.582752993696729,4.431327649450816,0.27238077461036697,0.2719806282837089,0.18524970784930922,0.34226335903855315
2014-08-05 02:00:00,DEHM_noBD,0.28234790085180156,3.1035190512956374,1.6262620106274737,5.1421374947513545,2.7860710491442995,5.18910963207647,4.54501757339523,0.2234781579646538,0.25638343217023846,0.1904808129817465,0.40239505392221714
2014-08-05 03:00:00,DEHM_noBD,0.33800963892328545,2.798536208052057,1.4177687278113718,5.383598762519296,3.0162672310287437,5.747546473903221,4.550682193870067,0.1851744384331034,0.23905717622843722,0.21889976102533892,0.48409810494180766
2014-08-05 04:00:00,DEHM_noBD,0.36089271066848755,2.4877029674549784,1.092573254520638,5.371921092712168,3.253753619661578,6.179323887415521,4.40149554199256,0.15755805727637365,0.22437261346851062,0.32288660056554297,0.5193927704079262
2014-08-05 05:00:00,DEHM_noBD,0.37535581465269435,1.8828449764727604,0.5162436386008725,4.361390322464271,3.336140469950329,5.888368519731733,3.9558155937830737,0.14316632254919728,0.19755328117571178,0.37109809039695285,0.4735447477155736
2014-08-05 06:00:00,DEHM_noBD,0.36319734492205535,1.1146169643957684,0.16749375738601852,3.242966193863078,3.0371624708294958,5.135294506029437,3.3385529242070358,0.13621522920435775,0.15577758981060932,0.32865098960247946,0.45283826796052035
2014-08-05 07:00:00,DEHM_noBD,0.35197159153700686,0.4556336180204863,0.1628552956779241,3.0321572275628594,2.245767281892998,4.3391129626380085,2.6505917909492576,0.13585736031492993,0.12828912606900078,0.29129705389512944,0.4239791830521308
2014-08-05 08:00:00,DEHM_noBD,0.3171645556639611,0.27261699194528444,0.15785768816794493,2.433912752350378,1.6233460785218188,3.1088961559325794,1.9048968151253904,0.13851301415244813,0.11657997276600388,0.2543010265978218,0.39243464479879925
2014-08-05 09:00:00,DEHM_noBD,0.2887566942243462,0.30307594923762243,0.15535887820376545,1.9251986321719678,1.3424919572573808,2.4512903096855574,1.566486822447034,0.12874208476309465,0.10973669761580636,0.2311659052218235,0.36469412144891905
2014-08-05 10:00:00,DEHM_noBD,0.26570546504759746,0.3526645389061665,0.15679697231993053,1.7450793471663606,1.0873615582697744,2.0527583006885646,1.5175955440819426,0.11222690612170373,0.10726804920357981,0.21767604421318398,0.3367090010308753
2014-08-05 11:00:00,DEHM_noBD,0.24183321524409981,0.393616905780491,0.17084706368076594,1.5696376664400873,0.9855777652639524,1.987433301686612,1.448413636025295,0.10246600504596387,0.10686533347957987,0.19957129500030746,0.30682556762477375
2014-08-05 12:00:00,DEHM_noBD,0.22072892251376572,0.4112345036136317,0.18466855943980612,1.428611804402283,0.970082966857329,2.048663015147019,1.442937624552974,0.09980402080559286,0.10726833373895132,0.18819297836319962,0.281446262025861
2014-08-05 13:00:00,DEHM_noBD,0.2035764381201221,0.3868752172141125,0.1757196740711107,1.5063596331957776,0.9863555980322509,2.174232398886359,1.5319209748788876,0.09941745533227574,0.10938522708350744,0.18369096461283974,0.2613213948351424
2014-08-05 14:00:00,DEHM_noBD,0.19747574998163558,0.35961827585081674,0.16390083309869263,1.7714879956350114,0.9850551872779614,2.274293838836476,1.6066265488960263,0.10361197449182089,0.11581577759225835,0.17852636575064826,0.23993303373863908
2014-08-05 15:00:00,DEHM_noBD,0.19563866076658243,0.30565290669788775,0.15873761934889238,1.9139189569090336,1.0675597925703229,2.3606982350657044,1.5582323509576117,0.11472108734520914,0.12410315243972211,0.17872252116691634,0.2304842944007722
2014-08-05 16:00:00,DEHM_noBD,0.1977802058668172,0.21955201936284863,0.15780030944117157,1.9168388081452334,1.1508548784271626,2.4866873579443585,1.45804830910767,0.1321340302114055,0.13073443393363954,0.1814843094830703,0.23592439579440164
2014-08-05 17:00:00,DEHM_noBD,0.1968892123236964,0.16510188849343757,0.17791654062824722,1.5757751609388808,1.152043801369071,2.6293097260272766,1.3318863937364618,0.1473122661094745,0.13518671426741688,0.1854663364696491,0.23859755415493508
2014-08-05 18:00:00,DEHM_noBD,0.19605190093853253,0.14708205702444474,0.22125357034010937,2.057342897897686,1.3454740001041023,3.490155313834432,1.6300029604204214,0.1657632347451356,0.1380296728240205,0.17939477938232543,0.23583079569188128
2014-08-05 19:00:00,DEHM_noBD,0.19641230050217529,0.14170347820597698,0.24830816779783343,2.9753835414557925,1.7695720874424885,4.677856325261879,2.0083417039397347,0.17936372125735953,0.14847505509038936,0.16433011512580384,0.23686737368151795
2014-08-05 20:00:00,DEHM_noBD,0.19762957655761584,0.14634991547527948,0.28247642545026347,3.2103720770648687,2.5132808059016964,5.302369576273209,1.7307817291135272,0.1707527085958072,0.1650104102250734,0.15444616051301396,0.2361292826966323
2014-08-05 21:00:00,DEHM_noBD,0.20034352129645694,0.20199597900945276,0.3832938668232956,3.0190189131809175,3.407123369188328,5.555911302711754,1.6911322173161714,0.1525654829276197,0.18479197905783332,0.15180900568986366,0.2348636974988009
2014-08-05 22:00:00,DEHM_noBD,0.21114276603903998,0.3056348904313848,0.4205491091054917,2.809294572491864,4.290004341483691,5.220830084166254,2.0804395753034592,0.13939043120182815,0.20521078124310949,0.1547816242610624,0.24466998808702337
2014-08-05 23:00:00,DEHM_noBD,0.20534635848291527,0.45598271775415294,0.39906362518006466,3.009192661731111,5.124167586983214,4.740132095431326,2.818231222781605,0.1348150949204065,0.22075284837910364,0.1701836431805468,0.25501158722216377
2014-08-06 00:00:00,DEHM_noBD,0.1811008023906591,0.6732148371663804,0.3767084213514234,3.258659152937467,5.615595755467614,5.615889608268411,3.6936207159810164,0.13159265419024407,0.22839506299884899,0.22529700415986237,0.2655365907674514
2014-08-06 01:00:00,DEHM_noBD,0.1797851206020125,0.8822698967153644,0.4151789975166119,3.5275516772785087,6.543701223045919,7.724139746849856,4.195686396416601,0.12731237488226957,0.23029433823280893,0.3223457038511837,0.27825398367288284
2014-08-06 02:00:00,DEHM_noBD,0.1640882664661842,0.9587212599188635,0.5100028157556807,4.0922711344330365,8.26227481943761,8.906211973300486,4.703780410683315,0.1235703763145673,0.22820993616579144,0.4009872963064945,0.2892658905992377
2014-08-06 03:00:00,DEHM_noBD,0.167914701843867,0.922202100722953,0.7365794053270427,4.896826796221843,8.955770931306871,8.837160430697606,5.746669650911019,0.12291342162136912,0.23939954732358448,0.43590800846541516,0.29691450674347564
2014-08-06 04:00:00,DEHM_noBD,0.1782812487100261,0.863052076903409,1.0359382227414258,5.011888418237522,7.280160757031845,7.838256687914531,6.809861479334646,0.12224125861569304,0.2415937479635327,0.452203154745384,0.2932043608797713
2014-08-06 05:00:00,DEHM_noBD,0.19845095747055816,0.7036421140360078,1.0986540576956094,4.638503400857918,4.61433069557952,6.047314728200388,6.526528762798453,0.12495393877933256,0.23489460637573145,0.33118639309757103,0.28024753783240897
2014-08-06 06:00:00,DEHM_noBD,0.20781939379567038,0.634901129338992,0.8833307323974533,3.6780596596602346,2.912813188311893,4.114428433335055,5.312514018663084,0.12578455744581285,0.23111784248912692,0.22194573477637827,0.26542223186708974
2014-08-06 07:00:00,DEHM_noBD,0.2117266664136922,0.5352004451379062,0.7495407648451392,2.3047479145621055,1.7267319878886511,2.5016495111765193,4.0076107644697165,0.127324224640054,0.2410060364990214,0.17959286337142336,0.2572506634940136
2014-08-06 08:00:00,DEHM_noBD,0.21164092909126297,0.6460048983991308,0.6078874199670553,1.513556924340846,1.1216270912450725,1.4194840254024852,2.570353366268045,0.1455133911313628,0.24829192887444976,0.19665793024189526,0.24294345337709286
2014-08-06 09:00:00,DEHM_noBD,0.2280252229024283,0.860837935472522,0.548314999334151,1.3693429524005913,1.224667363791496,1.0977310006982193,1.6590115457294057,0.15689781649779683,0.23262135976258538,0.21512477703821595,0.23600426532809152
2014-08-06 10:00:00,DEHM_noBD,0.26478434968227743,0.838990602347427,0.5454665869872272,1.333868796100337,1.4595169601423943,1.3384278776338943,1.5132900767992956,0.16012862138968767,0.20096565827483073,0.22276821683240583,0.22694246964862047
2014-08-06 11:00:00,DEHM_noBD,0.32270786552933034,0.6704566284215565,0.6507737513882992,1.2030081525225889,1.3713572387819402,1.506592237306445,1.3857913044076695,0.15117403273984548,0.17019240076978212,0.2050039586245198,0.1863476396112889
2014-08-06 12:00:00,DEHM_noBD,0.4041261442358045,0.6246702766976434,0.9013405218912125,1.124460374590161,1.183456039416727,1.393088085929801,1.310115089102743,0.1398533227963686,0.16013294970851616,0.19004633800712636,0.1697274974330467
2014-08-06 13:00:00,DEHM_noBD,0.47785159419025286,0.52146514924495,1.006502052181419,1.1035229808700266,0.8518963488663035,1.2510618972203145,1.3525349327543092,0.1363909546335367,0.15654954909087845,0.19700591791596372,0.1695408229675003
2014-08-06 14:00:00,DEHM_noBD,0.5333099754052049,0.49893095477510935,1.12389164674424,0.9327761973847697,0.4742725122691411,0.4794797796559344,1.1441450987797412,0.13244490540460796,0.15875745805146155,0.2160610933849413,0.17798135556540207
2014-08-06 15:00:00,DEHM_noBD,0.5729925625722062,0.5634791298510975,1.3052264580888022,0.40830212348303097,0.31117352754911404,0.2500524160085692,0.46194229907757645,0.14173296665763638,0.17861387280303512,0.25240551250161875,0.1858346742106717
2014-08-06 16:00:00,DEHM_noBD,0.5926611047046467,0.6557615537352472,1.4113665071525237,0.16148484078010933,0.29357727420965657,0.428189449319163,0.13375583102283983,0.1795906622502853,0.2245193200122395,0.31420278932486867,0.18573976209390528
2014-08-06 17:00:00,DEHM_noBD,0.5886058463626714,0.5763884648437629,1.460319049497174,0.2039000547724264,0.3109846566441328,0.4643728103305259,0.14189939845650157,0.25120867005515723,0.295662511440761,0.35636803913952153,0.165418903550372
2014-08-06 18:00:00,DEHM_noBD,0.5544108391870138,0.4735631405490553,1.4602141393365946,0.19651218757646183,0.3140134247019142,0.4481974723586143,0.1476421646367276,0.3585559691945457,0.3571877408020856,0.3770891877963566,0.15566566390514636
2014-08-06 19:00:00,DEHM_noBD,0.5311454755858274,0.44778223684688145,1.8419862219548333,0.18954968924158283,0.3564278029093332,0.6835771866768093,0.5221523226910226,0.4559713420072296,0.4374041154741896,0.40671441742125125,0.16668146039868115
2014-08-06 20:00:00,DEHM_noBD,0.5201566206933197,0.7019151341341203,2.5875333649109438,0.3579349277679623,0.4184665150426374,0.9099375131008827,0.8041716439927009,0.5197882953334104,0.4913707044049965,0.4534104086870967,0.18101431176760843
2014-08-06 21:00:00,DEHM_noBD,0.4969780874261544,1.035268762487236,3.085444553265061,0.5978735406201314,0.556943219319703,0.9312012841728871,0.9646813383029859,0.6744059792221616,0.5448895341707738,0.5971814275790402,0.19176100677665198
2014-08-06 22:00:00,DEHM_noBD,0.5052953986162262,1.5044665383012477,3.147963492379593,0.6934591979274048,0.8208120369410701,1.1005123258163303,1.189222497454593,1.4010307003328761,0.675221361453852,0.7572492046594889,0.19867973288967283
2014-08-06 23:00:00,DEHM_noBD,0.6284615076471753,2.0325393220534727,3.244393239379417,0.9103607995198508,1.028388978518662,1.4091867185654896,1.3856913912026827,2.5271687587711216,0.8862348470942484,0.8474491104398358,0.2018424818328297
2014-08-07 00:00:00,DEHM_noBD,0.6310217212782689,1.692450286858174,3.078299476124588,1.2842957264572537,1.1700837430513766,1.6905336560005213,1.6380926773818807,3.207483722602129,1.0692382624976933,0.9349478251484367,0.20120288733230046
2014-08-07 01:00:00,DEHM_noBD,0.5359914562321383,1.5376325513217868,1.996416836965976,1.624985337973027,1.3245325064556697,1.7677160988331189,1.8938732246945758,3.6021182317540794,1.1490413628389426,0.9568037196344139,0.19818669711914833
2014-08-07 02:00:00,DEHM_noBD,0.5857472008220606,1.3295096210104176,1.8475616057314443,1.8895063533307812,1.5234718859223928,1.779191743315414,2.0666483719257074,3.7718263539947565,1.163447223011954,0.9491379396121671,0.19317813558204125
2014-08-07 03:00:00,DEHM_noBD,0.7427927053392613,1.2141919431697623,1.943025719108098,2.0527646825863783,1.45065684891209,1.8410899333080084,2.17417814487237,3.572920848882124,1.1227659716978855,0.9041415180189984,0.1856127388992137
2014-08-07 04:00:00,DEHM_noBD,0.5843884646272397,1.1943081411869692,2.158284528036838,1.9129973549092436,1.3157225116810576,2.408702082042524,2.050518013442381,3.277854557708502,1.0007541470929049,0.8427600230246339,0.17042274593919748
2014-08-07 05:00:00,DEHM_noBD,0.49056002471475557,1.3064727405161147,2.469959901038434,1.3841223453219582,1.1352482535031065,2.6442631072954637,1.9116983802971022,2.9985042002642155,0.7472353500976971,0.6105890627173345,0.14927146083867102
2014-08-07 06:00:00,DEHM_noBD,0.4178183911982376,0.9441368866449952,2.8522842946667994,1.2474468976297373,1.093027054955587,2.399211505030085,2.3078088694205867,2.9115566229645156,0.532369717754703,0.3120521127986185,0.14520243276592157
2014-08-07 07:00:00,DEHM_noBD,0.3223549918743758,0.3900071487030011,3.017341087962115,1.6593167532350817,1.0756089371036366,2.053756112532627,2.48966893793675,2.6799210410146417,0.42528556046250265,0.2689676333893116,0.14589227025542234
2014-08-07 08:00:00,DEHM_noBD,0.2800602913619646,0.35905518254590896,3.3026664528740546,1.9640664400656247,1.0250043398426938,1.9628906170170963,2.418000653838089,2.4041590767045973,0.39977282414523174,0.2394724075607184,0.14923829504567132
2014-08-07 09:00:00,DEHM_noBD,0.2556770275521882,0.45970998081529324,3.626701008578023,2.0693764995068755,0.9510537735039555,1.9880730792751802,2.3411406624357847,2.016508726597904,0.4571272411418739,0.23853231283241183,0.1488164419294084
2014-08-07 10:00:00,DEHM_noBD,0.2527015529496338,0.49809522784608035,3.7267207242111287,2.2874535222532884,0.8583090453619324,2.0236098440927126,2.2092424423457695,1.7828583051525633,0.5569623761936765,0.27032421737600665,0.1417435697946596
2014-08-07 11:00:00,DEHM_noBD,0.28445003475890246,0.7184688491813291,1.9200232849531638,2.389301298095781,0.8066403093885073,2.0265519014134954,2.292515809319371,1.6583864523894905,0.569038611668031,0.3819743715748127,0.1307815357564453
2014-08-07 12:00:00,DEHM_noBD,0.376982446716281,0.9293499096965561,0.5891222913000989,2.3326128042659526,0.8094036489818618,2.1825690005450733,2.471099253173999,1.3462785181323742,0.5479295765534963,0.5208589494580094,0.1217465649191935
2014-08-07 13:00:00,DEHM_noBD,0.4221268066950724,0.9299999253606199,0.17573103788103897,2.3915045468802845,0.707188504046481,2.502319748659122,2.5581505646260108,1.2085741181490628,0.49568540962025115,0.5070236411252163,0.11888118290808744
2014-08-07 14:00:00,DEHM_noBD,0.4471112634452896,0.9878259946799588,0.05699640605042086,2.1648441303051893,0.6361809456947631,1.672894332119194,2.3491122303517127,1.4313728290767478,0.4346456433733081,0.37164983315758987,0.1209427005084796
2014-08-07 15:00:00,DEHM_noBD,0.4627562253661569,0.967938847497732,0.0733463794382591,1.9138912501186633,0.5541544323863927,0.6978260097736981,2.2788727695352384,1.6123008021749392,0.3864328178272412,0.3611552554010988,0.12626196042115798
2014-08-07 16:00:00,DEHM_noBD,0.4490579678992833,0.711819290442919,0.1465808489255233,1.7079135141059218,0.507042302101096,0.5610631257575989,1.4920786135000523,1.4666855828277738,0.3344463622393716,0.402163346409508,0.13213315527252759
2014-08-07 17:00:00,DEHM_noBD,0.343707901387629,0.3864385405331416,0.28581717370498444,1.7448837307262868,0.5108711785835958,0.6319622198034837,0.8789266836138465,1.2023916563929031,0.27035450075310663,0.3177175887746358,0.13857047670975733
2014-08-07 18:00:00,DEHM_noBD,0.359411139899661,0.06425522963513342,0.30062840584887757,1.5372098173775166,0.5327953178083291,0.8942536197260872,0.871588000603518,1.0598840602498436,0.25653370408644316,0.3023059041138121,0.1536069635170093
2014-08-07 19:00:00,DEHM_noBD,0.3670966992048708,0.04477643898536166,0.34582601020483744,1.8450117137079103,0.5532494103480688,1.1857560985404834,1.3513926140532102,1.0157329008493499,0.2593172415344073,0.3518274663394471,0.17382576490297683
2014-08-07 20:00:00,DEHM_noBD,0.3752805652258708,0.08577709043661877,0.4136544165259272,2.1410994210596552,0.5867334611824595,1.3441940839471465,1.6423486589793574,1.1607727126975305,0.25807855499335824,0.4183061345590432,0.19936165495418795
2014-08-07 21:00:00,DEHM_noBD,0.5254441527071483,0.20461541879386483,0.43550361784480507,2.4917218025356265,0.5789064037944981,1.6664343803800483,1.938569461056884,1.1035417559316802,0.2600219600134556,0.8840424955960317,0.23141609113167036
2014-08-07 22:00:00,DEHM_noBD,1.2281243880942307,0.546562730811488,0.4404853123531908,2.8121300230022572,0.620062631951915,1.9953116014097882,2.3098619037859525,0.7685758929586037,0.27703261332181817,1.7835253365044172,0.27023558147704096
2014-08-07 23:00:00,DEHM_noBD,2.3018371193732623,0.7093427764024037,0.47495672926705323,2.9532713452291373,0.7469970258042866,2.285095120406611,2.7044289585853445,0.4363466855098306,0.29247230032494925,2.660933188257309,0.3037446711627974
2014-08-08 00:00:00,DEHM_noBD,2.6524569202617503,0.6628858808345022,0.45396481205182265,3.111453796765455,1.0230800064569383,2.6300474099822897,3.0710007763635985,0.26471384040020396,0.3033316312356032,3.0490408869997934,0.3239406852339554
2014-08-08 01:00:00,DEHM_noBD,2.013449997973476,0.5994838056459015,0.4621931889590464,3.3329938227312996,1.4240210403252254,3.045353472453456,3.38454292126832,0.19045259046670024,0.37901805561198354,3.252675058679059,0.3312628475540982
2014-08-08 02:00:00,DEHM_noBD,1.0556254282090707,0.5664140355378622,0.48202747316974204,3.602921173574213,1.9166463737067811,3.4923342984705323,3.70069172805415,0.16954654695169985,0.579311957701332,3.550907608942081,0.3282443685061012
2014-08-08 03:00:00,DEHM_noBD,0.5850726157663156,0.597236200495115,0.5166268664925021,4.028379167972825,2.4306002248843246,3.7421245854331997,4.030516297866565,0.1548634699757862,0.9185772082642677,4.031279727395674,0.32001603555834535
2014-08-08 04:00:00,DEHM_noBD,0.3200440002474606,0.6295837408519821,0.5129529364990302,4.4221679161319445,2.7140638233802328,3.808540082612839,4.017125536846198,0.13946439137035968,1.2549458377383105,4.462525272386621,0.31505683075029367
2014-08-08 05:00:00,DEHM_noBD,0.2550080771011019,0.5901970511878654,0.4157973914269752,3.795834658242377,2.602617044933054,3.743295922620349,3.792518186689415,0.13774269225151733,0.8991260052738559,4.0699427603605836,0.3181216876099764
2014-08-08 06:00:00,DEHM_noBD,0.34569778938945367,0.5740010973096472,0.3560589320339052,3.0715993774888286,2.5178335158086007,3.702293521666734,3.3775804333523887,0.1285482145147443,0.3169133507923164,3.377065524496911,0.3101974075142372
2014-08-08 07:00:00,DEHM_noBD,0.43294787973219523,0.5181794511706073,0.35930234442480824,2.9538890067267323,2.480575340230629,3.6701803013597174,2.9884713253727635,0.11212478520235956,0.23095798929890016,2.623907504787636,0.30820434752467374
2014-08-08 08:00:00,DEHM_noBD,0.46086684779500575,0.49552510510735526,0.3437899239144217,2.700482310493212,2.6062725991677773,3.6136609508342974,3.0095628059985495,0.10272226144309139,0.3050543310625897,1.8674148918515328,0.31539680469243947
2014-08-08 09:00:00,DEHM_noBD,0.4756443608620202,0.5241822149369693,0.34023773236798116,2.6234403067517906,2.9213070334370292,3.735679953323197,3.491389552194935,0.09645484183789517,0.35631096043657506,0.8601594997611315,0.330446548100144
2014-08-08 10:00:00,DEHM_noBD,0.5096207656933551,0.49770490500922504,0.35125612372522685,2.309233199199645,3.4765932002796784,3.810726648697839,4.183725015463467,0.09305882686026506,0.35388406666455774,0.20870964496951538,0.3563887535298796
2014-08-08 11:00:00,DEHM_noBD,0.5074211431491003,0.4076831604824401,0.38301715577865014,1.8673969528719683,4.0879505119110595,3.8168334970387674,4.654170986950798,0.08750449305505137,0.33890925838820624,0.15792849455910715,0.38178633087174446
2014-08-08 12:00:00,DEHM_noBD,0.47791023483239103,0.29332004340768253,0.312810225084907,1.2162217791654215,3.91991944777754,3.344762022025371,3.8262488472001173,0.08279215018567418,0.340955251145514,0.2641029716174582,0.39415044855721226
2014-08-08 13:00:00,DEHM_noBD,0.4715159882692247,0.24189489507541348,0.2359840063682198,0.7206074663529591,3.82046719609875,2.434305108806952,2.414634638108331,0.08682396880346341,0.35310838656500443,0.3170521220094383,0.3997398119321953
2014-08-08 14:00:00,DEHM_noBD,0.4753331079030968,0.24088790389986053,0.21655157195627323,0.4581780012033017,2.8860565246571555,0.9551961478717258,1.2365728373358849,0.10257114728040902,0.35105112355416507,0.31810642730685984,0.40476193803036337
2014-08-08 15:00:00,DEHM_noBD,0.45764936133926726,0.23265999550276636,0.20516974192333853,0.4330255241824991,1.200010072337296,0.33633464085618775,0.5173638247506046,0.11689465864642788,0.31811851626408416,0.33210786699398526,0.4012306142184017
2014-08-08 16:00:00,DEHM_noBD,0.41958977739369946,0.15617938688140565,0.20253398234316358,0.35000837430506787,0.3740445906050036,0.206860054625043,0.42797410492253474,0.13395305518247536,0.2941632897692234,0.3309581195635211,0.36185755973355405
2014-08-08 17:00:00,DEHM_noBD,0.4098349739560181,0.1437579266450309,0.2108948941410028,0.33518993364554034,0.20614830272431003,0.1820685429457922,0.38714366182596766,0.15732948906146388,0.2894791684103218,0.33053971720057385,0.3106509805087505
2014-08-08 18:00:00,DEHM_noBD,0.40625512335963593,0.1726968922619085,0.2086846517849828,0.39692239455052725,0.16279208432123052,0.21667170729964358,0.3757108162647677,0.17583977581409063,0.2805375706325708,0.3255998934175696,0.29230581672577477
2014-08-08 19:00:00,DEHM_noBD,0.3929299246299872,0.20156711068546182,0.21375526451603266,0.4296850760941324,0.1727301804554204,0.30857743031334006,0.4699430630531074,0.18673255479606382,0.29450462616004214,0.3257615598628969,0.27653705741461937
2014-08-08 20:00:00,DEHM_noBD,0.3789294569996827,0.21028392253580946,0.23108621477657015,0.3583681271235266,0.2526924139541456,0.44998598491184705,0.5059590047282574,0.19964587034438108,0.3096865230320937,0.33549412026414854,0.2636587200721772
2014-08-08 21:00:00,DEHM_noBD,0.3627813834747423,0.24784476979240203,0.32204050276356755,0.23284315234250233,0.2741116250503062,0.4477764702241231,0.5792810255555811,0.2147498903552937,0.3830523042140612,0.40483845699056753,0.25475989215649814
2014-08-08 22:00:00,DEHM_noBD,0.3584086622096953,0.6073935429082042,0.658122339512788,0.19686674747684205,0.18170957501303386,0.23367100049456035,0.2748070296556632,0.2509943680257419,0.5130157259501166,0.5599524997344484,0.2504179909559849
2014-08-08 23:00:00,DEHM_noBD,0.39481297605658583,1.114291026694671,0.8843494775075029,0.1186840260161142,0.11508540119193944,0.08955372627378393,0.16536921805086066,0.28584295357100664,0.4739634419073442,0.6949133893834718,0.25100930949515615
2014-08-09 00:00:00,DEHM_noBD,0.3637073397754656,1.0341963354835868,1.291531416615925,0.07093073238612366,0.1466951222521158,0.05352665057943209,0.08635802385247104,0.2911841542537696,0.35375966995071617,0.7391841745894072,0.25206001129418887
2014-08-09 01:00:00,DEHM_noBD,0.3265595872136357,0.9101091619078001,1.7321322471347227,0.054266768265579565,0.2711155549748148,0.3117844796510759,0.1639493924317384,0.27444095060935236,0.2735052480101957,0.7475597939569796,0.25145333381574825
2014-08-09 02:00:00,DEHM_noBD,0.3570656424194492,1.0945702354660982,1.3141434494912703,0.058837527538844935,0.9044923392988345,0.8220940757596422,0.38587787295354764,0.2537270593167094,0.24495123890491188,0.8249756817227188,0.24836525952729582
2014-08-09 03:00:00,DEHM_noBD,0.6325899719970405,1.1076190104242984,1.083482537337606,0.05796872546670459,1.7516220107311242,0.8686692679470511,0.426224124309433,0.2534007746469228,0.22253593216923984,0.9219509147230931,0.24600780011018736
2014-08-09 04:00:00,DEHM_noBD,0.714521729602841,1.2561376995283031,1.3107013034320323,0.05842001912866668,1.033395325521659,1.0524764118008791,0.2050421828710292,0.2509918898901621,0.20672792354967431,1.1237619571438286,0.23307690308428816
2014-08-09 05:00:00,DEHM_noBD,0.3716534896843589,0.5920140306437526,0.8371830351069574,0.07411284389723219,0.21807018421478555,1.5219205903286337,0.1982971610473359,0.2647829879409167,0.19514576895627647,1.0403210847336881,0.21684670243327103
2014-08-09 06:00:00,DEHM_noBD,0.22807614439533885,0.22961433965181927,0.391870771890242,0.4734552513521758,0.1415938258880003,0.36505795202632224,0.7081695273241371,0.388518462739773,0.16630150070244434,0.5148589506085216,0.20912459208994405
2014-08-09 07:00:00,DEHM_noBD,0.2917100139843154,0.2100106860768573,0.3055067294250302,0.31613765795939297,0.37936605933666206,0.20173648823765394,0.28597863346592167,0.48162383733786635,0.14345142318563406,0.43247507393921014,0.2056924411330826
2014-08-09 08:00:00,DEHM_noBD,0.4424173507136159,0.3274267936545016,0.45450130424120455,0.32720314603919265,1.0000667656950653,0.6446045911084441,0.3139861175391473,0.3771470541093125,0.13746121344978096,0.40534425127200363,0.20254741707109944
2014-08-09 09:00:00,DEHM_noBD,0.48327429810182815,0.43682863147735945,0.5270581699190754,0.9103109423010727,0.9586400688161887,1.1186249088154407,0.9558874012280394,0.2743425118474848,0.1463318777484527,0.37748129525832125,0.1980611322620854
2014-08-09 10:00:00,DEHM_noBD,0.5858789149130041,0.5233819117512366,0.5792830882040176,1.6629166335734165,0.7681079260187967,1.070499442572221,1.2774054143786988,0.25525491658863586,0.17026202623473155,0.4783953758736338,0.19546388571939485
2014-08-09 11:00:00,DEHM_noBD,0.5227004115910477,0.6614684684381725,0.22808706589002278,1.9269010807568812,0.8640156390661373,1.134385849134922,1.3997261270481487,0.23035091345524403,0.17331292827778644,0.4944333575383998,0.19184013864777838
2014-08-09 12:00:00,DEHM_noBD,0.5589828707897372,0.3903054639647528,0.15274239109464324,1.7819008831135417,1.2118798746122046,1.306899065307118,1.4978185116008857,0.22302180435877286,0.18217374744311554,0.4466511582114966,0.1867649806982828
2014-08-09 13:00:00,DEHM_noBD,0.7492154083521547,0.11457892659105587,0.06284084039584246,1.6439103395915287,1.5779388470739124,1.242100978176249,1.5296648540053983,0.2142445947453752,0.24885387921701177,0.5933217741762216,0.18953968351934827
2014-08-09 14:00:00,DEHM_noBD,0.5281059537203237,0.04970113629666614,0.04535829607807935,1.495660511987797,0.9824696221329645,0.8936055885837274,1.2748947575391107,0.2075462494527361,0.32536576529426026,0.7439610862918384,0.1959856555229007
2014-08-09 15:00:00,DEHM_noBD,0.2285586105227562,0.053265425131389536,0.06759177008591648,1.4257392683904175,0.5300366236037759,0.5135024279704783,0.862114698956462,0.19660138591546555,0.37485796123797066,0.48749356757769347,0.2160131379786806
2014-08-09 16:00:00,DEHM_noBD,0.0659072171845204,0.08102172868699677,0.06558459865355744,1.397290085126511,0.354657714016009,0.40618921156628285,0.7848470023340068,0.08791483007420775,0.25375502837307734,0.18942151641959085,0.2545635925185282
2014-08-09 17:00:00,DEHM_noBD,0.12121976340092602,0.11665020996023677,0.08110209597251244,1.1487464209099936,0.29094264698895617,0.4702060602291917,0.775978181316847,0.020909185404322274,0.10494725912982822,0.151463765768503,0.2917171664814089
2014-08-09 18:00:00,DEHM_noBD,0.22098481458160665,0.1282046413276557,0.1544249720237811,0.9991035123847882,0.30945445891753753,0.6133301072220991,0.889226383383737,0.01418077174680983,0.07349087156734775,0.07415486720518284,0.31334368222232617
2014-08-09 19:00:00,DEHM_noBD,0.22423210001403224,0.1898271144460844,0.27414689414421417,1.6792102438736451,0.3567451604641461,1.269499483084159,1.637356321564063,0.0256314782133342,0.05351817227475711,0.10591346503920995,0.32064106131560843
2014-08-09 20:00:00,DEHM_noBD,0.24552369844159333,0.272767639428448,0.2311676744609573,2.1825884173835663,0.35333769913621704,2.0757644875135353,2.337994565238413,0.06875869088272361,0.06564256484347948,0.1968266058252681,0.3221229116457665
2014-08-09 21:00:00,DEHM_noBD,0.2584800921530322,0.25666706574590226,0.15056642098517406,2.189391702481999,0.38974016347298857,2.981654534966482,3.0057217137429184,0.11443142962178514,0.07432099696191091,0.2376608763950937,0.3210221849992456
2014-08-09 22:00:00,DEHM_noBD,0.2302758760383829,0.2040972483000764,0.1403089938235969,1.789783403802418,0.7035833855035201,3.9210539744728306,3.759172254718324,0.15542009842773688,0.07023722528589565,0.22760715106166501,0.31483522142454096
2014-08-09 23:00:00,DEHM_noBD,0.2009879213575331,0.1950549291765027,0.2627805530961167,1.5493571729570668,1.6199353214991534,4.789369868300015,4.489929637769259,0.18779569148165054,0.07969831959227944,0.225422874420455,0.3074252336481842
2014-08-10 00:00:00,DEHM_noBD,0.19550860956486643,0.2869359964512972,0.5831251244436723,1.5442882439552967,3.0896971446618497,5.328090826259039,4.292905173091289,0.19438388515535443,0.11740902141047745,0.2236788794151814,0.3024784095273412
2014-08-10 01:00:00,DEHM_noBD,0.2009352642687584,0.7344851265144318,0.9193300914820277,1.7644382337346116,4.537292898393807,5.489044556659977,3.4976157755673842,0.1762599053470496,0.19033608904793603,0.25622364272456405,0.29860466024677257
2014-08-10 02:00:00,DEHM_noBD,0.24766705689280116,1.207988184048976,1.1093009397439408,2.410234201495591,5.3473355430464355,4.6654838967265,3.115184860516115,0.13948390728998344,0.22282205592437399,0.3802680021714059,0.29477710883516767
2014-08-10 03:00:00,DEHM_noBD,0.4035077294103496,1.2279757083498357,1.131065087815515,2.136671480451965,5.214157946590144,3.5503281051178353,3.9241495166413913,0.11013245174734333,0.18981970295946513,0.5624517250273152,0.2789210850561307
2014-08-10 04:00:00,DEHM_noBD,0.5160419449261748,1.0785153962358964,1.238507560119575,1.4192901469406582,3.6594010257281138,3.1556343643477023,4.295106034652903,0.10217576391873692,0.15858791458116134,0.7542387972629241,0.2073666406612522
2014-08-10 05:00:00,DEHM_noBD,0.593051774846217,1.0030122678131255,1.563194399647446,0.9471505186158196,2.815969518533049,3.242403910086156,2.9690834166866384,0.10632091418704588,0.14957139003564662,0.7387930695157561,0.11758921616445683
2014-08-10 06:00:00,DEHM_noBD,0.5177015771813922,0.8434679180377433,1.7591953576300474,0.5302151975953623,2.295591017345191,3.124900161641664,1.4767847641661422,0.1292412830127286,0.19282152746182385,0.4587822723399207,0.08829623901704665
2014-08-10 07:00:00,DEHM_noBD,0.27858876547447975,0.536053453178732,1.323628790176754,0.2756189906450307,2.1162880652782343,2.1665208452111333,0.6366216375403921,0.1660393585952371,0.25765336326138805,0.2739707500267505,0.08544326019714746
2014-08-10 08:00:00,DEHM_noBD,0.3492885398411262,0.884699943495614,1.702184388410176,0.2010435844514841,1.815666602391014,1.31861349528777,0.23148336457347823,0.1853187333869723,0.28093909907220155,0.22151849457322614,0.09129697722967128
2014-08-10 09:00:00,DEHM_noBD,0.5588109153317938,1.384792799594931,2.76799368460119,0.13788236110649665,0.9610926488115324,0.9519917076968527,0.20721703840340594,0.1786456502891051,0.2680568775729671,0.3758519125840235,0.0986112783143977
2014-08-10 10:00:00,DEHM_noBD,0.5821352399589609,1.5348601696897788,3.1294598754521945,0.10135506136949826,0.5179434597936761,0.5958411458074492,0.21314518871458,0.21207583108954114,0.20429528605694997,0.5368471132259897,0.10435992800516591
2014-08-10 11:00:00,DEHM_noBD,0.6567481994300312,1.71555449726369,2.7619971466695734,0.12731423172238257,0.335705474868065,0.2883068820043265,0.35864957680754966,0.34953292418304827,0.15483022341868938,0.50918714499744,0.10566922930536436
2014-08-10 12:00:00,DEHM_noBD,0.5913030238576722,1.5440926809885807,1.9769861123993793,0.08268247189799821,0.3333070362383499,0.13897306399111972,0.2063220640867291,0.545857914211247,0.1444357571869413,0.5241558121476717,0.1092575281712453
2014-08-10 13:00:00,DEHM_noBD,0.5458863939141527,1.3742044785283156,1.3765861055671371,0.04651480336274425,0.22054072999837798,0.10653771018461208,0.06018200653186378,0.41397610044058875,0.20058814772806588,0.512443496416672,0.11074933461700358
2014-08-10 14:00:00,DEHM_noBD,0.4561325315368012,1.2771415113469655,1.006060936212307,0.03153968761930508,0.15585034006223536,0.16994712210818683,0.03144322486739512,0.6041291335594514,0.26263218096882085,0.44215746457035643,0.10878019446299483
2014-08-10 15:00:00,DEHM_noBD,0.3745092156112425,1.0721580493273022,0.8514743341710841,0.017368453510717266,0.13152129493307307,0.18011207375646182,0.011557143217103938,0.5549831839291937,0.27789667146979824,0.30157500540800386,0.10661713743261744
2014-08-10 16:00:00,DEHM_noBD,0.3098022780848071,0.8024763332232296,0.7628842169636294,0.03319656562092856,0.09566730529672456,0.14085527735885026,0.02329455053901866,0.5630850609849567,0.24817905191224757,0.19483854664399364,0.10444652721519704
2014-08-10 17:00:00,DEHM_noBD,0.24072255600807715,0.4928694677545027,0.6184206033964588,0.07802970114524972,0.10913166916513797,0.09954625178681066,0.035402839220483484,0.5351528082158323,0.2040764647815108,0.19147361998521412,0.10111010779121746
2014-08-10 18:00:00,DEHM_noBD,0.21135960978674345,0.28801707269626753,0.4334243158958986,0.07231708625696687,0.15199270913635837,0.09720867805488986,0.050470792782209166,0.4990650542273175,0.161075456068079,0.17742160519863284,0.10122545186751103
2014-08-10 19:00:00,DEHM_noBD,0.1956044498605926,0.2299226986768055,0.3005504054704633,0.05031651132612819,0.1669391826935585,0.10655367013982622,0.0835539928672867,0.4536529498911134,0.12688212454361045,0.154653983187961,0.10045513965723527
2014-08-10 20:00:00,DEHM_noBD,0.18672606799627411,0.2045624936117743,0.24345960909313052,0.05892527139129867,0.18194695653869325,0.14838059322365998,0.10957612592436075,0.38488560017611345,0.11599638356442812,0.15356979208794339,0.099757585805544
2014-08-10 21:00:00,DEHM_noBD,0.2106433851528167,0.18684481896429778,0.20452687458319935,0.10538924549392312,0.20679900349038638,0.26974155824926455,0.2065235789659377,0.3586922182268154,0.12326839271647705,0.1775013984323537,0.09928212815369142
2014-08-10 22:00:00,DEHM_noBD,0.20259472938932582,0.12548660772152928,0.09840323949460596,0.42407029178820727,0.16428932851789038,0.4588966514125984,0.6460481198299242,0.31551222378770294,0.11667757736053423,0.17487400684826537,0.09871393384014157
2014-08-10 23:00:00,DEHM_noBD,0.13426264268910024,0.09072315678872624,0.055183659971332226,0.5811054271362874,0.1704939667020923,0.47795095749251204,0.8086292583549985,0.2570188709404295,0.12226448743400033,0.19445633194981485,0.0989901932818544
2014-08-11 00:00:00,DEHM_noBD,0.08281000213679722,0.08014752802791315,0.055797473453752036,0.6569844250582516,0.19320561767870087,0.4452832731745082,0.7763106952517507,0.16327073862740762,0.1343107578633461,0.1500497723445715,0.09929146733836156
2014-08-11 01:00:00,DEHM_noBD,0.07314498671159309,0.073644591166408,0.11729679893650591,0.7071343183729538,0.17392286834975695,0.5208417306139452,0.769431125006977,0.07257162150911964,0.12833103922262196,0.06394347355707423,0.10039150880551266
2014-08-11 02:00:00,DEHM_noBD,0.08001007875443782,0.05192215307284765,0.13328502902529,0.6157685763911436,0.1592339894791971,0.6290106100852614,0.9128230831629335,0.022607199453589716,0.09681436001641848,0.03433607394624611,0.10172666586739175
2014-08-11 03:00:00,DEHM_noBD,0.050618257970596776,0.07788806675238749,0.08982794861935219,0.4064057729123498,0.14026158217485044,0.6490737645422165,0.7917312819278477,0.022987669031002893,0.06596152263198304,0.04482058457116895,0.10276674107308029
2014-08-11 04:00:00,DEHM_noBD,0.10540170321348924,0.11566928741900226,0.062287560005609914,0.2889849978982096,0.13367725455760013,0.5680543149434378,0.5778298954351049,0.04230444107872426,0.05081669845832039,0.060318965933994356,0.10395690572137735
2014-08-11 05:00:00,DEHM_noBD,0.16706622266489532,0.08920662932073396,0.05367489296859885,0.18626501203799173,0.12919321342360218,0.4021869644731485,0.37502579101501143,0.08515195373215702,0.046491727293636514,0.08445232849685569,0.11143901204726746
2014-08-11 06:00:00,DEHM_noBD,0.167121326148596,0.07149480207103912,0.05849463781894816,0.13914136964496102,0.13150727505695062,0.2545120416262835,0.22208525806706236,0.09107858462134073,0.06192154360688047,0.15680064606328595,0.12483075571993814
2014-08-11 07:00:00,DEHM_noBD,0.14604073532430437,0.06489449115113466,0.05843580791949397,0.15026278984836816,0.14131686210365252,0.21565164890123284,0.20801280959032753,0.064334357395746,0.11162164724312479,0.18720611259141462,0.1398076779124568
2014-08-11 08:00:00,DEHM_noBD,0.14685577014097942,0.06714554841516883,0.06651571726704004,0.20487549144366987,0.1750643254653502,0.2484089964141603,0.24953820154246045,0.056364127955054646,0.09576091413983032,0.1936066661381301,0.15901940464200198
2014-08-11 09:00:00,DEHM_noBD,0.17322915820384144,0.07913514151402262,0.09685824918107587,0.30448082044252883,0.20558620584659254,0.3011130945642291,0.36488308044759094,0.05014578150199713,0.08784596594826469,0.19452803178256123,0.19922636556530823
2014-08-11 10:00:00,DEHM_noBD,0.22391892706485905,0.09630424520353066,0.1254198622009622,0.45590942371972365,0.19706317573397408,0.3179326889354874,0.5050190427974355,0.03367327620903452,0.0860280221324948,0.20756285985983666,0.24560077842518888
2014-08-11 11:00:00,DEHM_noBD,0.25214746885239603,0.1301556793312564,0.17725179683642797,0.6536723316767068,0.21075779075802284,0.33042044176622287,0.6560262998209241,0.025494294591812534,0.09915289029798922,0.2863305082740867,0.2528817369005485
2014-08-11 12:00:00,DEHM_noBD,0.24520323511817482,0.16282513706012613,0.2262884748604515,0.7371210832897829,0.28063225126381963,0.4102650541019579,0.7893716982833412,0.03716841043302601,0.11168681261081699,0.3828549749491085,0.2187552057407539
2014-08-11 13:00:00,DEHM_noBD,0.19202413922321748,0.18547620819426133,0.2462614853050833,0.6668855068631073,0.3132409322338923,0.43889835422553586,0.7908955500280146,0.049180421447355654,0.11831970480915152,0.3927695751204212,0.15439731567714562
2014-08-11 14:00:00,DEHM_noBD,0.15615847492910206,0.1916202826436382,0.21413085694522938,0.3947382825356419,0.3180183588413893,0.31940282350705457,0.6352281866710482,0.07204035120528353,0.11110549895058369,0.37626989598967703,0.08866312240766952
2014-08-11 15:00:00,DEHM_noBD,0.15589326395460382,0.15333301785848721,0.1650573331784968,0.16466542879107537,0.29329997470619146,0.20350099071118619,0.44500130940440563,0.08586040895650619,0.11885273025118721,0.3249030741550982,0.043932919116986525
2014-08-11 16:00:00,DEHM_noBD,0.14883112967405226,0.12272803648612016,0.13497643819646668,0.14848775588976798,0.29570154596066084,0.22456850078961724,0.28527815251989685,0.08195379164749633,0.14282602316394907,0.2562860852471439,0.033852293093046555
2014-08-11 17:00:00,DEHM_noBD,0.13485544922756493,0.1047268602045232,0.1336105618086747,0.11820270112938402,0.30496182975333175,0.2320745404649799,0.20735280139963314,0.07506931500788387,0.15250808769396557,0.1907528075482452,0.04684050124939427
2014-08-11 18:00:00,DEHM_noBD,0.12436531972025397,0.10472496340920096,0.15320311029175165,0.10467160076940255,0.3064396380033529,0.20381292224308792,0.1583673769609358,0.07782877620919797,0.13981753949785544,0.15601387885696394,0.06300948379335398
2014-08-11 19:00:00,DEHM_noBD,0.11406875796662735,0.11356524047624666,0.1723183450582063,0.10481371985150863,0.3042997894790348,0.20131417656279363,0.1375169111495019,0.0817420262007889,0.1173248869839308,0.14410407642876014,0.06735226177383546
2014-08-11 20:00:00,DEHM_noBD,0.11095139142278453,0.12465358066983656,0.16041788597617576,0.13977507206171372,0.31370068830323394,0.3399543544365432,0.1660104175298897,0.08306110603737057,0.10218722056066996,0.12900065711779762,0.06650545463687386
2014-08-11 21:00:00,DEHM_noBD,0.11959859851555062,0.17176673561709346,0.13032358780621914,0.27284410186571495,0.2929885600580646,0.6335746510733204,0.37227627602220936,0.09766546073078627,0.09098905015815527,0.1277290808189069,0.0707016561424926
2014-08-11 22:00:00,DEHM_noBD,0.13667299944672778,0.2282805801298969,0.12861495280563962,0.44512508010763663,0.24976780852161332,0.7156888150180881,0.7193491874029365,0.11206467384284526,0.09176489508521728,0.17899072124421095,0.07706727088164624
2014-08-11 23:00:00,DEHM_noBD,0.2079717621936747,0.38027920665846765,0.14392325061913575,0.5632444009839133,0.20316146995576084,0.6964440115706376,0.7865108320059028,0.11827429029809937,0.10539655949917383,0.30409461531968274,0.07963652906349397
2014-08-12 00:00:00,DEHM_noBD,0.4119360489524496,0.7992088167442399,0.10888768470540056,0.5880984221640357,0.19953636743503608,0.6969259006101647,0.8084668364781467,0.11023978786732183,0.12717467406378927,0.5685164293495457,0.08189035212869424
2014-08-12 01:00:00,DEHM_noBD,0.7244817972294451,0.8238099095721092,0.06892179413234216,0.6153023429080722,0.24701765067161982,0.7457514639234719,0.8897628289157388,0.09803394793793309,0.16701218258748599,0.8758178424317042,0.08663393443318876
2014-08-12 02:00:00,DEHM_noBD,1.2197779057848745,0.8870188878998074,0.062799611544353,0.663432232058865,0.3045836309746092,0.8253083525776863,0.8904353505269418,0.10697381607857522,0.19316469843989975,1.4212448083240514,0.09645122721317959
2014-08-12 03:00:00,DEHM_noBD,1.8048576225839787,0.9416992424996733,0.0733287750381302,0.6631576513165051,0.32895541883795504,0.990240665750139,0.9725408038164737,0.1133818153716763,0.17604700473427282,2.0300276141488776,0.1074657605543119
2014-08-12 04:00:00,DEHM_noBD,1.8321936228329119,0.5312259756008673,0.07921456911022283,0.6147728330206785,0.34823309846475714,1.0411513646379438,1.100813790067223,0.1014359772991295,0.1817066427673379,2.3215180433098044,0.12083598299900017
2014-08-12 05:00:00,DEHM_noBD,1.8964070474401955,0.20038831662074705,0.09679706113464531,0.5521256405974566,0.35686869491611606,0.9012859122258075,1.0525111128283449,0.08982525014544829,0.36773158380510035,2.1936942345804797,0.1279780361886892
2014-08-12 06:00:00,DEHM_noBD,1.8371558577919707,0.10610109050283927,0.11542132789220881,0.6372721765525411,0.3573470746198994,0.7546275777366338,0.8698847521323385,0.08381682729796495,0.3659971563216321,1.3402862266480293,0.12055056700454025
2014-08-12 07:00:00,DEHM_noBD,1.4133791649483691,0.10370407614219196,0.1428446485934033,0.6805937323450901,0.33335083502671675,0.654355704880664,0.8177656090411136,0.07440859091140323,0.2906793313232855,1.0104445787328284,0.11900054192365188
2014-08-12 08:00:00,DEHM_noBD,0.6641743960927077,0.1181918771834897,0.17864936679345547,0.6939516922691923,0.3269254420279338,0.5805472241029281,0.7693892317042091,0.06403955274911581,0.16351555775932955,0.9474037402444215,0.1275629652986965
2014-08-12 09:00:00,DEHM_noBD,0.4955014023836328,0.13562256307869666,0.18171421905557614,0.6267230124970908,0.34306944319365995,0.5425895277595986,0.7619356040099582,0.05891237258085044,0.09238624053368341,0.8673579106488079,0.14596892410585402
2014-08-12 10:00:00,DEHM_noBD,0.4805317664703306,0.1366453729745372,0.17232461282763614,0.6476676661183288,0.35011687716753215,0.48362736705500614,0.8204589170500972,0.05464107939241325,0.0671020126047635,0.7834721888723736,0.1618158438932254
2014-08-12 11:00:00,DEHM_noBD,0.22804742363433572,0.13384603499224867,0.17515696757953125,0.6361869427236652,0.37814088045604527,0.46963658014574083,0.7997390257728227,0.053593459877958466,0.08089739024148304,0.7093434209413406,0.1851736866162797
2014-08-12 12:00:00,DEHM_noBD,0.12846791226580026,0.13237620086089918,0.19061971441548312,0.6049013082541659,0.3987689029070734,0.5076494776801346,0.9096310233052634,0.05475748698024301,0.11807055106722739,0.5434497342816799,0.23647892384150646
2014-08-12 13:00:00,DEHM_noBD,0.14356607985958447,0.1163955648877727,0.1927950344235263,0.6451337616834592,0.39397978469274936,0.6342851301904489,1.2538892172404494,0.056285018863003806,0.13772016957376135,0.44793893927506867,0.3119310203748614
2014-08-12 14:00:00,DEHM_noBD,0.16811603413988363,0.11372753505607582,0.2215432410988768,0.6418542142496654,0.4035280814174561,0.6172388597588916,1.2766293835613176,0.06164031455351842,0.13008919702165744,0.38159084411161526,0.3728698416384525
2014-08-12 15:00:00,DEHM_noBD,0.17602527821198322,0.12094642843445985,0.24137998738065353,0.43259415378933846,0.3845320230283587,0.5385797990467969,1.1987932959058945,0.07047926441161945,0.1096864701109751,0.319454979450776,0.31526443905510637
2014-08-12 16:00:00,DEHM_noBD,0.17194104704782584,0.13467557187027984,0.2423046569354551,0.16883581391473498,0.39303099631436167,0.5359400687695154,0.9077221986980935,0.08306794405983525,0.09991899193466622,0.3306979621360523,0.23846249158920269
2014-08-12 17:00:00,DEHM_noBD,0.15835843260564353,0.14441256337515326,0.22998799596316163,0.11126934238996129,0.3709141175875067,0.543939916917585,0.85167048733392,0.08997544278118115,0.10072890723760236,0.3495091284135744,0.189096340235828
2014-08-12 18:00:00,DEHM_noBD,0.13971005265656147,0.1558635942490218,0.20683768478440342,0.09980837241104078,0.3403232579479738,0.49794169657231035,0.8203611996524073,0.0898711983128383,0.09736501754265971,0.32484699549856016,0.14870642058893085
2014-08-12 19:00:00,DEHM_noBD,0.13994538339553736,0.17755580630609924,0.19068783191243405,0.12071080619850605,0.3210165248010959,0.7529841136056343,0.5817596362311099,0.08700381303742802,0.09058341057776932,0.34711985328126127,0.11407506741454329
2014-08-12 20:00:00,DEHM_noBD,0.16835018937004603,0.1917635144150529,0.1995227268631784,0.2337195805020725,0.3242366024954616,1.272459207600843,0.539394210516254,0.08576970619117422,0.08954213777661751,0.3707326494987234,0.08752092802395113
2014-08-12 21:00:00,DEHM_noBD,0.20375548255277084,0.1825389720839705,0.21259458638065845,0.427455558529234,0.34016304811120024,1.757116177310498,0.6645530572672983,0.0878189683284059,0.09171066877553033,0.25062521220731604,0.06781422040846799
2014-08-12 22:00:00,DEHM_noBD,0.20846910843538224,0.1883533078830251,0.22301255159425412,0.6672293271637639,0.33598829667571917,2.0775925833281392,1.048737252169506,0.09140430211571927,0.0967345314048241,0.25338119505008355,0.055185653052786346
2014-08-12 23:00:00,DEHM_noBD,0.20450883607105455,0.2125913369846235,0.21774350243623808,0.9571826249085912,0.3517845392644776,2.068921019582339,1.6867925561019452,0.09711975402863973,0.1141229048424266,0.4835231564112597,0.05173236671904074
2014-08-13 00:00:00,DEHM_noBD,0.23820161690537334,0.24755396654093642,0.25270965382704025,1.179495745808901,0.37744697667315597,2.0607424475904224,2.2579805552086443,0.11441022135707535,0.14477339655351576,0.7795104749473186,0.05523148859459282
2014-08-13 01:00:00,DEHM_noBD,0.41703102998577624,0.39877075129908524,0.32662721063878863,1.3947150455562012,0.38255164676327247,2.1837838546281136,2.360046771265055,0.14334407565157672,0.1667902193330553,0.9607478647966153,0.0618333967018446
2014-08-13 02:00:00,DEHM_noBD,0.6303146447141363,0.5042514457556901,0.3109077935911426,1.583370660900479,0.4107229034192673,2.325059521496848,2.0604165673539967,0.1577878306695824,0.18607962536231126,1.0179968546988096,0.06697712505316687
2014-08-13 03:00:00,DEHM_noBD,1.0396812232358363,0.6025888625975444,0.2243163216188418,1.7559271891688597,0.44039364047778756,2.509381593073202,2.1798836191645985,0.1544952059440326,0.2138862719329911,1.4804848201940737,0.07796096888672045
2014-08-13 04:00:00,DEHM_noBD,1.9994614070290027,1.0844755944829498,0.236944040593794,1.8627606244046295,0.4634151748532987,2.6775165344368492,2.4548845712291505,0.14214573961231908,0.23099390619599247,2.0356162178274952,0.09511635887271369
2014-08-13 05:00:00,DEHM_noBD,2.424762086389923,1.5956228717007126,0.1857308830003703,1.7481138714020636,0.49335451413094994,2.4602157992938496,2.4716658873546598,0.12998333538255413,0.21114308805176984,2.159111080915721,0.10932736049628343
2014-08-13 06:00:00,DEHM_noBD,2.8753575975780516,1.327284903821083,0.12668799140453607,1.4884903282747561,0.46938156706877043,1.6630148751557496,1.976480154179581,0.12107357996607304,0.17656623766106547,2.5026056180166756,0.10804578682758591
2014-08-13 07:00:00,DEHM_noBD,3.0273951951530353,0.9283507478472137,0.12266603937340165,1.1996931805968576,0.4510742803837358,1.215578937835704,1.4867268588578881,0.09939519128626438,0.14941635119732452,2.5316510162657027,0.11162873283241735
2014-08-13 08:00:00,DEHM_noBD,2.0610585695164474,0.4459222923357744,0.11795132312640992,1.086183607531653,0.3836553913910686,0.8888062681396818,1.25110597859586,0.08041428357938749,0.2562522226361462,1.9225298412031901,0.12269964442599432
2014-08-13 09:00:00,DEHM_noBD,1.0060371462557232,0.24234455778081604,0.12394594296634875,0.9798484680258517,0.30179657898992296,0.8327984487427154,1.1940076403095246,0.08130652795928062,0.4856553939291368,1.3870928169296306,0.1231687878886242
2014-08-13 10:00:00,DEHM_noBD,0.6168693284914596,0.12539763649421723,0.13973702955428732,0.9548818264381703,0.2922160454975812,0.7431716984412213,1.0797300141442658,0.0859295035702397,0.7321273869653419,1.0398125940522132,0.11638460266442784
2014-08-13 11:00:00,DEHM_noBD,0.4576121361283258,0.10604863341772328,0.14411282727470606,1.0993997368426225,0.30779442548565566,0.6586995997575529,1.0937009356846707,0.08624705866704166,0.7601764827336462,1.0695184215685352,0.11573831852230236
2014-08-13 12:00:00,DEHM_noBD,0.36079183485784083,0.1250050226777255,0.1300472290770056,1.3574651733403813,0.3256808844684809,0.5539211856655636,1.318800327281845,0.09289852386406844,0.654444172071917,1.0276314693997242,0.12372653734961572
2014-08-13 13:00:00,DEHM_noBD,0.349217648566584,0.1194991358457574,0.11666767064337602,1.6072523909352254,0.32503501494403914,0.5536735541287623,1.370270709868802,0.09918113985958035,0.6477383491023816,0.9349083200005162,0.1322848622709907
2014-08-13 14:00:00,DEHM_noBD,0.43678066894497947,0.10870782264887104,0.10486502763941635,1.8150587296912541,0.30244945624317965,0.5480947287241926,1.0932326892234456,0.09809572890266753,0.6935954051951598,0.8260122608972853,0.14638318605792816
2014-08-13 15:00:00,DEHM_noBD,0.5413158930514916,0.10744538868071023,0.10347277263674406,1.7180434164414478,0.2759093393241427,0.5471538999145198,1.001963594164633,0.09805109715946006,0.7342906144919386,0.8808706775299202,0.16650463980799418
2014-08-13 16:00:00,DEHM_noBD,0.5113501505897262,0.11869031573777013,0.11724771478101603,1.2564621897988457,0.2698581999082351,0.40938920143105545,1.0060795124687743,0.09755542755004463,0.6639051120277214,0.7900905820815847,0.17883616430581448
2014-08-13 17:00:00,DEHM_noBD,0.44157916652249973,0.11869042868979492,0.17982322673259984,0.7055390683080127,0.26184648010840633,0.2518472494254149,0.6833696376645821,0.10276521333075118,0.5381942333997594,0.5222801923106999,0.18163837457239904
2014-08-13 18:00:00,DEHM_noBD,0.3776198479369858,0.11563235455508074,0.2422404117119683,0.5042950905019954,0.28804044830053566,0.2556200744440228,0.8261205635236235,0.10684605595573948,0.4006703214523051,0.39338922493369377,0.17943499307293448
2014-08-13 19:00:00,DEHM_noBD,0.39767856876375707,0.11985847813516937,0.27185644464255054,0.8785253991669064,0.33621994517954995,0.5499812260704908,1.157898963752351,0.10313952399157213,0.35352918434422576,0.5325425025855186,0.1769425042695588
2014-08-13 20:00:00,DEHM_noBD,0.45037689959474514,0.13012396729194636,0.2100970292920572,1.10990261437178,0.37698568314108527,1.0864650965425233,1.2356227243860556,0.09310087021715152,0.34030118367922796,0.889695177261614,0.17106149614200336
2014-08-13 21:00:00,DEHM_noBD,0.5714139524090964,0.1586164144639342,0.18780457152069538,1.481944560975339,0.3689889788279681,1.7916906179859113,1.6483462353122245,0.08261020168816258,0.3426924676531227,1.0087818799931076,0.16676282586621685
2014-08-13 22:00:00,DEHM_noBD,0.9284101404485682,0.22233278639118423,0.17872309323846805,2.0757013223492873,0.32656068948076095,2.6960938015816045,2.5203351249405217,0.07593240329093462,0.34232146144176934,1.0484355059921588,0.171733268975175
2014-08-13 23:00:00,DEHM_noBD,1.29514936193812,0.5374463720685049,0.147127196553389,2.8060971361885247,0.2925723982837422,3.626568306790079,3.2126215870807124,0.07459309291991752,0.3424836896185414,1.1445632423704388,0.19178611656957645
2014-08-14 00:00:00,DEHM_noBD,1.2223264264542517,0.7541552331798785,0.11258565740702427,3.966626952604105,0.27844985072539646,4.048199289790524,4.131730995881685,0.07706301536815816,0.31419743497408836,1.3405860093379975,0.2189079093616582
2014-08-14 01:00:00,DEHM_noBD,0.9578939905051578,0.4894558150967373,0.0977940091343339,4.620924237975443,0.30460629787471594,3.380955606176625,4.317355090398925,0.07846733003235029,0.2328022919771989,1.5311814626542872,0.23256074130145352
2014-08-14 02:00:00,DEHM_noBD,0.7477243638870469,0.3827846754418614,0.10075388996273502,4.066143124476434,0.3393992442458658,2.2909258070231067,3.6075274882474995,0.07713923670471773,0.21354066993086251,1.819096418339732,0.23935190615561538
2014-08-14 03:00:00,DEHM_noBD,0.6465443505770765,0.3492553313331165,0.09929665964975941,2.7281948567221126,0.40898668510015124,1.7344273451833148,1.9371485589119137,0.07315258685386486,0.23782318748911885,2.221687813457469,0.24380225347235776
2014-08-14 04:00:00,DEHM_noBD,0.5206360034897877,0.3426555817106017,0.07801735313988975,1.999945221271219,0.4270400276381615,1.86047332369362,1.6229740584522907,0.06729558677691232,0.24335956155993616,2.4155895424357388,0.24130354981088994
2014-08-14 05:00:00,DEHM_noBD,0.4689164916179515,0.32006602334216916,0.06640103995476088,1.728117887817836,0.37318065467691963,1.7417167657593777,1.6507868462094988,0.06035568982094751,0.21096642449609043,1.7775951534343704,0.2365639785500219
2014-08-14 06:00:00,DEHM_noBD,0.4117701622829166,0.21620627559277916,0.09039564281153016,1.4682592729371218,0.33182818984975104,1.3259890987970377,1.531940824342902,0.04940370007109179,0.2189644524885364,0.7713423556148191,0.23279623037261413
2014-08-14 07:00:00,DEHM_noBD,0.3793135735852829,0.1266795486090703,0.1128494867914658,1.2725875266036266,0.3583463886305316,1.1955127278823592,1.4822493493040638,0.038354167732305926,0.221621626395285,0.4546467159431171,0.23507898107643574
2014-08-14 08:00:00,DEHM_noBD,0.35072628253181454,0.09792661697753693,0.10547064547553647,1.3601450301729014,0.3506730907191707,1.01630907891894,1.5498779215432275,0.03066034314801102,0.19068088657756324,0.33987989165453236,0.24522155319920208
2014-08-14 09:00:00,DEHM_noBD,0.34182725404964753,0.0861574399278033,0.09309655766927154,1.477201853641545,0.3370717982571199,0.7317775749285891,1.5081497268389572,0.02575681787111171,0.17981557285106253,0.2731490578625234,0.3305527798052387
2014-08-14 10:00:00,DEHM_noBD,0.31972912405579806,0.08832221025901722,0.0763467064376826,1.5305345450240404,0.31573681896843003,0.4753339397187949,1.1062790685168582,0.022282953406687785,0.17945388097280626,0.21884156111705574,0.5040486147493658
2014-08-14 11:00:00,DEHM_noBD,0.26934633495384114,0.09112691423269909,0.07484133435536623,1.188477435916745,0.2657069462565331,0.3179340753237507,0.5655380176567705,0.020122616376104813,0.17447093789514612,0.1945414568364154,0.6538904384163511
2014-08-14 12:00:00,DEHM_noBD,0.2682552190156978,0.08351604411623953,0.08679695231190397,0.508260783673558,0.23583391156498337,0.21017936995029662,0.38615522321358026,0.019199543112222953,0.17355651309805448,0.17558815924381474,0.6502910372643707
2014-08-14 13:00:00,DEHM_noBD,0.27003653664425936,0.06784884150286198,0.1052255412127821,0.2236657396558407,0.202975106855845,0.18692491222373306,0.32034062230110155,0.01994038417654336,0.18692118162680865,0.1588422426710044,0.5838643775492103
2014-08-14 14:00:00,DEHM_noBD,0.22029420962609575,0.06418636445722295,0.11414446043562132,0.14048081012202276,0.1994902221510931,0.17451560209528652,0.19353038967721126,0.02073383540473223,0.19164524786308396,0.15821201250367792,0.4571213100667366
2014-08-14 15:00:00,DEHM_noBD,0.14949920707593192,0.07322257344749862,0.09799833925656956,0.1711208964649321,0.22802413912910954,0.1528950289991042,0.15241213927894057,0.020344020949074712,0.14478774355340734,0.18644524159528417,0.3092980471028456
2014-08-14 16:00:00,DEHM_noBD,0.12377389062087969,0.0868563703195896,0.09138180524881917,0.21428381456256043,0.27957830332059397,0.16958782462343042,0.19377589286423486,0.019461530631910286,0.08931903340501464,0.24273036171252713,0.24229891630424052
2014-08-14 17:00:00,DEHM_noBD,0.10428889127851684,0.08970914761050058,0.11129832022933284,0.2082520364632735,0.3333120524698308,0.21128644326265628,0.21607106111310737,0.02084628005484946,0.06844489126403934,0.24475046266687633,0.2077308045333193
2014-08-14 18:00:00,DEHM_noBD,0.10274712637052857,0.09680624713055094,0.13947141440856026,0.2172349164950462,0.398368669107165,0.32758832451044717,0.3495957104529497,0.02259066713778268,0.06017103606268031,0.19285280926028806,0.1981094535326765
2014-08-14 19:00:00,DEHM_noBD,0.114684857510738,0.12246847194351454,0.22026969854049838,0.6549470449683454,0.564597194818966,0.9196296888505741,0.686633677041463,0.025469135720290546,0.05670052272317296,0.12842807540672918,0.18985544193646064
2014-08-14 20:00:00,DEHM_noBD,0.11887019123531868,0.15891123803047078,0.2874176059214025,1.1945410898464575,0.7534444515114509,1.7008260729111626,1.1217481961810594,0.029155003394797586,0.05943381446524038,0.09921275894122436,0.17715186445857162
2014-08-14 21:00:00,DEHM_noBD,0.11292015118678315,0.23577657402856905,0.24308882630500936,1.8423212557154667,0.8539348544020811,2.514249093541905,1.7713148820337061,0.030199853998906772,0.06449078357916782,0.09936671157853792,0.1601837103377245
2014-08-14 22:00:00,DEHM_noBD,0.10510422638007201,0.32234203923458776,0.20178331486260503,2.6982991625370403,1.081719695443497,3.4148746344796455,2.6320617673281195,0.03081903299915591,0.0792266397025491,0.10437186619034038,0.14090216239199405
2014-08-14 23:00:00,DEHM_noBD,0.12185490027969925,0.31785772373336013,0.18349789129178962,3.490448960290236,1.4814324214827361,4.3224166045001535,3.6902587350591127,0.03226519963606081,0.15086602625089218,0.12075461505405181,0.12231676481250196
2014-08-15 00:00:00,DEHM_noBD,0.18153364411155687,0.27684046814082597,0.17734545873345786,4.195219966059276,1.5630366517479906,4.831682165934881,4.8826254703397165,0.03253601806996843,0.21061381549760688,0.16204201592417358,0.10944304846020234
2014-08-15 01:00:00,DEHM_noBD,0.22832659997871127,0.2602329827208815,0.17859505254568528,4.964705099284887,1.238333118863404,4.764583608049584,5.813096736269058,0.032007803692936286,0.2585926010168529,0.29172267746096525,0.10232873809139084
2014-08-15 02:00:00,DEHM_noBD,0.2509699611199087,0.2617630848112817,0.18186168796263621,5.335736961433864,0.8865776620463188,4.560391595312702,6.341878287645229,0.029435864090882096,0.27881898769416824,0.4689697998302522,0.09662914624229703
2014-08-15 03:00:00,DEHM_noBD,0.2571511112548224,0.265662431465294,0.17966161224676275,5.02114621770592,0.6667667373236081,4.576070781584892,6.401461191070251,0.02534383318316189,0.26734061640880985,0.569267414166592,0.08796638127562753
2014-08-15 04:00:00,DEHM_noBD,0.2579326871765032,0.26362024506652015,0.18192173858709626,4.5271751623979135,0.5586751046857517,4.487727043792696,5.999820370367533,0.023628233741184078,0.22385869538577263,0.5318455098973587,0.07882684847030894
2014-08-15 05:00:00,DEHM_noBD,0.25531818049259464,0.24876951426794047,0.17680353037459762,4.035092150239701,0.48508716580649835,3.7240752230765204,5.036414075252301,0.02707298385629059,0.1630543548753902,0.4656891860295831,0.0718465059625146
2014-08-15 06:00:00,DEHM_noBD,0.25536135592835,0.22230729751729278,0.1832529819950087,3.443436182186535,0.4155391268056723,2.7387385284578496,4.135923990782198,0.03295681301751465,0.11277896518594108,0.39934951958466314,0.06602284922339004
2014-08-15 07:00:00,DEHM_noBD,0.24211292937163253,0.21066257527767088,0.1882460422118938,2.937244510824218,0.42230923752668303,1.8634757709782102,3.45947152227897,0.036944366840547825,0.09512025348890567,0.355080045455424,0.06370289115950864
2014-08-15 08:00:00,DEHM_noBD,0.224319544824846,0.21116777129460004,0.17386597418574615,2.6590896788524714,0.4794726682565175,1.4260617096191284,2.9126583680605718,0.039416656500362364,0.11142559717881487,0.336252140730936,0.06561708368684739
2014-08-15 09:00:00,DEHM_noBD,0.24441455653913313,0.2091802285672252,0.14887783722840237,2.3861985619005948,0.4549613297695386,1.2697298070672485,2.541819897879187,0.04208440195971125,0.1338254425742848,0.32043632629238056,0.06951757057454921
2014-08-15 10:00:00,DEHM_noBD,0.267429517716933,0.17666379245694377,0.13771013062113882,2.2825008094989974,0.2996867261256089,1.234345091204534,2.2587058796131525,0.043817348971423364,0.16612646254353206,0.31200520213169974,0.07103450795858796
2014-08-15 11:00:00,DEHM_noBD,0.29455280975868914,0.14697241566720937,0.1417241037531941,2.0870440450710057,0.18218789703478105,1.1124068327102519,1.9788298226539736,0.041111664369024574,0.20050965172771357,0.29725716406750485,0.06687030485192329
2014-08-15 12:00:00,DEHM_noBD,0.3148633633986486,0.12182441200526596,0.15206327221702773,2.0062063985629384,0.1537268587380833,0.7902893739084864,1.8559215571337466,0.03777801405557656,0.22142694541454305,0.229679889229664,0.05998859448432216
2014-08-15 13:00:00,DEHM_noBD,0.3357350862055364,0.10512856523076755,0.16399371926553538,2.0105809735454345,0.17557361638907332,0.37466978784205496,1.7808058090347496,0.04078287661147393,0.22074011453323047,0.18399559005928212,0.053050819484886394
2014-08-15 14:00:00,DEHM_noBD,0.33923483782519565,0.11303035634622725,0.1945349923750384,1.8994408848117748,0.19917637677988032,0.14340606207188905,1.2096875974489725,0.04895949104948424,0.1982942953465505,0.17712328558284307,0.04717153279185161
2014-08-15 15:00:00,DEHM_noBD,0.2975086148731223,0.15336817263846914,0.18816601261499316,1.3066128749923753,0.2239900749053712,0.12455173059943295,0.2628445484148803,0.05059675325047268,0.18603149952370654,0.1588091786787611,0.04398024716034466
2014-08-15 16:00:00,DEHM_noBD,0.18384182832165613,0.23140360327593149,0.15929273713169614,0.6478143793553293,0.23034769872592747,0.19107307224042352,0.18320332782191767,0.037470937339951035,0.19935343971289682,0.17417160975659718,0.04349951211105556
2014-08-15 17:00:00,DEHM_noBD,0.1467650564915779,0.26722096692483976,0.14325386304798512,0.16695469246799705,0.20358050609741357,0.2551016703475336,0.30037670464548827,0.028596842600865743,0.22208637170188122,0.1961246180288128,0.04475298935300862
2014-08-15 18:00:00,DEHM_noBD,0.13266098841436197,0.2139140538506756,0.13233611666105208,0.23541960567124054,0.18204645329430694,0.24500714344746188,0.31711710399710186,0.03709074148036998,0.24968257635712615,0.21086620210458218,0.04794352448293785
2014-08-15 19:00:00,DEHM_noBD,0.12659628117206714,0.18880756425195905,0.12084477886123567,0.30444969445160847,0.17752957578945894,0.24302324838829675,0.4294395907051325,0.06044149423196895,0.28076954845637075,0.2083172097391035,0.05228124624891609
2014-08-15 20:00:00,DEHM_noBD,0.16782008270464013,0.18294007148443073,0.11467498511456407,0.5150356760619277,0.1720450266508385,0.3135708542548818,0.4808432071806583,0.0788237871368926,0.3214225486899911,0.27138834956403945,0.05503677097740217
2014-08-15 21:00:00,DEHM_noBD,0.2166874179761436,0.14338821361748047,0.11312014909812013,0.5667596220418267,0.1804695791326648,0.4265742375134699,0.4512397342632408,0.07566213316430791,0.36133065408244713,0.18256267356013767,0.055314123899252846
2014-08-15 22:00:00,DEHM_noBD,0.2563411149346874,0.11896944793497834,0.10410504128240503,0.527932356576738,0.18991189583374182,0.546604536288091,0.44055930077078564,0.06800551400860066,0.38249603534281246,0.14494943879485062,0.05310382124087276
2014-08-15 23:00:00,DEHM_noBD,0.24597878877290513,0.11649553069288265,0.10066993469074828,0.5038189376784266,0.18672524037469168,0.6493450883368681,0.47474667775605073,0.07044909350920447,0.40980165508925903,0.19708949107897872,0.049343869611819316
2014-08-16 00:00:00,DEHM_noBD,0.21826936998652294,0.11584256841708948,0.10840414545392145,0.5460933002719904,0.19305102378018185,0.7421560973630605,0.5297225009743278,0.07809339187168271,0.40628398510247454,0.43178089294770716,0.04485016680575964
2014-08-16 01:00:00,DEHM_noBD,0.20394938468794332,0.12115592865979821,0.11379640675169408,0.62138893463106,0.20133788899943225,0.7872604314939347,0.5879696249678715,0.08645322650668194,0.41489889410376535,0.4098687323592043,0.04198760321455054
2014-08-16 02:00:00,DEHM_noBD,0.17447979369289224,0.12489473798541982,0.10476176851817744,0.6437678046409226,0.17860610526613882,0.7457321544507821,0.6260993661378982,0.09321237746817503,0.4492043269363044,0.3175225482199341,0.0395358351258001
2014-08-16 03:00:00,DEHM_noBD,0.14605015233961396,0.12025237914768444,0.10061212153211459,0.6673993973898683,0.16542991484530256,0.6264464286146264,0.604515426023664,0.09565504940010125,0.46140473309531793,0.2428445114421529,0.037833257791888786
2014-08-16 04:00:00,DEHM_noBD,0.14735215578778627,0.11534670191508278,0.09857608340930588,0.728347587410548,0.1895263134782014,0.5459858505894242,0.5548537254613183,0.09616761180315157,0.43155873239669934,0.2094043741668984,0.036796357634723935
2014-08-16 05:00:00,DEHM_noBD,0.15959988652806836,0.11788243596499004,0.09531784976628338,0.735865702434912,0.22215477217219753,0.46308967789195593,0.48136317596063694,0.09336122076798223,0.3308877073394133,0.19577183579921717,0.03635558244183183
2014-08-16 06:00:00,DEHM_noBD,0.1515044248901435,0.13093707507855712,0.09575758312701449,0.6349645589968218,0.26061362202621985,0.4011703014347386,0.3656798514737368,0.08098379482529111,0.2614666812831535,0.1961491577143314,0.03487099313510342
2014-08-16 07:00:00,DEHM_noBD,0.1430002838115502,0.1395489024658378,0.10415871646446236,0.5266134147001895,0.3018750801336763,0.41256992806736364,0.2876872263225418,0.06531836284072587,0.2242541643940284,0.19288445497353543,0.032638700310434164
2014-08-16 08:00:00,DEHM_noBD,0.13750642113957864,0.12523923264695194,0.11342513118086144,0.44221478831839933,0.33909174322552965,0.4345960428154282,0.3105787945954634,0.06438058815852961,0.2027373796112088,0.17617370770962903,0.03105533450333154
2014-08-16 09:00:00,DEHM_noBD,0.1375734225378837,0.11576614621834777,0.12453300334185348,0.5218258964288374,0.3557400656847841,0.4592938043971637,0.4674767187163419,0.0707965502479159,0.18886855738095928,0.1627088766719517,0.03057290059121077
2014-08-16 10:00:00,DEHM_noBD,0.13218027926330617,0.11114002528039942,0.1335046840576082,0.6608597940884176,0.4755731868212295,0.578118984796442,0.727210172162581,0.07863065008265081,0.18273930271446695,0.15402366119048078,0.03187126298165234
2014-08-16 11:00:00,DEHM_noBD,0.12249122477751644,0.1130754257850033,0.13273612259793077,0.8841867732046753,0.6735667929955198,0.7630938003118545,0.8414260002975416,0.08706628882491196,0.18093563887168634,0.14919173147055664,0.0343914973822957
2014-08-16 12:00:00,DEHM_noBD,0.11912074907507342,0.12625432898730576,0.13153303224368004,1.3431244918475205,0.4379684145485422,0.6517246306455786,1.1079132702948817,0.09400874192398909,0.19375411236589765,0.1420020041672995,0.03580632034364029
2014-08-16 13:00:00,DEHM_noBD,0.11799881287961814,0.13330669112374005,0.1301993966709309,1.3605390849615704,0.21740706365363657,0.36047692322331115,1.0088998481966578,0.09723362888834604,0.20946698615122572,0.13392372608483064,0.03609219031553235
2014-08-16 14:00:00,DEHM_noBD,0.11984277857468063,0.1284618814643826,0.1316129161684121,1.0039006839793443,0.18233713430531306,0.19748944508562788,0.9207633079103064,0.10513870167028738,0.2295369882324523,0.1306095172184833,0.036385725957361184
2014-08-16 15:00:00,DEHM_noBD,0.11834883895214938,0.12581888063069774,0.13586205818627242,0.6780413784869199,0.3038921533582358,0.2045308818709453,0.5470936593099924,0.13064378716517425,0.2303815321917038,0.12867514162233035,0.03589805886373705
2014-08-16 16:00:00,DEHM_noBD,0.1219302470557466,0.12445322354510656,0.1417780856647551,0.47384359401084725,0.5598685555467009,0.40153363712158496,0.3787034166673879,0.15369819048551078,0.21455459910050484,0.12930825089046952,0.03452039005014808
2014-08-16 17:00:00,DEHM_noBD,0.127814642605982,0.12499225726507715,0.15575690410377446,0.400698750868971,0.6326252148151583,0.7127541161914122,0.41344742241527876,0.14981539650046835,0.20413412400919234,0.12643666828698213,0.03297225011318175
2014-08-16 18:00:00,DEHM_noBD,0.12650213634763494,0.12756228838939515,0.20243650264439506,0.5117922572487849,0.4802201899604033,0.9450428680139439,0.9003379912893698,0.1360807010996037,0.18674891646879935,0.1286035375607554,0.0332706662570094
2014-08-16 19:00:00,DEHM_noBD,0.12165398097355777,0.13575482013235118,0.2913300953856666,1.145896625472495,0.36659790308064766,1.4050959045273816,1.5936370933940394,0.1276373399891745,0.16379661073749868,0.1351154954095653,0.03447595900314617
2014-08-16 20:00:00,DEHM_noBD,0.13179638556362147,0.1472206205419714,0.24065211655889399,1.9920435765118452,0.31810524790597605,1.8851599204842029,2.253893067165817,0.1298967420937417,0.1415333248707395,0.13795939002284946,0.03576909336384571
2014-08-16 21:00:00,DEHM_noBD,0.14198054278637162,0.22247409497714096,0.23110903429804655,2.3287058133262764,0.31160886689183287,2.516317201612689,2.6485418996599552,0.12762907615454727,0.13212207713495575,0.13593469898097038,0.037433562619738674
2014-08-16 22:00:00,DEHM_noBD,0.19139267788443004,0.28449190711698097,0.2332275448571762,2.9127028473442196,0.30191694786830314,3.3223761415251354,3.058617372821613,0.12258701952712865,0.1353835269333805,0.1376165421560586,0.039565081395595225
2014-08-16 23:00:00,DEHM_noBD,0.2434289863869313,0.2728756454370606,0.21584672456034915,3.9684366780482345,0.2826535708320931,3.4620827494221755,3.8244980830489554,0.11984410873807405,0.1460862062531173,0.13647734263734598,0.04253046942049901
2014-08-17 00:00:00,DEHM_noBD,0.31053544434016095,0.2914371317132066,0.18025156426659303,4.72015063502035,0.3122431887211231,3.272899091454652,4.408235699548654,0.12410505884224488,0.16794581942983544,0.16888149195552088,0.0461923260903119
2014-08-17 01:00:00,DEHM_noBD,0.2864723118455288,0.2975207902506517,0.166823634478665,4.2537775784119285,0.3664603620080322,3.0752757236004147,4.287536212494577,0.14007639615977774,0.19138342030592845,0.2096609762768843,0.05030029600141739
2014-08-17 02:00:00,DEHM_noBD,0.24461485048945505,0.2416848327970327,0.14959451485865324,3.3068256472181186,0.41226714918987345,2.913522221353356,3.9858303097025867,0.14974557047847,0.20984279799912642,0.27749710711302406,0.05524734634992996
2014-08-17 03:00:00,DEHM_noBD,0.22162683227674085,0.18657667860058963,0.13656301690119624,2.664269992085556,0.3988029181523852,2.7891662913931317,3.7510600548245043,0.13156959055138215,0.2210395657078048,0.28088187162377465,0.059468674079471734
2014-08-17 04:00:00,DEHM_noBD,0.23384473500946062,0.1939030732783974,0.1262534019083341,2.2020902717665893,0.430556903849705,2.654225546959895,3.487327706111764,0.10719833715732432,0.221208814826259,0.24207137172973067,0.061723557395398226
2014-08-17 05:00:00,DEHM_noBD,0.23812070506845703,0.20468544904923608,0.11363124361836861,1.6572558865306026,0.5315817219362826,2.178694445984571,2.8858346064004734,0.0875583931942999,0.2076280225849791,0.2373214959800618,0.06381345280153197
2014-08-17 06:00:00,DEHM_noBD,0.2322957939780467,0.15551264251417077,0.11329021696449505,0.9681652280389952,0.5604665194322448,1.4273352430104298,1.9408798132898815,0.07420325020144279,0.1848629866679151,0.27222931237652953,0.06793675400073156
2014-08-17 07:00:00,DEHM_noBD,0.24521546678212924,0.12666509499687073,0.12502450786207497,0.6622934601676318,0.5278567561386711,0.9154937448756197,1.2421337108333477,0.06649216892625913,0.16606326012684225,0.2934114363700733,0.07586100389840592
2014-08-17 08:00:00,DEHM_noBD,0.2809885813879477,0.13414693800616098,0.10411997983384505,0.6764304681697964,0.4586027994904294,0.7531044237599218,0.9898551119508314,0.05595699087584424,0.16304449684740702,0.3355384907921799,0.08618154090590141
2014-08-17 09:00:00,DEHM_noBD,0.30169830357419314,0.1488371868790226,0.09404892599298129,0.8180108442966314,0.39224875320034097,0.7181024199112505,0.8846693122285859,0.04549592538273294,0.1508665615939544,0.3821117768089938,0.09688652486541163
2014-08-17 10:00:00,DEHM_noBD,0.3167703039071894,0.10879070082705689,0.0937653674362528,0.9518033751785802,0.3702814302206598,0.6884570472423963,0.8149003998387953,0.03737480675704652,0.13488696212188783,0.48852624137791795,0.10549697179870035
2014-08-17 11:00:00,DEHM_noBD,0.2722997800928445,0.07441641410447447,0.0951161884932335,1.049271646617094,0.35947088498365126,0.7099260124088403,0.6827977429354888,0.03454039105464111,0.1283531679382826,0.5927110607828758,0.11146044000892363
2014-08-17 12:00:00,DEHM_noBD,0.20947453020906526,0.06774510306582024,0.1017117765518556,0.9426983828280131,0.346372612189427,0.6932629525085853,0.7119768526664537,0.03356863266929971,0.12140764407334367,0.23572123531624667,0.11644863913235631
2014-08-17 13:00:00,DEHM_noBD,0.13937823334187494,0.07888615095858391,0.10399112119356163,0.8024385215609915,0.3483917891686409,0.6543605907277873,0.8026086347406449,0.032813453217695875,0.11922711687210473,0.2606432204016296,0.1228282338628437
2014-08-17 14:00:00,DEHM_noBD,0.1565396580369304,0.09199691811856865,0.09040456920159498,0.6784866802353342,0.3688876037017999,0.6261529270996097,0.8085140247981174,0.0330392258602834,0.1134126505452207,0.44280128933391993,0.13087883459098376
2014-08-17 15:00:00,DEHM_noBD,0.17535493186251955,0.08430650881039148,0.10070749173736653,0.6718550988686127,0.4013286139346658,0.6097917332849394,0.8503006392371694,0.03270499679740446,0.13072321649489912,0.37138966610781826,0.14055339371472053
2014-08-17 16:00:00,DEHM_noBD,0.15263937958157142,0.08927347088957227,0.09656772909984453,0.6302830052617231,0.4082595946428178,0.5836176663446611,0.799252639855889,0.03595837630159562,0.08571392820382948,0.24835804041903803,0.14717357624718033
2014-08-17 17:00:00,DEHM_noBD,0.11013970810157112,0.1006261749503757,0.08479866507548942,0.4719064145113135,0.3304947944289631,0.5559081233658514,0.6279877488017944,0.041986531732321274,0.05625583595531988,0.26694459986996133,0.14726062758122835
2014-08-17 18:00:00,DEHM_noBD,0.1293863904341321,0.10290954781696593,0.0740420010394846,0.4178251971397081,0.21402566521687416,0.5067177812425263,0.42798288353905833,0.0463363173720775,0.04507263475697362,0.2544700739879919,0.14459266965320366
2014-08-17 19:00:00,DEHM_noBD,0.191546312331506,0.09633666156518705,0.06372676413110566,0.43764643911263135,0.15303082040917107,0.4690218213540739,0.5777696206865055,0.04810272242290983,0.04206551762653686,0.20056778440073036,0.14442739659526252
2014-08-17 20:00:00,DEHM_noBD,0.18899987695749612,0.08704133587821689,0.047886098283801054,0.652893425988766,0.17523694481039406,0.4219996032742215,1.0485917535669822,0.050839698944553396,0.04469672045770958,0.16359917209679223,0.14896746571131894
2014-08-17 21:00:00,DEHM_noBD,0.1860098695712558,0.07665969577239455,0.038201503720337225,0.8181610210803758,0.20689676335781326,0.39401555450021714,1.1152988371796257,0.05140580420526639,0.05290906618673917,0.15187969061924364,0.15280974414261542
2014-08-17 22:00:00,DEHM_noBD,0.1805993371864012,0.06694023988167049,0.029642107408425114,0.8534506886567188,0.20687310057096175,0.4900318153689364,1.0920863367700318,0.05521856253695523,0.0682636378594998,0.16636235839450134,0.14534487158446693
2014-08-17 23:00:00,DEHM_noBD,0.14997419978960755,0.06904984226407133,0.029194771189171492,0.9530193529502355,0.18782315024530513,0.6364951127788179,1.1441595606992674,0.0629026867016212,0.07337232396215881,0.16968230711554377,0.12948755663281872
2014-08-18 00:00:00,DEHM_noBD,0.11579029444698119,0.06687391882816328,0.03887129830841547,1.1916728040072706,0.16866540544905223,0.8100097292893614,1.1568579293545336,0.06156165968377216,0.07447577545060535,0.16301034829005465,0.11207445185112108
2014-08-18 01:00:00,DEHM_noBD,0.11684931445693236,0.05672794660220507,0.041639702267417575,1.2889245535953862,0.1569305318822152,0.9947978838805688,1.1017645502280118,0.059444282836848765,0.07044423392708397,0.20338858530977189,0.09406240367500547
2014-08-18 02:00:00,DEHM_noBD,0.1172676731971114,0.04952436820793751,0.03792715510308266,1.312604488759178,0.17129461542557445,1.0865427703225117,1.0709501444194236,0.06305056439611416,0.06414241493958496,0.20598698675456747,0.07757918683154708
2014-08-18 03:00:00,DEHM_noBD,0.11207309602229837,0.038659538006188064,0.031159928131147235,1.4115323610231654,0.17500213597993342,1.0835290370176218,1.3476388488851294,0.07976005281065222,0.05510131446256761,0.24107158298413742,0.06929867950559349
2014-08-18 04:00:00,DEHM_noBD,0.10857716644164278,0.030963796539744536,0.0278227477387197,1.5077509564132845,0.14382090818834475,0.9594950163540013,1.428715034317892,0.10548949223089552,0.042529958406672716,0.3667162684802013,0.06712854169001896
2014-08-18 05:00:00,DEHM_noBD,0.10896896829976216,0.026259194751864594,0.031007164960918796,1.335828265044662,0.11859486137836218,0.6571727156715043,1.0544065152187299,0.11481170249326571,0.037235543413082994,0.3690512316479847,0.06555584789890931
2014-08-18 06:00:00,DEHM_noBD,0.09906620607194477,0.021880666019704054,0.044732718821562996,0.7763372980101877,0.11376774599416173,0.29298568454080465,0.5519408363774442,0.09165384841954254,0.03283198200989039,0.3708975245609598,0.06145596722243992
2014-08-18 07:00:00,DEHM_noBD,0.08461251426169158,0.02043248233674141,0.042371871862574365,0.5135113872446544,0.12531887707578007,0.14389531056775345,0.347524786664496,0.07306374792296565,0.026422522379188917,0.3059969625049398,0.05769972466957806
2014-08-18 08:00:00,DEHM_noBD,0.06840706769501079,0.026863774027082725,0.03704298318783504,0.38573060848374086,0.12690810976043318,0.13368121081693785,0.28103399055279665,0.06670028362703306,0.023441150090455744,0.26362936363511125,0.06073322782795173
2014-08-18 09:00:00,DEHM_noBD,0.056375712551520976,0.035841475452096684,0.05189284604609001,0.30373598122517736,0.11825113450303659,0.15676276656165708,0.2649209862757077,0.06802412931036567,0.02443735003917929,0.2505047894374338,0.06765788716009248
2014-08-18 10:00:00,DEHM_noBD,0.04449932941557824,0.04083403828223564,0.07298163571081107,0.24278644827624887,0.09972536303836847,0.18402979162343994,0.2704092490967118,0.06901062617714625,0.02686775637451086,0.34672645375309485,0.07211329590077614
2014-08-18 11:00:00,DEHM_noBD,0.029756084897755518,0.04118692801463403,0.09346792715032563,0.3432017539536637,0.0767592572681976,0.1904503949592913,0.26198508537317033,0.07133219521728569,0.031104679414322503,0.366179585513568,0.07461522897959565
2014-08-18 12:00:00,DEHM_noBD,0.019040660825273774,0.0559659323314354,0.08048517970391536,0.39753522983743095,0.05411654371228051,0.17801795671608284,0.25352787259137183,0.07446553978014606,0.038871518223336704,0.2289800640974985,0.07306509731983986
2014-08-18 13:00:00,DEHM_noBD,0.018973117733178498,0.07294674990169464,0.06974156798698669,0.44334928035614185,0.05999182868733979,0.10842816603509228,0.19874479898510666,0.06998055947273696,0.04722368506545185,0.06521846715005576,0.0746935888696728
2014-08-18 14:00:00,DEHM_noBD,0.04412857806606553,0.07187674349881679,0.046096343574364367,0.45412217416166784,0.08969286528076964,0.07327251561438065,0.10179427393280956,0.060962283004727114,0.055567857370627825,0.029211411050010908,0.08262930841828911
2014-08-18 15:00:00,DEHM_noBD,0.04178551319888086,0.06617103770446967,0.03750743068632307,0.2780310979432957,0.12097892856840035,0.10556001937248027,0.0968495821271684,0.05571632997446341,0.06135447904931838,0.020445838519935398,0.08952175977850681
2014-08-18 16:00:00,DEHM_noBD,0.04842948808919977,0.04707714964903504,0.058890343790429074,0.12422233697877695,0.14006461483145116,0.13994001619596247,0.1134248389044984,0.05029332780371529,0.061990673292396714,0.02450734532201138,0.08772200602958617
2014-08-18 17:00:00,DEHM_noBD,0.0704082853497471,0.03551986789362926,0.1007021060785044,0.09563282547650276,0.16197505786914368,0.16560747837537604,0.1287321448160911,0.04235769086088693,0.060092447547987614,0.03751076172791925,0.08101755981792087
2014-08-18 18:00:00,DEHM_noBD,0.07361784143161364,0.05268465350007366,0.125653039485875,0.10467579168779087,0.1845616724515891,0.18289967554139636,0.13922268262618012,0.04040554893884902,0.06279989670862603,0.05184280895160598,0.07559986977593959
2014-08-18 19:00:00,DEHM_noBD,0.05731406470132172,0.0815052829000596,0.1442019005502049,0.12919033776556738,0.20088698185846188,0.22208633696882077,0.1695454968877236,0.046410943453604185,0.06770456503848474,0.07432367351183795,0.07404976009537836
2014-08-18 20:00:00,DEHM_noBD,0.04453259071086912,0.1102665934476762,0.14932004313255884,0.24594402128035492,0.21153332708397876,0.3572319992592826,0.40478857930821516,0.04703468811425992,0.05904617155400628,0.08609164677598496,0.07406141931539036
2014-08-18 21:00:00,DEHM_noBD,0.08736309634467314,0.1332100596173335,0.15538555661162362,0.44517719042632564,0.22072395396661937,0.5232890503736892,0.7509955386597711,0.03552409347753972,0.03774516439473015,0.06867760900960374,0.07492994282726388
2014-08-18 22:00:00,DEHM_noBD,0.12611956382024914,0.1451402003697461,0.16048690382723518,0.7617647802227181,0.22487906144112804,0.6717102725716255,1.0499625804234263,0.025892295829587818,0.028743577890414523,0.05976259521695632,0.07672327096323625
2014-08-18 23:00:00,DEHM_noBD,0.15671573109912065,0.1539358737522757,0.15166268079324005,1.1945214837404001,0.2142309039951511,0.8391647929335811,1.2510612459080102,0.019481164355183687,0.030995653927603152,0.1082879189888134,0.07682860244367051
2014-08-19 00:00:00,DEHM_noBD,0.17879096018866542,0.15225794331204492,0.1421536517328112,1.7096358310256738,0.199358892408572,1.1055312488759559,1.4373718963276911,0.01782159975964123,0.0278237171395914,0.14931740347282219,0.07361605485372688
2014-08-19 01:00:00,DEHM_noBD,0.19168550780899174,0.1456485558868501,0.13679807353126777,2.361719964212455,0.20349521095215098,1.659587850461723,1.781878164920737,0.017273254145641567,0.02837516921344657,0.18471850230570763,0.06715514519386083
2014-08-19 02:00:00,DEHM_noBD,0.20269441425998627,0.14439274293553725,0.13733794732954385,2.8218568355378695,0.2361332735153543,2.33178582028027,2.474848905967354,0.013927347924166639,0.030015286256689516,0.212270075938339,0.05790061159106195
2014-08-19 03:00:00,DEHM_noBD,0.20827934628326428,0.1412955759420058,0.1488625937405832,2.7932181393008846,0.34057228514151633,2.724301949464026,3.245955285852272,0.01079224770517964,0.033754970328365295,0.2333061161229206,0.049050732505915746
2014-08-19 04:00:00,DEHM_noBD,0.2152443141482951,0.14853977714615854,0.15141004334843697,3.518643386790179,0.7073839766104775,2.8486548487646206,3.3359890014490508,0.011832496842005734,0.041442316352776114,0.2519250645335122,0.045834589457383626
2014-08-19 05:00:00,DEHM_noBD,0.21567997210377832,0.1595449640247466,0.13521108964402806,4.670684812970982,0.9519953354726778,3.364732309717584,3.481045867230454,0.014978515124275843,0.04888434274745157,0.2642870987704045,0.04020754943875932
2014-08-19 06:00:00,DEHM_noBD,0.20566513003941103,0.15534117837629385,0.11610480284230766,3.7914004535151533,0.4197711217422131,3.1024380577229134,4.6240076941193164,0.015223192121474403,0.057722978741575295,0.2672565896254236,0.0415677964904269
2014-08-19 07:00:00,DEHM_noBD,0.1947647630563113,0.13270539471050302,0.08014887237469653,2.2149171233727105,0.4406700678468122,1.6817603192797803,3.4847178727795862,0.012066271080802134,0.062088041355195356,0.24362348036275294,0.044959405549457244
2014-08-19 08:00:00,DEHM_noBD,0.18978441390332462,0.10692695495599719,0.055993473963395664,1.8213941268040006,0.4494944846321268,0.9561645423302811,1.8364153299508597,0.008648925117694616,0.06347280944701277,0.20531463109538528,0.04319349137194443
2014-08-19 09:00:00,DEHM_noBD,0.18499105555447626,0.0738627192312648,0.05428883673613298,1.3707868892349926,0.35873658375397316,0.6312701478286971,1.201120211733814,0.00825235511663086,0.05334538426541943,0.19363133220752343,0.03675304643388812
2014-08-19 10:00:00,DEHM_noBD,0.1820077634567207,0.04735503502235951,0.06142148325017294,1.1027128250774858,0.21519236245203743,0.5206287182934627,1.0690777931006554,0.013321261670414565,0.04176362335796106,0.19238879771346107,0.029967671280369305
2014-08-19 11:00:00,DEHM_noBD,0.16978148548907346,0.04060554597132833,0.06062710477397143,0.922964298635961,0.07888699467055488,0.4675662598256043,0.6746917986316583,0.018313164996890393,0.03136895592947477,0.1753537943855335,0.0269715898134523
2014-08-19 12:00:00,DEHM_noBD,0.16121038133431675,0.04692689927301421,0.07159904832617958,0.8671477521727513,0.054994425782896456,0.23590962772094745,0.8284609046718443,0.020156728236562445,0.023193964139618804,0.16188591057526866,0.027022674104504353
2014-08-19 13:00:00,DEHM_noBD,0.15225943806145442,0.05017459684203659,0.09293739401842752,0.8812546381952217,0.08474553632128977,0.09775357364708778,0.7347927798028522,0.023837019798575977,0.01898199173909132,0.15472454498304974,0.029904556185536117
2014-08-19 14:00:00,DEHM_noBD,0.14437373919425756,0.055590506941960036,0.12695813151195628,0.773210187150354,0.12354767927896218,0.07626479124918562,0.23479728259709948,0.026101514736162554,0.01819623247173139,0.14454089386536972,0.031709550305179336
2014-08-19 15:00:00,DEHM_noBD,0.13392679873200358,0.08445867256834053,0.1373644975806119,0.4540888651588476,0.16425663557544337,0.0973770948700583,0.08278977755670078,0.02990683878125617,0.0236345583469233,0.1454304235304867,0.03188457024644071
2014-08-19 16:00:00,DEHM_noBD,0.11822330407686511,0.11845649691279968,0.1489409131048013,0.15807993312768978,0.2095019753634184,0.16579461270500304,0.09130205281522544,0.0326683720052007,0.03823078184782513,0.146624614493214,0.03237326439627406
2014-08-19 17:00:00,DEHM_noBD,0.10917844051147096,0.13121530035972112,0.1627362807028271,0.12079521520898548,0.22447417424390076,0.2692663279003128,0.12845305331841836,0.03698308902287836,0.0594363711466406,0.1510939596353315,0.03486725186734745
2014-08-19 18:00:00,DEHM_noBD,0.0988796451236795,0.14840075412989492,0.17735978511464015,0.22618415628378252,0.21723583699665952,0.3541025896076243,0.2595819472367526,0.04050023431370015,0.07856859562877555,0.16049976824112025,0.03747889202416057
2014-08-19 19:00:00,DEHM_noBD,0.09028533558232463,0.1640295852226081,0.1867519333842861,0.5026339765189715,0.1935999390180966,0.4416386594514613,0.6561553936423652,0.04499187727387282,0.0987543115341289,0.16988886793060917,0.040435378327500424
2014-08-19 20:00:00,DEHM_noBD,0.10237994346703912,0.1738056576108744,0.18101434422615942,0.8912975103931722,0.18618763937674443,0.5441394535463066,0.9849718014844788,0.04464923674356645,0.11898218424016128,0.16790578074989654,0.0450866088117342
2014-08-19 21:00:00,DEHM_noBD,0.11279679507966145,0.17664814197310114,0.15970838350644614,1.3037036118218928,0.21084323701227065,0.5744050858140157,1.1008968835660042,0.04086081513746832,0.1332170126267009,0.13932427279692283,0.04925801689187643
2014-08-19 22:00:00,DEHM_noBD,0.1310689614475517,0.1656388358790239,0.13603132617393254,1.595981174091054,0.2440037407262808,0.5740370456561352,1.1270571709191204,0.03658963926561175,0.14299724350386275,0.11859555409889624,0.04943614144749858
2014-08-19 23:00:00,DEHM_noBD,0.15930571921443545,0.14651275006762837,0.12669684912512477,1.7548604968849655,0.2693537065006232,0.6617923233686782,1.1556585618022792,0.0340332813213763,0.1463745609451782,0.12970380695132436,0.047636854930947777
2014-08-20 00:00:00,DEHM_noBD,0.17406595734000896,0.1254878102040734,0.13614785849787173,1.9120005104663504,0.2827505547708457,0.7546004685484282,1.2080657707028977,0.03370979100278555,0.13467147622131728,0.15500284310461307,0.04843688057365926
2014-08-20 01:00:00,DEHM_noBD,0.1636095754399196,0.11768730662020785,0.1562373545443382,2.0726675061667312,0.2812951159666477,0.8241431506990482,1.363722520630965,0.03452551996287768,0.1226480183043772,0.17140702280430734,0.050176831656336136
2014-08-20 02:00:00,DEHM_noBD,0.13442258823617237,0.13560553619687277,0.18595346873363824,2.2745120557471705,0.2780914642245879,0.9152644238708689,1.5441656806876145,0.035699677623831555,0.1142105433031589,0.18416533111579947,0.05205215597427231
2014-08-20 03:00:00,DEHM_noBD,0.12603544004367428,0.16061716074254845,0.19163530486811914,2.480303920659547,0.2730034295854484,1.091573810438211,1.7340293379313712,0.03635672163616155,0.09192361871824947,0.17730103638913838,0.055427998550683456
2014-08-20 04:00:00,DEHM_noBD,0.1325139514149259,0.17050974439642255,0.18323108796617607,2.654823339118621,0.2757158272072159,1.2377529244625056,1.8990917742581415,0.037216123690595695,0.07031634323866318,0.14629607056071242,0.0625012132168875
2014-08-20 05:00:00,DEHM_noBD,0.15201573660205064,0.16891927306640883,0.16852607603913577,2.5579256579518233,0.2724015603567868,1.1573276636794012,1.806959982901055,0.03824603230210506,0.05162204711136863,0.1306094557565648,0.06898090658229826
2014-08-20 06:00:00,DEHM_noBD,0.1718187281688308,0.15565607889004265,0.1427636792729374,1.6679623089282105,0.28551033951453386,0.7054872267913675,1.168468655358285,0.03740673778788207,0.04058448453730888,0.12874812891485043,0.07259723127613248
2014-08-20 07:00:00,DEHM_noBD,0.17869958376121822,0.13477961645619688,0.12430976036378642,1.162168688722289,0.3059232358269205,0.4449081161135126,0.7350474177761459,0.0358270865153625,0.04376135792038157,0.14816246018772963,0.07450847780823817
2014-08-20 08:00:00,DEHM_noBD,0.1768288715844391,0.12259797944845618,0.12288824410286026,0.807665063507266,0.32628656007293605,0.40454001445228926,0.5849859644847915,0.035836966498268896,0.04885480543698633,0.16637324519907173,0.07678320762813425
2014-08-20 09:00:00,DEHM_noBD,0.15647456277146465,0.12418748321669977,0.12165741478723816,0.7161213211622611,0.35520021802157153,0.4699379984123829,0.6548220525034458,0.03683744097443924,0.0543489510921667,0.1651743358625934,0.0769874350808326
2014-08-20 10:00:00,DEHM_noBD,0.1361867563929408,0.122758790359729,0.12009415692588317,0.8624394370935287,0.39242095441102975,0.592102414415467,0.8219389497262144,0.03705054103102892,0.06408646139664567,0.1521376386444072,0.0751574290325841
2014-08-20 11:00:00,DEHM_noBD,0.1245456695369118,0.11243046254655795,0.11391055987933037,1.1376652830428047,0.4395119699642433,0.6929076218525971,1.1047510435493406,0.035094881864603834,0.07826118447988281,0.13210650936259408,0.06726875949736194
2014-08-20 12:00:00,DEHM_noBD,0.1219301605456367,0.11046457873299827,0.11089645295078625,1.585159665085415,0.5051044456089286,0.6414708323205588,1.465426343192237,0.0315019184084654,0.09687003792569493,0.12187303484227271,0.05689475847932623
2014-08-20 13:00:00,DEHM_noBD,0.11623634273936957,0.10798077704959075,0.1094780570084227,1.9458883699489564,0.5261382118578628,0.5006291965152136,1.1602580138542014,0.027836441172023538,0.10635047706780931,0.1174897786809328,0.04907613869434682
2014-08-20 14:00:00,DEHM_noBD,0.1159460536279202,0.11142479284061568,0.10963196175158825,2.0690729553111336,0.5382151578853278,0.422737193370253,0.36608361865004324,0.02569641809999939,0.09411813090505537,0.1178211921933456,0.04385269970334134
2014-08-20 15:00:00,DEHM_noBD,0.11288699953234271,0.10609256765186545,0.11647625763823498,1.6050029295645976,0.508187423216924,0.4899696033466199,0.2637321866740276,0.027380524095061108,0.08175845718727433,0.12015912114141271,0.03973441647454104
2014-08-20 16:00:00,DEHM_noBD,0.10933045763502114,0.10617367038577263,0.12391428513771094,0.6579285744058929,0.4501661686456203,0.6220177335736452,0.39921461990746665,0.0354827245265337,0.08568249342706968,0.11758350938605631,0.036684021158985246
2014-08-20 17:00:00,DEHM_noBD,0.10761166384747466,0.1112894672664982,0.12366560121549887,0.21812759356464492,0.40881532319588587,0.8112816356755042,0.81836207143106,0.047783328368867624,0.0976057765116355,0.11251222626422196,0.03384380172107506
2014-08-20 18:00:00,DEHM_noBD,0.10902927473939364,0.1183713907821381,0.1228571097835781,0.3100530685135229,0.41529251279932444,1.4830157806966198,1.4548764824475588,0.056852664467947345,0.12094631764421687,0.11226074334801243,0.03174748892086329
2014-08-20 19:00:00,DEHM_noBD,0.11419078945500377,0.1225470445452171,0.11876693674906046,0.6794845802254058,0.3956401463357638,1.879282811793699,1.773247933762831,0.06890770638372526,0.14361928548001665,0.11591106820309355,0.03106107547218969
2014-08-20 20:00:00,DEHM_noBD,0.1143009958694388,0.11862363692942599,0.11187225237528672,1.1712955864103214,0.35972621557071793,2.257889968501362,2.0418789695346664,0.07857843430712137,0.1465135647458674,0.11911900891957165,0.03122665685259786
2014-08-20 21:00:00,DEHM_noBD,0.11035872527166261,0.11313888057706656,0.09889039234681275,1.6107750464171378,0.3399857700873584,2.523147713551394,2.3681349492821453,0.08374807031955214,0.14085945506706826,0.11515216950270644,0.03152074349422639
2014-08-20 22:00:00,DEHM_noBD,0.10692781807310235,0.10695457801977243,0.08052063927842287,1.969869283380186,0.392297936007895,2.64120588651498,2.9411365767160387,0.0896208128588363,0.13438355656089243,0.11038515252351,0.03251528172306945
2014-08-20 23:00:00,DEHM_noBD,0.10707424748952714,0.09661922852067789,0.07133340962954324,2.525358791503803,0.5001123632768844,2.82996157899991,4.014716831706111,0.09177645543246707,0.13665490172937508,0.11130366993104164,0.032573019422138916
2014-08-21 00:00:00,DEHM_noBD,0.10272793805983448,0.08216584230870044,0.07018091532725826,3.437389862150778,0.5928251944177981,3.1267576127703727,5.037360515293175,0.09092157146154867,0.1326106757327354,0.1106428411159694,0.03579459960237947
2014-08-21 01:00:00,DEHM_noBD,0.09316353833175726,0.07304580083753731,0.07044340925691635,4.470822002569572,0.7100549836602689,3.5149390704313035,5.229540095330721,0.09462568247002227,0.12507019093461316,0.11038393551905588,0.03799671678252147
2014-08-21 02:00:00,DEHM_noBD,0.07961511995421479,0.0709762115107449,0.07297876242221428,5.127876841957619,0.9377692823931073,4.089584535992554,5.080103927917565,0.10057588306780935,0.12225155004372806,0.10669977902112322,0.03965757207986417
2014-08-21 03:00:00,DEHM_noBD,0.0734027588927499,0.0712922005733523,0.07790487729394326,5.93933273741949,1.2791389108375086,5.047759760798033,5.083388138495036,0.1048142552770938,0.12005740896712748,0.10051156002866973,0.0420528373259596
2014-08-21 04:00:00,DEHM_noBD,0.07313270161095785,0.07516091863613508,0.07951644731699652,7.324927729381237,1.8749301154214284,6.33370749110164,5.598790523429365,0.10861057519710501,0.1210929545975009,0.09367330858355362,0.04474891050424129
2014-08-21 05:00:00,DEHM_noBD,0.08402386286434102,0.08033792381651225,0.08372372562606344,7.647665470413685,2.6518998095533695,7.07599415873139,6.536936530620853,0.11067638041355411,0.1257747985841798,0.08582637339432807,0.04688116742877805
2014-08-21 06:00:00,DEHM_noBD,0.09864583288329824,0.08211827302288316,0.10178965941304509,6.464600583554072,2.637854215527323,6.125017488849856,7.051523996186721,0.10908686432404202,0.13288099080802857,0.08719145780836403,0.04822954670349705
2014-08-21 07:00:00,DEHM_noBD,0.10013514114413641,0.07980523204292155,0.1173523536886693,6.086608279393499,2.134707972100605,4.489982974450954,6.811076894724246,0.10814920828526839,0.13882134105113314,0.10655598923166858,0.05023005798629351
2014-08-21 08:00:00,DEHM_noBD,0.09734326034712303,0.0840849974498193,0.1247420553135196,5.405686182843692,1.5746804109979236,3.1994005192340413,5.76291179779581,0.1063274617195303,0.13665097486336705,0.12193408485720393,0.055014572062584186
2014-08-21 09:00:00,DEHM_noBD,0.09804449229013386,0.10808028270475559,0.13806129330771472,4.330886928537092,0.9188490922700241,2.587310760672677,4.155414344642545,0.10218174363612426,0.12838900864227204,0.11712634283584074,0.06175450594383112
2014-08-21 10:00:00,DEHM_noBD,0.10809880899428843,0.11950122077435535,0.151959788840044,3.279328605372808,0.5952115807208418,2.0211745475910092,2.992922057400383,0.09854858094615822,0.12127574189443123,0.10242023640181397,0.06783601019254291
2014-08-21 11:00:00,DEHM_noBD,0.12663504037653087,0.1284837681290389,0.1492192014918738,2.8062951862135646,0.9205956601479649,1.4429673505296092,2.5725360564895556,0.09344337666075204,0.12310453984748564,0.09895674879841959,0.07330460198930906
2014-08-21 12:00:00,DEHM_noBD,0.13479041626974458,0.14736166944035553,0.16193048819194542,2.62584110049832,0.9263465157537627,1.4054308552856092,2.563930551800409,0.09284635532937002,0.12752234149910496,0.11214711703921877,0.07667680553924448
2014-08-21 13:00:00,DEHM_noBD,0.14426909063841198,0.14201829192090235,0.24579879225440543,2.5299048211904998,0.7255181286265421,1.488563315495001,2.047812438703054,0.09402385684835242,0.12589311904261796,0.13284050292022517,0.07343725163990672
2014-08-21 14:00:00,DEHM_noBD,0.16843896562275462,0.15330514879585816,0.23183420615885392,2.7479689456243,0.547242210801607,1.5279250607117638,1.6252995327837683,0.09863886551205989,0.13079262520993115,0.14685980324065992,0.06850163371308643
2014-08-21 15:00:00,DEHM_noBD,0.18149511213151268,0.25214434278634135,0.23087961531624876,2.9180037062083213,0.5224349046466032,1.434133051924305,1.5033518878174368,0.10192594111610662,0.13128745244069007,0.155278660842516,0.060688155253836785
2014-08-21 16:00:00,DEHM_noBD,0.1942648267000167,0.2175684446627152,0.17494550457813754,2.9361012051801523,0.5436733606588839,1.419257994123838,1.7953411195457607,0.10365126630691433,0.12178160437879143,0.16471981877672293,0.05075780044979202
2014-08-21 17:00:00,DEHM_noBD,0.2415863436059932,0.20944666990089794,0.13784201115634276,2.6804524676927617,0.6157646487657074,1.7999237840884357,2.1464572824621873,0.10815870454865387,0.12299056398380648,0.16858141303708085,0.04178274231984666
2014-08-21 18:00:00,DEHM_noBD,0.2762052145490234,0.20869169515569141,0.11136029238015868,2.7440090738131286,0.9250784534375975,2.8991134681989297,2.7809357697782153,0.1112356991038179,0.12398524385143372,0.16626235223087077,0.03329627875375714
2014-08-21 19:00:00,DEHM_noBD,0.24740473534906732,0.17169233184424773,0.08835572670659973,3.0981876401140447,1.2576017742719596,3.7193875673053665,3.5529940046542583,0.11121145563257878,0.12092670974638345,0.1877222528812264,0.028522652419119082
2014-08-21 20:00:00,DEHM_noBD,0.24069179242791597,0.1717353850102662,0.07737702607469342,3.329316533852233,1.0169466298894259,4.134228791540824,4.406251974007061,0.11174280103163688,0.14867381285429254,0.26279954455915544,0.02803570583801244
2014-08-21 21:00:00,DEHM_noBD,0.27417064133333036,0.18975734364337396,0.09400404653804821,3.538079440333519,0.9198814484911133,4.056746333250328,5.179146681883622,0.11233879826065149,0.17846677923481546,0.2943346028767103,0.02715551739072738
2014-08-21 22:00:00,DEHM_noBD,0.2998921079007954,0.19547672326263577,0.16174609529084977,4.19247368605926,0.8310616697669773,4.107297272455995,5.543486425671777,0.11605528876864805,0.1721253645238768,0.33819757211758433,0.028370690216586943
2014-08-21 23:00:00,DEHM_noBD,0.3210374163647972,0.224587319243864,0.2865341431223926,4.379483035844311,0.727647096233815,4.163969928154267,5.780714578593365,0.12226954083701873,0.15335761922706465,0.36588447327626783,0.03223183083041412
2014-08-22 00:00:00,DEHM_noBD,0.40732896102952404,0.37350955116999546,0.3348831307604744,3.4850370755533167,0.6169170151733514,3.5556007061189523,5.7708560070114,0.12884088645351355,0.13131009652558379,0.4031038392578879,0.03767326894877
2014-08-22 01:00:00,DEHM_noBD,0.7997584427423821,0.6443864893447275,0.28783204162939235,2.5646681781451215,0.5349923876031674,3.2358549642041634,4.285269240677731,0.1352533500357523,0.12134734469510165,0.7202322152130213,0.044031709495700726
2014-08-22 02:00:00,DEHM_noBD,0.9232901155755424,0.7310747077367383,0.22099631757269458,2.5815368322868295,0.5296804989222808,3.1846910391301075,3.466398163531449,0.13818116650590548,0.12396400467449951,0.8904715985376168,0.053606029129396625
2014-08-22 03:00:00,DEHM_noBD,0.9868796242308779,0.5677126462171516,0.2610623468116996,2.605878160803059,0.56767876437773,3.2172471270320795,3.124176457919858,0.1379548723474615,0.13075987075378642,1.5861026524738766,0.06367070967912189
2014-08-22 04:00:00,DEHM_noBD,1.2594166749189037,0.4540134469361248,0.756877188333857,2.573599004933454,0.6423025048664956,3.2572812313110915,2.9292030924864183,0.13643790751345386,0.15752391410190142,1.9338948867823222,0.06796796410751282
2014-08-22 05:00:00,DEHM_noBD,2.2583748249651627,1.150562151601895,0.8751903833953215,2.572351556242074,0.6392964055728725,3.106743293583789,2.785808159992586,0.12856373350677827,0.21037192308179328,2.398129295435363,0.07150154451556023
2014-08-22 06:00:00,DEHM_noBD,2.8733583554726536,1.6773258907574302,0.5541171224301493,2.1292405310794513,0.5333501049118583,2.152601162268132,2.432813403242191,0.12722008283004624,0.2809068447168962,3.2279199185524847,0.07298411911061013
2014-08-22 07:00:00,DEHM_noBD,3.042169647507984,2.207289696457889,0.32895356243418983,1.792248433388262,0.46537458661504083,1.5052060013647273,1.846707389722513,0.11406119803846099,0.3443582397682964,3.12469872196636,0.07803175981531714
2014-08-22 08:00:00,DEHM_noBD,2.781009969767807,2.524022061138292,0.14298918677578148,1.5279744141469067,0.41996838388189667,1.2460987360197016,1.5654378793071873,0.09380922016129349,0.337390698935855,3.1767411288641907,0.08303687340308784
2014-08-22 09:00:00,DEHM_noBD,2.5899545254735674,1.6202978469967502,0.08593740106000025,1.2011910946977933,0.3728114032761007,1.0300803294517151,1.3887435144799056,0.09517308560865916,0.3847668741796908,3.3977869599509516,0.08932992888927681
2014-08-22 10:00:00,DEHM_noBD,1.7642321710221327,0.4032547287451982,0.09140967211892234,0.8542657702623793,0.3588903909192233,0.6553359259301237,1.0477619364188917,0.09256430839754627,0.9498441500636188,3.6131746101669973,0.08992423032796236
2014-08-22 11:00:00,DEHM_noBD,1.360367173835258,0.09055150568464579,0.16823297960148417,0.6263107971084587,0.4053665470317004,0.36928446255889597,0.8630687237660376,0.0681428682100586,1.9101179452297838,2.9471583434076236,0.0851519059226893
2014-08-22 12:00:00,DEHM_noBD,1.2095432657922758,0.04838027805441277,0.17116883289304088,0.5095289821668798,0.5075512473123147,0.245832906622379,0.7434142426989975,0.05421181137744328,2.0568913100748136,2.3399262414275577,0.08115988605245236
2014-08-22 13:00:00,DEHM_noBD,1.3465951119697759,0.038402023546661786,0.15170966464359537,0.45711787670942783,0.5494627134145795,0.27655305357793397,0.4229049015481414,0.07392197972903013,1.5000235091029666,2.1999104788279444,0.0794943257166619
2014-08-22 14:00:00,DEHM_noBD,0.9720380971517949,0.038180412892988076,0.13100687009236184,0.28686799779355887,0.5060118584658297,0.31370510510409705,0.1752200747370437,0.08805457794209931,1.1277855395548047,2.0243712253125175,0.0749726991610402
2014-08-22 15:00:00,DEHM_noBD,0.5549118410536693,0.0389945288034963,0.1353990756358919,0.15156427261670266,0.45432809450964434,0.41094835835327154,0.16049255969157308,0.08184914052426515,0.7985661479385242,1.6849908808482335,0.07025861503460576
2014-08-22 16:00:00,DEHM_noBD,0.5210371350116946,0.03957878823458615,0.1528070797984068,0.11407300375695142,0.4056245727610028,0.49050632081438594,0.1981734870266715,0.07320769278925704,0.5509109665801136,1.270743147957141,0.07447595524958621
2014-08-22 17:00:00,DEHM_noBD,0.4605621778891025,0.050370996202056414,0.1364807222854589,0.18366801908504543,0.42214893055211744,0.5377945863175949,0.2300485662955208,0.0684352386298764,0.3138160583528012,0.7754989028295911,0.08221351413556072
2014-08-22 18:00:00,DEHM_noBD,0.3965078283254953,0.07098073227094388,0.12176227526991619,0.2543052549253385,0.3659703154133632,0.7325628392104637,0.4685370585016855,0.07070723280109491,0.18897009277455998,0.5406603064163128,0.0969120681370005
2014-08-22 19:00:00,DEHM_noBD,0.33861452411814813,0.08741595645619889,0.10987455456315823,0.6053904050407299,0.2587262652421742,1.0402444119115708,0.9711968898931751,0.07741502982589077,0.15226511437426418,0.6253414216440172,0.1200598066421346
2014-08-22 20:00:00,DEHM_noBD,0.23730079652530814,0.10380956275474813,0.1575166400898852,1.243753860326859,0.20067052081734854,1.3771435129822391,1.5651318112332508,0.08251778973548533,0.12185042635774106,0.9862298055330629,0.1536605514864315
2014-08-22 21:00:00,DEHM_noBD,0.20681642189475002,0.17467361303203421,0.16823206899509288,1.792465796897262,0.17757485649872562,1.6408568884322312,2.1655830606612225,0.08400889017422254,0.09438438347223588,1.260332521652808,0.18611697868957341
2014-08-22 22:00:00,DEHM_noBD,0.15645595104624044,0.31004667167363276,0.13623395686808026,2.3456553889622622,0.17648778781324614,1.8582811632536649,2.6505128821607533,0.08103567325835334,0.07260355663482762,1.3240316721091765,0.21367735738064322
2014-08-22 23:00:00,DEHM_noBD,0.11368451935054369,0.34832612426286086,0.14101209217758126,2.898112778175292,0.18389566128169868,2.096576901515624,3.0803472383327986,0.07074847577428432,0.05885191236344713,1.3158889437965984,0.2356941838559236
2014-08-23 00:00:00,DEHM_noBD,0.11457894152935702,0.2840193361966357,0.11773117311885443,3.4550712910996935,0.2059215942674874,2.4809216900798416,3.5033321309239063,0.06130802961431436,0.05415845502773982,0.9753319315544344,0.26867913276564676
2014-08-23 01:00:00,DEHM_noBD,0.14022726015499778,0.22190413469710135,0.09043414073811594,3.9889381935772428,0.23760590643365148,3.112263956546613,3.940711165898718,0.05729894671767012,0.058541933369341353,0.5972103091427973,0.34436254798034194
2014-08-23 02:00:00,DEHM_noBD,0.18715106359669934,0.20335591709297496,0.09845192326171545,4.4422900132451275,0.2626212728504323,3.6965157468031764,4.461116369957951,0.0556685582365944,0.08575770417914065,0.5017938977526343,0.477519802906186
2014-08-23 03:00:00,DEHM_noBD,0.2066500685413832,0.20074162734884093,0.16668490826225832,4.8918044823663385,0.310415913853438,3.9348305799119343,5.117305807541018,0.0520586199901322,0.12072679066996765,0.39617675946087694,0.6597766645292914
2014-08-23 04:00:00,DEHM_noBD,0.21510476984610777,0.21675002550745928,0.18115477586220943,5.291470889039941,0.3619270930789794,3.932817390039432,5.539258655091125,0.048910758824588126,0.15160038364375,0.4332412098192028,0.8164677078442918
2014-08-23 05:00:00,DEHM_noBD,0.18761705119002597,0.16444783646760303,0.17087226434458036,4.567290949466857,0.4514582357157788,3.6018082413275563,5.143385783235398,0.04850060024520835,0.28438406081755635,0.5123345904191025,0.8480191105474402
2014-08-23 06:00:00,DEHM_noBD,0.15238571217714802,0.18427359691633463,0.14502606446390962,3.8698611891521395,0.4125338966778153,2.7115478848026506,4.037297132044053,0.05355435070215079,0.3585829264722671,0.3428170185592397,0.8052867542987916
2014-08-23 07:00:00,DEHM_noBD,0.12481505672881829,0.19675420377855984,0.14263433381318097,3.338173355094841,0.31598888957115334,2.166837600893076,3.2620838983283376,0.05684577661824401,0.2863348789569362,0.2547490907984739,0.7505494470648637
2014-08-23 08:00:00,DEHM_noBD,0.12201634064932343,0.19353508758954574,0.12534439304044454,2.761457492160061,0.29854508698884386,2.0998104993897977,2.7618077609584573,0.05775557408021748,0.20966774670124033,0.22080924512488287,0.8073772140162963
2014-08-23 09:00:00,DEHM_noBD,0.1340751293658836,0.17202169176444398,0.09880353992464479,2.5592545365084307,0.3376469089409707,1.9903840780907753,2.4637229955369326,0.057939690558017426,0.15775571079782197,0.1996196358731039,0.7476272898869938
2014-08-23 10:00:00,DEHM_noBD,0.15592789395717896,0.15498059745855847,0.07348949255762145,2.428492220964874,0.4823281405947356,1.527148342689379,2.3676578495199023,0.06523701889769855,0.1304490153038338,0.17760858419684217,0.45037861457169737
2014-08-23 11:00:00,DEHM_noBD,0.16735651143114993,0.10588667943288677,0.053889234771996114,1.8624836728531189,0.5546886316285282,0.8241707675111805,2.228735588093485,0.07580514006725729,0.11584657634776063,0.15236481339887709,0.2335614765132358
2014-08-23 12:00:00,DEHM_noBD,0.17669737692514426,0.07281623712718421,0.0521247613163943,1.3247540549764525,0.4360076815195194,0.7348351456534488,1.7955153334228497,0.08115127099349839,0.13764769787700823,0.14297846870865663,0.16574799844815377
2014-08-23 13:00:00,DEHM_noBD,0.18733441211119276,0.056220821742400166,0.05239341188867457,1.544456782438117,0.3902259523670375,0.4981225691507616,1.0497849767806486,0.0851941562107263,0.16610522309259967,0.13052099867088698,0.13834105421560333
2014-08-23 14:00:00,DEHM_noBD,0.15537478329177004,0.04411486218998139,0.05032386281119421,1.451856922299075,0.41098835083488366,0.346286206293879,0.8802425135169143,0.09240937539700161,0.1466850187480822,0.1265233973473473,0.11714406903306941
2014-08-23 15:00:00,DEHM_noBD,0.10212514131698272,0.04440600089034171,0.06317782680935913,1.034357710660223,0.4394247416077739,0.2944226398617714,0.7692907751130347,0.0963035330840991,0.12119390784395148,0.09887206239540244,0.09891675058657526
2014-08-23 16:00:00,DEHM_noBD,0.11029307981232166,0.04000807447583699,0.059130610157920725,0.8196114995595338,0.450516988443816,0.3054322159643901,0.659256286989691,0.08735719723724984,0.10488477805412304,0.0795476876930391,0.08301144326677365
2014-08-23 17:00:00,DEHM_noBD,0.09516154923589419,0.05471942127195651,0.0502399575061419,0.7772531899613967,0.4238917634923102,0.3888751392883697,0.6145291460022799,0.0773571734564623,0.0814339404537812,0.06876149403686001,0.06842740548656749
2014-08-23 18:00:00,DEHM_noBD,0.07102735022862429,0.060952627726858055,0.049888059984164956,0.7609570707015882,0.31821704366656006,0.6589032023905624,0.8725295459565088,0.06945795373956376,0.05383714536563441,0.07510732306865354,0.05715544773426474
2014-08-23 19:00:00,DEHM_noBD,0.056656046005831844,0.05302350884077694,0.0494731844139703,0.8319560011094203,0.20556134809920545,0.9540516685915288,1.0129884252910464,0.06202562519335587,0.04046915275419369,0.0827579848273514,0.0485066153677071
2014-08-23 20:00:00,DEHM_noBD,0.06750940695118608,0.04879521724790332,0.05222361763441575,1.040952214071213,0.1720232908444291,1.0178340894304834,1.2833159746503835,0.055205045188822466,0.04244552154922796,0.09898954792485021,0.04392125027726346
2014-08-23 21:00:00,DEHM_noBD,0.07556771647314996,0.04824562678632838,0.05902954802411314,1.3775826525066646,0.1751878966460376,0.9492735547024382,1.6628527201899215,0.055103908024786714,0.043779460999039795,0.09140412728068227,0.04879397321187157
2014-08-23 22:00:00,DEHM_noBD,0.07040146916947772,0.050568489641075014,0.05787120364231515,1.7259313440696307,0.19388750292085094,0.8805253118793751,1.7364588478510503,0.05520497498484783,0.055191213098623536,0.07228393369535248,0.0620101832018568
2014-08-23 23:00:00,DEHM_noBD,0.07197280782323326,0.06030123584321208,0.058374917893681974,1.8883277546886137,0.2195815560228376,0.7445762352387502,1.5098525937437683,0.04675045669372997,0.05850754187042292,0.08705808133411866,0.07589488039054576
2014-08-24 00:00:00,DEHM_noBD,0.07751029761082483,0.06351426521656137,0.0660737568567331,1.8706348488372406,0.23956417813807712,0.613115191341557,1.2362362446989212,0.04220818538862624,0.05523875429388882,0.1614172256304602,0.08777652229608922
2014-08-24 01:00:00,DEHM_noBD,0.07690286910762059,0.06407522617714131,0.05045071234921332,1.8868876797281469,0.260504280082248,0.5942164070446276,1.0633543107278924,0.039206669702581014,0.05263611168255818,0.20248110788527865,0.0961678583886793
2014-08-24 02:00:00,DEHM_noBD,0.07602101647366125,0.08212592120223519,0.0320735080631017,1.742900324901879,0.2946645146985444,0.6131564043971524,1.0067443414503336,0.03371522005262297,0.050508022024099285,0.2231950990082322,0.10261607353457586
2014-08-24 03:00:00,DEHM_noBD,0.08798885436184815,0.07240888409841134,0.027331548788363455,1.3887930267197186,0.3294610675777494,0.650909015383995,1.0318883910190362,0.03185974852443652,0.050666385181350485,0.23141159863270805,0.10645167326229851
2014-08-24 04:00:00,DEHM_noBD,0.10450390075860533,0.04705430713003968,0.030328694024565533,1.2829660609839926,0.38796334794290344,0.7037173488745792,1.1271719666547606,0.030666990848989186,0.04942794953793156,0.23914067351991292,0.1050476456873792
2014-08-24 05:00:00,DEHM_noBD,0.11411538520279801,0.03380065474662356,0.04024314388947078,1.2336263613717617,0.44842946477562184,0.739613303417866,1.0941994552906695,0.030452138363455828,0.044446256505253155,0.2408608625844865,0.09699155851171343
2014-08-24 06:00:00,DEHM_noBD,0.12445903294773761,0.03589416617470237,0.05247549191627628,1.073364317021967,0.4752052631083129,0.6806390091709164,0.989454466230073,0.03364522447206066,0.03432316366400665,0.23158065677650264,0.08410237752462493
2014-08-24 07:00:00,DEHM_noBD,0.13353838465793968,0.039973253792017834,0.0742393737709242,0.9224019526614242,0.4996300661826878,0.6311329215391399,0.886453124389476,0.034766020139377664,0.03222094494472245,0.22979351402169085,0.0714666316518081
2014-08-24 08:00:00,DEHM_noBD,0.1119419071882589,0.04436350816774349,0.09549301241319615,0.8437299136464723,0.5160688497903941,0.612737801837318,0.7908598809634659,0.033844041524065914,0.03110330074116108,0.23139037084935682,0.061471357310138336
2014-08-24 09:00:00,DEHM_noBD,0.06956277053036719,0.06430982633200465,0.09980663471488267,0.8130977497120666,0.4631255259744822,0.6245673766220547,0.7084117520459554,0.032741011958486554,0.03426450352699712,0.18673101479183873,0.05430086403618779
2014-08-24 10:00:00,DEHM_noBD,0.0502542969807888,0.08050688877499425,0.11102281749886456,0.7526548189609322,0.5546035448600536,0.6740730559488955,0.688288693878331,0.030776039222117912,0.04174419710266388,0.11592578030794835,0.050827645238516767
2014-08-24 11:00:00,DEHM_noBD,0.061857654779674254,0.09687576873612001,0.11322118943719643,0.7688890631677937,1.0066697708316519,0.9530687624773617,0.6985429002450755,0.028396779267576982,0.05892009966092627,0.08233454611842052,0.0521604433343745
2014-08-24 12:00:00,DEHM_noBD,0.06264857639943701,0.11123108653440367,0.1013326281424796,1.0006428112611256,0.8535742853731848,1.0078652313126577,1.1584853551761014,0.027019886152894784,0.09855550437195218,0.057107408251510776,0.05223837034165274
2014-08-24 13:00:00,DEHM_noBD,0.06170089214359619,0.11261379187206848,0.08929260600549159,1.4922814678566412,0.4965747229302674,0.9765793759012826,1.7034775650224385,0.028787157238502954,0.14101284744635215,0.049948239012427904,0.04727479212640997
2014-08-24 14:00:00,DEHM_noBD,0.07862084457658214,0.10960804617001886,0.083559960111156,1.7457711623313839,0.3797392206199094,0.5909073103825213,1.6575923964060553,0.03550843104784861,0.137958632842563,0.05003950954719908,0.045314250805585626
2014-08-24 15:00:00,DEHM_noBD,0.0933429155066236,0.09885768844659115,0.09458507738025376,1.78206896502943,0.2827159772378671,0.37234836662292115,1.5819596688776894,0.042688729447479166,0.11964990338170879,0.05609686821541966,0.04534575398052006
2014-08-24 16:00:00,DEHM_noBD,0.10174545937465963,0.09304871098963065,0.1122707423378073,1.441237550944358,0.235542899443209,0.30688898942079385,1.140232579661633,0.04825389019058921,0.12396263178442818,0.07936153515326776,0.046821820267992434
2014-08-24 17:00:00,DEHM_noBD,0.09146821038493873,0.10033401741860955,0.10895087536767113,1.1573283499577727,0.23087827273319456,0.27937333517065666,0.9764196931444729,0.06064998788570745,0.12859807029664966,0.08992049070419605,0.04864374376381953
2014-08-24 18:00:00,DEHM_noBD,0.08545175763963302,0.10970698891616658,0.11099762795031992,1.266369434785606,0.2830536036251204,0.5417532584520076,1.2823968350016055,0.06977905670851439,0.12707966197054352,0.0959860577359055,0.053130451704421496
2014-08-24 19:00:00,DEHM_noBD,0.09925225947617711,0.10417934334758988,0.10564120169534325,1.3592177866737276,0.3228859914204244,0.8589857719528144,1.3190440843445654,0.07198071637216945,0.10299305668422942,0.09092179783457773,0.06153383201700102
2014-08-24 20:00:00,DEHM_noBD,0.12558051636320025,0.10119775161921851,0.09838162154522238,1.4269337325480609,0.34891525168156245,1.1816948997211298,1.3807250656215593,0.06926729828147843,0.07519619505464314,0.09257188567983755,0.07566258153771968
2014-08-24 21:00:00,DEHM_noBD,0.1419036872497264,0.09720822970305265,0.09784266236141999,1.4987501190623993,0.5583822470667468,1.4923196894785922,1.6660998513791019,0.061223852623763855,0.06671751215849063,0.11057764512625991,0.1009035377215593
2014-08-24 22:00:00,DEHM_noBD,0.1325289405034787,0.09164349802038438,0.10467561449395138,1.6590964195300024,0.9894739529893735,1.828228001477491,2.0357513272769903,0.0549967056386335,0.06474094656687206,0.13470468116829287,0.1198941742063498
2014-08-24 23:00:00,DEHM_noBD,0.11868390292669147,0.0939874875671175,0.10964199484992426,1.8994435993588072,1.314023429642095,2.2034837711158337,2.3140618574806946,0.05544695461410551,0.06573826683640459,0.14051106113711856,0.13015528737992033
2014-08-25 00:00:00,DEHM_noBD,0.10805143701347111,0.10074228367078097,0.10580827056938853,2.2493711175101025,1.5501557615957222,2.6801018115033743,2.562335036821719,0.05306684918063097,0.06582888576437708,0.1307701038325885,0.13440036878608153
2014-08-25 01:00:00,DEHM_noBD,0.10970092134240997,0.10198424661517112,0.09589786901754209,2.8656098382740125,1.901083062520742,3.472354537985477,2.953921178813508,0.04086050112894083,0.0708424412269143,0.12002544951274355,0.13710836897240938
2014-08-25 02:00:00,DEHM_noBD,0.12552649554010473,0.09799574958803906,0.08802291965607836,3.8000052183749027,2.486121243794138,4.432297188275149,3.5042075849137935,0.031374481338258674,0.07596710568515563,0.11643471442870826,0.1445483529535308
2014-08-25 03:00:00,DEHM_noBD,0.1349904183924569,0.09131788513834231,0.0844261561778864,4.744653369048549,3.1560455175819127,5.077892886676343,4.284665487539219,0.0273917563728591,0.07790805947139844,0.12839627713117274,0.1511587386292217
2014-08-25 04:00:00,DEHM_noBD,0.13571503276811903,0.08998724113623674,0.0803356719625388,5.311219168605916,3.7920014174415564,5.332377462164751,5.11785963063114,0.027537592491670353,0.07507489541050033,0.17634606122022478,0.1576860389753802
2014-08-25 05:00:00,DEHM_noBD,0.13600852048829182,0.08530772947489111,0.0801574712127352,5.341594259702683,4.20270472917096,5.303103050310101,5.505709874847502,0.027486028729477925,0.07288042910870146,0.19770698078691942,0.16334295847009858
2014-08-25 06:00:00,DEHM_noBD,0.13065112028369438,0.08716120092441877,0.09566832272361955,4.415025745272929,4.349581503426377,4.6348713915638085,5.067449535098876,0.0255860949400579,0.07200392671231162,0.18838255125587802,0.17069956108270193
2014-08-25 07:00:00,DEHM_noBD,0.12904735195023928,0.10244443688983905,0.11942612449316592,3.7829107034011784,4.277089152991927,4.070328545358904,4.41043731747638,0.024467757015942844,0.07003044937066713,0.1786737032277881,0.18041988352110597
2014-08-25 08:00:00,DEHM_noBD,0.13006360684012988,0.11780235559534107,0.13401982344274393,3.0424963767545803,3.8475482833577623,3.5025734802519883,3.4809081788459952,0.026526336021213636,0.06933927393774485,0.1693303295490145,0.1907535334261133
2014-08-25 09:00:00,DEHM_noBD,0.13456147750988595,0.12023099440645507,0.13936055880303472,2.157633343463787,2.976373187764243,2.7683800126625293,2.5706739420850266,0.030246210215157585,0.06437084053298446,0.16726362146716547,0.20249869099929918
2014-08-25 10:00:00,DEHM_noBD,0.11918786467781273,0.11822662819838613,0.14156947488645075,1.5535873018254687,2.2405182058257633,1.9725036212824107,1.8908405848757286,0.032323135908388596,0.054631955801239016,0.15325137290513133,0.21165815266773086
2014-08-25 11:00:00,DEHM_noBD,0.09385100304706007,0.11502217665743769,0.13505109091971063,1.2741072525886499,1.6665334250309107,1.5009796985266426,1.2541231508868897,0.02981009122449351,0.0524844531710072,0.12336249507076784,0.21899864034846417
2014-08-25 12:00:00,DEHM_noBD,0.08527956572762685,0.11419224424451793,0.13238882779005898,1.1474554226953482,1.2985734352222107,1.2347532750511765,0.906846181617422,0.02407927463539678,0.05529312345782274,0.09821037445271842,0.22127952352300279
2014-08-25 13:00:00,DEHM_noBD,0.08563052170513641,0.11706179779348654,0.1379118343811853,1.185051088791935,1.3198512480918203,1.4369235276116354,0.662383554891544,0.020394148429423144,0.059277553583700036,0.09424825136146035,0.21352984617266796
2014-08-25 14:00:00,DEHM_noBD,0.08917149868658274,0.12510625019431978,0.148964416342657,1.4262348423927635,1.6041583999762337,1.7619143580289374,0.7363238411818066,0.02534379272634149,0.062163353900872124,0.09478424697961878,0.2047733070947973
2014-08-25 15:00:00,DEHM_noBD,0.09427682345573078,0.12668263639303148,0.1492622681524603,1.3855936884369333,1.9357515433634842,1.9467897206958855,1.148575582172047,0.0412664347105844,0.061419757544137386,0.09335602540633504,0.19641839709386227
2014-08-25 16:00:00,DEHM_noBD,0.09821989594120752,0.13838318943514044,0.16210758198536926,1.2339533701564966,2.06979435520343,1.926708774517273,1.5466178273977915,0.059377279645688716,0.05719539881516466,0.09399266957835901,0.18863805333567765
2014-08-25 17:00:00,DEHM_noBD,0.09987914195806133,0.16608027471865575,0.176770084182769,0.9839541994646726,1.9062002886197646,1.996646171604772,1.7340323653353835,0.05835737804981876,0.0553380047940672,0.09601777397499467,0.18052105208275826
2014-08-25 18:00:00,DEHM_noBD,0.11491064961367736,0.19065918499720974,0.18680424715965968,1.014695601303521,1.8498626335954156,2.2244074552969035,1.9495804523925595,0.04392030260127492,0.0635993916576167,0.09841605097497193,0.17059190962627518
2014-08-25 19:00:00,DEHM_noBD,0.12456318311145756,0.19700393725774354,0.18725117420559736,1.227101666348175,2.0020087292600075,2.2568427124391834,2.0904879779419456,0.03472157166867271,0.08015516400139595,0.102838121349845,0.15933475533669794
2014-08-25 20:00:00,DEHM_noBD,0.14226686162357793,0.2089930447021568,0.18215545667130476,1.70935122662012,2.1450794671517377,2.072468567608344,2.185154690188858,0.028426359142036263,0.10623681616841568,0.1115788433341412,0.1468838474504089
2014-08-25 21:00:00,DEHM_noBD,0.16374733191403545,0.22502676565555751,0.20115734332792445,2.1086260619782067,1.9307993592231163,1.8821287866506418,2.3978387886176993,0.021261958225339477,0.09355516662206478,0.13092760018729208,0.1329561035204864
2014-08-25 22:00:00,DEHM_noBD,0.19057336933284053,0.23302755964361102,0.20770107204275182,2.1385380460117824,1.6692340572604816,1.8055852399788825,2.2246140628088913,0.015810702721902017,0.1102263249197182,0.15191867706956644,0.12028906066400916
2014-08-25 23:00:00,DEHM_noBD,0.19932720218772526,0.23786192330340455,0.19408384534100295,1.9481620840895053,1.5840552585294985,1.7177754866270967,2.1987073099203216,0.016668854636425957,0.13484959935085372,0.188327385118528,0.11005634313843188
2014-08-26 00:00:00,DEHM_noBD,0.1935464009061175,0.2281695934237347,0.17544245563662358,1.4644659226452366,1.6448087392936739,1.7052017369910668,2.3867187453183307,0.021806620783059404,0.12142139082277999,0.257873204151933,0.10040147217191746
2014-08-26 01:00:00,DEHM_noBD,0.18631691873171363,0.2369808582230905,0.16331899970467073,1.0504201443110943,1.773313110144739,1.9258924253113219,2.3834048093844973,0.024145766507968007,0.10761598247496154,0.23668087822154385,0.09191579157485616
2014-08-26 02:00:00,DEHM_noBD,0.16703985665825186,0.26034469003610805,0.16348474297169036,0.8085499697940594,1.9348802223915047,2.161715935939563,2.315314374434647,0.026947671474640313,0.10705355730412804,0.20667282542916676,0.0855330296397674
2014-08-26 03:00:00,DEHM_noBD,0.15053124637375573,0.27853605221065925,0.15098897824989105,0.6705349240860001,2.2552507118021,2.178603107332096,2.284670876942315,0.02957453714325789,0.13330840801408445,0.21613225508178463,0.08106174293259613
2014-08-26 04:00:00,DEHM_noBD,0.12439740892577897,0.31828204566688706,0.11384942137589209,0.638399989521354,2.653447464000941,2.242958938717007,2.38618174447591,0.028940638911029087,0.18333134267903384,0.2078161621356319,0.07896248871961133
2014-08-26 05:00:00,DEHM_noBD,0.11673990325827145,0.42502403334772243,0.13484020454882395,0.6546007962698132,2.9676244635667226,2.32342358661052,2.4128202740493068,0.029739506636912567,0.22163875697414007,0.1732096672288507,0.07971667337183354
2014-08-26 06:00:00,DEHM_noBD,0.1412574615326149,0.5507401629643806,0.28694720145817365,0.5807424531406851,3.023333679656367,2.1301150995397253,2.283069019024271,0.034562297244845365,0.21004415381584773,0.14550085466047732,0.08112316946865984
2014-08-26 07:00:00,DEHM_noBD,0.20881941219337263,0.4091412712490488,0.4163317750548664,0.514515907572551,3.101871243419652,1.9486124414884791,2.0527600400125317,0.0354220031698699,0.16712824799080928,0.16477613054116005,0.08249727615274942
2014-08-26 08:00:00,DEHM_noBD,0.2837981443655489,0.27955857889473423,0.49944842108759613,0.45235387849770115,3.398773479077937,1.8855706268886694,1.6949784575829834,0.033045649562794585,0.13419105012776816,0.2121012663822014,0.08611685345238997
2014-08-26 09:00:00,DEHM_noBD,0.18818930987516402,0.23111066696116223,0.37546734131566173,0.3875221355037354,3.6694616754478138,1.8417088702987172,1.4606762292641495,0.03266622682718087,0.12386649843888742,0.2291639213426993,0.09554639180464657
2014-08-26 10:00:00,DEHM_noBD,0.14180265674519335,0.22098365226786104,0.33728845409700303,0.3280680207642098,3.804691522704981,1.8091670969979552,1.5466249819594924,0.03276654361245963,0.12364693615823102,0.3228930042063421,0.10821889201692762
2014-08-26 11:00:00,DEHM_noBD,0.1413376789154389,0.20923936009781885,0.3777102326978102,0.30537842519469244,3.6018377256333736,1.8559335732699886,1.6617187098746369,0.03062959336405047,0.11104738146397687,0.2538841525975426,0.12205492057691307
2014-08-26 12:00:00,DEHM_noBD,0.13784432088868204,0.18775037853119758,0.3436122443471458,0.2966370177432158,3.422573297736431,1.9975521494408686,1.6301715599611741,0.027268566330688058,0.09204682526544719,0.11958729556345027,0.13917293764098998
2014-08-26 13:00:00,DEHM_noBD,0.16435736025121517,0.20316792725434743,0.3168567113474837,0.2560025539305931,3.549971025195733,2.0746005557222076,1.681870787615673,0.023937120731824725,0.07268249680584601,0.07536727206108265,0.14584716248762777
2014-08-26 14:00:00,DEHM_noBD,0.21007044947180875,0.20921966575999323,0.2540532446761349,0.28971788066672083,3.767376985132427,2.115311186572262,1.673330745985092,0.020638905954518158,0.059682308580521704,0.08591588173382494,0.14593876996695743
2014-08-26 15:00:00,DEHM_noBD,0.23931915396049608,0.17976310910584622,0.16567208143848886,0.46162373718264055,3.7303704613410633,2.3445556601905926,1.8499517121394486,0.01791034743132244,0.053134384416086124,0.08738769531305549,0.14772530616288054
2014-08-26 16:00:00,DEHM_noBD,0.17344325821668133,0.16915368776109801,0.15537203029058577,0.6452317253252577,3.2159274884921927,2.5286192643275687,2.0972975671129648,0.01705226708640838,0.04932809519943034,0.084066972018936,0.14565779399741374
2014-08-26 17:00:00,DEHM_noBD,0.18753176220648904,0.15244119288855149,0.15330335559994146,0.9461942024441966,2.5087438008784932,2.728940689592153,2.4004823632864207,0.018991698287814204,0.051524628134507484,0.09456827689262892,0.13584803646335822
2014-08-26 18:00:00,DEHM_noBD,0.25636162533438756,0.15223552979963112,0.15518659660693668,1.5232757935235348,1.6515683797844185,2.9624866896985154,2.7830427373659674,0.022564533368465225,0.05393646849882532,0.11541136718127146,0.12073185358903361
2014-08-26 19:00:00,DEHM_noBD,0.23778901612518338,0.1827995497663146,0.17283127346500726,2.010998455659327,1.097552606892879,2.565902308126351,2.671393523313051,0.023085860970257416,0.047057800246216544,0.16847224597616656,0.10649164264175459
2014-08-26 20:00:00,DEHM_noBD,0.19652654877194653,0.20581732319985888,0.1785649434234153,2.2638437193299485,0.7904577465905108,1.9018975625752528,2.052294677669309,0.01844155098821383,0.03956166095867829,0.1996669876736159,0.09635770820114058
2014-08-26 21:00:00,DEHM_noBD,0.16381629729873476,0.31938032723399734,0.16602154899330243,1.9581015975138967,0.6493533372132712,1.5012554263348505,1.6115656727088006,0.01362605873283928,0.034906351319047034,0.20117255793525046,0.08968429008749011
2014-08-26 22:00:00,DEHM_noBD,0.1355928036677961,0.5284673175066478,0.15993053875777113,1.661506260949141,0.6034601740987832,1.3601043669402078,1.412315993331235,0.011652505701860483,0.03467617040493965,0.24523166804635438,0.08222705482371025
2014-08-26 23:00:00,DEHM_noBD,0.10710266853124348,0.6217278730710529,0.14346269075365858,1.5514963008038212,0.6531120465534366,1.3554435609736382,1.3962817257458267,0.012336048519397272,0.034650207195353395,0.3683008247889366,0.07394465748551061
2014-08-27 00:00:00,DEHM_noBD,0.0912702969146123,0.6442651020332634,0.16858286862528754,1.5820734724395853,0.7550828610145299,1.4318549824491258,1.5662099437618127,0.01327889309467123,0.03269766112714033,0.4517680800875202,0.06803314096837876
2014-08-27 01:00:00,DEHM_noBD,0.08718317496911611,0.5924088761580828,0.2210819524340517,1.8420425059654133,0.8268727623450989,1.3664395280206763,1.535067628967562,0.016135116755653208,0.031363886706290485,0.4222747312874694,0.06435785350533071
2014-08-27 02:00:00,DEHM_noBD,0.08639272636966765,0.6135537994538247,0.22262606573618693,1.9460758195578582,0.8362302842779086,1.2668093945379741,1.388884393520665,0.03193954564132821,0.03204914238592275,0.34487812429460607,0.06190927763596534
2014-08-27 03:00:00,DEHM_noBD,0.08603040281960728,0.6699567299870588,0.2400367986478004,1.804557058055056,0.92152786371544,1.2576601627493602,1.376568237343859,0.04594136878368497,0.035691788058447006,0.2920329193575214,0.060569767327091906
2014-08-27 04:00:00,DEHM_noBD,0.07810781177669744,0.70251000786168,0.3537719776955851,1.7024602945222402,1.0123557778826449,1.3041001494979625,1.4049236662179696,0.0494250142760966,0.03980849341705004,0.24217286028256624,0.060853569013086334
2014-08-27 05:00:00,DEHM_noBD,0.071647557978155,0.5999556819546594,0.48919664078380903,1.5466922299627424,1.0831477497095334,1.317096399597998,1.4545089379957574,0.05004946546970598,0.04354847168712218,0.1641866466916584,0.06526375983757894
2014-08-27 06:00:00,DEHM_noBD,0.07220818498226791,0.4111648491674288,0.5074544472587852,1.3937502785255793,1.129215287173502,1.267160089496502,1.4591710406765552,0.05319779792096077,0.0485829928617245,0.1252546376515644,0.07387707369410429
2014-08-27 07:00:00,DEHM_noBD,0.0786217163658281,0.2752350816769524,0.4663272221194579,1.2055360385912082,1.1413379533776222,1.2285424755243106,1.4388621469916685,0.052395404645969285,0.050616278934791877,0.08047085351926497,0.0800875547475646
2014-08-27 08:00:00,DEHM_noBD,0.11013360703529777,0.234719080180535,0.35355188575841007,1.158848178622042,1.093508294097029,1.2027699579037296,1.3616428392893378,0.05246490642549579,0.052563013437985105,0.041992001605748244,0.08747257140703954
2014-08-27 09:00:00,DEHM_noBD,0.14472025912629885,0.18019091167433404,0.3593434155190782,1.17335026051907,1.0496270205389242,1.1930209785685804,1.3645213219489374,0.05125979819240498,0.05404115020118402,0.04372828797029335,0.09461084167799436
2014-08-27 10:00:00,DEHM_noBD,0.14477223319555627,0.08833562734750314,0.4092186195978008,1.6505685908613734,0.9974439446599467,1.4344140080807513,1.772657022779145,0.05046308182352663,0.054724976417107336,0.047955531516287536,0.09946472736088548
2014-08-27 11:00:00,DEHM_noBD,0.13690780856628887,0.08241045195024915,0.4055633740879688,2.26551060880292,1.0160286992257972,1.867554171600875,2.2173934899719336,0.051847511497235585,0.0535685564095316,0.051809110736488896,0.10290654916335813
2014-08-27 12:00:00,DEHM_noBD,0.11547681688936424,0.1619693784452664,0.4152301662503136,2.0838618916176608,1.0432946153323073,1.9382332778138378,2.2539811459040666,0.05428646967126684,0.049699068364592876,0.056960954726067,0.1057801771555467
2014-08-27 13:00:00,DEHM_noBD,0.11171913484003265,0.1234659814077965,0.41808444624284624,1.9632104669640307,1.2438270334452437,2.0408083712129503,2.128638343322369,0.05760123314038384,0.047482553596274145,0.07016062521787876,0.1067556783577053
2014-08-27 14:00:00,DEHM_noBD,0.1130154424257782,0.10676539213259408,0.39015633662147675,1.8706113218483709,1.4655115559222618,2.0487442035043175,1.8683289099056948,0.06124719912596027,0.04640790167678371,0.09806981151107229,0.10656589845148827
2014-08-27 15:00:00,DEHM_noBD,0.11386828452037492,0.2288208661903941,0.3553647131745423,1.8671196251035287,1.6943810014076648,2.00151921358775,1.7504459439449245,0.066384125090239,0.046231058274659356,0.11362758283977155,0.10275742359783493
2014-08-27 16:00:00,DEHM_noBD,0.11986858126913205,0.24298195023789004,0.33389935059819364,1.7926074155915854,1.8344161849379468,1.884059785479844,1.8139491515899682,0.07549274962271783,0.0488047931729244,0.11881073315052715,0.0955915388545207
2014-08-27 17:00:00,DEHM_noBD,0.11305119768632893,0.26101525328866926,0.3301697249826415,1.577698809569976,1.992443939356324,1.917998472099622,1.8961837948538494,0.0834978563893655,0.05334559752168987,0.11522591185735247,0.08634995469090746
2014-08-27 18:00:00,DEHM_noBD,0.10508763075989369,0.3702717032161837,0.31755862576201543,1.8204269399063973,2.0810063729456827,2.3864323103155525,2.2737593210540537,0.09667772951998962,0.06087397266590636,0.10604209190241429,0.07722960036443657
2014-08-27 19:00:00,DEHM_noBD,0.10078386778865958,0.4937214780429139,0.3053981771336495,1.9700885126239955,2.318063163988895,2.707223193109224,2.4598781402954044,0.1326625117197929,0.06887599596326298,0.1065443467871757,0.06758212976893656
2014-08-27 20:00:00,DEHM_noBD,0.09700147032912347,0.4732359732460543,0.30716996000098523,2.190706065250636,2.595294785725116,3.076597974452796,2.617297975397094,0.15811456398893664,0.07242870466989797,0.12767715499222884,0.05543942122790656
2014-08-27 21:00:00,DEHM_noBD,0.09691305830861549,0.41538539805140096,0.31660219366807485,2.5447344722551555,2.904732029717628,3.3971640775634824,2.6926510515192663,0.12866635178913616,0.07282114338488867,0.16373824716009824,0.04612848573006152
2014-08-27 22:00:00,DEHM_noBD,0.11152241274884662,0.40492032371696307,0.320058739612922,2.989825784048743,3.407092654466162,3.4754755061730966,2.9049518464380704,0.10584687323991597,0.07554726556088164,0.2550799865171326,0.04440824472285312
2014-08-27 23:00:00,DEHM_noBD,0.24457981070623716,0.41616739749247433,0.31701426191638205,3.2671262931079235,3.977982129317286,3.5724397957863383,3.5736731964302013,0.09887800726969825,0.0804821911887843,0.4219956563705369,0.047930584013960165
2014-08-28 00:00:00,DEHM_noBD,0.40096155210390666,0.4176711884880798,0.30767640527757806,3.236589828102841,4.317565985037225,4.258046761916991,4.399167300696233,0.10264319447342518,0.09646329403398377,0.6914265229894666,0.05383160964092229
2014-08-28 01:00:00,DEHM_noBD,0.40193447635849927,0.40038683894628657,0.30442951845011657,3.1032791477890065,4.976317178808972,5.695643505813985,4.795961392736732,0.10579275262480471,0.154132813657075,0.9804719926473424,0.059366382884206106
2014-08-28 02:00:00,DEHM_noBD,0.4123190140395238,0.3886825995720026,0.3173638152642173,2.9617007190738267,6.515437205433834,6.595398977105722,4.8377805255656705,0.08982450221206516,0.23399530041664818,1.0617478820650885,0.06486811002927768
2014-08-28 03:00:00,DEHM_noBD,0.37889664955199676,0.3933382087864377,0.34492452492797726,3.0426872969252305,7.136471569372325,6.290644195316111,4.682799935982405,0.07492772361252908,0.2757958504870533,0.7515112017462775,0.06874266114430484
2014-08-28 04:00:00,DEHM_noBD,0.38566300690186206,0.3982476500976935,0.3785757508172281,3.0711718776890056,6.766125799629613,5.6241841107944595,4.458561133984988,0.07428146129102428,0.278902138955891,0.6107252441565691,0.07290996079249297
2014-08-28 05:00:00,DEHM_noBD,0.39073556325173925,0.387303762986816,0.3995851937837479,2.8568524296735855,6.079644869501864,4.911252438565856,4.078325972305328,0.0764164140740758,0.2577013423749803,0.5808026613206415,0.08332534923260317
2014-08-28 06:00:00,DEHM_noBD,0.38407318793850936,0.3486783495580046,0.3916145999986678,2.413343812299027,5.242305576273239,4.039835490933517,3.209002650994274,0.0795871707794442,0.2230079349875448,0.5018206614019441,0.09000159160425644
2014-08-28 07:00:00,DEHM_noBD,0.39173179788390167,0.3297967937587253,0.4083949007350089,2.2890099377437365,4.404210995434877,3.679723413129319,2.7251628795843423,0.08206212311161665,0.2047402092734723,0.4512226336106099,0.09221051257217755
2014-08-28 08:00:00,DEHM_noBD,0.3968797958477585,0.32238271092347326,0.42342437760150287,2.005205072566587,3.7311867226345514,3.440575607442212,2.7926508557636627,0.08438293036743524,0.1881374407796188,0.4246150188363901,0.09162039320195087
2014-08-28 09:00:00,DEHM_noBD,0.40868033335383047,0.2957315814604498,0.39449608180917095,1.6042238537285656,2.950829656057118,3.0753455632446594,2.5979906241882524,0.08707288663932114,0.1864256189587152,0.4352744832905055,0.09045067889596323
2014-08-28 10:00:00,DEHM_noBD,0.40483448060961436,0.27038829805811887,0.34813532573882716,1.3427447693599206,1.9505419753771251,2.4113525182166597,2.2264083594695343,0.08864270101678544,0.20432369374360873,0.4342088834896241,0.08903394539407437
2014-08-28 11:00:00,DEHM_noBD,0.3913956207621283,0.24319648722840115,0.3178589686845623,1.1538907850684446,1.2900012909612666,1.5349554562802414,1.788122137844995,0.08868612678774622,0.22678045946884887,0.41833224170398653,0.08737313803564746
2014-08-28 12:00:00,DEHM_noBD,0.36685022888582186,0.21677804797623643,0.30409109658322353,1.0867908041546244,1.1289486925636685,1.2318847592837248,1.4215365961524742,0.08879121753801819,0.2340367290290816,0.3704863312949495,0.0857644771712364
2014-08-28 13:00:00,DEHM_noBD,0.3373922732136002,0.20620824219607264,0.2797456605088139,0.8971611783822533,1.0026990012255719,1.2624024152136097,1.0533424502117907,0.08860516745203754,0.270317083774097,0.3218437418455275,0.08524745668203557
2014-08-28 14:00:00,DEHM_noBD,0.3182292713780351,0.22498245500276262,0.33322433808783625,0.8218257126439438,0.9800284208685903,1.190117989149105,0.8401797054076212,0.09063459273583707,0.3131762805781513,0.30662490799459075,0.08364780878252331
2014-08-28 15:00:00,DEHM_noBD,0.3078112667244601,0.26978388490839544,0.5405673198499926,0.6051892632096713,0.9737653693529682,0.9525703948832479,0.8091373559017667,0.09382386266511852,0.37718447021292967,0.30480350472930895,0.08060970400172271
2014-08-28 16:00:00,DEHM_noBD,0.31313553678024775,0.2643288732048338,0.9294902522890905,0.35445575210209695,0.775204000948083,0.8197214773246582,0.7206088616191989,0.09913280995912138,0.428946193322651,0.3232423110479365,0.07743694219834862
2014-08-28 17:00:00,DEHM_noBD,0.3346312308737961,0.2069515640167559,0.7138741493527357,0.24016160899821776,0.5996912897992785,0.682626718681274,0.604174702715577,0.1119049552334518,0.45208202753570836,0.3471778819865187,0.0740835745560284
2014-08-28 18:00:00,DEHM_noBD,0.33960946909423556,0.19738395614408616,0.8861651646139199,0.2489466429017586,0.45027742659284264,0.5405769681694914,0.49167249365509275,0.13151413153870242,0.47488203720887184,0.3665128295722349,0.07143942800430568
2014-08-28 19:00:00,DEHM_noBD,0.3271091890093135,0.2729285135401268,1.343242755940651,0.32093743575137357,0.43352196874325616,0.4884149169170683,0.6610466867725768,0.15476246504505733,0.5159643984270281,0.41265098831407204,0.07120675873382123
2014-08-28 20:00:00,DEHM_noBD,0.34088409274204384,0.7064337562150187,1.3728936936684863,0.27089227748320943,0.41579168496140734,0.6704392845797903,0.7944671290277092,0.17769957432131853,0.5559373594162611,0.5269096033328108,0.0720201549370866
2014-08-28 21:00:00,DEHM_noBD,0.4147570441554137,1.026620592620258,1.2619830532710519,0.25638353991174456,0.44797711672288354,1.0596339802140466,0.9784037184105441,0.19894174268698298,0.5045343358299135,0.6645238918391756,0.07237322056345041
2014-08-28 22:00:00,DEHM_noBD,0.5240068864067375,1.2454537471274234,1.8843956067878527,0.542608475737913,0.5519571529548055,1.6874277277046095,1.0042143815419569,0.20912507465489188,0.41376745519459235,0.7784322811464932,0.07255081608875866
2014-08-28 23:00:00,DEHM_noBD,0.634085311146067,1.3382834942379038,2.4405523943185083,0.9000090072913222,0.6320985105096548,1.9333462863367024,1.4433888800061963,0.20045205640420302,0.3606708527755736,0.8697295555925875,0.07400396193708046
2014-08-29 00:00:00,DEHM_noBD,0.7794431798396544,1.2047851205063003,2.6779361023104364,1.24144644311406,0.6449554841914772,1.9029302264764794,2.3071708643442994,0.18185701664971174,0.3320273643681406,0.9445139078135819,0.07515046144128426
2014-08-29 01:00:00,DEHM_noBD,1.1352215961176064,1.173004584945161,2.942500263951848,1.7299031649365422,0.6112880087444186,1.8417146567351126,2.556863646181371,0.17085574981531107,0.30648952181506883,1.00044627955824,0.07682353637686049
2014-08-29 02:00:00,DEHM_noBD,1.4755858862995554,1.3124492285760732,3.136138589565235,2.0829612966853412,0.5768169708198307,1.5396641740463557,2.645297248548615,0.1705923978696762,0.28312745920747495,1.0407597668704671,0.07879384134026474
2014-08-29 03:00:00,DEHM_noBD,1.3333215605755773,1.3670360856741153,2.854991991827994,2.3661393377659095,0.5652233219674229,1.4902969496002025,2.628250236099449,0.17030395703427484,0.2521050977548397,1.0706987145532363,0.08117473519846204
2014-08-29 04:00:00,DEHM_noBD,1.1563497441326234,1.4739206092844828,2.03066898677781,2.1341104801652717,0.565942122297585,1.4781119379732695,1.991358157643031,0.18665131430357682,0.21677830266952502,1.0892057890474531,0.0841035401512032
2014-08-29 05:00:00,DEHM_noBD,1.020089981064479,1.5855485343332258,1.840640984607664,1.632290538097329,0.562444869197253,1.410722280478757,1.7123215298779495,0.2874748060660063,0.1823493012452589,1.032663634550567,0.09174960822125541
2014-08-29 06:00:00,DEHM_noBD,1.0097050665387024,1.5212488733641476,1.1962007550143725,1.3174809172694875,0.5697830740363151,1.202881673139017,1.3928858936804018,0.4114407621963321,0.1428368682497831,0.7808162449542545,0.0954223247064483
2014-08-29 07:00:00,DEHM_noBD,0.8773010659955355,1.0514766490252547,1.0624641300816422,1.2165308059722757,0.5561838444578645,1.0850332887672633,1.2525596337876097,0.4988018579073249,0.09866455283137955,0.521150953672623,0.09561538818459478
2014-08-29 08:00:00,DEHM_noBD,0.7275471923016209,0.4956572746072103,1.31211136637067,1.2834364295469713,0.5789193988220394,1.0748782624205666,1.2028875770387006,0.5007317459937928,0.06570200677261917,0.4315545130466723,0.09172695905552694
2014-08-29 09:00:00,DEHM_noBD,0.5478974309819894,0.4965058073949208,1.4690852128970384,1.3185673197032826,0.6175334228123723,1.1478184824982658,1.1900047999830963,0.48549867338955377,0.059685271386197926,0.5497063557248696,0.08687729869399208
2014-08-29 10:00:00,DEHM_noBD,0.4438157079605384,0.4620606253741204,1.9191127230510276,1.352281390128066,0.6033290370784699,1.2525268643845338,1.2450851972771448,0.47526522425830353,0.05563423313156398,0.6700709776230741,0.07939315567930218
2014-08-29 11:00:00,DEHM_noBD,0.46645674815056837,0.3873140983279334,2.2244762012370094,1.3112147088662378,0.6081633274728431,1.375271967614377,1.3000635235842644,0.4538983464927969,0.05459758955331396,0.6690098526249367,0.0704146147364329
2014-08-29 12:00:00,DEHM_noBD,0.5579329438557475,0.5630218317644367,1.820347048939963,1.3765719156912488,0.6244061788380145,1.4314738260421085,1.3681071285650896,0.38947953811682745,0.05449593686470747,0.7391293484127968,0.0642204178983297
2014-08-29 13:00:00,DEHM_noBD,0.48833473988211235,0.3054073980567878,1.0004369504074577,1.2606223559616276,0.5887903047213144,1.4158718365393566,1.385327854708521,0.32222945900391775,0.057079813640792065,0.8546510625561965,0.0644807998231798
2014-08-29 14:00:00,DEHM_noBD,0.5217798731712252,0.4402750796397753,0.45246406568220915,1.3381918553588,0.5954907708902655,1.3278125544908352,1.183444689962584,0.2814682602492904,0.07324477616427578,0.6638161430770764,0.06784546353096592
2014-08-29 15:00:00,DEHM_noBD,0.5461724958137422,0.7252001792407887,0.44215488040822076,1.1848345411198935,0.5360181733190639,0.9823195770787585,1.1765367808651344,0.2636046464272788,0.09852408915910278,0.41711716097364904,0.07234666095435258
2014-08-29 16:00:00,DEHM_noBD,0.5392745639092661,0.7721966212436702,0.7248072385367704,0.79700941581499,0.4194820045322924,0.5613583119867789,0.943368138959243,0.26748800293650027,0.1420350510157711,0.364871005156841,0.07870184720618031
2014-08-29 17:00:00,DEHM_noBD,0.6316886876839118,0.6230285413384402,0.7424885243628336,0.48450361005375087,0.3591730276507324,0.4022981455724767,0.6459026875155724,0.29790904392257617,0.1537976139012715,0.46380566380647936,0.08123186810291157
2014-08-29 18:00:00,DEHM_noBD,0.8145604777168483,0.6896424075332377,0.7252939110014528,0.3806131819689832,0.35613341547366223,0.49035316302834986,0.6838127646366869,0.3963562775772611,0.14470549765812807,0.5768433743491396,0.08198269332504828
2014-08-29 19:00:00,DEHM_noBD,0.7475139405258278,0.9065065363092719,0.7691033656162969,0.5751338190786046,0.39445230488888916,0.8267474194255825,0.8975535046914627,0.5095230838226736,0.14641948745109457,0.5108297122068609,0.08456879151648383
2014-08-29 20:00:00,DEHM_noBD,0.5717505538269505,1.0180772199475414,0.8943813753613916,0.8172941041702263,0.43882275171630075,1.0077666042643343,1.094247634030364,0.5290682880915328,0.15461376329166784,0.4164111197164188,0.0874965845244536
2014-08-29 21:00:00,DEHM_noBD,0.41965949476458364,0.9675971036365802,0.7876084005264098,1.11798129653001,0.4896704221833495,1.1929262802967018,1.3495169152615778,0.4365505755260679,0.15854134987559726,0.38961524686139065,0.09022866555971282
2014-08-29 22:00:00,DEHM_noBD,0.46427937899767424,1.2386776501459675,0.7902382342007384,1.5376688721999816,0.5080531181721388,1.4211601360968644,1.8916041798054912,0.3609181605542544,0.1556220190636428,0.31816006458465,0.09287962920862829
2014-08-29 23:00:00,DEHM_noBD,0.547782132336488,1.5381043875580236,0.8217617952130409,1.6369705327632065,0.5114365173574535,1.5256460457676848,2.2457910855926464,0.32012037164339774,0.16020930921532714,0.24749807531858747,0.09354885114241096
2014-08-30 00:00:00,DEHM_noBD,0.7023788899651542,1.2982209228135226,0.9462515151940123,1.544448352991978,0.5127252628777921,1.59144995024596,2.360110315814472,0.24250399252169758,0.15777392775297955,0.2541024609751273,0.0934019104307249
2014-08-30 01:00:00,DEHM_noBD,0.7267117682399601,1.2058266124041541,1.045775410361141,1.5500517009485422,0.5007996386136486,1.4499915184661722,2.2810253864365646,0.20897772276883936,0.14225177207102585,0.3008247847690554,0.09297548356456636
2014-08-30 02:00:00,DEHM_noBD,0.77747529293932,1.282959629419672,1.1761571840305673,1.5752406482275847,0.4771707537489383,1.3044265531218469,2.0884574086418777,0.255572578225471,0.11770290862759217,0.3334854550746216,0.09158993083869564
2014-08-30 03:00:00,DEHM_noBD,0.7709802441351301,1.378805899119966,1.345813413969985,1.5548784698138856,0.4635763650430551,1.2563079259107868,1.8317553180259782,0.2857541041801683,0.11361713316585033,0.39669862376866616,0.08811772313359649
2014-08-30 04:00:00,DEHM_noBD,0.8777010835093817,1.4056992469532252,1.3512158943170915,1.522380594486179,0.4475002004720827,1.2311987905434658,1.7302796050355829,0.30615794172031796,0.11631492093058286,0.5516350691881642,0.08782547804534888
2014-08-30 05:00:00,DEHM_noBD,1.0140652824804839,1.4309365562067087,1.3567697034953814,1.408548265708015,0.42438548216477023,1.1748585516676562,1.528436686705118,0.32648384672144415,0.11983597964207857,0.6417545716813781,0.08990092825232521
2014-08-30 06:00:00,DEHM_noBD,1.0930493793880194,1.5646573658106897,1.4187923392291752,1.1001457391051006,0.3856348223749548,0.958663776996145,1.2235239396873931,0.3532731039198114,0.1283758402234268,0.6293767620248294,0.09112998594784634
2014-08-30 07:00:00,DEHM_noBD,1.1609120208261932,1.9440583027235743,1.6578115118521133,0.9292262859551195,0.35815921963904046,0.7872434656128705,1.042455690072868,0.3925298402837477,0.14877118310853815,0.7634816802143608,0.09288193879425981
2014-08-30 08:00:00,DEHM_noBD,1.26394235063439,2.4751671285639354,1.4948036447369697,0.8838650994301087,0.34028309164356424,0.7190908911833724,0.9143360665427043,0.4910658024926483,0.1740442348753753,0.7453331172510842,0.09520034667067226
2014-08-30 09:00:00,DEHM_noBD,1.2591341287147078,2.895776114186776,1.0143576334054303,0.9013485938510106,0.3203095464923231,0.659152367981295,0.8906261254116101,0.6609432210614719,0.20521024606981308,0.605980055214213,0.09572037525563486
2014-08-30 10:00:00,DEHM_noBD,1.510863615046012,2.697356672743183,0.38668975790083493,0.9229716284508598,0.29105593485368403,0.5792111588254174,0.8654810048029589,0.7960544834237917,0.21851181597383684,0.5905469697171868,0.09698548577729597
2014-08-30 11:00:00,DEHM_noBD,2.0713705056988774,2.198182419513788,0.12259877338550705,0.9558549570954686,0.280312399642691,0.5339805054155153,0.808508266074385,0.9354028574748336,0.22362241875287595,0.4833140460345614,0.09907869963512739
2014-08-30 12:00:00,DEHM_noBD,2.393456545654619,1.5328324039813375,0.06394537814300971,0.9409011237689162,0.2759531112563609,0.5012936908132396,0.7303231254243894,0.7437412225283682,0.21253121916855203,0.31278473084161973,0.10231419372534359
2014-08-30 13:00:00,DEHM_noBD,2.2901903821501204,0.6132486513583163,0.09790029903925707,0.8333585280565831,0.26923557451849794,0.4532009192427555,0.5214577906149227,0.4252270989073812,0.19913565785325588,0.23759481852275455,0.10456696755638328
2014-08-30 14:00:00,DEHM_noBD,2.112752474848841,0.24248396427486923,0.1420929815152566,0.6023325965123114,0.25591003381038063,0.4274798414724098,0.37857513460583225,0.34491500790975976,0.19258921168366958,0.6564186474771904,0.1065110428003313
2014-08-30 15:00:00,DEHM_noBD,1.6865744255352357,0.23850101933629678,0.18304854871133325,0.41930082678229824,0.2620750346320307,0.39991561316990865,0.4485816381601883,0.2259123077467828,0.19028004331913073,1.7811851159963716,0.1075062561566778
2014-08-30 16:00:00,DEHM_noBD,1.448106603537742,0.22725071399243957,0.26009361024360983,0.36196985155404177,0.25876241247906806,0.3536112412987974,0.5562668440021964,0.14932017580814638,0.1789761844611377,2.1400053793455194,0.10773115715672721
2014-08-30 17:00:00,DEHM_noBD,1.4492624179745488,0.19180715011887478,0.29334001102753204,0.36334374355075266,0.24159481530558316,0.3215118788885206,0.7255974898337085,0.1273363170352018,0.1561644427070672,2.068088458649763,0.10532888578697208
2014-08-30 18:00:00,DEHM_noBD,1.3740046639455756,0.16390203271072698,0.29529269954405124,0.4489207359469146,0.24100312063928675,0.42345810352402413,1.1691362349332954,0.1461585647777839,0.15262692015814586,2.305225004109821,0.10275742779626558
2014-08-30 19:00:00,DEHM_noBD,1.5196216444459587,0.14719513240025245,0.31723596615449984,0.8369269978713231,0.24805326415001402,0.7013085464381276,1.605773331561489,0.17378894150029864,0.15736624646884606,2.683995315753602,0.1018079175596404
2014-08-30 20:00:00,DEHM_noBD,1.5172938406758383,0.4061953505392506,0.3258715267444429,1.3408843776841226,0.26690056700506004,1.003348341724916,1.9378167597478715,0.12986416762643482,0.16277091228682541,1.8043694271412611,0.10003457011453094
2014-08-30 21:00:00,DEHM_noBD,1.7688126101958985,0.48587770504544836,0.316361252289583,1.76506770102513,0.29313767726987583,1.377489576289097,2.226301516729886,0.08763069623323144,0.16591579210919774,1.3119521780988133,0.10069516597333339
2014-08-30 22:00:00,DEHM_noBD,1.9102749468355311,0.5213760330444888,0.38111254564293506,2.1333251350673823,0.374447297362571,1.7706026475637104,2.5551317694948117,0.08295551229525346,0.16698858304084496,1.0909740929705405,0.10266011339829996
2014-08-30 23:00:00,DEHM_noBD,2.3048612254211163,0.5960131070177387,0.43660063120753434,2.6196553678982077,0.5024271261387712,2.1857655825645836,2.859820013066765,0.10584306528054158,0.16669496318013635,0.7667613964801914,0.1020865582438062
2014-08-31 00:00:00,DEHM_noBD,2.985309751036599,0.6942475846588803,0.5651649375557686,3.143480147926699,0.6231530728939663,2.5792011670383084,3.1374329107412233,0.12876383566260324,0.1630474256438528,0.6961043062425663,0.1017884520470745
2014-08-31 01:00:00,DEHM_noBD,3.497177027175537,0.8466288429353637,0.6815521616272233,3.444824924342725,0.6519914792928309,2.777000518459949,3.512974508835322,0.13629299627915004,0.15398998644523312,0.5391227427000352,0.10165123853295789
2014-08-31 02:00:00,DEHM_noBD,2.6288900087431024,0.9801568067560856,0.681003100947989,3.627815720509999,0.6879296879299264,2.8626697656634423,3.8862843011788044,0.13469113540537642,0.14583244528366707,0.3857696091395002,0.10144812913464922
2014-08-31 03:00:00,DEHM_noBD,2.0893095863362396,1.129687857888888,0.6507648739360572,3.7078930687301677,0.7134898016173672,2.925220106741516,3.827903719278504,0.1419787260007112,0.1416957979248649,0.24689210453705507,0.09992024798172107
2014-08-31 04:00:00,DEHM_noBD,2.4274174725073667,1.2418949606387015,0.6314920339898218,3.041220873972969,0.7717867484828154,2.9129489437267813,3.4346396201204694,0.16586219527959806,0.1370912070649768,0.23812802302807493,0.09711030548302961
2014-08-31 05:00:00,DEHM_noBD,1.8626399478326272,1.1887024587705277,0.6593853461427954,2.7905826274356715,0.8413727037398772,2.726630631840988,3.2786809294099175,0.18951792138051227,0.1384178990460884,0.41602020569046955,0.09436059068074065
2014-08-31 06:00:00,DEHM_noBD,0.6377917861099576,1.1013039534779403,0.6530451242370827,2.4958842552803175,0.6071019986625783,2.195860542137101,2.9334385215752943,0.25563357371689743,0.14798106622394858,0.40445297286341886,0.09437565444077536
2014-08-31 07:00:00,DEHM_noBD,0.33940381155162336,0.974861747936602,0.6424908515113225,2.228694428931414,0.409657953361133,1.7577291805303144,2.511119743073881,0.2951801058745196,0.16135603286025577,0.33117868506253456,0.10313536933157352
2014-08-31 08:00:00,DEHM_noBD,0.3407174407089524,1.1453926817432343,0.514854447737672,2.0326932959911876,0.39623982839346844,1.2334248463814437,2.1376727329811733,0.26389542219207607,0.1794802980337477,0.3744298281455459,0.12669447558785776
2014-08-31 09:00:00,DEHM_noBD,0.33603438571018385,1.875362791979601,0.615530570642335,1.8385911115770042,0.389655713416161,0.7270062266131443,1.7540320226823836,0.19657376951001576,0.18982078655668053,0.41318382495853445,0.14652126113813357
2014-08-31 10:00:00,DEHM_noBD,0.3284728694582031,0.8022845356798088,0.8144936646222588,1.6720357952823612,0.3875209825760497,0.5466583863158546,1.184293855349809,0.1450710710885746,0.19161241259685707,0.3860053930668148,0.16161700396344056
2014-08-31 11:00:00,DEHM_noBD,0.2703497907487093,0.36956228700858995,0.6555481830907874,1.5316623557857647,0.3934603784938527,0.5196762337426932,0.9108791243531618,0.14196118803815908,0.1894760798979433,0.3340612594315618,0.17736971121643655
2014-08-31 12:00:00,DEHM_noBD,0.2465637545241553,0.3703855941403889,0.5931328778433351,1.1247297650851495,0.37888265211353067,0.5884356370808103,0.8167193417535901,0.16742864304207253,0.18326646925295,0.27618468932321055,0.19406146717901332
2014-08-31 13:00:00,DEHM_noBD,0.21028354396697113,0.3392924466113,0.4595142717055414,0.9226746190369726,0.3145208743225224,0.592336309722641,0.7255878285219438,0.18955061787846478,0.17368066115088515,0.25345435756517554,0.21019180122309358
2014-08-31 14:00:00,DEHM_noBD,0.19978331065358107,0.3110389296411349,0.12995437791722184,0.8812040266127301,0.24469287239938953,0.48780950044920485,0.6068945168133761,0.1857132562337815,0.16422131899784545,0.30000290342518127,0.2200043850949499
2014-08-31 15:00:00,DEHM_noBD,0.2361703048649452,0.25957267379655374,0.17455371266594089,0.648852487152463,0.18912116866216044,0.3132844649504899,0.4855054289536316,0.17377224843632416,0.14371727308534019,0.3930562809813092,0.22295256147528053
2014-08-31 16:00:00,DEHM_noBD,0.2651354041265788,0.21039083357735586,0.2454480909011453,0.47142389073853663,0.16459006177151556,0.21747267497656733,0.3221865475687634,0.1687362790409951,0.12532170581915666,0.3466393586342335,0.22374062343748993
2014-08-31 17:00:00,DEHM_noBD,0.27984148472278136,0.19806626840611896,0.25324328096018,0.3378989354364398,0.1739742938700969,0.15922205930614694,0.2065119959357924,0.16166071641429494,0.11849249477585111,0.25095624199360056,0.2194892556943015
2014-08-31 18:00:00,DEHM_noBD,0.25945168197979557,0.20761489893680937,0.2194766834367027,0.2812474033822078,0.1816010018176863,0.1644697991084696,0.18903100928543615,0.14530469463366033,0.11712649738490705,0.17167705734818428,0.22795852002851044
2014-08-31 19:00:00,DEHM_noBD,0.19318035307619594,0.2333214727493853,0.20076873632723297,0.3239776812765996,0.20816887677556356,0.25225303636834484,0.41202213631526186,0.13406898342861262,0.11906385515000212,0.14868696787570623,0.24158227972303473
2014-08-31 20:00:00,DEHM_noBD,0.16525506152952898,0.2518427481456972,0.21164126896350427,0.4931817768080621,0.26857419009689465,0.38906911216148965,0.7243741340277681,0.12686180085492993,0.1210256597168091,0.12854922904222277,0.2557005778551854
2014-08-31 21:00:00,DEHM_noBD,0.16284631418615336,0.24863851022310274,0.2382245037793273,0.8598909880498968,0.3785992191213787,0.4430038782465627,0.8305466789881651,0.12100081993042283,0.12888198967732048,0.12817600322163855,0.26754324715042194
2014-08-31 22:00:00,DEHM_noBD,0.14843355843862863,0.20632976370872322,0.25715197724634775,0.8739693794441052,0.559423489652574,0.4802573797263201,0.8406150056440942,0.11475703123184203,0.15237064652447532,0.18230003912921974,0.2838923496594651
2014-08-31 23:00:00,DEHM_noBD,0.1648565354510116,0.16942354768098206,0.25045750883248835,0.8718755600360006,0.7514414289889019,0.5811804551298725,0.8006584103793197,0.10813904379935235,0.1828631602298532,0.33890191457781926,0.3105290006940252
2014-09-01 00:00:00,DEHM_noBD,0.24587916438801893,0.15078551616129068,0.23452161655285522,0.8827073706167814,0.8798677494859881,0.7592385600923665,0.7382419882241711,0.10265082676950571,0.20844984097396774,0.41320812708914256,0.29696232366733244
2014-09-01 01:00:00,DEHM_noBD,0.33229831908923557,0.1547199322653096,0.24288128806461004,0.861541857662476,0.9767785874590651,0.9553001442986656,0.7350531986376467,0.10095669947853099,0.22535158609027953,0.4410759414379297,0.2703328376322983
2014-09-01 02:00:00,DEHM_noBD,0.382301575493803,0.19505470451137846,0.30366035966807126,0.8315660462700849,1.0356191710692644,1.1216616200451879,0.8366671329629323,0.10167090460149404,0.2581092415686696,0.45368996383641835,0.2554389516954123
2014-09-01 03:00:00,DEHM_noBD,0.39437652429370196,0.26046112591911685,0.3683340149456925,0.7648105213432316,1.0822406125941686,1.2289730213638068,0.9279997758203072,0.10393988030708586,0.27100047934667193,0.4685926361523939,0.25968666044756755
2014-09-01 04:00:00,DEHM_noBD,0.3992872140102647,0.28102106663105125,0.433258402998175,0.7701508907151436,1.1107996161146276,1.3259703899512814,0.9919652492167539,0.10837330897942445,0.26324646034436294,0.472271611485891,0.2626643442790209
2014-09-01 05:00:00,DEHM_noBD,0.40111818551634415,0.3638884904611156,0.45799614909170494,0.8506281367852547,1.1420078490408696,1.3698209241791535,1.0723920355339525,0.12043127320488659,0.25316178626792485,0.4768699641250166,0.25567963470429167
2014-09-01 06:00:00,DEHM_noBD,0.4031534429769962,0.38591366030769403,0.47525590404637885,0.8421245711906097,1.1042147470249515,1.3060624841441517,1.0385745003112121,0.15219034432796755,0.24987089954165723,0.4869698683992772,0.2500396689645945
2014-09-01 07:00:00,DEHM_noBD,0.43657409937204783,0.3729548205983032,0.48029195273940556,0.7558516001739728,1.050632784616314,1.2314812723170687,0.8818837800153998,0.17617440451967523,0.23902939358378755,0.4547655373308619,0.2557853394006192
2014-09-01 08:00:00,DEHM_noBD,0.4670631033053342,0.3692269299831542,0.49093053139888615,0.758192411548588,0.9339127181793003,1.234179688431106,0.8183766535819044,0.1986390284644625,0.2323656961057707,0.34313686659034326,0.26681799879446616
2014-09-01 09:00:00,DEHM_noBD,0.46892892836208444,0.35639453066112003,0.5382798711885296,0.8067768925857091,0.7269615296626557,1.1851605581515898,0.7596116661725067,0.21565588107470401,0.23301724318572306,0.2143449433660273,0.2752101800898368
2014-09-01 10:00:00,DEHM_noBD,0.3816927074596098,0.3715607706349062,0.5576328017394372,0.8586580612221835,0.5199510973451518,0.9502036925222754,0.7996626268583945,0.21703183669071163,0.23102558450762162,0.1987722294643695,0.29046526049665866
2014-09-01 11:00:00,DEHM_noBD,0.26209118242643753,0.3963507036578328,0.599391464289086,0.9923055108711413,0.5500228530727977,0.8016870668638916,0.7886228329716044,0.22464231536068252,0.22191491350986572,0.19329992038224983,0.31059805367404025
2014-09-01 12:00:00,DEHM_noBD,0.23751354522166762,0.4200306118910432,0.658695888687862,1.1162349321335647,0.7249749635731055,0.8720260434842552,0.813415588239617,0.22479589723460364,0.21233332314350348,0.18200664298488928,0.32699386076012926
2014-09-01 13:00:00,DEHM_noBD,0.23808128085501012,0.4451180405691288,0.7194633298058044,1.33402152191834,0.7157759647176274,1.0413245940110833,0.8487137171931493,0.21905735066815496,0.19950365537095952,0.17450475948946062,0.3386245785074468
2014-09-01 14:00:00,DEHM_noBD,0.21224076519210816,0.4558378172880363,0.7354432366716046,1.686779853690568,0.731720164974639,1.1206005894141156,0.9310413206088085,0.21673818855855598,0.18841731971820955,0.1764654392819077,0.35170435915971615
2014-09-01 15:00:00,DEHM_noBD,0.19105092264048273,0.48885155146810333,0.7096021613801138,1.7056793071010619,0.8439749452586844,1.0599952813356643,0.9033692467274766,0.21126392239070013,0.18213223509345672,0.17685759245978808,0.36374343314499435
2014-09-01 16:00:00,DEHM_noBD,0.18109933766045594,0.4435745910419058,0.659525578878731,1.4735672398220476,1.0297788609462977,0.9870181851575386,0.9476959142160861,0.21174441018996168,0.17707664096924144,0.17774246095261473,0.37524725414864607
2014-09-01 17:00:00,DEHM_noBD,0.1810183751619006,0.3068010598444158,0.6261357043832969,1.2542742899828785,1.4210224945477767,1.151809694880402,1.282122929021058,0.21737557816777367,0.17376382488600314,0.18040374157599667,0.3928614172232033
2014-09-01 18:00:00,DEHM_noBD,0.19506177508289105,0.306190748516611,0.7874860152892599,1.4653378294223514,2.021383980433261,1.7739800501721124,1.705040940168484,0.22372584338203474,0.1700262095648895,0.17611362603018513,0.4011008781222853
2014-09-01 19:00:00,DEHM_noBD,0.2126234310277289,0.45420781762133977,0.837228821834793,1.6506806000259133,3.041124000582823,2.1353857721467207,1.624535706550356,0.23255618876895084,0.16396672184975944,0.1801409049999318,0.40117612256536017
2014-09-01 20:00:00,DEHM_noBD,0.2166930175435391,0.5800736728646589,0.8526783621459091,1.8428998944880335,3.4030649186409905,2.3435496931937276,1.7255868842488453,0.2383916101138755,0.1588376156070529,0.22225835067648392,0.3952362957668874
2014-09-01 21:00:00,DEHM_noBD,0.2187928743111539,0.7332310281544637,0.9180553779541124,1.987715650312951,3.212034079161342,2.5865338469669608,1.9966992342487906,0.2408000148407119,0.15585271241646875,0.23701819309416683,0.38529920341577134
2014-09-01 22:00:00,DEHM_noBD,0.23379630954184555,0.8901694928021031,0.9987003639997363,2.0833506836933986,3.0521141591117917,2.8332093956271276,2.1968587030603954,0.24306889980540114,0.1500405439541705,0.2534904688508156,0.3757125925461434
2014-09-01 23:00:00,DEHM_noBD,0.25150285736419364,1.038178313077893,1.124273523352897,2.2826702113442674,3.085350348923936,3.0492968592575966,2.353393471571452,0.2468342079599616,0.1416728954531667,0.3007210493694912,0.3684844053006637
2014-09-02 00:00:00,DEHM_noBD,0.2517054323137103,1.2080797103902885,1.4238313720204587,2.598036383882286,3.245496927899183,3.2164345622966213,2.5222223328081075,0.2493400061839746,0.13687841075729967,0.3781841020286835,0.3599845962076488
2014-09-02 01:00:00,DEHM_noBD,0.23873642960166203,1.256967867194116,1.4849408354012459,2.8985614607808103,3.4288148975150023,3.4312429844031898,2.6733746148531337,0.25064051335222587,0.19836263168218393,0.4345887519716639,0.3507334951509512
2014-09-02 02:00:00,DEHM_noBD,0.23846469735105222,1.2983053990361095,1.250341182994747,3.1181134975443037,3.6356934665570373,3.615861783780618,2.7607197741337917,0.2568134295932656,0.2869546735520849,0.47542988660316443,0.34883572746698027
2014-09-02 03:00:00,DEHM_noBD,0.2579196876398559,1.3625667776354402,1.1718449954605985,3.1897839157761028,3.848646640402236,3.7125162748527165,2.784846309542023,0.2752011430993861,0.3093913185932858,0.5291468286651524,0.36220358778686257
2014-09-02 04:00:00,DEHM_noBD,0.2894533974629983,1.4663777810608596,1.1530376423520594,3.139685363288757,4.024407613611873,3.7499385096564044,2.7804399988692543,0.30502765023836853,0.35478857274034525,0.5740916317792608,0.3679063707485608
2014-09-02 05:00:00,DEHM_noBD,0.3137024109456665,1.487421251699701,1.1278938988675082,2.962516465988359,3.9544428845291626,3.6570947328080208,2.712862956324802,0.3226716994793246,0.3781798055783472,0.5670574773424117,0.3392024098887293
2014-09-02 06:00:00,DEHM_noBD,0.3157593541681242,1.3465519986259191,1.0679185809468152,2.4007031434960058,3.7459035446071516,3.218431255090526,2.4139435854525373,0.31490614420780905,0.32171583398798465,0.4882169355242886,0.318404532170277
2014-09-02 07:00:00,DEHM_noBD,0.30971722037309773,1.0697252835041284,0.957228329591397,1.8171458928704527,3.6959454660999205,2.6467551115107266,1.9675340195262336,0.33245649524588117,0.24842406430142916,0.3974112967028282,0.28912513459018885
2014-09-02 08:00:00,DEHM_noBD,0.3275649719134065,0.5918517922842759,0.7420948141766524,1.5431759779452223,3.3280773236549854,1.956530175799282,1.5476219011505248,0.34816197842967916,0.20586726696272722,0.25012540033241487,0.2554186942975466
2014-09-02 09:00:00,DEHM_noBD,0.35344983776144906,0.3066773980501164,0.4796199080319573,1.4105071760053984,2.5661055083701996,1.3293734526312742,1.1542897247096444,0.32231825216253746,0.19143666416530486,0.20326832901772562,0.22964403639208059
2014-09-02 10:00:00,DEHM_noBD,0.33323310719856053,0.21570044616081271,0.30448339638040034,1.3048915150963767,1.7709468016002325,0.8830481109149206,1.1076293823447287,0.28289212067572855,0.19431592414730214,0.20565186518610784,0.21043642268789337
2014-09-02 11:00:00,DEHM_noBD,0.30317041248691734,0.18857189121143408,0.24442145239034196,1.3502792479793237,1.0565760006314004,0.8169220449170528,1.2542308763433545,0.24608368785381304,0.2114156856925785,0.20052550807422476,0.1941740811891433
2014-09-02 12:00:00,DEHM_noBD,0.28712981615774774,0.19900755146991914,0.24206173000129344,1.463706419558665,0.5698278662260248,1.0727696088748715,1.4507519499431352,0.21298686966458316,0.22203167539260335,0.18654082528620594,0.18059405147866797
2014-09-02 13:00:00,DEHM_noBD,0.28389167701304885,0.22123606623576475,0.25229413686457425,1.5929149131319225,0.47988102961414725,1.3128281339138956,1.8658165717434814,0.1931285267761652,0.22046144819678257,0.17816243376879243,0.1736390534126007
2014-09-02 14:00:00,DEHM_noBD,0.2771825770755903,0.2349666164349658,0.2606564310744651,1.816030415928743,0.6505131529400661,1.3342894910924392,2.2565301178594357,0.17179262306466575,0.2157073083555371,0.17819768639475508,0.17024870377058854
2014-09-02 15:00:00,DEHM_noBD,0.2659106486249249,0.2378752253287843,0.266257020333593,1.9821793352059753,0.8522324505112528,1.3649050042017583,2.2572694767202286,0.1400442747939715,0.2174788721795682,0.17766896934949786,0.16769032363257938
2014-09-02 16:00:00,DEHM_noBD,0.25410154571615845,0.22889370215170976,0.2678836311040596,2.0553254544264474,1.2529200947705608,1.4344871575230935,2.456146128636828,0.11914457684450151,0.20806689307974763,0.17723086165629592,0.1647563902158477
2014-09-02 17:00:00,DEHM_noBD,0.24969839743336775,0.2010363793133642,0.28249754625251444,2.0294387417440842,1.792060392150142,1.6726963819870315,2.5444233914558927,0.11263395971132346,0.2060951544525855,0.183467192388712,0.16330683693942338
2014-09-02 18:00:00,DEHM_noBD,0.24415922262093737,0.20899964672686278,0.3622195230587738,2.165023556016185,2.2093054805527954,2.32957635797908,2.615152981522831,0.1161949918751683,0.22328385124482777,0.18414794661710793,0.16587980236361585
2014-09-02 19:00:00,DEHM_noBD,0.24376385385722607,0.2534365340192625,0.537075707879713,2.3408492445686395,2.693713376890485,2.908835083573837,2.8057687950002044,0.12423884108235675,0.23318584304578147,0.19475632005763902,0.16888135139951543
2014-09-02 20:00:00,DEHM_noBD,0.24044192446087242,0.36989674378077886,0.9571867548165107,2.505533547787554,3.0941608802390044,3.323797811063841,3.1520926488146177,0.13130929470703648,0.24062308214804212,0.2811462946674751,0.17352756124699048
2014-09-02 21:00:00,DEHM_noBD,0.24427375045959127,0.6129286376844514,1.3787096750083074,2.7106146435485874,3.3209774505569096,3.6458774589919223,3.4025239219594225,0.1447112047507099,0.24561252268877232,0.41589953387976103,0.17922619531182382
2014-09-02 22:00:00,DEHM_noBD,0.24783072101970652,0.8833087073211114,1.5498228683064939,2.9947188464933303,3.5425340972492894,3.9635903730480715,3.628449286355318,0.15200238410704645,0.24917638869206554,0.5561091381231599,0.18010520156241752
2014-09-02 23:00:00,DEHM_noBD,0.2588345083623379,1.1002782687584651,1.7713397193357903,3.275070337158632,3.7621446419818962,4.209821289521063,3.9942452245565114,0.1520972830141821,0.26108451104465985,0.6711322709498677,0.18144445994818964
2014-09-03 00:00:00,DEHM_noBD,0.2952230653694079,1.3202379588214541,2.1037753588472263,3.5588061453018858,3.9995757889582157,4.402230544479363,4.488422918732591,0.15847733674950593,0.2876994802662528,0.7716411628615674,0.18549137706284963
2014-09-03 01:00:00,DEHM_noBD,0.3676970832375977,1.554657372289994,2.245563750196896,3.6809811795725276,4.282213696929749,4.658228827979202,5.0378582367777165,0.16897164826055158,0.3172451992759562,0.8746296349438204,0.19241967160382864
2014-09-03 02:00:00,DEHM_noBD,0.5208942587649438,1.7166025951144572,2.2786314338295686,3.466546572226798,4.636463752270799,5.029978831109472,5.143546241722396,0.1756728284437299,0.3398991703566193,1.0036416970715973,0.2023020114166845
2014-09-03 03:00:00,DEHM_noBD,0.7517494010921468,1.9732470213296094,2.3042822092254607,3.2217347880892624,5.014150068364401,5.393451578660384,4.564609390916638,0.17390062916855215,0.35497674396207357,1.1497205723196189,0.2148261793316784
2014-09-03 04:00:00,DEHM_noBD,1.0174138872340373,2.2307029005655465,2.4758322000426896,3.232081728138479,5.337742829608937,5.461597061372227,3.7753697377837683,0.16269145878538016,0.38441455965683813,1.2907847533257992,0.22018695447045838
2014-09-03 05:00:00,DEHM_noBD,1.2483067361634679,2.3076929952540555,2.6156655907884905,3.116477078867317,5.235164368015568,5.043873969938215,3.2367692067055454,0.14732059097617858,0.41070666298862324,1.3447894642393166,0.20592724189461667
2014-09-03 06:00:00,DEHM_noBD,1.3777589780638624,1.9043319521420343,2.4881728298697388,2.3764055409293627,4.567138428018147,3.940636583504043,2.6863468647570947,0.13274594155796332,0.326295250129756,1.1740187697571076,0.1920058251421339
2014-09-03 07:00:00,DEHM_noBD,1.3570385278300499,1.3279536624194208,2.031114716388597,1.8390015038963536,3.708050461592547,2.981769193169537,2.235599898433195,0.12511775904212138,0.2540391529714653,0.9135597104294679,0.17969157835809976
2014-09-03 08:00:00,DEHM_noBD,1.3033094236381213,0.9112236032826324,1.491533882395292,1.5769215403746548,2.934848035657711,2.4848377488881748,1.9618718244412232,0.12685995848960813,0.21069871331512557,0.5352187817299999,0.1657692102425174
2014-09-03 09:00:00,DEHM_noBD,1.5025355158782565,0.5415573312946222,0.8588033164667501,1.4547123906632389,2.351767129088742,2.1163077709513916,1.7007895370901993,0.14900693569271228,0.19303303497607568,0.28598449935535253,0.1552057589306718
2014-09-03 10:00:00,DEHM_noBD,1.6857435727835912,0.41302295749994455,0.3400734747866411,1.4192940749668443,2.109463752739371,1.8890163636587198,1.3828261048633699,0.17155651239275688,0.1872211339205467,0.1901138548134989,0.1464684571517491
2014-09-03 11:00:00,DEHM_noBD,1.6745597431323818,0.2980850756997916,0.2681804849041707,1.4698846112432888,2.002497811208053,1.6095011703025026,1.4149911938603281,0.18191430474992829,0.18050342240197093,0.16652698368567645,0.13871234957580164
2014-09-03 12:00:00,DEHM_noBD,1.4200592017089297,0.1955203917680458,0.28401768421340345,1.6393847982085648,1.9393006605367782,1.6003838376897246,1.5191197573576682,0.19981531693470655,0.17142878601701914,0.1685524453984828,0.1315769242054934
2014-09-03 13:00:00,DEHM_noBD,0.864304476461224,0.17371192060325047,0.2957120052396249,1.6840311169349296,1.6724663913865225,1.5893041183926548,1.8149404583022442,0.20731755685122674,0.17278981088298712,0.19041305452666998,0.12420190516696794
2014-09-03 14:00:00,DEHM_noBD,0.40459934916017565,0.17299784681716687,0.2738203710203926,1.6321195092369218,1.5940481449867459,1.6596456553826084,1.9723275369958206,0.211506103147657,0.17760414399609248,0.19211185816825446,0.11755572198409088
2014-09-03 15:00:00,DEHM_noBD,0.27130772911703666,0.2151474479382664,0.24627203104669268,1.6857373367742325,1.6026627256388264,1.862503529151989,1.95936322042281,0.21038535743001482,0.1817377383751905,0.18049960665845594,0.11319772044306096
2014-09-03 16:00:00,DEHM_noBD,0.25906542729714405,0.26625799026277436,0.20302372963891493,1.514198060752801,1.6386364682657797,1.9163936414423846,1.8680132786933703,0.20504344227078755,0.1810858424349894,0.20455086882924992,0.10941848707926768
2014-09-03 17:00:00,DEHM_noBD,0.25864355430219665,0.31430688668134876,0.2123144151678622,1.3075618218733878,1.640136774322278,1.9796069964558147,1.8371995920116664,0.20374747192166764,0.1906083912058467,0.21162673345278027,0.10954782180798164
2014-09-03 18:00:00,DEHM_noBD,0.26430830882800727,0.4910000280997354,0.5086870166224067,1.4450624043060012,1.6103604961810936,2.2591109265713465,2.0528955739753036,0.20628040244264959,0.20526192903933604,0.20209874313927334,0.1086598373794863
2014-09-03 19:00:00,DEHM_noBD,0.257497898833584,0.8865003265646996,1.0415865041179135,1.5269638871680753,1.5914646514372008,2.351885446336331,1.9874178643757376,0.21440802787293453,0.21640570433224188,0.24326387685479361,0.10763288414873055
2014-09-03 20:00:00,DEHM_noBD,0.3219710400287993,1.297460903499046,1.609117723947792,1.7049473812753986,1.7526570152428969,2.343176373749275,2.048550358446551,0.22469277221938658,0.22133057042272536,0.5909511382538123,0.1083790183767202
2014-09-03 21:00:00,DEHM_noBD,0.5234258417222241,1.618860977971225,2.1533666423407376,1.9796519761143,1.9289687803415023,2.367369811026198,2.177117722914655,0.23164034837054964,0.21674133033366694,0.9180380089163681,0.11213598530207762
2014-09-03 22:00:00,DEHM_noBD,0.7062948843741774,2.0359742425843703,2.6699195274611225,2.0932586005951936,2.035591219231665,2.4436858687720706,2.3055836286245412,0.2345841187803664,0.20599560536397032,0.9333086274602822,0.120016837645762
2014-09-03 23:00:00,DEHM_noBD,0.8875509160222707,2.485368601759912,3.0027779583695673,2.08377277953904,2.2561644177872973,2.6271362266759284,2.3949368602550334,0.231627902449496,0.19195439961943422,1.0587252232720563,0.12977479031206324
2014-09-04 00:00:00,DEHM_noBD,0.7225943714970705,2.7728877036439705,3.103039602310174,2.074674485362851,2.529957445011134,2.8208423174514854,2.5059746776146157,0.23600857337967546,0.1801700712614772,1.3081815989393872,0.13914862834705216
2014-09-04 01:00:00,DEHM_noBD,0.6866862714547444,2.5423022704804117,2.97171445555484,2.073404538739861,2.623212456874133,2.9478984447477226,2.5820355749900137,0.2233895981749193,0.17239270453808708,1.5596643439449371,0.14774028233919595
2014-09-04 02:00:00,DEHM_noBD,0.8014802251437638,2.0275508248535705,2.7355334381504024,2.0722310631604657,2.642889428143655,3.019954209914155,2.594196998872189,0.20336479591520842,0.17914971214696274,1.4264578169873356,0.1554508699206778
2014-09-04 03:00:00,DEHM_noBD,0.786561278204529,1.7718159636424977,2.435465623960463,2.1284673600961637,2.5955679035053176,3.013891310224641,2.5978001982986743,0.19730074044367987,0.17812102630277143,1.0541014952228218,0.16686989496810692
2014-09-04 04:00:00,DEHM_noBD,0.7879300587672146,1.7198075484865338,2.1665383382299406,2.241574671836585,2.587973474723903,2.989042994916783,2.6774021014587817,0.2141090927897043,0.23255797936754707,0.9355855013778805,0.1807450913516728
2014-09-04 05:00:00,DEHM_noBD,0.8831109862245619,1.6966619064330286,1.9007411711409,2.362366284151812,2.653385569398107,2.9676139801510977,2.742467044888359,0.27260602394855804,0.32139631918951783,0.8290447083855047,0.19534838695588858
2014-09-04 06:00:00,DEHM_noBD,0.8520217662173509,1.355511342462371,1.5729474699412245,2.372674004528393,2.752437850833151,2.948769796412906,2.8220528038149575,0.394137837459545,0.30858858611055284,0.6818920993740856,0.19478191403401626
2014-09-04 07:00:00,DEHM_noBD,0.7720174999809265,0.8156338740164624,1.105820043457729,2.3271975930903928,2.8412430855202535,2.9860705751099808,2.8173445891712148,0.4298661789476613,0.25258562159242914,0.5764870948823354,0.18617716414978494
2014-09-04 08:00:00,DEHM_noBD,0.7847019541825354,0.3208438810335261,0.5726079555039165,2.2907002006176627,3.0228691438657025,3.0969642130647697,2.891096883220511,0.4361804604135593,0.2240286043827538,0.4882816942594292,0.18142871376895275
2014-09-04 09:00:00,DEHM_noBD,0.7317994624825939,0.2708988310334085,0.3413738484411291,2.339569480949182,3.276430215183129,3.3499842907458937,3.1181726352341963,0.4278066555932163,0.2104056585209012,0.3787710169720462,0.1781515313029672
2014-09-04 10:00:00,DEHM_noBD,0.5023250919495988,0.27099700720565845,0.32260224796014836,2.5155715149401616,3.616894991261036,3.7741216790977328,3.328044217186533,0.4226890700429398,0.19937491477648014,0.3859848214382026,0.1727104977765464
2014-09-04 11:00:00,DEHM_noBD,0.4272819335338286,0.3132448783962846,0.3413135064032929,2.7125085760470293,3.9485315686694022,3.8842159846967137,3.1107193773599855,0.4194714275591913,0.1844978132938686,0.40839673477177496,0.16465075961017153
2014-09-04 12:00:00,DEHM_noBD,0.45914115736230265,0.35299216630571517,0.3660092607899648,2.676906259003901,3.922866569260089,3.5018619548297303,2.600667576901973,0.4687789784370688,0.16558372535031166,0.40346055411716447,0.15401892188930028
2014-09-04 13:00:00,DEHM_noBD,0.47773858646829365,0.34088401764493426,0.40588911238356484,2.5014433522720285,3.5250872229863512,3.1690994228967417,2.4501637933220204,0.5452611813418264,0.14815952557313475,0.38539791407025414,0.1441056606096157
2014-09-04 14:00:00,DEHM_noBD,0.46888239527777176,0.3560152141936983,0.41492031788004435,2.1677099333028216,3.1234321973157257,2.7589924373197183,2.407510261991427,0.5106126164389704,0.14386764841537453,0.35151861489332725,0.13666819850024414
2014-09-04 15:00:00,DEHM_noBD,0.4176723586463752,0.42699492558441815,0.3975871397824556,1.7738031429316197,2.8366051089811695,2.6144926184493187,2.1583994388939702,0.4590801935597508,0.1475731395139259,0.30899252284002954,0.13171718268540347
2014-09-04 16:00:00,DEHM_noBD,0.40613723807091184,0.5256120219356297,0.3737317730920386,1.4581161323951677,2.4883207681563873,2.4363604760429505,1.8356641837974235,0.4128376150674389,0.15186237416301437,0.2846183598018993,0.1269556986928912
2014-09-04 17:00:00,DEHM_noBD,0.3913127930729841,0.48313713222566046,0.33552002617734566,1.1406602966234503,2.24374961321619,2.3114164307835514,1.483760156158899,0.41789395249446015,0.1718569518214974,0.27402955240070187,0.12209185131222372
2014-09-04 18:00:00,DEHM_noBD,0.3999001152304373,0.5418529638605651,0.5338819796928971,1.018118024391032,2.0090758610797463,2.535022431920034,1.7461817585097852,0.5282015781602677,0.21212912595008798,0.29056212617062427,0.12107214844090439
2014-09-04 19:00:00,DEHM_noBD,0.39153037571212673,0.718904599215142,0.8625542173446241,1.3491427997905676,2.306709566503767,2.7576489878208466,2.000773963886961,0.7429434231083833,0.2538438741682273,0.3943426798934786,0.12119404896440418
2014-09-04 20:00:00,DEHM_noBD,0.3662267093554813,0.8028107581021241,1.0476892906717286,1.8266263013986506,2.8044150940565538,2.9316722857529003,2.257728217079479,0.8975631336007709,0.27390050634072494,0.4403011842673425,0.1219571770668613
2014-09-04 21:00:00,DEHM_noBD,0.34701481742884843,0.9906248596850824,1.2467969628187698,2.196958039060989,3.0442159882776556,3.088857348631489,2.531800717891622,0.9222847214034129,0.26054075387657594,0.47307359041348873,0.12420199520480588
2014-09-04 22:00:00,DEHM_noBD,0.3616885764215007,1.2278286754172247,1.3815116449231626,2.465670073812528,3.183166781522751,3.3702883089772535,2.797807298970632,0.8346999166243619,0.23905016236948315,0.5809235913928532,0.12716855966544877
2014-09-04 23:00:00,DEHM_noBD,0.3750888187583227,1.4350437867409451,1.3987569953119396,2.720257611699811,3.5441808099235845,3.7533937988977875,3.1045668780846847,0.704962978391983,0.2118661515883403,0.7780409056597015,0.1312285349356723
2014-09-05 00:00:00,DEHM_noBD,0.4611294562732142,1.763058755588062,1.5166450362114288,2.9470036912785322,4.007583736668716,4.127903737625611,3.4388114344888554,0.6251616679163305,0.19349559827062324,0.8755996939909456,0.13481887939359566
2014-09-05 01:00:00,DEHM_noBD,0.5383396094204048,1.7702779118839986,1.8290282839927348,3.1766327547442517,4.380586487043657,4.488641146189523,3.7440737548169176,0.6093564958609593,0.2011478148055537,0.886169451694116,0.13728428621550262
2014-09-05 02:00:00,DEHM_noBD,0.6985829193757194,1.6053875033803886,1.9775262577432748,3.355212038389876,4.573524344083621,4.789516234636286,3.996711103458347,0.6514301799011976,0.2152911403279317,0.918291295448318,0.14121109690655811
2014-09-05 03:00:00,DEHM_noBD,1.0354840149123967,1.4910625964601056,1.9845335659085266,3.472493149323511,4.603600592050119,5.017100700574801,4.210511829562979,0.7303661756515503,0.2807453923086064,0.9467459800221025,0.14765585788098343
2014-09-05 04:00:00,DEHM_noBD,1.098580588357821,1.3617928035917133,2.084148396143733,3.5780279532912846,4.71551132491103,5.168932358154835,4.414495900135667,0.7774929696701467,0.3883591326662431,0.9708909859366714,0.15438363169058036
2014-09-05 05:00:00,DEHM_noBD,1.0947527410388365,1.2805329462682082,2.1391018429561983,3.5543658172530375,4.907030118682527,5.207420861584137,4.487196745865687,0.7301273163753745,0.36320624248836186,0.9578666660006716,0.15993662873088882
2014-09-05 06:00:00,DEHM_noBD,1.1267534377422184,1.0724161157766356,1.6074293153070844,2.9537760884609043,5.07217707400043,4.846036861359503,4.155857674885253,0.7100949459028243,0.3071213717395438,0.9250150604653357,0.15822803800314936
2014-09-05 07:00:00,DEHM_noBD,1.3287782018078864,0.8481030893325806,1.2299414779358357,2.61677318175565,5.194758718360458,4.583945666372292,3.9319142680218433,0.7259194320467859,0.27165849924171337,0.9142531404601222,0.15583175401302538
2014-09-05 08:00:00,DEHM_noBD,1.5668164409210532,0.548632456753794,1.0086356922752782,2.644995655298458,5.279219270768588,4.473743243007911,3.967548278906048,0.6664284698407351,0.2580332507844221,0.9023964702205359,0.1568531346625216
2014-09-05 09:00:00,DEHM_noBD,1.4806005556277606,0.5423232458702846,0.87062112062959,3.074117048443335,5.186884319092658,4.5070110978683875,4.11489154783288,0.6470622312699257,0.26481297731837716,0.796173945855377,0.15881977719201223
2014-09-05 10:00:00,DEHM_noBD,1.1782947233230785,0.6375013984885671,0.6979973212795354,3.747435851365566,4.904066040359777,4.557299082042738,4.3040212212038735,0.6302927074952422,0.2737179096484485,0.7707660621730656,0.15984009597295185
2014-09-05 11:00:00,DEHM_noBD,1.0310435060937073,0.7050400712545773,0.6662432398079428,4.344364633663344,4.423506502690059,4.738065345505407,4.775598491786811,0.6166323682349546,0.28977680537929623,0.8403205901958724,0.1586704265120723
2014-09-05 12:00:00,DEHM_noBD,0.9042390832111704,0.7667146314493036,0.7862492925353091,4.728725830322514,4.523334858542733,4.9832243373301415,4.989733707169108,0.578977750812359,0.30410013476028097,0.7666869476143818,0.15359682314779835
2014-09-05 13:00:00,DEHM_noBD,0.7863719793271435,0.8854031781612596,0.8900817347874969,4.507997635017503,5.0217541804659005,5.117443429169135,4.468041104606185,0.5285979433124697,0.33518676188056,0.6963534517971728,0.1502464196191186
2014-09-05 14:00:00,DEHM_noBD,0.6895214162256417,0.9951621913940887,0.8827123400441742,4.449818920534062,5.25044852225286,5.504252736510039,3.939611809294412,0.4912210454607846,0.4228272708948387,0.6440577805140602,0.1509879089245891
2014-09-05 15:00:00,DEHM_noBD,0.63471971178331,0.9392433829045665,0.9152907324651594,4.177692750555495,5.210616022006064,5.6340796576744845,3.5408159203333236,0.4595795143799367,0.525294088943389,0.5830299362784699,0.15188656578169288
2014-09-05 16:00:00,DEHM_noBD,0.6192437786215375,0.9749755832402303,1.0156851917454435,4.050660783478162,4.864654246962522,5.391141638287827,3.233975396595328,0.44071909558427164,0.5350209173053697,0.4982277372365151,0.15204300930575532
2014-09-05 17:00:00,DEHM_noBD,0.6204593366450526,1.0553136871156983,1.0750046209056237,4.568678447138398,4.869476607781464,5.335888162326179,2.4884875372935484,0.4069963417347217,0.4630502548235846,0.43996124041950074,0.15821859239708777
2014-09-05 18:00:00,DEHM_noBD,0.6076181630473183,1.1610326061276346,1.3928355560153083,6.072173566133406,5.091782499225765,5.85492101616151,3.2222386742028286,0.417817766600498,0.4248061670135416,0.4272826351873882,0.16659660838202817
2014-09-05 19:00:00,DEHM_noBD,0.5686124308458762,1.3106908626337954,1.7317553853713066,6.624202285021278,5.61205502190022,6.358629900163798,4.833386100113781,0.4286322635475555,0.41243435870366063,0.4833563704790524,0.17553543220294973
2014-09-05 20:00:00,DEHM_noBD,0.48680946525346475,1.5145985998450704,2.0128302319755513,6.721618768196713,6.133510883948961,6.382505442807164,5.247152517933538,0.4401839874530885,0.3880138803270083,0.5097822796104885,0.18481067569940599
2014-09-05 21:00:00,DEHM_noBD,0.47645231150866857,1.8707959401281724,2.220791222752933,6.980767235874453,6.490471187984082,6.126327536125537,5.095876388150496,0.45739211547385894,0.345210193414031,0.5501853053960256,0.1993736177127424
2014-09-05 22:00:00,DEHM_noBD,0.45941182163225197,1.9530101711425374,2.564317883785596,7.7113676942206615,6.950387240745004,5.983784816526217,5.374353724453626,0.4244118909410387,0.321386877821126,0.700215381346773,0.2200742232796683
2014-09-05 23:00:00,DEHM_noBD,0.44602015798812095,1.816323492393105,3.008973615122542,8.684258324158911,7.568049907370234,6.1480081678967675,6.079636752638168,0.3928746054357289,0.3071265836852349,0.8780161773379502,0.2529764241517697
2014-09-06 00:00:00,DEHM_noBD,0.4552008145169582,1.639611153927092,3.1399926628705837,9.626900709760942,8.440402317240494,6.588603504276567,7.092786138653482,0.3687898616809397,0.2878745630347047,1.019128830438753,0.3104368035142535
2014-09-06 01:00:00,DEHM_noBD,0.4611610963243245,1.517586641562092,3.064289280289137,10.42807922009504,9.425761418465198,7.223923632714044,8.135456900086906,0.35359499633207914,0.2715695892396726,1.1053244901487946,0.3726761552284004
2014-09-06 02:00:00,DEHM_noBD,0.4558549132977984,1.4343443394632265,2.99839698036442,11.107051870340538,9.905075233914395,7.942820981970768,8.797606998144072,0.3580108949942886,0.26287482405934914,1.1533459002150386,0.38792146498518976
2014-09-06 03:00:00,DEHM_noBD,0.4567328476050042,1.3496240741564334,2.8828489056542943,11.631530436235177,9.595735790423042,8.75643385306391,8.154525831627733,0.38316875411197526,0.26111577855893986,1.199595999888489,0.35712458188802
2014-09-06 04:00:00,DEHM_noBD,0.48660744405236084,1.3197483412504152,2.7447800299295175,11.933949641308464,8.576233318897113,9.201851118610149,6.993286793059004,0.4304787161772697,0.26679481719434567,1.1673206789061426,0.32728296288396225
2014-09-06 05:00:00,DEHM_noBD,0.5328470018406741,1.2674480021322148,2.637935473154413,11.843391520053455,7.104044169942588,9.035756105652228,6.396338164309035,0.5353746182561292,0.2811636240095803,1.0577700390482694,0.29006243112592944
2014-09-06 06:00:00,DEHM_noBD,0.5945428440617856,1.0315871800677083,2.431005287751141,10.22586577023128,5.871982408877089,8.33925994954979,5.770648363416901,0.6872824644827842,0.3054440260204678,0.9438449133997411,0.2652889697936083
2014-09-06 07:00:00,DEHM_noBD,0.6544394020505644,0.8676263501776709,2.2736262187636536,7.639878785231227,5.248295452059097,8.235475023651794,5.335402120057054,0.8033493244888632,0.3057140144164301,0.8218131473104655,0.25163536880314336
2014-09-06 08:00:00,DEHM_noBD,0.7660452246896421,0.8383625551051623,2.017904168443554,6.982830645748925,4.535116908785692,8.272617251096099,5.58800931111519,0.9366688162779806,0.30387725996689385,0.6200699387574289,0.2454072701161912
2014-09-06 09:00:00,DEHM_noBD,0.8611287473123241,0.8816979356740974,1.5484286163345107,7.565029803663053,3.771317386156025,7.964423189834483,5.706252521923872,0.9891436109009385,0.30902409969893274,0.6048206612463178,0.2439415669472235
2014-09-06 10:00:00,DEHM_noBD,0.9484504360954953,0.9148317945849547,1.2092563234231184,8.177119771052118,3.3450496946644597,7.031972503531678,6.753760500165733,0.905010390625745,0.3285875754173285,0.7392958098218171,0.24256775728592406
2014-09-06 11:00:00,DEHM_noBD,1.1066171050472091,1.0396784707697038,1.2328721483704237,7.573670606662526,3.092815608691871,6.1172442927494775,7.720936728993971,0.7036408652213215,0.3585084725725475,0.894465822177704,0.2391738933848286
2014-09-06 12:00:00,DEHM_noBD,1.218743418754495,1.0693840040938323,1.4553325983135261,5.996161995887697,2.753063150221948,6.003122756763739,5.3720142744492865,0.5797103097752854,0.36371495907712253,1.132268058276563,0.24630742580657808
2014-09-06 13:00:00,DEHM_noBD,1.1936513783613523,1.0361406140205218,1.2607880411884713,4.09636199331895,2.2092179110749113,5.249950696777333,3.741889066977339,0.5642680580123886,0.3812583098253257,1.3231998919688794,0.2614126835616747
2014-09-06 14:00:00,DEHM_noBD,1.1049305450241034,0.9630118626921786,1.2125453015486745,2.593501814413681,1.8519128434929646,4.071448955689139,5.486679247674494,0.5836427903062104,0.3938304085244947,1.371318717356224,0.27321550316724913
2014-09-06 15:00:00,DEHM_noBD,1.0011977402224215,0.9751723801868898,0.47987439320049685,2.1659442444166377,1.7473025275064957,3.281716305642264,6.088686021076328,0.6084579366961166,0.3933494727617402,1.31973601544539,0.2651500216210469
2014-09-06 16:00:00,DEHM_noBD,0.9284155655243516,0.9823460509695368,0.29901137037520464,4.276819376608084,1.73291239020237,2.57089221397553,5.937174598800268,0.6369519730701273,0.37835279520405024,1.221769796877182,0.2633959896151022
2014-09-06 17:00:00,DEHM_noBD,0.8791379235676768,0.9558716976862826,0.200791622520371,6.074643064788796,1.6144706691593722,2.4496245275654003,5.1125142370106005,0.5268343284327075,0.36930919756475195,1.1206054592118422,0.2864160181390901
2014-09-06 18:00:00,DEHM_noBD,0.8602318644130044,0.9279113105723927,0.14849072096833546,6.632465254161112,1.4703872670068499,2.997656580618999,4.467873091819853,0.40770432026027553,0.37063412087710995,1.344103173465967,0.300197216549178
2014-09-06 19:00:00,DEHM_noBD,0.9951682921410571,0.877435521893646,0.23980165504346262,5.306816940665896,1.3620733256949344,3.568345641618574,4.349592070720003,0.40023065253942675,0.38268798969093115,1.5383728860402104,0.3119320478641823
2014-09-06 20:00:00,DEHM_noBD,1.4522956357324068,0.9624841553835255,0.2839502316011117,4.917825736821547,1.2615083907956515,4.046298939716778,4.548211001170548,0.44373555751096916,0.3853792861051694,1.3703792479606791,0.3221913451754882
2014-09-06 21:00:00,DEHM_noBD,1.3627946267687725,1.1533244785962264,0.923429114722508,5.076146989777097,1.354839854743851,4.3154928717768755,4.595658566458609,0.526493556727243,0.4209953527697271,1.1752944286950981,0.34918615083493854
2014-09-06 22:00:00,DEHM_noBD,1.0478346138948424,1.320211954824281,2.415308968403906,5.383148674381637,1.538203307659398,4.270744905443818,4.609877183470191,0.680925305846622,0.5068449396855847,1.124328415283816,0.4020640574999456
2014-09-06 23:00:00,DEHM_noBD,0.8325305885865001,1.4629412387957645,4.459031320642219,5.6219499352211955,1.6503235497541493,3.941599934894385,4.681492349786989,0.8662847034641168,0.5842829197556594,1.1103377008771713,0.47099715429960276
2014-09-07 00:00:00,DEHM_noBD,0.7511699874569637,1.6259471027087764,5.648900801053271,5.758766973152909,1.6866230148236312,3.714082509470671,4.8604495958538205,0.9520977223990672,0.5648571683504242,1.1340353599167574,0.5302139948647097
2014-09-07 01:00:00,DEHM_noBD,0.6891944216413546,1.7772558336038422,5.5787113779190545,6.253341513152288,1.7198028418127258,3.690876121277679,5.498873564171604,0.9560819314622506,0.5042609103776653,1.312937569112219,0.5600632689757458
2014-09-07 02:00:00,DEHM_noBD,0.6468687381861725,1.508186495124288,5.271343159511928,6.996576463015981,1.8103570216819738,3.6236462918389027,6.0038217829513725,0.7779226857219637,0.4576478309460181,1.342806908287257,0.5573677593148871
2014-09-07 03:00:00,DEHM_noBD,0.6333922084112398,1.0464994103419945,5.081753637153804,6.901571358816534,1.8331365521955583,3.290676017344091,5.548210629426074,0.5534933250698446,0.40862509697340177,1.267307468394041,0.5345609788545593
2014-09-07 04:00:00,DEHM_noBD,0.6298792906467054,0.6584825577041171,4.615906163849398,5.861854778770655,1.85133822138045,3.2165947212112416,4.91770450612843,0.37948055545192194,0.37309771009783427,1.2038313182906806,0.4928942770672962
2014-09-07 05:00:00,DEHM_noBD,0.6696319350913517,0.90373421254673,3.7667383321796013,4.686291626788821,1.7619562154675927,3.2692089613805617,4.623011924027544,0.30282728870127334,0.39879768756793277,1.123809624415934,0.4805123203059285
2014-09-07 06:00:00,DEHM_noBD,0.7094573608055262,1.4263075592349352,1.4147637270344546,3.5267730790884,1.6764702048341045,2.9823508432516825,4.033563750848109,0.3639882805567234,0.44781352376002553,1.0794767944228647,0.4725836329863219
2014-09-07 07:00:00,DEHM_noBD,0.7415986240448943,2.4196139247606228,0.153496064893211,3.0220346709967005,1.5436655810035207,2.5345946127244874,3.2338676871375593,0.48618938481174395,0.45070971027196843,1.077791720635593,0.48060716158658257
2014-09-07 08:00:00,DEHM_noBD,0.7841004511882038,3.170932460841928,0.0986012169456935,2.726089155333376,1.3916178330211717,2.218208433519127,2.4909289515937605,0.5408866208682953,0.46705667241414295,1.0586872026202083,0.5025288186196981
2014-09-07 09:00:00,DEHM_noBD,0.8109996527212056,3.266720628679991,0.1138468852939861,2.4337532687924917,1.3530779397333785,2.131404622429926,2.2708573186681575,0.5040749558156914,0.4885753249592518,0.8696307191667146,0.48869233450625077
2014-09-07 10:00:00,DEHM_noBD,0.8305613545702735,3.2255098430333495,0.1734202590839237,2.292487805605454,1.388687862417083,2.217654454188484,2.2954348971380476,0.47405437717175103,0.5079918398885743,0.759664546004642,0.42264954725051285
2014-09-07 11:00:00,DEHM_noBD,0.9279417435471724,3.038076150541061,0.1790719440805445,2.3401360670496127,1.429134345495589,2.3906232849564613,2.3953368553252905,0.4847379959699883,0.5211762232297505,0.8893356377108185,0.3958287508539855
2014-09-07 12:00:00,DEHM_noBD,0.9394458836178028,2.5881259823108875,0.1827245777954044,2.456505488061382,1.3794692231906578,2.5831851520194222,2.491295712421203,0.46437510252697395,0.528329580093213,1.0228598592368305,0.3903712785124406
2014-09-07 13:00:00,DEHM_noBD,0.8460196095125673,1.907476472618869,0.1659509034512795,2.5390838126424384,1.5765636023173761,2.6092500251560407,2.56788605573128,0.3865320198847353,0.5458825564104259,1.0797203475488646,0.38879850719707076
2014-09-07 14:00:00,DEHM_noBD,0.8372188614471385,0.6319820053266499,0.16665958125717925,2.639346342356924,1.626857887758259,2.798262516969511,2.4834212663406845,0.283304698189795,0.6152453556525986,1.110911509642984,0.3869006581161869
2014-09-07 15:00:00,DEHM_noBD,0.8816499080174987,0.3117717696572811,0.1857445534504483,2.8089671449587055,1.402750108221816,3.007669510519193,2.326432415590661,0.18869466588984224,0.656141363243737,1.1250659943140646,0.3918600467636156
2014-09-07 16:00:00,DEHM_noBD,0.8811553680577793,0.2040643488613433,0.18710717655930428,2.875774316029009,1.3841345982828086,2.5091355930409565,2.478700020247044,0.1232556156940943,0.6156716188298517,1.1161419050938388,0.39266436958427764
2014-09-07 17:00:00,DEHM_noBD,0.7483828210229705,0.19999667405758195,0.148503060464376,2.659021242728935,1.4274417182957009,1.7019034610418902,2.87463360389808,0.1003338358418758,0.6018772036383303,1.1781610902847508,0.41136405578892676
2014-09-07 18:00:00,DEHM_noBD,0.4774388141504487,0.1955728319731403,0.1277447091494108,3.088219460477775,1.4341518356255347,1.792306420260741,3.2979295271621334,0.10191108787522471,0.58588807886607,1.5755367395159037,0.43437522914514864
2014-09-07 19:00:00,DEHM_noBD,0.33681220748403096,0.21124164447649132,0.12718158752586134,3.560680587346096,1.3728518622344545,1.965712365143665,3.158089604161075,0.10185275982739443,0.5422441786417224,2.061971302052287,0.4409106091187427
2014-09-07 20:00:00,DEHM_noBD,0.6940411711441632,0.22331406760102618,0.16877126532982,4.127212064094248,1.2079073517708108,2.449560534902546,2.7821343498064897,0.09991756471418349,0.5258626878806597,2.4397025443956055,0.44813613971119737
2014-09-07 21:00:00,DEHM_noBD,1.3862081332373328,0.2594747994199503,0.2156124452413175,4.340196226058249,1.0191375708902255,2.797542187625261,2.651736937681769,0.09647096108362063,0.6330041790631552,2.7489758186569624,0.4584486283518745
2014-09-07 22:00:00,DEHM_noBD,2.0828314309038864,0.31557961930182277,0.339213073005171,4.239066221842214,0.8622635096871478,2.7563522859005727,2.9499653129481387,0.09406816656804279,0.7099513654761203,2.6294478420173704,0.45477527913987625
2014-09-07 23:00:00,DEHM_noBD,1.1932871843392239,0.4189837582514667,0.4678513771780953,4.1041134438514595,0.7358233447740599,2.5068174573246846,3.103151654118734,0.09173084227597854,0.7348969374745571,2.458880987296442,0.43340453326050193
2014-09-08 00:00:00,DEHM_noBD,0.8419277224000193,0.5600188387572111,0.5066196766766043,3.91839768083633,0.6141486113664506,2.260008294455753,2.8400918972621625,0.09252169930549553,0.6918426241575926,3.5042294392627644,0.39710445657502846
2014-09-08 01:00:00,DEHM_noBD,0.5735582949715945,0.5685782842194567,0.5392345246019913,3.283135322425947,0.5742479989084974,2.060698245912362,2.4697036189739894,0.09375959570299464,0.6782737961018294,4.469066608919352,0.3805509631074965
2014-09-08 02:00:00,DEHM_noBD,0.3459655743601032,0.5131204148247045,0.6175294327412126,2.840061412910004,0.5855024177370965,1.8293930492347803,2.2028825781511214,0.09477654669096737,0.7444241462197713,3.561473319846802,0.36147024778638026
2014-09-08 03:00:00,DEHM_noBD,0.26290817308183284,0.5629207457561,0.38265020484169243,2.5211646379386297,0.5872795988629013,1.5616321375175657,1.8896489170468693,0.0949735337838192,0.7380579467269777,1.7695822248101236,0.34850410779565555
2014-09-08 04:00:00,DEHM_noBD,0.2261370195973896,0.5564815388243598,0.4241468595195701,2.319842410345624,0.5196478779301698,1.4122101412820722,1.6776181208879595,0.09594918230645108,0.615356946402043,1.180408261917634,0.3519975384858995
2014-09-08 05:00:00,DEHM_noBD,0.21075465128546864,0.49839073559608765,0.2639783173883611,2.0112372097719335,0.4902869409750681,1.3928583725832122,1.6109235588100574,0.09623928741185925,0.4332396116539835,0.6991164021273951,0.36568895162187504
2014-09-08 06:00:00,DEHM_noBD,0.20277132829003558,0.5287569455891009,0.14652646052992882,1.7635904443045662,0.37768981398182566,1.267796891946774,1.4713286041934055,0.10194982479305466,0.28752144401184265,0.38471520583213065,0.3779365423080324
2014-09-08 07:00:00,DEHM_noBD,0.1992224893566243,0.46922294119245356,0.10075205224101533,1.688731285401683,0.1793469974020169,1.1356835009204735,1.3357063188497442,0.10817291874350966,0.2287719366435705,0.3250590158404816,0.39053935713171956
2014-09-08 08:00:00,DEHM_noBD,0.2026422193188614,0.20824116610163518,0.08521201272758877,1.6680198351620779,0.14427573183948164,1.0128860619263536,1.2859282445372804,0.11220550618974935,0.21450328846096514,0.32190345257832886,0.4099961627822554
2014-09-08 09:00:00,DEHM_noBD,0.27627965088696205,0.1253450729596821,0.07614867915665945,1.446758341665902,0.18224184869002535,0.8297647604089531,1.1884746454015251,0.12280732084862876,0.18724352793560353,0.2480744647492816,0.42101339404363175
2014-09-08 10:00:00,DEHM_noBD,0.32578338253030775,0.11579148368591424,0.031759479160490434,1.2283905112511497,0.25759503441637366,0.6899119202336267,0.9114911478337948,0.12877848652014032,0.1604251252572889,0.23769468038218555,0.4064285698386746
2014-09-08 11:00:00,DEHM_noBD,0.2973396624452084,0.07700792604607062,0.03265002671851532,1.1689472227962125,0.39810978163378297,0.8097867019576672,0.7361812845627062,0.1238156291491258,0.17299494802731083,0.30175187011295684,0.3736409393429242
2014-09-08 12:00:00,DEHM_noBD,0.25831691262340856,0.046537788712524314,0.07742669504153527,0.9608607035330203,0.732259178371271,0.831602707592519,0.8823718058402232,0.1226953267046435,0.22522884292814868,0.5213695008300196,0.3539522662315517
2014-09-08 13:00:00,DEHM_noBD,0.21909043136782239,0.034369252655322056,0.08657014706248405,0.9886282679631108,1.1678888717498817,0.7611007092655542,0.9394763424298673,0.12067708333904834,0.28850133760959834,0.33715796683130306,0.34723814412526305
2014-09-08 14:00:00,DEHM_noBD,0.20270668155763405,0.06222093657731128,0.15618547942514519,1.2182731610659006,1.3706623801991065,0.819446678448905,0.7998921879849024,0.12359044807534657,0.28374456883446303,0.23125295721399938,0.3436621648142253
2014-09-08 15:00:00,DEHM_noBD,0.1490754050897829,0.09414187193891835,0.2728630499594541,1.2785284142027098,1.0992951190436258,0.9532945163327269,0.8974194868885914,0.12471969441126556,0.24333138406637114,0.2196326342729821,0.34268884589851833
2014-09-08 16:00:00,DEHM_noBD,0.11005098935830163,0.1634627733066509,0.31590663930214924,1.001299958654957,0.6153310185510478,1.1523469069733563,1.377734309485335,0.12684834012446913,0.16680130191285142,0.2694818194612677,0.3406102275721413
2014-09-08 17:00:00,DEHM_noBD,0.08056073079639803,0.2566825133184986,0.2930919260947358,1.0630564431470058,0.3902520557495438,1.4411777873967655,2.495484828375207,0.12416854648415629,0.0971792194401891,0.2275103782201314,0.3405775128599763
2014-09-08 18:00:00,DEHM_noBD,0.08160067206719882,0.3301402822878895,0.23277880456382402,2.005241749650396,0.310132748197331,1.337326028228627,2.5052268456292266,0.12441957168070607,0.0644504349342814,0.1600332355062581,0.343059034123267
2014-09-08 19:00:00,DEHM_noBD,0.12197160813514951,0.3096337424061546,0.18203988313430902,2.6896496528450595,0.2642995291802146,0.9596162164288868,1.59778872492392,0.11228825054903381,0.04881531372934333,0.10858362621207979,0.3660346777441561
2014-09-08 20:00:00,DEHM_noBD,0.19124266190640613,0.23858825339063644,0.15930780736628902,2.111041546873508,0.248224392236641,0.7870032211760306,1.2643075690660552,0.09016930213964947,0.06025353669062179,0.08750104996075714,0.4283773400523885
2014-09-08 21:00:00,DEHM_noBD,0.21382228916104398,0.1937360068708765,0.16708418725359242,1.7361036983198066,0.238671350344601,0.7734290870082905,1.1459116395546955,0.07184742084419649,0.07897321510592878,0.09213294622426738,0.4870331341672874
2014-09-08 22:00:00,DEHM_noBD,0.22988894075257688,0.17776251451677835,0.17165851447882113,1.638066085665899,0.23626583838181556,0.7951255880276844,1.0021695268576352,0.06979081814878808,0.07760580173436543,0.13072204892893516,0.5748477503503392
2014-09-08 23:00:00,DEHM_noBD,0.2218652175315375,0.17415415927825115,0.16462857386834442,1.567145228333409,0.23017764303845337,0.8383723899085533,0.8950614890621209,0.08481070441149625,0.06584573302682939,0.2030824256049782,0.6981363264092243
2014-09-09 00:00:00,DEHM_noBD,0.1922968597015644,0.18763262938295316,0.1678335774964559,1.5276016430771557,0.22166466080174071,0.888592794282003,0.8211277784700737,0.10451857607318774,0.05273792635162587,0.310953241267316,0.6545806026186234
2014-09-09 01:00:00,DEHM_noBD,0.1724264153048582,0.21261920836005693,0.1800771840488025,1.4984541857566205,0.22604304383206755,0.9384727551163532,0.7438227341831677,0.11531151544784418,0.04439320007797559,0.315054180753054,0.5443977601163181
2014-09-09 02:00:00,DEHM_noBD,0.1657534325033145,0.21893168907458882,0.22475433447950505,1.4085904928874233,0.2509072832961624,0.9508670146210421,0.6982229921651943,0.1306916394806582,0.05473436374998636,0.2964337156820296,0.4468223674706601
2014-09-09 03:00:00,DEHM_noBD,0.1624130534161347,0.23856251812377116,0.25800927093622733,1.2727806158883141,0.27483683414467824,0.924261641019177,0.7020189015537639,0.14250356910262477,0.066472877360545,0.2686216632240776,0.3861740099913579
2014-09-09 04:00:00,DEHM_noBD,0.16051530344065262,0.3194123498886788,0.31614723801447997,1.1891734220114942,0.30173623900599533,0.9153759750264798,0.7390424297089291,0.12426814717574032,0.07412386195474278,0.24134783477148963,0.35435767474183333
2014-09-09 05:00:00,DEHM_noBD,0.1578210847389789,0.4225502317113359,0.34586810300641674,1.1735234408602668,0.3190885046495146,0.861192090245376,0.802408294317406,0.10203151025447046,0.10716824748354017,0.21405347092710433,0.3300858894069212
2014-09-09 06:00:00,DEHM_noBD,0.16174399012089685,0.4770858468096494,0.3171898435498493,1.0382957884052866,0.31603890466041856,0.6328710000996158,0.7315603216828707,0.10613627011364776,0.111038928357437,0.1997340682136406,0.3006076649540382
2014-09-09 07:00:00,DEHM_noBD,0.18777050722321478,0.403397391944245,0.333782036037147,0.7876171588945666,0.31619812869013275,0.3811177235992176,0.47689492465844424,0.11191156954385328,0.14040991406869127,0.20176438017320816,0.27545799150760264
2014-09-09 08:00:00,DEHM_noBD,0.240942992380536,0.30989586859125573,0.3175727926220464,0.5837674923404602,0.31190987868307146,0.3430305697642662,0.37122439001653507,0.1001357862957937,0.14463446260297652,0.19780792569691769,0.2512598735894075
2014-09-09 09:00:00,DEHM_noBD,0.3314474765691859,0.31859506138202615,0.33361875279377196,0.5592896737573261,0.29773622611767603,0.37498542361742215,0.41099748804830405,0.09941278032037416,0.13524207569355132,0.20928892077276462,0.23206984853098628
2014-09-09 10:00:00,DEHM_noBD,0.36911724783253375,0.3134434135536581,0.3428899873018588,0.6644225477796888,0.2953571694288867,0.49326429255661075,0.4700632978794362,0.09455403743720593,0.14080507654404253,0.22693733396527344,0.21671338358281056
2014-09-09 11:00:00,DEHM_noBD,0.3257501721237273,0.3377601380104093,0.3547405984422191,0.8335586794501187,0.31801181080837265,0.5938589418339868,0.5635018859905097,0.07953450690759327,0.14895219548329697,0.27879203881762316,0.1977122119495731
2014-09-09 12:00:00,DEHM_noBD,0.31539172646830316,0.3702394590139178,0.35997060616066434,0.8942074040763595,0.3505785302544152,0.6704787976544465,0.5470571172437015,0.07865739255001754,0.17190274318970722,0.3462271740628592,0.16943491511545483
2014-09-09 13:00:00,DEHM_noBD,0.3321356904731131,0.3647079275028069,0.36629447651431896,0.8531597358437109,0.384904347179909,0.7348732056746526,0.4615434862717013,0.08965278748428439,0.19938726548083113,0.3293522546791936,0.1514446483848045
2014-09-09 14:00:00,DEHM_noBD,0.3297320066960434,0.3630615111307077,0.37717540923144655,0.7050880117376451,0.4167817070035146,0.7117165438883635,0.4832851618001298,0.10562633933700609,0.21567306472940365,0.29171501871649747,0.14257852686580605
2014-09-09 15:00:00,DEHM_noBD,0.33708920221508476,0.3676926155075698,0.40986744933949776,0.6729869441463947,0.4334845554529758,0.5673830593683616,0.522966420606099,0.1227013436555954,0.22577484713905485,0.2909638218366982,0.1395937552203644
2014-09-09 16:00:00,DEHM_noBD,0.2783973783157928,0.3664053494745084,0.47433284257035696,0.5761178698932269,0.442501678981434,0.4583015071767078,0.5947150804920438,0.13406765638363535,0.2142533093498541,0.27800224198894097,0.13811931593049975
2014-09-09 17:00:00,DEHM_noBD,0.2109823810957762,0.38684338889596365,0.5286120969860626,0.5079946061425387,0.4564428396805375,0.4878307159824587,0.6535068905618548,0.13669728357974656,0.21780213912158194,0.25557394758700497,0.13787659627066048
2014-09-09 18:00:00,DEHM_noBD,0.16290827428968382,0.39769843609375516,0.5549562082051297,0.6425508122438433,0.44199968511147414,0.5610891683987806,0.7010047270434523,0.13888011647023202,0.24747051308982965,0.2169397719492064,0.13839140866018163
2014-09-09 19:00:00,DEHM_noBD,0.12444306934059934,0.3547359734199055,0.5558594177640974,0.7520191901613555,0.4271444921879655,0.5441328202404871,0.8122861658845992,0.1418641721343761,0.26998102611126884,0.16423294511476322,0.13964227892809722
2014-09-09 20:00:00,DEHM_noBD,0.15215014044695618,0.30314075233891374,0.5104612149874491,0.9246540499324025,0.4063662117946799,0.4877569672810169,0.8232743650020822,0.1401307499959878,0.24395574611344584,0.24011356957209756,0.14068936014228206
2014-09-09 21:00:00,DEHM_noBD,0.16851727433771588,0.2621252542146434,0.4021617600132711,0.8522285770986461,0.37301170582177107,0.49255278974622485,0.7867422985360257,0.14282502088247206,0.1894575477918795,0.3666983514970913,0.14247267638026756
2014-09-09 22:00:00,DEHM_noBD,0.1683871175840868,0.2336843421828126,0.27867483514174796,0.802147555807497,0.351279123669192,0.4815639860978722,0.7418803153657552,0.14857199304775684,0.16888266934402743,0.5627456982424109,0.14393412847743225
2014-09-09 23:00:00,DEHM_noBD,0.16998199936294683,0.20627215479694652,0.18697243465335103,0.7686624309342784,0.3566748305970243,0.45925292081266167,0.7198544024530389,0.15253346342759316,0.17247383982862569,0.8602935942026227,0.14720486149477463
2014-09-10 00:00:00,DEHM_noBD,0.1867394622760196,0.2462278662311128,0.1481675109106347,0.7219438001790113,0.38412474987979967,0.46389177450876906,0.6873231373863236,0.15759504894583246,0.16485194695029853,0.9701974401897377,0.15349850059573064
2014-09-10 01:00:00,DEHM_noBD,0.19913927159314027,0.47725838260894277,0.14551347841816073,0.6834144037403119,0.43593111350067415,0.4747529958656569,0.6777421713218581,0.16463463490066105,0.1526648855355892,0.8487029949383809,0.16449742221177546
2014-09-10 02:00:00,DEHM_noBD,0.19534040854817245,0.6324968119613429,0.15971128447278182,0.6641584311177353,0.5066772551718726,0.471296153847305,0.6836059410069195,0.17307341932898151,0.13327053656843701,0.5892656598462886,0.181302712024832
2014-09-10 03:00:00,DEHM_noBD,0.21613055141966783,0.572767780301878,0.18211316072439038,0.6593030726572893,0.5492765858064964,0.48289905806033867,0.6682253660333081,0.17694884700125652,0.12013801260557476,0.30362885693717045,0.1924551989281921
2014-09-10 04:00:00,DEHM_noBD,0.3220980490381456,0.5112391515903174,0.1763608533666992,0.6497790390648179,0.546258159195464,0.5046327037578262,0.6665602228394376,0.17742799796495576,0.11964517723460436,0.1957551640510162,0.206627755638454
2014-09-10 05:00:00,DEHM_noBD,0.2343630854303294,0.5003365821376629,0.1658780843656704,0.6587439440700684,0.5498027114275842,0.5162958739277812,0.7168101070193073,0.1802167580895818,0.12513515538854283,0.18253484720888183,0.21129292451128354
2014-09-10 06:00:00,DEHM_noBD,0.18285907961843523,0.29135113612040864,0.16470715194844826,0.6739696610453165,0.54463560645313,0.4719947535555018,0.7252261634221672,0.18957898963898406,0.13309537810916772,0.15247852331592,0.2278913581880181
2014-09-10 07:00:00,DEHM_noBD,0.14661291482177552,0.18907250851392046,0.17644884982381123,0.6589256855003744,0.502202490041144,0.4490366545076435,0.6293860966594209,0.19700025673131216,0.14661365003473342,0.13291790821747493,0.23971335527569038
2014-09-10 08:00:00,DEHM_noBD,0.1282619911066163,0.17785312595186797,0.19043273941479033,0.6096198458907637,0.4911133029765123,0.4588122901959448,0.572982304386422,0.1979598836023149,0.1672374834357398,0.14243099833498918,0.24408393829492844
2014-09-10 09:00:00,DEHM_noBD,0.1343426084249791,0.19414643255976724,0.21003577891748507,0.5985864183718004,0.5139988139624798,0.4181118688991339,0.5598640422175302,0.1980606092101125,0.1739932826946547,0.1519339869333395,0.2548960951770095
2014-09-10 10:00:00,DEHM_noBD,0.1551595626733357,0.19234218704663672,0.2269519103556812,0.616273847191271,0.5252115805615112,0.4008646659329265,0.5898561090802674,0.2089396458676142,0.1615126769996189,0.1683415800326945,0.266683965262582
2014-09-10 11:00:00,DEHM_noBD,0.19470211625478206,0.19941629774122777,0.22816643508628925,0.6816311674602091,0.49083145466972605,0.4606589147461099,0.6600907158884369,0.2105856198349677,0.1774654342495189,0.18151943553474476,0.27580144453996314
2014-09-10 12:00:00,DEHM_noBD,0.2462744179429951,0.22420331322591036,0.22435440041216542,0.7679555172529677,0.5053177522262418,0.5703834620387811,0.7336411108524946,0.21090049936681057,0.21595429490896345,0.18942117759372093,0.27648730362912155
2014-09-10 13:00:00,DEHM_noBD,0.283841383731365,0.24781681162315183,0.2172617223714453,0.8723004978589216,0.5558223470623092,0.6639984522982081,0.9209381733553591,0.2213088113919934,0.26187206454675693,0.18812695283223402,0.2724303090181526
2014-09-10 14:00:00,DEHM_noBD,0.2635386091232858,0.2731398752171638,0.2231154823677659,1.0297395103677371,0.5796061938894004,0.6079187571464826,0.9927715851741435,0.2257699841870615,0.27306920094927767,0.18624884932038593,0.2646908862635772
2014-09-10 15:00:00,DEHM_noBD,0.22796939062639132,0.2581852760027884,0.2190167379579436,0.987948831674103,0.5201975233757192,0.5991005547052434,0.999653440052365,0.22673478251249504,0.27131732230030997,0.1807549800367222,0.2562596271015593
2014-09-10 16:00:00,DEHM_noBD,0.20426137786514822,0.22439230166106125,0.19255004903935843,0.8515043467067948,0.5007433149701983,0.5792063630137051,0.9820565357684515,0.2229480398328504,0.29357267684606947,0.17174853876683113,0.24456598521572975
2014-09-10 17:00:00,DEHM_noBD,0.1922344793925108,0.2566796479758526,0.2045094298944158,0.8432877010449991,0.5095742261970507,0.5418144583440104,0.970230634723834,0.2162910975884143,0.31876833147951156,0.16893832121591415,0.23073603513225985
2014-09-10 18:00:00,DEHM_noBD,0.1845284244015253,0.30960127637313667,0.23912225059893666,1.0265016261994941,0.5275313253770442,0.5586627332912926,0.9898528374337464,0.2174052582049354,0.313735979191873,0.17240568979811802,0.22861685186198982
2014-09-10 19:00:00,DEHM_noBD,0.1815418010626081,0.2922735524598753,0.2430131322501366,1.063196385645924,0.5483931917357537,0.6852033716517557,0.9054702115614881,0.21927297859491104,0.31674521222566066,0.16159588394667593,0.2308728429498185
2014-09-10 20:00:00,DEHM_noBD,0.17101584653177757,0.30510617978679266,0.26814009021678203,0.9736429445148382,0.5711074611868523,0.7881543198884557,0.9250020833663449,0.218625492599614,0.2980939677300379,0.15034503637416724,0.23323172947791823
2014-09-10 21:00:00,DEHM_noBD,0.1699491501681133,0.3535557857013881,0.2747669235683138,0.9350353481670903,0.5606908716935197,0.8005284737649885,0.7721759533461858,0.21867019233721297,0.29242928042226757,0.1525770133712945,0.23546147811615709
2014-09-10 22:00:00,DEHM_noBD,0.19188865504507424,0.282115798762119,0.3173381429587103,0.73969581124096,0.5416934306615219,0.7518100864649586,0.6681315537824062,0.21923348151288194,0.3521400381424788,0.16857409782904242,0.23684796554516757
2014-09-10 23:00:00,DEHM_noBD,0.2217571847385121,0.2858756627705064,0.6021411803524144,0.5902793708259044,0.5078108614205661,0.6517553400042804,0.643009338530054,0.21758640175745064,0.4152231050853569,0.20815245011129355,0.24301848998274642
2014-09-11 00:00:00,DEHM_noBD,0.2619098761529009,0.2936956034759537,0.7207025003558212,0.5997612392812446,0.4404785910669481,0.5606795204659388,0.629753396441525,0.21404871791522123,0.4514282817725556,0.2803064621555618,0.24300102368261656
2014-09-11 01:00:00,DEHM_noBD,0.3337339652225793,0.32364006877642154,0.5894124376843219,0.6361630724596892,0.3786911210000187,0.46563757278804374,0.6464452243577818,0.2091499831804213,0.4789666831589956,0.34020305507373044,0.2342463110990077
2014-09-11 02:00:00,DEHM_noBD,0.38804883037355714,0.38306084611438945,0.5933157048182401,0.7039804696799921,0.348994464064501,0.41510709274547286,0.688461681444732,0.20774842171104613,0.5313223373134759,0.4320560669837704,0.2259305266404243
2014-09-11 03:00:00,DEHM_noBD,0.40469799186307925,0.43691910025318315,0.6007434152589737,0.7481973684215726,0.36614610835777345,0.4305335234666476,0.7399837672967736,0.21622201973374922,0.5472426781607279,0.45788281120718444,0.21469497834678491
2014-09-11 04:00:00,DEHM_noBD,0.42338244339963416,0.5103599242096091,0.6153317587358884,0.7750762301662819,0.40449909104957693,0.5250966455764814,0.7841775353119783,0.21223470170890896,0.5267622430530655,0.44692959071304633,0.20552508446265455
2014-09-11 05:00:00,DEHM_noBD,0.4426577480177766,0.5365877734180866,0.647201099020749,0.8150553631452782,0.41679920266245485,0.5609218544375687,0.892737248993754,0.20281159205585714,0.4965821088544092,0.4372596087271835,0.19841198623887255
2014-09-11 06:00:00,DEHM_noBD,0.4479841724337636,0.4952828552704641,0.7049703943782695,0.8563359297045201,0.370031739959854,0.45720859808579717,0.9049604153417452,0.19732661611849428,0.46998131747502814,0.4100143549923459,0.19425998189222998
2014-09-11 07:00:00,DEHM_noBD,0.44442263455063097,0.4810705571041848,0.6127674902848157,0.9192399255894497,0.3230516267170105,0.47493117925540274,0.8557367602134989,0.18806096026763305,0.4432770908819557,0.38648963390928687,0.19433780093123196
2014-09-11 08:00:00,DEHM_noBD,0.4297661726393456,0.47025816444548535,0.6268975991607366,1.0294030218085974,0.3451476408226112,0.5804152076235742,0.9377650600317958,0.1766227762054837,0.42007858446319585,0.36926701704811765,0.19088636735459316
2014-09-11 09:00:00,DEHM_noBD,0.4199036248015611,0.467781009926386,0.6737633763529511,1.1943685587445088,0.4109144387614145,0.6532187083150487,1.1305641810051679,0.16716974217513567,0.40263529114664515,0.36863948185042944,0.19300720166528249
2014-09-11 10:00:00,DEHM_noBD,0.4138612525373975,0.4801270654883909,0.637085705687151,1.135924008664289,0.531543781499157,0.7480603375855763,1.1363774570381175,0.16763546073233357,0.39643573838388946,0.3680551856733624,0.20365125137948742
2014-09-11 11:00:00,DEHM_noBD,0.4178992330296663,0.48325612137803564,0.5978377179185856,1.1001562285497677,0.674501190827703,0.932916319950734,1.1392932270933283,0.17241090662120137,0.38551392675101803,0.37204993570583855,0.2163179545270672
2014-09-11 12:00:00,DEHM_noBD,0.3974920575947266,0.4885767463329993,0.593599897737134,1.134506441546835,0.8183527159661252,1.2222260350165104,1.1551911383596807,0.1785936227319271,0.3914125274369056,0.38164064067105286,0.22373196691562958
2014-09-11 13:00:00,DEHM_noBD,0.36718068284323313,0.518187158294114,0.5846382122561704,1.197202918940683,0.9835077284090836,1.3827924232681648,1.2059691633178333,0.18978016120371277,0.3913384925000082,0.3827279976976755,0.22846120278508428
2014-09-11 14:00:00,DEHM_noBD,0.35529667842076385,0.5352122172959194,0.5653378694843327,1.2710802390455604,0.8559099086794699,1.3120178797602788,1.2360341857173347,0.19815741894635353,0.38402297796956947,0.3544093445392115,0.23357534159326193
2014-09-11 15:00:00,DEHM_noBD,0.3424438848915694,0.5461405758571846,0.5822554038305167,1.3772629374833982,0.690341847764669,1.1701303834836938,1.2662609069412927,0.20396921920502664,0.37474628165698204,0.33335954692141717,0.23751290605158726
2014-09-11 16:00:00,DEHM_noBD,0.3225332004913826,0.5055217569722565,0.5850373862252494,1.3411012560365174,0.6671392196088564,0.9168600820724631,1.3424587038567988,0.21877259055767204,0.3373889088199922,0.329943308396578,0.23693085493516977
2014-09-11 17:00:00,DEHM_noBD,0.30674200403228224,0.47044067233318565,0.5382432876890298,1.3093306763520387,0.8229628015405149,1.0032644142842528,1.669839435170635,0.2327279474583569,0.337268834278895,0.3094875568575234,0.24105815602308253
2014-09-11 18:00:00,DEHM_noBD,0.29310961096352756,0.49519149053313477,0.5709425835193058,1.450179931883253,0.9172012663298368,1.449436399454691,1.7308942894199904,0.23702026803382756,0.3413882637809438,0.2952950101822233,0.2429313491725103
2014-09-11 19:00:00,DEHM_noBD,0.2935397199116513,0.5245584776938448,0.708004129067771,1.5081281607219084,1.0652868356014298,1.8234095202517597,1.717615048042732,0.21266515668452712,0.34280110528580543,0.30461534016835534,0.24181312848622846
2014-09-11 20:00:00,DEHM_noBD,0.29456883381805143,0.6396319498027944,0.8662406623577593,1.81001559102839,1.3791947147245192,2.0847310244397326,1.975005703652549,0.20355844842282453,0.35052648056162616,0.3108331568703703,0.2378864082672011
2014-09-11 21:00:00,DEHM_noBD,0.33766822844255695,0.7878297261649454,1.0618762043460084,2.134255941626463,1.7425080479522772,2.277088743711767,2.4762132300458086,0.21937583812293004,0.35024963677559035,0.3647765725047426,0.2305734505492287
2014-09-11 22:00:00,DEHM_noBD,0.44425982967808836,0.9071678666253797,1.2638754025332721,2.59425484248239,1.9923172697769385,2.5137957590197657,2.6511667829724264,0.22974808251411413,0.321284750965107,0.39200412355874137,0.22334499782474368
2014-09-11 23:00:00,DEHM_noBD,0.5767714375661127,1.1228454874573546,1.4900106196043075,2.87008278794835,2.048739850070416,2.4329516109893543,2.7574501821661994,0.2444634375645248,0.3087605660082818,0.3794793016313732,0.2200440438717096
2014-09-12 00:00:00,DEHM_noBD,0.6393720736345834,1.439674448760492,1.7572848442391917,2.6678900748883327,2.2127922031087146,2.6442844115653332,2.9377108476726095,0.23782444926209098,0.310775796065675,0.36458527351741493,0.21931392936118005
2014-09-12 01:00:00,DEHM_noBD,0.6768334300694054,1.9461734974051341,2.011730154988176,2.704126456047009,2.490874507263678,3.099434961559642,3.2562294920412174,0.21974324063066547,0.3017207771307415,0.3683148982182011,0.21917592217726864
2014-09-12 02:00:00,DEHM_noBD,0.6958958065762368,2.7322048118883084,2.1436924705993614,2.9239608102653545,2.8214799651800493,3.595659052710644,3.4868166972488868,0.20534761513190322,0.27927037769350216,0.3849735436347127,0.217017632897004
2014-09-12 03:00:00,DEHM_noBD,0.7254658243785426,3.124631569144349,2.178380351337469,2.990458011866229,3.0448610171278396,3.9281104924483583,3.6579406103682524,0.20081297883481594,0.27220466686779626,0.39314928656502635,0.21497531773628753
2014-09-12 04:00:00,DEHM_noBD,0.7023901137641072,2.838388229246723,2.1396321950205253,2.8396400734566334,3.1754230783321686,4.0212578862503605,3.6122265894671295,0.19671671019598952,0.26942225105521256,0.3968608966327817,0.20742163306345182
2014-09-12 05:00:00,DEHM_noBD,0.5153529300755866,2.6249742550534547,2.1299025269358185,2.6565005674661006,3.0902385415157814,3.8496493010238253,3.093363975009784,0.19344648349407,0.26150435721483073,0.4084473032167937,0.1924910196281479
2014-09-12 06:00:00,DEHM_noBD,0.5054501964298914,2.2918795376059693,2.107478723888174,2.310396778532609,2.718234218941718,3.2680730220471066,2.4140584461861847,0.1958291313383796,0.26211478311276054,0.434847270849638,0.17583442899610607
2014-09-12 07:00:00,DEHM_noBD,0.5203612423411197,1.9559857106433158,2.048374287316734,1.9178629454334037,2.422892043908145,2.745007526521962,1.9738836244725448,0.19544957522384407,0.2636532001325719,0.4428140059791854,0.16670089714627942
2014-09-12 08:00:00,DEHM_noBD,0.5197952417599595,1.8660824412114128,1.877214606881775,1.6687654089796666,2.433449604156157,2.414321383328594,1.8981010101358589,0.193261611708665,0.249629430455379,0.44964671405042506,0.1653374476412823
2014-09-12 09:00:00,DEHM_noBD,0.5780866607635841,1.568768033064647,1.3693986974027752,1.6764135861052694,2.502709455556422,2.214704861823759,1.9749618114922494,0.18700034201263652,0.22775667938473695,0.44560393819951205,0.1656335631044231
2014-09-12 10:00:00,DEHM_noBD,0.6176366690837383,1.113378298577594,0.9538188066570878,1.8709803195267614,2.4808751018215487,2.2089938087691277,2.032957060772439,0.1810422029820293,0.26342954939756585,0.44017992922323285,0.16139939901608963
2014-09-12 11:00:00,DEHM_noBD,0.5697476656369235,0.8725771274942485,0.745306159304548,2.0896012439074023,2.2355370008552584,2.27836735806503,2.1900966339037096,0.17968244795795973,0.3175497393606005,0.42324739135349165,0.15674454755582712
2014-09-12 12:00:00,DEHM_noBD,0.4775693642534524,0.7604759287044102,0.41726325883958704,2.1453022958055366,2.053555448222898,2.241817994461513,2.2244474522121105,0.185160607473417,0.34334360285780147,0.40490832376495933,0.15114297142924496
2014-09-12 13:00:00,DEHM_noBD,0.42094415064234736,0.7094543570117535,0.3576850965139944,2.1141585098992954,1.8930373773562372,2.24376553345177,2.1870036410665987,0.20362261570997525,0.35520033994218647,0.3824406516127847,0.1431064420280616
2014-09-12 14:00:00,DEHM_noBD,0.40626526174128047,0.7092008546578669,0.36909630049831177,2.037481238805651,1.72933204170145,2.2288296719781058,2.1988807238496566,0.23172422881497529,0.35468419496386183,0.351061083884377,0.1332934300716127
2014-09-12 15:00:00,DEHM_noBD,0.3930376554482966,0.6483750416707039,0.3494105572054848,1.9268741661840607,1.5552704193856763,2.1347351600460636,2.153016790815867,0.261366999406088,0.34313339814884625,0.347821882888381,0.12360741378273454
2014-09-12 16:00:00,DEHM_noBD,0.3907201382778001,0.6779148725319853,0.2919721618476444,1.8675857207028872,1.4332291251025047,1.9392534331515532,2.021936218196171,0.2784251058480504,0.30916214754219656,0.35237806368119257,0.11265477532140089
2014-09-12 17:00:00,DEHM_noBD,0.41455902870593936,1.4965622645181793,0.29416469163137887,1.7566006927274134,1.4670575306868832,1.9077647956425512,1.9444295693452345,0.2860158084726071,0.2855549226311333,0.3534166770093077,0.1029753877677482
2014-09-12 18:00:00,DEHM_noBD,0.40914479021572503,2.418523261204465,0.39285270956010443,1.9037902409597305,1.3377673417472793,1.932793136320175,2.0197056360410715,0.2952584553418741,0.26155983030821844,0.35498547835456984,0.09477937308701996
2014-09-12 19:00:00,DEHM_noBD,0.40108824041873553,2.671999864623351,0.6212772556725006,2.1366418295244363,1.3379922096604155,1.9601146010993762,2.177390054943774,0.28379137235617946,0.24243331731234674,0.357672805169515,0.08576733205879769
2014-09-12 20:00:00,DEHM_noBD,0.41147349990190346,2.610867982498082,0.889972474441622,2.4630961605559314,1.5153876227979084,2.06560221478712,2.4308880479118047,0.2637830549616459,0.2299311949098959,0.36310255752285747,0.07441687053602528
2014-09-12 21:00:00,DEHM_noBD,0.43885178658723234,2.737912964081646,1.0199134307340139,2.553344486978212,1.6046690023119283,2.3303900188889775,2.444247702638386,0.251459793055246,0.2189241066338615,0.3678196193283093,0.06420475126651742
2014-09-12 22:00:00,DEHM_noBD,0.40425044133508226,3.7272432448904818,1.162413271734825,2.156666433629977,1.6306360738470778,2.3711081781800463,2.4651892922682084,0.26687285237445485,0.20336778502249672,0.37881383189657414,0.058296306826987325
2014-09-12 23:00:00,DEHM_noBD,0.3728722485776227,3.995000955537303,1.4695831675951267,2.0973979718967968,1.6511011572138594,2.3727215834178423,2.577247852866081,0.2867342159409819,0.18555829589927678,0.3913477291049311,0.05397698909301882
2014-09-13 00:00:00,DEHM_noBD,0.3835729530254656,2.894244541303691,2.0106133489651103,2.1508118969714434,1.5889803492516652,2.3322638844453425,2.7292069022386434,0.3093448145139589,0.17393323310598102,0.3797978474642711,0.05044034143146573
2014-09-13 01:00:00,DEHM_noBD,0.3719356436632203,1.872156699793988,3.033259007630375,2.1450544545154835,1.4824191591870133,2.170416432375424,2.9017427412123213,0.28008992109831404,0.16849885568747908,0.3613715168252119,0.04947746322324718
2014-09-13 02:00:00,DEHM_noBD,0.37054696965224165,1.311380496320338,4.012461923181397,2.3232810742205707,1.3916773504233593,2.00088793555167,2.9266264843157375,0.24282836142987008,0.1681945419691552,0.4081221530035393,0.050040008767791924
2014-09-13 03:00:00,DEHM_noBD,0.38036896291491923,0.9864800383787043,4.071163420420872,2.724154570501763,1.3255730278607039,2.0874188090264205,3.1938803388124324,0.22484391961835312,0.1693621281208182,0.49586480128426097,0.05174276083495164
2014-09-13 04:00:00,DEHM_noBD,0.3945791870909579,0.722386590338163,3.4304690624933034,3.369129130472346,1.3521201503856084,2.140202328013885,3.403674592868805,0.21635018473114803,0.17241501448088742,0.5379693149058893,0.05607129281254071
2014-09-13 05:00:00,DEHM_noBD,0.41809409943174786,0.6068010115700215,2.5336316080679397,3.6114105847957063,1.3742048030976437,1.9983584571257327,3.307265057012744,0.20422311366990192,0.18285556472343856,0.5691729641986637,0.06062760319522282
2014-09-13 06:00:00,DEHM_noBD,0.436475660696479,0.5274863024246692,1.7465831146450368,3.0518989222174264,1.3394157208878825,1.864942028378863,3.033473685200354,0.1981724388515576,0.1967284587146373,0.5394965810663904,0.06908377675971002
2014-09-13 07:00:00,DEHM_noBD,0.4466415250697776,0.5010072290481626,1.1363921856572357,2.5102561639045313,1.2355116966351634,1.7729163617672108,2.841048346046268,0.19367068294627576,0.18472290068180297,0.4943952993165235,0.07717145833017056
2014-09-13 08:00:00,DEHM_noBD,0.4488111103321762,0.5371783322902209,0.8375789610042144,2.3075003754735506,1.1928439607320167,1.736488903175803,2.8390502688004267,0.18869105874317688,0.16842983935632147,0.4751424927637538,0.08468766870819013
2014-09-13 09:00:00,DEHM_noBD,0.41963363650484237,0.4299194783747568,0.7687320484921114,2.300668354503755,1.319860547706408,1.7889594807102984,2.709926023537105,0.17741227241272098,0.1531286189470357,0.4460378230470511,0.08701745970817502
2014-09-13 10:00:00,DEHM_noBD,0.3867901346397539,0.3037646184792648,0.663790361972129,2.3136531411275194,1.463407801284995,1.8319882559917116,2.5461601009633523,0.16491404910145313,0.130346047919591,0.40566298299087206,0.08674245561146869
2014-09-13 11:00:00,DEHM_noBD,0.36393396175238296,0.2788589713215361,0.5485726588593277,2.256021112864808,1.5258820263421793,1.865152592941979,2.29415797186566,0.15126340066492083,0.11445719422376649,0.3772043959736055,0.08564652760725684
2014-09-13 12:00:00,DEHM_noBD,0.33911530894362824,0.26395619690559435,0.5659139074971014,2.0420810441697546,1.50556211185009,1.915421796957931,2.2667988191722106,0.13725614463675054,0.10678469013511069,0.36340938660139244,0.08490117598718945
2014-09-13 13:00:00,DEHM_noBD,0.3000328322209696,0.2462552793557114,0.6160453000580497,2.0050280936118927,1.4243425110994115,1.9107344560388744,1.987900476749749,0.12470847018944896,0.10023681945482035,0.32899309564556395,0.08210123028961007
2014-09-13 14:00:00,DEHM_noBD,0.27665464146054797,0.22187934773189,0.5570637233914348,2.0412818136679607,1.3569281303151675,1.8755278964918527,1.7974333321274951,0.11422669687957718,0.09395365397189293,0.28825091591571683,0.08049636555086732
2014-09-13 15:00:00,DEHM_noBD,0.25076319283564097,0.19717261772400344,0.5044131619768812,1.6489409603835694,1.3170753509707027,1.8319372854423173,1.983183516864418,0.10870005153705219,0.09192340151202787,0.2708862659501964,0.07975853275922094
2014-09-13 16:00:00,DEHM_noBD,0.2299162065264977,0.1750764559117428,0.4354002830714482,1.5068106348203159,1.2350076168743755,1.7911660064195756,2.2334573546015952,0.10635224443911645,0.08924581611653924,0.2299110289143313,0.07740254859374247
2014-09-13 17:00:00,DEHM_noBD,0.23647811265982197,0.15155832667122449,0.268982241441356,1.7599945266116719,1.2024487607222423,1.6764048118619317,2.494611405461385,0.1063680332416751,0.08267028976773204,0.18662038620577323,0.07632108688116367
2014-09-13 18:00:00,DEHM_noBD,0.281664051462526,0.1266963320833155,0.25718365484581057,2.2003734212542936,1.2391283232449228,1.6147710096407453,2.5665128712068173,0.10819068192103676,0.07666793048691481,0.23331920948996282,0.07753457374018062
2014-09-13 19:00:00,DEHM_noBD,0.28485399476744744,0.10326489928172262,0.2910888708165795,2.6515556027565323,1.42170022633811,1.8872494272776805,2.698252387902728,0.10712441725542478,0.07131385303924034,0.24816504965831515,0.079241425376971
2014-09-13 20:00:00,DEHM_noBD,0.27893785996361387,0.09152027582453948,0.23930953962838322,2.9423676956905442,1.7255222770709033,2.4268874363307216,3.109189868840523,0.10328540264106878,0.06710922228071073,0.2883497678756549,0.08091355176065815
2014-09-13 21:00:00,DEHM_noBD,0.3239231129336985,0.09322601550500915,0.198963359931549,3.0685837491210632,1.9593045244157548,2.5603188305110693,2.5744199402696006,0.0992757738842505,0.06703598636385662,0.35685237991370544,0.08297892231908377
2014-09-13 22:00:00,DEHM_noBD,0.4140448653157031,0.09955004234783212,0.1868022111160268,2.4026948868347286,1.8452458663027267,2.1472365205429704,2.0722705265216903,0.09637031450141043,0.07634805996172367,0.4056872706842507,0.08452730137309299
2014-09-13 23:00:00,DEHM_noBD,0.4534952401852951,0.10832016055128357,0.2069570346452963,2.2053354417670703,1.682936948880069,1.8291307628189237,2.0776475271754666,0.09368565489702102,0.09627865711629675,0.450528282157643,0.08542065362628909
2014-09-14 00:00:00,DEHM_noBD,0.48686404106389836,0.12869185947559994,0.24301325401136867,2.3494145425691015,1.6030035059666075,1.7318591084676795,2.3627092939627916,0.09054666188210365,0.12354059931478258,0.5410242159293638,0.0856433398096003
2014-09-14 01:00:00,DEHM_noBD,0.502776022201355,0.17595845122762171,0.2744571825891984,2.633950683767139,1.653023258812241,1.8351886016702488,2.8789181834486874,0.08767128498045747,0.15613149100909107,0.5829426576918548,0.0851698452949126
2014-09-14 02:00:00,DEHM_noBD,0.5394866266519529,0.19480803943455174,0.26817540497644443,2.5270533975806533,1.8128116571651212,2.1287682311606875,3.219071724757276,0.08485299180798159,0.19453632230616708,0.5710315032996608,0.08675276020868197
2014-09-14 03:00:00,DEHM_noBD,0.5758653730397576,0.23115422075459385,0.27864702552367127,2.248490359191924,1.9805557688220217,2.4535375320434545,3.300896567627677,0.08192419919972699,0.24061397991309402,0.5540340262615028,0.08868756549026797
2014-09-14 04:00:00,DEHM_noBD,0.5650566788058354,0.2919786570065399,0.3309039244676614,2.078871253748575,1.9343978298682298,2.5904204220304186,2.842233403066294,0.07959964525120175,0.28808652568467874,0.5360296079629473,0.08869666578942903
2014-09-14 05:00:00,DEHM_noBD,0.5379656942275911,0.32448563426822774,0.37547578039704804,1.9460968826660723,1.7511475721498904,2.4644780632921575,2.2910929260701245,0.07749558263013377,0.3288422412974573,0.5300315500699727,0.08738589139237049
2014-09-14 06:00:00,DEHM_noBD,0.5315974779692105,0.3466411108253333,0.3742504383013593,1.881766649969581,1.508295558616945,1.9820012892975745,1.8279343620145765,0.07573635956453115,0.33955388438321643,0.5318836145608686,0.08330531124912652
2014-09-14 07:00:00,DEHM_noBD,0.5447448397298063,0.3968193416993097,0.3134008021595902,1.6808858325529843,1.2328933421520958,1.4840098382634008,1.4423283731973124,0.07293003627706021,0.33395874562885597,0.5358784898990252,0.08113266688844761
2014-09-14 08:00:00,DEHM_noBD,0.5521866812727134,0.44630462186544656,0.3081575834036976,1.4165106707107766,0.9873413341195507,1.166543459207968,1.1099098537149203,0.07002247468242409,0.32568441166805095,0.5568584284521358,0.07960268375861762
2014-09-14 09:00:00,DEHM_noBD,0.5708730827106394,0.47547366221487514,0.376625622758755,1.172586168004614,0.8117491520542279,0.9657717795052063,0.9347413861267295,0.0668935230761021,0.3074369481586803,0.6053181769397946,0.07597085612430375
2014-09-14 10:00:00,DEHM_noBD,0.5895272777235461,0.508002373859044,0.48439117507993706,1.1133992955918077,0.827791921384111,0.8590916467233403,0.9038365458989001,0.06451300863004275,0.29682621507510426,0.6405214455126178,0.07413062153926035
2014-09-14 11:00:00,DEHM_noBD,0.5891628829879523,0.531205492596952,0.5402770060182868,1.121989408534164,1.0178053552068862,0.8706226681202256,0.9526495254064968,0.06310247358248551,0.29733056485366854,0.6460023221592138,0.07487690385713001
2014-09-14 12:00:00,DEHM_noBD,0.572681367433397,0.5601221750035787,0.5623050702297568,1.1414112923399522,1.2054680450213164,0.9163067676170409,0.9858656005868366,0.06129238159281187,0.2936691590529376,0.6194448041818476,0.07703786583846808
2014-09-14 13:00:00,DEHM_noBD,0.555933311594026,0.5517195673780795,0.5875509263381914,1.137100292375161,1.2284347508089362,1.0409253312848925,1.0518485203460668,0.061179815357629945,0.2914790327051866,0.5860024008262826,0.08069027053578373
2014-09-14 14:00:00,DEHM_noBD,0.5475559895243506,0.4888431600866931,0.6316932864627975,1.1367663005225372,1.0110577669392549,1.1448971984267753,1.118340056932786,0.062273857347381896,0.28329869022037796,0.5424258814749447,0.08555395974445848
2014-09-14 15:00:00,DEHM_noBD,0.5300497900291218,0.46769104990608057,0.6286886022582204,1.1999612668437434,0.7852384203010867,1.2205522087258083,1.2088525653278603,0.06345347652589334,0.280840450682215,0.5111532279814042,0.08573916120807344
2014-09-14 16:00:00,DEHM_noBD,0.5115104999628324,0.44784794310105486,0.5688472099863552,1.1681536220965558,0.6492251376791414,1.2901484865083643,1.2096486641320716,0.06344390630184392,0.2618861695683914,0.4895112855375193,0.08838273326369805
2014-09-14 17:00:00,DEHM_noBD,0.4919753731358063,0.4072919542480881,0.4776388637886738,1.1501697471840218,0.5625915179820858,1.3451021302730213,1.1433901400812345,0.0623973762086866,0.2491568070605833,0.4672665096374374,0.09411849991119102
2014-09-14 18:00:00,DEHM_noBD,0.45835066408602865,0.397013164315644,0.4494026849928792,1.2678584642558677,0.4780690242360728,1.4947737880189158,1.2709449282986345,0.06355995261832671,0.2592998544199216,0.45061884834741456,0.10024202211194184
2014-09-14 19:00:00,DEHM_noBD,0.43514465586989187,0.39914876768447277,0.43244944313446765,1.488946956575532,0.4438509833564072,1.6508607470822092,1.522607749161913,0.0664510757845648,0.2686752239463104,0.40919098023690276,0.10793758384061837
2014-09-14 20:00:00,DEHM_noBD,0.3959184272882049,0.39612860859997057,0.41487498496735886,1.8841924218234551,0.5563780246646376,1.8992630217025823,1.8912699211138488,0.07229378028215376,0.2578261215645632,0.42016345387981957,0.11610781211802279
2014-09-14 21:00:00,DEHM_noBD,0.38128048302795486,0.40138977872683884,0.4108780702748014,2.3631586232683537,0.8071938239230994,2.2100865231810074,2.3237931003234524,0.08052302911070068,0.2470466318561438,0.4343937640990688,0.1247573607265733
2014-09-14 22:00:00,DEHM_noBD,0.38675379676908,0.40250498941123714,0.41214676962744706,2.79020380766946,1.2039847074984882,2.550711683734819,2.752222090486603,0.09220526846489074,0.25255369050334203,0.417355283659324,0.13398634836405085
2014-09-14 23:00:00,DEHM_noBD,0.40713393822834815,0.3836990744717859,0.4152864469547103,3.0326043740013415,1.8586500880614518,2.9581105059053185,3.0902625440718556,0.10198523657906237,0.25174573666580013,0.3841514698836207,0.14769181589508076
2014-09-15 00:00:00,DEHM_noBD,0.39778179473983105,0.36802086833467373,0.41738590044624274,3.2645344381892216,2.4546762375947364,3.455068058397059,3.3453656757947314,0.10542854583748376,0.2479196345822418,0.3611246443635596,0.16684962640561954
2014-09-15 01:00:00,DEHM_noBD,0.37879898892804964,0.3600542593214751,0.4249171494410423,3.56767162870985,2.9139817037652747,3.9068761273429278,3.6573753205359925,0.10434546025602913,0.2439816925876959,0.35350030845595515,0.1807833725148571
2014-09-15 02:00:00,DEHM_noBD,0.37413160846173743,0.3575592384550151,0.45183348998583045,3.8823434977048272,3.3561698721798474,4.182773211204638,4.034853201745525,0.1015569015467196,0.22989231275260438,0.3596361271379793,0.18739919941982602
2014-09-15 03:00:00,DEHM_noBD,0.38296066204050544,0.3631310404481424,0.5514086442527035,4.137656483237603,3.763871377560629,4.398771000220979,4.335206567746581,0.09971039506285469,0.22800106010103594,0.38743176638131027,0.18887332152698988
2014-09-15 04:00:00,DEHM_noBD,0.401754940312486,0.3810920192283577,0.6526386496921757,4.327709738142568,3.986877057917541,4.677450931329602,4.502211034793743,0.10056549646096223,0.22586821160769074,0.4088185315736196,0.19220211264018902
2014-09-15 05:00:00,DEHM_noBD,0.4147089221312104,0.387131418554841,0.6661323202550968,4.433349378277355,4.203538449981501,4.931615144715389,4.479273859079365,0.11311900600308997,0.2153241593120432,0.38731074505040397,0.19219020239404289
2014-09-15 06:00:00,DEHM_noBD,0.38682756917676875,0.3617660869038943,0.6080931864876381,4.019699752019799,4.417671938156166,4.723664431390646,3.88851620323443,0.13391614131127466,0.20322605436757205,0.29358604015321915,0.1812606182523927
2014-09-15 07:00:00,DEHM_noBD,0.3482085705509175,0.3448457375832878,0.561015440969963,3.4470957945540275,4.364376355796386,4.193742228019701,3.250349743629489,0.1430542058438294,0.19044635714770275,0.19801924111462704,0.19047766303738692
2014-09-15 08:00:00,DEHM_noBD,0.22692034349879467,0.36944436328243463,0.5302254802004364,3.1844321382130096,3.9890156361986713,3.660082549698108,2.8580960055499767,0.14020944424166323,0.17468262751686842,0.2070024752126161,0.20067412017771596
2014-09-15 09:00:00,DEHM_noBD,0.2011835417425351,0.3791294462424795,0.527512901070974,2.9614159351618987,3.551233156177865,3.227701479946689,2.914356491821753,0.14382762270877128,0.16042595928223324,0.19999054052358828,0.20901880393389527
2014-09-15 10:00:00,DEHM_noBD,0.2085552855272451,0.3855655675822448,0.583375145501874,2.914135613964405,3.1546627157234917,3.044686438229997,2.904233571176574,0.14584809482402616,0.14806528268751443,0.193623300355036,0.2130471329635055
2014-09-15 11:00:00,DEHM_noBD,0.21979229109488183,0.36219406892185313,0.6362791017982555,2.5230073353172355,2.7792975571634133,3.0095824175932027,2.804083579868103,0.14933109366102595,0.1381291593065856,0.19538120691273,0.2123425817532744
2014-09-15 12:00:00,DEHM_noBD,0.2374233220594329,0.22251465665840472,0.5830375536858708,2.500924473636638,2.6224664317576067,3.023348420458702,2.876761195981015,0.1585305584948462,0.12333671252948691,0.1884139691785058,0.20976376469888947
2014-09-15 13:00:00,DEHM_noBD,0.23633911337255373,0.19328167460872744,0.5308743595746603,2.8240364959212063,2.799873390540658,2.862886616892163,3.1480650339855862,0.1660619536085449,0.11148374022709014,0.1634116140565671,0.20601591941085012
2014-09-15 14:00:00,DEHM_noBD,0.2192569714456388,0.20995418348285005,0.3920640942878852,3.056961949585932,2.910777111160507,2.8832685273567495,3.1000934546087606,0.16725726208305902,0.1009872355430148,0.14896743057641226,0.20272345962580632
2014-09-15 15:00:00,DEHM_noBD,0.20094748969331833,0.2201876053954974,0.28931662989406426,2.6700091755308546,2.825838775376774,3.0125961997916866,3.0523830119757243,0.16423075993083341,0.09426235100776585,0.1350240519495031,0.19681414943470166
2014-09-15 16:00:00,DEHM_noBD,0.17683510806628328,0.21972712875700479,0.2532820596158263,2.1556178872116254,2.536887434043917,3.1264106632936732,2.6638263904415957,0.1580240253338371,0.09103892029476682,0.11429519222773905,0.19466791044041454
2014-09-15 17:00:00,DEHM_noBD,0.1508520696187559,0.20426622963454155,0.23439127892987224,1.9625427114489389,2.6276190947647895,3.252783212646654,2.482158543536242,0.14654588490580267,0.08949650294665844,0.10832897448756358,0.19868429182122255
2014-09-15 18:00:00,DEHM_noBD,0.12800062228302858,0.20565328303725108,0.24783908119389667,2.392616579934898,3.1044041460304275,3.3012402132010186,2.8296637953962667,0.14258026417240663,0.08865358098157877,0.1143269405866569,0.20246896603451603
2014-09-15 19:00:00,DEHM_noBD,0.1326153225109457,0.19873731557474186,0.29222458537353135,2.6910326109235054,3.424436158450849,3.3866214414650098,3.404716926056333,0.14255138187248106,0.08869043373416771,0.11736020953729515,0.20656158047448028
2014-09-15 20:00:00,DEHM_noBD,0.13506717858982847,0.1630577473810624,0.30238580036118623,2.9773769589171337,3.6261038233028846,3.723883024512312,3.684814658759964,0.1413500785799966,0.09145614040722111,0.1165407999320437,0.21082333244324972
2014-09-15 21:00:00,DEHM_noBD,0.13382184700027216,0.13704132906979166,0.30415795023738257,2.9044465915433295,3.8541468121819173,4.222841035731493,3.7556507709453872,0.14282875778553755,0.09814738895261015,0.10870759099254265,0.21461756283392916
2014-09-15 22:00:00,DEHM_noBD,0.125084725871451,0.12765209122070387,0.30513021868620627,2.5960967313753365,4.029279127957228,4.603601280858121,3.3944900369730333,0.1436740927950144,0.10352922582327466,0.10653657369891464,0.22127421987431384
2014-09-15 23:00:00,DEHM_noBD,0.1266910135049553,0.14273100059728014,0.34535987112254174,2.7908539075070973,4.225132264843548,4.659514793225817,3.032311251646309,0.14616218444598306,0.10973909118569337,0.1057875256141288,0.24430230350342852
2014-09-16 00:00:00,DEHM_noBD,0.13419620947050448,0.14655425898837315,0.41209944925863284,3.3992687574522957,4.503975184947528,4.251403425723189,3.050356931444223,0.14816817596222817,0.11212499353545904,0.10170127551695603,0.28953627932991327
2014-09-16 01:00:00,DEHM_noBD,0.14513332187194242,0.15179393966027485,0.45549559245145044,4.026697503315587,4.798746258449047,3.9114792853923364,3.41470381029597,0.15095197821862977,0.11449181953654765,0.09963380569661551,0.3373342447570245
2014-09-16 02:00:00,DEHM_noBD,0.17832006639910386,0.17923742297048512,0.4926183789669854,4.230820679446432,4.8935486971037045,3.859021013954405,4.30279081169134,0.1520498549429996,0.11719473010812263,0.09826240647880259,0.37097915771998313
2014-09-16 03:00:00,DEHM_noBD,0.23811390954809147,0.2158643366426784,0.530986473047873,3.911796037548978,4.702378075607777,3.8437942287525453,5.255641456391456,0.17274086490489537,0.12004746315572423,0.10129691413627649,0.41518978168575993
2014-09-16 04:00:00,DEHM_noBD,0.2653341440534557,0.23058620415433018,0.5480650222440471,3.4495421940084876,4.399625076597099,4.169479667560408,5.320629952291324,0.2348255627386271,0.12641632016547358,0.10548031951285033,0.474146340255571
2014-09-16 05:00:00,DEHM_noBD,0.22715839098488033,0.21145602786020976,0.44852027823537743,2.68553591345471,4.039410361870568,4.564775517607066,4.588426073737561,0.2703366989803499,0.14749037437406362,0.1098685941853048,0.4756221230864052
2014-09-16 06:00:00,DEHM_noBD,0.20965342235475182,0.20473001416015568,0.4479420473866835,2.136529170661108,4.016849850135577,4.941277612649463,3.7170952767832173,0.25862708500206455,0.15708770676707837,0.1041878015118726,0.3471253266746295
2014-09-16 07:00:00,DEHM_noBD,0.2180175354624631,0.29841109143269295,0.6284745351877435,1.8819661921440718,4.088796285591954,4.7916439247297085,2.8590195429696807,0.23365524275399724,0.1572563704223557,0.11436315909789865,0.2651347179140102
2014-09-16 08:00:00,DEHM_noBD,0.23553618280846494,0.3773389125968596,0.7346007256330527,1.6739239747732795,4.041697142688136,4.139646650001687,2.4052219962842845,0.21168140277430403,0.15517248317333854,0.13669210550372485,0.23008839107291174
2014-09-16 09:00:00,DEHM_noBD,0.2732193536330375,0.3738732644801702,0.7335291068100509,1.563708287887292,4.202022989894394,3.5926291636589243,2.2274731310296403,0.2037258018656819,0.14122599140791678,0.15860247142491846,0.21923500873411525
2014-09-16 10:00:00,DEHM_noBD,0.23798496781081058,0.3520099556574922,0.6701694962538289,1.4729513608918778,4.267345628290936,3.249465892889874,2.163948767170897,0.20793677748195824,0.12659769814458197,0.15531772766293245,0.2170855579284857
2014-09-16 11:00:00,DEHM_noBD,0.24200951492140288,0.40779430199548583,0.5442705920067289,1.6040552859877963,4.0238037121615315,3.076215866144661,2.225278985749216,0.21647794875036921,0.11673434303444329,0.16312779822621942,0.21109017806471905
2014-09-16 12:00:00,DEHM_noBD,0.2566178966115647,0.4788283507275021,0.575938990748436,2.077124174516447,3.814920122066271,3.323520233895996,2.617997479567755,0.2176884418742637,0.11283696902150388,0.16199057713301832,0.20535037403160236
2014-09-16 13:00:00,DEHM_noBD,0.24938262422735558,0.49467834400777355,0.6507534978479845,2.7688526429250815,3.842743859399753,3.4817715194437278,3.0701177326541624,0.2040038561373855,0.1063281040319613,0.15299303829991534,0.20199691943041914
2014-09-16 14:00:00,DEHM_noBD,0.23912204714980317,0.4629226908819156,0.6381574882532643,2.96087641094748,4.016861008744509,3.543295808449349,3.272491985071816,0.18170522307425727,0.10223314243839349,0.15667317057506527,0.20417165688852332
2014-09-16 15:00:00,DEHM_noBD,0.21826665943134343,0.3230306989898479,0.5978669335011066,2.5573802159358126,4.0355153569720885,3.736951973882491,3.0853417871824633,0.16928299168637942,0.09785336460352484,0.16049652486017058,0.20916045366336827
2014-09-16 16:00:00,DEHM_noBD,0.18802410504501424,0.2391177470074931,0.4988753272534734,2.1172039229969153,3.950915631264036,3.749427325951327,2.6996100459918955,0.171652140357058,0.09071485320273687,0.15963636848355428,0.21943631174717018
2014-09-16 17:00:00,DEHM_noBD,0.17766637417996586,0.18844470617112305,0.5213461378178075,2.3019830839417224,4.01355249257046,3.9893521547757276,2.8790977962298667,0.17208057945596544,0.08554065749955643,0.20504748922356353,0.22983824628209282
2014-09-16 18:00:00,DEHM_noBD,0.17813996807836857,0.19165489817500353,0.7348083415169793,2.6622652991053846,4.2631409840030665,4.072977214752608,3.241768059489268,0.18026776902770122,0.08589804149936564,0.35946269129093783,0.2376276951098673
2014-09-16 19:00:00,DEHM_noBD,0.21094145026274777,0.21945634270290043,0.7763157740802475,2.051358880190149,4.35143953291642,4.016437600389553,3.4387940707266567,0.18872179056920008,0.08723884830968673,0.5276180761566291,0.24199928102438145
2014-09-16 20:00:00,DEHM_noBD,0.2978318880383495,0.2730027994362767,0.7983303209007051,1.8064725285272,4.4517733600809635,4.272642753246942,3.109350722633178,0.1936089692200776,0.08406508056280515,0.5493237508646585,0.2433108289661133
2014-09-16 21:00:00,DEHM_noBD,0.4637427814980152,0.3165282307668416,0.8206897129955334,2.2731749826693823,4.871679160631852,4.638962497464046,3.246397169884473,0.19263222602918853,0.0792240086564991,0.6060377623117714,0.24405437809859312
2014-09-16 22:00:00,DEHM_noBD,0.6632252436547168,0.3542606534114816,0.847636944530368,2.87829242681875,5.225177822586698,4.521245312387888,3.5465801253613525,0.18895284720811004,0.0774981843614666,0.6545458515907823,0.24714115375240212
2014-09-16 23:00:00,DEHM_noBD,0.7615689277142286,0.3406432465137778,0.825636147859582,3.3653225315227235,5.368162673876546,4.452101300608254,3.960375184592098,0.18416418981227617,0.08323757496647269,0.7252394970512017,0.2680071434053164
2014-09-17 00:00:00,DEHM_noBD,0.8145291362462193,0.389016305158427,0.8362458386692556,3.536279533449752,5.30706245086199,5.0637556418056135,4.3621175980150095,0.18030374233217147,0.09380830907068578,0.8060193362732604,0.31832185144346653
2014-09-17 01:00:00,DEHM_noBD,0.886634991224706,0.46135961415831694,0.8592599775962848,3.4136601714968204,5.283593011132837,5.978176045685317,4.5273265502886755,0.17845337541475126,0.10463000486266685,0.8652281983184626,0.3810610059688612
2014-09-17 02:00:00,DEHM_noBD,0.9012127457729168,0.5195606971577128,0.9171460740754054,3.260147397666611,5.7299485280967435,6.574731275907072,4.379943411825645,0.18298483923003997,0.12988385859645452,0.89330844273163,0.4326975441126152
2014-09-17 03:00:00,DEHM_noBD,0.9333283018744737,0.6653967225172289,0.9659374106844014,3.216140045616814,6.458305914679037,6.823911957699746,4.184493673645084,0.2156731093285604,0.20853756071079504,0.9078128518262318,0.443359157576412
2014-09-17 04:00:00,DEHM_noBD,0.9351675548778566,0.7516496233070455,1.018686418059346,3.271889236435353,6.990156213238263,6.841304610594944,4.1147593402850156,0.26409797009127206,0.2403161942425974,0.9402697799538262,0.40749452800344665
2014-09-17 05:00:00,DEHM_noBD,0.9361189270386656,0.8795716134319826,1.108310562923653,3.305083996119444,7.336308273345963,6.597930153320613,4.09940421464432,0.2862231178884206,0.25740439062586973,1.0169225133096054,0.34877209045931684
2014-09-17 06:00:00,DEHM_noBD,0.9653391689806243,0.8885173477252664,1.0227738803644013,2.9778926428145662,7.209568908603201,5.834279426650534,3.8816980077028242,0.2839246085195615,0.2848748029450513,1.0355924642518815,0.30511771940924215
2014-09-17 07:00:00,DEHM_noBD,1.0122749665577988,0.8349968889346717,0.9371908612142968,2.554941583358064,6.513576756801988,4.894001680634018,3.4497020076771556,0.27309086426479734,0.3174952264726905,1.0140083604247403,0.28710609171912066
2014-09-17 08:00:00,DEHM_noBD,1.0206110282370542,0.8009921584263116,0.8802020679413527,2.4000543095574964,5.72085870909906,4.365514330173489,3.1811778769655596,0.2412089205488282,0.34856159417571486,0.9083379819748084,0.2755009954506251
2014-09-17 09:00:00,DEHM_noBD,0.957517573556816,0.7644565483466768,0.8685279627278213,2.4452149392577818,5.136073943470953,3.974950497450818,3.0354186029308314,0.19558342921564342,0.3990416301339771,0.7432633348996471,0.24886193507779142
2014-09-17 10:00:00,DEHM_noBD,0.7450954658284665,0.7276055701383948,0.8500668377668632,2.5908054871030526,4.676011228173506,3.6475430469459864,2.898868127473482,0.16731141098256203,0.4238406079142354,0.5527911618475942,0.21178395466924635
2014-09-17 11:00:00,DEHM_noBD,0.49550050517079647,0.7070777314775437,0.8306447797310557,2.670977385328577,4.1196634280329665,3.4801835192638495,2.6681025663542224,0.15516957801464,0.4603449652037629,0.398157625241191,0.1816868028803192
2014-09-17 12:00:00,DEHM_noBD,0.41929569167546676,0.7380322339754375,0.8885434951977675,2.498923829002697,3.788357822831464,3.2617111928747082,2.4445478752957985,0.15856629438046124,0.46928117326213037,0.3652343810329818,0.16124218267334145
2014-09-17 13:00:00,DEHM_noBD,0.40078483131062914,0.8144712467305152,0.9711220085938588,2.259766453064033,3.327894875632678,2.9341229139839,2.206288554649885,0.15653016435387535,0.4583691439123533,0.3608276374695938,0.156975281121073
2014-09-17 14:00:00,DEHM_noBD,0.34194758157370125,0.8690516895390743,1.0321096100191043,1.995112472913405,2.813000268032793,2.5000130192030987,1.8373889229619556,0.14548053486866747,0.44003844357612076,0.39484737212501914,0.1562360326298174
2014-09-17 15:00:00,DEHM_noBD,0.3131957498533394,0.9287289517089281,1.0494145674317183,1.8478527821764867,2.478103273035862,2.2343272705944184,1.5807384665365993,0.13728566408338944,0.42357379196339484,0.4382629463058075,0.15356059468335245
2014-09-17 16:00:00,DEHM_noBD,0.32344350031522096,1.0521651794382139,1.0371628212970083,1.4015986809676266,1.940918337300243,2.052222074486272,1.4113312915875285,0.12773848035812732,0.42654206109450066,0.45634053915854217,0.14790452722734884
2014-09-17 17:00:00,DEHM_noBD,0.3618955385671189,1.0076714344446127,1.155265974688756,1.333098795957555,1.4293694984420284,2.283467700230056,1.897333706354821,0.12431539122443094,0.4362635973874571,0.467008439126942,0.1465402983061321
2014-09-17 18:00:00,DEHM_noBD,0.43648745414437595,1.0343649439414204,1.3615921812921807,1.7795570050611953,1.4951196090686643,2.3941024796506456,2.3028710625493716,0.12663020104645142,0.4420911709053529,0.4549863204410941,0.14862863026284737
2014-09-17 19:00:00,DEHM_noBD,0.5165884390244719,0.9295387975414282,1.3385777319345809,2.1028534984825433,2.210807368873981,2.853167555332731,2.634674308375711,0.12595433931708774,0.32586004508180366,0.5109298001886502,0.1522115385875185
2014-09-17 20:00:00,DEHM_noBD,0.5267442739638923,0.7519639230925775,1.1692663842285609,2.4286921075261048,3.0919168440671356,3.4445832503688227,3.0117157872226903,0.1235758962957036,0.20015128350091999,0.6910739270245273,0.15862838098922383
2014-09-17 21:00:00,DEHM_noBD,0.5453596589078946,0.7508715885308012,1.1738660000041778,2.649875774352857,3.5721722074399453,3.8241126587629286,3.4809675861343066,0.12486041594399243,0.16845720064427086,0.8995920577724184,0.1730148392210509
2014-09-17 22:00:00,DEHM_noBD,0.6145548815906076,0.850042567756623,1.349596163230855,2.6732191175091264,3.850764553636435,4.167379109556704,3.798776235293757,0.12903621090335837,0.1853928280669611,1.020528147469908,0.2086772448568215
2014-09-17 23:00:00,DEHM_noBD,0.7534150067304284,0.9090475852822513,1.6293786348636636,2.6252210999378924,4.203688286781895,4.567894512468346,3.920843242797718,0.1289323613898723,0.21334515226208667,1.0012639440375566,0.27097250684914437
2014-09-18 00:00:00,DEHM_noBD,1.0180116203008218,0.8626512682882322,1.6775657801873982,2.733810608046257,4.560894841631063,4.935193795187338,3.9588125456352645,0.14115457294526798,0.2693997854459635,0.9820831332961097,0.36347366655793956
2014-09-18 01:00:00,DEHM_noBD,1.222922739894837,0.8009456409189104,1.6396581974519044,2.9710033824428996,4.889770696259313,5.273755280050028,4.013026783549769,0.19793341888616472,0.348334482676558,0.9948260736997423,0.46128755895948026
2014-09-18 02:00:00,DEHM_noBD,1.4249608483596146,0.8299668678914756,1.5625764556934685,3.183377791644324,5.099539886720059,5.601446575437119,4.153635975164526,0.3306354423575476,0.4378871911491266,1.0090542944381387,0.4863588406198471
2014-09-18 03:00:00,DEHM_noBD,1.6498980487023667,0.9172137734678014,1.4577677158317714,3.3331557711291064,5.30465227185375,5.969797957064399,4.414266699752196,0.42442332834647956,0.4266685534099294,1.0610619008805602,0.4431610983821376
2014-09-18 04:00:00,DEHM_noBD,1.7191733465304226,1.05631482489679,1.375044850826729,3.440590118669567,5.5417226554997,6.355132830280415,4.651838169887667,0.4710031210247241,0.33879141679250274,1.1490050357475132,0.38831368674678723
2014-09-18 05:00:00,DEHM_noBD,1.6646815510357174,1.205350156108048,1.3293291038484871,3.444996430508176,5.693530411734211,6.626650759588132,4.7082213088455,0.5146003919676225,0.30424278008902894,1.1949068022188545,0.3384811494248918
2014-09-18 06:00:00,DEHM_noBD,1.6841492630441488,1.3008282739217207,1.3604024315053782,3.2440007611253376,5.860753877580744,6.4378903741196,4.433679750169848,0.5384955431188456,0.32664663578406905,1.1814211019343137,0.298202369324779
2014-09-18 07:00:00,DEHM_noBD,1.6930483313617857,1.4361073372632125,1.5202366806911118,3.068349608153915,5.964318058260572,5.971037029965303,4.078459706323627,0.5424076059348508,0.3507544808665103,1.1692421674387157,0.27109536467417134
2014-09-18 08:00:00,DEHM_noBD,1.5109084072098322,1.5877271496562917,1.7189366528677938,3.2347364123316016,5.976833385175886,5.674148573106704,3.937901596287985,0.5511491257288678,0.38107598300088186,1.166262828329578,0.24165428562321226
2014-09-18 09:00:00,DEHM_noBD,1.112502847954973,1.5425209615419082,1.8645150569702031,3.374469738110594,5.919703605666282,5.573558083598209,4.056777612986119,0.5465268689772672,0.3863397954131243,1.1231078827799856,0.20572210241159875
2014-09-18 10:00:00,DEHM_noBD,0.8912842871816781,1.440386950205157,1.8088818818561174,3.5434883152988643,5.9356662320545786,5.57482708555164,4.367790296273728,0.5348491141926404,0.33871761021916746,0.9803313643003999,0.17400003623934332
2014-09-18 11:00:00,DEHM_noBD,0.7982071153712923,1.259821935211206,1.6122767949010246,3.9647960039898296,6.038346178701371,5.950147037563221,4.97044297800852,0.5473102764330523,0.39150341595763327,0.767081305484008,0.16144723261285093
2014-09-18 12:00:00,DEHM_noBD,0.7882200699192519,1.148635937440549,1.3858400300317957,3.2620918732236985,6.266649316796554,6.2026383334664486,5.34735102316523,0.5230259967410098,0.4450726714382366,0.7039236661878449,0.1613869966792396
2014-09-18 13:00:00,DEHM_noBD,0.7876385254790936,1.1131190941291675,1.2216784492399357,1.593667890366395,6.249908808087255,5.808363408606439,4.677852497148527,0.45204251454681144,0.4059095638671574,0.6664334335335809,0.16059551426046223
2014-09-18 14:00:00,DEHM_noBD,0.763050258262055,1.0088457095666974,1.1586028922151401,0.9067594963061716,6.253143373085904,5.092240510706921,3.4984930172489515,0.3503768939799348,0.393012351191549,0.6421225201277654,0.16785494580641702
2014-09-18 15:00:00,DEHM_noBD,0.7216312027600372,0.8777072833962714,1.1140197790548274,0.8687557036447686,6.04366812721916,3.6243100226870433,2.25914785793475,0.2972317467465444,0.3624804307358012,0.6214048028306948,0.16610526302947043
2014-09-18 16:00:00,DEHM_noBD,0.6528480725712451,0.7335085522383724,1.0126610906015114,0.6757913449398759,5.5258974830741305,2.642195177063602,1.3692945373147074,0.2729975815388086,0.3207436433687025,0.5787300272088918,0.1596630882759435
2014-09-18 17:00:00,DEHM_noBD,0.6028012939353694,0.7136458476400099,1.1475565924392925,0.566809203027706,5.305900695102077,2.4865538385524903,1.5018490148822707,0.25252186389700826,0.29697433101904336,0.5463785160521689,0.16418258976491282
2014-09-18 18:00:00,DEHM_noBD,0.5763158039155833,0.7251722009224153,1.3949033753433904,0.6367493393466264,5.69467906655653,2.8957383731281836,1.558344444436769,0.24002010875011096,0.2731288491136497,0.6289326967983944,0.17054021245657452
2014-09-18 19:00:00,DEHM_noBD,0.5873841112696372,0.7605518850792172,1.5866118600358412,0.8684869145493563,5.887296437878567,3.5518094830943356,1.909085612337924,0.2356213187906484,0.2572939924958395,0.6512643384557453,0.17709469387180438
2014-09-18 20:00:00,DEHM_noBD,0.6642355458387063,0.8365710256677259,1.8153689223883944,1.0690356443238658,5.8743255279225846,3.6930160343771403,2.405601527039954,0.23627661489755183,0.2670010986045971,0.7129769988978487,0.1916190778766062
2014-09-18 21:00:00,DEHM_noBD,0.701013552426308,0.960703018488128,2.0241367669307406,1.0904918726260733,5.754945338485467,3.5217319974677945,2.4917914419866243,0.2428118418634549,0.27900422811786085,0.8437404738215357,0.2202581051116321
2014-09-18 22:00:00,DEHM_noBD,0.749560899237184,1.0539453597510602,2.1446580070075085,0.9764565274488315,5.42762144319784,3.66665833050032,2.5449164784889104,0.2664022166048793,0.27648889195238113,1.0407450695295632,0.2694362987947511
2014-09-18 23:00:00,DEHM_noBD,0.7795845706445195,1.1368904334919772,2.119574748127019,1.255841883443906,5.043171942162818,3.921694215573486,2.5761376172373684,0.3262036017060185,0.256597942421947,1.1528858456008138,0.33883770652964557
2014-09-19 00:00:00,DEHM_noBD,0.7971004102500854,1.1873348690762022,2.0515162678689443,1.785096198252277,4.923272294100358,4.174898840117132,2.514821465244871,0.4333014597763493,0.2392790577249499,1.1438228976123779,0.42766967597980055
2014-09-19 01:00:00,DEHM_noBD,0.9309465195757005,1.158980128061886,2.047995270613771,2.184494747210299,4.943483327466156,4.521062284574925,2.7680042084919743,0.5327679952671378,0.25054486043048185,1.1105508722569049,0.44546088538566586
2014-09-19 02:00:00,DEHM_noBD,1.1372328261277125,1.0670395785839768,2.088857251639571,2.38216157077143,4.997851937272054,4.867390501727091,3.253133117956096,0.5875194194373115,0.28879464828061674,1.097999380430728,0.4416126597039588
2014-09-19 03:00:00,DEHM_noBD,1.240808322428288,0.9696856129721377,2.1046658590404914,2.4802357204690453,5.12004829612242,5.149862210676959,3.7506193950253506,0.6122273194567859,0.35750627085088793,1.1239550452827665,0.40102923415498803
2014-09-19 04:00:00,DEHM_noBD,1.3034410452427716,0.8948745412703227,2.046182985173631,2.5164233632508086,5.284873409404909,5.379607088455683,4.147952569376831,0.6157292438700421,0.4293370749983273,1.1556208282770215,0.3372680821149888
2014-09-19 05:00:00,DEHM_noBD,1.3912591635642575,0.8755672884333446,1.922931740722923,2.490355548530978,5.445269613118691,5.547933319993946,4.393680656660977,0.603744863323532,0.40861875648007584,1.2101684365097432,0.2891153395176306
2014-09-19 06:00:00,DEHM_noBD,1.6059544776646792,0.7554449413252939,1.6915343597542774,2.0903395794082655,5.3075679349352765,5.250168158577831,4.069717286075179,0.5660858900959789,0.34103068906159534,1.3540494778240846,0.24743131012947295
2014-09-19 07:00:00,DEHM_noBD,1.7651879451404326,0.5113630086310609,1.3844531219398788,1.7948898728799016,5.2597543666473,4.596069681499183,3.5112718090063697,0.53716961584758,0.30218472025660564,1.5441160340063274,0.21755648256562643
2014-09-19 08:00:00,DEHM_noBD,1.8475250324097274,0.488137647854383,1.165246210640045,1.6734186975848926,5.113570367724629,4.4854651786548185,3.4202030080774883,0.46293611142234864,0.30037613002789776,1.6959794688620793,0.1887014035728339
2014-09-19 09:00:00,DEHM_noBD,1.9614211409217028,0.498668002185237,0.7921457232236768,1.4363154916250682,4.7259292835846685,4.1653375295064645,3.0740810785421333,0.3921854842910588,0.30926859767895415,1.7217173502665806,0.1654263304469687
2014-09-19 10:00:00,DEHM_noBD,2.002047498570046,0.5032248884994069,0.5564028696398203,1.207186099697362,4.242026097842474,3.614099040361628,2.511768395656797,0.39168562822921194,0.36419218721134583,1.7186801346383196,0.15410579900367743
2014-09-19 11:00:00,DEHM_noBD,1.9345353667639895,0.5118777226629573,0.5310481409378768,1.308366397105817,3.8977914639555626,3.0517611595923726,1.9380922351723595,0.39716363026684137,0.4641424383567411,1.6729224697686593,0.1592343307041702
2014-09-19 12:00:00,DEHM_noBD,1.7393140605230188,0.5259763720116577,0.536869810442822,1.4777985737883832,3.741937861846446,2.408965023747976,1.692365915820731,0.38247131905621834,0.525594037230711,1.5216695859956997,0.19693671684418093
2014-09-19 13:00:00,DEHM_noBD,1.6647393612947152,0.5322843337735813,0.5457170514938827,1.564742449402294,3.5686287622602118,1.6790929050640184,1.4161496680310228,0.38553016430899484,0.5443145749737345,1.3409908429274637,0.2621074315915867
2014-09-19 14:00:00,DEHM_noBD,1.522546972815462,0.5268948924059327,0.5488110026950738,1.6124473363810172,3.3445621596719977,1.0853767796976883,1.0970585646564706,0.3919073023836104,0.5435424133748443,1.2343029821097642,0.2989340147989383
2014-09-19 15:00:00,DEHM_noBD,1.3802488969082467,0.5044806408528272,0.547956118350547,1.7242250843042446,3.3213455911125154,0.9654044082397495,0.6800796760299387,0.3851893436171646,0.527289577144747,1.1691118572697692,0.2701579458618338
2014-09-19 16:00:00,DEHM_noBD,1.2058048428118124,0.4981277960459457,0.5384441184943938,1.710755544764846,3.640716241807885,1.8039652853218973,0.35560352291204045,0.3635382313606684,0.49807514476722947,1.1502831933833613,0.2564013123968875
2014-09-19 17:00:00,DEHM_noBD,1.0680114320569774,0.7967570004792522,0.6171721774628934,1.8520650256859297,4.081627373685186,3.8716166374860563,0.32791753826524095,0.3613429095897824,0.48810953335292,1.4527448508378495,0.2559823661860085
2014-09-19 18:00:00,DEHM_noBD,1.0157398186209623,1.038871094002253,0.9764159883370992,2.4166372450466507,4.423035798213791,5.029612792207149,0.9844612772118716,0.37718724560342964,0.47989135638715436,2.0823488114180546,0.26190929363223925
2014-09-19 19:00:00,DEHM_noBD,1.1102731273638047,1.2176018077047135,1.3645542184583694,3.164073843223912,4.549060247564187,5.130943515738344,2.2771043575158427,0.38651605677957895,0.461280711366627,2.5934564355256446,0.2723307479306501
2014-09-19 20:00:00,DEHM_noBD,1.7104355104968798,1.154391624528539,1.7123119970210927,3.711348427661778,4.898195595191498,5.20996949165327,3.4674185089759826,0.3864844587907477,0.4489532959052563,2.9790258630783986,0.3040435242767452
2014-09-19 21:00:00,DEHM_noBD,2.420223083107884,1.1495520752264872,2.0783453532864016,4.030793450689245,5.527300592677066,5.419577011638677,4.144636897308306,0.3849910676818726,0.45398531426905964,3.37397760986344,0.399746087749786
2014-09-19 22:00:00,DEHM_noBD,2.666993741655498,1.220755682251141,2.3257904915695056,4.36086008083879,6.365319932170477,5.6119903701080185,4.5128530736202945,0.3839250243686222,0.480659653894504,3.7488433988607612,0.5344609194612296
2014-09-19 23:00:00,DEHM_noBD,2.9221280847796356,1.3178476605885459,2.3947097578761634,4.908277731517228,7.22257728793066,5.873234909259808,4.878080904310152,0.38495351675787576,0.5943901961337332,3.686713905242979,0.6596352691878128
2014-09-20 00:00:00,DEHM_noBD,3.2172401089344786,1.3887188984173602,2.451546832078538,5.552937064716399,7.9615895139577,6.26061536710403,5.30558681818708,0.3854440087885655,0.714844066889109,2.7805779810230433,0.7896219317080266
2014-09-20 01:00:00,DEHM_noBD,3.4322291904879236,1.480021453881933,2.549491592951446,5.925983360489529,8.428514508125055,6.71477862436762,5.683407096811407,0.3882670937372118,0.7270858952399343,2.3395818994152546,0.8619281985898688
2014-09-20 02:00:00,DEHM_noBD,3.5635755740607316,1.6436632958986686,2.6293653691235983,6.027318983256547,8.782252070218501,7.175697093463113,6.034430411655384,0.399610244932945,0.7588519642020016,2.2322477796589584,0.8428112541171535
2014-09-20 03:00:00,DEHM_noBD,3.6423852827764787,1.9166214497812528,2.6853562913317655,5.995640073059696,9.118451051222642,7.62692045001528,6.3980160299905915,0.413058798652687,0.8157628041552007,2.232949359467626,0.7903684898353927
2014-09-20 04:00:00,DEHM_noBD,3.738576278388746,2.200123118852693,2.72353468975815,5.950194063041902,9.442974870665651,7.999950618636646,6.31689581659685,0.42583168830705254,0.8281035076630487,2.2046988097912075,0.757605789060127
2014-09-20 05:00:00,DEHM_noBD,3.7385560815552927,2.316919718011314,2.7331168441144205,5.8522802576813255,9.67454091377935,7.798365597528122,5.841287209544681,0.4369120041911987,0.8039898625500126,2.1009940622690317,0.698764785002768
2014-09-20 06:00:00,DEHM_noBD,3.3732361444702548,2.131902066419989,2.6426072687233924,5.2283677257843095,9.415020258918737,7.122523972103577,5.213534583726425,0.44205481596426116,0.7551162548748402,1.985264045472443,0.5751819387363363
2014-09-20 07:00:00,DEHM_noBD,2.9195797668797896,1.512740893415207,2.384466097186979,4.172695138614078,8.89496529167345,6.427927796331437,4.685569806186154,0.4429251883929504,0.7411702279140986,1.915222548214048,0.4988729081612917
2014-09-20 08:00:00,DEHM_noBD,2.562048598832467,1.1293416712250817,2.240551848693358,3.8128747593863985,8.791530003532026,5.9285834485024935,4.381710534600501,0.4315990753437155,0.7413739021836407,1.9121500145411119,0.4436951400774065
2014-09-20 09:00:00,DEHM_noBD,2.3373723838149223,1.0489508305046793,2.0899884947583485,3.801799103600664,8.500261215293056,5.703099944268047,4.276822867266636,0.439281226647247,0.7132338457445986,1.7788928939133881,0.4125261485494916
2014-09-20 10:00:00,DEHM_noBD,2.2920779655717545,1.1691063234727537,1.8238477833990854,3.748676390893087,8.25010320588325,5.8060979768558445,4.274698710471405,0.4602487783541203,0.6394202920026308,1.576279285074449,0.43631866122230867
2014-09-20 11:00:00,DEHM_noBD,2.2556406507306557,1.512146136697058,1.516203206793481,3.7026143096204294,7.68060141223938,6.263525998045184,4.441299023286755,0.47041826492888905,0.5335401097987289,1.5993797098870504,0.5062597777742031
2014-09-20 12:00:00,DEHM_noBD,2.215393968707572,1.6732845655074693,1.3212472943874347,3.996754302856009,6.678339903292798,6.253339783669067,4.38083437217344,0.46458669511014755,0.4960676543269527,1.7895213515976673,0.562342678565837
2014-09-20 13:00:00,DEHM_noBD,2.0792720607227286,1.8445790746907411,1.1632099741079456,3.5063375627749234,6.012753831042372,5.680326149306999,4.334922636528429,0.46314525499574655,0.5365829367137454,1.8734052473285931,0.6209034928475541
2014-09-20 14:00:00,DEHM_noBD,1.9122665343085932,1.8206147021789163,0.9689761539781989,2.855203800923764,5.647075940460144,6.17524592880929,4.143062387446198,0.45031606320949463,0.579997260720104,1.8510896229446294,0.6469190071790932
2014-09-20 15:00:00,DEHM_noBD,1.7674688193010741,1.630597064602982,0.7911983918630874,3.010552955165082,5.723133528652322,6.706125022619399,4.158812230712515,0.42784559939301314,0.5486012235901635,1.6453497446838572,0.6301558504604687
2014-09-20 16:00:00,DEHM_noBD,1.6802926941011742,1.9282005341179511,0.6820392424254278,2.77488901511346,5.73904517079994,6.004041463052917,4.010789107098571,0.3944626464474556,0.4828280563838977,1.3921153008534013,0.6054858939115184
2014-09-20 17:00:00,DEHM_noBD,1.6236492561121465,2.8623889627950234,0.7171311997251877,3.1592706163512734,5.5657198048966965,6.611229986049507,5.204322254118894,0.3621327900083082,0.4807451156911437,1.5575304967946593,0.5865163047509133
2014-09-20 18:00:00,DEHM_noBD,1.6696882843547465,3.229081889952028,0.8756871617833673,3.5607512825832117,4.935147483212105,7.499708038635023,7.1110764466733825,0.34649867753405533,0.6393044049748997,2.143520109848306,0.5643199144587051
2014-09-20 19:00:00,DEHM_noBD,1.820149025209051,3.927020013424124,1.2803436113147393,4.558820025262525,4.751567683325037,7.567449184966862,7.921583102429882,0.402256691588232,1.0195736483045459,2.9420408939935117,0.554938693036216
2014-09-20 20:00:00,DEHM_noBD,2.252249482640611,3.912486341799981,1.8796232364673682,7.091519829091515,4.7850409787379204,7.138382239314915,8.2565936298922,0.47999347251125823,1.550236878210772,3.8579595841401684,0.5655600668724707
2014-09-20 21:00:00,DEHM_noBD,3.270451193501316,2.7756305079161847,2.7509706920131403,8.793633018434823,4.418927038851008,6.645016395131923,9.290055292950413,0.3822973165202775,1.9726679329492895,4.936294705079393,0.5766598358421732
2014-09-20 22:00:00,DEHM_noBD,3.3427817714413646,2.884889665081234,3.3674587815898445,9.290688135145718,3.8563632486945947,5.9975106277672765,9.812600459152645,0.2583755413908486,2.126143802407086,5.925298134824036,0.573046404809357
2014-09-20 23:00:00,DEHM_noBD,3.141935258782728,3.3156619680859665,2.2605701852392825,9.994791715208134,3.104402570156157,5.07776731757015,9.078932889392982,0.19717768047910175,2.084008745957315,6.026260810199082,0.5415076034246175
2014-09-21 00:00:00,DEHM_noBD,3.1906195002157656,2.926684585194704,0.5093310450485581,9.112420549082751,1.9776734370903577,4.193655768109812,7.424525094011016,0.22535238010715683,2.06067898059547,5.604819743932486,0.47651167676412953
2014-09-21 01:00:00,DEHM_noBD,2.982125612331787,2.9425132650045875,0.3537838411058204,7.509653080529105,1.2358347152451796,3.1349154963591603,5.896563406655942,0.25648828949421626,2.178212766795382,4.7473842873854935,0.43493774350135106
2014-09-21 02:00:00,DEHM_noBD,2.849243150994284,3.311690191320646,0.398552907395549,6.179942930804948,0.7825319407492457,1.9506586488770716,4.442075516251896,0.26099884275577956,2.3763296726547183,4.140064839199483,0.3996035910740168
2014-09-21 03:00:00,DEHM_noBD,2.6250531862580404,1.531621225598475,0.3271414090263749,4.88834052952677,0.5302742752507702,1.3188473758367913,2.748799428732817,0.24438152478807584,2.5115826751416925,3.5160591944807766,0.36655393991055873
2014-09-21 04:00:00,DEHM_noBD,2.3562487614540384,0.5619994586262059,0.2928116241567022,3.202005347374496,0.5333546634841896,0.642907641237976,1.8241224876359325,0.22820798361936565,2.535497588068843,3.2524981646847726,0.34616108173698634
2014-09-21 05:00:00,DEHM_noBD,1.6667965347361566,0.4650652091162487,0.2788185630356332,1.8856185275330315,0.47210238102089597,0.4569845291128776,1.5083951973662462,0.21151800665225823,2.439292292325497,3.2830748318508265,0.3321026445345534
2014-09-21 06:00:00,DEHM_noBD,1.9776241352769266,0.40472457698638137,0.2617003379917423,1.3704995695898592,0.3374064872444885,0.48474656768974594,0.7815288824504039,0.19132631639298037,2.166622951537371,3.578905751404614,0.3358094397312634
2014-09-21 07:00:00,DEHM_noBD,2.640626794714535,0.3576637910661478,0.25747115238784796,0.7525977674765888,0.23733823297815382,0.394756640318376,0.6146967052157052,0.1735594733153097,1.8076096563881636,3.73493937615484,0.33642409859661226
2014-09-21 08:00:00,DEHM_noBD,1.1541987800883036,0.3158837327247241,0.2871849727841745,0.5517419918759868,0.18764581239921957,0.2537155300549556,0.5473601156024622,0.16101810080308446,1.549057080422044,3.5916802323871844,0.3272182132964814
2014-09-21 09:00:00,DEHM_noBD,0.5353030034362104,0.2634675353270396,0.298927015630952,0.5184767384554506,0.1521225700408592,0.17730002990114024,0.4464056158966523,0.1369438952905497,1.595071310226023,2.829530603767857,0.315667550941818
2014-09-21 10:00:00,DEHM_noBD,0.4674893112123292,0.21989830343736674,0.2758001099481664,0.5025729555273645,0.1351086379504807,0.16495931515720427,0.3275829054798863,0.10394033856385376,1.771130396031439,1.5322876639683964,0.3077477230768641
2014-09-21 11:00:00,DEHM_noBD,0.4487962043325975,0.22048125633667498,0.2471667641898476,0.39489740149779423,0.12974726084390176,0.1550517646040848,0.24270110083398747,0.06579029969232142,1.7259956063689292,0.8419350910816854,0.2994522257978203
2014-09-21 12:00:00,DEHM_noBD,0.4204865861106757,0.218487108092734,0.23421051283670818,0.3396018771848577,0.13488943285304103,0.1385624868372617,0.2599507618368125,0.04698530512665386,1.3300638140648604,0.7404447772006877,0.29730068408093696
2014-09-21 13:00:00,DEHM_noBD,0.29083593121731643,0.20069771978746273,0.2207956498209969,0.3304533164644732,0.13860549708008757,0.14258076776631984,0.2370663508655746,0.04713811726814588,0.9760880994468926,0.5361923256565653,0.2796452467585493
2014-09-21 14:00:00,DEHM_noBD,0.16681133824199426,0.17054289037197587,0.1960723175310302,0.30185790003232493,0.13481502999898964,0.13568732229711009,0.19306464642564672,0.05119271388048761,0.7396856110435723,0.4772994432869622,0.25177669945782977
2014-09-21 15:00:00,DEHM_noBD,0.13925212354749436,0.13962951514663363,0.15504180399340226,0.2585887724881887,0.11542060955927222,0.1335318458739839,0.17727371825834898,0.056437608794029676,0.44135471258843717,0.4214808427771366,0.2119762450644174
2014-09-21 16:00:00,DEHM_noBD,0.1115276344229605,0.10746501933065095,0.10226183351049394,0.18738900925250218,0.09989256210152041,0.11364361896584654,0.15937262901100868,0.06178880026612308,0.15751022010307142,0.20011109698940524,0.17100378287840456
2014-09-21 17:00:00,DEHM_noBD,0.11312090851138483,0.12046264657663115,0.07409282762488481,0.15835781012303074,0.09492768603182841,0.1051336564557998,0.1352108534661208,0.06296277193616608,0.07669811697675873,0.17175155363596026,0.13943569716669602
2014-09-21 18:00:00,DEHM_noBD,0.10492250906161664,0.12013950458404614,0.07040460624185023,0.17669801814643626,0.09434930511135134,0.10743084228125076,0.1715520631414334,0.06318893395569222,0.04978417900759651,0.13647378486417683,0.11909548338628391
2014-09-21 19:00:00,DEHM_noBD,0.07928430190537755,0.1172361801935549,0.06926448955723763,0.2076216599959555,0.1002725591720965,0.10824454290094546,0.17664523179356856,0.06272306515795692,0.04029238674688127,0.07241628653796263,0.10208438767671521
2014-09-21 20:00:00,DEHM_noBD,0.07217897897000865,0.13101547038210598,0.06923435335552139,0.2594801637916252,0.09523026331560673,0.11022362975159306,0.2224802783977035,0.06088694346239671,0.03927534044296261,0.07148409693384973,0.08947469220585968
2014-09-21 21:00:00,DEHM_noBD,0.058750216085411255,0.12192262594990796,0.06176307471648892,0.2274394161328045,0.09107424694342063,0.10635610382144592,0.22362130145036352,0.05518667334803368,0.03461133708164926,0.06126393679117917,0.08426110625062758
2014-09-21 22:00:00,DEHM_noBD,0.049135008063451655,0.0652721029224732,0.050906047440835954,0.2255731519150263,0.09038288655517143,0.10645265702407902,0.2048569217361933,0.044352725790843726,0.03014417294444801,0.04529697424158619,0.08727442937034936
2014-09-21 23:00:00,DEHM_noBD,0.04432222281809468,0.04801196240223396,0.04916625388506916,0.24142833957206106,0.09157629285148325,0.10747529068291668,0.21166224542676654,0.038730259835163386,0.029552931687900345,0.03881158283679748,0.0975477006080467
2014-09-22 00:00:00,DEHM_noBD,0.03941339922600469,0.04240695734951755,0.04511487001124147,0.2389349648043422,0.09042770967432748,0.10821467478607255,0.21814958888951747,0.038926135283999214,0.027191364978654393,0.03747208561906996,0.11321545347905534
2014-09-22 01:00:00,DEHM_noBD,0.03551640088085803,0.038928571463612956,0.04214679793993071,0.2115093936439767,0.08469521483719795,0.10919399297444711,0.19798882541414586,0.0427009548791858,0.025350233088812485,0.03185394382012808,0.1279381506095646
2014-09-22 02:00:00,DEHM_noBD,0.03352737831636696,0.0392899372999037,0.03939623904056292,0.21074041788484185,0.0845757331437476,0.10930683020258049,0.1887443150220119,0.04580658463668623,0.022597568866311736,0.028024440694050266,0.12703878043995
2014-09-22 03:00:00,DEHM_noBD,0.031289324725647924,0.040216636814679955,0.03901546025552567,0.18267729348217773,0.08623014287049398,0.10563881711616044,0.16403515412707176,0.04587925287112744,0.02127561604183036,0.026055869969147785,0.10722941721199768
2014-09-22 04:00:00,DEHM_noBD,0.030470207425799808,0.042317581326281176,0.04043378316547526,0.19312209940703876,0.09226849762051824,0.1017285177187132,0.17123133142804725,0.04397618341222782,0.0186397702233864,0.024476360013687463,0.084454833079744
2014-09-22 05:00:00,DEHM_noBD,0.027371537798586976,0.04382481406361737,0.041246757701533354,0.2001526567316012,0.10049315809674554,0.10536109219473203,0.1697977772383053,0.040271360221756,0.019912582845971156,0.022209227292075178,0.0700266644314652
2014-09-22 06:00:00,DEHM_noBD,0.02167128295399032,0.04013413678522124,0.04125304704994775,0.1578363095409768,0.10868393671089777,0.10891284712164079,0.14164358874564664,0.039396611192285325,0.022966664070838368,0.01900187699467349,0.06277791046776786
2014-09-22 07:00:00,DEHM_noBD,0.018793495597935205,0.035315604028773234,0.039249790293672496,0.09320638868726923,0.10708366556233255,0.10850547941130526,0.09608507419406889,0.03792149249018797,0.031261204401100924,0.015618835835473547,0.060378727408396046
2014-09-22 08:00:00,DEHM_noBD,0.019087126304563176,0.03670415768098935,0.03639187580935604,0.08692987141286415,0.11174876318697342,0.10812385334962211,0.09081701437663857,0.03918638907526861,0.04257183511636214,0.012699215877832019,0.057446266983887065
2014-09-22 09:00:00,DEHM_noBD,0.022261734448265503,0.04051893846844944,0.03610318611553538,0.08965681084084436,0.10945785769819728,0.10395324586015879,0.08676870088626147,0.04207562245094032,0.048303785719508094,0.011293911052839861,0.05464082171319036
2014-09-22 10:00:00,DEHM_noBD,0.029807622205088133,0.04608466754876359,0.039305085577769516,0.09968441332318931,0.09786491528676806,0.09493108109086279,0.09061298315850426,0.045537351209606655,0.05339447511310205,0.015323118518697484,0.050945563821270905
2014-09-22 11:00:00,DEHM_noBD,0.03598640404915514,0.052312636713535664,0.044491771233881365,0.11565661965654433,0.08763898114796252,0.08860606073828405,0.11057160498786446,0.049789702019434716,0.056101158985693296,0.022429486818817932,0.04979375127854278
2014-09-22 12:00:00,DEHM_noBD,0.039507071813615624,0.05688575382687801,0.04987601420810247,0.15142550255274678,0.08811317343276913,0.08855449529326737,0.14791272167733308,0.050538063516252736,0.0638803897066774,0.03121853485251122,0.05340673126862147
2014-09-22 13:00:00,DEHM_noBD,0.04510270804911113,0.05900819628592532,0.05259558345443768,0.18654446051877632,0.09758078966142594,0.09719012845608396,0.18874655941438584,0.050216694382492065,0.06848240109907797,0.039007864102410285,0.05239965065311867
2014-09-22 14:00:00,DEHM_noBD,0.05625759530489495,0.059834730265717506,0.054348887280218916,0.22061351448792588,0.10749387600721785,0.10352731145093441,0.21249219521700402,0.05141662074187973,0.06226394711571007,0.041441474578210534,0.04891925641378147
2014-09-22 15:00:00,DEHM_noBD,0.08020375624552123,0.05781451333465972,0.05642119006826889,0.23077053986798862,0.11368888836782884,0.10716274268503816,0.20944347225548343,0.05179549206831429,0.052560601674718585,0.04190960704103948,0.045133393194561174
2014-09-22 16:00:00,DEHM_noBD,0.09506929153054484,0.055902577102035604,0.0571039793830071,0.2090290982003479,0.11582069551228531,0.11621086134379804,0.19433964234761375,0.05004322191743815,0.049091762414141475,0.05128052793044352,0.042866983145432136
2014-09-22 17:00:00,DEHM_noBD,0.08981762066054726,0.0551694429679938,0.05787127647678135,0.22686031149812894,0.12523204804055382,0.1302711111658228,0.2504825363977401,0.04964047670957911,0.047720129066885754,0.07263702435831139,0.04317746058128536
2014-09-22 18:00:00,DEHM_noBD,0.07214530422138207,0.055573329575737414,0.05825539600446486,0.33547060037779475,0.14603913179130748,0.14609679917852908,0.2932905234971883,0.0492440369881893,0.0454788505671171,0.08179632589118575,0.04130374988789784
2014-09-22 19:00:00,DEHM_noBD,0.06273800735823414,0.06954444920720647,0.05802115599461598,0.3763364492955803,0.15496488818225437,0.1603868854155297,0.2899107025743715,0.0491090712177512,0.04271298288742922,0.07081693881437857,0.040222053672684825
2014-09-22 20:00:00,DEHM_noBD,0.058538213567185554,0.09980509697923402,0.061861618160001436,0.4033769049865019,0.17509143536659869,0.21501439507219783,0.36162932684726024,0.04927452094441884,0.04060624605479118,0.0620009550873419,0.03971285586307814
2014-09-22 21:00:00,DEHM_noBD,0.05388737063856613,0.12555607572645,0.06799704293427163,0.4541308693920936,0.19998167786509724,0.27952797210201147,0.3895047293309366,0.05001543061214297,0.03995696839180677,0.05633550834176565,0.03977617666483392
2014-09-22 22:00:00,DEHM_noBD,0.04878245172778594,0.16039211587134322,0.07946523009874237,0.4437292358221252,0.2302385241323522,0.3340376966130988,0.4052814310209189,0.05056591911382713,0.04001649172669174,0.050573442958190294,0.040291585502489756
2014-09-22 23:00:00,DEHM_noBD,0.04516970213791804,0.20503349266156834,0.11590824282630915,0.4431386499385046,0.2444490036575495,0.35741000092342945,0.3924623167007716,0.050471190401101325,0.039344847572804924,0.04536929015187291,0.040904374680010076
2014-09-23 00:00:00,DEHM_noBD,0.0443917538674687,0.24600087391582387,0.17742627891288548,0.4736206152825685,0.22963999968511506,0.3955734102044929,0.40549511998236787,0.04953192963474281,0.039187821247643743,0.04181211264776346,0.041594305992354856
2014-09-23 01:00:00,DEHM_noBD,0.04352001707393884,0.2773048565131231,0.2483889247158128,0.47526719961778496,0.22546156605763817,0.5209338711461858,0.38822539681733403,0.049763369274526535,0.040275129106133976,0.04031877976042638,0.04213536262022098
2014-09-23 02:00:00,DEHM_noBD,0.042759916979584936,0.32046423898600307,0.31347160386837497,0.48842675866094176,0.2738362232029925,0.7143038163513052,0.3617526058961348,0.05031730178699026,0.04221702196111702,0.04145972156717905,0.042726415461673724
2014-09-23 03:00:00,DEHM_noBD,0.04228531114719795,0.386482523336719,0.41650158640974755,0.4735497755714866,0.30828814590997866,0.8962063668825582,0.3899985491616282,0.04926251646827411,0.04541572990089521,0.04227008830562968,0.04344750477797289
2014-09-23 04:00:00,DEHM_noBD,0.04210575004867849,0.48367530010937587,0.42567204792828706,0.4928843614937361,0.3632160078828047,1.0294240408419189,0.44590096081170355,0.04695174793099306,0.04648914607037554,0.04756791051608563,0.04343819232214178
2014-09-23 05:00:00,DEHM_noBD,0.041241450967127405,0.5872604244581604,0.3743863534213902,0.6485205075487691,0.46238661624868727,1.1424406027716352,0.5428085708312701,0.04612482821409388,0.04564770432112248,0.05556691833644088,0.04380083297237981
2014-09-23 06:00:00,DEHM_noBD,0.04072936356926085,0.6375552194757469,0.3000077023762776,0.7606518128665233,0.5726693506617809,1.2748117241441226,0.6483364502114535,0.04805358280356293,0.041592355290833063,0.05166859697794249,0.04736540099195654
2014-09-23 07:00:00,DEHM_noBD,0.040118181021781545,0.5577474359943394,0.1938890143585955,0.7902229252294823,0.6284439344014086,1.2733667680403495,0.7811095573074229,0.07169805679308526,0.04011106398436406,0.04192618562873871,0.05128064664128691
2014-09-23 08:00:00,DEHM_noBD,0.041595479708313315,0.5747155625853689,0.10554848216046082,0.7929739697207241,0.6419335222515392,1.2220380711408403,0.9355850663246696,0.12347285095948311,0.042903188485068564,0.03935149009458128,0.05363689082683974
2014-09-23 09:00:00,DEHM_noBD,0.0457178391584233,0.47861911921143646,0.09061661562520183,0.7914724649604855,0.8155796268227649,1.1534382024828678,1.0534195356656437,0.23252191618205972,0.04371782551338058,0.039758142073885464,0.056165222377865386
2014-09-23 10:00:00,DEHM_noBD,0.05229333094063199,0.2916373268946917,0.09785981953968506,0.9242486881242686,1.235984254837241,1.2637124091345926,1.2642182472298678,0.2905395795892131,0.04393884293429961,0.04060802228816337,0.05891365708489424
2014-09-23 11:00:00,DEHM_noBD,0.056185016049784514,0.23542213105372845,0.09972150356299814,1.2675271318841692,1.5643681365160456,1.5948459122491467,1.4788758571789444,0.2081181253169383,0.04643381346759489,0.04347118603921402,0.06354302926606023
2014-09-23 12:00:00,DEHM_noBD,0.06038095757335417,0.19351328680886185,0.10633400561884028,1.4453674406420245,1.7333968942989595,2.0579011651280923,1.645002069102486,0.13605327116833754,0.05445863076170017,0.07300331317499908,0.06840531735070274
2014-09-23 13:00:00,DEHM_noBD,0.06412636752780046,0.18033006105657834,0.11829872312374054,1.3002399944544127,1.8872462554603815,2.5084728719477583,1.8663793442492345,0.10435152194866547,0.07628856688018873,0.08647937646026999,0.07218100607659653
2014-09-23 14:00:00,DEHM_noBD,0.07317070596573857,0.14314774799065627,0.12005101374965241,1.3857472133397037,1.990412612317186,2.811473129823027,2.1833359191044543,0.10795229606946455,0.09318413501759507,0.09637308533001379,0.07513000567727708
2014-09-23 15:00:00,DEHM_noBD,0.09594647610072501,0.1104760985709365,0.1415605670398144,1.6086311561287518,2.1675389883247296,2.934271863344782,2.471948841946854,0.1145645877722789,0.0967634424587274,0.11042443905712461,0.076943447747114
2014-09-23 16:00:00,DEHM_noBD,0.13094830899171514,0.10722837912412043,0.2141650052501581,1.7966422779071167,2.576308366518645,3.2211714184678533,2.719576566625993,0.1117082742398537,0.09314786207373181,0.18459233470226966,0.07586731220663974
2014-09-23 17:00:00,DEHM_noBD,0.10898063298140159,0.11456144470862091,0.37015401065398224,2.0177305241299193,3.20568045362758,4.1301533382208175,3.060873435140371,0.1053035243643622,0.12292398132826228,0.4164734952284796,0.0778883904838095
2014-09-23 18:00:00,DEHM_noBD,0.12920587559714208,0.1310241792943781,0.6409370659957419,2.150425412748871,3.46727997950573,4.813038965579597,3.386022361598401,0.10206680704432107,0.19026647880661288,0.6609948509596001,0.08094360142309666
2014-09-23 19:00:00,DEHM_noBD,0.2805785296981106,0.14097067287030296,0.8571552887602534,2.2382830684016835,3.5377225757600606,5.62661702757236,3.9283402581577485,0.10408645842408867,0.22330133787611722,0.7486216222925457,0.08301144232180294
2014-09-23 20:00:00,DEHM_noBD,0.40256722631993497,0.3222480601575539,0.6363429261387744,2.365970026116243,3.742080720298409,6.374113531383941,4.3007443158240655,0.11590977744354151,0.2686593571403994,0.4878757047260377,0.08410563346911144
2014-09-23 21:00:00,DEHM_noBD,0.2771393616490274,0.7782849295838246,0.4178984558151417,2.4100606757328773,4.07093254219895,6.8888807159835395,4.459226614947667,0.13975101965736586,0.24775873628913425,0.48786114975496186,0.08480106758103151
2014-09-23 22:00:00,DEHM_noBD,0.22485306607004707,1.1800103634894024,0.5241194632480269,2.4123166929740605,4.226167511776937,7.371504147017424,4.74456987363525,0.15285459933701886,0.22405713273222436,0.80880048522125,0.08440031568057063
2014-09-23 23:00:00,DEHM_noBD,0.3648264310611503,1.2803179223072017,0.765021842443709,2.7512206502237904,4.225216548292148,7.681711773532452,4.646407080568708,0.15719224114977287,0.24682735076840312,0.8884574245812138,0.08289278527263075
2014-09-24 00:00:00,DEHM_noBD,1.0114278430102415,1.2571538460060185,0.8785610916221724,3.3270962030162394,4.3207910499063065,8.010137714706941,4.489657353448747,0.15990718530745235,0.2653008325307139,0.7002865610657468,0.08007032136756684
2014-09-24 01:00:00,DEHM_noBD,1.3597486331431812,1.4116622350569314,0.9295397071553848,3.8649646096383687,4.47329465448319,8.603762072638801,4.723306515514824,0.15686085227563273,0.2579014009370281,0.4888530503984725,0.0778656970339145
2014-09-24 02:00:00,DEHM_noBD,1.4855285304129142,1.5753431744637725,0.7940132109495934,4.088513834801195,4.525639290471208,8.930628162421339,4.824983342036783,0.14370762987256566,0.24161603899837686,0.9416251644331239,0.08094560209829521
2014-09-24 03:00:00,DEHM_noBD,2.1935048715572867,1.5709516583366494,0.6246267527015273,3.9754193041037307,4.571796248830379,8.596580455714975,4.848974841747348,0.12538669145725417,0.1638373618190105,1.6391589836032447,0.09136508318201661
2014-09-24 04:00:00,DEHM_noBD,2.712177716304604,1.634515377965358,0.5273251898023221,3.879077553431605,4.44229377905407,8.79490674593073,5.169097068608444,0.10927406236366817,0.15063909997620603,2.312913448995256,0.10669331657913537
2014-09-24 05:00:00,DEHM_noBD,2.9869341373755756,1.8254034951335225,0.3161773258371575,4.012548715486153,4.29827734201773,9.239748576812778,6.369019811377102,0.1115059790728089,0.21539010912427903,2.9283659973803045,0.11257342270913187
2014-09-24 06:00:00,DEHM_noBD,2.9396229947529955,2.14760470779479,0.1883193401828912,4.085900761624089,3.4917413942419646,9.212170206990773,7.431028665114947,0.1630332501884735,0.30795554007777004,3.0833748876792413,0.09393851322157136
2014-09-24 07:00:00,DEHM_noBD,3.3739882615097088,2.173058933970784,0.17106070260624132,4.676130657898431,1.8643202756758779,8.104162492711698,7.602207125188626,0.215980274629779,0.3288179229513275,3.4183210592529623,0.07397948340981692
2014-09-24 08:00:00,DEHM_noBD,4.636983552116801,1.826344601445225,0.15958375087372798,5.064368276055162,1.0890080530614825,6.123905332426698,7.495249052263979,0.22647313234034916,0.2731715809027338,4.550066359852427,0.07237010618223677
2014-09-24 09:00:00,DEHM_noBD,3.846271628260647,1.218004384827643,0.15141284085924328,5.316254171078763,0.6015302489729224,4.081278659259745,7.061577949092325,0.21278718211781225,0.2183247394254895,5.3854447113386765,0.08243637070536375
2014-09-24 10:00:00,DEHM_noBD,4.006728486331496,0.5379584123451355,0.1382185028458121,5.288238182069091,0.4952035305525362,2.4729631010848854,5.428670768085284,0.1934425325766205,0.17602813840907056,5.0835729723101,0.08386615715199398
2014-09-24 11:00:00,DEHM_noBD,4.281000313611346,0.27103622204664635,0.13458200032796577,4.306727910976599,0.9158198277877272,0.8769663196152309,3.63254726771115,0.17175828859191378,0.1416465593511051,5.234700228577472,0.07758621858375661
2014-09-24 12:00:00,DEHM_noBD,4.3612908067812,0.19243358889833057,0.1248233773086356,2.9567029691807374,1.181961410846701,0.375264689721053,2.2912885716457105,0.15678279096172174,0.12258338585872183,5.147857210294424,0.07364115830747398
2014-09-24 13:00:00,DEHM_noBD,3.9414443436069853,0.1821292062018709,0.10510734380277462,1.9795105354789604,0.7833138402219302,0.7825439928558556,0.562837259159289,0.14931647145464996,0.1212948168019204,4.654630096585869,0.07130517553267526
2014-09-24 14:00:00,DEHM_noBD,3.059350345975045,0.15073132842630377,0.10748259816156021,0.6355477331616258,0.36652392267588524,0.9427021707272599,0.29071217569186547,0.14509219502009674,0.12088510782139357,4.369445423794043,0.0691146899558894
2014-09-24 15:00:00,DEHM_noBD,2.6305393236116426,0.11267228485393228,0.09867613395648159,0.2519102232352887,0.2524722879980317,0.6090982080512015,0.6010739441711016,0.13834744811918107,0.1139858718058139,4.612882134798842,0.06588623463612266
2014-09-24 16:00:00,DEHM_noBD,2.6405742101684293,0.12744332545374934,0.11162900362364568,0.5515536331310066,0.18262307952102258,0.36737502073926553,0.6540704935467554,0.13018470841154672,0.11333781969287537,4.7453765628624796,0.06850373436530342
2014-09-24 17:00:00,DEHM_noBD,1.3913302314188396,0.21204648392715614,0.12440559228314702,0.7667599706065075,0.16802136763131229,0.31004431343927885,0.6819079014128389,0.13272729231007385,0.14504800873772064,4.607267530702895,0.07122722392164393
2014-09-24 18:00:00,DEHM_noBD,0.17933180476137886,0.30385409028691324,0.14719119150369755,0.6934327101112561,0.1382420245149079,0.2964420988078925,0.7192688395149365,0.13893051707726656,0.2422992833584079,4.178020119939256,0.07285539270579103
2014-09-24 19:00:00,DEHM_noBD,0.05151056071428577,0.38796644191825547,0.16772234986164414,0.6246116739114993,0.13623174907173954,0.3209816440059326,0.8788461369950932,0.113512314938174,0.3795897169280983,4.009104948372859,0.07370626925340958
2014-09-24 20:00:00,DEHM_noBD,0.10823772749736424,0.46887346091424853,0.15341080910877547,0.7242747105882752,0.19667359719732763,0.3204804262933385,0.9693807761446347,0.09657939166716638,0.47614127431154246,3.078780678541696,0.07497841225650413
2014-09-24 21:00:00,DEHM_noBD,0.1557564218667614,0.49803401191007435,0.1333181422633344,0.7842634746919749,0.18277977272118429,0.30364721901542124,0.576264294631589,0.10025590618522814,0.496574293784201,1.3938770349818443,0.08654675653501694
2014-09-24 22:00:00,DEHM_noBD,0.17098697594763934,0.44721990692228053,0.10897757899416054,0.8602500222708271,0.10602222395969532,0.3021009587510406,0.42937576360737084,0.05933765912863876,0.44345137040644866,0.29005680205948847,0.1042865214003138
2014-09-24 23:00:00,DEHM_noBD,0.2349044576632486,0.3068071416574541,0.11361261133949606,0.7126911890777533,0.08341548038318737,0.23553818152684095,0.5184514358189608,0.03284448817267997,0.30616272708557524,0.16363985090612782,0.11354471523317373
2014-09-25 00:00:00,DEHM_noBD,0.2468931613592964,0.22901013319767774,0.13096760946453162,0.5869546824370808,0.09900299242833607,0.1534290279247483,0.5815521769964762,0.043610643855091,0.2690018803217634,0.1874955176710719,0.1195175679489131
2014-09-25 01:00:00,DEHM_noBD,0.2256669924837606,0.2501818275601684,0.07732518875971506,0.652011242078453,0.13387895134471342,0.15587268980175537,0.36678742180607304,0.06200355408637764,0.3021528508624434,0.2724342125245244,0.12547381900823776
2014-09-25 02:00:00,DEHM_noBD,0.131402926216414,0.19449977791250872,0.07891489107206569,0.4735350127813279,0.1751896518921106,0.19678596521739083,0.21631710558917197,0.06417861533646456,0.30280609291747196,0.3473985828115681,0.1309022385459857
2014-09-25 03:00:00,DEHM_noBD,0.11568534639157345,0.10356571902064679,0.08238457801866803,0.3089161488475808,0.21144428134638804,0.28976562995075233,0.2666993561636455,0.06192908730226547,0.28219867223918427,0.35592728898619086,0.1265967247990518
2014-09-25 04:00:00,DEHM_noBD,0.08312388464071312,0.09838802077828293,0.07391682816396228,0.35220925369841616,0.24618463217698025,0.37205814044046787,0.3137334141297923,0.055210870996832154,0.29487213765040027,0.18726970377448005,0.10808394278703012
2014-09-25 05:00:00,DEHM_noBD,0.07535697687905507,0.0879843807505652,0.07929782308301402,0.39582500628099015,0.26844919403873374,0.4726088376587099,0.38465744377094424,0.047965832294784336,0.2166503787561133,0.12335242870968519,0.09294149812034555
2014-09-25 06:00:00,DEHM_noBD,0.09183324520214284,0.09129988557063355,0.08463941043563401,0.4705349210331795,0.2844515822150185,0.516901860630341,0.5004517252686316,0.04453621554175371,0.09643594463232896,0.0792165536416356,0.08355778153554748
2014-09-25 07:00:00,DEHM_noBD,0.09009513272197146,0.1040134273026274,0.07840123932080224,0.5275482042140254,0.2965397467944769,0.46704768276714714,0.5458594783877317,0.04533107695506634,0.07930954803565037,0.0978375238447123,0.07628773988858673
2014-09-25 08:00:00,DEHM_noBD,0.08349036244516829,0.10207344690290673,0.08330565337160599,0.5490237877404363,0.30797818395338944,0.4665757774318289,0.5600850977085716,0.04800170943407572,0.09209638191455956,0.10763414684509848,0.07176465788418476
2014-09-25 09:00:00,DEHM_noBD,0.08189425041824332,0.08914683737656155,0.09868742614929442,0.581488698079361,0.8362123451991006,0.4900131892577227,0.5586822992425748,0.05222781804134351,0.08784868025615554,0.1018363852497702,0.07594108973184018
2014-09-25 10:00:00,DEHM_noBD,0.08751449903294893,0.07060295108865931,0.09758274289824125,0.6008192580517753,0.9417129908566921,0.9401884699261793,0.5803916789383958,0.06043633723008438,0.09362068937666242,0.10202448847623055,0.08573054152782532
2014-09-25 11:00:00,DEHM_noBD,0.0965054038148278,0.06351428980974633,0.08843940512379735,0.6903009772565742,0.3904544098219087,1.5717840602876432,0.8191454413145581,0.07190353849782598,0.10096294995154827,0.10451383194143879,0.08953133854342843
2014-09-25 12:00:00,DEHM_noBD,0.09708434877186864,0.07926344120787553,0.0882250126015882,1.0297360490566685,0.2680744805529433,1.135968618359263,1.6125939041098167,0.07906826746020461,0.09477873648108907,0.10358038965999843,0.09147663708839787
2014-09-25 13:00:00,DEHM_noBD,0.08650088610804854,0.0925335408617507,0.10078007750586986,1.3930567373244287,0.39587032355069174,0.6362159290213859,1.9963333022370888,0.07691909819753968,0.09182799219729357,0.11751586721143675,0.09071339540717176
2014-09-25 14:00:00,DEHM_noBD,0.06909806171085212,0.09594371991727686,0.11786413133037557,1.7055121773206459,0.5840915294863096,0.4955222319244744,1.4841929432516543,0.08006386129879273,0.09046388853105694,0.12144619105209824,0.08890530004960366
2014-09-25 15:00:00,DEHM_noBD,0.06877821949412194,0.10007126742567132,0.11840622693823151,1.4956276557024486,0.6586061317995423,0.5313423338735872,0.9035896074418847,0.0842949108850943,0.08514258059109543,0.11366535785959093,0.08496418108464884
2014-09-25 16:00:00,DEHM_noBD,0.08659051774462435,0.10523632718833677,0.13855921191893228,1.0189350494685427,0.48998109392067635,0.6525867081812521,0.8384355161898527,0.085559789297831,0.06904425310429636,0.09580166750629349,0.08443765351775931
2014-09-25 17:00:00,DEHM_noBD,0.09728516280414069,0.11426258202630711,0.1902483895761958,1.0241906226272242,0.3483956690363888,0.9532912488015642,1.0559544380357733,0.0886023338753956,0.06142386088554839,0.07569633180058087,0.08230680343966618
2014-09-25 18:00:00,DEHM_noBD,0.1010028003596467,0.11749010329233163,0.21007132940764991,1.208436644059324,0.4629877757311309,1.2490916454816199,1.4010136695250015,0.10127928452415208,0.07363418915848295,0.07593898176567522,0.07908346462019651
2014-09-25 19:00:00,DEHM_noBD,0.11156608442357553,0.15687221154544154,0.2026273535932577,1.6044858941160605,0.5573357498752303,1.6717002048470484,1.9948391378870691,0.10344131140943953,0.10057039446163611,0.08978998227752097,0.07410317013580438
2014-09-25 20:00:00,DEHM_noBD,0.1389103088437578,0.17718410836553425,0.17044632500176837,2.1041731789269105,0.57378211254352,2.2116704550330057,2.4880955949616768,0.09568906699273728,0.11579725680858122,0.11752974152505063,0.06765352648087797
2014-09-25 21:00:00,DEHM_noBD,0.16533140993549833,0.21887413218149773,0.14523390333074307,2.5371839323080367,0.6685852081900135,2.611545477559275,2.7200884101060394,0.09155016569369111,0.11770105473889395,0.17204844549190057,0.06086354314245688
2014-09-25 22:00:00,DEHM_noBD,0.1935286039655474,0.2971722138998595,0.17803349637665014,3.0807206462652186,0.7354188352543675,2.9043103635180456,3.010903588812714,0.09833109729375675,0.12469623632487817,0.22922796053887945,0.055102622094117856
2014-09-25 23:00:00,DEHM_noBD,0.20380766663849106,0.310225074232895,0.203998773939195,3.7329869000646743,0.5748020537504831,3.183172033284899,3.5292260187054376,0.11354669971442541,0.1529357146403286,0.311228433391582,0.05129239023389824
2014-09-26 00:00:00,DEHM_noBD,0.2201954082199231,0.2646980568984068,0.21355256807092227,4.099986390266538,0.5366692934621964,3.1620250041881452,4.029037858104392,0.11747267536167275,0.2038908465686346,0.3786914719594828,0.04899482493320338
2014-09-26 01:00:00,DEHM_noBD,0.2139706944087612,0.2666796312458833,0.22396680774617928,4.200263013841003,0.5515409839659136,2.910663067939631,4.322268052860213,0.10950117742534253,0.23542317376613603,0.39159255303374485,0.04770437529767996
2014-09-26 02:00:00,DEHM_noBD,0.20910980574348226,0.28380168528445143,0.23282932705479653,4.15252036810167,0.5248396659144479,2.6903632461432974,4.186169858712205,0.09924843673377173,0.20944788176410822,0.4200043042784003,0.046490746587907805
2014-09-26 03:00:00,DEHM_noBD,0.23092638128617413,0.30101816794281233,0.28763005920875695,3.9399140205261673,0.5296819104924984,2.5982278458466896,3.6761379850353495,0.09490002972186998,0.17435934733555877,0.47100055976625754,0.04622831212397198
2014-09-26 04:00:00,DEHM_noBD,0.24339707438711178,0.3290190404326747,0.32293324108581045,3.7582236628048107,0.5417560680370777,2.6214369618799473,3.407987751455332,0.1054526282877951,0.2013214399535999,0.49388237159390924,0.047835894788340716
2014-09-26 05:00:00,DEHM_noBD,0.18965854963299808,0.43419108971190057,0.24601200257965355,3.5347439483863248,0.567583262877669,2.6423166182213955,3.3275138286782746,0.1518279761744354,0.2183488185516837,0.4576231897808051,0.053800768000910076
2014-09-26 06:00:00,DEHM_noBD,0.19253457545121652,0.4122896737985623,0.2218957386685074,3.192681067694637,0.6155512953745107,2.4788500741954076,3.214827226717234,0.1867864944381278,0.20043953011656168,0.4193793652340489,0.060142131832844906
2014-09-26 07:00:00,DEHM_noBD,0.1792580662259214,0.2431969124586649,0.20278524707912263,2.6133324994894656,0.5923511014713998,1.7621448222468397,2.713765355952337,0.16575557511017336,0.20558891983645955,0.3329831139776156,0.06436923202271126
2014-09-26 08:00:00,DEHM_noBD,0.22529313212081198,0.21854993448181212,0.1719091306241203,1.7999580984562924,0.5311217690023965,1.160000919885254,2.0591460137104196,0.13574430886543057,0.2088612946332943,0.24346377960619617,0.07189832295739045
2014-09-26 09:00:00,DEHM_noBD,0.2687508426883268,0.20514998754644392,0.16172252241643342,1.4324121657940254,0.46240659574755,0.8508991049559989,1.5490156823809171,0.11478205948525821,0.27504191706754255,0.19937993003278615,0.09351258315209172
2014-09-26 10:00:00,DEHM_noBD,0.265114605161359,0.17526665580665762,0.1534671503614709,1.2011758878879912,0.4206183967094308,0.6884261576489056,1.187836446873806,0.09063061855226404,0.2666639135403557,0.2808350429740407,0.1099952163176773
2014-09-26 11:00:00,DEHM_noBD,0.2529419297190242,0.16722887881353246,0.16185903397386647,1.0994530440695,0.42338127215397525,0.5706287010828107,0.9975343580309404,0.07353760226268836,0.21918315779581174,0.30050606431863697,0.12215103974250252
2014-09-26 12:00:00,DEHM_noBD,0.25158994792756373,0.16883101642019827,0.17890839969736969,1.016488111921329,0.4093313176283238,0.5134690823166095,0.8404372372096757,0.054686960800888335,0.19957753456247496,0.2787080321224118,0.13570117055968137
2014-09-26 13:00:00,DEHM_noBD,0.2236416967384143,0.18348777813956366,0.14986492640993543,0.9240357725499979,0.4294462000965094,0.5093177080883947,0.7003543647763895,0.03890513071271804,0.19636201478457066,0.30502243240886057,0.14628397379237912
2014-09-26 14:00:00,DEHM_noBD,0.18693997825558056,0.14986771972554713,0.11612782468887732,0.8388137119287041,0.4843020628233253,0.5321201250977021,0.7252005406434714,0.03651944778705003,0.18227393426237612,0.25681734369354164,0.1577280523131368
2014-09-26 15:00:00,DEHM_noBD,0.15857972353350247,0.11366047217212019,0.07554517150444544,0.7758342606371086,0.5563919986643828,0.5043458001586197,0.693167047661448,0.03732846408213711,0.15391578062832353,0.18858605476164114,0.16412321397022567
2014-09-26 16:00:00,DEHM_noBD,0.16179342239203973,0.07524844403157566,0.04071011536539629,0.6771265994758257,0.606066035277564,0.5317129309016463,0.6069911376590706,0.037463744293354556,0.11389226801368392,0.158869829881072,0.15528692457523646
2014-09-26 17:00:00,DEHM_noBD,0.15749609887292718,0.04216515376570738,0.02743274741971137,0.5789676295485967,0.643185973706413,0.5954385348948119,0.7718020446365603,0.035119006569444826,0.060685165384355845,0.16027736480902285,0.13418274310115832
2014-09-26 18:00:00,DEHM_noBD,0.11361877401013569,0.0253028165424229,0.021818609312354457,0.7609021354906012,0.6494219213616941,0.8465949140976818,0.7579674595039492,0.034171091425805884,0.03750959629124014,0.16685657120651737,0.10159459828554747
2014-09-26 19:00:00,DEHM_noBD,0.0570332479013993,0.020646164755112998,0.01743183868238748,1.0566236059606071,0.6036018361058738,1.1605049587296812,1.15438695604729,0.0332368811508547,0.03616104606315471,0.13055893533837856,0.06439466222374952
2014-09-26 20:00:00,DEHM_noBD,0.029934875984496,0.017140969665981366,0.01646195814576316,1.2576868968155508,0.5203917739849537,1.3615768357799072,1.4228157447118148,0.03215191069691426,0.03525407426153763,0.07283737631523375,0.03895573498193633
2014-09-26 21:00:00,DEHM_noBD,0.02368160918923795,0.0149766180953731,0.018100012499847093,1.6574758057420524,0.46776014021351,1.4523358855318662,1.3478552855598112,0.029965123286009688,0.03377391886007031,0.03515570464432842,0.02998104814773828
2014-09-26 22:00:00,DEHM_noBD,0.020226863964387075,0.015788254672403017,0.020070312863262153,1.7789510061012566,0.4254374539373069,1.5093418636730849,1.21141055030638,0.02824500578029993,0.03393937261875705,0.025637906862459307,0.029379482772407334
2014-09-26 23:00:00,DEHM_noBD,0.018124494449016718,0.016665465595245357,0.020308793484300765,1.6949148815216035,0.49848805133599794,1.5576673911881305,1.1689708054094348,0.028201127390032513,0.035371342290336984,0.022201592813004798,0.030817091480622484
2014-09-27 00:00:00,DEHM_noBD,0.019225186608804234,0.018583378208780556,0.02234631750880543,1.6588681946651709,0.7490154497412358,1.6389471285857908,1.2018896548229439,0.028754218931654363,0.03466638002224248,0.019709804415178316,0.0315456630595141
2014-09-27 01:00:00,DEHM_noBD,0.020757711806971463,0.021227766133000876,0.025514241471662587,1.6022551567490124,1.066901882360901,1.737217447291219,1.2702778880040633,0.03134287122200235,0.0341092577110043,0.019672182720787537,0.03306116752140173
2014-09-27 02:00:00,DEHM_noBD,0.022891074091092773,0.02959824896771522,0.028715399719944378,1.514830627268058,1.4353429324311437,1.8677334266411325,1.2906383754528779,0.033685668105902,0.03588874245920205,0.022019535976739498,0.0352445219773652
2014-09-27 03:00:00,DEHM_noBD,0.02466724298626169,0.041349728448727835,0.03181897710556257,1.452258403321998,1.814598680206407,2.01230271391073,1.3184554071546974,0.03712093548925574,0.0393913912980816,0.024917962947387358,0.03847554706033309
2014-09-27 04:00:00,DEHM_noBD,0.027002624544060046,0.053376385069050285,0.03514989861408784,1.389019406892055,1.9961779730738327,2.175062206328006,1.3263950865699363,0.037386847398877064,0.040030680030528294,0.02798543700487905,0.041929857593262405
2014-09-27 05:00:00,DEHM_noBD,0.030346675890257885,0.0630097470746697,0.037326975585547685,1.39526267437532,2.1395431897915342,2.327392520380507,1.374650191144736,0.035157841052245134,0.041954835399370526,0.031065985411611628,0.04583065401328722
2014-09-27 06:00:00,DEHM_noBD,0.03336617575480005,0.05307122886146616,0.03759340236845429,1.3887713238146802,2.4720813232761953,2.4272295445535215,1.4455696428869678,0.03356874396007489,0.04400602642659082,0.034095188488219026,0.04984846438154333
2014-09-27 07:00:00,DEHM_noBD,0.036920170451709956,0.03740759187403286,0.03896702177083367,1.3323857934034349,2.8884443695200472,2.487258682817391,1.4780514417671597,0.033398525893008214,0.047391200879271865,0.03734523809103536,0.04905781541382417
2014-09-27 08:00:00,DEHM_noBD,0.04293830720784479,0.03980148296444563,0.0438641262977154,1.331699305783744,3.0025251382519027,2.5357359485127695,1.5499994478249586,0.0358680796215169,0.05596508293669665,0.041963494056416556,0.04626150081942313
2014-09-27 09:00:00,DEHM_noBD,0.04897154933939446,0.04235055192257341,0.04852012381089489,1.283923820683852,2.9692020804493082,2.563087063809042,1.5175175300683372,0.04437580756321542,0.060882603366225814,0.04735876259559402,0.0452614202694128
2014-09-27 10:00:00,DEHM_noBD,0.05403653235892053,0.04412559915960128,0.05181561527065685,1.1944477258670272,3.049869518473777,2.7367515660923214,1.4409826318703802,0.04867865200573796,0.061492936475817016,0.05119173192234939,0.04506557641398377
2014-09-27 11:00:00,DEHM_noBD,0.06194101324452313,0.04522875306768716,0.05743008863974817,1.2064077575737697,3.078968651508931,2.9378437232725636,1.4848774336588813,0.049658795377757484,0.06323965886291094,0.05342459661383868,0.04398653146891602
2014-09-27 12:00:00,DEHM_noBD,0.07331264996238969,0.04934173165969551,0.06301578032959941,1.1428595290885113,2.302205759645677,2.5301156854516647,1.291864851627003,0.050910299057399244,0.06547315619274963,0.057106521196028756,0.04279630170612578
2014-09-27 13:00:00,DEHM_noBD,0.08855313912680131,0.055054904936387226,0.0699587450072401,0.9023938080206634,1.3132050579748442,1.588625705895609,0.8047874611114425,0.05073435722619464,0.06534921996865407,0.06484827288439948,0.04126340714584085
2014-09-27 14:00:00,DEHM_noBD,0.09903832346959264,0.061784403881369694,0.08543796463842025,0.7894179586444139,1.204681257781363,1.4133064364159629,0.7259342572319676,0.05017650623696586,0.06387543779360126,0.07403575739053533,0.03808427665536284
2014-09-27 15:00:00,DEHM_noBD,0.101512087089254,0.0680633325123587,0.11114543160995227,0.6905791501565982,1.3780701739103207,1.31975207490447,0.8041845252354349,0.05025825696391445,0.06441503764152977,0.08261064749958233,0.03397466934334412
2014-09-27 16:00:00,DEHM_noBD,0.10469219302232013,0.07478245236737852,0.11350626540731369,0.6268367349107218,1.6507419543620758,1.5139010623732783,0.9880063378343585,0.048225154079208556,0.06508565628058267,0.0910486789870388,0.029058815113675748
2014-09-27 17:00:00,DEHM_noBD,0.10246704775621406,0.08865862562231486,0.09728858025929989,0.8807585587746891,1.8007660047988177,1.7740826070847833,1.235608292933199,0.04324184688423298,0.06608275387795103,0.10022970684695208,0.025702095646880252
2014-09-27 18:00:00,DEHM_noBD,0.0932976475695613,0.16028556759761686,0.12489325701326615,1.2213465045106164,2.2514402258009034,1.9821611849281426,1.3417522624870746,0.03916064719576721,0.06379399386492547,0.10871905481043581,0.023312907335790355
2014-09-27 19:00:00,DEHM_noBD,0.10669161668287695,0.24315967739942626,0.16437451772046852,1.6997019735546157,2.547196899288077,2.3262682638050283,1.7923870220421485,0.039434167783678156,0.06146657692431455,0.11278517028999036,0.023123548527209263
2014-09-27 20:00:00,DEHM_noBD,0.11531762354745984,0.328203731338305,0.1957833503856112,2.1384258737057946,2.853630441416022,2.6911171382338313,2.4841443818501623,0.04549850862767529,0.06146889559719691,0.11517133787874306,0.023288601554748253
2014-09-27 21:00:00,DEHM_noBD,0.1036045752528717,0.3824551264463687,0.20832804876407357,2.548364194229502,3.2109888431214473,3.2719644782177317,3.245506500239708,0.0567644646920262,0.06292193900898782,0.12375897691125579,0.023848886352240636
2014-09-27 22:00:00,DEHM_noBD,0.0895190858225966,0.40226653540605933,0.25322685886758234,3.0088788893542864,3.590684091030949,4.143476439870475,3.868998632926329,0.07612000926872703,0.06298454700847374,0.13340809184652297,0.02646315279734969
2014-09-27 23:00:00,DEHM_noBD,0.07864822479980983,0.4118958441469636,0.32115425502005246,3.390451154629374,4.063285134266409,5.02881724495451,4.354090353220534,0.10438574613170684,0.06606300925388568,0.14495899024529688,0.029791354439337725
2014-09-28 00:00:00,DEHM_noBD,0.07608819671950402,0.47248660161377065,0.4101487283082849,3.6001549886492565,4.736763346704418,5.697244728075383,4.856195433840778,0.10744021186464912,0.07509993168396283,0.18775403018155212,0.03297215192740001
2014-09-28 01:00:00,DEHM_noBD,0.09484860596202299,0.56783124154497,0.4820410039152051,3.594526346775066,5.485936524591342,6.151150273579093,5.371054947387442,0.08900940825868181,0.07978055031571177,0.29211922140555513,0.03634127048513656
2014-09-28 02:00:00,DEHM_noBD,0.18217647857189978,0.6475605907611329,0.6035582871328975,3.507389716728284,6.242262551732904,6.573474415147993,5.627329522108815,0.10894479571749346,0.08062474932728117,0.3992815907884016,0.04108138443793857
2014-09-28 03:00:00,DEHM_noBD,0.35520952496723207,0.7078080497192958,0.8782471225952693,3.5303866287225687,6.872865752724184,6.913552343629262,5.637894263689997,0.25898825327172165,0.07610807043698668,0.5872198824559616,0.045952656200405353
2014-09-28 04:00:00,DEHM_noBD,0.42823815307844015,0.7999278326929975,1.3707242758354343,3.760851359564757,7.031915324815036,7.116554569841993,5.572004486324856,0.5804188368346541,0.08009564319216317,0.8136928103720023,0.048755124277278766
2014-09-28 05:00:00,DEHM_noBD,0.39580489550457854,0.9982678826086533,2.152337992450733,3.9474811469656736,7.073727632674724,7.056862039037965,5.429507969402416,0.6669300778002663,0.13196598236920157,0.9231888444306515,0.052085132474758156
2014-09-28 06:00:00,DEHM_noBD,0.6140949277246958,1.3803874999664614,2.6536614005856594,3.7060263830749527,7.018781127451767,6.701685044258189,5.141300098369815,0.5229281840933113,0.25670325262220606,0.7772915496601536,0.054948886581041946
2014-09-28 07:00:00,DEHM_noBD,1.1603130815325804,2.0271519316205637,2.2010365083849526,3.34639406737796,6.810971990724313,6.0127019159841515,4.573934132559254,0.2906383240037387,0.3883889952709455,0.8049592161277611,0.05419949890340661
2014-09-28 08:00:00,DEHM_noBD,1.4166664881346933,2.1476010863958974,1.124259682239834,3.464013544522852,6.3131999371602765,5.448061410259384,4.075269716216774,0.20759416958981175,0.6437477819323121,1.1516373414819943,0.054725833466539
2014-09-28 09:00:00,DEHM_noBD,1.3780586761303246,1.6341754246291789,0.6167769136707368,3.176857313088388,5.64109558608079,4.948451743023271,3.708286948304473,0.20668267622073636,1.0082146505523473,1.3059490551120463,0.05657973554107639
2014-09-28 10:00:00,DEHM_noBD,1.5427709634790197,0.9363354996078759,0.26670771150457023,2.711896381771065,5.049798255761144,4.416315302024573,3.4481377397427,0.20936752354184157,1.2828585884937644,1.2844102249867189,0.05790519383080585
2014-09-28 11:00:00,DEHM_noBD,1.46741337127313,0.48614134281338384,0.19750298886057324,2.342387567522083,4.594040132868683,3.9345099987223207,3.1811263480540095,0.18625855726579893,1.2550839840009016,1.4625128253793436,0.05835863432124993
2014-09-28 12:00:00,DEHM_noBD,1.5163124352633208,0.35724044096900304,0.1888706111341598,2.0342067349082398,4.205851588080916,3.512605146203597,2.8814411098146957,0.15774959724412985,0.9466159891517925,1.520324923816477,0.05794804615136579
2014-09-28 13:00:00,DEHM_noBD,1.5647976557378378,0.2727988032494726,0.17807144810595774,1.9660879042586163,3.807727320497741,3.339945469196459,2.665561516373706,0.14447897870619075,0.6482435508840624,1.5356668610639592,0.057280415748591273
2014-09-28 14:00:00,DEHM_noBD,1.4126354969033226,0.2313105085823569,0.1859227492957903,1.8711123272446422,3.649352630748635,3.308594937699806,2.488079954070603,0.14632221306456705,0.43158857171801845,1.5825400844362099,0.05942675246750143
2014-09-28 15:00:00,DEHM_noBD,1.3395027437154203,0.1966621943264603,0.20176279039406303,1.5403281040783177,3.648941246348312,3.2802483219444296,2.2936831000467244,0.14922499119683144,0.2831226433205328,1.501428215537807,0.06575990915545597
2014-09-28 16:00:00,DEHM_noBD,1.000470830880124,0.1728647334670516,0.274268272578241,1.776265880177544,3.6281701482229183,3.510950094203794,2.478230924096586,0.16373202023300087,0.23825366447386648,1.2951891772787505,0.07502539919041903
2014-09-28 17:00:00,DEHM_noBD,0.49267568065169265,0.2643889285471347,0.5658118506655829,2.163174562848317,3.743349376707619,3.5486389105681453,2.8134971266972175,0.18141055092198766,0.20274155454465476,1.3534502347159758,0.08382923626363221
2014-09-28 18:00:00,DEHM_noBD,0.26178797565421197,0.4743306104021907,0.7694001458203559,2.475597366561484,4.004253663956502,3.378605742669378,3.105923999356162,0.19374757682892946,0.22622925420921283,1.5336401410970093,0.08954321092549011
2014-09-28 19:00:00,DEHM_noBD,0.19223155553288862,0.7538099729207848,0.9082681781639322,2.7746110661860133,4.1761518708195196,3.265419013150309,3.3438733550735753,0.1872036566345951,0.3145035820005273,1.54708648918435,0.09210921873558872
2014-09-28 20:00:00,DEHM_noBD,0.18076840296331367,1.0497633826451156,1.06017891506648,3.20251683899164,4.232413204248742,3.3081213026808918,3.6522212038664126,0.17841155815190618,0.3698174888035095,1.309040005992986,0.09222757958342628
2014-09-28 21:00:00,DEHM_noBD,0.21053839278303776,1.2852650964765182,1.1571674980216178,3.9030094933549253,4.195446912551585,3.544960799031559,4.094359527831174,0.16072461261689888,0.42407843036357307,1.068192720606923,0.09337369884540642
2014-09-28 22:00:00,DEHM_noBD,0.4254536050671577,1.4780500103468979,1.2385986087101923,4.548860282464685,4.173995696552921,4.072019248798909,4.830052257163343,0.1408117213955461,0.5069433046070672,1.0292121967628225,0.0964416608868638
2014-09-28 23:00:00,DEHM_noBD,0.6620014878090965,1.6412681893849683,1.323071772340853,4.539211147588457,4.305122593793842,4.778949870535051,5.6596998740552324,0.12830088664573142,0.5545631428566946,1.1150403288745878,0.09908773675880167
2014-09-29 00:00:00,DEHM_noBD,0.8457587956757785,1.7915218320718362,1.4231069720107132,4.21813164201642,4.876779136350037,5.377290956829341,5.83366365605595,0.11952459930630621,0.5438745042369513,1.2813720646295697,0.10147610204020781
2014-09-29 01:00:00,DEHM_noBD,0.9827469754177658,1.846574751202287,1.6189350960881823,3.639889874079445,5.984295573858653,5.828699935359702,5.363049942079454,0.11021661959778495,0.5217694217799603,1.4757714681116492,0.10091496750035459
2014-09-29 02:00:00,DEHM_noBD,1.0957354211389232,1.6909777209227532,1.9029969982102701,2.9626475902278373,6.998328522724969,6.266841581637607,4.979660272154624,0.10165411343210368,0.4996714138814807,1.6691828779330105,0.09707618808489364
2014-09-29 03:00:00,DEHM_noBD,1.2086276716912456,1.6140287784697676,2.216974347441271,2.5762568323132102,7.1973425055628795,6.540624929013264,4.59688153123661,0.09415207982120327,0.4627278848630189,1.8053030796808005,0.09268205357605173
2014-09-29 04:00:00,DEHM_noBD,1.3048854439994768,1.6252579273884928,2.469851036705933,2.4235957214715516,6.824431040358966,6.5342024867712425,4.195431605833804,0.0898541060760709,0.4075924409647284,1.8931543529878556,0.08724701105488501
2014-09-29 05:00:00,DEHM_noBD,1.3118750678006494,1.6961090424610208,2.717506851741783,2.4062074490724417,6.568739787488022,6.338186206317574,4.016212704688512,0.08693162545507052,0.36630858165353525,1.930520837764889,0.08137398701457764
2014-09-29 06:00:00,DEHM_noBD,1.3772462445995723,1.7613635961627403,2.659890240211487,2.3415709696923375,6.083566331909476,5.9226985663852085,4.0097477051579204,0.08602471413156704,0.38470643859408793,1.865096467526592,0.07625770510507675
2014-09-29 07:00:00,DEHM_noBD,1.5449651901466492,1.86523473961805,2.460205899401838,2.1980048916887136,5.196114783732011,4.983431891918881,4.059226241439426,0.0923826567221804,0.3568230341474712,1.7778852129697613,0.06984891483281207
2014-09-29 08:00:00,DEHM_noBD,1.6059498978973923,2.0490591619796117,2.5169685715667622,2.1450211629929994,4.331024237789884,4.0028354066917995,3.8444034841453667,0.09285419273367607,0.3132184169778227,1.6142911180973891,0.0620870965400081
2014-09-29 09:00:00,DEHM_noBD,1.5464125567105782,2.2304603876045253,2.454029915174832,2.045968278374155,3.5677489256496715,3.2702807552420934,3.40434669171465,0.08954905630064644,0.2703556917314976,1.3962104267898567,0.055770223434194306
2014-09-29 10:00:00,DEHM_noBD,1.4164165142791718,2.3739139703023895,2.0714764709654334,1.9469832787900512,2.9394149032122625,2.7133557683250116,2.8070485495440076,0.08546107873827673,0.2352290633232145,1.2274200875687145,0.05125683737968893
2014-09-29 11:00:00,DEHM_noBD,1.3210749335392937,2.4715440259805552,1.6548473376946826,1.9072875488257426,2.6042271334839606,2.2273352199918954,2.660411654164231,0.08042262646094069,0.20866980480507002,1.1139607379436738,0.04794338358362545
2014-09-29 12:00:00,DEHM_noBD,1.3485153612101821,2.481880216285639,1.5585183249086234,1.3658156738521092,2.3543677521405666,1.8676689803244662,2.19903667687145,0.07684121643450098,0.19745670357428474,0.9766186506022698,0.04564090913354615
2014-09-29 13:00:00,DEHM_noBD,1.398016157024279,2.32050336344212,1.847205066736266,1.1744045886036576,2.290412472005251,1.766478714618274,1.5773530247014877,0.07561348655740911,0.1863930006818844,0.8833781292020855,0.04389795228463252
2014-09-29 14:00:00,DEHM_noBD,1.2927347885062637,2.1673391501134116,1.6288444008949399,1.1411621723251697,2.318941719258239,1.9072457320483278,1.5934565041719035,0.07522951077581548,0.16678746402338124,0.902909616969195,0.042270777471939115
2014-09-29 15:00:00,DEHM_noBD,1.0130717496182955,2.0862977861848453,1.3929475703165073,1.2162731895020484,2.2482371019996363,2.080055609613957,1.90874249672045,0.07458307956887651,0.1516970844192802,0.9333839192063931,0.039758632209924406
2014-09-29 16:00:00,DEHM_noBD,0.8609199197733152,1.9612722146543464,1.5306144973048763,1.3804161259302545,2.480685609307189,2.4890961330866954,2.3248289156385438,0.07445974640264022,0.1592487790704889,1.0185751607785112,0.037209139776979545
2014-09-29 17:00:00,DEHM_noBD,0.8027603613957897,2.17686363147844,2.2312678217387525,1.6067416566612573,3.0012622226508197,2.86561889421808,2.7497800403485186,0.07436354190329982,0.15791166811189597,1.0432460457264827,0.03410123433628321
2014-09-29 18:00:00,DEHM_noBD,0.7545977258933766,2.335631399439878,3.0370798582371106,1.750092977265928,3.4566536499209626,3.0069737130525884,2.914378193678263,0.07372611352817666,0.17083021814428717,1.045259308674683,0.03188310572119691
2014-09-29 19:00:00,DEHM_noBD,0.7199253797371586,2.453606831435321,3.1266658969190506,1.3134803530372523,3.8916469429407314,2.930740763500544,2.99785972381942,0.07004798402690131,0.3020185047394875,1.1520503607693766,0.030772201136953645
2014-09-29 20:00:00,DEHM_noBD,0.7252914059433824,2.619212335560154,3.3706529512210297,1.15907656300998,3.886716546489538,2.9354377803929705,2.669360052553801,0.06445540885999296,0.43205640541266643,1.2903018339004169,0.02924867984609955
2014-09-29 21:00:00,DEHM_noBD,0.7413402921839761,2.6635899045829476,3.550739285956297,1.6294019613456454,3.7377304832194813,3.419921396540295,2.265317301409111,0.061074935189077376,0.39559360228288903,1.3508755207667593,0.02791494225860439
2014-09-29 22:00:00,DEHM_noBD,0.7146558603070365,2.5762934224527188,3.609711623285792,2.1082854635637243,3.8723437890703605,3.966111212791602,2.509348436328218,0.06479637398560575,0.2530222491068858,1.12449532568207,0.026806647181339908
2014-09-29 23:00:00,DEHM_noBD,0.7051345704947359,2.3586479324315954,3.6202580525404495,2.381614017464733,4.210613783442062,4.226708806011493,3.053431805890055,0.07260516145151737,0.15495235323022571,0.8857280863563437,0.02624390456270681
2014-09-30 00:00:00,DEHM_noBD,0.6668172860364343,1.7742842877140874,3.668024276959403,2.511801177277608,4.614681355785571,4.229086836640823,3.618751363145489,0.07876902898166721,0.10796703236269287,0.8719555665469262,0.02631730066959434
2014-09-30 01:00:00,DEHM_noBD,0.6584933002649643,1.3769204808976454,3.499739408465456,2.6494465920896473,5.102027138145659,3.899060912496024,4.2758439616959745,0.08277303790007019,0.09052144124891016,0.7545218844662513,0.02694329044080374
2014-09-30 02:00:00,DEHM_noBD,1.2576799241455738,1.2721151387184624,3.4847488938814757,2.8787732398459065,5.293998019917459,4.280520628195619,4.5658691925836425,0.0846593962601897,0.08015118555898289,0.5133316249709714,0.027659349949221645
2014-09-30 03:00:00,DEHM_noBD,1.5187442570350504,1.197170761911948,3.692287062067101,3.3543122503733893,4.854781803117246,5.156268937140069,5.265981552428001,0.0876040706229046,0.07208076280937047,0.32630186701617314,0.02749137638455971
2014-09-30 04:00:00,DEHM_noBD,1.2489590133216069,1.1487646852992195,3.8166664709354263,3.6735442686371713,4.236951776857227,5.794340126965531,5.958879635868938,0.09055844624719969,0.06948551928488761,0.21774553243249112,0.028290385165632672
2014-09-30 05:00:00,DEHM_noBD,0.8324520487960411,1.4463985401968658,3.5716428035521393,4.1001915146596914,3.7272592881254103,6.082995916495063,6.283756431506994,0.0909980617584561,0.06632227251486131,0.16404878353080182,0.02992136756499802
2014-09-30 06:00:00,DEHM_noBD,0.4985133767747558,1.313212764964588,3.6597002494927264,4.318324862982644,3.617770380956791,5.581276409639866,5.850726161322221,0.09358484923792938,0.0578589134592271,0.11141925576209318,0.031401492789975186
2014-09-30 07:00:00,DEHM_noBD,0.279605534022732,0.9604801446947269,3.333985496365868,4.062389038639726,3.8176118312714253,4.510724364571414,5.239531590020601,0.09975342629837328,0.0514667400923533,0.09647789130408688,0.03872178041184194
2014-09-30 08:00:00,DEHM_noBD,0.17820231399308406,0.6678370849153026,2.304164071414264,3.734331153617499,3.8579949480612203,3.9990069653833284,4.686892764066614,0.09253586818060072,0.04706483243288605,0.0906395921452786,0.0475917524225182
2014-09-30 09:00:00,DEHM_noBD,0.1337058237565499,0.43521191749538807,1.4546979882380215,3.5421291177901453,3.7996966654820925,3.9481142924339507,4.215487466675998,0.08531032887629453,0.04348805689356743,0.08235704445239796,0.04454951201920727
2014-09-30 10:00:00,DEHM_noBD,0.12668283832762314,0.31763387217108213,1.063438837588386,3.5186736845521907,3.690800119619798,3.88349633839787,4.018271243291439,0.08402025830447843,0.04258886982385812,0.08037883216361096,0.03744471142195152
2014-09-30 11:00:00,DEHM_noBD,0.12261099259008992,0.2329168833516364,0.8266697551913067,3.4691158119833383,3.3596258569675403,3.7598090721807917,4.071141216113367,0.0798202433754304,0.04249450632289037,0.08008528295111289,0.038001375185163805
2014-09-30 12:00:00,DEHM_noBD,0.11568560234913766,0.19058701155300292,0.6571645900657509,3.4097190820740604,2.9070741374159694,3.7281695614210353,3.8955347407690795,0.07632810495179654,0.041910416035052155,0.07928010165668634,0.03824008822822933
2014-09-30 13:00:00,DEHM_noBD,0.10816127906259723,0.17475258489300607,0.582813591090635,3.3973503017378985,2.4516264479729255,3.364509340007517,3.725643661067739,0.072316976704207,0.0411329468312181,0.08086306189870159,0.03878613229186488
2014-09-30 14:00:00,DEHM_noBD,0.10390305851441738,0.16811932979740357,0.5363220986170498,3.293269482910846,2.1679864431043434,3.0654661358492996,3.53477603760048,0.06643129578909839,0.04002798760993732,0.0797260933123986,0.038470810975396466
2014-09-30 15:00:00,DEHM_noBD,0.10469288110757008,0.15496347580730174,0.506807464140247,3.057982204669817,1.9545674756825062,2.8687490902534973,3.385229869705152,0.06454205330774054,0.03683165686682704,0.07435314634970693,0.03684804289628591
2014-09-30 16:00:00,DEHM_noBD,0.10307332293799486,0.13932206269681163,0.43671246473053205,2.9289083138081393,1.8783635832702275,2.7759526377841195,3.267775319134886,0.06000502830423589,0.03434354797109027,0.059647251151111885,0.03564233565490143
2014-09-30 17:00:00,DEHM_noBD,0.10520901669444103,0.1502708997229511,0.48521406039000015,2.8262128829341955,1.8118485650915188,3.0060701797942913,3.3718970553496312,0.05434758038383394,0.03181541739808953,0.05825990539302222,0.034176900393167994
2014-09-30 18:00:00,DEHM_noBD,0.09714437521409057,0.30388760090016576,0.6284202937641915,3.4404461300053475,1.8439266325640493,3.588228318987739,3.8251922768957254,0.05190055660967772,0.028964233250353796,0.05780712466999535,0.03269031930108363
2014-09-30 19:00:00,DEHM_noBD,0.09359464309799129,0.44681231375287317,0.6745620995742603,4.161337909734513,1.9674777945815025,4.427708211266262,4.4627841951507685,0.050594205276609065,0.02678353941041278,0.050223190980417796,0.031875017888375046
2014-09-30 20:00:00,DEHM_noBD,0.10115084303641274,0.4237880275487611,0.62786198113259,4.87126928981056,2.0056819669568533,5.278285260090613,5.287819109417704,0.056974842133718666,0.026959569891125395,0.053193411093786044,0.03211695579276111
2014-09-30 21:00:00,DEHM_noBD,0.08542711496581139,0.5353836958905605,0.6507153827099725,5.543530755953206,2.0066257867406305,5.961100148160309,6.065031238102384,0.05770806880030459,0.027226924874970596,0.06014156920214089,0.032857832127351355
2014-09-30 22:00:00,DEHM_noBD,0.08345731686043313,0.6780891628470493,0.7847755738760833,5.658395843441942,2.0681243759869785,6.3978447181978115,6.779805947008217,0.05665529717062766,0.02709618650641169,0.0669774799877637,0.03328198138369594
2014-09-30 23:00:00,DEHM_noBD,0.07435913412280604,0.5613097609918035,0.9632907977476078,5.435341130747851,2.1902932998101416,6.575364377391071,6.908157053693945,0.054602263914739144,0.028424980480066808,0.057519372766649694,0.03399889986978161
2014-10-01 00:00:00,DEHM_noBD,0.07086898282979313,0.4139836391808115,1.371833011602764,5.722335635635488,2.3037625762340426,6.420794431074541,6.646325007091225,0.06059161815237941,0.030913181133142714,0.052387986635709274,0.03538466818916744
2014-10-01 01:00:00,DEHM_noBD,0.06865920967537073,0.3142600901951321,1.920695048578267,5.789667120032525,2.421336578998715,6.595930019584825,6.4206241594462,0.0812125838742032,0.03333745088759795,0.04949825059868943,0.0376570000212237
2014-10-01 02:00:00,DEHM_noBD,0.061963965051085465,0.45466472039479167,2.460115929045108,5.574699668211468,2.5966647583573312,6.630914793570168,6.283204061922852,0.1472695221110153,0.037715032340204534,0.04983755460190522,0.044292556125987224
2014-10-01 03:00:00,DEHM_noBD,0.06655454334219174,0.6846388622578161,3.217628587945331,5.3468140009725165,2.651625051563233,6.475065153748353,6.429317652627833,0.2324159718515629,0.03999086991420389,0.05038984405772345,0.06176606205741863
2014-10-01 04:00:00,DEHM_noBD,0.08133726695294821,0.8273172914236925,4.0147264634994135,5.345408389281803,2.558661617993116,6.460687448476452,6.542940981339749,0.32033061455408096,0.04529033569326539,0.05280027796529036,0.07038758926981115
2014-10-01 05:00:00,DEHM_noBD,0.081700471729015,0.8672423583520742,4.487570396143134,5.626981199499329,2.286057892920524,6.545258249573079,6.644770544066297,0.2977612864943593,0.05641415298592749,0.052194705526050524,0.07215472736969575
2014-10-01 06:00:00,DEHM_noBD,0.097692849621098,0.8568470809321693,4.609700911822699,5.449074706000505,2.1230127350333334,6.298437046813115,6.849544764399596,0.26876646829806256,0.060006676919662306,0.057455524717187054,0.0770122568934502
2014-10-01 07:00:00,DEHM_noBD,0.12038312715944656,0.8768601544377872,4.109932439662627,5.360354364375864,1.8889743819321692,5.172656786646629,6.235660881623923,0.27729157530918713,0.05796819729829894,0.06404798378261115,0.08293083653451863
2014-10-01 08:00:00,DEHM_noBD,0.19885789784278474,1.3533990785942192,3.3398503584578916,4.81876018320051,1.581863111142218,3.8578675603732746,5.399908240309353,0.31136579023377964,0.05633559723237052,0.07275975157446918,0.08876706044959826
2014-10-01 09:00:00,DEHM_noBD,0.306613840627094,1.8658674437872493,2.9406813853252,4.4050278364009,1.3376213005310298,3.040573050059625,4.913296229779702,0.39496869601909057,0.059051726495276465,0.10154297471297748,0.07957739914560673
2014-10-01 10:00:00,DEHM_noBD,0.42084886954911044,2.5317073103917687,2.757055189082209,4.378163839649874,1.1667538713978232,2.6722901809787536,4.680352163765166,0.5698831625527515,0.06271442242025269,0.12662874614792632,0.06656267475099173
2014-10-01 11:00:00,DEHM_noBD,0.628561602424581,3.0405624977398986,2.316947055034502,4.277497690191742,1.0652722617740928,2.4252950157901596,4.210263542936688,0.892422120374143,0.06537919883493548,0.15921759208743863,0.06286499554254212
2014-10-01 12:00:00,DEHM_noBD,0.8486504430476947,2.79119155974512,2.0005390033472006,3.965962687382684,1.0125750410763548,2.243322668896685,3.792449486115446,1.3403007688555308,0.0657710538530407,0.18227497594782954,0.06381512368201721
2014-10-01 13:00:00,DEHM_noBD,0.9875953551975316,2.4602439529118065,1.2745039475634774,3.6151322529180265,0.9491608810394256,2.2100173667709484,3.4632340829953745,1.6044635660995357,0.06384642291807331,0.230043865359766,0.06969792789541632
2014-10-01 14:00:00,DEHM_noBD,1.2061734011954122,2.3026911130161873,1.4083307824202254,3.2803321908487,0.9225546767308004,2.1577711020851216,3.215171425659273,1.7071133972002008,0.07201821385544009,0.44047020460671993,0.07326973810437189
2014-10-01 15:00:00,DEHM_noBD,1.4109976799140225,1.878712638912012,1.5797125458409405,2.9630977894456496,0.911525371041661,2.0314449916624384,3.0220670376244287,1.6930344788360596,0.08322025163884607,0.6206052154558197,0.0725694394524384
2014-10-01 16:00:00,DEHM_noBD,1.6057235426481142,1.6784274014759841,1.3957669156915486,2.696463261057705,0.9172305784439015,1.9844232385339735,2.8751971443617457,1.7258790246562565,0.09107400217555878,0.7847962734814551,0.07270533185137595
2014-10-01 17:00:00,DEHM_noBD,1.8777392713022756,1.7984398908398762,1.319079631986874,2.9313365594044507,0.9045483961412915,2.09376080614772,2.7908960101585922,1.6251909707986192,0.1000055203802701,1.0172293580875553,0.07108412135121615
2014-10-01 18:00:00,DEHM_noBD,2.2557920967252394,1.5734330624421358,1.4876783769842812,3.3831373635938364,1.0123537860573757,2.538983277725593,3.1959018137247996,1.2348618292381615,0.12682374562688456,1.3220249904601105,0.06988182587305387
2014-10-01 19:00:00,DEHM_noBD,2.5128459039336226,2.1088234981866387,1.7289730459281987,3.9167870129297664,1.4763645011927735,3.155841596827705,3.8869756928131083,1.0449700042676926,0.1698190617015496,1.6675437996626405,0.06918972483233321
2014-10-01 20:00:00,DEHM_noBD,2.941552990738701,2.3364217882041376,1.9315598090736072,4.39201741719491,1.91852374274784,3.689372732622152,4.673179410648141,1.07917522293292,0.27750439402829385,2.188790558430838,0.0681887677552796
2014-10-01 21:00:00,DEHM_noBD,3.1810609687439957,2.480726214164221,2.046613627917643,4.743676026446189,2.130734010306423,4.013112880300799,5.352192088315968,0.9914991190968454,0.5981479045710429,3.1003250591736196,0.07101281558520209
2014-10-01 22:00:00,DEHM_noBD,3.5912298966125036,2.407825583242632,1.9063407999156299,4.953955246534938,2.1531109821078225,4.156762473134924,5.823999386634814,0.8237078838741871,1.0354051294719997,4.025566517731212,0.07441598888553742
2014-10-01 23:00:00,DEHM_noBD,3.8221846164773545,2.453646009490419,1.6714263617269975,5.088623967128624,1.9357769375952332,4.247104532281179,5.939622572703991,0.5999502447237074,1.6761209363754657,4.743664413624122,0.07493750053377868
2014-10-02 00:00:00,DEHM_noBD,3.921080700860596,2.574474163114126,1.44774358103608,5.270994361662364,1.7792247176465672,4.321667897171631,5.786433455699739,0.32076458998934243,2.3550440701557505,4.606449516838594,0.07369063492427125
2014-10-02 01:00:00,DEHM_noBD,4.024825175944702,2.71115888755664,1.1924472733525517,5.67877707844192,1.7584380270673892,4.294821279587117,5.73873143457498,0.13581353043746425,2.781160451534316,4.227337991034407,0.07389992912014552
2014-10-02 02:00:00,DEHM_noBD,4.3113671856403535,2.5818501526427746,0.7966874752000563,6.2431755495862085,1.7393251721854694,4.04983204278742,6.002523699965846,0.07253552693167918,3.0443237717322265,4.275300085491808,0.07868174139733625
2014-10-02 03:00:00,DEHM_noBD,4.707533538027573,2.1697713708913944,0.3627655128448558,6.747621405713179,1.8262182130700815,3.8642619910115212,5.865685660929362,0.07268924750483577,3.213786236293986,4.739570723814173,0.08786286341369201
2014-10-02 04:00:00,DEHM_noBD,4.8537182565517725,1.7508203379745835,0.23035608809091518,7.144409323838645,2.0506179072053543,3.8345975380156214,5.508521399763522,0.07382104079090046,3.2330137005150323,5.395755234587369,0.10047246199954996
2014-10-02 05:00:00,DEHM_noBD,5.172817600159915,1.4122398128042417,0.1251808375802951,7.423570734403022,2.263022078012363,3.793644436683452,5.528091905665648,0.07026291222334365,3.085700970588997,6.037699598075822,0.12163787254968647
2014-10-02 06:00:00,DEHM_noBD,5.77711845162294,0.8783582640117009,0.09623332829936,7.151303346890614,2.370884057026631,3.648523736269334,5.287076311726109,0.07275145666635116,2.8950566537321363,6.177803074513749,0.14721769171179722
2014-10-02 07:00:00,DEHM_noBD,5.699923132933723,0.46234719986253064,0.08886095232505409,5.406384749701218,2.3257973055923076,3.291304073936818,4.936647836318643,0.07039690343435608,2.3474016653761267,6.098461121151886,0.19693542445243786
2014-10-02 08:00:00,DEHM_noBD,4.965793354444506,0.253956888471809,0.08421761405665307,4.5589535207288945,2.2183293153223302,2.928433068838034,4.6467221714110725,0.06588148496399851,1.8832636117861792,6.163887549510095,0.2757623459832078
2014-10-02 09:00:00,DEHM_noBD,4.0632872698178115,0.11234679849546074,0.07930490961978197,4.498302313662387,1.9877694060758593,2.715313312012171,4.5030566743762,0.06234622358715027,1.7981993671286478,6.0961057009806305,0.35301951174194574
2014-10-02 10:00:00,DEHM_noBD,3.11943785195501,0.08104429071209562,0.07711170058616423,4.402922156466555,1.758895572009261,2.5559193035883365,4.6651017554414835,0.06054329903709773,1.6190122322630045,6.133215165295772,0.40852383609481735
2014-10-02 11:00:00,DEHM_noBD,2.266422640248568,0.07983173175750054,0.08320489774912815,3.7951526721127573,1.7627164965345896,2.385665897376351,4.5158003672460545,0.05967391909067081,1.3563802758606034,5.737012114939386,0.4241066099390937
2014-10-02 12:00:00,DEHM_noBD,1.645019164212584,0.07949620725222041,0.08766149248607212,4.1427632708284055,1.8930679502853591,2.129169615117015,4.322585443867091,0.05904855444604995,1.041043893304118,5.164517917930037,0.3700335226510642
2014-10-02 13:00:00,DEHM_noBD,1.02607191314332,0.08308373260147507,0.08678146183511085,3.822667353402203,1.8962626986445814,1.8639713213530569,4.191702721482904,0.05828823441412113,0.7505289711112808,4.661243695183998,0.32984973384405825
2014-10-02 14:00:00,DEHM_noBD,0.6019509408237528,0.07946662447529658,0.08999903184091462,3.211110105580569,1.8823318375546276,1.7415725669530233,3.824121622074265,0.05781760467129466,0.5570616768894809,4.146350783742021,0.28718736560272373
2014-10-02 15:00:00,DEHM_noBD,0.3595897388757934,0.08242772419917149,0.09196061260450555,2.589272394310389,1.8096187085130508,1.785496232406666,3.4785222020334152,0.05666840318420186,0.43232333586243554,3.6793481265340073,0.28623906820718065
2014-10-02 16:00:00,DEHM_noBD,0.26519318233424793,0.0914825100338244,0.09311678776223543,2.573544555237751,1.6942486538499049,2.0419810842750254,3.5816526432789777,0.05940435306133947,0.39080190263993997,3.6938581943974373,0.29032439092016765
2014-10-02 17:00:00,DEHM_noBD,0.22279922085794387,0.2369489686320712,0.14500199385701312,2.868869711978645,1.6229715463711256,2.4336881120208798,3.8768185223450113,0.06437178114866235,0.40596423118870917,3.9096418907624857,0.2943967671480804
2014-10-02 18:00:00,DEHM_noBD,0.19850044168056036,0.41457546423335345,0.24739143850700201,3.1697635282932803,1.5738444503224527,2.6148264455761048,4.081701030036525,0.07138691053964544,0.4380967091320362,3.6915688484233993,0.29648685181746315
2014-10-02 19:00:00,DEHM_noBD,0.18435041063398866,0.5655076029382063,0.34441782326367526,3.6989546041055146,1.541518629002004,2.7747774444160527,4.344183698213608,0.07691431627876835,0.45762356721670355,3.2098713885160817,0.29884144156755293
2014-10-02 20:00:00,DEHM_noBD,0.17472289455772486,0.6898344679186997,0.413068226854193,4.319226047971658,1.6177284324983314,3.0354548950189786,4.622509762963334,0.07764341821717567,0.49744623553709116,2.692841345878872,0.30406155079930675
2014-10-02 21:00:00,DEHM_noBD,0.17934120724399089,0.818511503704782,0.5325757739800829,4.962362898050645,1.8745417770097306,3.461831933929627,4.989421816132591,0.07524920585136002,0.5255819238132051,2.331387710484462,0.3154462279674844
2014-10-02 22:00:00,DEHM_noBD,0.2523674803117387,0.9094505053278106,0.7090791803679698,5.633759001155158,2.2660604952634174,3.9977239070850317,5.48210147327392,0.07175611850485655,0.5450912335794791,2.091625037619942,0.34327472220572897
2014-10-02 23:00:00,DEHM_noBD,0.3673602924674992,0.9838084740438724,0.9122381101151974,6.2351468280502385,2.79588671601054,4.504800374689305,6.04830095419207,0.06891063111354823,0.5406953852069376,1.968765079721091,0.39623824296593424
2014-10-03 00:00:00,DEHM_noBD,0.6000405183059448,1.0357815820870457,1.0913587078498717,6.692179926372505,3.283158370723062,4.589862615948913,6.678055809891382,0.06846300736570732,0.4875558684574439,1.8821176060743814,0.4772714114984671
2014-10-03 01:00:00,DEHM_noBD,1.0168491397010528,1.0450008357228426,1.2387476940243265,7.017253231108519,3.578747153161133,4.552686011611742,6.837058574714076,0.07244251394939259,0.3628762929553538,1.8832317017108202,0.5701191943239365
2014-10-03 02:00:00,DEHM_noBD,1.2895137629417377,1.1137645476184694,1.290178615530772,7.192169563099485,3.638837097801505,4.51781259707381,6.660950155147458,0.07673805775256844,0.3093643135967104,1.9248965643006564,0.6456298963089864
2014-10-03 03:00:00,DEHM_noBD,1.3317945690563044,1.3478104270595455,1.3504400960973013,7.267972307873983,3.633848461600053,4.464601843777393,6.454148285764272,0.07716136489695657,0.3335962804108857,1.951257906949371,0.7028353143186914
2014-10-03 04:00:00,DEHM_noBD,1.1281640952648595,1.5846757206629905,1.8604552612024439,7.203473393794308,3.687250990105793,4.414136199534682,6.146197172428973,0.07771131407134395,0.36416274141199884,2.0144133167623357,0.7456059156916569
2014-10-03 05:00:00,DEHM_noBD,1.22437201310724,1.848796249656698,2.2947063346488337,6.512115252219044,3.7825606545222876,4.45693008011845,5.889604772459798,0.07766881504152583,0.4025455401762574,2.1544817748536356,0.7640401824587211
2014-10-03 06:00:00,DEHM_noBD,1.2853387663834914,2.295607212005174,2.454991698660049,5.366958015337238,4.044676034925459,4.371319495086458,5.575441609342299,0.08451831511224138,0.4042574427727236,2.3258059176480677,0.7841499544054897
2014-10-03 07:00:00,DEHM_noBD,1.2746432266310601,2.0616844173980673,2.399370898241885,4.142864933503387,4.370429487469057,4.1673937851679375,5.56060210512149,0.1741715216283871,0.3638342842247709,2.366173182199169,0.8177313292989834
2014-10-03 08:00:00,DEHM_noBD,1.2345769296172353,1.746083741243606,2.116782694358599,3.6833561342969094,4.629353324973843,4.495599307914697,5.5413040988507625,0.3566147154556726,0.33218497254140666,2.1053959621810354,0.890340612733505
2014-10-03 09:00:00,DEHM_noBD,0.9826769934033555,2.4404175690430425,2.005746709234837,4.112472824655734,4.908459330058498,4.800886393987666,5.298922519252045,0.5746971194597146,0.32553815529193714,1.5458390195277845,0.9591276168483809
2014-10-03 10:00:00,DEHM_noBD,0.7658571986918687,3.305729900538217,1.894566217570107,4.769010180152254,5.053443563943677,5.199906243589326,4.932010433481304,0.8445159417298995,0.35223132554001163,1.1734742603415158,0.9665780837974534
2014-10-03 11:00:00,DEHM_noBD,1.0167821582442147,4.002295300571597,1.6285417378701887,5.415609305984639,5.725340518510409,5.9855173408929865,5.308105632943725,0.9168360567189753,0.3889642075887496,1.1324203212736768,0.8958520538778416
2014-10-03 12:00:00,DEHM_noBD,2.123312147062827,4.073622792669502,1.389970427396538,5.332592364176016,6.581500942116537,6.389607264929602,5.9796268457996495,0.9406890943224169,0.4337652982909558,2.0712044817734543,0.7546176916319149
2014-10-03 13:00:00,DEHM_noBD,3.81815002514992,4.034627439165633,1.4937578749494593,4.411847530834289,6.469322335820202,6.076008881423385,5.879262427440869,0.9920067265404762,0.6186236031002481,4.128820138801586,0.575099585323152
2014-10-03 14:00:00,DEHM_noBD,5.682479390182286,3.55954436995857,1.7507632588741235,4.160397323296836,5.53879710791861,5.834384406580359,4.774930110613585,1.0177584801813215,0.6336770821792393,6.236287532156601,0.4349781263722933
2014-10-03 15:00:00,DEHM_noBD,6.664663340262905,3.7036071732660343,2.2923566613576267,3.732049331342903,4.523054081480854,5.908673326661814,4.109321637953371,0.8923819921792299,0.49510274376275154,7.895902227292993,0.32929274254985497
2014-10-03 16:00:00,DEHM_noBD,6.569765306135398,4.509795701901805,2.92105439008724,4.810407961536621,4.385079616149049,6.299604984929959,4.9191181389781455,0.7635188514541088,0.5121608565503635,8.456163144681305,0.26458546409186195
2014-10-03 17:00:00,DEHM_noBD,5.844352602806742,5.093529032644644,3.3786551039814325,5.440335071416482,5.112367000101354,6.422526027555226,5.695848386213808,0.6673858809068798,0.8857009701358745,7.866270978852622,0.2222061266687254
2014-10-03 18:00:00,DEHM_noBD,5.650611264075598,6.824276428980649,4.295206091873663,5.618602927831362,6.128661794474756,6.395688289536463,6.351241860731854,0.6165323261126875,2.1352369483827762,6.941519844598845,0.18710607858122308
2014-10-03 19:00:00,DEHM_noBD,5.615413461402148,7.92164462109356,6.296555602282465,5.58466510622072,7.0525215330465185,6.497675536796585,7.225828854289916,0.6221728342223167,4.32126369911897,6.169372798289358,0.17817466065180013
2014-10-03 20:00:00,DEHM_noBD,5.375278220609571,8.02454158489662,7.947847708007461,5.340506957231658,7.570410868266132,7.192119343805299,7.691568894189845,0.6437818818193675,6.240398313670009,5.629486989127995,0.17912954325297603
2014-10-03 21:00:00,DEHM_noBD,5.128118255970238,9.63267779216202,8.337581544475606,5.410929279477246,7.849355460411198,7.816745695941264,7.747491511326974,0.7353560806506871,6.969659731478245,5.1810524695971605,0.18515162186519926
2014-10-03 22:00:00,DEHM_noBD,4.765980925805737,10.111100681322814,9.426878830637506,5.966899391085929,8.338418495769288,8.033256468069677,7.672448491418423,0.8602254450340568,6.984524068747759,4.421501093409285,0.2036667892762412
2014-10-03 23:00:00,DEHM_noBD,4.141137347019687,9.52190786451649,12.259512140849075,6.156537310275071,9.03482280447344,8.107655208863989,8.079166705331238,1.1302021643364428,7.1283247782817485,4.1446989064429705,0.21799984243844617
2014-10-04 00:00:00,DEHM_noBD,3.898866049770266,8.314927051253692,13.470990669202378,5.961769526449497,9.220632261381914,7.924842427698324,8.361878022242001,1.5427333850303293,6.699555134380461,4.222864392799885,0.23170135417669077
2014-10-04 01:00:00,DEHM_noBD,4.060906493869498,7.605474937714153,13.058050504755602,5.581423460869953,9.0983979942752,7.501783081666497,8.15395931629977,1.9883823759897798,5.689138773960471,4.459021111405045,0.24392837861064343
2014-10-04 02:00:00,DEHM_noBD,4.242589126849472,6.9659513682000345,11.82247805768274,5.282738162522435,9.320391281107531,7.4904954178719345,7.7027016687319,2.400961167552732,4.988273689564168,4.5621690162237,0.26819709754640697
2014-10-04 03:00:00,DEHM_noBD,4.288217332310602,5.872402922175954,10.449141934558629,5.014378399156545,10.095070351886962,7.323462421398727,7.242834712698838,2.9270551456078517,4.585970156287551,4.408390807562918,0.30317959649579596
2014-10-04 04:00:00,DEHM_noBD,4.2453363758126645,4.883212032440677,8.928228325724993,4.745657988686267,10.408693520573088,7.013054444239459,6.7709928890070135,4.072603274889159,4.108142570458576,4.056124458498359,0.35252297288909545
2014-10-04 05:00:00,DEHM_noBD,4.054314507624284,4.37520639072685,7.654168405114487,4.579442347423196,9.627245827181161,6.775509590949605,6.245436593166605,5.671981885244753,3.723327830475457,3.7001730282962324,0.40163658060540897
2014-10-04 06:00:00,DEHM_noBD,3.6161299574151635,4.254441654351223,6.7744967861195935,4.364928834003594,8.740747679494117,6.474699848496441,5.61822173800734,7.637487293990292,3.5170670746707917,3.3507560699294507,0.4535039904268132
2014-10-04 07:00:00,DEHM_noBD,3.0568988334533564,3.8031652377561347,6.1772911586366615,4.111537583147178,7.8415056111540125,5.970464541185236,4.983878305092329,9.142184093431123,3.4220448302453756,3.068723213765323,0.5122438900596975
2014-10-04 08:00:00,DEHM_noBD,2.6463002891562275,3.036847891979929,5.580728899094163,3.6704184160508984,6.920049860383091,5.512069290177375,4.599450372081826,9.450489623044767,3.201292151729241,2.8883284492349626,0.5741514076977687
2014-10-04 09:00:00,DEHM_noBD,2.6919361647748246,2.499627062639231,4.520512195216527,3.4293890972645267,6.1920713779935435,5.418435763149598,4.4011052882264705,9.450353052556123,2.843546648781337,2.93274280068744,0.6595415760981256
2014-10-04 10:00:00,DEHM_noBD,2.9719884528146454,2.0452987601842914,3.407900768452477,3.2805501127883545,5.699444854052685,5.377432263663435,4.271405988701373,8.0543447682127,2.4901001391284074,3.3801442739529532,0.7911797858136194
2014-10-04 11:00:00,DEHM_noBD,3.2455169025351154,1.8167500064203888,3.053669558149442,3.135943840244031,5.050894102122491,5.170178474763013,4.153081515506229,5.995991856779605,2.0988297985024285,3.865559734912282,0.9612223739854724
2014-10-04 12:00:00,DEHM_noBD,3.4341133487236544,1.688462525445828,3.1948623750337677,2.9583351520961156,4.288268489467943,4.603592524892843,4.070447999190287,4.845659456784278,1.8413874917238813,4.018025463361814,1.1438437780953292
2014-10-04 13:00:00,DEHM_noBD,3.0162670557388687,1.5731781186392717,3.4949868171331704,2.630571555713755,3.730861076652651,4.17765233910297,3.7460070977479862,3.769222559669316,1.6357497588697032,3.5740926808886324,1.2087466909273399
2014-10-04 14:00:00,DEHM_noBD,2.3006282920598053,1.5401844245569989,3.5310188663702835,2.327703038743508,3.122254813991413,3.5609375004775115,3.4715181591082307,2.787454495528713,1.56878794267021,3.0519311223857923,1.1689980413304855
2014-10-04 15:00:00,DEHM_noBD,1.8519596446813806,1.530651607968346,3.3198473784785625,2.1634294424606058,2.7706737815166327,3.2572823689159076,3.119653784133014,2.106359790969193,1.6104388908150187,2.784263335485784,1.1800871863859994
2014-10-04 16:00:00,DEHM_noBD,1.7284986873474573,1.6407842503861465,2.935866734454968,2.3051583199109373,2.823060998446072,3.4983901843924814,3.3543411255766644,1.5073585055642948,1.4672815915013415,2.750140418411385,1.4036224437998022
2014-10-04 17:00:00,DEHM_noBD,1.7431456436362653,1.7872019428183998,2.559089088820721,2.459342105861719,3.4159775744305203,3.770592427388498,3.4221753005258773,1.3513743332704715,1.4712416149932266,3.094606905151733,1.5871637276051995
2014-10-04 18:00:00,DEHM_noBD,1.8280987382177647,1.8459456498270632,2.307302154764289,2.4741191061371337,3.995840272172035,4.011574644350176,3.5644601693621487,1.4145567087278144,1.903622493554778,3.116150007401156,1.7390574763268347
2014-10-04 19:00:00,DEHM_noBD,1.850792655126705,1.9320963424150528,2.459034640799075,2.330891546123107,4.764539075280712,4.156157692487404,3.834705697972985,1.5815506367463246,2.6790047349985997,2.743944121085571,1.868775306771389
2014-10-04 20:00:00,DEHM_noBD,1.5949486886630446,1.954165268303027,2.4042978231302663,2.4601896195148987,2.8713132500383534,4.46398722314155,3.7533925338470837,1.759200928783603,3.047607535207032,2.7744835591267702,1.9374788007730643
2014-10-04 21:00:00,DEHM_noBD,1.4561235927780032,1.90264060260702,2.322545543504953,2.747757143764674,0.8279023099584504,5.284553387305056,3.9187206144356765,1.9162976159982383,2.943940782640093,2.8440497931581694,1.9663703837787454
2014-10-04 22:00:00,DEHM_noBD,1.455464026263943,1.7513929629868223,2.2869797872386126,3.400460641985226,0.32591083447624913,4.41864330337336,4.615513266306585,1.9870516177875548,2.873904011628046,2.5468421077910355,1.9350929877089893
2014-10-04 23:00:00,DEHM_noBD,1.4649689195215823,1.6456073024618143,2.1875535096952268,4.280820187542889,0.1273039485412648,1.8840378310562298,5.8078248020002015,1.9651948584649712,3.018707658288904,1.9216514252603654,1.8400553292350472
2014-10-05 00:00:00,DEHM_noBD,1.5927125398451567,1.726769597391921,2.070232066299326,5.359644487596,0.07967469859232645,0.49927099806040054,7.061063483477646,1.9433083839530871,3.0972593266757698,1.5884541948704645,1.6845825141659754
2014-10-05 01:00:00,DEHM_noBD,1.8543361857507594,1.9225350194545063,2.010153435724301,6.899618037372025,0.09028737148895846,0.20716248936282228,5.619348185206801,1.965727201457061,2.781425390016423,1.540142060943291,1.6007822259061038
2014-10-05 02:00:00,DEHM_noBD,2.213348242341339,2.0060136150010264,2.0582891276494473,7.349321553375245,0.1359471721560903,0.12661105734175732,3.68137107191436,2.0219825191370395,2.2975375959864994,1.6765441888186439,1.6237675361008197
2014-10-05 03:00:00,DEHM_noBD,2.6649945823213197,1.9993551525583164,2.1487911701308073,5.921249884025336,0.19337907156648104,0.14160255093461943,1.992384669677728,1.9106728796969354,1.9192679006889073,2.007352455234105,1.6562623569423705
2014-10-05 04:00:00,DEHM_noBD,3.093705216981556,2.0452216742428515,2.2386620755768005,3.7567419597735507,0.20954884617760766,0.17420010798567173,0.8140953790193228,1.7610065434597806,1.7272794513066452,2.506939630965972,1.676561237063706
2014-10-05 05:00:00,DEHM_noBD,3.37530354054674,2.174116326726389,2.3240354692344507,1.7529241811596876,0.19340045089031094,0.2160452611610679,0.4291851145936393,1.7604427395596915,1.6469999471990253,3.013198751988626,1.6560289495334028
2014-10-05 06:00:00,DEHM_noBD,3.4325585407068164,2.2776794447307687,2.4945634593937136,0.7137582319705231,0.18873970976101684,0.28128084980596413,0.50347015041798,1.8588696481312441,1.4918523611597903,3.21961079624856,1.4663107715871557
2014-10-05 07:00:00,DEHM_noBD,3.3424484998277992,2.176095700520141,2.9991786853672138,0.4852359346321643,0.15795437779368576,0.19474985789059351,0.46302686187813624,1.844594943472892,1.4302684542787447,3.1291991446735685,1.2354193684065342
2014-10-05 08:00:00,DEHM_noBD,2.9979421582983465,1.956426856704777,3.4642686896767136,0.4429585898070919,0.11284683642098424,0.0728421583698581,0.29560760897796473,1.798421251385808,1.3652202010188996,2.7982110178622883,1.0286622833598775
2014-10-05 09:00:00,DEHM_noBD,2.6655383703411815,1.880838895001875,3.540766643574556,0.3285000831546473,0.09812011480340264,0.06553361059577958,0.1763077815203425,1.8216125892495363,1.2556282887146808,2.385478552758959,0.8496552656410261
2014-10-05 10:00:00,DEHM_noBD,2.4227327785241046,1.8722394930618256,3.3139956052115735,0.3466830022343842,0.10661437214280468,0.08132290481303245,0.1506727798918233,1.868882957757488,1.1187616277809593,2.1007494901584463,0.7130329889542981
2014-10-05 11:00:00,DEHM_noBD,2.2416002735201084,1.8305151260836423,2.9036838427181686,0.5032681532332589,0.1188889103851373,0.09295695081234125,0.20867606884747578,1.868540808767192,0.9888316368475207,1.896248835935611,0.6079424968880228
2014-10-05 12:00:00,DEHM_noBD,2.1243609794879426,1.7043357530141252,2.465756835753229,0.7509436092295839,0.12195428634215601,0.14147761266205336,0.2861831504744171,1.8275907132524996,0.8945933048804942,1.7524795463695284,0.5184635794237441
2014-10-05 13:00:00,DEHM_noBD,1.9928131992834528,1.4377934566280082,2.021850663171609,1.1860715763471992,0.13927203258348614,0.15305990873350403,0.42065957677519905,1.7492933962064983,0.8566576855297123,1.6296427553508055,0.4325637808854505
2014-10-05 14:00:00,DEHM_noBD,1.9150940706428372,1.2794524953450774,1.871472550710978,1.237611092785202,0.13047603714591108,0.2006718951184032,0.5781090640794808,1.7508646877411753,0.8491099081653584,1.5573972732535375,0.368873848382905
2014-10-05 15:00:00,DEHM_noBD,1.8194591388108536,1.2938996289347549,1.7831213777224089,1.2261589284736654,0.1176594396296235,0.26719767320399357,0.667413258048166,1.8417349619251862,0.8402789908253232,1.469954340480241,0.3150281547977215
2014-10-05 16:00:00,DEHM_noBD,1.8354348036090387,1.6508219471267007,2.033660853137089,0.9959415579860089,0.13571984714699206,0.2403607412599204,0.6791959444310426,2.0335146333038803,0.7437137610492717,1.3064614376352106,0.2766300527234002
2014-10-05 17:00:00,DEHM_noBD,1.838824742678618,2.05564293813105,2.5262796468886926,0.6995313176905547,0.1905385864262677,0.3134471123031341,0.6783935351163632,2.0353935562907157,0.6951230827633036,1.2188736448667763,0.24742802781103165
2014-10-05 18:00:00,DEHM_noBD,1.649748045958245,2.2050781031046935,2.6775639464823673,0.8119919711020973,0.29325642440623817,0.44831561819059873,0.7402709891061743,1.9829583016508816,0.6520651440876861,1.2757017418270507,0.21944702729187893
2014-10-05 19:00:00,DEHM_noBD,1.4678149505212088,2.2351598982326366,2.4783605406458404,1.0058838352328998,0.33209744551384224,0.5712313783653689,0.8075005604439425,1.7914103743949534,0.6543666985833394,1.368977190042382,0.19726320813026266
2014-10-05 20:00:00,DEHM_noBD,1.5108922436011925,2.321933857816224,2.6166705232791436,1.3833058577425492,0.4048172534258616,0.7586743470081739,1.1041972145973808,1.4369794020780176,0.7467447799154641,1.4623823241102,0.181364622213207
2014-10-05 21:00:00,DEHM_noBD,1.5203670057552099,2.307390606535586,2.5882672892150986,2.3466840037419194,0.5155111591764713,1.0145693125823156,1.594054245857229,1.1325481754663864,0.9651421553614469,1.5542588612774728,0.177349976987047
2014-10-05 22:00:00,DEHM_noBD,1.5164246343364618,2.171757483031559,2.519520638796818,4.4144527147734065,0.6414741698917287,1.326157624021145,2.4678217471926076,0.8596071129862939,1.1812724529920744,1.7547932408603881,0.18603831028441883
2014-10-05 23:00:00,DEHM_noBD,1.5606355105457237,1.9754630377117353,2.42773021349444,6.2362841035489565,0.8364526596306409,1.7507304922234361,4.244757309531819,0.7210518536244863,1.4066244658854117,2.0038964917433075,0.20500137123481357
2014-10-06 00:00:00,DEHM_noBD,1.6311121500104522,1.7799805537502063,2.3641131472572607,7.375890083708476,1.1815661781673747,2.417506421236505,5.718462196565226,0.7405000290663353,1.6426224523805824,2.094220816209174,0.2220913136474601
2014-10-06 01:00:00,DEHM_noBD,1.7422478667452075,1.666204452221487,2.2913157112412557,7.342652965516727,1.7024554714617204,3.564463161885314,7.222870550691753,0.8877892765309212,1.69849851954259,2.0233243261935376,0.23068708201618848
2014-10-06 02:00:00,DEHM_noBD,1.8415537145979615,1.6741885639647234,2.263442394752775,6.084323640125091,2.8257282865837805,5.434051550131386,8.402831169120455,1.1995363026581944,1.5463334469195085,1.9972844491583484,0.2363303391184285
2014-10-06 03:00:00,DEHM_noBD,1.8881471958085538,1.7674953678342766,2.3501992336087705,5.390965107748615,4.608674918239177,7.519412223204556,7.894918258153866,1.481859110332264,1.2970421791458875,2.0417608479795795,0.24445682611492445
2014-10-06 04:00:00,DEHM_noBD,1.8624105760152145,1.833050051028967,2.5694703380796953,4.7248513971820945,6.533316851696967,9.14974980891637,6.377380997696431,1.6432841845685988,1.0596110607948388,2.1218794193695483,0.24987261819709075
2014-10-06 05:00:00,DEHM_noBD,1.867787165807457,1.9144953265697793,2.883370332778914,4.190410888382486,8.430217151658683,9.145273494974635,5.6576892709527025,1.7073520119404424,0.8974007148614151,2.1257776541686524,0.2475132239371909
2014-10-06 06:00:00,DEHM_noBD,1.9696799738600161,2.0102586912950695,3.2325682857380027,4.310097761082296,9.559985166150236,8.250491935551578,5.047842610475002,1.6807638727757335,0.738534534179815,1.7415259829244434,0.24428547180494284
2014-10-06 07:00:00,DEHM_noBD,2.057057649473684,1.9287030271232837,3.5173187083562527,4.550118790061977,9.037515665105765,7.687083095199238,4.745051417542091,1.5127775208675673,0.5824690820456225,1.2236806752084264,0.23948203546626476
2014-10-06 08:00:00,DEHM_noBD,1.8380090926149344,1.8611665688514707,3.6472824501201684,4.572967877258307,8.33447108370732,7.289004401374066,4.838803770706197,1.212500117916791,0.4868413583107245,0.910923379182578,0.2323408267598412
2014-10-06 09:00:00,DEHM_noBD,1.3660558823714395,1.7017443599597448,3.3715701100095266,4.502116116600471,7.04396926020613,6.133720291432347,4.8465476764354625,0.9874485507687181,0.37412377683944287,0.7457667818298772,0.2216016450064814
2014-10-06 10:00:00,DEHM_noBD,1.046309026267362,1.7624734207136334,2.8831528138087785,4.242606815211204,4.679904947066344,4.147860179095676,4.802100904892147,0.8447541827623453,0.2741404927089192,0.7284722852808864,0.21504722927047862
2014-10-06 11:00:00,DEHM_noBD,0.8705249836260638,1.7204682928955657,2.4599403457870683,4.190126469763422,3.0136597605263247,2.982914421267679,4.515678992268559,0.6688797995322011,0.22587489007252945,0.654294627185432,0.21991306818326917
2014-10-06 12:00:00,DEHM_noBD,0.7577594722918455,1.5543143574612854,1.9923715466573813,4.1056454877397845,2.229597075572735,2.0372978696992137,4.158005962307573,0.529580148057863,0.2067445255210792,0.6053739867156089,0.22450765012247478
2014-10-06 13:00:00,DEHM_noBD,0.6520531940621643,1.288237788417572,1.6788583431125015,4.105139347620711,2.019322215125458,1.5302448598177951,3.798547833033363,0.3627866671525685,0.20693913059781877,0.6445177212949349,0.22550193619952524
2014-10-06 14:00:00,DEHM_noBD,0.6106757012699384,1.066553641965469,1.5316767641699056,4.071188746382141,1.6787522564841146,1.3130087142666846,3.1893331858133305,0.2587272895384438,0.2169034500912524,0.6587468221363757,0.22458973763217208
2014-10-06 15:00:00,DEHM_noBD,0.6127507210385258,0.9136703343397632,1.499612883690888,3.706534514304095,1.3770012351445458,1.2126547131604903,3.5810949384926545,0.17899079768382115,0.23393170268782815,0.6576491210934611,0.22018324008042556
2014-10-06 16:00:00,DEHM_noBD,0.6336490301035431,0.6535462700747441,1.3446952037150557,3.212260018421867,1.119897056493766,1.228795752143509,4.362262788863502,0.14708924706353216,0.23788246576953603,0.6827719909417822,0.21208222578706676
2014-10-06 17:00:00,DEHM_noBD,0.6732981569386773,0.5069784154335144,1.1882433834885342,3.030410110644098,1.0545988884066955,1.3232410545181734,4.572381773572688,0.14719386765429096,0.2844763723382222,0.6698943669603941,0.20555812860620198
2014-10-06 18:00:00,DEHM_noBD,0.6586486808104532,0.5357016521645666,1.0438722881190032,2.750848002478087,1.1615035505670857,1.4626475890314854,4.271979222694258,0.16265475867600515,0.35190615225210886,0.5963818493911988,0.2006823171562514
2014-10-06 19:00:00,DEHM_noBD,0.574890594390541,0.611983450535876,0.9440195379668449,2.5129579913869753,1.3385753611200375,1.5870107828949143,3.9806482155279985,0.1906362315639171,0.4100608535690533,0.5270784856440602,0.1987820221205649
2014-10-06 20:00:00,DEHM_noBD,0.5047061846744699,0.6427303355252032,0.9130633024890158,2.393162264246583,1.5076558941832032,1.6398563707972158,3.774004994814767,0.22561576280964069,0.5162470728624298,0.450161092760178,0.2054426902474554
2014-10-06 21:00:00,DEHM_noBD,0.503433274599103,0.6126064954213297,0.9774174956941678,2.275996247339969,1.5147171794228407,1.857351807518834,3.4346172903008423,0.2813115610513708,0.5270789134287647,0.3532119231623829,0.2226725960330523
2014-10-06 22:00:00,DEHM_noBD,0.6935886715077969,0.5878518505535315,1.0644513706838175,2.3056616995138297,1.3730965627919929,2.55046247061428,3.0745969215112225,0.3730970378338288,0.4713275989108672,0.4979249122464051,0.24879426422827866
2014-10-06 23:00:00,DEHM_noBD,1.2822413261828403,0.6588932054265617,1.1676368027124007,2.2966919342522503,1.524463030434146,3.008653326794235,2.8800338270158843,0.4397615997124159,0.4373712568479893,0.9322653578593156,0.2777441303579344
2014-10-07 00:00:00,DEHM_noBD,1.756907010236891,0.9294138300999091,1.3599592932378552,2.147010889527301,1.8928458733232505,2.4734989095622035,2.800329660587843,0.4502404290723334,0.4543893684955347,1.3683277439965182,0.29922877112693835
2014-10-07 01:00:00,DEHM_noBD,1.8811694553785008,1.361414462610029,1.6858493143909419,1.3313673847380183,1.1788157754966617,1.923076522563146,2.671498535343287,0.4118432711745891,0.45655123360764105,1.635682968320643,0.30745682479814845
2014-10-07 02:00:00,DEHM_noBD,1.9291969879703306,1.6351227971903757,2.035182121778673,0.5010986640185923,0.7630764670670265,1.5139485985826375,1.7375638162092035,0.38587909955117844,0.40468308436621847,1.7002763460250114,0.31118775022712986
2014-10-07 03:00:00,DEHM_noBD,2.13156213544164,1.7613073527684306,2.2985433854561963,0.19514392197902367,0.5873189624860462,0.9575877660601745,0.6811029144030307,0.3776548919704135,0.3558206617203179,1.7743089613605045,0.32469334416060813
2014-10-07 04:00:00,DEHM_noBD,2.4213514706468233,1.9681290793674104,2.4648393100358996,0.1208315751764358,0.614074598530645,0.4614795419587601,0.26585603070936625,0.36891462823639615,0.4037060055465559,2.006942894685147,0.355952245543407
2014-10-07 05:00:00,DEHM_noBD,2.3790473358938864,2.290713055759362,2.658606496812795,0.09860868129807394,0.7390279097114711,0.44007137138042013,0.16719295855834282,0.3666234217378309,0.5582028813225449,2.1841815142053367,0.38180708515150863
2014-10-07 06:00:00,DEHM_noBD,2.240160984995719,2.4284962034633244,2.9078194793533254,0.09745123477635254,0.7870191357892518,0.49954768444196257,0.17894253365298574,0.35596950028232754,0.7205594656237054,2.1701175409772246,0.39595860184276815
2014-10-07 07:00:00,DEHM_noBD,2.2562132083803044,2.2645271034501495,2.736593843876431,0.136386544816394,0.7646985987235908,0.5292088742604684,0.21261696812620062,0.34690717229811463,0.8955791603533855,2.1707501503300666,0.4146584440322777
2014-10-07 08:00:00,DEHM_noBD,2.332886068658978,2.156230330086574,2.522200610980466,0.22177784111889848,0.7359069010354786,0.5531077820039351,0.3126742313950537,0.39449053616981944,1.112605462813431,2.1635133127467334,0.38979947394820613
2014-10-07 09:00:00,DEHM_noBD,2.3747207272808257,2.1745733648598566,2.1661919929226676,0.2801682569067453,0.7234989009209651,0.5849038168292306,0.41726558402370484,0.5330142322863405,1.1779441228098235,2.2249139633493122,0.3481251533943379
2014-10-07 10:00:00,DEHM_noBD,2.2366951036137026,1.9859430396053193,1.6586275473666845,0.2816631551493532,0.7355622869061842,0.5840954286504421,0.4385097252634487,0.6728718098578041,1.2335490965515001,2.2087871761118625,0.35748634991622974
2014-10-07 11:00:00,DEHM_noBD,2.017036496670507,1.5190413659858333,1.5388809423809777,0.25126751939123104,0.6667677598248654,0.5582998701544326,0.34404939799443807,0.7428973524927533,1.2965817382792757,2.1353839048741756,0.46464430195884643
2014-10-07 12:00:00,DEHM_noBD,1.873919142045155,1.390980032768324,1.5709654036017484,0.2022491809991723,0.45867908054891043,0.5721095763770634,0.29678264502138363,0.6538880210005211,1.343991921415776,1.9803695945436135,0.6497589131343586
2014-10-07 13:00:00,DEHM_noBD,1.8112804841599053,1.7885801663054153,2.024018504820457,0.17220374446976688,0.28742284677108276,0.5225163992757524,0.3500634462428261,0.5633671558729558,1.3563624599645288,1.9242712668622097,0.7999198407652449
2014-10-07 14:00:00,DEHM_noBD,1.7625380860304554,1.9506460510133068,1.960267099482607,0.18928001347822368,0.19919325818208955,0.4376228403680288,0.3965962937821448,0.6651079448667168,1.3585259460074455,1.8023508894453943,0.8806810255614934
2014-10-07 15:00:00,DEHM_noBD,0.944498182725152,1.4323968476891331,0.9770935319755485,0.19586872569722158,0.1800535816710254,0.30778120963921446,0.39591132355858305,0.6946582735911011,1.2726986028727145,1.0787876947838253,0.9023491949632769
2014-10-07 16:00:00,DEHM_noBD,0.6602855238199279,1.121945207796759,0.9395025030796371,0.22837660680811422,0.17138159893543448,0.1854959213505924,0.3807687900776139,0.621597305714786,1.1661033086060733,0.6198430973661225,0.9059348547163388
2014-10-07 17:00:00,DEHM_noBD,0.7738274258111253,0.8143506278340772,0.9146626271659983,0.2747005211944835,0.16564304979728525,0.18118540751326645,0.42363393656495774,0.46504710121996684,1.061403880863525,0.9310991277632117,0.93094228572372
2014-10-07 18:00:00,DEHM_noBD,0.5123833546996422,0.669223324380164,0.6020172524173069,0.35262310080249665,0.16558604278912295,0.3111253189759665,0.5700720226671618,0.23938330107964564,0.6711655920659377,0.9448254215778473,0.9426049567183891
2014-10-07 19:00:00,DEHM_noBD,0.2709458268857525,0.4806179072218202,0.2790219126473911,0.47153156125294776,0.17245106880053396,0.4690335119749385,0.8883329755401687,0.12916784603074183,0.3588712241209018,0.8886729413626876,0.9212768295808755
2014-10-07 20:00:00,DEHM_noBD,0.1651689694504938,0.45667117548339853,0.14394013503316888,0.5961309592152348,0.19315729428516223,0.5778835079689064,1.2225251304226266,0.08916837588261806,0.3776623308129048,0.6544978754517976,0.8842880761161096
2014-10-07 21:00:00,DEHM_noBD,0.2758886069728723,0.5066759385841377,0.1521094567862865,0.7134520021523685,0.21306985906450523,0.6450094375748527,1.3170196908734733,0.26405874616842717,0.29719941468359423,0.35833678378291317,0.8717819482774241
2014-10-07 22:00:00,DEHM_noBD,1.0707157767024986,0.5875461635864239,0.11819230850212524,0.810921362717955,0.2370148914730035,0.8049383458561009,1.3711949767777039,0.2706150230907601,0.16736813301522968,0.23177034950271633,0.8638561135088418
2014-10-07 23:00:00,DEHM_noBD,1.760727102417942,0.598089276558177,0.0820383716323773,0.8991479320797356,0.28400212404611275,1.1390429155953075,1.4442924379949977,0.11669773006084372,0.1710725103473569,0.5583395852585419,0.8139500295883789
2014-10-08 00:00:00,DEHM_noBD,1.965668180380145,0.4402113147806202,0.07140160288756431,0.9764877773420001,0.4399076920347428,1.434193946255342,1.4208017422639043,0.07670201431944962,0.5122375144611481,1.483443130218319,0.7180609549843332
2014-10-08 01:00:00,DEHM_noBD,2.079228618970331,0.3680283544229943,0.12147898743645563,1.0415751705549978,0.7906622822761977,1.5726569329659483,1.3464909825393132,0.06908378380168212,1.1643957446724107,2.0166056262791443,0.6001786990027873
2014-10-08 02:00:00,DEHM_noBD,2.2473509035778387,0.26487329429399836,0.19082980112987388,1.0805666679858217,1.1443869835710665,1.5929722374042297,1.3315828840698993,0.10505663129559697,1.4087152726379475,2.188565764688853,0.46415975101070467
2014-10-08 03:00:00,DEHM_noBD,2.357783978391576,0.1288926377524418,0.2550134429414726,1.0968709763440176,1.347327416653647,1.5692266090621327,1.3347625051640475,0.13476735384553656,1.264819588724853,2.368445962522994,0.3623168353328479
2014-10-08 04:00:00,DEHM_noBD,2.2293954266080336,0.1079869309036867,0.1674478576541767,1.1524616456526255,1.4017064541747677,1.5038848686301112,1.343340921176027,0.12487313170038156,0.9971912337792835,2.6655136198591403,0.28424651225421566
2014-10-08 05:00:00,DEHM_noBD,1.8715102485031894,0.18243567462346505,0.20134754834682334,1.1601946748380307,1.4430340215312676,1.4977241338066996,1.4564271420049582,0.09490680537627989,0.5162112648872139,2.8620367325576623,0.266362814414855
2014-10-08 06:00:00,DEHM_noBD,1.6057970723191963,0.3581086775021738,0.28527780393364655,1.0884314411592686,1.4868748305539914,1.632013211272781,1.503932861381052,0.14952172823483115,0.1611283870444516,2.903110287625972,0.3285094393169832
2014-10-08 07:00:00,DEHM_noBD,1.4443095913534676,0.6386440506704119,0.3763008709228519,0.9670011910350159,1.5596202583515435,1.7444211554657538,1.4357608864186568,0.19424099335245776,0.14208201997798628,2.7043260649152754,0.4233338726913439
2014-10-08 08:00:00,DEHM_noBD,1.2560116214319659,0.4166271804309094,0.1917366025541684,0.5632116378126807,1.561707007739368,1.3368993271861744,1.0897056690467328,0.19709376474916926,0.16322823552739324,2.322608261321125,0.7025807639622879
2014-10-08 09:00:00,DEHM_noBD,1.2413936887089627,0.1725328532465337,0.08530018320672664,0.35336804421848994,1.16055777547964,0.7463437728001134,0.6195521730284423,0.21639208679538907,0.24454182910464228,2.0409539528585348,0.9641483208058221
2014-10-08 10:00:00,DEHM_noBD,1.1651981622890228,0.10781298457946857,0.07200373059856575,0.21879005894622988,0.770465385220698,0.5457290223934367,0.427832406222325,0.2353265353759203,0.33247614538583903,1.8558188157452455,1.0202653756757663
2014-10-08 11:00:00,DEHM_noBD,1.0579818552615226,0.12526251123227627,0.07971885041132548,0.15976676334979903,0.6834193347949977,0.3571312739815775,0.2905316368638429,0.24057791011200386,0.3113531704328907,1.6304551266623402,0.9346015299281073
2014-10-08 12:00:00,DEHM_noBD,1.1083106915388878,0.19192824819681337,0.10069057849094498,0.16789366469105937,0.5027457528709829,0.18773162664829043,0.18517228290787183,0.22861896755930267,0.2485252356505288,1.4819700835801475,0.7381300912158206
2014-10-08 13:00:00,DEHM_noBD,0.9159462734522478,0.4570833366333116,0.2617990873080327,0.18606112682319717,0.3389941581992245,0.14782556489698725,0.16756982133428525,0.18821941023272443,0.26732750689744234,1.1466068543612125,0.48324116274920814
2014-10-08 14:00:00,DEHM_noBD,0.6464762032294127,0.5171296324012233,0.5364015364026967,0.19819518491344168,0.24959823674534676,0.14906681490102935,0.17497278489014947,0.14787321319106952,0.716928953469267,0.8931798425580448,0.28394899843749993
2014-10-08 15:00:00,DEHM_noBD,0.48208197772119965,0.6476536217495628,0.6673112490760066,0.1856002614647146,0.25894374531533804,0.1537964645679259,0.1800251593783154,0.14159931462200329,1.1963708214341657,0.8049993089922652,0.17954033355863583
2014-10-08 16:00:00,DEHM_noBD,0.31005742105207545,0.8804788816258704,0.5233690146752572,0.16093337580028677,0.33664443422399454,0.15695468468590565,0.1607316923101815,0.1210756209211796,1.2620535086304079,0.7500918133834095,0.1455784180698502
2014-10-08 17:00:00,DEHM_noBD,0.36648882326243815,0.8493888012154454,0.4865791866594345,0.16253828246832097,0.3825719340377405,0.23151453392031507,0.15707636879928927,0.09229984816976806,1.255840740016087,0.9123548553093213,0.13503541920490608
2014-10-08 18:00:00,DEHM_noBD,0.7484037292250572,0.7905782058360127,0.9097549122860915,0.21020265445875913,0.5976459100560005,0.4645216054001593,0.30004117173148065,0.07201756068663541,1.1402394352849827,1.114175706307701,0.13329562878124213
2014-10-08 19:00:00,DEHM_noBD,0.8191140520020995,1.089565917113095,1.4316219378307664,0.21531120766684753,0.9038470980115094,0.6530292760695287,0.39743166053069595,0.08421485466505155,1.1370308437270336,1.1562604798563056,0.1399713039289441
2014-10-08 20:00:00,DEHM_noBD,0.8723043554114495,1.2559730968908678,1.6008337946369426,0.18146270954636157,1.120450611476549,0.7726327992245373,0.4428887640709579,0.13565073662841212,1.2133905293143796,0.8165906180752699,0.15503256844857105
2014-10-08 21:00:00,DEHM_noBD,1.0495367168880698,1.1806008435870246,1.8157942994988248,0.15315455379038145,0.9428215144722734,0.6881434390307383,0.4157361612031445,0.38585766390451637,1.1957331722479634,0.7637262027916628,0.21913538839097388
2014-10-08 22:00:00,DEHM_noBD,1.072869983734637,1.1891696528463422,2.2315888609081695,0.12383918044563648,0.8075787794136722,0.6433650477427446,0.3630540014413167,0.9997783123808749,1.2301657390862026,0.9018310932556028,0.3208191112563146
2014-10-08 23:00:00,DEHM_noBD,0.9428681593220041,1.3343289003228176,2.4189895545345905,0.1061107513011269,0.7507750823760497,0.7959921809820353,0.37496327732487844,1.6402911417644352,1.2688286005947187,1.0088678499529058,0.4360397926948003
2014-10-09 00:00:00,DEHM_noBD,0.4991040597098698,1.2949856591914772,2.51497671415575,0.08258471409526713,0.7061061631305212,0.9705396242917295,0.46840460108031456,1.4673313021968304,1.31148623989422,0.8116023471852909,0.5622064856185387
2014-10-09 01:00:00,DEHM_noBD,0.36977670570950294,1.1815935892272778,2.555187840981076,0.09008408637683268,0.6427206001109211,1.05337739092952,0.6423602319335682,0.5074019434192032,1.2947957727074717,0.8545730925171612,0.7267589295921333
2014-10-09 02:00:00,DEHM_noBD,0.8252294594523921,2.3386206028201686,2.491972338171,0.20242076606103182,0.6169233714334457,1.0596379704011702,0.8623462391662391,0.4300606374676711,1.3591113560588097,1.4487495297422095,0.9287481035705668
2014-10-09 03:00:00,DEHM_noBD,1.4690892854006956,2.9535199991714576,2.011788903499347,0.4074545480351428,0.612556775913667,1.062519805423533,1.1007607208871582,0.7530147470236568,1.223562809595801,1.8562208690923718,1.110773361294122
2014-10-09 04:00:00,DEHM_noBD,2.14698472652751,2.443941533776224,1.3166985168634509,0.6232060321467751,0.6496712467171694,1.0967089309063143,1.2299471057552607,0.7634096578057856,0.8568012511518783,1.9599775663907266,1.2637926382810052
2014-10-09 05:00:00,DEHM_noBD,2.659688215644734,2.3382771697573226,0.7173297324173855,0.7552276148411237,0.7150986674411384,1.0921289733687072,1.19213983845642,0.36132571862652885,0.750674243061114,2.086812194069484,1.330591288361689
2014-10-09 06:00:00,DEHM_noBD,2.600046795197195,2.3874673768965704,0.1480974652509495,0.7944042766627291,0.7423844960701069,0.9703525306637951,1.0503197646099731,0.1446296142742036,1.0964345610207504,2.0486217294451965,1.155884585481249
2014-10-09 07:00:00,DEHM_noBD,2.3065907614480468,1.8453197956963407,0.12202240207214159,0.760276871183296,0.5666615524268697,0.7142198609196659,0.8066240812392437,0.08963667200010257,1.6393549063399808,1.6810458920229412,1.0074414647262264
2014-10-09 08:00:00,DEHM_noBD,2.038681859549553,0.7770654079742143,0.11811888153725761,0.4802355189502558,0.35685609312576105,0.4124327537910984,0.45933669409583866,0.08742068101298053,1.3912402793423273,1.0724698572859692,1.0284356165680568
2014-10-09 09:00:00,DEHM_noBD,1.6649568363086191,0.18620470277423612,0.1173500859320069,0.28158250426345827,0.24950103023367337,0.31287746832878494,0.2992013364255127,0.09428135356675824,1.7238644024177128,0.9835195692263252,1.2390025484792702
2014-10-09 10:00:00,DEHM_noBD,1.4345799735765752,0.1473587613820214,0.11852670185395507,0.1812559398640552,0.18427396420566577,0.2672282492409463,0.21094438471445384,0.09431939789023237,1.6138254953576134,1.1141717269840976,1.654194776346367
2014-10-09 11:00:00,DEHM_noBD,1.2042797738350721,0.1490092743264789,0.11562455960486992,0.13887668498776193,0.16191797719642975,0.21183131111845924,0.16054932021021492,0.08463589999526724,1.204324432742946,1.1383367796198842,1.9555729869392886
2014-10-09 12:00:00,DEHM_noBD,0.9149851522721699,0.15061961307882785,0.1239358771748374,0.11622036464861638,0.1969780149557534,0.18531456713058886,0.13683610414892508,0.07610725404795242,0.8465415809094649,0.9852389292410731,1.8148892166498674
2014-10-09 13:00:00,DEHM_noBD,0.6476734915077902,0.15437920839574168,0.11779243793982544,0.10384460222675146,0.24331900704092335,0.20970252867363015,0.14627402860542774,0.06907119448148627,0.6603468362001002,0.6802986244718738,1.4836774951588874
2014-10-09 14:00:00,DEHM_noBD,0.568294625571364,0.19429487015438632,0.13344830873850946,0.09528782915787078,0.23877815949141037,0.2730195836170922,0.14156164786387582,0.06416413445280379,0.6221171955142146,0.4653038152152955,1.1118438694628456
2014-10-09 15:00:00,DEHM_noBD,0.44182565762011294,0.24088976570969864,0.17077339692639154,0.08959005855823637,0.1845656423806375,0.310837425537395,0.12835816220890747,0.06168494388899287,0.6648077244861353,0.363961081529706,0.8882306408244796
2014-10-09 16:00:00,DEHM_noBD,0.3633219211932417,0.27725777083113673,0.19790706042364387,0.08885455010659876,0.13685632633045774,0.3218534042478918,0.12658062962202768,0.06419675027875218,0.7910830695388467,0.5453132179913791,0.7921862150337552
2014-10-09 17:00:00,DEHM_noBD,0.43465160654939616,0.4134665912793749,0.355038694528791,0.11262098059725842,0.13352430556366435,0.4646002514900937,0.30093170769851435,0.06755457967491689,0.8415799665846093,0.9700610130140733,0.7320204120581891
2014-10-09 18:00:00,DEHM_noBD,0.7491417492460004,0.7248986385179405,0.6707563386899776,0.3072776402482692,0.17779415202855,0.7192125551503297,0.5763499802665037,0.0675483740491652,0.7722687243498697,1.3915534848821958,0.6922430604282231
2014-10-09 19:00:00,DEHM_noBD,1.0057318573801026,1.0009407608289929,0.8091275264439048,0.6339864215906492,0.2929651900135889,1.098534652644824,0.7690064957476764,0.06220458540712466,0.704636444587891,1.5221632968948062,0.6616390737532973
2014-10-09 20:00:00,DEHM_noBD,1.3143392770563405,1.377304031367531,0.8835107292777331,0.898416172774384,0.48817750893762796,1.540642109967229,1.0010089742059325,0.05151282189498884,0.7679843113635323,1.529081624813186,0.6013307215991948
2014-10-09 21:00:00,DEHM_noBD,1.6680032294129485,1.732515480538006,0.9275045154408413,0.9275267153620806,0.706861791533738,1.8128083206338506,1.366413159358191,0.045119324179971325,0.9498994534328572,1.6256300776304078,0.5132938841556333
2014-10-09 22:00:00,DEHM_noBD,2.1405096027671777,2.066836056945538,0.8376110507992671,0.8702244637534713,0.9553508048675232,1.874881434454711,1.581477898789024,0.04152922854540857,1.2543612702636848,1.8680796634272112,0.43921423036645363
2014-10-09 23:00:00,DEHM_noBD,2.586134631025441,2.2175854826558137,0.42608405492934387,0.821323794031825,1.0033789038591516,1.7626668924212043,1.4670347966399326,0.03287201165171326,1.6725714477616709,2.2059050753154605,0.4239178840013288
2014-10-10 00:00:00,DEHM_noBD,2.807428982138123,2.0241879383095642,0.07143885054856747,0.8116825031159051,0.8802872511744895,1.6480374329800982,1.3268382542987491,0.028159216402508153,2.0907223207794337,2.797229870310221,0.5106135899719306
2014-10-10 01:00:00,DEHM_noBD,2.929500125110335,1.5802005798015721,0.06016448930472646,0.9122447140955796,0.7667354366409732,1.5964288706153789,1.3153462746179951,0.030435929763000212,2.4509088197324305,3.493525170036592,0.6683779798830912
2014-10-10 02:00:00,DEHM_noBD,2.888998545075545,1.2962609137699999,0.07214642806034527,1.098847886706406,0.7552219287280202,1.5412920354637374,1.3867287584546788,0.03566160993067543,2.6796656603146074,4.170704247575663,0.8192537782154954
2014-10-10 03:00:00,DEHM_noBD,2.8591348809307027,1.0001163266105686,0.08086628144382153,1.3080272002163857,0.7042581165507389,1.4627944882820498,1.4665727053585669,0.04071703212677488,2.608106783021195,4.416285285948458,0.9289496059510296
2014-10-10 04:00:00,DEHM_noBD,2.933605281880865,0.5884693692847963,0.08931108600252582,1.4598712356319967,0.5906492915225936,1.3722997621405895,1.5232315576032376,0.0527414401403813,2.1907574620861046,4.2101665582989165,1.0036029849095713
2014-10-10 05:00:00,DEHM_noBD,3.149587455922974,0.5678661636378263,0.09971814224297151,1.526004520508892,0.5289489685532984,1.289279395623944,1.508739525294605,0.09186516883933893,1.5671099894170701,4.131664959440678,1.104545619746698
2014-10-10 06:00:00,DEHM_noBD,3.266987538418077,0.4899250218637625,0.12023999214503078,1.4795238284429661,0.5070845529328146,1.1614684848133592,1.4155553543724446,0.14138411568179715,0.9303153323732938,4.089858962888103,1.2046278552963863
2014-10-10 07:00:00,DEHM_noBD,2.9457225778239646,0.16388170538180635,0.16678351891545093,1.0915756657427467,0.35270988281195503,0.870370534025407,1.110888845051367,0.15974724023502307,0.5020016717616288,3.697523687358037,1.2590017404930105
2014-10-10 08:00:00,DEHM_noBD,2.1639341258083724,0.16608511548550703,0.3426324173115607,0.6582071173816166,0.260218128733516,0.6185746580789928,0.6886124514186209,0.0916124738139005,0.2604958491674134,2.95555742662963,1.2688008156358146
2014-10-10 09:00:00,DEHM_noBD,1.329911040589491,0.17761337114783773,0.6470458800954243,0.5908145050300756,0.21801807210216284,0.5496704885131622,0.6107760921186912,0.08896314685609176,0.16224935949461053,2.2901540617117795,1.337792532659343
2014-10-10 10:00:00,DEHM_noBD,0.7318443326949386,0.1937347081167634,0.7765039344706828,0.5644750829176417,0.22184479974757865,0.5778192075984069,0.6016350125994253,0.08271663783051059,0.1464952597606646,1.642362076047887,1.4414796667594019
2014-10-10 11:00:00,DEHM_noBD,0.46776008850334205,0.24808145639202311,0.7516543730482085,0.5735874069083244,0.24192241723839183,0.6505434909512411,0.6524567802205209,0.0742106726946495,0.18262628651797763,1.3275536688038354,1.4468338087056298
2014-10-10 12:00:00,DEHM_noBD,0.3144831000966507,0.3332673464234615,0.7178882126032641,0.5442704667765598,0.2708435492048598,0.6819449989707757,0.6940765116825891,0.07864013295248135,0.19830094297687156,1.0355420740999315,1.2520973766531294
2014-10-10 13:00:00,DEHM_noBD,0.19931580183030673,0.3962938464986951,0.70286549116277,0.4269940574434489,0.29201191608881094,0.6927000700561587,0.7704021658684317,0.07820664903134089,0.20957989071174504,0.9886043572013226,0.9058637474318908
2014-10-10 14:00:00,DEHM_noBD,0.1690573439611284,0.4528538727075507,0.7683019801992952,0.37387932990401096,0.2838416416263346,0.7189966077848378,0.7101480147571115,0.08033714916505835,0.2054783414179731,0.9967552868259107,0.6256012592294375
2014-10-10 15:00:00,DEHM_noBD,0.1576130198515927,0.4769574584842164,0.8549179893177759,0.2845907226205821,0.29066728927478647,0.720321771464904,0.6374202714324562,0.08428823512140417,0.17186046952983094,0.8947675718293819,0.4872063500929353
2014-10-10 16:00:00,DEHM_noBD,0.15699456466424608,0.5030611908055519,1.0748599825116023,0.30329241264817397,0.33829970626439193,0.8754641668554782,0.687341178465854,0.0888014891950262,0.166310460958268,0.7508820607765462,0.3991934258517963
2014-10-10 17:00:00,DEHM_noBD,0.16895289119109383,0.6015982276864968,1.2667690818062827,0.4108915568028445,0.46535665916929475,0.974012659128666,0.7000662685790738,0.09608033061463138,0.1880526832459949,0.7824178734928393,0.302082433853074
2014-10-10 18:00:00,DEHM_noBD,0.19630276978416006,0.6860467504418543,1.274732133893792,0.5924686306472805,0.8955705278750434,1.0715381074764039,0.8351084328012808,0.10748687133337598,0.22483854374009782,1.0550755793127697,0.20051422696000482
2014-10-10 19:00:00,DEHM_noBD,0.21992825992640094,0.8131420698949323,1.0130648540605023,0.8644298553470631,1.344720709290438,1.183930001276512,1.0090182771697507,0.12167913249998344,0.3650506827814991,1.262360104459055,0.12946813229928528
2014-10-10 20:00:00,DEHM_noBD,0.28004739801152595,1.0254749487054204,0.8327349074748052,1.206243234761533,1.6359105783203385,1.3397933064120175,1.2046909578077933,0.15011110360689456,0.577992435719676,1.377122593196308,0.1005632285478835
2014-10-10 21:00:00,DEHM_noBD,0.3606871021953038,1.1748412724004937,0.801153318014557,1.5775709627393524,1.789648762944396,1.589042781231513,1.5166610366714737,0.20184514834871506,0.7666958801044146,1.482663193740032,0.09622511792834831
2014-10-10 22:00:00,DEHM_noBD,0.4589077689304144,1.2222423630068717,0.7558277615945564,1.9756201284826256,1.8835926286850584,1.9188911428036144,1.9266179855701173,0.23161532730493684,0.8625429555064275,1.5666205246871927,0.09169234489415308
2014-10-10 23:00:00,DEHM_noBD,0.7044339955047267,1.0773564239848301,0.7369508022850901,2.421531745352617,1.879326864795318,2.33884604701646,2.3900234381853243,0.22351789893739846,0.9819669838492008,1.7251378411177898,0.08978270309135968
2014-10-11 00:00:00,DEHM_noBD,1.1141436071423645,1.077732742254948,0.8235019372903337,2.881709074215669,1.896969803014148,2.760636048529285,2.8153159433883155,0.21615950172652473,1.3377878904290728,2.0269155024946666,0.08880767301795618
2014-10-11 01:00:00,DEHM_noBD,1.703006180206227,1.1042909116147366,0.6948299577691499,3.3388940922515853,1.985165196450975,3.1029104690918357,3.1755451331970788,0.24044754051994516,1.5365550110893695,2.351140433404595,0.08622942637356189
2014-10-11 02:00:00,DEHM_noBD,2.143847984998415,0.8524871806493772,0.7270304062945581,3.7086022922258017,2.086397002590034,3.419759564804817,3.5917981097256435,0.33665778373198574,1.6132257581550535,2.576600249152444,0.08630581330110364
2014-10-11 03:00:00,DEHM_noBD,2.4582593480934785,0.6138523911539744,1.024916473566396,3.975701196160441,2.227910985648733,3.7018549108535876,4.0317386271567415,0.46532718779101956,1.6732899577422906,2.6609004206409863,0.08783159121663002
2014-10-11 04:00:00,DEHM_noBD,2.7647055047839832,0.9930753700439537,1.38618919957489,4.226647309800034,2.407781471889083,3.9697042857669653,4.463897624880179,0.5749811308946458,1.7442316048918012,2.708531092481464,0.09584671582131053
2014-10-11 05:00:00,DEHM_noBD,3.3226714579574463,1.7824797789609712,2.5120777940619834,4.464608978058635,2.5678543126611224,4.2333369023436385,4.847754133745583,0.6432163882602006,1.705633871123213,2.762859699799419,0.10313349817990353
2014-10-11 06:00:00,DEHM_noBD,4.1813238294063835,3.017342043075431,4.2087924521671365,4.5253551920588055,2.70726754727543,4.355578787010396,5.039502019590855,0.6366339674985408,1.4487330166800179,2.649607187152393,0.10489458605853824
2014-10-11 07:00:00,DEHM_noBD,4.358054938102943,4.578608483178859,4.8709261686359895,3.8231559833989475,2.698057850861708,4.117888067271521,4.603597537466879,0.5457058881126342,0.9837552404653653,2.2787376499431207,0.10416752054152299
2014-10-11 08:00:00,DEHM_noBD,4.3032699333911575,5.0242655292224,4.781118911833959,3.4091094823861905,2.6397935212720265,3.9107667677628934,4.242448073443312,0.40103455194856963,0.6685882471116631,2.347832747156303,0.10187978299092015
2014-10-11 09:00:00,DEHM_noBD,4.399323023500121,4.962450615658051,4.580204968542494,3.8362504683306025,2.6398357478365564,3.813525296365136,4.37372953062746,0.3286531835385784,0.803259286109358,2.5684489942109656,0.09860202236262601
2014-10-11 10:00:00,DEHM_noBD,4.259678883495585,4.848235051696289,4.574662817069674,3.9514387464711636,2.5821201021784423,3.486356162581005,3.985338582363494,0.3211493969426302,0.9768281582482159,2.6665999146845523,0.10308278428493524
2014-10-11 11:00:00,DEHM_noBD,4.119143462881847,4.717591268390284,4.534130876875153,3.8542859105400686,2.7357947690898143,2.8906587166230673,3.4574273521842622,0.3373247820724544,1.2488877205856144,3.29444697831341,0.11417035188583416
2014-10-11 12:00:00,DEHM_noBD,3.924708920079654,4.681396686733106,4.554255641064084,3.602435030382559,2.936399480705678,2.5002706153397396,3.505773489305811,0.3129953123883156,1.8205334452335862,3.533140171358278,0.12761719707082014
2014-10-11 13:00:00,DEHM_noBD,3.6047277292225894,4.562706991876031,4.318896047339855,2.9405012142838047,2.8837435222063172,2.7129621125744174,3.807776113068066,0.3560569674099795,2.4831138520224734,3.127273056355652,0.13747531868392593
2014-10-11 14:00:00,DEHM_noBD,3.202075182333801,4.219053540044409,4.1140498597652195,1.979714660192543,2.5497004210090566,2.5124378855754825,3.619863184482747,0.6004783475510682,2.346611069671951,2.4353491048200637,0.14845766611242536
2014-10-11 15:00:00,DEHM_noBD,3.0601846083389175,4.3642343075946215,3.8948881717169925,0.9828656565361787,2.3416916443717013,1.9546103886176396,2.5220189406893962,0.8974712733509949,1.561305603927872,2.2299081305449615,0.15490137121605202
2014-10-11 16:00:00,DEHM_noBD,2.968171772994435,4.5180142459597645,3.94632931224223,0.6950078188252425,2.179255224026473,1.6944963969714362,1.4147911786558147,1.0252336010489334,0.8626138174558696,2.5023333459133585,0.16164765851385185
2014-10-11 17:00:00,DEHM_noBD,2.842301563726608,3.9663927229154434,4.072465456461224,0.8719129803073049,2.102201571037931,1.693389599243657,1.1709398924902958,1.2035441225035675,0.4627050302643661,2.381449315358363,0.17140479907507294
2014-10-11 18:00:00,DEHM_noBD,2.688257534819425,3.86667507011057,3.71683806225205,1.0363230381699178,2.2050612432038,2.1477670733293928,1.7615126619351458,1.3706398884853164,0.5088950246094338,2.3308346435897427,0.17659541797115919
2014-10-11 19:00:00,DEHM_noBD,2.442999967430001,3.9241008012474348,3.4007540038177417,1.2629776497166463,2.613808027627107,2.5753997496571066,2.6348496511506188,1.3847091301441659,0.5917279730792999,2.372359706877675,0.17736198543084072
2014-10-11 20:00:00,DEHM_noBD,2.472232491427869,3.8527029008077838,4.038971689856286,1.6758056956878518,3.0875316952247633,2.9101681759255333,3.483125465505289,1.6168759196371632,0.6138030863856226,2.2765238737252727,0.17338553543865332
2014-10-11 21:00:00,DEHM_noBD,2.173690628385041,3.5724919280294762,3.6643132465202246,2.1479484571552363,3.008392005127481,3.225876324712616,4.237059043835783,2.369748654833408,0.9073231439662797,1.9061745230620635,0.16400343925824387
2014-10-11 22:00:00,DEHM_noBD,1.751912301706625,3.4374294179564946,3.1414046297533105,2.947416956295872,2.4779631280387133,3.1808861083948803,4.317382778233791,2.9778196011592732,1.420993670357808,1.5049916098781024,0.1568596265582484
2014-10-11 23:00:00,DEHM_noBD,1.341077177833719,3.560219284086276,3.8999072753946273,3.2578067316259816,1.8457505280100204,2.845648417461645,4.095707793797348,2.974756783819981,1.7221899778527952,1.1827669308889237,0.15260206238486898
2014-10-12 00:00:00,DEHM_noBD,1.1044232141159567,3.9954158520111953,5.639166583673341,2.9709634717476234,1.6951982054451713,2.7130534551648093,3.380680504182698,2.336081638805992,1.6187023721647449,1.08726714461633,0.15337086148521623
2014-10-12 01:00:00,DEHM_noBD,0.9851559511333331,4.91236888755484,7.040556946066211,2.788240049923011,1.920720554233475,2.6585186662555214,2.957245384967476,1.5736063583968627,1.423214404475614,1.0763160413394401,0.16082054945927096
2014-10-12 02:00:00,DEHM_noBD,0.49868394077438855,5.780276988219746,6.554275495343615,2.9217565133359424,2.2409857160211866,2.6815857177296376,2.910421913335444,0.7584437244909885,1.2336620202358066,1.0429644078007712,0.17333482694813973
2014-10-12 03:00:00,DEHM_noBD,0.48448874840414147,6.688610210813828,3.119682049399885,3.031438995585004,2.4416243998581573,2.7379797723402732,3.119314444327578,0.2955559811821532,0.9693933280241488,1.0173642070828868,0.1899969214682327
2014-10-12 04:00:00,DEHM_noBD,1.3044055229969882,7.256601813388161,1.1175755246715495,2.9510102521097945,2.4856385662694787,2.7768038407543303,3.288713469695505,0.15535013973770193,0.674493580665076,0.9553090104349935,0.21668990189373488
2014-10-12 05:00:00,DEHM_noBD,4.191900988032406,7.231467013070136,0.6586450476361065,2.82287073380881,2.405574082023678,2.8542321668408817,3.4611916943427037,0.13221696625096713,0.3669026671384088,0.9624592259273306,0.25079194134166916
2014-10-12 06:00:00,DEHM_noBD,7.14280226626209,4.561826342675518,0.8112648707290459,2.5294443184045865,2.3602746138407666,2.9754145365343145,3.569364525579354,0.13814957211974072,0.47437567205197156,0.9014066543804901,0.2740317887624446
2014-10-12 07:00:00,DEHM_noBD,7.568922435324155,1.6556993050748516,0.8868667554378042,2.196207158930779,2.2928527365319944,2.933572841636049,3.2446568522740513,0.13393914218726555,1.6679479494419787,2.8198072212905165,0.2729262756330985
2014-10-12 08:00:00,DEHM_noBD,5.946578700655997,0.9037991147555805,0.6239656879215978,1.9102948478025965,2.2374967397925487,2.9095782050062926,2.9002703911034216,0.12531375253945806,2.8597691244935644,6.244025071826558,0.2768369524232948
2014-10-12 09:00:00,DEHM_noBD,4.854307386904629,1.042942558321743,0.8239677647143928,1.6595191427136369,2.2853516385713615,2.7098842037241333,2.5746862948914404,0.15059202839677205,3.5935495425987893,6.175510399090864,0.2867960009272349
2014-10-12 10:00:00,DEHM_noBD,3.343380314913145,0.8253855028019332,0.8354102380106994,1.7459798188479874,2.337848085221972,2.5600256285862293,2.2246380921278037,0.21459245532738036,2.3858937579987343,4.898752211179762,0.29073867490267596
2014-10-12 11:00:00,DEHM_noBD,1.985667535511332,0.6777087827775463,0.7074455108300316,1.748789554220143,2.3872465686113284,2.4691056598855736,2.0387423654750507,0.22649230586996755,1.0886474821599048,4.392441732155504,0.2961936945602789
2014-10-12 12:00:00,DEHM_noBD,1.020884255840953,0.8196926212586543,0.5800148038217425,1.7729742528449208,2.4399336872721102,2.3691420245541415,1.9511061351254986,0.20611646646884021,0.8434036756081762,3.3909059163525797,0.3000525914769759
2014-10-12 13:00:00,DEHM_noBD,0.7898260175187046,0.8359200268087558,0.5354442550758272,1.918591313298872,2.458247595318148,2.2648580610951887,1.9493813438279348,0.20728820795666522,0.5207246435890718,2.0808116843792868,0.2897969692639144
2014-10-12 14:00:00,DEHM_noBD,0.7449976788114756,0.7936113279517425,0.5344356508916823,1.83787905809745,2.373505115074685,2.103378058637251,1.920410860760703,0.2141090526435593,0.6202140908956155,1.2167468745356311,0.2622388045481707
2014-10-12 15:00:00,DEHM_noBD,0.7499647338882693,0.7071412704499088,0.59896515020667,1.6354665015875924,2.334389145343165,1.9583192771543718,1.9159973934310641,0.24565377899348967,0.6017912205938993,1.0494936665314611,0.2358988361144042
2014-10-12 16:00:00,DEHM_noBD,0.897872460026387,0.6607617739269178,0.6639918808609898,1.5074862602114794,2.458959441230504,2.0377414641771474,1.9665403724099892,0.25316310765386635,0.5213340855439939,1.1437579218533216,0.21779301664473943
2014-10-12 17:00:00,DEHM_noBD,0.8991315988866425,0.6809148303952859,0.6636322847375005,1.5751162166385595,2.572507021105147,2.2643350193746214,2.0180573462336233,0.26400860113924246,0.3982923942535589,1.2334534461948496,0.19362366984282603
2014-10-12 18:00:00,DEHM_noBD,0.731005819520317,0.6804255596268114,0.6802338319432494,1.9935227779995477,2.600943953082937,2.4627985246675776,2.4337329738978504,0.28017478615253977,0.2952138478766421,1.334512004121768,0.1631975039122624
2014-10-12 19:00:00,DEHM_noBD,0.6633606761399515,0.734492803367059,0.7494624297254795,2.405779774512941,2.758867158736945,2.726133632774548,2.8677991897397304,0.23101880321790802,0.2919878964741853,1.4428870114483894,0.13495006564838333
2014-10-12 20:00:00,DEHM_noBD,0.668958754883157,0.8806967172398792,0.8372522419244117,2.235914274352499,3.0454833847779454,3.107696747364721,3.189530110143311,0.1428692871680377,0.4085385995117201,1.546410882447185,0.113599095542582
2014-10-12 21:00:00,DEHM_noBD,0.6949665859398291,1.0552588829875489,0.9375515410996433,1.5732641847359323,3.3319225264320775,3.145045469811269,3.115369552760896,0.09447955771260709,0.48079085184384124,1.6988989343626053,0.10173440359923269
2014-10-12 22:00:00,DEHM_noBD,0.687773431055881,1.1745839449569453,0.9311024272971605,1.0779883733404845,3.176378935970329,2.6963310071421014,2.615349849677766,0.07134259633525557,0.5163056992048769,1.7938063562566413,0.0965301348930153
2014-10-12 23:00:00,DEHM_noBD,0.6688249541505868,1.2027486265101854,0.810195489993221,1.0102772196223053,2.3876304743302614,1.9754960160633281,1.905004200717165,0.05596621850000939,0.5534444764280319,1.8890748312115995,0.09803192605483449
2014-10-13 00:00:00,DEHM_noBD,0.7211928900654043,1.1723045299149353,0.8596453653499914,0.9374926060869161,1.5836235585401113,1.5408908662260719,1.439227500138806,0.047297314825740705,0.5939020818182452,2.009025703545883,0.10453756226563575
2014-10-13 01:00:00,DEHM_noBD,0.9618447280262759,1.161835250090577,1.0406342390110634,1.0494011131506595,1.1139358148077783,1.5337732794483907,1.385335503561003,0.04434864030786541,0.6499559416548907,2.1458743480167723,0.12447415503057634
2014-10-13 02:00:00,DEHM_noBD,1.197029279992939,1.1759390996465955,1.2383133983123549,1.4341684795143648,1.1415705040478332,1.7163027665341895,1.6746666051738082,0.043140239875134906,0.7056284091094136,2.2875121723537615,0.15204667437501473
2014-10-13 03:00:00,DEHM_noBD,1.2822150964979036,1.1931713979896879,1.3423354006033024,1.7634285696702858,1.401959745161617,2.0953871847650336,2.061753327449133,0.0402889245097198,0.7698482861911877,2.459680411079228,0.16953265037912865
2014-10-13 04:00:00,DEHM_noBD,1.2936762840595235,1.1501149025933886,1.410706507872168,1.6714644372641643,1.7966614725610335,2.39592760400058,2.3874545989490388,0.03973823814677519,0.8290905035729705,2.524913561051852,0.1879136957158426
2014-10-13 05:00:00,DEHM_noBD,1.6708460872252844,1.0877296471065818,1.442083337615361,1.3954372685944152,2.1198112310409942,2.304379086823072,2.35437838266847,0.03954662054472813,0.8911648185711074,2.5312252377992683,0.2026943540848871
2014-10-13 06:00:00,DEHM_noBD,2.201140819267016,1.0282565428413217,1.4639024338129913,1.0958377832986708,2.350305804404025,1.8560016432789346,2.1920893311173626,0.03929147543078044,0.9246240519941132,2.4834533075878773,0.20303627649368894
2014-10-13 07:00:00,DEHM_noBD,2.380089114429024,0.8976170084140542,1.5311234441956831,0.7329989534085173,2.282501635972807,1.1923351378534892,1.5587872539106435,0.04298287991412664,0.8756451287260931,1.9631789179623407,0.19780657731890727
2014-10-13 08:00:00,DEHM_noBD,2.2822626014326466,0.8197855207931622,1.4152790978748024,0.5217652267753298,1.7541674768846807,0.8351183672127633,0.8543746908034338,0.046247711982121555,0.7924218966674711,1.4094284136324073,0.20271873991658318
2014-10-13 09:00:00,DEHM_noBD,1.9415363179311589,0.8139792490780724,1.292563067145351,0.4497853431681439,1.0893166211304535,0.7426479914312,0.6672167735383194,0.04673961130585044,0.6496858668351173,1.0485071478532288,0.2028388910806586
2014-10-13 10:00:00,DEHM_noBD,1.4394749960874393,0.96583455753682,1.3258940160656274,0.46108670700622073,0.822460215489026,0.6893268198995879,0.6792034556964632,0.046086452356448815,0.5125054054961091,0.8693371548909844,0.20193443472153955
2014-10-13 11:00:00,DEHM_noBD,0.8353090681545667,0.9345633591145033,1.280060081056426,0.45365742035896695,0.7967770567666783,0.6521277774120584,0.7179116187249025,0.04502404012992608,0.3998744887214811,0.6770943813756736,0.19573322937793328
2014-10-13 12:00:00,DEHM_noBD,0.5490029531209176,0.8111314214219525,1.1287494540504943,0.3752613752606691,0.7850496796035509,0.6263885669917336,0.5686855451743653,0.04300864383862551,0.3057696347720395,0.4758397063771029,0.17945396307305372
2014-10-13 13:00:00,DEHM_noBD,0.40496753213589587,0.9645696961896469,0.9421738642619872,0.3199877229550304,0.77046159675188,0.6516177229348917,0.45445728338692176,0.04158286867105518,0.23766204149453363,0.3262512786447896,0.1576969883844502
2014-10-13 14:00:00,DEHM_noBD,0.26963415183254047,1.2351454370088686,0.7094322240005762,0.2689129399073943,0.7561610800985082,0.716399261470088,0.4353017012312266,0.04033266386418707,0.20125963964825294,0.2546253987780625,0.15047953985035717
2014-10-13 15:00:00,DEHM_noBD,0.20720488046441218,1.3766146416759375,0.7518766728674837,0.21033579567633565,0.7305542638188914,0.723014492933056,0.382241140774423,0.038384245104213344,0.18463984026804703,0.22087367849243267,0.1399698991585231
2014-10-13 16:00:00,DEHM_noBD,0.18264067999833714,1.2959740701106188,1.0385540424490682,0.19029887773647555,0.7057402460258372,0.9005682168272425,0.5130874560575183,0.05003851226241549,0.17942721483850801,0.18533753549139528,0.14428690140295167
2014-10-13 17:00:00,DEHM_noBD,0.17642930485605252,0.9301632393360328,1.4973097261285202,0.38178358884397634,0.7238315346103872,0.9874561979739738,0.671866123505319,0.07710377221010668,0.1726181203193756,0.165304557100752,0.1542702891772145
2014-10-13 18:00:00,DEHM_noBD,0.15959814652234178,0.5236191126753375,2.03418422532496,0.6144252736981893,0.7615705315579009,1.1113293317526327,0.9020449853944791,0.10247236285188335,0.16750514324283192,0.141177866876737,0.16151722962165652
2014-10-13 19:00:00,DEHM_noBD,0.13928421702480398,0.2676836200116784,2.2029577363742656,0.8714270644344597,0.9439758737925497,1.326718758149192,1.1130379612300967,0.15277784766379937,0.16383709357925674,0.11227188833247272,0.16676584220727791
2014-10-13 20:00:00,DEHM_noBD,0.11581633956924996,0.21976009799006332,1.8109959705810137,1.1353912200754472,1.3310679510238241,1.5834044247124348,1.3334192737991084,0.2811819562036775,0.15649290771619156,0.09498034061794146,0.1795823332477171
2014-10-13 21:00:00,DEHM_noBD,0.09960558765325687,0.20894707886444866,1.2344751523435422,1.4100884639115068,1.6779763872610078,1.8882872185900539,1.6700578100494412,0.3112660139459603,0.15477409814893178,0.10072209722768845,0.19222207862845406
2014-10-13 22:00:00,DEHM_noBD,0.09706355729171065,0.18529566497525418,1.0483260950993187,1.5752603444170563,1.9024785672036955,2.3121912195962904,2.0619430276229225,0.16631432052640926,0.19551877534849882,0.11344247497138793,0.20178454672877028
2014-10-13 23:00:00,DEHM_noBD,0.10293496476360592,0.17566279364099505,1.1763331375768173,1.5597059728738618,2.2636527658474694,2.525559065929859,2.3186815108476684,0.07262327241140228,0.2631533401915993,0.10272464572885881,0.21246608667383657
2014-10-14 00:00:00,DEHM_noBD,0.10381240822982019,0.1820733740358649,0.9684949254396278,1.568907794290495,2.549044749641925,2.6328945996867588,2.424762245274419,0.05075460327146913,0.2621022737310302,0.08485020764704147,0.22120544330950404
2014-10-14 01:00:00,DEHM_noBD,0.09899534460496609,0.20818869227673328,0.8469129737084218,1.7048835185120115,2.6075247604864957,2.6285041687078,2.3459073777851223,0.05678769739161657,0.22687211484394487,0.07320859494835609,0.23543848409228135
2014-10-14 02:00:00,DEHM_noBD,0.0938902434356928,0.24091250478354737,0.8768704422499076,1.8220730528925269,2.643718012888371,2.6156960356646666,2.30356428569243,0.06511988895312161,0.24695716175343368,0.06448230258197407,0.2548035773501848
2014-10-14 03:00:00,DEHM_noBD,0.08563954191912415,0.285520263655395,0.9237696124761224,1.8744524440582733,2.685984610546944,2.67942386497658,2.3198330127690925,0.07195938275670406,0.2997399559096712,0.05779397598819733,0.28738143488333323
2014-10-14 04:00:00,DEHM_noBD,0.0871543746666213,0.3160822220402396,0.933264066558075,1.9005336685031549,2.6843292235049274,2.6893683835932345,2.37510653931814,0.07865829433236894,0.3500583760876161,0.05660166724494558,0.31347804082056485
2014-10-14 05:00:00,DEHM_noBD,0.08375816309628756,0.35481044099796544,0.931923364884085,1.8735063425590226,2.450837985226878,2.581533300277186,2.324791319683087,0.08747400442463603,0.36521302652865173,0.060726366782887405,0.31767761693377966
2014-10-14 06:00:00,DEHM_noBD,0.08720359470342505,0.32451632012240583,0.9157286845435061,1.7829311219059507,2.0915246297638768,2.3047560711668837,2.1990051373367248,0.09530224379111504,0.3896912411321047,0.07325063883476594,0.29851530376166563
2014-10-14 07:00:00,DEHM_noBD,0.09607106017762672,0.25474091903856944,0.8366177422489178,1.567524418216851,1.7660546131811057,1.8837089937977576,1.963747418578449,0.09685116676830599,0.4466711370285995,0.09549285938838015,0.2632602631965698
2014-10-14 08:00:00,DEHM_noBD,0.10361858602448351,0.17985615559837295,0.7305199084618594,1.3637697669468838,1.4080710660825602,1.4508748528872686,1.5812588855907181,0.08769770444913202,0.4160808161171944,0.11266080207588254,0.24024667875884093
2014-10-14 09:00:00,DEHM_noBD,0.11840764630337705,0.16202086522472314,0.6321843611422483,1.3040679920539153,1.2131725880594622,1.2086590735817366,1.4159676418776457,0.06439894892719795,0.3391849972232279,0.11928923351280728,0.2265827989744673
2014-10-14 10:00:00,DEHM_noBD,0.12947384133763254,0.15404153813424037,0.4744772707434952,1.27936308823393,1.1336969847633387,1.1314853530050741,1.4129192156843342,0.05648780098544174,0.25662048577470864,0.12723746341401418,0.2185098371796682
2014-10-14 11:00:00,DEHM_noBD,0.138947436804719,0.19635018882796157,0.4446471560781332,1.2453353151069082,1.046836775779305,1.1148205119961108,1.2916205424199463,0.0519147938538318,0.2104213630248885,0.13463915126290593,0.21491282839964124
2014-10-14 12:00:00,DEHM_noBD,0.14539208444524768,0.20334885006833808,0.41326515044227463,1.0961286487838886,0.9767624167782487,1.078897573148514,1.190241919695826,0.05124130552483718,0.18828118189877646,0.14539109772450118,0.21413639539590096
2014-10-14 13:00:00,DEHM_noBD,0.15763275194509002,0.269297245573236,0.42170725214863075,0.9618789664367331,0.8941210808786773,1.0501699085520295,1.027595951378358,0.05231096562674255,0.1863166398661653,0.1490901869600401,0.21307790268813243
2014-10-14 14:00:00,DEHM_noBD,0.14789997679298264,0.25310630422644304,0.446445064411807,0.9336127233392353,0.8903971385833876,1.0071355880163728,1.0159490067072183,0.05599687164159466,0.18237360740817285,0.14579509317267705,0.2126431056463066
2014-10-14 15:00:00,DEHM_noBD,0.1431269203548581,0.28941357178378607,0.4222749315066053,0.8963546115839901,0.9113029463994387,0.9584008990853732,1.046126509166199,0.060200705213793324,0.18173203542629357,0.1437204459190756,0.2148259479304029
2014-10-14 16:00:00,DEHM_noBD,0.14842508851247666,0.2528325517971336,0.39933727144629094,0.9075640441711327,0.8657728266522847,0.9243569556399898,1.0549188044659683,0.06120178093426966,0.1804719398588931,0.1474130721017938,0.21596596161430687
2014-10-14 17:00:00,DEHM_noBD,0.15136361522489156,0.2308127636741974,0.3705330566786065,0.9825820696130748,0.8183423911577614,0.9392865793950419,1.0137229640556784,0.06235265998203968,0.1673360886030334,0.15036889777095405,0.21917364336655462
2014-10-14 18:00:00,DEHM_noBD,0.15312730218886103,0.2508108809759804,0.35750686154137123,1.0629064317282488,0.7675291281031071,1.0059425752986664,1.060373143169828,0.06767041638350715,0.1533530974352297,0.14902338729622167,0.21996327861822196
2014-10-14 19:00:00,DEHM_noBD,0.16512797871755305,0.20176091242911212,0.33634204433348075,1.2642826388337116,0.6607044573869718,1.0643744711793444,1.2118939688227723,0.07431010377642969,0.15053995020923858,0.14739734069446334,0.2173373211353178
2014-10-14 20:00:00,DEHM_noBD,0.17806609215973052,0.15992939034566378,0.30243867696008747,1.5102316705948193,0.5769865301173086,1.0876886708437719,1.5178857126384535,0.0739376932636347,0.1447837885723688,0.14739936523016764,0.2187685131867695
2014-10-14 21:00:00,DEHM_noBD,0.1721843674996448,0.1436628993820957,0.26283651258402374,1.6450179424811202,0.5020309320317627,1.1563513726329067,1.678988089236524,0.0792446287245593,0.14068285282012732,0.1542510348485711,0.22044574822347598
2014-10-14 22:00:00,DEHM_noBD,0.164112901226417,0.14754002222146156,0.24533962804297274,1.6241257599350925,0.41265748542891334,1.25318196991928,1.6452796761895414,0.10626768395854551,0.15790198850265408,0.1607250561748444,0.21513122115036454
2014-10-14 23:00:00,DEHM_noBD,0.18375167825440164,0.15638477120617855,0.2338302446588349,1.7040004989300672,0.3941347314493031,1.2741689514002792,1.6895238970915205,0.14641061898375846,0.20300025116878,0.16790167342912016,0.2059687471057566
2014-10-15 00:00:00,DEHM_noBD,0.17218564699836528,0.14328912274612446,0.23129198063912565,1.8794299262321754,0.44584563720272835,1.2305587661061588,1.8155731406670037,0.16416866650016032,0.26148013956199856,0.17785681686501967,0.20422288280367834
2014-10-15 01:00:00,DEHM_noBD,0.17020165640656354,0.13924396808941028,0.21094578478213616,1.886593675776833,0.5221124663434176,1.1816837389493375,1.8322957758014273,0.16339527562838033,0.28513536056537975,0.18495525145879063,0.2069023736348748
2014-10-15 02:00:00,DEHM_noBD,0.17185948618444125,0.12116516451584393,0.1759120516150019,1.915466660857527,0.793383469918859,1.1997228500608035,1.6722096798976307,0.1604811727967484,0.2940435210442123,0.1924121366580508,0.2006832451086769
2014-10-15 03:00:00,DEHM_noBD,0.18484836142382563,0.11169130206653721,0.14186826254932378,1.909596154635089,1.4530993346459884,1.2509354688176868,1.5071642050442198,0.15755002556196407,0.28108529647179864,0.21340719610092101,0.19696669664248803
2014-10-15 04:00:00,DEHM_noBD,0.1899094003866471,0.10467417346999507,0.11485435730959216,1.686465334660008,2.1017497506584597,1.4028164960214176,1.452161089804279,0.15801106506524598,0.2657457849420792,0.2738538830192782,0.1950287047649546
2014-10-15 05:00:00,DEHM_noBD,0.207728108659163,0.0942230155913437,0.08886385960562149,1.3841997041996883,2.5622554367597683,1.7089754503057002,1.5390084673356008,0.16407288373544787,0.25582175074598745,0.31606383037664443,0.19005538347210726
2014-10-15 06:00:00,DEHM_noBD,0.25652920121208767,0.19006455419098944,0.1005231022062344,1.3649418510534055,2.752386220629606,2.0861368211434854,1.5689173233398268,0.17348129154570394,0.25307548814216624,0.3318756574020394,0.17666155662216237
2014-10-15 07:00:00,DEHM_noBD,0.2751590912033802,0.42536149794868644,0.21303174397180014,1.3549247755125031,2.5936945947307626,2.4674763281976135,1.7039356406537167,0.18222546685360363,0.26098557181410487,0.37255085990368386,0.16334965055286857
2014-10-15 08:00:00,DEHM_noBD,0.28526656366459086,0.6752717606647357,0.4754784024631836,1.3574868305028054,2.0913476288278305,2.7419553407137953,1.8128099212240625,0.1850661210874467,0.26590105007171616,0.388494646168677,0.15129890991294745
2014-10-15 09:00:00,DEHM_noBD,0.298182069321256,0.5871761003404994,0.8789781378543866,1.3438072585724155,1.5867431542651076,2.7325644786070837,1.9599437837721314,0.18317328647755066,0.27220798619111064,0.3852771992895122,0.1348366228257491
2014-10-15 10:00:00,DEHM_noBD,0.3260421353604923,0.49442151916772575,0.9295648667539732,1.4470531297766267,1.242769773427793,2.7131606903768226,2.0521778687872323,0.18081807321600613,0.2555185378551854,0.38761409947966796,0.11944740339553893
2014-10-15 11:00:00,DEHM_noBD,0.30882419975385517,0.8812252925196009,0.7211657629605143,1.5199644340194758,1.0900739924131426,2.7029385204439618,2.1624169503753854,0.18123677120491852,0.23328656817354249,0.38566575287401905,0.1072917179018909
2014-10-15 12:00:00,DEHM_noBD,0.2784603308886406,1.4145210737598735,0.8084528966699377,1.601716487788743,1.1515071011912448,2.6753364361583793,2.232697188810215,0.1810224072216823,0.26007493974035595,0.37955425028141404,0.09781415699328756
2014-10-15 13:00:00,DEHM_noBD,0.26215090665203744,1.715384904603143,1.154531397035782,1.648762941858818,1.283748918354744,2.627313487448126,2.185988473533579,0.17388405921287822,0.28343276308072723,0.36848579498553635,0.09126618818277014
2014-10-15 14:00:00,DEHM_noBD,0.29848735403620164,1.7550772926764937,1.5239040477866197,1.6305923953903516,1.4682677567681484,2.570978514112048,2.0647211116895416,0.16633296492431293,0.2811194880080501,0.3607819348719796,0.08739363531794846
2014-10-15 15:00:00,DEHM_noBD,0.32612980877650427,2.134558530181388,1.8309481256351139,1.624779997010643,1.7628083082828903,2.4055644615764953,2.121024092330063,0.17266013214636586,0.2737658145796971,0.38652338155102794,0.08460322944948465
2014-10-15 16:00:00,DEHM_noBD,0.3287218181026888,2.8170181696964205,1.9202662646104245,1.626810030741115,2.0159621787873094,2.2214320506739473,2.223966151784583,0.1934956967046483,0.2537898305587749,0.40134654476332005,0.08319557968388294
2014-10-15 17:00:00,DEHM_noBD,0.3607413578807911,2.676188290817372,1.8756919858625063,1.7177041022033432,2.185356218715124,2.1695070773268594,2.3673032889199637,0.20859041858207425,0.23395658741649697,0.41911375890373187,0.08372729729318477
2014-10-15 18:00:00,DEHM_noBD,0.40113504232343045,2.3264834259248244,1.7960444983204904,1.7197685739342368,2.191363451866291,2.1039601348614596,2.4591349494788113,0.21331070151882237,0.21561814811686045,0.4280372677707416,0.0854935388814098
2014-10-15 19:00:00,DEHM_noBD,0.4213842502546682,2.5159130075038774,2.0802163293402667,1.7662092568993126,2.1767801887181215,2.096776359958822,2.4234031149880546,0.20794459275928323,0.2035191739721037,0.43979199032695016,0.08837860086161178
2014-10-15 20:00:00,DEHM_noBD,0.41326169806365837,2.6035148175544855,2.448374361125576,1.9562424365570312,2.192466338305513,2.1192375139184447,2.1539118045748156,0.19903301023581985,0.19343906461246296,0.423695009755399,0.0931019088129774
2014-10-15 21:00:00,DEHM_noBD,0.37441358628557986,2.65521588676668,2.9793649484737132,2.196015769765108,2.132020231780285,2.2315958104145026,2.047296681233301,0.17993519410673517,0.18568572585085397,0.40681963008910405,0.09743096124710646
2014-10-15 22:00:00,DEHM_noBD,0.3364927422738633,3.0550003395120737,3.6209765905741396,2.5538195361657428,2.2874956431882367,2.5937744827595366,2.2433974376317813,0.15255247180743137,0.17824206085139874,0.4070960845213941,0.10459261751592656
2014-10-15 23:00:00,DEHM_noBD,0.3422099103276896,3.2993622118646475,3.946121448367996,2.989686944016246,3.0824381761708692,3.3351492372747678,2.9086664032952765,0.12255713697664425,0.18014658499695355,0.3910644471686705,0.12020854064035105
2014-10-16 00:00:00,DEHM_noBD,0.37725308998544693,3.231001569097973,3.5315094971573817,3.233203158734297,4.087735314662307,4.316505611196265,3.8900557057330376,0.09833921972533677,0.1779814468521436,0.379437307525277,0.14295087576781737
2014-10-16 01:00:00,DEHM_noBD,0.379767850551554,3.2612029682725536,3.0981108089958798,3.2852379027539533,4.696221398742381,5.003567709799666,4.629843891074691,0.07895564699493332,0.172477298662383,0.3691303501465915,0.16455349448443607
2014-10-16 02:00:00,DEHM_noBD,0.3594825937466555,3.390831393277997,2.9796679910524566,3.3014278303286,4.913343694182088,5.201076935108643,4.971705857350134,0.07016874541863789,0.16506327498055987,0.38411688793214965,0.18610879258521068
2014-10-16 03:00:00,DEHM_noBD,0.3751723301660035,3.408671174248667,2.870007961252365,3.1866367500791997,4.954263173756397,4.889785151888744,4.814504380033641,0.061955378781370564,0.15546296542122948,0.39663873630048696,0.20860123685922405
2014-10-16 04:00:00,DEHM_noBD,0.47463889646542023,3.4098444678505793,2.92193861903189,2.950785488920104,4.533951087016098,4.221376961828709,4.285985123603412,0.052797462066393144,0.1510883498373626,0.39505323713828333,0.2456144492425757
2014-10-16 05:00:00,DEHM_noBD,0.664293157658209,3.6693593515475067,3.161412658263288,2.6877968095598344,4.095353689247088,3.5420213114157253,3.634442918510122,0.04597465875333153,0.156417264488004,0.3791119413150613,0.2762799164107346
2014-10-16 06:00:00,DEHM_noBD,0.735463639146178,3.7330043766559213,3.480857105408081,2.53859271400108,3.6816983444408002,2.968902999802423,3.0754436232912505,0.04250731138978142,0.15782446081230403,0.3780212619619303,0.2725978178417798
2014-10-16 07:00:00,DEHM_noBD,0.7164289778913021,3.627120252056564,3.6094908685904112,2.0216818142109556,2.6933831364705227,2.205986545660162,2.539890601670045,0.04290997674124303,0.16637047854543652,0.35305275256881014,0.24342446443975885
2014-10-16 08:00:00,DEHM_noBD,0.8842415579528384,3.2304213362262035,3.281345007090094,0.8041733089056325,2.0700996617519416,1.45010519900283,1.505612449991984,0.04404426695873945,0.1697791896163019,0.303377363758902,0.20469070669479655
2014-10-16 09:00:00,DEHM_noBD,1.1133549369903886,2.5547795579492045,3.1771356210811716,0.4227457985512444,1.404703729549376,1.1849565467584193,0.8920676733475795,0.046989735907902806,0.17021630729862014,0.2857871879693283,0.18228079676777575
2014-10-16 10:00:00,DEHM_noBD,1.4251874001239278,2.455320432090963,3.2272265039215595,0.4195509829103364,0.6396123165892438,0.990658822881504,0.7892753336713667,0.049727054240573054,0.1652008965698419,0.27974384268756947,0.16979062319008154
2014-10-16 11:00:00,DEHM_noBD,1.8810380460642837,2.605428702292196,3.1916317257950273,0.533736635573367,0.5850911317690461,0.8831759118149607,0.8408003029984852,0.05113912851135228,0.15915766423579292,0.26789550585394134,0.16561249547415863
2014-10-16 12:00:00,DEHM_noBD,2.1722162424385467,2.640156053966933,2.8605603529407255,0.7067077740855778,0.5957314231768156,0.9553731061589654,0.8797738942464783,0.05142568775941608,0.1493057649644928,0.25966643847099447,0.1632179100286401
2014-10-16 13:00:00,DEHM_noBD,2.2296270887988348,2.1820649355036035,2.170899364844716,0.794597829536364,0.5287549459451716,0.974313203980411,0.9851835364086923,0.05233969107376399,0.13690236365475444,0.2698167779839492,0.15780593321103123
2014-10-16 14:00:00,DEHM_noBD,2.249028288819552,1.6328693387713402,1.692800252256308,0.8252039108263749,0.44080824224816617,0.931933483414876,1.0208472381190021,0.05181015140793277,0.12426407879716006,0.24982546767809863,0.15116585576750088
2014-10-16 15:00:00,DEHM_noBD,2.2529871586707086,1.718719743149066,1.338903147232024,0.8458764646277402,0.3531057572514004,0.8355171141080231,1.0264522673005663,0.051973975847577555,0.12055136932766518,0.23383538937610282,0.14692771923882758
2014-10-16 16:00:00,DEHM_noBD,2.293512546306926,1.9918646347088205,1.155098305507352,0.8885249510460265,0.29837946677726673,0.8070695048478636,0.9902092724140046,0.054941137799005724,0.12193584008601714,0.22976221739832742,0.14815546828932827
2014-10-16 17:00:00,DEHM_noBD,2.4424020215851954,2.2734906475365735,1.2362172368562923,1.0301141557520046,0.34880003145135463,0.9451050005487056,0.9875482283286922,0.05249954722403538,0.12397907138055533,0.2643874181530647,0.14737941086282857
2014-10-16 18:00:00,DEHM_noBD,2.556542531014912,2.088733383624602,1.5581851166080833,1.226479744661591,0.4771170636822468,1.2566972135885262,1.2506502419974803,0.052011480079404884,0.12461544536652026,0.3324594139966217,0.14057478181404728
2014-10-16 19:00:00,DEHM_noBD,2.7859125036638313,2.157309428144163,1.7982786036288307,1.5629804174538768,0.6795748792436391,1.5437049154037759,1.691302292017941,0.06359486284106947,0.12599506991904677,0.3572877153751413,0.13720320894671725
2014-10-16 20:00:00,DEHM_noBD,2.8676498119663214,2.1850855371293445,1.8266836673348812,1.8854473458462953,0.8078185999880824,1.7260669737532783,2.1147842010560436,0.06036357411995525,0.12958716440359117,0.4988585086270798,0.1445629703746449
2014-10-16 21:00:00,DEHM_noBD,3.091648540605399,2.250324272930614,1.6683320929056795,2.1203839825541504,0.784690634833686,1.8629616186385196,2.4606266724769843,0.05225252664735532,0.13100462081224645,0.5345415553996543,0.16421289121888902
2014-10-16 22:00:00,DEHM_noBD,3.2255762239247425,2.3561423699324218,1.5681665603541397,2.2193582455980883,0.7369310996669065,2.0033505713710285,2.686617169529405,0.05695840681800608,0.13045824455047947,0.4569359033244562,0.19724251104278984
2014-10-16 23:00:00,DEHM_noBD,3.256855714359856,2.491500511263921,1.5877020786567804,2.3193217837604445,0.7247757733828759,2.289452342543692,2.859123342501871,0.06147322875738127,0.12897635016161005,0.2736505353729729,0.2236775308934128
2014-10-17 00:00:00,DEHM_noBD,3.227802019218381,2.647750962512903,1.622808379613976,2.3507815283458173,0.8434557091717421,2.709227525091776,3.078196287651829,0.06552808578461392,0.12806976535778486,0.21338036496166243,0.23288460200426203
2014-10-17 01:00:00,DEHM_noBD,3.378723779105921,3.017727197122002,1.6837865170642166,2.34456418377942,0.9777867265451139,3.0108832039193385,3.264241416213575,0.08783731749907127,0.12484791401846781,0.23873913018934417,0.2551748039292578
2014-10-17 02:00:00,DEHM_noBD,3.420925220796538,3.016957386074726,1.829087523824192,2.5390363829990017,1.2452787554344162,3.2041054270947456,3.433326874722013,0.1263372844618185,0.12008812798265119,0.27820775868348063,0.28385214591545294
2014-10-17 03:00:00,DEHM_noBD,3.142403261571005,2.5557729224588535,2.067932136266391,2.561697168479754,1.7771659397228436,3.1971234930494705,3.464067234821471,0.16266561050176612,0.11463830425842418,0.2851772374390366,0.3078142902105125
2014-10-17 04:00:00,DEHM_noBD,2.6782389015377612,2.187953886170987,2.383196269816626,2.499668994137793,2.229094571634438,3.1999670834232377,3.4725336163329676,0.19715504316218188,0.109250334593912,0.23158961476914341,0.3236002070480941
2014-10-17 05:00:00,DEHM_noBD,1.6652510952477158,2.11470380294437,2.579256083841787,2.452098090386376,2.410933864952037,3.143171244579273,3.3614372845587046,0.2109553715814649,0.1042458713529793,0.1972139588554669,0.3325143309694618
2014-10-17 06:00:00,DEHM_noBD,0.9712806798719102,2.2018748566859503,2.6848230108134232,2.4051955995272647,2.435941239645216,3.090740559536426,3.2602286986927664,0.19684268116168668,0.10017723432542971,0.16867272947978224,0.32188012705749847
2014-10-17 07:00:00,DEHM_noBD,0.5183313542116199,2.2399100724090673,2.709685837416057,2.1346107187147263,2.011437588355369,2.6520248740528545,2.9139862917784005,0.17610172536090002,0.10384125977647009,0.13617641301310143,0.270681028587218
2014-10-17 08:00:00,DEHM_noBD,0.451037649321933,1.7936338290095468,2.6729589428941973,1.9246894300862614,1.2117218238993175,1.7796667010425269,2.531749152577672,0.15293000449843697,0.11116607083631903,0.1127512398629297,0.2377647148489323
2014-10-17 09:00:00,DEHM_noBD,0.46660618480556626,1.7113053108753644,2.5569346034177687,1.5962775170650179,0.6960110170374344,1.0819309435180329,1.9939603380472717,0.1274183103067427,0.1121280552836483,0.10207605001191716,0.23904406082081367
2014-10-17 10:00:00,DEHM_noBD,0.34133295325808444,1.3961945250243517,2.4448558766734427,1.227812290342445,0.579608421862372,0.7190546004900285,1.408395771486538,0.11747471220033234,0.12302657789787262,0.11705328241382076,0.23768652691760084
2014-10-17 11:00:00,DEHM_noBD,0.21972398336112492,0.8546978956136353,2.379837407297994,0.9019666326380663,0.4984867937916609,0.6311401882524454,0.9194398316121116,0.1128614803573674,0.13923515241191942,0.11078251365185708,0.21655250493128192
2014-10-17 12:00:00,DEHM_noBD,0.21151688384604742,0.5103592823502461,2.336129103297374,0.7090610003330048,0.40632426262862037,0.6473497876388056,0.7145656971784774,0.11481607292477033,0.16237655671274392,0.09803648146431941,0.1923613762394652
2014-10-17 13:00:00,DEHM_noBD,0.21885443030386448,0.43374865927800094,2.3118848162838126,0.6551354141754224,0.4156930235489504,0.7277508093939739,0.6309489202787051,0.11696016565259533,0.1715956680015683,0.08826433542487579,0.1773141358645091
2014-10-17 14:00:00,DEHM_noBD,0.20797280397837162,0.45835443736412174,2.1344354512429664,0.6678669137599622,0.4644629573428071,0.7529655469391076,0.6796708516054686,0.11114421592047424,0.15377472420926128,0.08527167120869815,0.1623369830008608
2014-10-17 15:00:00,DEHM_noBD,0.16309809094187783,0.44621113097140475,1.767907067284104,0.6897558594237054,0.4875393669765349,0.7741731521081614,0.7545741880961365,0.11254660023048511,0.1340304207132941,0.07538867894223797,0.17120630254930283
2014-10-17 16:00:00,DEHM_noBD,0.1372275089576141,0.45798392828088796,1.1030977637301076,0.8167180686684796,0.5903430218117963,0.862589778619292,0.9121254787481783,0.11668022931028138,0.11386509681016951,0.076183250372575,0.18924888291455208
2014-10-17 17:00:00,DEHM_noBD,0.14145074214470799,0.5879359711403448,0.8813410899601352,1.0648860683877743,0.8334705676066175,1.1115767748007157,1.2016213147317327,0.12295352447899045,0.10510731788997843,0.07676522358124283,0.20749438959114946
2014-10-17 18:00:00,DEHM_noBD,0.1597701448966177,0.8295257281557075,0.9427514170436293,1.2380416076477878,1.256101041468498,1.437781449877826,1.5163109527501961,0.12656265283824866,0.10671988969829123,0.08573800548323193,0.22677968784863614
2014-10-17 19:00:00,DEHM_noBD,0.18858812393237007,1.0455502882358312,1.014675802337178,1.3426005814455384,1.6764215294455178,1.654140112326818,1.7076438284802415,0.1259354819590597,0.11052405525442363,0.10395907466596908,0.24686686887589065
2014-10-17 20:00:00,DEHM_noBD,0.21736819369344962,1.2916112766657235,1.239652573631604,1.6015357923264626,1.8216963404424094,1.7743803058670744,1.8481997147219251,0.12385425029296411,0.11596073997794613,0.12244331474834436,0.2683415585389325
2014-10-17 21:00:00,DEHM_noBD,0.22557753725894245,1.5948516024646733,1.6315137118337488,1.573584810104536,1.8950733854600508,1.980397921789117,2.0001945155634853,0.11747093756519246,0.11633903951684751,0.1282053040508028,0.2920270412417253
2014-10-17 22:00:00,DEHM_noBD,0.2764448390873567,1.9769408402077921,2.0835992220054687,1.5942788228440372,1.9809205585121454,2.1118463197261343,2.0496929199333396,0.11860069744728484,0.1128574804190326,0.11823563368874057,0.3198743041611844
2014-10-17 23:00:00,DEHM_noBD,0.3291723685712227,2.4528263225967946,2.3891302342973546,1.5054731914138646,1.986971358808768,2.0930835530777294,2.1086899862827995,0.13553809534789987,0.10626257038215582,0.1122696915111663,0.3500954535465908
2014-10-18 00:00:00,DEHM_noBD,0.36815301804893874,2.9778854359871496,2.5698450089579405,1.4547206777095474,2.026925459083831,2.0649377929109445,2.0422378845307367,0.17582691419351845,0.10265180289816832,0.11445505619141189,0.37845493377471007
2014-10-18 01:00:00,DEHM_noBD,0.41691950383089244,3.210352980299812,2.773063178331801,1.4819043107643428,1.9966866730242083,2.0902663787228466,1.9750506182429106,0.2267049535105748,0.10410653622146045,0.11710712543763757,0.40450102721111997
2014-10-18 02:00:00,DEHM_noBD,0.4425687042521109,3.116060278223881,2.923759709431023,1.7746717286497378,2.1120808896171304,2.163140906492778,2.0564156161886937,0.28678805250830935,0.10793583328919766,0.12366232184253936,0.43338050732018296
2014-10-18 03:00:00,DEHM_noBD,0.4904714993279893,3.098367646641573,3.3460436585022464,1.6405957920287597,2.1023370951809923,2.016445645211334,2.116074263276305,0.31946370815645897,0.11163257449574059,0.1281299924856949,0.4636513812681972
2014-10-18 04:00:00,DEHM_noBD,0.5764398239054909,2.844588862175513,3.5783187327113706,1.2777588880856219,1.6634268894199185,1.525598082996905,1.9545761298865405,0.32408599569942786,0.11692083669562925,0.14547523363256595,0.48645708658507425
2014-10-18 05:00:00,DEHM_noBD,0.7543315485592261,2.5771968563882495,2.96221941546286,1.4525235504527343,1.1818916183787072,1.2051908715484407,1.6439865826613316,0.307711154165212,0.12088313137670648,0.21201992720447926,0.5107074517952201
2014-10-18 06:00:00,DEHM_noBD,1.2278915395511873,2.4842784814291208,2.4329474155446005,1.3935816102360632,0.9274225205689993,1.1434582511866895,1.6959475610304857,0.2915675077560915,0.1275044306701695,0.29114215547918476,0.5290223649188125
2014-10-18 07:00:00,DEHM_noBD,1.755529333160743,2.727383709005015,2.373227895069562,1.1997981124281138,0.8703741030561039,1.1499296812249835,1.4796950252557033,0.2568224204398132,0.15758899324677403,0.46889018092201856,0.4450960196620918
2014-10-18 08:00:00,DEHM_noBD,2.10397147812583,3.087237832403072,2.478432596558259,0.9449889944093813,0.8846585217698151,0.9328508851431193,1.1913499216337406,0.2693022816016337,0.23469635927471558,0.7677738147962234,0.32872979501743793
2014-10-18 09:00:00,DEHM_noBD,2.1028134549951765,2.8096687648164322,3.0712613330535197,0.7928928034753049,0.8736127358292416,0.8352400754638871,0.985415915381211,0.42054538057157753,0.31161271553671904,1.2555865372934123,0.2937847484775201
2014-10-18 10:00:00,DEHM_noBD,1.9988373011250338,2.949623863052647,4.137477359000521,0.680539672067857,0.931824839064111,0.8466139294601618,0.867472819295481,1.0120174342498183,0.41705801144870214,1.695925778312115,0.2781005506124021
2014-10-18 11:00:00,DEHM_noBD,1.9049149009292106,3.129612238374549,4.323844596939121,0.5458798956894969,1.0601717167953075,0.9237637590654807,0.7981596595437581,1.435316759595461,0.603416206234046,2.156175707092338,0.27557634489761645
2014-10-18 12:00:00,DEHM_noBD,1.5228637566394034,3.4975881924807757,4.003550546065912,0.36267535624546565,1.183075265425042,0.8964583092378948,0.6843103106134487,1.4564144222141056,0.8963038117339204,2.5607552559744304,0.26038727177795007
2014-10-18 13:00:00,DEHM_noBD,1.302996444321607,3.9571600221964367,3.8822303822737574,0.24888026514462636,1.1509472616366796,0.6968027583684269,0.5105455686594408,1.4295889278556222,1.1981129455763475,2.406158966550613,0.23870008781302834
2014-10-18 14:00:00,DEHM_noBD,1.8008387670157553,3.9799041114739833,3.1410674068750786,0.17619845899627004,0.8919886072667897,0.550311434759508,0.3893206441968166,2.0166550033534505,1.4966366642617026,2.3780959985200743,0.21281921618711194
2014-10-18 15:00:00,DEHM_noBD,2.716223789856697,3.912656957963929,2.4307033074036792,0.20099254989543905,0.8337651738482719,0.6047092642546654,0.32948551927906883,2.6964098451311704,1.738691361645642,2.5277701500280827,0.19103936721081224
2014-10-18 16:00:00,DEHM_noBD,3.1352121341881998,3.254649679539035,2.0925432279422695,0.3554247598794242,1.032677873530673,0.7681872008835965,0.45986577328271105,2.160149342638683,1.8571255154639201,2.668419465900376,0.19173158765276577
2014-10-18 17:00:00,DEHM_noBD,3.7313795216396115,2.7016336845976636,2.2573741832218603,0.5246736835515472,1.2767448968877262,0.9456838073731155,0.6541148631944053,1.1456077722308133,2.0432523997255765,3.04167830210958,0.1927461259983043
2014-10-18 18:00:00,DEHM_noBD,3.6232568292013814,2.6480581814918995,2.317428190509657,0.6456842326956037,1.411706386116502,1.0485414509914701,0.8262415770811763,0.5935588543015904,2.571089271768574,3.939815533219135,0.17517329006403737
2014-10-18 19:00:00,DEHM_noBD,3.4954689692887375,2.946254639955928,2.034385569310402,0.7778168815399807,1.339809774869659,1.1802094597440602,0.9793727728377005,0.4149330373127571,2.9453878402806444,4.300873945781978,0.16257912219098047
2014-10-18 20:00:00,DEHM_noBD,3.3416438981027543,3.377444973226765,1.6105265887916342,1.0181894992007845,1.358337963754472,1.4114210858771559,1.2085034986905459,0.2994610733087359,2.5617027308006395,4.233635049855863,0.15828511804696152
2014-10-18 21:00:00,DEHM_noBD,2.947655567323112,3.656015717551316,1.2363899712784658,1.3546152862709466,1.5324243491048333,1.6550673615405826,1.4919459844478704,0.30500649422099807,1.6270645789605476,4.1401304675491435,0.1692031810982641
2014-10-18 22:00:00,DEHM_noBD,2.8950532036706393,3.8422525008494306,1.0917646545015176,1.7721291561124315,1.7509697316053754,1.8652459258528065,1.7295322781876394,0.3393422297642379,1.1484442150201275,3.5406981777480935,0.20381054086774347
2014-10-18 23:00:00,DEHM_noBD,3.366221664101829,3.577445166605927,1.086994868507136,2.0825416877049294,1.907384410369238,2.032759225521077,1.9356305015215396,0.3632330171710251,1.0595875296997697,3.116511998971528,0.26102105394708675
2014-10-19 00:00:00,DEHM_noBD,3.9490191583752257,2.847781321630582,1.1182858408691791,2.2733057121733133,1.9693193694767088,2.183180553813874,2.2003452065406486,0.41535345920406275,1.2967185222708482,3.3774071318076646,0.3306296980413793
2014-10-19 01:00:00,DEHM_noBD,4.217651570375813,2.0601807242004386,1.1725484201969254,2.282265092913238,2.0283254596862754,2.3098567990039376,2.4488760601768678,0.43124239402927445,1.7825721267621404,4.018106968182837,0.37159895067168147
2014-10-19 02:00:00,DEHM_noBD,4.201848979828893,1.7239061765873132,1.1954871649733714,2.0955000100472727,2.1853102536400804,2.417916021318888,2.5011010717345004,0.4194159226658195,1.8999738690461916,4.6401478758900145,0.37619440472806787
2014-10-19 03:00:00,DEHM_noBD,4.040612743410626,2.121019825283296,1.1459693603413816,1.829184819521234,2.42974581106608,2.5089144467658624,2.3752921977159946,0.4262149401301145,1.8692692976083045,4.720209766549864,0.4309530242231232
2014-10-19 04:00:00,DEHM_noBD,3.8339690986666826,2.1983535746291603,1.1071419552773936,1.554703126102098,2.696480031569889,2.6071263322760725,2.202703948063237,0.46710730859499416,1.6947965520320087,4.433518226237213,0.5664430488427542
2014-10-19 05:00:00,DEHM_noBD,3.2787112098210396,1.6890393883380386,1.0140242249351066,1.4016044687961275,2.9390712000474988,2.7404142836577696,2.0557894341985055,0.5161679471837728,1.4991214021649488,4.009160928495792,0.6718807756616514
2014-10-19 06:00:00,DEHM_noBD,2.1590974131870175,1.2526838327911798,0.6965449559682375,1.3406027658713129,3.0542523545590416,2.8370184481867855,2.0639818266874728,0.5128644072762876,1.453084284018455,3.608752787238615,0.6976406154972615
2014-10-19 07:00:00,DEHM_noBD,1.2184285084403352,0.7426195167724519,0.32078427597129855,1.3357486718644913,2.8281204075634294,2.8195345515752104,2.1718706426618453,0.485055173298642,1.5890472000048406,3.2701375799283525,0.6532088377527216
2014-10-19 08:00:00,DEHM_noBD,0.6962060138368188,0.30247779616811654,0.19382281402561216,1.4566879412766875,2.132245019254424,2.57316246872138,2.2363113030432364,0.4739001849072798,1.5967262165498823,2.950740171697866,0.5632974162542727
2014-10-19 09:00:00,DEHM_noBD,0.5189209903437689,0.12184733638395114,0.17347882164301803,1.4860517086180771,1.158778728533266,2.24712349274039,2.1798720097162705,0.4192342566303535,1.3484401456987392,2.3342034586609177,0.47281471933193386
2014-10-19 10:00:00,DEHM_noBD,0.4603261769459628,0.07289111025940938,0.15806484383403369,1.5641207801857286,0.4616845495515083,1.7289752011659476,1.988978755345296,0.3600160598297417,1.013008095644312,1.5679921185519943,0.3552862792056798
2014-10-19 11:00:00,DEHM_noBD,0.30752275420937675,0.07413782640122442,0.16597930295682387,1.48177685029425,0.31939317773120934,1.1856053329516458,1.6713857891429744,0.30131346324920644,0.6583468869460747,1.0146196853822982,0.2829645942494779
2014-10-19 12:00:00,DEHM_noBD,0.13777595233161694,0.10095479824745668,0.1859156052835634,1.2928264587333627,0.2980451121454963,0.6508971241338062,1.4656571550692183,0.25095563512511543,0.37091796209005634,0.6063184918079758,0.2436194522036716
2014-10-19 13:00:00,DEHM_noBD,0.0990150030123371,0.1542509045567147,0.2271665963279152,1.1582231962805651,0.2808982239277102,0.3945019581860487,1.139972598941495,0.21905599569261053,0.24646491260938333,0.12508165433753093,0.23087122137392538
2014-10-19 14:00:00,DEHM_noBD,0.12194625262561715,0.18324601471222662,0.2601825604399339,0.9633010537144373,0.2607783954406481,0.3148013516227061,0.7291111769660603,0.18373186399161806,0.19435296064029436,0.06281121666588121,0.241898394726288
2014-10-19 15:00:00,DEHM_noBD,0.1504128529929345,0.2080606244581183,0.243683459493073,0.7874448198001649,0.24490580009646706,0.29368610655993443,0.4582820884088999,0.1500347865791244,0.19171853073289147,0.15911420426250864,0.27076408690957915
2014-10-19 16:00:00,DEHM_noBD,0.13343689330471206,0.23976753818766003,0.23132256352711458,0.7132509442009282,0.22809651265248637,0.24394642349378803,0.37710515763938324,0.1206699612817447,0.21607188129790117,0.4094543117534831,0.3000819716979575
2014-10-19 17:00:00,DEHM_noBD,0.18602217087824358,0.25565829095709186,0.22476156677905518,0.72659672728339,0.20044707068793466,0.2685965150751666,0.4888830240231882,0.09764514362124721,0.2425400152468587,0.454401321613246,0.32817261200370956
2014-10-19 18:00:00,DEHM_noBD,0.31063288079466195,0.2771358413662964,0.15763385251860385,0.7931968643638858,0.17221669218837277,0.4945434096061464,0.7266628527792383,0.0715041527032479,0.251075284773053,0.43757026203111277,0.3621646798293676
2014-10-19 19:00:00,DEHM_noBD,0.3690763976628798,0.3116352307172773,0.09760347908548758,1.144520672709198,0.15157400572788887,0.70451029795665,0.9542254541391522,0.05745985100853596,0.26840369906710915,0.514113791520805,0.40341775906872224
2014-10-19 20:00:00,DEHM_noBD,0.26599741814858274,0.23498039412679317,0.07660949277530911,1.2748215235100402,0.1415532459367671,0.6992297824784165,1.1791762304840123,0.049716321839237916,0.25889705412321706,0.5287120356189552,0.4346290541266433
2014-10-19 21:00:00,DEHM_noBD,0.21082587335578848,0.13693605198233538,0.06570184658824911,1.305207513627698,0.13588591616347412,0.5876061011908988,1.2681814301357737,0.04198712910687308,0.18267555823042977,0.45561326236294564,0.4444938761848612
2014-10-19 22:00:00,DEHM_noBD,0.20052655415228088,0.07285204696645127,0.05380944109842169,1.3680917692968066,0.12657635589466412,0.5426028273265447,1.163334443448597,0.03832643183339147,0.14836930966826614,0.40333456296620634,0.4258607289060588
2014-10-19 23:00:00,DEHM_noBD,0.18852671085027034,0.06145060346402484,0.0532338630619222,1.32667340374409,0.1281172059158467,0.5990254352010798,1.0232492125706039,0.03498603212729988,0.12391224834651557,0.3648576267560523,0.3953109400846401
2014-10-20 00:00:00,DEHM_noBD,0.12834892645318385,0.05541549668880415,0.054382535408805256,1.2515452731547814,0.15399523630449535,0.6673735012730544,0.9863376000545954,0.02880565612702245,0.08532353351469484,0.25650976825138305,0.36599247626233655
2014-10-20 01:00:00,DEHM_noBD,0.08936786834259738,0.05355574816684917,0.056443787177446275,1.2168521234627498,0.17394630113337176,0.6479848144204221,1.0333793794309951,0.025341275951270288,0.06132891808852305,0.13825459764547177,0.33349854694222436
2014-10-20 02:00:00,DEHM_noBD,0.07690225115730642,0.05507804746788249,0.06351251086583717,1.2230795167281263,0.1805232956412713,0.5081880278513522,1.0857029923684878,0.024415791643434975,0.0567359247245962,0.09862259314982615,0.2982500496119387
2014-10-20 03:00:00,DEHM_noBD,0.06348649265473226,0.059746103568163525,0.07093485642411514,1.2679875876146491,0.18261506037170053,0.3512249343797502,1.15036635444322,0.02251713461059489,0.05212198906197488,0.08600392172504671,0.2550264221202616
2014-10-20 04:00:00,DEHM_noBD,0.06177232077411713,0.06602777969124482,0.06250924265840559,1.1914100106546401,0.17489370155286033,0.2928614169686196,1.0059357480489737,0.021332209980594794,0.05017869314255408,0.08964482936538741,0.2007263667933007
2014-10-20 05:00:00,DEHM_noBD,0.06545353829397796,0.06075047257132791,0.05816096583129593,0.9296345240998118,0.16495429590526944,0.2612040452303599,0.7590565877246405,0.02118220634661929,0.049899871589303785,0.07284665451264717,0.14949693088788876
2014-10-20 06:00:00,DEHM_noBD,0.07480778567522745,0.05463040698376156,0.05754739123116815,0.7440494922218172,0.16524111857141824,0.2324810666920078,0.657469964831749,0.021315307030549405,0.04538946600203868,0.07372995971408973,0.11733732034460374
2014-10-20 07:00:00,DEHM_noBD,0.0768709173672599,0.05385934423888406,0.059272357374168534,0.6049311687100312,0.16444543250519764,0.2111104473912193,0.5425982515678315,0.01944732854987299,0.04456781901516939,0.07820240875226649,0.09557349139320295
2014-10-20 08:00:00,DEHM_noBD,0.07053442864527441,0.055346066991327304,0.06159870246146569,0.43191265402396617,0.16130394401375653,0.18458270646636107,0.364879740391019,0.017262710771775103,0.047865407696775955,0.08219985075334417,0.07929221945095105
2014-10-20 09:00:00,DEHM_noBD,0.06473171214230583,0.05811674908764387,0.06402083561005642,0.35819344550274856,0.16920021202676455,0.17926966713931022,0.28652929080662065,0.01567058204803591,0.05153228133212755,0.07792703317642784,0.06991609327501255
2014-10-20 10:00:00,DEHM_noBD,0.06569104832484135,0.0603253300754504,0.06825928114840639,0.3322408987050116,0.1834541394153842,0.2044148503058732,0.2907687433534577,0.016199211815125097,0.05029053282916538,0.07146447617835573,0.06083369574789646
2014-10-20 11:00:00,DEHM_noBD,0.06728478845848923,0.06323587145340943,0.07269185520062105,0.3348697561417254,0.20248482770349824,0.22763816596784828,0.3108386557768302,0.01813447724126266,0.04839863977236659,0.06983571138964843,0.048184074626911745
2014-10-20 12:00:00,DEHM_noBD,0.07050045167342639,0.06693351524056652,0.07782767091514656,0.3580891472213713,0.21527003668185773,0.24262936638899874,0.3347832284744279,0.021433056355537685,0.04483940530450997,0.07039891440067202,0.03730626079578875
2014-10-20 13:00:00,DEHM_noBD,0.07316975974388296,0.07188819031892311,0.0831015364243648,0.3734524025276337,0.2121602319216029,0.25570424977548123,0.3470120854672818,0.025011463766181706,0.042054905344331504,0.07115466465762224,0.031145033987928103
2014-10-20 14:00:00,DEHM_noBD,0.07507712550641962,0.07620561563722726,0.08642512648344038,0.37952800302013345,0.2069679066417552,0.27997953061245895,0.37046099431158586,0.02945273422248415,0.04365047984268041,0.07414600746196895,0.027540135006063893
2014-10-20 15:00:00,DEHM_noBD,0.077671880036703,0.07755773359721432,0.08653060771365585,0.4152978022982664,0.2307113440265412,0.31845534941222703,0.38398890592678275,0.03704697690079917,0.04775017065558566,0.0772895933187262,0.026069938239039497
2014-10-20 16:00:00,DEHM_noBD,0.08077995629592398,0.07679724094527596,0.08683097344710071,0.49891868485602964,0.24564860461105115,0.46263455401526915,0.42131028496619793,0.045253816079733195,0.05118882160298984,0.08072631349393981,0.027102672215332156
2014-10-20 17:00:00,DEHM_noBD,0.08254363364514185,0.07627045485548163,0.0917794112216182,0.7330889891381137,0.2782393573069105,0.5952044614110723,0.5740041886361691,0.05316850077162609,0.054379348420737994,0.08460777463149759,0.027001140172277716
2014-10-20 18:00:00,DEHM_noBD,0.08321518974295906,0.0806592519206452,0.10067861475418134,1.0336296575562383,0.38731783759356,0.7022610573908987,0.7637110752849521,0.06029268873583735,0.05723412570940313,0.08639351270218706,0.026331048943280942
2014-10-20 19:00:00,DEHM_noBD,0.08578626664787241,0.11549215964655268,0.10687155380307523,1.3192900859625492,0.5842181836009723,0.9031184711809681,0.9369074496242171,0.06471299862779076,0.058812003231255607,0.08642984312043055,0.02644507262505757
2014-10-20 20:00:00,DEHM_noBD,0.08862388232252044,0.17357354947381184,0.10800696178801847,1.4676723072938338,0.7114701702928728,1.0865142075064278,1.3198820903461712,0.06812885363267489,0.061682152188245146,0.08900097040705157,0.0280020597698155
2014-10-20 21:00:00,DEHM_noBD,0.09260195355781174,0.22848792372645937,0.10964874097589322,1.5246715977136016,0.8153648399414867,1.1679691960826575,1.6470243537553486,0.06884926534901359,0.06632505964447609,0.09498299467850052,0.028715852919070414
2014-10-20 22:00:00,DEHM_noBD,0.09961795690103627,0.26144202177677467,0.11883135890459146,1.5904150969542823,0.9478875396950449,1.1883149137068925,1.645437253618904,0.06871538192504995,0.07088236393280913,0.10796166818761699,0.028751135923246355
2014-10-20 23:00:00,DEHM_noBD,0.10916759532207843,0.27145280809439587,0.13411391236855616,1.6996034693098505,1.0740554175735264,1.2059608569621958,1.5395967067840544,0.06513881136450897,0.07400030981585895,0.15916879947504245,0.028801753081711342
2014-10-21 00:00:00,DEHM_noBD,0.1144568875916185,0.25277432846088305,0.1512897817436284,1.676953085143397,1.1116461674846896,1.2285574022700916,1.5513894511052628,0.06129404619075339,0.07674279306831755,0.22066308412606817,0.028419436696406487
2014-10-21 01:00:00,DEHM_noBD,0.11363952749158242,0.23600947128721605,0.16936042607491358,1.6245349963516094,0.9338766679766399,1.2329431145349588,1.5968908258457999,0.059026946019725746,0.07794987608268843,0.24661357747804363,0.02852318113767877
2014-10-21 02:00:00,DEHM_noBD,0.10507989847204864,0.22733372164884677,0.18804606984496566,1.5302237375949872,0.6144681037779618,1.2063333357264576,1.6628013939001165,0.0598109862691977,0.07868694605011486,0.2786446717516332,0.02997580013041345
2014-10-21 03:00:00,DEHM_noBD,0.12249458384585785,0.2265114553395145,0.22177135722521685,1.4137828414592841,0.4880454244268685,1.22259107533094,1.7834239189991425,0.06341202486092566,0.08005551743343456,0.30758612947314956,0.033133058611436186
2014-10-21 04:00:00,DEHM_noBD,0.18742142492808384,0.26075727265689863,0.2791056729728216,1.117084639951131,0.4996075735713912,1.2448747948088357,1.667457650682572,0.06858163701497952,0.08943430001213211,0.33326653723527677,0.036834988161386084
2014-10-21 05:00:00,DEHM_noBD,0.2934573437458205,0.3057294325727735,0.3145187182708689,0.8666405295349262,0.5844551041600852,1.1515489301605055,1.395318659473371,0.07382833005765381,0.11176833099799216,0.3831608692779158,0.04307167493679778
2014-10-21 06:00:00,DEHM_noBD,0.3252334427027077,0.36246722658067343,0.44611046615023847,0.7509525408331676,0.7153119743863865,1.0125706646977923,1.1601695158198009,0.07753595327794684,0.15913933563927177,0.4335452962597435,0.051120808514494395
2014-10-21 07:00:00,DEHM_noBD,0.2722890319722051,0.4390395978221156,0.6784374726082802,0.6863484462871157,0.7194141438008845,0.941254483278956,0.9643924340620218,0.08479382633449949,0.20135812120671379,0.481896153748543,0.05909065303719176
2014-10-21 08:00:00,DEHM_noBD,0.3182832352359126,0.45528928695948556,0.48977455085438387,0.8647861873155558,0.5257149892637785,0.8471146008956513,0.9895233969928212,0.08346881645270152,0.20705689072757022,0.4282608550977939,0.06826112936404527
2014-10-21 09:00:00,DEHM_noBD,0.6102362533571872,0.453160405633631,0.7127903615240135,0.8793032743763558,0.369050088993078,0.6144631678387709,0.9957440340846359,0.08268026521598905,0.19315397195865391,0.3735430394817818,0.07139868670906385
2014-10-21 10:00:00,DEHM_noBD,0.816141064827335,0.6359411814906493,0.6731110647184902,0.6534385297533322,0.22504108089214173,0.45131513652933813,0.660693249057057,0.09414188219983123,0.16851844677429623,0.4550288686511129,0.07296615165679696
2014-10-21 11:00:00,DEHM_noBD,1.0430378523597819,0.7410150734970355,0.3613536612625566,0.48340659371857153,0.10998939662824378,0.28789005472911827,0.47319298445276486,0.14875331396617913,0.16535870027865268,0.5696438379584188,0.07486120020749959
2014-10-21 12:00:00,DEHM_noBD,1.7404557798787204,0.9718538282726871,0.2993931451251951,0.3306426016106602,0.06449627538540392,0.16723601013823539,0.3076453785511728,0.2564058994558731,0.18693590858252007,0.6779905424750075,0.0746356916129773
2014-10-21 13:00:00,DEHM_noBD,1.8440637490644283,0.9526786468997266,0.22858997841804052,0.20193437804704029,0.08403938717021592,0.08892164157375544,0.1948335992206062,0.3162155936440032,0.21697389628467723,1.0677156638621441,0.0782275446338205
2014-10-21 14:00:00,DEHM_noBD,1.9427626738804378,0.669881600886482,0.2528532574411204,0.1314629078537109,0.10466334550581856,0.07269689737995697,0.1040497221577251,0.3144802820478378,0.22658765591584837,1.8456131099262358,0.08288116166916192
2014-10-21 15:00:00,DEHM_noBD,2.2651862508438922,0.5537791219899059,0.29196926439110304,0.09778103057150188,0.09186561786862076,0.0944316001715269,0.07789004882725441,0.3191121780165843,0.23612092664266465,2.249020870245384,0.0829025125489475
2014-10-21 16:00:00,DEHM_noBD,2.1632496078697097,0.5339043876298184,0.2314006840980128,0.084853126955487,0.07583071897817768,0.09339560411383292,0.09952381274326111,0.24164652378202875,0.23600498068372355,2.4570971303238847,0.08773056437736368
2014-10-21 17:00:00,DEHM_noBD,1.5123089282623445,0.39354106200172667,0.1697522764415199,0.09305209975964872,0.09233938473546388,0.08588518058644252,0.09360176003131096,0.2212775918824318,0.24750050040529106,2.362238196455375,0.09894663083072733
2014-10-21 18:00:00,DEHM_noBD,0.995757252246039,0.2954296760161953,0.17238543556636887,0.0972156908515947,0.10286146776951832,0.09455099085654872,0.08004969626397877,0.31825352653627276,0.2831329645626036,2.1227244358917314,0.11115069784870366
2014-10-21 19:00:00,DEHM_noBD,0.7070962614779196,0.24877343656443332,0.20033307595720706,0.096724730082084,0.07029922398003743,0.10055487595988653,0.09496498002713126,0.4603952267275331,0.34830283577063575,1.836152962084153,0.12274978848863376
2014-10-21 20:00:00,DEHM_noBD,0.5361532671510265,0.23884127086245566,0.29440003738524606,0.10431706865773616,0.05118291045421725,0.07240014210057434,0.0929523494973533,0.5237033542367163,0.28638869063572486,1.559546048433289,0.13685654915364445
2014-10-21 21:00:00,DEHM_noBD,0.5625010034496243,0.2232548213999851,0.33990230946213473,0.08452947168883915,0.04441557233713548,0.05085084189168862,0.05722308731453021,0.5668204219157248,0.2723255223153834,1.3836220518126519,0.1460993608469142
2014-10-21 22:00:00,DEHM_noBD,0.627575739176179,0.20546009950415922,0.35937655565803867,0.056358307784506075,0.04566482620161011,0.04393703266149261,0.03723996816636927,0.7265509968404285,0.3648855361109947,1.2748107839545444,0.15407350741049264
2014-10-21 23:00:00,DEHM_noBD,0.7023931370139168,0.2720604711487772,0.3513945590247446,0.043511687124242804,0.05293703298747521,0.047168240218700294,0.03590242249544526,0.9664851178733724,0.4676178220948296,1.1092574035602938,0.16546153937559563
2014-10-22 00:00:00,DEHM_noBD,0.7443195341855262,0.4023552362385776,0.33214225961640464,0.041977061464254964,0.056569736971920144,0.05288000292893603,0.04692510746219122,1.0660408155704475,0.45753598960085406,1.0329481444372242,0.1793684013727492
2014-10-22 01:00:00,DEHM_noBD,0.7427351693331471,0.5553547724104032,0.31642695860039016,0.046736564241920596,0.056628328113136644,0.055522629199996516,0.055507217757690144,0.9604598456577491,0.45114485570155777,1.0048384149728349,0.19294821637211365
2014-10-22 02:00:00,DEHM_noBD,0.783633699989654,0.7227616954430397,0.337430147644103,0.05163247179966498,0.059693194804396346,0.05743259316546364,0.058177575867312085,0.7515878398051299,0.39535758918889563,0.9505109756643388,0.20707244706535705
2014-10-22 03:00:00,DEHM_noBD,0.8247458090525307,0.8713208596097852,0.38006816319216447,0.055494376628739,0.06656943853933354,0.06245081339948559,0.057590681310402445,0.5712000080272928,0.30299724071814543,1.0123740468138782,0.21808077962128425
2014-10-22 04:00:00,DEHM_noBD,0.7837951779423526,0.9957723941106922,0.4325136842686106,0.05583843990709913,0.0704663651195167,0.0678922268170024,0.05669359154020662,0.43569442035583766,0.21903526988278013,1.1731100131167917,0.22556511104324828
2014-10-22 05:00:00,DEHM_noBD,0.7254720284120837,0.9317191610470197,0.49237367101392004,0.059480930526249205,0.07799837131415477,0.07177530919065225,0.05459350329796246,0.3726027293444238,0.1752518550127185,1.4675337377998716,0.23337649401957156
2014-10-22 06:00:00,DEHM_noBD,0.9543705160045624,0.7948854808855688,0.5462218333025074,0.061581535220774766,0.08728581979047498,0.07997589364312283,0.05332694172875363,0.30450994149995025,0.1722706673427473,1.6329763015977568,0.2422929700923151
2014-10-22 07:00:00,DEHM_noBD,1.316436849480687,0.7423731315956787,0.6787053226195466,0.06406538540188178,0.0912002837808987,0.0884000634205166,0.054817601083853175,0.21021470723957741,0.17836516695125007,1.6118609148012726,0.25341630109084756
2014-10-22 08:00:00,DEHM_noBD,1.5157803021927656,0.6446599172729386,1.0153716088236129,0.06541692713372943,0.09121158952907646,0.0898188328980781,0.056991374349901945,0.15285127283365443,0.167401577015072,1.349009828635863,0.26386581201100706
2014-10-22 09:00:00,DEHM_noBD,1.5611348023264038,0.4961483030133101,1.1458035355889928,0.06143558848647533,0.08966423124130798,0.08778134887543791,0.0594430885192384,0.14008651239610267,0.15684796668344508,1.215885718201669,0.27052134004192413
2014-10-22 10:00:00,DEHM_noBD,1.3042155225286098,0.5385619787494895,1.0964216070948427,0.06088598024860099,0.09135487282943201,0.08834463518626041,0.06727347588408608,0.1485940393999591,0.14985906383868877,1.2472497625281802,0.2763090859162341
2014-10-22 11:00:00,DEHM_noBD,1.0403615059072198,0.8195830759043834,0.9169947726236911,0.06602340927160631,0.0989110535793425,0.095412895896267,0.07590074576002716,0.14631576065048563,0.1485631698105017,1.387932253560517,0.2826668746017849
2014-10-22 12:00:00,DEHM_noBD,1.0139828316015727,0.8983692109021446,0.7039167470012038,0.07335471009991927,0.10230033008434802,0.10259864163309912,0.08707343135657704,0.14175077453224894,0.15243119384583137,1.6017816152727418,0.2883240650053135
2014-10-22 13:00:00,DEHM_noBD,0.9454703631973278,0.9670570176034741,0.5867357258401904,0.08137215327662066,0.09547081073200316,0.10485617547484455,0.09239430278703765,0.14069165778147968,0.15214054487968173,1.7752623396635336,0.2946189243496208
2014-10-22 14:00:00,DEHM_noBD,0.7922127131852497,1.0836486582096492,0.5602617444074223,0.08810445153065818,0.09166820770944453,0.10164944430253575,0.0979217503663891,0.13818265226709642,0.1483525872088045,1.3047332829135505,0.3021759778035431
2014-10-22 15:00:00,DEHM_noBD,1.31150556410996,1.1531110966541909,0.5830731315155918,0.09242819143758248,0.09084003657703266,0.10063865192048002,0.10239226615668183,0.12887279147176983,0.1464659110052599,1.0678048124356667,0.30165623607538633
2014-10-22 16:00:00,DEHM_noBD,1.408127078144633,1.214621441247569,0.6593237746230647,0.10269022729774098,0.09058995427859232,0.10456263042430235,0.11082855326306874,0.12315381204321041,0.14168571721662707,0.48124156409084357,0.30631786463124666
2014-10-22 17:00:00,DEHM_noBD,1.2824638213699169,1.342099674810553,0.8549989864323491,0.1618016246774046,0.08959119111242232,0.15055406922851852,0.16541214270157883,0.11424066392364907,0.14253811684098483,0.23459627101420857,0.3131237967598623
2014-10-22 18:00:00,DEHM_noBD,0.8411301799348879,1.3896468476228951,1.0028646581451006,0.2526183445711311,0.09913958452616807,0.25008597329484383,0.22202913837651433,0.11100633472750875,0.15331755889958926,0.16548796944201757,0.31624790376551437
2014-10-22 19:00:00,DEHM_noBD,0.45515932304241025,1.3617244593104663,0.8808033648393389,0.37624495753576626,0.12350862577874669,0.3550027613948721,0.2913227413796302,0.11622563493747243,0.1690578961345902,0.15981439908688427,0.3185594497578776
2014-10-22 20:00:00,DEHM_noBD,0.3491538205281668,1.5614669706027402,0.46822333959902795,0.5589885149552106,0.16429925566194567,0.495300847325873,0.38295498224338664,0.1330784268568082,0.18007723293268862,0.1679181997752403,0.3262872951995953
2014-10-22 21:00:00,DEHM_noBD,0.2818459905772137,1.9309629167797842,0.16274401876440997,0.7679084199603032,0.2167992651017009,0.6722735185475246,0.5047862285667465,0.18701148397671044,0.18833092786992894,0.16241061190234285,0.33518961856529095
2014-10-22 22:00:00,DEHM_noBD,0.2462325825984196,2.2823419004119936,0.12259781479381457,1.045626471857711,0.273885594262483,0.8625380718806861,0.7438917884598204,0.3154463608151301,0.18979486728377404,0.16190329965089162,0.34071794446885584
2014-10-22 23:00:00,DEHM_noBD,0.2285888690226443,2.8515876232462,0.08206612756499063,1.412408306406895,0.4089913380832364,1.042924884758078,1.2267907625278132,0.48677982172658657,0.18949782897708925,0.17641513167248596,0.3373537557835131
2014-10-23 00:00:00,DEHM_noBD,0.24362310007684068,2.958332895407259,0.07174483001641455,1.7101331989979278,0.6211204691176652,1.3076716136794235,1.800614801228008,0.6649044368429482,0.19187566013619387,0.21210775033413476,0.3259412159603834
2014-10-23 01:00:00,DEHM_noBD,0.2474397395081911,2.832746118074425,0.06790544281123016,1.8647863082200284,1.125572413562976,1.7275594382350865,2.1491765764238298,0.7580301423049718,0.1889236673068563,0.2689228811515748,0.3162943056672065
2014-10-23 02:00:00,DEHM_noBD,0.25864257614335756,2.5338889459312455,0.082234719304613,2.0478740205120136,1.6360636201543919,2.248624258393443,2.308970871024937,0.6372139885081352,0.18248127437031467,0.2977399826636691,0.3138662615683301
2014-10-23 03:00:00,DEHM_noBD,0.2553132841817568,2.1677788569524012,0.11154758155954914,2.7293115742644924,1.7329616974526176,2.674614373573139,2.7632306421311417,0.43919803891570297,0.18663299661520857,0.30351782075948197,0.31262750493697805
2014-10-23 04:00:00,DEHM_noBD,0.23453526343098896,1.292945535171457,0.12631471844823758,3.2223758117379715,1.6887613685858063,2.8836410521084983,3.472717602644314,0.3766035356455296,0.20256226493557378,0.2776049922253972,0.31416881423972537
2014-10-23 05:00:00,DEHM_noBD,0.21816349146739794,0.5745615209617128,0.12918816036038477,3.3605367121276877,1.6814262557593405,3.0001284031127855,3.747997571094327,0.2453307509423977,0.21316571081206603,0.2283539059818396,0.31490171094115815
2014-10-23 06:00:00,DEHM_noBD,0.17652536545072905,0.3364481864217131,0.14424354630413588,3.3991161157916845,1.5208507427665823,2.8700153111327857,3.683368757420298,0.09827669916367142,0.20599276211203305,0.20227656213527806,0.3139933097917958
2014-10-23 07:00:00,DEHM_noBD,0.16404071757739166,0.20825221328279245,0.17118309911089746,3.1805385307323033,1.378505489866098,2.3753442378533633,3.408422270078205,0.06191235895939163,0.1954506603693118,0.18945470481650245,0.30840715383231637
2014-10-23 08:00:00,DEHM_noBD,0.18090957612291253,0.10036566842317945,0.20040901294933106,2.526282475036608,1.0404900149601883,1.9892028198522587,2.691336197275613,0.05566214627070342,0.1870097946498827,0.1599865428992437,0.3021572017656359
2014-10-23 09:00:00,DEHM_noBD,0.17524701082628213,0.060594171122936545,0.2907181987419764,2.3753845712988952,0.5982491998126822,1.830228347844053,2.2837839023760957,0.054794182334560695,0.16631334657678834,0.1900927107010309,0.29489063173326646
2014-10-23 10:00:00,DEHM_noBD,0.17766861577518386,0.06574926757484954,0.16786940292665792,2.4113568063095174,0.35232161570454,1.6116740191834977,2.2386518874372263,0.0530437515724519,0.15284924701533611,0.21609664199703124,0.28760992079950853
2014-10-23 11:00:00,DEHM_noBD,0.1780275577978427,0.08397512797065827,0.12181609607371126,2.156506747525857,0.28496079156923093,1.3285285576090002,1.9448735413194753,0.0501670847449124,0.14853379538663392,0.26823034266663065,0.284861766597703
2014-10-23 12:00:00,DEHM_noBD,0.19057095782847017,0.09917218784743792,0.14082340743287242,1.702023466942637,0.26237965177492223,1.107743412900195,1.742514717944743,0.06925320943976743,0.14614780985896617,0.3743528621118035,0.2805249788311868
2014-10-23 13:00:00,DEHM_noBD,0.21287176730973978,0.10824910001482911,0.18414808335952076,1.3628360782945836,0.2477275169483944,0.9621005089414195,1.5917029094629354,0.09047306588630753,0.15772970354557053,0.44606462334585906,0.2776588293443618
2014-10-23 14:00:00,DEHM_noBD,0.2424876805095361,0.15487510877645216,0.2816090374047516,1.064313172962403,0.25936615274936875,0.7073345754327485,1.3138541396407208,0.10485267519183207,0.16628422698105078,0.35755360163490757,0.2761656959679722
2014-10-23 15:00:00,DEHM_noBD,0.2430578962546981,0.4132982296894273,0.4308737526738108,0.9934177171226173,0.3128426553428079,0.6135115880757043,1.1928741334326802,0.11325514290991458,0.18043796673704468,0.334734895412336,0.27606102499173013
2014-10-23 16:00:00,DEHM_noBD,0.26804762206994864,0.7746261531031702,0.6044342122114922,0.988898175906591,0.33782312421385186,0.9904642639130692,1.1978941602378352,0.11688520202973383,0.20908736569239572,0.3982625353912529,0.28372984279351754
2014-10-23 17:00:00,DEHM_noBD,0.4189699387953942,1.305389836062236,0.9632702998029643,1.0375535195093808,0.44866051583370414,1.2832097680673735,1.3801070241425246,0.12563940008336422,0.26257260269370297,0.4885480686250582,0.2955017342818712
2014-10-23 18:00:00,DEHM_noBD,0.5144095853789772,2.0008740933386364,1.1146276235284474,1.1126156142375025,0.7169304633067104,1.4675603914739892,1.4825437381668993,0.1397474630299466,0.3211594126776723,0.5627966105620419,0.3021334092546113
2014-10-23 19:00:00,DEHM_noBD,0.5167945363149431,2.712413683183498,0.9985389661348403,1.4609290878854528,1.1267066313758818,1.945072231606813,1.8723571731258213,0.14914109415056293,0.36159177058056624,0.5886957479757621,0.2960956710827525
2014-10-23 20:00:00,DEHM_noBD,0.5839151504357973,3.502737494196518,0.9090046464591326,1.839805565993607,1.5642790805779514,2.209330656672187,2.3875273391004836,0.16938682377043168,0.4071945436022854,0.6767485819022131,0.3010140414981665
2014-10-23 21:00:00,DEHM_noBD,0.6889525830241369,4.141342234972264,0.7577525888271938,2.1754427777324654,1.7836816262345434,2.2936702795442363,2.598510634212527,0.21545186085102125,0.4310077160017204,0.7253963933310306,0.3155686654850479
2014-10-23 22:00:00,DEHM_noBD,1.0325715546035044,4.645328816406614,0.8431803645512395,2.1179071696106124,1.7021304249018085,2.421559497941427,2.5067713924279604,0.2519246694495341,0.4726746049923908,0.6411355267798357,0.33300796429037166
2014-10-23 23:00:00,DEHM_noBD,1.79835512041323,4.691766467589368,0.8610237152235786,1.7408376999459758,1.6457490455475914,2.485658965011634,2.4787275253390657,0.22908178479809294,0.5713476904545421,0.5490806936812503,0.3384697261724341
2014-10-24 00:00:00,DEHM_noBD,2.700342548918933,4.346111492946031,0.697202485250979,1.6385507960557029,1.7200985817385395,2.4741889224397435,2.259080509352548,0.20216808780558398,0.7275513843095299,0.5487892867667559,0.33822780877315306
2014-10-24 01:00:00,DEHM_noBD,3.419472923786329,4.2915130768584975,0.9460941018184372,1.5246549844802195,1.8440931004530214,2.4335937791904616,2.082858329220193,0.2253319846227764,0.9292388041910942,0.7354737886782184,0.3251284990528475
2014-10-24 02:00:00,DEHM_noBD,4.016160736177429,4.285977589269276,1.2103844602085734,1.4048493428277409,1.931975593169856,2.3918574028677417,1.8991707469011951,0.23813049226194608,1.3156299727196863,1.1020108754389348,0.29497588501504035
2014-10-24 03:00:00,DEHM_noBD,4.66818602868821,4.197299036605829,1.251683773302362,1.349738458635723,1.9473495581868336,2.3093271899453396,1.7609102246357269,0.2416727229905872,1.9598661148539946,1.7554329406179319,0.2669517003612254
2014-10-24 04:00:00,DEHM_noBD,5.522175451646242,4.125497410357143,1.1456686120264796,1.308571936841025,1.8635514946205842,2.1725612648123676,1.6929383402058034,0.24523147390969088,2.7073113098658164,2.4851049924713493,0.2445838042509188
2014-10-24 05:00:00,DEHM_noBD,6.067426813079829,4.651848340879425,1.037347388801904,1.3462271721621555,1.8286569271892936,2.1104639715733047,1.6523448740861097,0.24391402337785803,3.4547077673842086,2.890431923858908,0.24978472862014997
2014-10-24 06:00:00,DEHM_noBD,6.672727143539298,5.1655830488702,1.344575815121698,1.4227502823490326,1.8770764045627981,2.148338328049151,1.729173159776955,0.24278542334999886,4.1835103942875165,3.3571361838068636,0.29272751638632144
2014-10-24 07:00:00,DEHM_noBD,6.258661509290314,5.43806766708765,2.134881494677818,1.506816031159179,2.0374410361813635,2.291133144633777,1.8273736777987553,0.24627735423825667,4.579624511767725,4.0012031536458,0.4118556023883836
2014-10-24 08:00:00,DEHM_noBD,5.9751863442688835,5.706106706007582,2.0792575815477816,1.6252989881075044,2.1223225596812716,2.4973365613810143,1.832085708227005,0.25476065789356817,4.38908786009741,5.043537280932596,0.564705821066426
2014-10-24 09:00:00,DEHM_noBD,5.2403227353955755,5.178873028218835,1.4084785894627658,1.6051264735514927,2.005736776386439,2.558446899995443,1.8623934953687744,0.2858520255642011,4.456964077128852,5.796090945778276,0.6398850141509768
2014-10-24 10:00:00,DEHM_noBD,4.4010601595452705,4.176281321035084,0.8383384851697775,1.3990758538148926,1.9201822252889187,2.2152411461757193,1.7068760513763044,0.32869580321084696,4.2624946360905325,5.614447454702883,0.6365404550406167
2014-10-24 11:00:00,DEHM_noBD,3.0686654482263,3.264367694930067,0.5354726974114055,1.2379799094478008,1.8622673548520645,1.7545707752153714,1.4132058178767777,0.37338025047093626,4.0783008766163045,4.976118118623386,0.5786065600127179
2014-10-24 12:00:00,DEHM_noBD,2.3888931981411625,2.5802752787992707,0.46046249301315806,0.9752989776480884,1.7770684080377512,1.6473183902531305,1.0576594787395606,0.4161710847070532,3.725792539016465,4.13901527484939,0.536533088974877
2014-10-24 13:00:00,DEHM_noBD,2.1713589530534203,2.21534066725893,0.5009664890948653,0.7678281167998293,1.5930966211128608,1.6288463472753252,0.8836720540638971,0.4780354663651249,3.302931194926752,3.2308147478470053,0.5341298836419934
2014-10-24 14:00:00,DEHM_noBD,2.3768432364374243,2.159003113695937,0.7228142593680764,0.7443206879826713,1.3230586858863347,1.5945342719245827,0.9107838873930688,0.5002517417001351,2.5299713745498007,2.8066877204777776,0.5756525024422008
2014-10-24 15:00:00,DEHM_noBD,2.7436405191080095,2.1074010891486283,1.1435544989200495,0.8322305048183442,1.137070899102583,1.5416417613042914,1.0635185029595584,0.4748731270429585,1.880230243611883,2.582447554246585,0.6338441253481444
2014-10-24 16:00:00,DEHM_noBD,3.1926962854374032,1.8635419318770121,1.4754958618454208,0.9749534430824438,1.1011972494450781,1.5680391182845428,1.2531947645612906,0.45003870674081137,1.7037227381558528,2.1997189366290972,0.7162888642097867
2014-10-24 17:00:00,DEHM_noBD,3.654758964905603,1.8063056035319291,1.354741681044058,1.1923251452745398,1.1748369732009967,1.693660584810057,1.4675114543895154,0.42122688786003726,1.9292375477017838,2.105802619829354,0.8220296711273947
2014-10-24 18:00:00,DEHM_noBD,3.5183955268774096,1.9486961280975788,0.8693217115785764,1.453374033874276,1.3115037628925814,1.9133472405215524,1.6775678040154534,0.38144745055175366,2.377796112193046,2.0759462672771747,0.9093005922472064
2014-10-24 19:00:00,DEHM_noBD,3.1504455710721038,2.0536064067163675,0.5952688864907126,1.6533099785661376,1.4861952265052079,2.2322399505484944,1.9712007946300694,0.3548122854423521,2.823561884249635,2.189787207749723,0.9825461154818784
2014-10-24 20:00:00,DEHM_noBD,2.95692809877304,2.2813996411542674,0.3938069810482486,1.6555674408188148,1.6657071915109385,2.4889173173930077,2.211386017750775,0.32946007258851073,3.152996482020691,2.3478487297405204,1.0338703546555343
2014-10-24 21:00:00,DEHM_noBD,2.9572780302816826,2.479891024161834,0.32081053751986455,1.519956330856233,1.7011338383954158,2.5486974436098317,2.3225683558188717,0.2824620977803319,3.1912107209987615,2.5315450738434855,1.0824668726862092
2014-10-24 22:00:00,DEHM_noBD,3.1146861673456763,2.346202063369781,0.35263869268509085,1.3842598779529447,1.4647434637720556,2.4700389739670916,2.3145559263602022,0.22043832833217442,2.8831878836584557,2.50077554508857,1.1079313595894835
2014-10-24 23:00:00,DEHM_noBD,3.273013274204309,2.061508060927604,0.4558263818760949,1.3935774066662887,1.1156418814388802,2.397316911262628,2.324903536101184,0.1822933696912228,2.3768140637518185,2.3757138847782837,1.1009584618572144
2014-10-25 00:00:00,DEHM_noBD,3.271328649670696,1.801028719480494,0.5497713678512675,1.494274296686566,0.8741410162938013,2.308356945177324,2.3575592267313885,0.1526788538051022,1.9122346038840057,2.3118126133028047,1.071674647614341
2014-10-25 01:00:00,DEHM_noBD,3.068112732843356,1.696993196564221,0.6096384457736517,1.6692501332155538,0.6949010170672181,2.141800530723372,2.450350463578348,0.13269574165144926,1.599646763890637,2.2893790675831585,1.0704668396738148
2014-10-25 02:00:00,DEHM_noBD,2.7346675120549273,1.636714436219817,0.66227523557612,1.8481495967506123,0.6436838706847092,1.980685890495238,2.5925830913253862,0.11695620405999922,1.3423140661332105,2.416562393873124,1.1184815171066858
2014-10-25 03:00:00,DEHM_noBD,2.5132522121291982,1.5492752654734236,0.6139060475124023,2.007349069124244,0.7797235694355703,1.8444478163797935,2.5646906830399554,0.11791950235292296,1.1548134832593937,2.509205093193753,1.1608495122427842
2014-10-25 04:00:00,DEHM_noBD,2.391879436484417,1.617110349547388,0.5397211756705346,2.124518047316059,1.1254059051481446,1.7934084315245729,2.4557689661984345,0.12865991665852244,0.9729934545337782,2.6059316443440688,1.1643916897941797
2014-10-25 05:00:00,DEHM_noBD,2.329015681200586,2.2916225512579453,0.5125467939834327,2.1420511854204483,1.5654514916658495,1.8475716149733872,2.3816193614278496,0.14551703283201894,0.9021627021521329,2.923666800472699,1.0972528898407077
2014-10-25 06:00:00,DEHM_noBD,2.541266854565581,2.51384939665138,0.6714587727429653,2.095120535775167,1.9062797494565973,1.979921649414911,2.3285931202196326,0.17453982146546232,0.8809830032506862,3.2738186252219417,1.026851039472709
2014-10-25 07:00:00,DEHM_noBD,2.7354575170446513,1.9832855056432261,0.7396885284178488,1.9522919874719848,1.8319763510416074,2.0454980972419268,2.2169925533814805,0.22577210898555808,1.060926401565629,3.3093789015878916,0.968130976453966
2014-10-25 08:00:00,DEHM_noBD,3.12611288355621,1.2377782734047085,0.6783516491878174,1.6502007326135553,1.5865872098613159,2.066614901448891,2.0295947313554383,0.2774013702866992,1.3793875346570088,3.208430916957634,0.8881571379232475
2014-10-25 09:00:00,DEHM_noBD,3.535417072194019,0.7663647542527341,0.601253267831753,1.4642391055135675,1.5061583823657132,2.028910377689546,1.9494664834457198,0.262371154254768,1.536513608470098,3.092114047540978,0.7621109503630246
2014-10-25 10:00:00,DEHM_noBD,3.8178569737817534,0.5561910564815403,0.45293725257878653,1.338741552236204,1.3319670081751886,2.011721563247125,1.8771475818149788,0.22202728299700647,1.6717521020090813,3.272681525059078,0.6568083877267723
2014-10-25 11:00:00,DEHM_noBD,3.9354060909936046,0.6524386198114934,0.19656259881063942,1.298743426713177,1.2701188733133673,1.974858913255901,1.775356350953706,0.19528077498796387,1.7682670556874036,3.310891607448374,0.6188955410221824
2014-10-25 12:00:00,DEHM_noBD,3.9774306437854334,0.8907010721889697,0.11292366218809143,1.3416057713300134,1.2755244022734649,1.7871570231288656,1.7631017258605766,0.1874403847476559,1.7137768250638874,3.3484217609131983,0.6228016449921356
2014-10-25 13:00:00,DEHM_noBD,3.6987265724551976,0.8180163268991134,0.09761271762865847,1.3564597792885307,1.0850045945258437,1.4244986076909223,1.8392415411182013,0.18617157732870415,1.622844883967475,3.5169893672353982,0.6390581285711378
2014-10-25 14:00:00,DEHM_noBD,3.3446412087821527,0.6982618317892385,0.10000474344244079,1.3612080879863506,0.746008502925555,1.3737719660498195,1.879453157830918,0.18342774261737227,1.453343670513943,3.6077604897571063,0.6610347398300752
2014-10-25 15:00:00,DEHM_noBD,2.8058700692297336,0.6535593487699323,0.17981731283359637,1.3509870669192043,0.5063698371190856,1.52588021731477,1.8603479842314445,0.1789687144993431,1.24580197037369,3.7857015166536083,0.7122810269158997
2014-10-25 16:00:00,DEHM_noBD,2.2282332314238826,0.5033877382451049,0.44454433779966773,1.4563153864568612,0.6447489866434223,1.52455515278757,1.9927124021038463,0.16309868191522534,0.9884627960385521,3.897662256696667,0.7779845810971705
2014-10-25 17:00:00,DEHM_noBD,1.6858378620072867,0.4026535693771004,0.5788914274299437,1.7634083965479332,0.8836202144350356,1.6409828927798753,2.1734224877807753,0.12847914681756853,0.786045472300183,3.904041766977393,0.8684032264459413
2014-10-25 18:00:00,DEHM_noBD,1.2999633233239847,0.3981349168324989,0.5913405792824147,2.2354452269613336,0.8829299584627489,1.9317419089309094,2.3842498301029535,0.09517921105430922,0.8757157836630753,3.626511568375765,0.9725864273537113
2014-10-25 19:00:00,DEHM_noBD,1.2018510987698834,0.5789265474010843,0.5243339442431015,2.639809042291,0.9247718476452281,2.2343466281656763,2.899467867077303,0.09316548307718692,0.935165794384824,2.92497483267964,1.0659054754204833
2014-10-25 20:00:00,DEHM_noBD,1.1393592774899093,0.9076966724843822,0.39534263523098384,2.739200960422665,1.1263938468829484,2.5890558112558897,3.2935347474401464,0.10961763224443868,0.9257522672679461,2.4151977340723167,1.1289435619432897
2014-10-25 21:00:00,DEHM_noBD,1.4500764935468977,1.272645684946185,0.21340050006189593,2.6407002207193306,1.2731032902539823,2.8055723597566553,3.1984979921163896,0.1388536899897897,0.8404419822486398,2.251461673438767,1.1718601392734445
2014-10-25 22:00:00,DEHM_noBD,1.1982893623739015,1.2297240721528888,0.15696323622363884,3.023415617731274,1.336807917402014,2.6285161029784194,3.6045822636098928,0.1737603610350562,0.7346294050483589,2.310275073293309,1.2073582414978836
2014-10-25 23:00:00,DEHM_noBD,1.0245354180943127,1.0272100416908532,0.1796327666272141,3.8005585792250325,1.4187653364849953,2.585757212577705,4.092354612853589,0.19429042416515285,0.8197837897107192,2.4757522040698445,1.2474574659104039
2014-10-26 00:00:00,DEHM_noBD,1.0895999690321088,0.7158852012046147,0.29940303152683534,3.922924101654603,1.5252283807545317,2.8236544107926265,4.254756950683685,0.18285670519660674,0.918324637943655,2.0443245764522717,1.2632787551025766
2014-10-26 01:00:00,DEHM_noBD,1.324859641184695,0.5169702468009665,0.5478055243647431,3.641355021507579,1.7514367171652452,3.036979729098268,4.118302831027215,0.18125460398101473,0.8215083779021864,1.3791811547513118,1.2383013381325034
2014-10-26 02:00:00,DEHM_noBD,1.523298005132312,0.5539712525340356,0.6864947598323281,3.278753557738771,2.0830320696433167,2.9705671787250694,3.7867177106209473,0.2083197198228583,0.75776126531085,1.6090046410633252,1.163344176107794
2014-10-26 03:00:00,DEHM_noBD,1.5291311312700435,0.6470429015397,0.6255128547802902,2.9800734204987975,1.8959294768382982,2.630276996367881,3.628769444240746,0.24819342134979544,0.6116596593175269,2.004659425104707,1.0813748348796974
2014-10-26 04:00:00,DEHM_noBD,1.4474062136842867,0.7582683998032054,0.3634473705095892,2.6998530729980046,1.18972431281358,2.4609333180012647,3.465279618054699,0.3034951277979835,0.5026232373820244,2.3562582283499838,0.9963885749891493
2014-10-26 05:00:00,DEHM_noBD,1.4406475028805712,0.8318373809167952,0.28889417302437503,2.397857779478906,1.254059324206598,2.5425301722149456,3.202368329003756,0.31190573437891417,0.5065789660864323,2.4532678611877934,0.8920092958042212
2014-10-26 06:00:00,DEHM_noBD,1.891359137613061,0.8152179240277257,0.3103588834610307,2.1416463703786244,1.4195182428639381,2.5724471324848803,2.9513406865723337,0.29470274373570904,0.575121432385817,2.68237386091168,0.7431203996763796
2014-10-26 07:00:00,DEHM_noBD,2.1994944993164296,0.6994627164636235,0.3019652236487037,1.9924927272870172,1.4893640919060074,2.440382710055555,2.6772790204481125,0.26771135359670944,0.5876555522190592,3.0672250542848833,0.5835724105584528
2014-10-26 08:00:00,DEHM_noBD,2.2059914141741954,0.4188093408842526,0.26764198382125926,1.7557995923490126,1.4126753029625303,2.162784238179233,2.470506049152453,0.19581441781074269,0.5528519187749548,3.30401829958152,0.4894393093181541
2014-10-26 09:00:00,DEHM_noBD,2.180275350594367,0.316988913306429,0.2124483264447241,1.5054924249340091,1.330001361989826,1.9808851139881274,2.2170636415464573,0.13701515233340897,0.5204094210290349,3.0792733241936516,0.4398393304678704
2014-10-26 10:00:00,DEHM_noBD,2.124108210176602,0.2928724587010939,0.17490354344245151,1.3923914417798537,1.2876640094258822,1.7959077190570065,1.9220779167906625,0.1050306522867454,0.514592849601237,2.8370222384398285,0.4189537411548708
2014-10-26 11:00:00,DEHM_noBD,2.0503498140793854,0.22914545978580475,0.15837978837856415,1.270852094925008,1.208037831712989,1.660192070081807,1.691546011240849,0.09128704602094825,0.4574842892278542,2.7765841688155612,0.43485351329903565
2014-10-26 12:00:00,DEHM_noBD,2.0567074405924606,0.1798738659080152,0.14670502541808345,1.1680574202611478,1.2087761643681536,1.563040858057748,1.54297686398693,0.08905157376312166,0.44000731163868206,2.714268981400207,0.4702305610366163
2014-10-26 13:00:00,DEHM_noBD,1.9254280534363652,0.15068665599758438,0.1347857301026602,1.102205069644567,1.188560266017937,1.4942286543577907,1.4424849889012616,0.08830581955972107,0.42286755069063975,2.5403315704114546,0.4668104162107441
2014-10-26 14:00:00,DEHM_noBD,1.7073713001264843,0.12835180916128142,0.12310216163930258,1.1155300134808221,1.2291268159812292,1.4145469349537696,1.3579832057678818,0.08924609267494629,0.41184344611926926,2.4431495340788554,0.4379916887842258
2014-10-26 15:00:00,DEHM_noBD,1.532655157534182,0.11996163394880012,0.1130750667560736,1.1435501100497536,1.278153539465682,1.386109571629297,1.283886712118519,0.09164956788537075,0.40440405179975547,2.4597892350153847,0.40280270153368525
2014-10-26 16:00:00,DEHM_noBD,1.404150106114482,0.1360522422798994,0.11271113144335848,1.2649277361721445,1.35308657127538,1.475448184685509,1.3692178583848011,0.0956421918290945,0.40122611540682607,2.5823032704624613,0.3902719600089039
2014-10-26 17:00:00,DEHM_noBD,1.3379858412494674,0.17824930531259014,0.13321808429393323,1.5224215645257757,1.5068050027576927,1.7282668705806217,1.6619849155093596,0.09928147988488424,0.3599803476417436,2.5711182813712523,0.39270761180658004
2014-10-26 18:00:00,DEHM_noBD,1.3443252161617019,0.2648118818947369,0.15560484834646363,1.8139107717997998,1.7174166738712273,2.03589838250918,2.0268922870326973,0.09364268045456135,0.33450180815946295,2.5351357075071568,0.408067570910562
2014-10-26 19:00:00,DEHM_noBD,1.412913360627545,0.2710018629906373,0.18054960685364785,2.0653471056381463,1.9036961125002243,2.2684107526162567,2.486683024102414,0.08130735732409622,0.32302006121501314,2.721913184454425,0.42783757982699655
2014-10-26 20:00:00,DEHM_noBD,1.5640266584461928,0.23715756671071594,0.20948298795955259,2.2747501372025734,2.0070935320654324,2.4054494563767035,2.882060976586284,0.075594417077028,0.3282639030430465,3.017574598889043,0.4299837329616501
2014-10-26 21:00:00,DEHM_noBD,1.813911509239264,0.30463095867126005,0.2611344572093282,2.3878588099918083,2.1497552038500087,2.5257723024899046,3.0250887600531735,0.07608479851056806,0.34966308910053207,3.2742862936546206,0.42131356324909697
2014-10-26 22:00:00,DEHM_noBD,2.0694531351666248,0.44547058022662467,0.307682862253084,2.2243440004420174,2.267445953813698,2.6170219539128663,3.0039409881588868,0.07618672726001575,0.38637930905789125,3.612345014381488,0.40281401936799277
2014-10-26 23:00:00,DEHM_noBD,2.3298084944528528,0.5636951726003608,0.27678751116252687,2.192807588011804,2.409601217222996,2.6654313603083093,3.0290178035493867,0.06850752698508779,0.4252456960653886,4.031771968814442,0.3767982780191511
2014-10-27 00:00:00,DEHM_noBD,2.483935981341284,0.5708478786833342,0.21081329428032453,2.199551188417522,2.679028201242909,2.679033023095247,3.0684579022356053,0.05786314317318602,0.47813113210882974,4.4781841713023605,0.34418349461065595
2014-10-27 01:00:00,DEHM_noBD,2.39514940116629,0.5141985988002231,0.17832539013327076,2.3925684314949396,2.82266390756635,2.729185811946346,3.116473835072606,0.052031596025107284,0.5463862864976003,4.698005354901245,0.31897963246376704
2014-10-27 02:00:00,DEHM_noBD,2.4541162340813125,0.42330305141080793,0.17191462158247198,2.6292473507710103,2.7827541268749165,2.8064517942024114,3.139957124108544,0.04922623877906225,0.5625011745971628,4.748639428062514,0.31143997202513735
2014-10-27 03:00:00,DEHM_noBD,2.6467374998340016,0.40812620590013665,0.17970683762994707,2.7004877746622964,2.62803447847886,2.8248281402654305,3.1239690821727226,0.04639159909706782,0.5151465800292323,4.796513993913084,0.2966386014728234
2014-10-27 04:00:00,DEHM_noBD,2.0525721440841256,0.5796227307009882,0.21293974864787285,2.873080441177406,2.426896583006792,2.802304233271145,3.1383914057252364,0.0451741521465125,0.4075907379811349,4.69587685482569,0.2887704164218087
2014-10-27 05:00:00,DEHM_noBD,1.559147099355329,0.7214260735897113,0.2399930291707795,3.098174130598056,2.3141061779645273,2.757267090493832,3.1262317299878313,0.044803712205779715,0.3552385485805011,4.131906260762326,0.2831696226445224
2014-10-27 06:00:00,DEHM_noBD,1.2817087106638403,0.6661223359813169,0.2426041693281541,3.1109560656375765,2.339739411348235,2.70512324173938,3.129496123969217,0.04488811376275016,0.3327832627049926,3.736034013441503,0.25913155566997464
2014-10-27 07:00:00,DEHM_noBD,1.0486596321719326,0.5525574907443859,0.24574325841645706,2.7797529880293084,2.3440614329967,2.570857624507444,3.086379533349301,0.044908162171107144,0.32745644269586527,3.4706514837990516,0.22248354685226207
2014-10-27 08:00:00,DEHM_noBD,0.8603917153163161,0.4722794712933338,0.27502779911297254,2.4867536225655416,2.199823232866544,2.3768340702535373,2.966469696951206,0.046381698895459865,0.3035478503529353,2.8332459838189834,0.1874798404256009
2014-10-27 09:00:00,DEHM_noBD,0.6146896542318351,0.4069970634850859,0.32192816960709153,2.2832401765171726,2.0860883623192734,2.23712847088492,2.89594531799411,0.05199095925482442,0.29263365833239624,2.0775388618562802,0.1523037708984032
2014-10-27 10:00:00,DEHM_noBD,0.5020206470933881,0.39414210677596734,0.36182229996421833,2.2843440361767913,2.0105203318915335,2.2127035016769603,2.809905883543199,0.06765945732786306,0.27223948969613754,1.42892628143667,0.11940427763330277
2014-10-27 11:00:00,DEHM_noBD,0.5139302827324065,0.4067780141395004,0.3739284780119451,2.233779741777129,1.9065156667763181,2.236410874145162,2.688082901360321,0.10044327193770555,0.2644562422290723,1.0893733772252094,0.09869637932107526
2014-10-27 12:00:00,DEHM_noBD,0.5862621349630505,0.42212041563935093,0.3954875845639966,2.1034508057818546,1.8449305588247906,2.2976424192604914,2.5186001705097736,0.1417330119169781,0.289587904451005,0.9773364229706257,0.08829195173431832
2014-10-27 13:00:00,DEHM_noBD,0.6438233619003322,0.4562625339883938,0.4149235335500165,2.0626891757760126,1.8903786737536405,2.279851760880315,2.3615155524187688,0.17922700016026372,0.33788891425271506,1.194156532424179,0.08358545257345434
2014-10-27 14:00:00,DEHM_noBD,0.718127196606919,0.5596671432000304,0.4053389703279576,1.9274749927208106,1.9277335580034716,2.0916037439518647,2.2769670509944047,0.2113133219287544,0.3999568198135122,1.5456620765051632,0.08201602535019821
2014-10-27 15:00:00,DEHM_noBD,0.8311385978584271,0.7323087230637016,0.4312275440170419,1.9019896155769016,2.0099183156617038,1.8935964960309764,2.2329979217202633,0.23395639862950882,0.46494957750024263,1.9205373914758075,0.08241399894889345
2014-10-27 16:00:00,DEHM_noBD,1.1124009595415276,0.9084850146938301,0.7871768239182431,2.0423266174118875,2.0726591938478545,1.9612795196540604,2.305864349484405,0.26405137833248804,0.489940204278007,2.249245222473758,0.0872396144070537
2014-10-27 17:00:00,DEHM_noBD,1.6678457956859878,1.0197265311656472,1.145420509691555,2.3464513201598782,2.0440404139773944,2.1973962883293296,2.2301469862847787,0.3104363773584364,0.5407531498139351,2.6263632782159396,0.0966232864374624
2014-10-27 18:00:00,DEHM_noBD,2.3091995592586545,1.077470633182875,1.199793970436761,2.3872117577213303,2.0962766865103717,2.462324237514634,2.3268143744799166,0.3656847943729161,0.6539956192279234,2.9315975942268038,0.11199565828753312
2014-10-27 19:00:00,DEHM_noBD,2.9321414310180933,1.0589833991523272,1.16409327959741,2.509726804557631,2.3311301560149804,2.6969933261222936,2.6413677131111015,0.4142785758919268,0.8047192457215859,3.2307235995238375,0.13587037343498887
2014-10-27 20:00:00,DEHM_noBD,3.4703270471183694,1.2072332770768182,1.2479541975803905,2.6769654104015292,2.6638883406348013,2.8405530722284795,2.8293174237560983,0.4722556378076969,0.9383587244481593,3.561737264608261,0.17503610479871412
2014-10-27 21:00:00,DEHM_noBD,3.7017669738725134,1.5339909769122393,1.399207914808723,2.8338178359823325,2.782831082236748,2.9652207411451057,2.9133637242271155,0.5424088056935927,1.0662522679053246,3.7717256946665016,0.24151103830724807
2014-10-27 22:00:00,DEHM_noBD,3.9152604380801974,1.9954738610548337,1.5966063601130525,2.9711415187142602,2.7175751645326427,3.238372027878107,3.1201034682814806,0.6339598514870926,1.1748284391074628,4.053378054867935,0.3260178515942428
2014-10-27 23:00:00,DEHM_noBD,4.357659572642312,2.5087906671274824,1.8390281153795869,3.189167272828094,2.6306812135076525,3.5102093798011214,3.583097522392464,0.67241680912178,1.2663096640234441,4.676407012583203,0.39118309514785177
2014-10-28 00:00:00,DEHM_noBD,4.845678757614156,3.0259090177866628,2.000661382190832,3.396998190727015,2.6256966734211753,3.9617670964216045,4.217057551357103,0.6227975671983694,1.4095101155768708,5.388470027178573,0.46554429538182895
2014-10-28 01:00:00,DEHM_noBD,5.334711301491819,3.785811403008476,1.9565257514602294,3.5145359380653765,2.6931542238419035,4.639550454408923,4.687296106254292,0.6711236870848014,1.592103878401369,5.80654451817312,0.5684388086411543
2014-10-28 02:00:00,DEHM_noBD,6.017113790297366,4.560564059229511,1.8983710857172185,3.689303949842759,2.9340358287624184,5.2602398975471365,4.773387255029462,0.8569705632209033,1.8804419816471638,6.232106665657202,0.6441569095186445
2014-10-28 03:00:00,DEHM_noBD,6.361251006653998,5.026982921690837,2.115418498491394,3.982090035144073,3.2532587132776714,5.8489066048184455,4.699881343299374,0.9749803408949822,2.304748622444272,6.748480141134057,0.6841595449642022
2014-10-28 04:00:00,DEHM_noBD,6.476137323391005,5.370401951317087,2.5819792083860027,4.216909351402075,3.726485743365828,6.001396223054873,4.599149444118966,1.0067198431196809,2.9845151337363576,7.2296503098077745,0.690743488560965
2014-10-28 05:00:00,DEHM_noBD,6.807412319675759,5.825516346204063,3.0273197980001347,4.364487275642648,4.277703390107006,5.761997419971088,4.597666622729114,1.1916630555586518,3.888854965683371,7.409343339985796,0.6727699558343818
2014-10-28 06:00:00,DEHM_noBD,7.088521182521525,6.119316543148179,3.406782780072527,4.410060118685209,4.5503882566486675,5.353200788223145,4.717876683501261,1.4361418553191423,4.469578465295657,7.227744036457055,0.6520137992636219
2014-10-28 07:00:00,DEHM_noBD,6.81454824524615,6.018958492717076,3.4104968582390565,4.333241708010781,4.706109484188538,4.820245317284904,4.742956985650693,1.6696367504346372,5.229039403230474,6.552246679898053,0.6611511335108731
2014-10-28 08:00:00,DEHM_noBD,6.131818653101642,4.90584855102873,3.013266692217845,3.8073416887502303,4.777315470385224,4.346179594600701,4.346794603315497,1.6981448098433019,5.099251407442913,5.857236372320875,0.6595642077797418
2014-10-28 09:00:00,DEHM_noBD,5.350330735688747,4.1258087868267355,2.7117437704503726,3.4730635596889123,4.4047061761105,4.012548150510822,3.9618586612132933,1.4985320051836968,4.762459957000203,5.203954635226932,0.7117707540254085
2014-10-28 10:00:00,DEHM_noBD,4.725135833935745,3.7567802160638384,2.6372611540798236,3.313970273250793,3.97957780829313,3.6895227392076433,3.7356507528904084,1.2723206279182433,4.519925826701839,4.758676058016565,0.8055245445975567
2014-10-28 11:00:00,DEHM_noBD,4.41951827816233,3.282211951778439,2.5431024638996194,3.2517794286546766,3.746082612504411,3.4339608953791645,3.526251110522099,1.1495380335049332,4.230988859993079,4.4948676883819205,1.006816352415704
2014-10-28 12:00:00,DEHM_noBD,4.170203523858277,2.7550597453699766,2.2270372773532725,3.073357712450421,3.582950938328403,3.0391841694199457,3.3807940550059707,1.121528820774257,3.923395586232086,4.135765807717344,1.311846019350621
2014-10-28 13:00:00,DEHM_noBD,4.325731503696056,2.509410289673811,2.067461186865845,2.760207585146739,3.3617511268749456,2.6693685461662433,3.1609569524530414,1.1238716075784714,3.5667706004742947,3.9185099802446297,1.6155831168362544
2014-10-28 14:00:00,DEHM_noBD,4.999650260646275,2.649964972575358,2.318865831524322,2.5380057562951133,3.1341275031642195,2.333460419925249,2.943080893661549,1.1157375458363257,3.3487750513087846,3.8793457319042695,1.998499985335353
2014-10-28 15:00:00,DEHM_noBD,5.379336141988516,3.05461644813706,2.8044288951008034,2.546367472727263,2.922451983534767,2.224085091507233,2.904286683068012,1.166220619577095,3.7580595763785603,3.5913222177276936,2.220054876911107
2014-10-28 16:00:00,DEHM_noBD,5.0917762466589265,3.8051962899620304,3.3904044832411824,2.63687626970098,2.751823082920793,2.2548489702197356,2.7823169043963376,1.1840830806235223,4.260934337246949,3.6360975479911937,2.3405894049158267
2014-10-28 17:00:00,DEHM_noBD,4.387141561527674,4.533344934970664,3.8224536668412057,2.580669742981856,2.7638661891308987,2.404175108042174,2.805121327752285,1.1926834063909202,4.780782771320085,3.8027931809376625,2.414885767771487
2014-10-28 18:00:00,DEHM_noBD,4.0008732729219645,4.93567349564978,3.9982081023089435,2.6273868933318445,3.10887896738043,2.6286610562342467,2.8732849932069837,1.1875691114437579,4.977551395426524,3.5759297114671047,2.443034158957892
2014-10-28 19:00:00,DEHM_noBD,3.9161310535022325,5.278841750212256,4.288212524878773,2.8420488151366587,3.372253519907682,2.997667640665671,3.0658936080006454,1.0699346526579558,5.12496065299568,3.36620640913278,2.4997076631776682
2014-10-28 20:00:00,DEHM_noBD,3.9040323291554717,5.5129556962931225,4.242856418157165,3.210979434843879,3.472130658303854,3.4230605518649906,3.490225846431172,0.7203694450369477,5.4976728572013,3.4388921429586214,2.60577598288182
2014-10-28 21:00:00,DEHM_noBD,4.074965729044524,5.728126845137446,4.010165477479164,3.411673761616507,3.6002458040545084,3.838810840723216,3.812203602672931,0.3086586063639073,5.709606324727277,3.6634121400979325,2.779906925986678
2014-10-28 22:00:00,DEHM_noBD,4.469945140724086,5.964228630799117,3.618999901746121,3.2392813494891697,3.70797058417042,4.025378373230251,3.9340899506504594,0.06756056705131178,5.8477932293358466,3.8053378957929294,3.0496697323021795
2014-10-28 23:00:00,DEHM_noBD,5.015413508877195,6.225637736854487,2.9352594539475247,2.9382980124349953,3.321736545112012,3.761640583761258,3.850305872904717,0.009444075330058005,6.093904964419685,3.844761612429878,3.406506262590423
2014-10-29 00:00:00,DEHM_noBD,5.744876683079039,6.456397552182949,2.386836358604409,2.413728471833677,2.824375143246632,3.0095758704404325,3.402744494454022,0.004801564537610274,6.394228977774075,3.8899279565892813,3.783456351455552
2014-10-29 01:00:00,DEHM_noBD,6.4507047701560705,6.526796018889272,1.9837431306907674,2.4584664969031373,2.6017784258785843,2.9736969550447085,3.1371159068793855,0.02044166456355225,6.748723954211093,4.033343110564144,4.139166929038455
2014-10-29 02:00:00,DEHM_noBD,7.171891165107885,5.550359571746948,1.63393463110837,2.5213031114080526,2.3667991229424814,3.073135722822575,3.0516352988969686,0.053016670477702116,6.907778435607206,4.582466990390547,4.473131477749643
2014-10-29 03:00:00,DEHM_noBD,7.760285297734828,4.012896184452847,0.6630124857610757,2.477585072429498,2.0640844059649854,3.0066535607771128,2.993897144196289,0.06605649921817681,6.62313431722701,5.518711947215684,4.670829738408968
2014-10-29 04:00:00,DEHM_noBD,8.057256785285107,2.9327575420722907,0.041664186521677096,2.3647154039974607,1.8782289651338386,2.8306953777852004,3.072492032917956,0.06600967680028623,5.359162604969003,6.741489544059091,4.743690631939207
2014-10-29 05:00:00,DEHM_noBD,8.054290437033128,1.8083745908848414,0.03998956239969623,2.438938679932283,1.7982748277973757,2.6683899753249603,3.2149778447644572,0.06782787209775286,3.3181964884887076,7.748064583395491,4.7591461076282595
2014-10-29 06:00:00,DEHM_noBD,6.462258787328693,0.26328556458064994,0.0535538247332826,2.8019182347229696,1.827167761222031,2.556756118301415,3.2417423272865453,0.07183534224470141,1.4870652919177199,8.005969320416115,4.510637293986187
2014-10-29 07:00:00,DEHM_noBD,4.709226312798203,0.05195667958604794,0.05799227069318215,2.680874209279633,1.8504294853922165,2.492332775067991,2.9434614243093,0.07439345978446284,0.3811341348127879,8.200795655185521,3.5863292789182157
2014-10-29 08:00:00,DEHM_noBD,2.6668092800131906,0.06116414463957523,0.06211745902117335,2.442178331282246,1.7018853958742413,2.3241161112887543,2.6138617591948337,0.07057593406353128,0.06164684133117075,7.352242941258112,2.2843331806876517
2014-10-29 09:00:00,DEHM_noBD,0.8790408739556301,0.06502753037338227,0.06404765696951734,2.208485337248116,1.4552268295145407,2.2318308917848184,2.459957428511149,0.06001535643402007,0.06809524445716277,6.092801819511607,1.2407087564330874
2014-10-29 10:00:00,DEHM_noBD,0.13587369209380348,0.06379211126357841,0.06339771621648152,1.991291948684495,1.170645932838251,2.1686000589638694,2.2651854976721792,0.04526983578856322,0.06604472911407228,4.506149018003458,0.5582289339247516
2014-10-29 11:00:00,DEHM_noBD,0.07774802240457832,0.06517533006543286,0.058110903290702724,1.8259758741670216,0.9234680151138339,2.0873407783172566,2.194372970999614,0.040088966080028134,0.06575901329750887,2.1058624513207045,0.18654787293031716
2014-10-29 12:00:00,DEHM_noBD,0.0752946844738348,0.06426770002712102,0.04467812848166819,1.755026561283929,0.7295887846634443,1.9537839629768534,2.1799936645744022,0.04070708750723734,0.06968422751425976,0.5096720489654267,0.06526955465357605
2014-10-29 13:00:00,DEHM_noBD,0.07346677009842577,0.04976309709058597,0.036150240594886224,1.7572141947800184,0.610848767312042,1.809461672558272,2.1931516204124972,0.03866778670325175,0.07308640876975941,0.11774427678025046,0.04020580974532623
2014-10-29 14:00:00,DEHM_noBD,0.07215123922890732,0.03813785654129588,0.03501336155512555,1.8647785677118782,0.5454743038236501,1.6954335902367847,2.2163944237010744,0.03758181086539684,0.07192267812932354,0.08213704158759444,0.02995087204528874
2014-10-29 15:00:00,DEHM_noBD,0.07011474635089968,0.03755660142177079,0.03491300804565333,1.8962534369658135,0.4568034841905725,1.604142715097105,2.247747007766479,0.038036353418007034,0.06787056808016698,0.10467719468854955,0.02987621965968836
2014-10-29 16:00:00,DEHM_noBD,0.06417173545051114,0.05337604854492792,0.035316496210242895,2.0336888605680516,0.4135794115962036,1.6253343147140873,2.348971942906191,0.04199849635041004,0.06514925824963437,0.12432394266777486,0.031233375421511035
2014-10-29 17:00:00,DEHM_noBD,0.05678723389058601,0.09867872895988862,0.03907823526965227,2.1934096540192507,0.4666578224696318,1.6262794149782323,2.4099432283430633,0.05028280069738045,0.05797834355415843,0.14108673281456058,0.032150301995165984
2014-10-29 18:00:00,DEHM_noBD,0.05169844099674127,0.1448002869357382,0.04306118055854346,2.3258873252547088,0.5514406071557982,1.6353642018002148,2.4384638114617356,0.0559167900723941,0.058209526944251834,0.15319158263178217,0.033982424262294995
2014-10-29 19:00:00,DEHM_noBD,0.04843640355609812,0.1976477649678675,0.04469496655385071,2.4135279104809677,0.663718289046465,1.7317720790957354,2.492559703145241,0.05750566368011399,0.05925684843269442,0.15830755236478206,0.03658895585451401
2014-10-29 20:00:00,DEHM_noBD,0.049354384169401404,0.22448725484305374,0.04991721995689645,2.3869079252880034,0.8454695950150362,1.9758030194045815,2.622899775017835,0.056883599611498595,0.059503845807165806,0.16868673199672318,0.037440142214386796
2014-10-29 21:00:00,DEHM_noBD,0.051478342846061426,0.2333667033741355,0.054691414893567825,2.3683215606962595,1.164975657596147,2.353325434974387,2.849000825883371,0.0550878882782008,0.05897750171638987,0.18271072286572082,0.038109970784187555
2014-10-29 22:00:00,DEHM_noBD,0.05132350323794629,0.23612156516119,0.05826818284076021,2.4057172026758367,1.622605395077719,2.7923270429463725,3.150089153763657,0.05280984389004755,0.056223033348827736,0.1911367517854471,0.040066651853492945
2014-10-29 23:00:00,DEHM_noBD,0.05326218012849665,0.2540726474145031,0.06646424278838131,2.4919451961089316,2.1520777353447853,3.2040058632138626,3.4456091094612487,0.049196086081353625,0.05439056422020822,0.20878511547197756,0.0416912845169441
2014-10-30 00:00:00,DEHM_noBD,0.05521787175271416,0.27163641697523744,0.07348280736795824,2.6037619838691364,2.6591655123962123,3.5829337804166,3.714027541177625,0.04910260411706745,0.05525806168843234,0.23023380161774792,0.043015717573523814
2014-10-30 01:00:00,DEHM_noBD,0.06016232816576603,0.26798805087347966,0.07319718136957565,2.7353455793853083,3.1090202137256227,3.9590865342265698,3.9941715938558366,0.04883256490628595,0.05664136250868529,0.2507492996349209,0.04527926547521546
2014-10-30 02:00:00,DEHM_noBD,0.0630710730145218,0.25932472613906477,0.07039734697126632,2.8489888936272862,3.5868156520111665,4.28855313594599,4.253988548763834,0.04897121983809669,0.060066076550044305,0.25588441894776826,0.04884866208274264
2014-10-30 03:00:00,DEHM_noBD,0.06330562445917502,0.2654844466725387,0.07492353635590177,2.905858361505553,4.025257866250254,4.485916190450465,4.444303644709583,0.04853110352698179,0.06581519160495077,0.2238497383948707,0.05271105743943593
2014-10-30 04:00:00,DEHM_noBD,0.06397620326275807,0.28569868959836286,0.10295650448917057,2.9103007025147556,4.297734444037128,4.503891631990809,4.550284501464288,0.04675430293627673,0.0900434762550423,0.24072325775184572,0.05373164229861703
2014-10-30 05:00:00,DEHM_noBD,0.07078935282597645,0.3121559070234407,0.15099632025339943,3.0547118032416614,4.55887639958865,4.389906686644454,4.59817000150246,0.04634914506108835,0.1309775419693528,0.29444439612743994,0.054188505096903095
2014-10-30 06:00:00,DEHM_noBD,0.07863010972347793,0.33663512816289554,0.20358471579655157,3.147379686907563,4.596966050774661,4.267749747145143,4.503695220626644,0.04582908009368159,0.1923632108662986,0.3588668325278825,0.05416160782157388
2014-10-30 07:00:00,DEHM_noBD,0.08252867130978606,0.3575738232573865,0.2685357067124451,2.817497730311315,4.395717600171804,4.1322849926408844,3.921955673148523,0.04576465682415587,0.21286289637844175,0.39439115938447045,0.05319809711524147
2014-10-30 08:00:00,DEHM_noBD,0.08319354086035376,0.3521735900588181,0.3240305282804479,2.6126071130135538,4.0220204684888685,4.072229499433323,3.426556282178223,0.046792285727714655,0.14242227471877084,0.38340702174167357,0.05224076249030832
2014-10-30 09:00:00,DEHM_noBD,0.08343187903059163,0.3451645849639596,0.3402624573060177,2.8465323973493892,3.9010186004157816,4.2362577568079045,3.582740681095915,0.04614104714396165,0.10506402592727555,0.37855406378683165,0.05366902210728542
2014-10-30 10:00:00,DEHM_noBD,0.08390110211669688,0.3218017425658256,0.28760523490723144,3.0371268629927815,3.9519156474524912,4.4748782266784355,3.7326622640113936,0.04449054132561744,0.08415373242675664,0.3382225353543517,0.055940803187650545
2014-10-30 11:00:00,DEHM_noBD,0.08243133654101735,0.2541490714909288,0.18963443504559843,2.9976433574080446,3.9553991160304562,4.238522557761548,3.679595132610353,0.04293373305617486,0.07083944935314669,0.2840670597032523,0.057614955402570195
2014-10-30 12:00:00,DEHM_noBD,0.08304099289637507,0.17971104456321238,0.1767630987084951,2.705428388850005,4.082827930961804,4.048449349207141,3.38641061004157,0.04230912436208444,0.06477319827065067,0.2676297787178804,0.05919544316170373
2014-10-30 13:00:00,DEHM_noBD,0.08306598252540211,0.14119942215386294,0.16571801423863575,2.4492851678789065,3.7902366724514778,3.8311998977450523,3.07489515530055,0.041595151066361705,0.06502188422411781,0.2429370467886882,0.06006078742811974
2014-10-30 14:00:00,DEHM_noBD,0.08041161860716976,0.10211755564592069,0.2418495945782644,2.318184653197793,3.2734032309060774,3.540494264357859,2.9958530434281583,0.04301443532012253,0.07056990575189782,0.2799391344579928,0.0592543478626946
2014-10-30 15:00:00,DEHM_noBD,0.07896230001029204,0.12403401265402443,0.38336570806640446,2.2957848929402838,3.125328426389195,3.4278160914551528,2.8884220226887924,0.0448211150277708,0.11333424844969622,0.4072682985301769,0.0593910743340406
2014-10-30 16:00:00,DEHM_noBD,0.08113209739484119,0.2590244448607424,0.5415777984017814,2.233862889041605,2.867912800711024,3.2228048104061364,2.686392918476523,0.0468713485774281,0.25625445631993304,0.5670344809108028,0.0591134848432849
2014-10-30 17:00:00,DEHM_noBD,0.09092036012449053,0.4451569161311788,0.674437755038622,2.1572801997845836,2.5632495590505573,2.851633208484624,2.5296348344563264,0.0479354577953147,0.4576560039639954,0.6986058504015603,0.05960937722302918
2014-10-30 18:00:00,DEHM_noBD,0.08874075591350312,0.7442004031494946,0.8797757536663827,1.9320519179175815,2.373828572168285,2.5746506734572905,2.3673201617074073,0.04721010778774152,0.6573864550853177,0.8585179390445631,0.05962405680076629
2014-10-30 19:00:00,DEHM_noBD,0.18651299251271047,1.0949272171997217,1.0663312436251957,1.763965603272763,2.28923864190819,2.4664091502598176,2.2906152994398887,0.04684754046387207,0.8263720171506685,0.9210575919450587,0.05964371358895839
2014-10-30 20:00:00,DEHM_noBD,0.45944492037265783,1.250848471592809,1.2714916622107097,1.8510679545622983,2.2476366926986566,2.420995485445567,2.3228213127910022,0.04678964943686249,0.9254548885690705,0.918446827068273,0.06014442026181627
2014-10-30 21:00:00,DEHM_noBD,0.46918871663832795,1.2823949611088736,1.4158520619910901,2.1694199298754007,2.32692200480773,2.281108017436459,2.463567693850097,0.04610171872636237,0.9663310247973657,0.8937237456615081,0.06021220756438325
2014-10-30 22:00:00,DEHM_noBD,0.4424271562067395,1.2419474168419529,1.5745470081547124,2.41642661831181,2.5024518492128056,2.172739185806668,2.5293021804926488,0.047250156613221246,0.9688909894492217,0.8682581209489981,0.06027782026000242
2014-10-30 23:00:00,DEHM_noBD,0.6246734287913794,1.0849320096872088,1.908195398361506,2.4967279390823065,2.727250287727732,2.200419973210509,2.5333108276694243,0.0477749531505255,0.9458323026370961,0.9339492767847329,0.06094120328563596
2014-10-31 00:00:00,DEHM_noBD,0.6620134052379893,1.08892406617829,2.2721709628069373,2.656259853633491,2.9376838252868493,2.3752685235199196,2.5607485184273595,0.049035957173322875,0.934068578888207,1.155525434339633,0.06180395907228557
2014-10-31 01:00:00,DEHM_noBD,0.6383808075970316,1.240520365342284,2.6451248583751035,2.9904624002791427,3.16097958658554,2.632289304917291,2.5771495909064734,0.0424676290052092,0.9119133052977716,1.4437565134858712,0.0624777135981827
2014-10-31 02:00:00,DEHM_noBD,0.6830433381686825,0.9857980681204901,3.2250974783868394,3.265693840682617,3.399588726715782,2.7812439999182836,2.6498398916855956,0.04636322051895307,0.8583835107048565,1.5608885346021317,0.0629455262116816
2014-10-31 03:00:00,DEHM_noBD,0.8603209544563362,0.986016192966676,3.7654250344706837,3.4683430698791313,3.689114959775484,2.8127389855709897,2.8476199410271077,0.055285412291222975,0.7862406030351156,1.5435615397314728,0.06183182198397618
2014-10-31 04:00:00,DEHM_noBD,1.0156377069959859,1.3935607837232264,4.550239735121033,3.4115752368634005,3.8286891011444855,2.7939554144083587,3.0405370697934133,0.16082504108108808,0.6971960869159641,1.3107447827177472,0.06054734485180994
2014-10-31 05:00:00,DEHM_noBD,1.157064499898325,2.5706067638812264,5.571338007292075,3.2671001318804924,3.932660609237482,2.823184176339951,3.150993189107124,0.29499920368591315,0.525403985742554,1.221595094785818,0.06107143860612085
2014-10-31 06:00:00,DEHM_noBD,1.6421170856907579,3.19871223183816,6.305021460062386,3.1284621921931626,4.020532747700843,2.9319241680163097,3.2340817066164735,0.3156831823033605,0.434690904738726,1.3934748446293634,0.06304853437906162
2014-10-31 07:00:00,DEHM_noBD,2.221634190809732,3.341273343458133,6.51590222835249,2.8391832824717933,4.108435410835105,3.174631719999024,3.328704898981559,0.3100498422654903,0.4346680854351539,1.5946214900142064,0.06286716083570527
2014-10-31 08:00:00,DEHM_noBD,2.7731676853362393,3.6816917332198917,6.19792418909275,2.586418637404349,4.046263163613821,3.5192362826326726,3.444826484017116,0.199022069358453,0.44146154471226956,1.7946396550108228,0.06041999061646797
2014-10-31 09:00:00,DEHM_noBD,3.1071149696139293,4.36856278513878,5.989225815468444,2.4727818392120184,3.936780108876354,3.509833715673365,3.3481697048215975,0.13826362755943072,0.4312183095870818,2.201804781048936,0.05923387069661527
2014-10-31 10:00:00,DEHM_noBD,3.222794128694488,4.907082807810764,5.921868660270733,2.2886110363306935,3.774962033687658,3.3779745886714663,3.313539709696335,0.14612298141645255,0.4408339233280915,2.6316976666053806,0.05994355413669568
2014-10-31 11:00:00,DEHM_noBD,3.2525332091540076,4.99661144228436,5.578124073853344,2.1742101661613744,3.5118073119103164,3.261161404920916,3.2121233210450404,0.16083643366299566,0.42814476678918345,2.9501527080195133,0.05919992100377929
2014-10-31 12:00:00,DEHM_noBD,3.3382144916466574,4.922560938377978,4.954593602579319,2.0745997378572296,3.259093638371757,3.11251711820087,3.0678704631728713,0.16656048662535838,0.43605751957567634,2.831464218011587,0.05739039289614062
2014-10-31 13:00:00,DEHM_noBD,3.58735795228281,5.011441926756115,4.357304032399198,2.0260177831874806,3.086127291844991,2.9928974419937076,2.9318055872562474,0.23579639152323817,0.5799892886769153,2.5926436379555438,0.054950303844814676
2014-10-31 14:00:00,DEHM_noBD,3.7288972546012813,5.0743676457712565,4.3996414602457925,1.829583637605352,3.027876496886909,2.983704030550456,2.8840942881557563,0.3040226717551051,0.8494647668366162,2.55720926622316,0.05535556893424454
2014-10-31 15:00:00,DEHM_noBD,3.744595244755648,5.232262472358483,4.917857330895419,1.6901951505239625,3.1139698092681027,3.034937856644376,2.8271982681310703,0.4010945484464987,1.0353131771021606,2.7481779855265565,0.05650926854643397
2014-10-31 16:00:00,DEHM_noBD,3.781838314073643,5.362911642730019,5.455886382900513,1.6702074808300562,3.1033058508060125,3.0060036590731505,2.6405282889983783,0.7077982169102132,1.0774298505462512,3.228039044876339,0.05817692623783196
2014-10-31 17:00:00,DEHM_noBD,4.015860682385659,5.246135289723468,5.8918702060393855,1.7297092458663328,3.1145491301494674,2.948712790193836,2.398375889588161,1.1404611838350445,1.1765141982874658,3.741413844834313,0.05875555147633924
2014-10-31 18:00:00,DEHM_noBD,4.2371176990494535,5.293652617512305,6.445194058283028,1.809625252402113,3.1001130682357467,2.8440724445915313,2.342276082577514,1.616876854942236,1.4356574677430283,4.05166599759565,0.0580655402384736
2014-10-31 19:00:00,DEHM_noBD,4.377552015795343,6.041610531872111,6.712394709420316,1.8153655164632778,3.0601191277272,2.734905547476997,2.511181959787609,2.069543390121292,1.8705293078435723,4.288524228894998,0.05746925489242273
2014-10-31 20:00:00,DEHM_noBD,4.501052832117611,6.8421675412184,6.521215677669458,1.8505208558489907,2.915916382912713,2.66064216690734,2.6064488818205085,2.3698271166940033,2.34853563528745,4.60603167349138,0.0614621985587252
2014-10-31 21:00:00,DEHM_noBD,4.693606093825904,6.381850664527792,6.181137723921016,2.009179237844422,2.7289632729065953,2.6503603685857193,2.646046355960506,2.517616927252561,2.905791727081588,4.990975728695199,0.06980358326557695
2014-10-31 22:00:00,DEHM_noBD,5.17805210262419,6.07056342370246,6.21684176615227,2.3241389514097253,2.590308121150727,2.712712079736447,2.7159788435927994,2.5308726637905834,3.630569322298597,5.352788652730908,0.08316796518131904
2014-10-31 23:00:00,DEHM_noBD,5.682708614763368,6.791018719570488,6.5899245639275295,2.760380092708565,2.5899225851677814,2.728375853185013,2.8386556298926826,2.467568067174554,4.2730343406932985,5.610254815450008,0.10538457300571855
2014-11-01 00:00:00,DEHM_noBD,6.315094182110634,6.814355971929487,6.8483394604324745,3.1192787332183136,2.6721777322392226,2.6910502747834237,3.0932168852214468,2.564104607897624,4.727041431114748,5.882501920339985,0.1423272062439019
2014-11-01 01:00:00,DEHM_noBD,6.572965425111623,6.959622782780025,7.056978851236067,3.2765732843182125,2.7884993287954174,2.629301188150624,3.3645798988088504,2.599572362139076,5.10165459061861,6.158830002329866,0.19200419747355413
2014-11-01 02:00:00,DEHM_noBD,6.522118889920945,7.162284369369037,7.312358436897173,3.251925282561803,2.934345870096531,2.5895193202799858,3.477239015656014,2.5267635819210112,5.391894089303166,6.367001550981543,0.24391747871004646
2014-11-01 03:00:00,DEHM_noBD,6.441996205259823,7.33257880054811,7.646668911636136,3.108877463960372,3.0502415863096233,2.539340768751405,3.379324591120761,2.4379997165246308,5.771054847812802,6.387693586754249,0.29412330434468564
2014-11-01 04:00:00,DEHM_noBD,6.313734602152063,7.381322391670487,7.955760468664392,2.9001167041856704,3.1109895356046913,2.4742279440547548,3.129740926369983,2.4061606551741064,6.388680139365122,6.4416207161560335,0.32814782224026345
2014-11-01 05:00:00,DEHM_noBD,6.298990811570724,7.370177344265488,8.126431134326197,2.7142150125456355,3.148383259428944,2.4106119756443642,2.8822409997775473,2.444812656105906,6.94260257819105,6.47665307337273,0.3371949096837572
2014-11-01 06:00:00,DEHM_noBD,6.459076462544426,7.5431179367597405,7.971332935605124,2.5355840558545664,3.165208096565714,2.392464586822067,2.661100479894502,2.5682531121079624,7.100382353133615,6.5974603360584005,0.3249986512484859
2014-11-01 07:00:00,DEHM_noBD,6.740525066164098,7.57386129099615,7.394102581828404,2.3001071997438522,3.127232856883424,2.398254967195453,2.4599202085104905,2.803142022770941,7.159604919961207,6.676054169977213,0.2902520728420733
2014-11-01 08:00:00,DEHM_noBD,6.842174360747059,6.722164696540833,6.3910311132213655,1.938532702302703,3.054998041803298,2.549986244924422,2.291411661262515,3.1879310104000567,6.946421691807657,6.438997403244339,0.22866887052069532
2014-11-01 09:00:00,DEHM_noBD,6.856532507804353,5.730814653301472,5.549916981395125,1.7236226417956224,2.9698410628041882,2.721272727315546,2.234646732991249,3.541580399477184,6.302852298321538,6.142606157420072,0.18756169457504288
2014-11-01 10:00:00,DEHM_noBD,6.635417420751219,4.90835025667817,5.014754214242804,1.7013065405720882,2.8715753893926323,2.84388492416809,2.2777020097121365,3.580143319737688,5.736249015892614,5.9716253284409735,0.14460160407925599
2014-11-01 11:00:00,DEHM_noBD,6.342157269294932,4.40778334271071,4.681637631834308,1.7162025766383808,2.7576306013324756,2.933492943141943,2.3579517062973427,3.64580037744686,5.60334689613048,5.909593610332254,0.11533149162420747
2014-11-01 12:00:00,DEHM_noBD,5.919661678972396,4.052219663292626,4.1529909838779995,1.7000094785802893,2.6154652344622926,2.9613472126737284,2.3799844141802704,3.764682605207563,5.5407545952716095,5.8473840682742555,0.09645601546108247
2014-11-01 13:00:00,DEHM_noBD,5.410403157158161,3.837216816077929,3.2648341359679316,1.6216813273380755,2.2889148373933716,2.919905934292326,2.4066804361940513,3.451172766016647,5.39117521151131,5.864596513731592,0.08934671738232941
2014-11-01 14:00:00,DEHM_noBD,4.859893545107873,3.806056721313743,2.3976942778373087,1.5150492029962503,2.0571525561514763,2.939726186134087,2.423798527404334,2.6693424628961835,5.304844244065695,6.045152630348029,0.09559918241473606
2014-11-01 15:00:00,DEHM_noBD,4.4316530945730825,3.770418745484238,1.9847250240629788,1.4409436741519885,2.0691665266420154,3.0731240224585896,2.4016944624891234,1.5377702536092324,5.434576090619434,6.230851347394762,0.10759903369937424
2014-11-01 16:00:00,DEHM_noBD,4.400249294861946,3.760821670179301,1.6197437379462496,1.4701346661057615,2.325144772946932,3.138900318920725,2.4541811189861997,0.686582268076446,5.325508389141233,6.253870124492989,0.11952219156455815
2014-11-01 17:00:00,DEHM_noBD,4.689353873072499,3.839429011689103,1.2738078470865726,1.5764713120442542,2.5976992402572536,3.134020290655771,2.5866880038414233,0.32729923757194523,5.207083073149002,6.227868136926927,0.17663038910377873
2014-11-01 18:00:00,DEHM_noBD,4.821614081899594,3.56907523425322,0.9636982302941401,1.8127981731433809,2.7984693977699955,3.15794304048292,2.7378651671451033,0.2690443909815418,5.164759213866647,6.124738568609753,0.3747796075268788
2014-11-01 19:00:00,DEHM_noBD,4.879958312604704,2.843382651882414,0.8031931288415726,2.1074217740264567,2.8932417466818294,3.1718367923958986,2.9833027198385134,0.26944061824450255,5.230538772273185,5.72013786076319,0.8491063329448887
2014-11-01 20:00:00,DEHM_noBD,5.05303486406384,2.16889256500206,0.8298437940241803,2.3690453068381814,2.8778129268033275,3.134949041882925,3.342067127786815,0.24820650319380672,5.413437636134522,5.409086722689704,1.55876993507338
2014-11-01 21:00:00,DEHM_noBD,5.358592217475988,1.7272138773855612,0.8724861079764423,2.602106460094416,2.7970084877676853,3.041508245088252,3.722726864677992,0.22831231174821953,5.473646163425977,5.458275371317976,2.2097857616235737
2014-11-01 22:00:00,DEHM_noBD,5.699850372761524,1.4527671818732097,0.8638005803267634,2.811233710886979,2.6006564333090116,2.9819497218930633,4.075567030068666,0.23283870116240324,5.362517379918387,5.4961910286065425,2.6492840367125163
2014-11-01 23:00:00,DEHM_noBD,5.998721279119257,1.2963537352387235,0.839873638556969,3.0062554021950434,2.285698105723131,3.067185191605113,4.372269432691396,0.24431983966665327,5.13750876755761,5.623062331186831,3.0120785114790873
2014-11-02 00:00:00,DEHM_noBD,6.306135198245925,1.2115891186594263,0.9016715577325629,3.177442820214978,1.9126906169380438,3.166968116042982,4.583994982917987,0.24717636471066612,4.974528312345939,6.047822730088039,3.390879998374153
2014-11-02 01:00:00,DEHM_noBD,6.5713561572395705,1.148014360476192,0.8702782144244882,3.238622012906071,1.5246394982687383,3.1932047199848235,4.648509427972266,0.27541478528047897,4.84970778038023,6.391883708191411,3.693544065483827
2014-11-02 02:00:00,DEHM_noBD,7.028042147285863,1.1060509053232193,0.7969830613809992,3.2669271238710134,1.4523209365177898,3.210368555636253,4.7240753817603975,0.3284099750851839,4.638257522056438,6.588689443232083,3.7682249107744172
2014-11-02 03:00:00,DEHM_noBD,7.506202091640924,1.1395124783724266,0.7819752481967943,3.2984096754311127,1.637750848785136,3.165904908726242,4.650747719245451,0.35947301607772697,4.283107754794377,6.782354678488006,3.646141230714284
2014-11-02 04:00:00,DEHM_noBD,7.69473626528157,1.0893072048400527,0.7934089464105083,3.4155518487389633,1.652952028849907,3.066532138268034,4.5389547044005365,0.3604511835638432,3.7456941747931394,7.119920687906881,3.3671924014119994
2014-11-02 05:00:00,DEHM_noBD,7.448499443858207,0.9299417884805425,0.8195643130485992,3.589583167708662,1.6436657868291067,2.847457546064656,4.524243122837494,0.26804140420272926,3.175001941836029,7.528116257698517,3.0255663736490717
2014-11-02 06:00:00,DEHM_noBD,7.3115658815226166,0.9987556746854167,0.6872231841948441,3.562727775295058,1.6878948370696416,2.692230303532225,4.212494023644455,0.2187337694080172,3.0432223258940962,7.787128280370478,2.627836026453003
2014-11-02 07:00:00,DEHM_noBD,7.318388397133146,0.9897071444445289,0.5763354377278312,2.80920348553245,1.6724131971747753,2.3682698702864418,3.325054973629892,0.39044068377552554,2.626891226385282,7.766497425182601,2.3159498386211133
2014-11-02 08:00:00,DEHM_noBD,6.905715813370789,1.2799152242312812,0.49059543393182714,1.743414755973355,1.3006724621072179,1.634452963408674,2.1355200903153766,0.5135480220475047,2.495650904414244,7.5529444979106914,2.015266683915693
2014-11-02 09:00:00,DEHM_noBD,6.477376265805072,1.5371329849519273,0.7564028379142738,1.2379403690056758,0.9288035345302428,0.9857680968085791,1.4078018281528468,0.26215401173025354,1.345519117225595,7.411491161714019,1.704219831658937
2014-11-02 10:00:00,DEHM_noBD,5.731983076889913,1.3663656088491407,0.4996974556596757,0.9520224306341121,0.7402220928857427,0.6770670824112812,0.9296843972881602,0.14576193301565932,1.1626672046778537,7.267907640477363,1.5365096356241543
2014-11-02 11:00:00,DEHM_noBD,4.9213539379724764,1.1094520856435015,0.5707401306910486,0.875439610029424,0.6313889126908079,0.588438153014132,0.790180829813053,0.14511492600560177,1.7415831865555138,7.096708379498902,1.453627816790559
2014-11-02 12:00:00,DEHM_noBD,4.531306482546329,1.0861862449659627,0.7098945744379508,0.7660378992889207,0.5683798430499736,0.5169864014118901,0.7632527436691419,0.11264386174030598,2.082156673319824,6.862144397908814,1.3475884114717085
2014-11-02 13:00:00,DEHM_noBD,4.224949210452209,1.0982698133328428,0.7161190469245682,0.551323890989246,0.5077871471651829,0.44337703135085255,0.6367020800322392,0.08224483246358101,1.957583519656076,6.755771349780434,1.3498103862710904
2014-11-02 14:00:00,DEHM_noBD,3.7262227852700995,1.1824906842746379,0.7254497511354062,0.4937745270614501,0.48645311527201074,0.3923482359690964,0.5395015099754753,0.06229009324410916,1.7880185189575124,6.767543887701173,1.3262383362271049
2014-11-02 15:00:00,DEHM_noBD,3.8612909882856465,1.3203028505606567,0.7309200121514082,0.5349623288572113,0.47253158426007835,0.411098160324058,0.5780063069738333,0.0488549745478759,2.0715110329991697,6.484573836375553,1.3398490251826396
2014-11-02 16:00:00,DEHM_noBD,3.6582783141869943,1.530573451144452,0.7993455555816471,0.6484022901956765,0.47982212652046924,0.5558780136864154,0.7186732978817241,0.04036422642339935,2.5718689804975363,5.72921711870772,1.3854747301956662
2014-11-02 17:00:00,DEHM_noBD,3.357010096998135,1.799373096791308,1.0190195902544068,0.8434828842301106,0.6483329234865259,0.7933691431284999,0.8711915593748512,0.03623084502080906,2.885911579434117,4.862041610836981,1.3916403955128223
2014-11-02 18:00:00,DEHM_noBD,3.2186107623748077,1.934033491554712,1.224654116496738,1.0180624185656928,0.9154160381370875,1.0075185407648934,1.0497905861860932,0.030273395937345744,2.954736283903197,4.468028149095887,1.4473011103430375
2014-11-02 19:00:00,DEHM_noBD,2.9786379908586325,2.2908364074954553,1.3077307144634163,1.1144420603050889,1.1347248177600349,1.269401861937542,1.2959515411017763,0.023509234263172113,3.0209945784960963,4.7586480875858905,1.73849648319195
2014-11-02 20:00:00,DEHM_noBD,2.8766223364911325,2.5475354755907684,1.1894048330426679,1.13112710593704,1.180434115689844,1.4031876504763705,1.4059084931055468,0.02222699012278517,3.1224637847905417,4.4570063940567275,2.1030974712455737
2014-11-02 21:00:00,DEHM_noBD,3.1030741188675406,2.704582809207912,1.2386301818428807,1.101992178602853,1.0992312320804711,1.292626531362565,1.393388470394374,0.029312517053751354,3.2635522086839286,4.084104047913306,2.202682693032157
2014-11-02 22:00:00,DEHM_noBD,3.4465967965523863,2.778901588267907,1.185337861038081,1.0355408985005046,1.0489632423818482,1.151335779532368,1.4054643311900727,0.04309548928138785,3.3362083999288825,3.996173273174521,2.1365358455877006
2014-11-02 23:00:00,DEHM_noBD,3.747267069225439,2.8430557134596888,1.2392832985577091,0.9972073265820154,1.113794471933199,1.0750028016199984,1.269813820275853,0.06083814960541197,3.526899711404017,4.0370643308142595,2.185666357247438
2014-11-03 00:00:00,DEHM_noBD,3.929005400909435,3.028299183967491,1.2215811860343457,0.9198271658933832,1.1972719551895419,1.120997525760952,1.0571274218923128,0.0871589097139331,3.5888222594153216,4.003922752935401,2.305638574178964
2014-11-03 01:00:00,DEHM_noBD,3.923639166399777,3.233539481202461,0.9672654238323367,0.7786807737496937,1.1892923175791559,1.1164445010321549,0.9098985422947572,0.127125456329542,3.3703278746266827,3.9378007807051856,2.4440973942977
2014-11-03 02:00:00,DEHM_noBD,3.889230719577395,3.3934794738649905,0.6872254630063672,0.669216920885567,1.0594520777800724,1.0177003145227925,0.9269999621942656,0.1643961508511378,3.2305069531350084,3.836009474398373,2.656337670348901
2014-11-03 03:00:00,DEHM_noBD,3.9107872499671976,3.1394602364752715,0.6720750259084312,0.5965698562479256,0.9063714897172059,0.8579735602822032,0.8534993523000554,0.1791342290122992,3.1808714068282398,3.5837110477904788,2.9296894771002417
2014-11-03 04:00:00,DEHM_noBD,3.863592660104083,2.515520508460313,0.6504713951445614,0.5475512860942944,0.7805239328901421,0.7481282438708277,0.7410794971775589,0.17749072978578498,2.8878321360445254,3.3622048482934765,3.1670661091239567
2014-11-03 05:00:00,DEHM_noBD,3.6062652599290876,1.9483343931778567,0.6312633801677021,0.5270581893740336,0.678349333490082,0.6800350488346716,0.6971204401096178,0.1815233170594273,2.327552329014726,3.170433493725504,3.3824469930403676
2014-11-03 06:00:00,DEHM_noBD,3.2786448422973127,1.8961730382187665,0.5724496017165442,0.48531339646853233,0.6125268107343558,0.649177756231359,0.6372346883657956,0.19658436132648946,1.7347990511601745,3.1094175506860253,3.5730842153864635
2014-11-03 07:00:00,DEHM_noBD,2.836407974822426,1.9109912660355495,0.43675873464082327,0.4321575144066563,0.5846669400235474,0.6194847437688424,0.545396590312829,0.21548492677635503,1.4279130591686253,2.9349256104887136,3.5773571312920933
2014-11-03 08:00:00,DEHM_noBD,2.220298305249218,1.5253090557533562,0.24982675299982235,0.3822569642508466,0.5436401177004422,0.5212927679958015,0.43506675070480905,0.2297420051023083,1.1730941961650876,2.6033461739550203,3.311206975805713
2014-11-03 09:00:00,DEHM_noBD,1.675784065925797,1.0217212770538235,0.18604812033842774,0.3086971553534209,0.46032636934023574,0.42270020981286993,0.36894555885196356,0.2326683223726785,1.187737427764116,2.392452810038445,3.1363209338128426
2014-11-03 10:00:00,DEHM_noBD,1.2496100074729841,0.6989117875517717,0.18299204008235176,0.24032267962385268,0.35082058644785996,0.34796352425174915,0.3247237719105423,0.23219360190544264,1.1248416913293349,1.901723094867323,2.7990381052300113
2014-11-03 11:00:00,DEHM_noBD,0.9542675038528803,0.5511587097105447,0.23061955049373403,0.19627836013187155,0.28481825304372693,0.30729645103919345,0.28651146916521153,0.25948940707582957,0.858477071123271,1.2793462716722321,2.2803309253281823
2014-11-03 12:00:00,DEHM_noBD,0.8100563472581326,0.4956647369704063,0.32018098132363915,0.18441156891816282,0.2796650116930086,0.2780096625080655,0.23830199591826257,0.3000121548505872,0.7073674976966727,0.981811756145143,1.7578861812968072
2014-11-03 13:00:00,DEHM_noBD,0.7261612874944033,0.45711308624931213,0.4021663187711447,0.20232807539845063,0.2632416390788554,0.24201910347906708,0.23668036082968558,0.21340392880707976,0.6269872340572451,0.9087934112199069,1.2374717972836542
2014-11-03 14:00:00,DEHM_noBD,0.7289142414819754,0.41118988427585923,0.4062647358846006,0.21286179755733042,0.25654300087124327,0.24301695745630192,0.24538209241861264,0.1343190598285383,0.5878451218585472,0.9099013479065821,0.8617998403028483
2014-11-03 15:00:00,DEHM_noBD,0.7762275374065177,0.4546792728152022,0.43288539333779463,0.24840395275857752,0.30814127592437435,0.30096759227351555,0.2581491707620674,0.1305365931872091,0.5880356189412984,0.8722117210877467,0.623707140449905
2014-11-03 16:00:00,DEHM_noBD,0.9135245772403365,0.5442595787830228,0.42123252259198657,0.3287279465321157,0.35182917747145614,0.36630591634691007,0.336436154670804,0.12879070359961817,0.571538028920323,0.9182792661137719,0.545261169785894
2014-11-03 17:00:00,DEHM_noBD,1.058166635220819,0.7020507649377626,0.46598200145069174,0.43068792584898274,0.39494630839876577,0.40793364942456645,0.46677342173334224,0.11162153528965992,0.6107739723340573,1.0523388207386757,0.5305065883601376
2014-11-03 18:00:00,DEHM_noBD,0.931815563289533,0.9291048668951809,0.5922423814960244,0.4350017330477444,0.3561700001758149,0.42047663172644256,0.5245823263955567,0.08647727352976793,0.7439465534013581,1.209414346449502,0.5016383716972586
2014-11-03 19:00:00,DEHM_noBD,1.0762966983062734,1.2630158034404153,0.6568578897272468,0.3368738290400048,0.24922579448542537,0.34236986752508314,0.44517172495305246,0.14232255153268566,1.0013524893841286,1.3667449964137282,0.4495758579798107
2014-11-03 20:00:00,DEHM_noBD,1.2963108462239656,1.5679422187534482,0.704461754966956,0.22674148291253468,0.17316690249281924,0.22286127934628214,0.3352913243858361,0.18862597904599265,1.4935645757637332,1.5960629987560133,0.4051292980165827
2014-11-03 21:00:00,DEHM_noBD,1.4145301382321382,1.639200708431576,0.6445586377187811,0.16360160993169828,0.13942720678883583,0.16613937571677714,0.23422098315111556,0.14460753334212104,1.6218923218169343,1.690993392579306,0.40214922238058975
2014-11-03 22:00:00,DEHM_noBD,1.4656161599738793,1.8588616314128477,0.8886988966011078,0.14682675857069075,0.1357364416060969,0.12861546828706097,0.171520224346625,0.08504561063272867,1.5442935685098405,1.6875972737822087,0.4572786720395827
2014-11-03 23:00:00,DEHM_noBD,1.4909015268296026,2.045170896073167,1.1442752319171974,0.16795095999397944,0.14081265249787348,0.11123462799914521,0.16757597873849317,0.042288159417807863,1.917279812148283,1.8223209935490357,0.5737778912485365
2014-11-04 00:00:00,DEHM_noBD,1.4895159387061718,2.113949168445186,1.3673465401712404,0.16420902344482224,0.26428751238270887,0.1447665531654308,0.15112161696806414,0.026170459362119276,2.0914215614231257,1.83652206083987,0.7260461872026377
2014-11-04 01:00:00,DEHM_noBD,1.388800455517044,2.0422452444013084,1.1560984369538958,0.1538560684457043,0.44766774569649237,0.36438738680399374,0.12688421869200356,0.038481545992120975,1.90983064567714,1.7140196520771247,0.9188826074813781
2014-11-04 02:00:00,DEHM_noBD,1.032974355676897,1.7738208852871975,0.71192826082146,0.13260182342792817,0.6177490668466405,0.5376843011150483,0.12235712707842097,0.05833043796710898,1.6430054153296072,1.5092088782127564,1.1622185227288802
2014-11-04 03:00:00,DEHM_noBD,0.8855141078649874,1.5507837881629811,0.45679240800442966,0.0999392536258912,0.7693266794622992,0.6818263853686727,0.3294306073072371,0.07698715376440195,1.294741585905589,2.758000908374323,1.4330761368286469
2014-11-04 04:00:00,DEHM_noBD,1.0636511873496888,1.4625075922771273,0.1736258347431139,0.16105669247592433,0.9628869360699341,0.8603337724971548,0.5986623430663626,0.09175294976647931,0.8265210141802439,2.573134332424917,1.5599550794697397
2014-11-04 05:00:00,DEHM_noBD,1.0949667962583476,1.2624832610638594,0.09044198197678027,0.4491163706159661,1.2236609923957893,1.1113296324846478,0.6306077036463823,0.10518777801588165,0.500500367570305,1.7792124346365177,1.492955187390582
2014-11-04 06:00:00,DEHM_noBD,1.0018253986546222,0.9427272966003248,0.11357964321861179,0.7423135859500911,1.5253666780020538,1.29285573176815,0.7875808929867426,0.12410077282271334,0.49751500919741104,1.3602884622036349,1.4203951567842041
2014-11-04 07:00:00,DEHM_noBD,0.9181746335339691,0.6591626062493445,0.13586353482353575,0.7539482228202676,1.7339746125750368,1.3807191664251537,1.0372258652116129,0.11984409946743856,0.534899184340462,1.1667104262042662,1.4293143351835487
2014-11-04 08:00:00,DEHM_noBD,0.8582723425212042,0.32731424958513516,0.048990558925256625,0.5925094186530302,1.7141652247174421,1.4643031330626624,1.230952908277633,0.09690484521164443,0.5774679673142171,0.9986816031319904,1.4835424112426432
2014-11-04 09:00:00,DEHM_noBD,0.7746821212564756,0.07800035750843515,0.04929490215938019,0.6004754422057489,1.6345046958502627,1.400040096597766,1.2167716419660577,0.06968931045246142,0.5011808088457141,0.7175039299317053,1.4469921758541948
2014-11-04 10:00:00,DEHM_noBD,0.6527759707376815,0.06817408813331446,0.06442623902440113,0.6190022255946924,1.5427726666524704,1.2911644634509782,1.1245892478332598,0.06980915844280841,0.29012849845107513,0.5355790246750263,1.3781727936834882
2014-11-04 11:00:00,DEHM_noBD,0.5012768239696173,0.07745682779561948,0.0688896575154021,0.5808281486352237,1.424045567773052,1.2397474965019948,1.018391024327961,0.07531513489379618,0.12901066051388138,0.4685046167951862,1.4454858421413939
2014-11-04 12:00:00,DEHM_noBD,0.38648736030157416,0.04758542731840409,0.07203531725668391,0.5329351969386674,1.1730307440782315,1.1406215186538784,1.0227478905639,0.08379710056361564,0.08493310338269333,0.4500926585513936,1.3789307620408415
2014-11-04 13:00:00,DEHM_noBD,0.3866336614623869,0.07901283195744228,0.08792711892829617,0.5089306758816221,0.9812600864670133,1.1631668288767274,0.9929898892216917,0.08861281326464826,0.08646435068244099,0.44996890959219316,1.0401802706477865
2014-11-04 14:00:00,DEHM_noBD,0.359253827057731,0.10581729624931861,0.10611965114463964,0.5026130899314676,0.9374802030769362,1.2643561235766227,1.0247241751260308,0.08093168290144685,0.08456039982763452,0.43859794955493636,0.7164941490672426
2014-11-04 15:00:00,DEHM_noBD,0.21654441361037546,0.20402061646686453,0.18878940553276768,0.6150728957457109,1.015437281302102,1.4562059659260769,1.144408944546908,0.07766724972212294,0.07697827065743909,0.46091201819581895,0.5182477223676614
2014-11-04 16:00:00,DEHM_noBD,0.1101078961391792,0.29508777867715974,0.2497224628003163,0.8997922032345381,1.2148300390897016,1.6605822726123716,1.3044290399520189,0.08766472129070305,0.10461379009832833,0.7108228309634614,0.37171759503602697
2014-11-04 17:00:00,DEHM_noBD,0.0667725606008944,0.3557720215922923,0.33908739817554506,1.3519004265311731,1.463858610567579,1.9053325929800096,1.5098509522166992,0.1265320908000202,0.1844978641022153,1.163373540195777,0.2447891209989726
2014-11-04 18:00:00,DEHM_noBD,0.049582550823617365,0.43279003387295245,0.4799243184420507,1.9823423963486448,1.798143050190605,2.1524777104849013,1.7867358374592002,0.22414924874377423,0.22763590868137296,1.5108462245527985,0.15017905196652703
2014-11-04 19:00:00,DEHM_noBD,0.05159859472932396,0.505058224669092,0.494876793557937,2.748754855276815,2.0809426943506857,2.3876025228345954,2.138570533902098,0.3321350679834884,0.2677271452720702,1.7081346047377852,0.09205001607384883
2014-11-04 20:00:00,DEHM_noBD,0.05658303543424333,0.5471536522944866,0.5080143422829047,3.5238000919988557,2.3190873422581495,2.657508302988248,2.6150729520963703,0.3742093907375028,0.3194674764475672,1.83217444375321,0.06438833771347827
2014-11-04 21:00:00,DEHM_noBD,0.06662927635125339,0.6142153948659873,0.5349906617649869,4.183317883531908,2.5821097201842593,2.94996041372499,3.2474830458982193,0.35653011358221054,0.40651159815067056,1.7613089854444914,0.05085462761405126
2014-11-04 22:00:00,DEHM_noBD,0.0869318586686182,0.71864526843462,0.6049480086117457,4.685082547673081,2.8435599175396553,3.28037208514453,3.9488654269713157,0.1556751785479927,0.5225269632091233,1.693709468675754,0.04299599865945276
2014-11-04 23:00:00,DEHM_noBD,0.11027567599243468,0.8396049190315056,0.6921404949935578,5.1348728027074,3.1890596567185274,3.6473915481066768,4.63204597178528,0.11383553017109843,0.616688187945904,1.7577245188483221,0.034438428760897186
2014-11-05 00:00:00,DEHM_noBD,0.1294728323766379,0.9416179823184126,0.7866730531978755,5.544648642729405,3.4721372646618325,4.057166357973273,5.28094057078517,0.18538549199904886,0.6679574675669518,1.7623685970836593,0.025084312829794217
2014-11-05 01:00:00,DEHM_noBD,0.17862625306468322,1.027148553163213,0.8904072737943648,5.802374733804764,3.8303228891634964,4.49526872451628,5.834292870288809,0.2197373618999914,0.6630882614178208,1.402618435148634,0.018137746761609938
2014-11-05 02:00:00,DEHM_noBD,0.7436436713354598,1.1116790610267955,0.9720451284363735,6.012141498288853,4.13579332833989,4.926833376108026,6.232794405185926,0.20954154751868917,0.6141933093870431,0.996207413490275,0.01504998046585811
2014-11-05 03:00:00,DEHM_noBD,1.0664464607634838,1.23659004253451,1.022084150984221,6.204698963756778,4.3575775330175945,5.347482730002231,6.594978025935455,0.17621267085297104,0.5216978568406773,0.7360015869526229,0.016706461106297164
2014-11-05 04:00:00,DEHM_noBD,0.9395883303819224,1.2394956842861435,1.1328208796000336,6.282604889968005,4.5538912788846675,5.7472623063553305,6.865925208676999,0.12794237656521604,0.4279910370683669,0.4228983313838286,0.020413002563319065
2014-11-05 05:00:00,DEHM_noBD,0.7211500105305563,1.2928408782079626,1.3378760245462629,5.910909375122969,4.939013765235265,6.049746364153265,6.955409398921469,0.07486751562890201,0.37730660855940534,0.24101174144141774,0.024820802016922765
2014-11-05 06:00:00,DEHM_noBD,0.44633141136559296,1.2673741659498026,1.4986681647466211,5.6744159844299675,5.24947243031899,6.233869445087014,6.799395272373747,0.043813180876338655,0.37049303942927386,0.1189808569966971,0.02870937039753764
2014-11-05 07:00:00,DEHM_noBD,0.19030959091639826,1.1921204654538795,1.536670764551558,5.256873347419287,5.074520373543925,6.035141420161505,6.247710736860982,0.0398053650212007,0.3814479119044867,0.05543196857466033,0.03158491992472196
2014-11-05 08:00:00,DEHM_noBD,0.06967105034472876,1.036647637804618,1.4925204271065993,4.603117285468506,4.566796942539552,5.3004098776848645,5.809732870298701,0.047680850379438894,0.3001768716876021,0.03948852695638271,0.036643617854673544
2014-11-05 09:00:00,DEHM_noBD,0.04595723235771045,0.7077179925113066,1.3392501589084962,4.347670700113494,4.047564844900399,4.668581252651369,5.284521563118457,0.05921589252234887,0.2057393574137304,0.040609027117608755,0.04311380125678367
2014-11-05 10:00:00,DEHM_noBD,0.04420526024943207,0.6563726018078115,1.270062079961854,4.328965290397131,3.7294553141895164,4.053548608668682,4.891672185996638,0.06654995595688915,0.1576672051518782,0.04266635589235564,0.0529621559307002
2014-11-05 11:00:00,DEHM_noBD,0.039994070638323886,0.44627939825912877,1.162717980935483,3.6614358141597654,3.443285691557152,3.4550429113813568,4.844698459211955,0.07017854066379345,0.1396321224066105,0.0572717600882669,0.06302336388634384
2014-11-05 12:00:00,DEHM_noBD,0.03503249194619238,0.20045032445230082,1.0086746945917477,2.9986876123484727,3.19346050168097,3.001195151720591,4.622966837759987,0.06888746645992612,0.09829947373000901,0.10337953905731312,0.0687769966181215
2014-11-05 13:00:00,DEHM_noBD,0.10081104625035056,0.093514170214986,0.720320801582108,2.3186514204894277,2.8937483047680543,2.5901447914139393,4.068065766957174,0.06442868239455847,0.05805279821816071,0.16610618166379623,0.07247590594303044
2014-11-05 14:00:00,DEHM_noBD,0.25935874369718126,0.08178201600795107,0.4130831010982854,1.923580899948118,2.5707457906891427,2.1558178778625465,3.4258093830071106,0.064244806198168,0.038558122977398884,0.28428714500513763,0.0760660871934332
2014-11-05 15:00:00,DEHM_noBD,0.3622659037861413,0.06753245782000124,0.313690978497545,1.5727987300968123,2.1586930340301085,1.6566880880912398,2.7765487068182186,0.06576950244013038,0.03190913841429854,0.4927135649601579,0.07782024641333807
2014-11-05 16:00:00,DEHM_noBD,0.5583148145396635,0.05247146534077575,0.38099747536854645,1.2032233886758636,1.9314129421424366,1.4639894808305878,2.163545503471866,0.06528057431516344,0.028389926464309025,0.9228853734658102,0.0795744057163054
2014-11-05 17:00:00,DEHM_noBD,0.9350137936235032,0.03251024562563273,0.28350059806385325,1.1303487785861628,1.7892854942684733,1.373330886415687,1.8754497109720298,0.06068477727762589,0.03073312205241633,1.2539246297649178,0.08446988673636097
2014-11-05 18:00:00,DEHM_noBD,1.0927426377097516,0.025402781618165116,0.15931369215944535,1.1298762837521257,1.6863459017512004,1.316019875363963,1.749992289306468,0.057899795020025305,0.03787998224352002,1.2774647771336558,0.08739289567571093
2014-11-05 19:00:00,DEHM_noBD,1.1077312036523224,0.024388175671635957,0.07507203630724882,1.1322584699190037,1.6151287922633175,1.2837423925231413,1.745524479726756,0.05835505866065723,0.04274527474760076,1.0294596074440467,0.08767387486743167
2014-11-05 20:00:00,DEHM_noBD,1.0076554806841538,0.025123961152278208,0.04457472686836687,1.1802433823078278,1.6043974716938645,1.29766836746932,1.6931915473901642,0.06294283407641556,0.046386499276687254,0.7646886096688639,0.08944629781314133
2014-11-05 21:00:00,DEHM_noBD,0.9914756022237986,0.03774522848012832,0.032852853390488435,1.3447591200564377,1.5081885869222604,1.2990093109586782,1.6766135857695483,0.06987963745130565,0.045757957076984386,0.6776206864462326,0.08973800010643607
2014-11-05 22:00:00,DEHM_noBD,1.0171567417296765,0.05763376106249851,0.03569094338856074,1.6374117837633206,1.470561687262912,1.282175331895502,1.8788504891679803,0.07915810247903245,0.04921780971101944,0.7017063723064306,0.09132935297053969
2014-11-05 23:00:00,DEHM_noBD,0.9933140142638236,0.0914908448540022,0.03443458822592943,1.9395523187796069,1.5191436308902064,1.3297147095564497,2.3047619239896155,0.0853250328420381,0.04961050071304879,0.72199514516111,0.09565346890022161
2014-11-06 00:00:00,DEHM_noBD,0.9713234301313385,0.12322955028300625,0.03602173244373885,1.969530589955085,1.5810836155925652,1.4964613805113156,2.7455764502917726,0.08955802228292678,0.05290168529057388,0.6805667341143311,0.10126933131557526
2014-11-06 01:00:00,DEHM_noBD,0.9482870388515665,0.14282048601638742,0.04743233502335602,2.169752451911593,1.6284537444230804,1.8302188929948637,2.931515750619554,0.09807716287124514,0.05732384619909785,0.5989433494259859,0.10452674120103879
2014-11-06 02:00:00,DEHM_noBD,0.8704974576616287,0.1551420271098868,0.07058624274051482,2.5171908555356675,1.6383307473498507,2.165730540442455,2.825489616604833,0.10776445210365007,0.06310011635135382,0.5081382029039645,0.10654888864979077
2014-11-06 03:00:00,DEHM_noBD,0.7903675395833887,0.16070251437330138,0.07424218510569996,2.6153388004394635,1.612492399030784,2.3296020245656814,2.746111890075248,0.1161931822473091,0.07134524135090403,0.4573605791753343,0.10785474553674099
2014-11-06 04:00:00,DEHM_noBD,0.6895437307941354,0.16174812122135643,0.07474931102859657,2.813982439423747,1.6097185348044767,2.348855211182144,2.7353285924980675,0.12591815707711293,0.07664643790173327,0.44734497045737803,0.11049081931314306
2014-11-06 05:00:00,DEHM_noBD,0.5870477661631721,0.15851309990981813,0.07616830828720401,2.882198640643145,1.6721339152267074,2.3883565599387317,2.7165300039868314,0.13235266252968625,0.07942883310619259,0.4369401026287023,0.1125094826771446
2014-11-06 06:00:00,DEHM_noBD,0.5542022178284917,0.15632787428923986,0.07761740944377524,2.945824319784238,1.8321876283627654,2.5192015176033857,2.8787281420143267,0.13358808567179592,0.08031252287072577,0.41149497182421496,0.11131453879728553
2014-11-06 07:00:00,DEHM_noBD,0.5604667451550671,0.15618716372507496,0.08295482503415592,2.9312266216072107,1.9245983579499935,2.6445598305515645,3.016755439185414,0.13261783775064215,0.07973598850032294,0.39811603098060255,0.1093113739078071
2014-11-06 08:00:00,DEHM_noBD,0.5629441706347558,0.1544893643347347,0.09217613034820965,2.661056579740787,2.092649709263054,2.851569135855797,3.009297005796095,0.126648128498771,0.07576710398530695,0.4161059892193685,0.10402313380900993
2014-11-06 09:00:00,DEHM_noBD,0.5272228710324713,0.14767780612776987,0.09781268595141478,2.3620845941319035,2.2530844912992696,3.024119919708766,3.059881667566186,0.12345456307004837,0.06566403494866432,0.49116260472090445,0.09613877989808083
2014-11-06 10:00:00,DEHM_noBD,0.5079819755268072,0.14128546443100953,0.10188155798536709,1.978920438421257,2.3958957709209017,3.042374397755917,2.8123808272001964,0.12326758189684264,0.060071426324837175,0.5863802288572542,0.08881365391709595
2014-11-06 11:00:00,DEHM_noBD,0.5016631662972061,0.13682010472567796,0.10560215375276273,1.6946170954595268,2.622739013316657,3.013330986015621,2.521398840507932,0.12151331540660229,0.0623818635517847,0.6192949538821834,0.08238613974858522
2014-11-06 12:00:00,DEHM_noBD,0.5074299719008406,0.13351038822115877,0.10835282312091074,1.4722301237961042,2.7650485010331254,2.837097670541537,2.2549435824302573,0.11837565454631917,0.06205645070576328,0.6531321513536648,0.07706192347413386
2014-11-06 13:00:00,DEHM_noBD,0.5431437543445837,0.12943346126708252,0.10694738765317663,1.3086170692185057,2.7875262068909628,2.686894577794015,2.15806796105776,0.11653509922253019,0.06015283573404171,0.6922576724664574,0.0762120245093106
2014-11-06 14:00:00,DEHM_noBD,0.5787435222369501,0.12738714013035987,0.10719309681357002,1.2883623242459616,2.7395174379229754,2.654823859617231,2.0021985542184493,0.11122617044390859,0.061298142875300075,0.7113089984005936,0.07969853449432629
2014-11-06 15:00:00,DEHM_noBD,0.6218203875300718,0.12532273878628603,0.10741987884325198,1.3373180347574765,2.6469196134316713,2.4661145292465267,1.8874075139231796,0.10820635473159843,0.06130295625742334,0.7188686548362357,0.08052861479513336
2014-11-06 16:00:00,DEHM_noBD,0.6672681053641845,0.12337523435864908,0.10937360851664524,1.2640890975694064,2.4937407782935606,2.200019440354398,1.7761901478818392,0.11136246604645109,0.06736562920902701,0.7043412483758418,0.08055255094167758
2014-11-06 17:00:00,DEHM_noBD,0.7893937050417099,0.12361273538640281,0.11643412666027812,1.3211086228393532,2.4558169958291156,2.1670461839037016,1.698355759950077,0.12232999430262927,0.07242964853768757,0.7157137041512258,0.08201621573586942
2014-11-06 18:00:00,DEHM_noBD,0.9181429188647068,0.12876371353918648,0.135576163385172,1.5047066577562966,2.3833666042434367,2.0444743040406097,1.6401246930898643,0.14310777032113348,0.08656484695365904,0.7631305805042452,0.08454258999835686
2014-11-06 19:00:00,DEHM_noBD,1.0376865354180405,0.1462215501570742,0.15614826944106616,1.6278667545945875,2.1054401173139037,1.9200008345354487,1.7604651510286558,0.16594348402167597,0.09955483135327572,0.7702425364053705,0.0917940694986841
2014-11-06 20:00:00,DEHM_noBD,1.1741352984163194,0.17713028111981255,0.19139876431660519,1.6559566252865716,2.0718470146199177,1.9948127111088962,1.8756062844182129,0.18941403594230233,0.11330900859441607,0.825594729985266,0.09272572731331913
2014-11-06 21:00:00,DEHM_noBD,1.318201228922509,0.2249573632586674,0.2487637552799183,1.6093523333995852,2.382453163259905,2.1561668391653126,1.82438624311095,0.21432320809466981,0.12935160132484172,0.8560084416916297,0.0899361783972008
2014-11-06 22:00:00,DEHM_noBD,1.4061954865956139,0.3059944934490597,0.3200236778548244,1.554046622646349,2.3828840535260554,2.2554194586579324,1.7777472759501811,0.23117041571284636,0.1426880787787765,0.8012750394413315,0.08812225757681748
2014-11-06 23:00:00,DEHM_noBD,1.243426411370323,0.44599743059371943,0.4316906382365635,1.575156649773897,2.3630454040477518,2.1753276469303415,1.7370036450929598,0.2370699406316864,0.15223184902563036,0.8001113704764032,0.09265678878800471
2014-11-07 00:00:00,DEHM_noBD,0.781022113687531,0.6259015978354323,0.6234626163176087,1.7059376453459243,2.368345917216609,2.034474081407172,1.7900810520894643,0.22749702804615712,0.16341282610855576,0.9051675422498782,0.09082010066763245
2014-11-07 01:00:00,DEHM_noBD,0.5736405601875296,0.9004354983200085,2.1209980159795387,1.968889964059141,2.2223992501094005,2.066990868455343,1.989140547515796,0.22168393531807212,0.16662568035114345,1.1697170157175976,0.08803259400973079
2014-11-07 02:00:00,DEHM_noBD,1.1968438694578314,1.2607745654988678,5.1226655150702225,2.158108990950883,2.215949690339486,2.0708641370037313,2.3310840025725765,0.2009539906762959,0.18191172163632158,1.300802397677335,0.08723014844421283
2014-11-07 03:00:00,DEHM_noBD,1.8889024857440404,2.156518755793817,5.8275537220534686,2.3208837489948255,1.9086759729891036,1.8855706750972683,2.4987803965890123,0.18668667060445637,0.19599248083324972,0.973873834502371,0.08874514647093822
2014-11-07 04:00:00,DEHM_noBD,2.9351749307525674,5.127169015490336,5.931239574415356,2.502863568603022,1.5887135009668674,1.7261675359286393,2.6603368556954647,0.1735099944601404,0.21445070062472216,1.0683320744350504,0.09804171216096016
2014-11-07 05:00:00,DEHM_noBD,4.107001765786879,6.326843704584658,5.722886110885976,2.4768896999509815,1.4566054240750845,1.6012307182892436,2.703168491232451,0.16499913459270715,0.24173839205164865,1.4241290266550426,0.10428996001860573
2014-11-07 06:00:00,DEHM_noBD,4.918876191435815,6.269728088957779,4.687671137125047,2.1861352984302815,1.391972405776279,1.6916405243103705,2.43246671678822,0.15301791171482745,0.2735820512447179,1.988815845102067,0.10317752875573219
2014-11-07 07:00:00,DEHM_noBD,5.512056366266417,5.597573168561657,4.493374219277785,1.5506260353337133,1.4525172881546407,1.679592260317377,1.834504169150018,0.15905019694074504,0.3168491265825577,2.7522164226040955,0.09966508475799565
2014-11-07 08:00:00,DEHM_noBD,5.771587657156475,4.5856961534367375,4.630819456598489,1.2203770417531743,1.4315929262781424,1.4930154767473902,1.329064830457347,0.15109618893312282,0.36842279885774576,3.228985945932842,0.09978079333516288
2014-11-07 09:00:00,DEHM_noBD,4.692158865121956,4.445961980506772,4.691864334911594,1.1263507155792583,1.2876943485201058,1.2654686159190038,1.083100381286379,0.17090209137696763,0.423898302515745,4.003326399866464,0.0975700150298326
2014-11-07 10:00:00,DEHM_noBD,4.227203573438886,4.383646466407772,4.341740832335651,1.025646993131907,1.1096647002230853,1.0976395980034952,0.94496227516391,0.16196837303546255,0.5476143232797597,4.810333402929096,0.09459507734313359
2014-11-07 11:00:00,DEHM_noBD,4.218243009477204,3.6253627508674935,3.947997764985887,0.9849172332089986,0.8023898014179104,0.9113508459186814,0.9041562648498348,0.18113366430591782,0.7129287850955408,5.151884098157416,0.09418683740774395
2014-11-07 12:00:00,DEHM_noBD,3.7317809130672472,3.211399955232181,3.644105694923135,0.8861338021168877,0.5042381998622067,0.7495361463146439,0.7911587641891803,0.18324738562929432,0.8089814328202207,5.079126631520597,0.09435072011625621
2014-11-07 13:00:00,DEHM_noBD,3.6365321122950585,2.9212952942968906,3.3915196647841346,0.7365509286688958,0.3124595835538906,0.540433146630753,0.6876281741133878,0.20694623711273066,0.7404250464232451,4.809232416898954,0.09301240526521458
2014-11-07 14:00:00,DEHM_noBD,3.6503197280647046,2.3527864162380245,2.9984683214334704,0.5899666569824625,0.3191661053701209,0.33161619894532,0.6417063322588803,0.2642240809039771,0.6632742693512124,4.405382217903574,0.09198411525660878
2014-11-07 15:00:00,DEHM_noBD,3.5057717979746967,2.1512714434558156,2.4908117377648455,0.5257809963146911,0.360133581352278,0.31828580673479595,0.49169051069558695,0.7836530568521842,0.6297000055033113,3.971904684911676,0.08909933727672656
2014-11-07 16:00:00,DEHM_noBD,3.4193048910563717,2.152207207154436,2.171180678141769,0.3706051688588424,0.38818966235133223,0.3905119376167038,0.3374618639692213,1.8782100845709722,0.6345724594643571,4.031391450272237,0.08639076197011852
2014-11-07 17:00:00,DEHM_noBD,3.388991160221519,2.1734110310239343,2.1751292259504345,0.37331929872484904,0.4477393651247606,0.4802814286771027,0.3987403645426413,2.764979063054212,0.7956623125784146,4.390586774423757,0.08713557696774576
2014-11-07 18:00:00,DEHM_noBD,3.5321876004225317,2.4501994122729265,2.4346097872305346,0.45970018465105655,0.5551501743394018,0.5928936491947939,0.5024830512247216,3.132482855716534,1.078694049965304,4.275513566674087,0.08813475378073977
2014-11-07 19:00:00,DEHM_noBD,3.7411178766787,2.7358302839774593,2.7382199384718504,0.5202448274718391,0.6452067364756158,0.6864387361593074,0.6191656277738269,3.262674631834477,1.6202506332402444,4.388808882740526,0.08943469519103853
2014-11-07 20:00:00,DEHM_noBD,3.79205891720654,2.9346761731002946,3.0511048963522303,0.5915917414658789,0.7197134733374718,0.756669939136182,0.7273942196834221,2.994055155591499,2.2624220370557158,4.319436548763018,0.08950791716849879
2014-11-07 21:00:00,DEHM_noBD,3.7100303019040077,3.279397197937509,3.3130832174041642,0.6123839300572466,0.7596599093578964,0.7922092766640155,0.8047723190051529,2.5805391729497904,2.5324618590561303,3.9828187949317506,0.0910587397268413
2014-11-07 22:00:00,DEHM_noBD,3.5553562108217416,3.413491126417567,3.2834789487633134,0.6489127131401518,0.7487626980175659,0.783483682628694,0.8288638405718192,2.1485316417233458,2.643792661417499,3.8669038736209833,0.09218810657023438
2014-11-07 23:00:00,DEHM_noBD,3.652792388234949,3.4333782178012258,2.7088623385927795,0.7231031943486297,0.6815747276835491,0.7333372425566734,0.8467086757993253,2.126953166088872,2.855016793317273,3.9917470578850622,0.09406801232641553
2014-11-08 00:00:00,DEHM_noBD,3.782294685344864,3.4740917407583827,2.538725945968728,0.770320112703451,0.6084437052328954,0.6600050766099359,0.8466086984614756,2.54972654448621,2.9379697914903984,3.942632961873568,0.09657085923919677
2014-11-08 01:00:00,DEHM_noBD,3.718566038996439,3.3241288235284974,2.5025585088439195,0.7826686233269267,0.554216655649112,0.6151483232129101,0.8460641908487171,2.75719869430393,3.1231465021935847,4.082852268427406,0.0985437052714916
2014-11-08 02:00:00,DEHM_noBD,3.6634914590617607,3.102160568132587,2.489037037718484,0.7984057983992933,0.4994423932241763,0.5592648004891216,0.8166197563196124,2.3394561991081013,3.1582892727350815,4.3089210074513895,0.0986597466336213
2014-11-08 03:00:00,DEHM_noBD,3.5294366759468616,3.3940940122142353,2.388354556014389,0.7866102686037867,0.4442553943920484,0.49460322910764426,0.7013878735163243,2.330367760975566,3.1502721175338326,4.742852084443602,0.10187353910896454
2014-11-08 04:00:00,DEHM_noBD,3.4099310468332282,3.4558421784133815,2.1974410259178656,0.7270789777191274,0.4108528215052723,0.46114518285132455,0.5801047806961799,2.5846228958492543,3.3568655037917194,4.66198810958532,0.1057940518082538
2014-11-08 05:00:00,DEHM_noBD,3.202508177012634,3.069817959159419,1.9853824319321103,0.6757761856029765,0.39435106116108815,0.4433076909304369,0.5122189301389902,2.594123123796042,3.5778561009974776,4.099773067661855,0.10171423807062485
2014-11-08 06:00:00,DEHM_noBD,3.1616622741378704,2.64874007909202,1.760288247124686,0.6616701224567398,0.4025601155569706,0.4519553954930116,0.4899142548652871,2.177552637242856,3.8413695414219795,3.8645897205110358,0.10436642379727776
2014-11-08 07:00:00,DEHM_noBD,3.2281089309740834,2.4219020126644413,1.4792669268984964,0.6394886545425208,0.4314748324249055,0.48633743308497934,0.4948021394722526,1.6792379113822058,3.8664136304379255,3.598388460259242,0.10763275888619929
2014-11-08 08:00:00,DEHM_noBD,2.942669652638929,2.057324530638278,1.0900436944143497,0.5351772271139454,0.3642766535786235,0.46562261572877334,0.4936630958070649,1.07144828963371,3.175771579819936,2.978013031050819,0.10837988348240304
2014-11-08 09:00:00,DEHM_noBD,2.5220795805019,1.6054112467222024,0.6739747048341228,0.37675844220523785,0.28854643036034416,0.4073068195179271,0.4253956342990909,0.5117425955714843,2.7861680233226718,2.5497998889301243,0.11262164307984796
2014-11-08 10:00:00,DEHM_noBD,2.011057141478823,1.2684306971943347,0.3730435268649415,0.31288544475109215,0.3626629961674601,0.37521887601604825,0.35588504109725716,0.2015597459171711,2.4874770847330336,2.24710922001022,0.11981513946276752
2014-11-08 11:00:00,DEHM_noBD,1.7206602547430396,0.9971335562627547,0.2504311420678999,0.30818398777927264,0.44596690797133365,0.38408814982187583,0.34784716511631203,0.1066649944640881,2.215666490552252,2.0814569966855694,0.134083988291957
2014-11-08 12:00:00,DEHM_noBD,1.5524330894373217,0.7825333008940809,0.16770433240206195,0.289650317951609,0.4587912483948746,0.41613846840538354,0.36694001230882756,0.0858930671033262,1.9417148781634994,2.029132877626556,0.17394188437997293
2014-11-08 13:00:00,DEHM_noBD,1.4445595521563142,0.6248611763087125,0.11839914061397401,0.27343966048682217,0.470636425687191,0.40773688816079223,0.36251733589083535,0.07720616581169878,1.8267791051707891,1.9312569642473414,0.2500977799496748
2014-11-08 14:00:00,DEHM_noBD,1.3174871409985445,0.5026000565042509,0.10737807347991601,0.3158649258684801,0.5052921673779723,0.40869388874349927,0.329621329577759,0.07463335077859448,1.6544257231124968,1.7783844799550788,0.3222984371705301
2014-11-08 15:00:00,DEHM_noBD,1.1879622507738925,0.4725244421706939,0.10701240577571461,0.36927179052033854,0.5437049910488573,0.4178537671935541,0.34521968381503926,0.08174503332434203,1.487858829983954,1.6359968114745191,0.3862192074051405
2014-11-08 16:00:00,DEHM_noBD,1.1359599659372965,0.5448040512128891,0.11912480322030491,0.4467805863772093,0.6165045258047548,0.4683669017012864,0.42437267421820024,0.09614569853214072,1.4258269841273008,1.4964506756020424,0.4022978520188934
2014-11-08 17:00:00,DEHM_noBD,1.1504512742776893,0.6510122461528821,0.1758934969768926,0.6070180964308378,0.7287187566527793,0.537539137984612,0.5841858225330367,0.13618675590966808,1.3947458949334293,1.4548618047044777,0.40369852655360466
2014-11-08 18:00:00,DEHM_noBD,1.2177574749042066,0.8050503653999446,0.3726106386290563,0.7464969924914275,0.7648730347852559,0.645836440674074,0.8371697672424372,0.1639853499506971,1.3389927517659606,1.4676401452798669,0.43307900776018615
2014-11-08 19:00:00,DEHM_noBD,1.3710600883721937,1.0421813137656037,0.7552874662957858,0.7907974880192072,0.7947101946244295,0.8053425771504735,1.0523580272020272,0.1692102531541137,1.3755259282077714,1.5343278840331822,0.5172638345844565
2014-11-08 20:00:00,DEHM_noBD,1.6178726971333173,1.3592947921297844,1.2591848290570082,0.8966573430797307,0.7965889383171312,0.9920486694725347,1.1286792955293976,0.18842636985842126,1.466657671742543,1.6752073751598062,0.7100186407670123
2014-11-08 21:00:00,DEHM_noBD,1.7893136622691834,1.6063249200854206,1.545831106389377,1.054923397455291,0.782078332770327,1.1687965836209149,1.2356813626150671,0.19151692683767513,1.501596851197793,1.8218049371846208,1.0107919553259572
2014-11-08 22:00:00,DEHM_noBD,2.1428259393949505,1.7880874949720509,1.6980841725175486,1.033415461661252,0.7741897229020109,1.2490777321541602,1.333947172973994,0.16511434060089275,1.5186090798342504,1.6146301641949827,1.2789065639357362
2014-11-08 23:00:00,DEHM_noBD,2.585048588859501,1.9915415922566369,2.0061263078495832,0.9558244908207258,0.794894743622574,1.3473752759911466,1.3452097544320973,0.1312824944780766,1.5723617514745658,1.6586383971536387,1.4967425872505362
2014-11-09 00:00:00,DEHM_noBD,2.2223397300966776,2.330217023260123,2.556556949394057,1.0398137973750905,0.8329288777773034,1.4175589614994986,1.3420724968886864,0.18342882100565341,1.6951447413159701,1.7677369457555927,1.6501931138933357
2014-11-09 01:00:00,DEHM_noBD,2.4184810361803657,3.0720821620497385,3.4538751879405662,1.5264962559924231,0.9856918526686727,1.4473558603128338,1.4111959689864004,1.1432996833634934,1.8998550635007267,1.902614487449059,1.73657403025439
2014-11-09 02:00:00,DEHM_noBD,2.399171211426496,3.4738535658544554,3.7909155936619716,1.9359720111659215,1.28635329992543,1.5723043401916161,1.8600367890796905,1.8781494213984953,2.1785433431858063,2.026892664205385,1.7438085932116865
2014-11-09 03:00:00,DEHM_noBD,2.38110824663766,3.4700186721966277,3.844237546157786,2.4222767305363617,1.5276337501691608,1.8187169644923658,2.348049869107213,2.161637790169451,2.561245001447123,2.2330909858161023,1.7147536731640338
2014-11-09 04:00:00,DEHM_noBD,2.20104936886854,3.120693769130276,3.5299106058319074,2.926464934381312,1.585435035278373,2.1357643801602464,2.7958506402116923,2.4067387567630223,2.6946096141807643,2.4282930156766898,1.6792442683844686
2014-11-09 05:00:00,DEHM_noBD,1.971686153535561,2.791729946941284,3.0564033371144275,3.2716956894435127,1.698895150683364,2.4454337351268904,3.161504582462004,2.773119812305297,2.758857556731789,2.3297746657162435,1.6432035600286117
2014-11-09 06:00:00,DEHM_noBD,2.1457890308480874,2.3985799076586916,2.7664424240425367,3.6475380302571225,1.9058897014896619,2.7469217750873467,3.4027608620166436,3.3982045474312152,2.773122626487929,2.2294225559912086,1.6281482472364743
2014-11-09 07:00:00,DEHM_noBD,2.257665872664743,2.1118984945649513,2.4780601583543755,3.6995678176345352,2.1424423950204488,2.9238381550674664,3.5646998681470095,4.0214996078854055,2.3807008455426812,2.2092955166455033,1.6226665857551805
2014-11-09 08:00:00,DEHM_noBD,2.1438106260072627,2.129376898947428,2.123976187958386,3.702434698606215,2.270928946143777,2.954175618686029,3.4755479234463977,4.009734809975791,1.9878498799038353,2.077246230659117,1.5508196225995292
2014-11-09 09:00:00,DEHM_noBD,2.0884145124643294,1.855465142308662,2.017212246689955,3.566971141290616,2.2953188167041914,2.837414206310715,3.3990143708433185,3.22383692332752,1.6833968729211575,2.0380820644362645,1.4926018131234682
2014-11-09 10:00:00,DEHM_noBD,2.03602663621299,1.7061807456735474,1.9250870858987041,3.3261008364916056,2.2746329345795417,2.6375461245778538,3.2754209497526228,2.4864697288937867,1.4405971162150883,1.9266305110314488,1.4851128754232634
2014-11-09 11:00:00,DEHM_noBD,2.020049724925328,1.7264168251594876,1.975058232033318,2.988247880986527,2.115782867569851,2.4770786276361774,3.0516865759965275,2.056079694342725,1.30320259048302,1.7244393030160619,1.5256716157013854
2014-11-09 12:00:00,DEHM_noBD,1.8039426239632443,1.9674315731821255,1.9423832333468005,2.5628885078644745,1.911829471072111,2.2472361332938364,2.7408409624189827,1.7292634217304457,1.199916709232179,1.676968998904419,1.5909691772986063
2014-11-09 13:00:00,DEHM_noBD,1.736578174316911,2.1398982500435593,1.9487590467922622,2.216892728189819,1.7853827171082448,1.9725371695909262,2.462565856405709,1.5277544117036181,1.2128737939543928,1.93002886957913,1.6867132151857556
2014-11-09 14:00:00,DEHM_noBD,1.7840548222098591,2.1214150747649745,2.2083693693229254,1.947624967708797,1.7310283210700237,1.826385687331088,2.206640962217006,1.5001302239080614,1.2639648464387376,2.487895512361132,1.7886255303792051
2014-11-09 15:00:00,DEHM_noBD,2.1868054341419323,2.0500039988882386,2.504908639450969,1.932004664160829,1.741440403105732,1.9163173461931649,2.133841384568508,1.4595290096125797,1.142601515735518,2.745292793783886,1.7828455835753285
2014-11-09 16:00:00,DEHM_noBD,2.5435722529507943,1.959876000531535,2.49290312745848,1.911168920450536,1.7932041034735051,2.050032670796639,2.0527060075008197,1.4778094544745792,1.096233202662533,2.331872933885927,1.6963089182769877
2014-11-09 17:00:00,DEHM_noBD,2.732629925772669,1.8977336907251208,2.667401416528718,2.0810348523222713,1.7747274075816533,2.158010638486615,2.1008180994936776,1.6733427373924479,1.3000883802615477,2.0199807108174737,1.586255488875343
2014-11-09 18:00:00,DEHM_noBD,2.9083957267633638,2.1454373725352585,2.667187495361259,2.430228873891684,1.7227819885621103,2.1741590183992625,2.3286314469274836,2.0204298011490516,1.4257376549330725,2.8368350081762768,1.4738713640808268
2014-11-09 19:00:00,DEHM_noBD,2.8367362727540733,2.860588817246868,2.7022010012530817,2.570854049330124,1.6969877029025637,2.0889179681184715,2.7361859051234276,2.330947466891427,1.3926754524553568,3.935234212384634,1.3706840627074521
2014-11-09 20:00:00,DEHM_noBD,2.5401251656517383,3.129021762521742,2.818397594683254,2.598989879848035,1.7433982722440837,1.9824735880593969,2.9157157126656346,2.4106490253949913,1.403106120162718,3.827017055005655,1.3021279544511157
2014-11-09 21:00:00,DEHM_noBD,2.2605105182987453,2.937444647603072,3.0727721725540653,2.573970406674572,1.989036641288234,2.03990680731314,2.9191359482938974,2.3269378495643287,1.6116749269323236,3.0795216662792493,1.274933146280609
2014-11-09 22:00:00,DEHM_noBD,1.9599345179866254,2.66711975897653,3.4013794258650063,2.544143982667106,2.2247711089533873,2.14378993868017,2.8686334808917637,2.2298608305763454,1.9725257259833069,2.3626867458441856,1.3221690557954462
2014-11-09 23:00:00,DEHM_noBD,1.9515278296073153,2.6328029414843024,3.59697668318385,2.499337988149313,2.389034877442508,2.1195442428250475,2.8770897470870938,2.170901454695575,2.165107850521803,2.0400021441601774,1.378255789491087
2014-11-10 00:00:00,DEHM_noBD,2.154493610199541,2.7006888749184275,3.6510377501188684,2.4454371117730225,2.525128323268967,2.3143196128152033,2.869250468943331,2.202344836469069,2.2380720666718483,2.011628103284687,1.3731845033196732
2014-11-10 01:00:00,DEHM_noBD,2.1068441886249927,2.8044457681061514,3.748040964324214,2.3170344770311813,2.6167471023577034,2.5731464757737705,2.760894100899259,2.32323276535973,2.143813050516844,2.2282992145732976,1.2887995488340034
2014-11-10 02:00:00,DEHM_noBD,2.1044067842262986,3.0515087850953266,4.194587123378541,1.9818489747736774,2.649962022462599,2.5830036640138148,2.6094683802222884,2.5019476616390794,1.8394453530567885,2.6367457000497074,1.1423393918545917
2014-11-10 03:00:00,DEHM_noBD,2.3560121939945966,3.3361068027734757,4.750194213428106,1.515103907339396,2.5060585551077623,2.503636638267886,2.274855699842647,2.6492334238495676,1.666880539112091,2.8717744713902102,1.0021646962244064
2014-11-10 04:00:00,DEHM_noBD,2.783874462389052,3.5865081933030716,5.29974135344569,1.107968313145131,2.5053466903434605,2.6195460511545283,1.8330293503725041,2.7010490224990997,1.6837594691750408,3.0151971947336405,0.9083987861593253
2014-11-10 05:00:00,DEHM_noBD,3.017422147441507,3.8757354761865455,5.7795729178010244,0.9363932703442368,2.6595509753920505,2.794695855369894,1.566920973157068,2.7457729724612836,1.8183222236292065,3.1383449465557423,0.8407037946948968
2014-11-10 06:00:00,DEHM_noBD,3.0816446003662237,4.2475208576508265,5.69356674834061,0.9105903003947792,2.6622712056544375,2.945137487069079,1.6208419192305206,2.8795422021478414,2.0070103380686044,3.3257939780598567,0.7501729906866559
2014-11-10 07:00:00,DEHM_noBD,3.113504608546123,4.7300183442990065,5.055405657803609,1.0746861406896895,2.513428589626334,2.9361203794756716,1.9123559689511762,3.15857144400604,2.1855201467131824,3.475640294537423,0.6384547820989648
2014-11-10 08:00:00,DEHM_noBD,3.27948326760262,5.152557159376993,4.402258267052684,1.6625570186540752,2.286836773561891,2.804577337508731,2.3289158980951714,3.4333040796597394,2.2898400831299273,3.17638679750806,0.5499257218394613
2014-11-10 09:00:00,DEHM_noBD,3.4083176894653087,5.1139160309826375,3.789591152428052,2.1805307035888855,2.1094745416102465,2.632791290990166,2.624748819528023,3.5900139697096027,2.2405568911585587,2.8809482495282186,0.5116938733054557
2014-11-10 10:00:00,DEHM_noBD,3.6377269875847285,4.760954639959184,3.4169752943621754,2.3003864799125493,1.983382173866895,2.5536581738187536,2.714227785483529,3.71689137826656,2.29331880383078,2.789262824283213,0.5300951115317735
2014-11-10 11:00:00,DEHM_noBD,3.6825271147319882,4.516699921499379,3.065131183107281,2.2230548823163496,1.9198681280291243,2.5035242454833386,2.73391760018402,3.7180152413945002,2.3635949745342693,2.7879702081808655,0.5667232603397733
2014-11-10 12:00:00,DEHM_noBD,3.4906227955103,4.336533620007414,2.395940333953102,2.02940790686827,1.7019611968531763,2.1833761849522313,2.6170869540383546,3.330257482101973,2.37708312746176,3.0194055555949,0.5926894830756448
2014-11-10 13:00:00,DEHM_noBD,3.536336143626928,3.991506914553596,1.6755215789992772,1.712904448490793,1.4141206858477857,1.9184198293272838,2.1898475342796866,2.8721239540421677,2.3729146116580813,3.1887820445722106,0.6390553684632573
2014-11-10 14:00:00,DEHM_noBD,3.415593346675125,3.700937384296194,1.5115626656561718,1.394224175017352,1.2835377163032933,1.7464989235753967,1.8235441245490775,2.424262030106513,2.556947797693316,3.276724837929405,0.7098299299805984
2014-11-10 15:00:00,DEHM_noBD,3.3175793336757318,3.3986696189597594,1.9576228391568644,1.1906343067841156,1.2234834783278032,1.494735498808919,1.5671667236998355,1.9494874270194769,2.879744314894583,3.575841616787063,0.8058828560875542
2014-11-10 16:00:00,DEHM_noBD,3.4758924267336706,3.051029422074201,2.9798642653052827,1.1892167808705054,1.2124394066069113,1.3382941145566736,1.4079995330824178,1.374337203737721,3.1415654227515137,3.705066664721957,0.934711827645041
2014-11-10 17:00:00,DEHM_noBD,4.201065576722561,2.95948131503116,3.8287741856605644,1.2453855092680879,1.2922198763973265,1.3206801497598013,1.3442469527535466,0.9917162282065115,3.26851648877495,3.789658685941849,1.086445001343023
2014-11-10 18:00:00,DEHM_noBD,4.872173549003628,3.3864585294602088,3.8662953937927633,1.3037948698724815,1.4909926680889538,1.4030084660025417,1.3872305590134424,0.8300108117306604,3.420103926840301,3.9278233728823952,1.2153236251556128
2014-11-10 19:00:00,DEHM_noBD,5.12821389094415,3.542239055566079,3.520679551116713,1.3041961415995358,1.6997411093368449,1.467073631155095,1.437245855244318,0.7707740428331773,3.4560404572097445,4.282942917657005,1.3028960195207968
2014-11-10 20:00:00,DEHM_noBD,4.737441887749816,3.587517045397429,3.527812177846782,1.3274571998869638,1.633878992419685,1.452522045386529,1.490457617001197,0.7297088186684343,3.5411167342848424,4.973859272006149,1.3591448255858012
2014-11-10 21:00:00,DEHM_noBD,4.156904215458576,3.7613085693080004,3.535168773076533,1.4775458515767037,1.5136370630883147,1.416786814942468,1.4643989844154064,0.6441676457128067,3.817954261733489,5.681011151532267,1.3361227061052527
2014-11-10 22:00:00,DEHM_noBD,3.9055739401778147,3.8989367388383758,3.8062169862716395,1.5109420015678614,1.4562122422579535,1.3637751694037834,1.406066134434765,0.5102114716529564,3.8162000762021964,5.5893462031858165,1.2332338756829173
2014-11-10 23:00:00,DEHM_noBD,3.8764614673928923,3.6751020405864225,3.9987372847759164,1.5977338280877977,1.427847156078494,1.2772751852981477,1.4671994655919687,0.4171221800217031,3.7876138454833255,4.807949446268248,1.0719511911759059
2014-11-11 00:00:00,DEHM_noBD,3.993754607554279,3.6508715764738686,3.95607807535476,1.783931472324872,1.3991482053401976,1.2123062927427795,1.5435642866119235,0.3582365443592146,3.727584330646545,4.326128537103016,0.917043525351535
2014-11-11 01:00:00,DEHM_noBD,4.42381933536786,3.749419195235074,3.66203894114851,1.9870138206062349,1.3318367674874652,1.1898654488215978,1.8202744846867986,0.34944562447483174,3.6607299675632268,4.409992279807854,0.8474159769967594
2014-11-11 02:00:00,DEHM_noBD,4.69217174266895,3.8143431247897586,3.3751518240748393,2.15781634938817,1.2039740409430442,1.2063244821509027,2.347070670153406,0.38059861544251417,3.6546112777880206,4.511487543944994,0.926354046970359
2014-11-11 03:00:00,DEHM_noBD,4.908677220507766,3.8368999668460617,3.2846248207294195,2.375248962973631,1.1263498342205678,1.3622756889710534,2.5130124216730265,0.41102733615914344,3.629501436497513,4.661499767165165,1.1727405476601922
2014-11-11 04:00:00,DEHM_noBD,5.080368243569168,3.816389263478131,3.245923120388919,2.4891682885225257,1.1137649807062278,1.6668498765294304,2.5913241645613923,0.3985235340870914,4.000580354286558,4.98003208118397,1.4904524378119222
2014-11-11 05:00:00,DEHM_noBD,5.1454561114259745,3.847961856292561,3.158060118314826,2.4259099538835116,1.1542592753925918,2.114239910074541,2.641676599725753,0.4115642833583056,4.353299772256713,5.306542432490476,1.8458237660908139
2014-11-11 06:00:00,DEHM_noBD,4.989463238861883,3.771601125042471,3.1457310085683643,2.531234422766062,1.299295133237606,2.491829311639417,2.6405568748955828,0.4755159897143393,4.463829789137085,5.551821657167457,2.1488926135599518
2014-11-11 07:00:00,DEHM_noBD,4.880941187390294,3.596052469786601,3.4298473921505415,3.1847868192238757,1.88218892651225,2.429587501603866,2.8024577391073007,0.4704031542504206,4.22848639164671,5.57246063107607,2.22036769144461
2014-11-11 08:00:00,DEHM_noBD,4.714012377074907,3.3671701868205237,3.600556779028131,3.2832080891519912,2.236992499257324,2.2942500521064084,3.175097785691576,0.4131324797391145,3.8381853075210968,5.119722665756266,2.00898035148487
2014-11-11 09:00:00,DEHM_noBD,4.5160448594570095,3.2302703559111525,3.452368982991865,2.8281654144901403,2.2001263548330585,2.5079038850483077,3.270987089660248,0.3944971202756836,3.6053361094880243,4.778675551014206,1.5704574409527587
2014-11-11 10:00:00,DEHM_noBD,4.33723804949336,3.321707261657738,3.4144023995329986,2.6275522474117823,2.297272173785199,2.773237130050765,2.922925967908798,0.3657238335475511,3.3679832935176135,4.57362989559548,1.225421507926489
2014-11-11 11:00:00,DEHM_noBD,3.9949065406001663,3.27304554654426,3.346229345283737,2.534475286547728,2.4641519645183534,2.644112817174586,2.7257293958378597,0.30289459449011824,3.2438481676765623,4.39966940916868,0.9646471940767485
2014-11-11 12:00:00,DEHM_noBD,3.857767171002387,3.1257696889625013,3.124495099558008,2.473956959582191,2.412907638539784,2.376026112759089,2.591450284122625,0.2376956440104846,3.238794564259623,4.101165227028331,0.7997052993260371
2014-11-11 13:00:00,DEHM_noBD,3.6340036190634595,3.145464303211437,2.938672055250609,2.448629846345041,2.1517304635614005,2.0894069027212328,2.3680738533395966,0.20994993542394969,3.211574130628689,3.7982604370570483,0.7370538672990277
2014-11-11 14:00:00,DEHM_noBD,3.12720770389963,3.4953925142262317,2.711419149543587,2.6046184358323865,1.7923948953450866,1.9780528314002657,2.3427703659167882,0.20134380671270255,2.99928320969773,3.522547285609385,0.7283234824265731
2014-11-11 15:00:00,DEHM_noBD,2.909228424641155,3.7255430098925504,2.832075080248173,2.833512877919749,1.8432332022502271,2.108163753849838,2.841655560333499,0.18995464336073814,2.644009957173947,3.3544182631732573,0.7382928316933683
2014-11-11 16:00:00,DEHM_noBD,3.2735341890594367,3.69317554382463,3.046722023939537,2.8636555387998435,2.117530024246413,2.4586186240068018,3.1100822283806084,0.18754386812248225,2.824929470637103,3.4275731579266933,0.7572261821992717
2014-11-11 17:00:00,DEHM_noBD,4.266202958187014,3.575612643281332,3.0883207144290017,2.891952195600548,2.47195785242635,2.840005141304656,3.205620254661086,0.19169686891249627,3.0287438218676392,3.658505047976794,0.7748135342648157
2014-11-11 18:00:00,DEHM_noBD,4.395071534762309,3.1498801707543436,3.0862184740746392,2.8306645963967676,2.7888324379732956,2.922046598911959,3.388185623926019,0.23057966516163936,3.0148708541077913,4.133796236745772,0.798294890526434
2014-11-11 19:00:00,DEHM_noBD,4.3593190668218025,2.736097014999613,2.9597567074287685,2.7406246525084286,2.866218190091358,2.7728528723022645,3.6144932980514333,0.3374135822719676,2.9055419905474316,4.443283117317231,0.8400768972406638
2014-11-11 20:00:00,DEHM_noBD,4.075479851603619,3.045517213687152,2.756765013483726,2.7331005491562266,2.672524561111901,2.4962105028049955,3.606322310300178,0.463967368474435,2.5899238017461355,4.181524571626559,0.9240410717267973
2014-11-11 21:00:00,DEHM_noBD,3.8514644633628796,3.6341988631258157,2.9432104496566396,2.740935563226212,2.5004458014383175,2.2995832673675305,3.45402459514614,0.5344693559277662,2.2580941194125264,3.805727239060029,1.0504756562647766
2014-11-11 22:00:00,DEHM_noBD,3.1321185681466384,3.558767419825103,3.491562532499302,2.794586174382148,2.363914001770016,2.2118622235487875,3.38175910731629,0.6024401942645315,2.137863409634214,3.4589798636077345,1.1651362604565176
2014-11-11 23:00:00,DEHM_noBD,2.700327119835019,3.1794036086725628,3.1682265992058816,2.919638335692302,2.294290021071631,2.1241513357522175,3.4157380847500525,0.7546617680647036,2.049030790702365,3.0226523753423993,1.184562253955839
2014-11-12 00:00:00,DEHM_noBD,2.482373571114242,2.9645159124501053,2.72565636508964,2.9654987001797464,2.2363773277433077,2.0801789100535766,3.4929796061085963,0.9666447428812646,1.9995416193892432,2.6062162361203507,1.1080823863019398
2014-11-12 01:00:00,DEHM_noBD,2.180278265314959,2.5383240012257917,2.427628291133791,3.0006337284202367,2.2319119113138552,2.0114094597241157,3.607205485760188,1.2998943954695017,1.9758868427118657,2.061202834283039,0.9899878423813067
2014-11-12 02:00:00,DEHM_noBD,1.9042596714501454,2.2185794121362084,2.2071445004508923,2.990952690169202,2.265336383456737,1.9896333910808257,3.6975862074321153,1.4305142646718023,1.749812290550675,1.810662662258148,0.7934756838880386
2014-11-12 03:00:00,DEHM_noBD,1.6660796053613351,1.9303294270207731,1.9652100961880388,2.993194842308245,2.282117693542417,2.0930280160100527,3.6762302962760844,1.495445649638325,1.5637340262565949,1.808833849392682,0.6498080839377662
2014-11-12 04:00:00,DEHM_noBD,1.7003195519953964,1.718571529650539,1.742810148712015,2.99390588033984,2.3175839075250617,2.1678367241760785,3.587915967225503,1.6429561526612566,1.5072308351618793,1.9471870290213078,0.5577212991783767
2014-11-12 05:00:00,DEHM_noBD,1.8130003871271012,1.6048132278385105,1.6518656812761816,2.985961717267074,2.396966335122278,2.1722357045789913,3.484915588891308,1.666927048162222,1.5161464198037984,2.03923725743629,0.4956701032509002
2014-11-12 06:00:00,DEHM_noBD,1.9171677955321222,1.5701622245147266,1.7503773388777022,2.877766544940189,2.4561526460629404,2.070494717072381,3.33091248082916,1.585306329257302,1.509014853214156,2.023103459708467,0.4560281263087084
2014-11-12 07:00:00,DEHM_noBD,1.9248487294266743,1.6415112103997918,1.912297573405914,2.5055444485106855,2.4257438925562416,1.9252976933112718,2.8759850066761112,1.5034081643828006,1.5071320425063932,2.0488278051653133,0.42253909291658076
2014-11-12 08:00:00,DEHM_noBD,2.004951958292462,1.7139721414963156,2.095129136173054,1.970972074571557,2.231333813435782,1.7526423171044714,2.018325375522303,1.4178436596820503,1.4071579980215057,1.962379917647168,0.3800870890550943
2014-11-12 09:00:00,DEHM_noBD,2.0376342947009953,1.7868753426169137,2.0985299715575203,1.4995928894781008,1.9762223514503774,1.524504326697848,1.5557593907247063,1.3707508790792338,1.2777244691523537,1.879824667733945,0.358700298991506
2014-11-12 10:00:00,DEHM_noBD,1.9082748631195352,1.7263373603874355,2.0718480725381525,1.0912123405994414,1.736220100959486,1.2926532610857744,1.1447278434748587,1.3691385741323234,1.2542968738140352,1.8209621081998946,0.36877729407349125
2014-11-12 11:00:00,DEHM_noBD,1.8292204625451567,1.7796927845547628,2.11468901157964,0.9728331846266522,1.5410481817518908,1.1502355207449613,1.0310899358612426,1.317361783653125,1.198242230109237,1.670269974234067,0.3786938127420864
2014-11-12 12:00:00,DEHM_noBD,1.7192742886443435,1.6553364055415243,2.0355063940905778,0.9687406502276332,1.4461742294452549,1.07572780653008,1.0832358101211799,1.3061123961064962,1.1425264829701558,1.5274114949312432,0.3867762153533705
2014-11-12 13:00:00,DEHM_noBD,1.5558141964952275,1.5513733421884104,1.852840582501888,0.9404892106678329,1.3775009906252835,1.0904827193244215,1.0832937765160613,1.2903069329527392,1.0523005118169821,1.4585138166451828,0.3801471678301831
2014-11-12 14:00:00,DEHM_noBD,1.4677550483132153,1.490931358608417,1.6766403631479665,0.8964698422741372,1.3543219195404417,1.0818377635921084,1.0706013255876843,1.240306055353973,1.0363493898881972,1.4353492875348357,0.3894904495145659
2014-11-12 15:00:00,DEHM_noBD,1.4383387281803972,1.3671291562218593,1.5580405499514567,0.9842055708167152,1.3694822265620943,1.1059924640828067,1.1988067861449156,1.1738856319868938,1.0470001936486175,1.415655180782536,0.38537039183392174
2014-11-12 16:00:00,DEHM_noBD,1.4550915707658045,1.2260799311901813,1.4675145474290663,1.0749487928598398,1.4697013226459679,1.204687454965486,1.247660157646843,1.091118782823924,1.0673140735848246,1.4199810612246115,0.372153495949055
2014-11-12 17:00:00,DEHM_noBD,1.5055557907998562,1.1798584137564896,1.3813483062097616,1.2032615257402124,1.5786003588766797,1.3382269692698858,1.2642016607188709,0.9695066091230604,1.0521743651040272,1.4547552331975289,0.3430647403644583
2014-11-12 18:00:00,DEHM_noBD,1.5424221352471967,1.190341125538596,1.3383223358985967,1.490589290481601,1.5642773743883618,1.5041391493382041,1.4103754147565422,0.8407393342855385,1.0103348337136209,1.5169105812045562,0.31135903712058427
2014-11-12 19:00:00,DEHM_noBD,1.5969686268440633,1.240028188868193,1.335622778208386,1.860285240082849,1.3806153536730839,1.6312565981466318,1.8063037876912393,0.6858606697360239,0.9864031407334283,1.6252933920028432,0.2850139366079912
2014-11-12 20:00:00,DEHM_noBD,1.7171121212452278,1.3041040628668572,1.357692209852999,2.1629782075928548,1.374861417739531,1.4647838363777699,2.1347171773001246,0.6103390392078458,0.9669643817243724,1.7740302735270561,0.2735160969104314
2014-11-12 21:00:00,DEHM_noBD,1.9065941407187283,1.415125740394704,1.4126971531060581,2.195493807076287,1.4036403466579759,1.4864975450223998,2.363826791777905,0.5715378031457214,0.9400982434500753,1.9632506853928415,0.2863491050868992
2014-11-12 22:00:00,DEHM_noBD,2.123801351960599,1.5088116287333238,1.577957344591466,2.283257799043799,1.4451039375162078,1.6437429107149972,2.3830141973737162,0.5508604736343026,0.9533941485017539,2.2015944566220043,0.3065174225919227
2014-11-12 23:00:00,DEHM_noBD,2.3900476442433893,1.6665071995702945,1.8105873863376303,2.0797554504185984,1.498926242537219,1.7433010278300312,2.2512902920051103,0.533259519398734,1.0007771769652516,2.5486072161121665,0.31320714039859815
2014-11-13 00:00:00,DEHM_noBD,2.6945351684535295,1.8763560166390054,2.003125600520829,1.7295431356465465,1.5727255822828181,1.91520196062881,2.276074847282764,0.5087246770870685,1.0555250903671234,2.9538922322951633,0.2983963314030132
2014-11-13 01:00:00,DEHM_noBD,3.0510534224571657,2.1130387096699703,2.1758991009622908,1.7103156893756264,1.653149535007733,2.0785296091783674,2.3444497494842182,0.47885897957816703,1.1222812419647723,3.185504416395128,0.2760304939002077
2014-11-13 02:00:00,DEHM_noBD,3.3179005460198967,2.3550746059419216,2.3919272879967837,2.0817448754884245,1.7494714745987998,2.1933389079934744,2.4407058402152426,0.4539579696281253,1.1858924979646503,3.2218874469599874,0.27080819491473945
2014-11-13 03:00:00,DEHM_noBD,3.368421824116409,2.5899166352967917,2.6001676699929455,2.6000421390296884,1.8663791010983943,2.3073178385636046,2.554217245427272,0.4178792036242783,1.2321343853383138,3.1936731106942893,0.2892234862594306
2014-11-13 04:00:00,DEHM_noBD,3.296720875355378,2.821893445395548,2.785776291910163,3.020121202670609,1.9909561322307865,2.4617150627102147,2.6648672799417747,0.3756396365757285,1.2538571768023075,3.1151841095099595,0.3093711942248324
2014-11-13 05:00:00,DEHM_noBD,3.1741898964055624,3.0094428072163653,2.927357228158568,3.396782404184503,2.036730327508673,2.6562187495105594,2.8567515862842723,0.3618449643789231,1.2579292883181945,3.018157105645761,0.31957516324438145
2014-11-13 06:00:00,DEHM_noBD,3.0798254898194974,3.142808737635892,3.018491565838074,3.6504661115199366,2.0275842585666104,2.750657796487788,3.060793632753866,0.40520494619831426,1.2658567809879409,2.9625306518179184,0.3166637365692761
2014-11-13 07:00:00,DEHM_noBD,3.0297831232682615,3.152694007225223,3.0559994271461712,3.492175345643044,2.1972318608215775,2.735331224625008,3.2924630344221386,0.4550672387520967,1.2849284980494529,2.8690913192858174,0.2978171511496602
2014-11-13 08:00:00,DEHM_noBD,2.9515390496069935,3.085770709862486,3.0559529319038288,3.0685946437898033,2.2852593020925784,2.484288071289896,3.352232022071819,0.5046911525407433,1.3225020875720401,2.653205787625238,0.2864299571792408
2014-11-13 09:00:00,DEHM_noBD,2.823970471899659,2.9797990995942056,3.009386007704744,2.632832081665511,2.1721923621703962,2.193486393950996,3.053304844725774,0.5696421412530541,1.3462914067881646,2.47203826855503,0.2856811367838083
2014-11-13 10:00:00,DEHM_noBD,2.656011524171233,2.867087046571579,3.003871259137681,2.3289138317898286,1.884190136917897,1.8713574845875558,2.622703219679966,0.6263825627191363,1.3612199550378508,2.3682583992072566,0.2929594899686424
2014-11-13 11:00:00,DEHM_noBD,2.5077137692590057,2.787407721230965,2.9560653660297556,2.1043481267559176,1.7194427919394175,1.6525154396153867,2.2981746431539327,0.6616390461981295,1.39441011201323,2.3061066877574845,0.31442703162113195
2014-11-13 12:00:00,DEHM_noBD,2.416497744461149,2.671595427412782,2.8940140055479597,2.035760487767322,1.6201550987050497,1.5453773578326084,2.086353258899058,0.7008810914893449,1.425322332568732,2.282208538866341,0.3331031054200976
2014-11-13 13:00:00,DEHM_noBD,2.3711465547189117,2.46017230953997,2.8112906733046144,2.1204072297503007,1.5707992751341067,1.4281067029816497,1.9059097326684877,0.7362236814419924,1.444878745577425,2.2440647316568714,0.3434040678712539
2014-11-13 14:00:00,DEHM_noBD,2.306517860777825,2.2476169076522905,2.8010589664746353,2.3285770974935844,1.4550401732839053,1.336308920238548,1.873470541853392,0.7679329551038144,1.4510080258832547,2.215021272487901,0.3624243648665024
2014-11-13 15:00:00,DEHM_noBD,2.2523851859785617,2.1641576098402218,2.8224030823769697,2.50540961272903,1.3271905402855957,1.3503928661759736,2.005769391668706,0.8147033944031596,1.472355321041834,2.2012549078453985,0.3894536490657179
2014-11-13 16:00:00,DEHM_noBD,2.2040495377515255,2.1249221525210515,2.821176615851037,2.6776033111351634,1.2492845858978512,1.4678310172315352,2.2306927235981453,0.846921858433485,1.5241895804083492,2.116228580410648,0.40995710897136467
2014-11-13 17:00:00,DEHM_noBD,2.157521817833707,2.097031397912465,2.7663302963081984,2.7508008566025026,1.2764625166531478,1.614032498214633,2.385482071035246,0.869327911465466,1.5943841955515077,2.020671035088692,0.42657248949922616
2014-11-13 18:00:00,DEHM_noBD,2.1185707164537906,2.084210765501484,2.712657602714268,2.7108162945510164,1.3550650614310777,1.7282194741082397,2.4357069027994855,0.905503265711367,1.6400880934192053,1.9603952205108293,0.44510923801766705
2014-11-13 19:00:00,DEHM_noBD,2.061848403073847,2.028190323274545,2.618920005484969,2.6858065278051884,1.5096832309095458,1.8763358856600731,2.4674439137712048,0.9076391383865474,1.660933686298113,1.895875867823325,0.4638942751510441
2014-11-13 20:00:00,DEHM_noBD,1.999799893244505,2.008917255794294,2.5137612334903703,2.7030472722214784,1.8125567894323846,2.1574256825993032,2.5164262689823147,0.9267170725429056,1.6552670096677358,1.816341415732652,0.4819570564171113
2014-11-13 21:00:00,DEHM_noBD,1.932515710827112,1.949205211149361,2.39453372268206,3.1040877844745483,2.1253556345608806,2.4176603725928234,2.6388057844318595,0.8924672635578363,1.6021922507558763,1.7576808572403342,0.4984731165558099
2014-11-13 22:00:00,DEHM_noBD,1.8699085246199372,1.9164845220894366,2.332010840100115,3.8980022541983517,2.3614710910582777,2.7842870683126426,3.0438885883139584,0.802362648367323,1.5072869589893707,1.7305553763879462,0.5114550490665434
2014-11-13 23:00:00,DEHM_noBD,1.8873122080859541,1.8985971390894056,2.3204780046834426,4.6557623069437355,2.633864876404702,3.154234196560986,3.910797450212049,0.7857325991353579,1.4103519098876416,1.7694736498888022,0.5231348900008945
2014-11-14 00:00:00,DEHM_noBD,1.9526377568104862,1.9159352126391604,2.27031283794391,5.140610757247657,2.9722999659468243,3.432925419183089,4.777645804068167,0.8362393485387415,1.3354830029320344,1.820409912369512,0.5336169262714683
2014-11-14 01:00:00,DEHM_noBD,1.97308282772094,1.914759560362771,2.1561528716034486,5.199463761144831,3.265857388181174,3.8142025772265367,5.414783414794262,0.8581450376929342,1.3087233378955723,1.8208007034371048,0.5332461799704281
2014-11-14 02:00:00,DEHM_noBD,2.03285759521164,1.8683256834224986,2.092437636432052,5.150123602645852,3.4263647296712687,4.579981512165055,5.813747738503385,0.8729806285275891,1.2983963614328204,1.880648913174011,0.5266816750904917
2014-11-14 03:00:00,DEHM_noBD,2.0328527067022026,1.848105243966803,2.034277237427733,5.152311832338517,3.836985606202232,5.330853118611463,5.682999394249794,0.9010652094148098,1.2881172212248295,2.038289937240053,0.5281964612884819
2014-11-14 04:00:00,DEHM_noBD,2.1138017603722217,1.8525740957740322,2.0076848129123075,5.09119220447505,4.503799149926696,5.572211230727044,5.521019135003986,0.9450954047182202,1.2551182410205899,2.2747997789896464,0.5435743555015324
2014-11-14 05:00:00,DEHM_noBD,2.242579414869547,1.8332825534727797,2.0336917585100234,4.9289298612774415,4.989509950023518,5.504482649297189,5.497249382779044,0.9949681238092482,1.207426027452573,2.452349102678206,0.5697965410485863
2014-11-14 06:00:00,DEHM_noBD,2.4158825307125595,1.8689545417515188,2.079586516424082,4.651782442873365,5.190069394707699,5.688283179671239,5.3511753302621745,1.0354219273629783,1.1719570430752446,2.5383495639988594,0.5976958885201066
2014-11-14 07:00:00,DEHM_noBD,2.5250403417494143,1.8825369571716895,2.1258572104345634,4.539237703015845,5.463861646921941,5.776878503328643,5.087040162090107,1.0700828284547477,1.130955774446586,2.5514527212982623,0.6251044456059112
2014-11-14 08:00:00,DEHM_noBD,2.6109793236156555,1.9125149820065126,2.1183830731647646,4.552591603661562,5.705044179302627,5.7742487368399935,4.972527587523535,1.0761144106916336,1.0793066198158123,2.5275324470829963,0.660234026947841
2014-11-14 09:00:00,DEHM_noBD,2.5181541537832843,1.9686736337065882,2.102472628186927,4.648004618973625,5.611154807466321,5.515384022975943,4.9824634926292175,1.0549123426895588,1.0410126572904734,2.506322746791313,0.7052010619217902
2014-11-14 10:00:00,DEHM_noBD,2.4483746979387986,2.0119854893076603,2.0798463989902616,4.667200807033802,5.1366496758850015,4.910067042792774,4.990934409044554,1.0371337098316848,1.0401526916538923,2.383355304113303,0.747059049630761
2014-11-14 11:00:00,DEHM_noBD,2.527390224272576,2.0570245881998495,2.07532338514887,4.248954746576959,4.622212208451669,4.4391615427366755,4.750545638562985,1.021908237586543,1.0386690933839233,2.2276792774779963,0.7761682482330501
2014-11-14 12:00:00,DEHM_noBD,2.5788614782647503,2.081973069809996,2.053267034778697,3.8601491021318597,4.028212444797261,3.733598737126139,4.341172778396107,0.9869898444364964,1.0200886637885123,2.0838791524924174,0.7780331877963244
2014-11-14 13:00:00,DEHM_noBD,2.475604513241419,2.198550367580191,2.0149865498113284,3.4824467574007514,3.2587130643427384,2.885821658224485,3.9379390234885334,0.9622129267385601,0.9897686919713392,1.9640136204117151,0.7596310123318433
2014-11-14 14:00:00,DEHM_noBD,2.449581032756576,2.3070781620562077,1.951716667580721,3.3761529519887556,2.5036057812683277,2.4812923454506617,3.737638745731193,0.9608586787265538,0.953185376828194,1.8866963760591158,0.7338663329440355
2014-11-14 15:00:00,DEHM_noBD,2.3687613898787276,2.330029561944804,1.956777610665711,3.1725262347636662,2.1760506353914444,2.384083313807434,3.7659846411924938,0.9397654127839207,0.929210047731564,1.850674053429505,0.7159215458583645
2014-11-14 16:00:00,DEHM_noBD,2.235717340393744,2.3386027058033365,2.076289748304826,2.7151735538148665,2.093167629079409,2.3816775244904065,3.6914589043832593,0.912464710819423,0.9244381460700744,1.8463244087478519,0.7165577616674824
2014-11-14 17:00:00,DEHM_noBD,2.0588172604561596,2.252246241378766,2.183205797877833,2.1659493525842577,2.0376093344998174,2.394301554609487,3.360972887777951,0.9044071349743007,0.9361429079742241,1.8558006608507036,0.7286633979321084
2014-11-14 18:00:00,DEHM_noBD,1.9728405971351266,2.1046794991556403,2.2964831188403627,1.6845074425629714,1.8157346794138849,2.311047897285253,2.836329669760056,0.8705481421869993,0.9451168040288239,1.8038517968828605,0.7487132340143993
2014-11-14 19:00:00,DEHM_noBD,1.9440883740502595,1.9782362970296163,2.3083281565704565,1.512000546510062,1.5400862273796507,2.1705428579237225,2.383297516515259,0.8456447534311562,0.9465069999968166,1.6089713246647082,0.7719204055453462
2014-11-14 20:00:00,DEHM_noBD,1.8284969624580256,1.7803047924110198,1.9631054389183782,1.5110717405862666,1.3266164234259514,2.0029510918237237,2.1647010259268042,0.8258261485122889,0.9351348079814761,1.455673157475055,0.7957061800260097
2014-11-14 21:00:00,DEHM_noBD,1.6962138174789492,1.6842778301243484,1.7823722705532332,1.5882631742891442,1.2126349714069349,1.881534579752158,2.113407421416029,0.8105797304043173,0.9219302904683164,1.3931324934647278,0.824640006182827
2014-11-14 22:00:00,DEHM_noBD,1.5724388926547113,1.7344633291776292,1.5292686029930413,1.6534276138497486,1.19940524415134,1.8146295020079717,2.1299463220090273,0.7974091701092384,0.9131735518679022,1.3529667247628978,0.8591165616996957
2014-11-14 23:00:00,DEHM_noBD,1.5014866388453543,1.6837656401518732,1.5445854021605103,1.8023725755825994,1.2825002231188725,1.7461304981866896,2.210521916600636,0.7842592429305798,0.9166793481921683,1.3455936812165379,0.8840508892910555
2014-11-15 00:00:00,DEHM_noBD,1.5455555169443784,1.628772129480159,1.682912620937526,2.0310267646615063,1.442979884843028,1.6966227970695213,2.4265053526508806,0.7672340944629349,0.9456954540630989,1.444998779504746,0.8950372185837105
2014-11-15 01:00:00,DEHM_noBD,1.6183017948270588,1.5695171511473693,1.8353492030096055,2.396681391074792,1.6035476889992506,1.7185658520691387,2.740339914807555,0.7554742782653309,0.921440879480671,1.4984790111676232,0.8977710002584754
2014-11-15 02:00:00,DEHM_noBD,1.6494624218124523,1.538265302316919,1.9320472092497347,2.969786388521569,1.7427701811016816,1.8467151593025302,3.0791750934569055,0.7626527406612597,0.8986441014513652,1.4535672258500754,0.9041043992116301
2014-11-15 03:00:00,DEHM_noBD,1.6679175440703704,1.559285915542692,2.141199806140959,3.7615898851584157,1.7418643138541048,2.1301173965430094,3.5945235999819936,0.7718188492609932,0.8801104450318193,1.425448859375585,0.911460324552208
2014-11-15 04:00:00,DEHM_noBD,1.6321394954066721,1.517748497736007,2.585562304182686,4.110752739466722,1.5866819312213267,2.394953028487664,4.282318849280017,0.7714872919490933,0.88804996960997,1.4020488274208083,0.9135849822654202
2014-11-15 05:00:00,DEHM_noBD,1.5511946608445049,1.526484823592305,2.79928344815176,3.850690038736495,1.5227775974890359,2.6938400827929843,4.617956132770833,0.7768286106884479,0.9057680891357618,1.3854286227278039,0.912192580434177
2014-11-15 06:00:00,DEHM_noBD,1.4875089477259664,1.5397577052612974,2.4293762825947254,3.6324259112695323,1.6787950177293642,3.238909245545956,4.07906770465916,0.7785961904304474,0.9111027149293596,1.3691431595608032,0.9164095132827199
2014-11-15 07:00:00,DEHM_noBD,1.5206415928459167,1.5551947255292906,2.077347084230594,3.6684578685877662,1.9391046807091517,3.250281994049692,3.6886462892813894,0.7765641827018558,0.9174759662495926,1.3573349788569704,0.9333611707626654
2014-11-15 08:00:00,DEHM_noBD,1.548800796200065,1.561364192411089,1.8204388228408992,3.661522519243121,2.090947046001549,2.7928938228957487,3.8208920631961285,0.7610079349417984,0.9355338095398199,1.3854703571827522,0.9700211355804651
2014-11-15 09:00:00,DEHM_noBD,1.5821095086424426,1.5314597200776636,1.700308116384968,3.378805151701189,1.98778089900587,2.6111802675611484,3.7002302408290113,0.7631185774735361,0.9691342636384768,1.4135083898057228,1.03011563677378
2014-11-15 10:00:00,DEHM_noBD,1.5839367294698954,1.4810498013810998,1.6401241512161493,3.049483032385535,1.9883117543813467,2.043650391949684,3.186769131215775,0.7796804368039593,1.0328117861494794,1.4671270919089392,1.0980062866722977
2014-11-15 11:00:00,DEHM_noBD,1.5803607000365854,1.502236226539593,1.5533907796624302,2.1270189079903323,1.9504136995808536,1.5658012638703684,2.6705107251341413,0.7792091794681548,1.0960804130622557,1.4941320869654975,1.1433427444017215
2014-11-15 12:00:00,DEHM_noBD,1.5862307015994563,1.5517026572535373,1.443142220889372,1.3326682075965426,1.7059288092652685,1.050393902730424,1.8738886936105064,0.7737218948685564,1.14291469985174,1.4884070131933316,1.170441041239556
2014-11-15 13:00:00,DEHM_noBD,1.6296521081944182,1.541105765658086,1.4931927284781819,0.7444376368967583,1.4383762091029517,0.751291872092877,1.359511666638652,0.7657289617041124,1.1822955025091393,1.5275384712506503,1.1870396979120745
2014-11-15 14:00:00,DEHM_noBD,1.6787359310266188,1.470396577253435,1.5556263866842723,0.4488678248120914,1.2978016636415663,0.7100568435154422,0.7804842574331965,0.7588901026945933,1.2233461023618186,1.5500263700869912,1.1991456886226313
2014-11-15 15:00:00,DEHM_noBD,1.6865690779772402,1.5277803176692686,1.6372711894100345,0.42541050467781155,1.2135472639492335,0.8095949359893148,0.6018531315535689,0.7586353917320351,1.275214488531947,1.5662987564153037,1.22409985883452
2014-11-15 16:00:00,DEHM_noBD,1.6655882820640227,1.6031633323610945,1.659088882218562,0.4906301765682004,1.109100292599019,0.8514927641852722,0.571120418526682,0.7979212271817494,1.3351432258436455,1.5764514010565633,1.2531890013478695
2014-11-15 17:00:00,DEHM_noBD,1.657827589205224,1.5708844723044801,1.6559316195369511,0.611340456109067,1.0193945894406007,0.744701916305613,0.6351507825442241,0.8653423716076276,1.3583312469385005,1.6104723837807307,1.2759778609556705
2014-11-15 18:00:00,DEHM_noBD,1.6847343465413152,1.4986895430407998,1.7070754126644507,0.6823582386012015,1.5085523864256671,0.7151509792737131,0.7321288091449032,0.9160456834410131,1.3367727763731874,1.6468299111531302,1.2916834128849954
2014-11-15 19:00:00,DEHM_noBD,1.697186609662045,1.5458037800149063,1.7377784368360787,0.6575327118120198,2.542640390004201,1.250118056994538,0.6204883959795018,0.9545822646545805,1.3003371741897636,1.6668086375389246,1.3107742305364831
2014-11-15 20:00:00,DEHM_noBD,1.7221924377103148,1.5411120294922962,1.7192744858195634,0.7270398664592066,3.227960851365798,2.3166954543626,0.7830840865263947,0.9787967018599155,1.2718232406544596,1.6824961560822465,1.3195193312423674
2014-11-15 21:00:00,DEHM_noBD,1.7936473156633972,1.5574486669469252,1.6973758507883545,0.9314896837445755,3.4299355610935627,2.985189373355754,1.1531392176566413,0.9940993343054316,1.2468735395404325,1.7355041024194657,1.3096349026854337
2014-11-15 22:00:00,DEHM_noBD,1.8679839917461574,1.5729430993090756,1.7147135794195532,1.2894268157700934,3.3321103278375417,3.2121094992006527,1.6332466395206253,1.013636380881071,1.233977312939409,1.7919417080377043,1.268422770969272
2014-11-15 23:00:00,DEHM_noBD,1.9218630561326444,1.6030322403886914,1.746804640090093,1.6673981884554443,3.243108648466354,3.368750016625591,2.146128472640222,1.0204665282806755,1.227571458168458,1.864823214430064,1.2056436126226184
2014-11-16 00:00:00,DEHM_noBD,1.9976239779826996,1.6026196526223422,1.8426947189345955,1.9385691798197402,3.320684225900998,3.5908978871818285,2.6483195552409846,0.9986178570082783,1.2282634179528058,1.9434211850242318,1.1433742698611318
2014-11-16 01:00:00,DEHM_noBD,2.06264765144594,1.645792137929499,1.941737021170221,2.0446980726347994,3.370716574660046,3.8060457417508355,3.07476097052376,0.9641045738786458,1.2316518115532957,2.006384781734124,1.0877978836266695
2014-11-16 02:00:00,DEHM_noBD,2.07974556461161,1.7155750119955837,1.9892600481820106,2.0743193316558304,3.3016880239281594,3.9797903166994497,3.2446754609982387,0.9360340646467543,1.2366182792812865,1.9750148377883434,1.0447347626321015
2014-11-16 03:00:00,DEHM_noBD,2.039787694620432,1.798156832788512,1.9464931630717592,1.9761842542171841,3.1520711576315197,4.077529782894517,3.1905715189835413,0.9119809869837016,1.2212270809188301,1.9218666899283416,1.0126770157366989
2014-11-16 04:00:00,DEHM_noBD,1.9704574728271853,1.7880992984726651,1.8787396365257352,1.912739213540252,3.0956296219542225,3.922043734881078,3.026288089066596,0.8884196235854923,1.1937531902796497,1.8020613992180676,0.9931153652008249
2014-11-16 05:00:00,DEHM_noBD,1.8340759706777148,1.7603576348410919,1.9176065479530393,1.9323096513074152,3.065861990103484,3.4665209505117334,2.8167532084702964,0.8694223075830192,1.1738370706851593,1.595376195585206,0.9795093822330235
2014-11-16 06:00:00,DEHM_noBD,1.6311918632924927,1.7395326945475862,1.9385229775484651,1.8982524573947184,3.0077150678459277,2.9599487789575467,2.496125892711585,0.8604327949368954,1.1566644285254741,1.4658926794840024,0.9644078514589369
2014-11-16 07:00:00,DEHM_noBD,1.5137814416742323,1.664851369505385,1.9210650841525196,1.7707255953313772,2.9663918666243365,2.4512912064280656,2.092655540732257,0.8608169474959374,1.1299698824003153,1.3958333032106796,0.9374361750102416
2014-11-16 08:00:00,DEHM_noBD,1.4446305213671922,1.5591917607852819,1.8619551815608886,1.5833115146074177,2.8824865540469156,2.106046172291663,1.6595562389824872,0.8626818252003192,1.1023711483653353,1.3575189521738933,0.8923105428111366
2014-11-16 09:00:00,DEHM_noBD,1.402324453247711,1.4861977990688011,1.686707270604875,1.432856791673846,2.7548661254789457,1.9221847827306318,1.2706968257274671,0.8466942674173414,1.0896002475352025,1.3310028487940553,0.8424607811015659
2014-11-16 10:00:00,DEHM_noBD,1.3776258312336354,1.3874117932405274,1.5303345305045226,1.333903917416928,2.526232068466335,1.844745150286419,1.0059776431683285,0.8316112423937022,1.0666974949363432,1.3194555993579375,0.7809534291564858
2014-11-16 11:00:00,DEHM_noBD,1.3619692780367842,1.3193836937805126,1.4144366805220954,1.3778749145720193,2.1339856216499444,1.8474869804445058,0.8595340322457898,0.8266723765039443,1.0374437319643421,1.3175449850111127,0.7264184790757857
2014-11-16 12:00:00,DEHM_noBD,1.367482243466042,1.2737118426939102,1.3228679912055004,1.485576971160789,1.7945404064262054,1.671946361107948,0.7818883961440926,0.8391906976036727,0.9996035665846243,1.3352283616125096,0.6694547835986315
2014-11-16 13:00:00,DEHM_noBD,1.3763841995445638,1.242734235459566,1.2770548304865694,1.4152994850874545,1.4622120947146788,1.583531420321754,0.7119742071637571,0.8662183522076904,0.9681354125339536,1.3552475981511662,0.6226160088636539
2014-11-16 14:00:00,DEHM_noBD,1.3856205137068032,1.233592294217795,1.2486415191559865,1.5202349631958563,1.3583113597188146,1.513279697289436,0.7419870630905591,0.8912671325578541,0.954647778261518,1.3265494970060956,0.5905486790868825
2014-11-16 15:00:00,DEHM_noBD,1.3734121834650914,1.2108031805466861,1.2395022845169157,1.6803586047246408,1.333727754166508,1.5241287379277155,0.922223903650047,0.9156477308258413,0.969234008858772,1.2949297487299167,0.5693768055424465
2014-11-16 16:00:00,DEHM_noBD,1.3636253487714474,1.2237861353860795,1.2085872786197993,1.9490731734410716,1.246267944176488,1.478984784042456,1.2973680049661422,0.936597855843678,1.0085746068261097,1.2875392751892805,0.5563022611565887
2014-11-16 17:00:00,DEHM_noBD,1.3415643581731338,1.2331773770775272,1.1942804634660389,2.1958071048316867,1.2194661964008726,1.526319112590204,1.6345266815571475,0.9303960707973316,1.0472627300372253,1.2837147966686426,0.5549079285822808
2014-11-16 18:00:00,DEHM_noBD,1.3337876699579134,1.231077401062399,1.1685706083857081,2.422650560619262,1.2570988644796097,1.7475189388891923,1.9105650585827012,0.901209465456605,1.0635973996748775,1.3006375174596627,0.5669290731941162
2014-11-16 19:00:00,DEHM_noBD,1.3494293858575634,1.181926671348363,1.0848340420341398,2.6412429987889983,1.2886947814793976,2.174888212345343,2.287843744483144,0.8748094430499896,1.0612159431924484,1.3515824147789832,0.5793871658250688
2014-11-16 20:00:00,DEHM_noBD,1.3892153311217577,1.0721384969335421,0.9669926749185751,2.3760302510428346,1.5138957014778218,2.644527928562391,2.7798290668360504,0.8479352421318366,1.0646054664081148,1.362864532721685,0.5857280916798858
2014-11-16 21:00:00,DEHM_noBD,1.404993803086728,0.9525555216976627,0.8360739414158602,1.6687878023269873,2.074333293394691,2.3006105959926813,2.6909362931895124,0.8169711982881277,1.0643266802545823,1.3466795874588238,0.5847739127408712
2014-11-16 22:00:00,DEHM_noBD,1.4098531532364338,0.879094261614494,0.7463243189788609,1.0699022737466897,2.4712497255253223,1.6469347579704798,1.9169898366872218,0.7868476284544543,1.0864130270614476,1.3451247610905719,0.5811927175377308
2014-11-16 23:00:00,DEHM_noBD,1.4116745616753212,0.8309041789599135,0.7124290167131508,1.0317639624588246,2.2289007083854497,1.3089475244946684,1.480988839287262,0.7701383071899041,1.0904867248851153,1.375099200871191,0.5832891187164186
2014-11-17 00:00:00,DEHM_noBD,1.4001990691757853,0.7842291266250238,0.6842985119153558,1.1994902800844993,1.7358194007065926,1.266331644782718,1.3042329361865461,0.7586191764865815,1.0921299770902935,1.4013005326533643,0.5892156512984632
2014-11-17 01:00:00,DEHM_noBD,1.337693225784553,0.716214527661167,0.6421786919459512,1.0853366592157192,1.4160436495958515,1.2387935127856922,1.540559630312024,0.7434172730317711,1.0997334556429925,1.3822285440962108,0.5929528496575355
2014-11-17 02:00:00,DEHM_noBD,1.276283387341434,0.6416381540313921,0.576263365835594,0.8266834008515501,1.3391430296820468,1.326277821475292,1.5105840967862738,0.7238603259809687,1.1020451709188428,1.3343925646111112,0.6045530224138496
2014-11-17 03:00:00,DEHM_noBD,1.2225632637869195,0.56387040157428,0.5219024514683615,0.764829934394831,1.307166199119722,1.5789370076077835,1.1590343886173153,0.6891567811913788,1.1078176773441117,1.2307495303955067,0.6262578529827297
2014-11-17 04:00:00,DEHM_noBD,1.0858157678218698,0.5014715594307145,0.5042764109665061,0.7751840233736811,1.6121603708732968,1.3099041977880208,1.0034745282140105,0.6507341171324997,1.1038241889637894,1.0774151361254232,0.6522088767608999
2014-11-17 05:00:00,DEHM_noBD,0.928892898744475,0.5029922276775631,0.5351524967121238,0.7831003653221948,1.5950252111981715,0.893060423260696,0.9223354590682731,0.6321794454142079,1.0975528205338865,0.8426618917825771,0.6784337620067595
2014-11-17 06:00:00,DEHM_noBD,0.7934313156664744,0.577953213320542,0.5892303096467256,0.8249351536164362,1.097959438364804,0.7357106549203367,0.9436780016766673,0.6346966182354837,1.1030219466489182,0.6623158209016033,0.7076354562225937
2014-11-17 07:00:00,DEHM_noBD,0.6915625151488836,0.6312935580020583,0.6472992476896102,0.835141877099932,0.7785076437581121,0.6951461017617472,1.0042251426295121,0.6435682201002537,1.1040044976246077,0.5565099487634141,0.7496862939995527
2014-11-17 08:00:00,DEHM_noBD,0.6144969752423465,0.6102569974019285,0.6768029688625525,0.7690684222195332,0.6630036688646161,0.6570612597594294,0.9199668310051574,0.6632511298061906,1.1033130590842757,0.497522865863582,0.8007296351896226
2014-11-17 09:00:00,DEHM_noBD,0.5555178091243445,0.5734639920911332,0.6734353083813911,0.7444768114508262,0.6144908812094152,0.6154818084426719,0.7983903182481368,0.6874533013458922,1.1010421966705983,0.44888001600789884,0.8534826893370597
2014-11-17 10:00:00,DEHM_noBD,0.5088653160233305,0.5249397032039892,0.6666747258801664,0.7762987318903865,0.5665970673362071,0.5894814276824829,0.7695732419051869,0.7176197681122273,1.0548853355872956,0.41210906962733823,0.8913197667429595
2014-11-17 11:00:00,DEHM_noBD,0.46326298941280686,0.5150155224900016,0.6572822655650855,0.8467347474692248,0.5353054108327637,0.5571905501023751,0.8082466351271926,0.7392196859995276,0.980180443843191,0.39520231026441494,0.9222635002963431
2014-11-17 12:00:00,DEHM_noBD,0.4524137291648878,0.5257237124290863,0.6716491788507286,0.8848023197813761,0.5281512226584506,0.5591813776465377,0.8820724501853405,0.6951092238123715,0.9079746114146661,0.3903405673447028,0.9352642904490138
2014-11-17 13:00:00,DEHM_noBD,0.4694016661776008,0.5158484744224708,0.718217124688084,0.8654799956521071,0.5367491143716335,0.6137246023961586,0.9385281137437138,0.6516933096795154,0.8230883407194063,0.401348604622152,0.9377426028374769
2014-11-17 14:00:00,DEHM_noBD,0.5227993333148373,0.5097740981338924,0.7609461034491878,0.8144722885065823,0.5712941119547817,0.7012357344252343,0.9415949794079305,0.6030634554511494,0.7439402337178798,0.43125839966818386,0.937719513177406
2014-11-17 15:00:00,DEHM_noBD,0.5958804580165387,0.5251975905231566,0.7921873059008253,0.7666550568235411,0.6602879364720707,0.8410878855244943,0.9279873866073286,0.5711879440244101,0.6866844789880513,0.4776524395162442,0.9450563193220133
2014-11-17 16:00:00,DEHM_noBD,0.6565440481100265,0.5499250728129932,0.8735798433642508,0.7440673381465959,0.8349012474279507,1.0583711414139327,0.9621377972690566,0.5467154789495653,0.6506614282392338,0.5440386704474084,0.9520351709769945
2014-11-17 17:00:00,DEHM_noBD,0.735301222341531,0.6011534790284679,0.9602724224950763,0.8618808333683954,1.1506094914499392,1.3188950463290512,1.0138298659412048,0.5445641541163623,0.6062694524460843,0.6137888461407017,0.9493038286551834
2014-11-17 18:00:00,DEHM_noBD,0.8394094536890904,0.6804624262225172,1.0630055128386848,1.2222198318233024,1.496059976141575,1.6165441192564063,1.3050479383736906,0.5450640376211887,0.5810132696026677,0.6928090446762798,0.9433139420388406
2014-11-17 19:00:00,DEHM_noBD,0.8748596477805998,0.7816045726995047,1.18428722880657,1.5713229716075992,1.8230812439368524,1.7556808883231545,1.7399093095945433,0.5380059060977025,0.5529760313417692,0.7972437764144316,0.944806554412851
2014-11-17 20:00:00,DEHM_noBD,0.9389368093123914,0.8391502357823849,1.3241438772735208,2.004967049237659,2.026387560182847,1.97528244015099,2.222543199760684,0.5232275080895237,0.5019990428406836,0.965752647245773,0.9441641380091942
2014-11-17 21:00:00,DEHM_noBD,1.0581574097540554,0.8683438509360397,1.4655717599857716,2.113983099525554,2.0717071675603256,2.2853857251425307,2.4062354120641696,0.5033674336871691,0.4592918209773859,1.1282850769156334,0.9311509078675602
2014-11-17 22:00:00,DEHM_noBD,1.216716318590089,0.8514098570954112,1.5815279555378972,2.0653765033604996,2.4103547825354954,2.5017012973552166,2.394647894478258,0.4743034413701666,0.44338111513590434,1.2268590275955036,0.9146995204759993
2014-11-17 23:00:00,DEHM_noBD,1.303557828739013,0.8392630962485947,1.632169222401632,2.2176065686916977,2.68403835982551,2.5748978606616157,2.6033802641162147,0.43541500760486335,0.45205990697527293,1.2575883543787663,0.9011860053163091
2014-11-18 00:00:00,DEHM_noBD,1.3549680748861048,0.8261173839038456,1.5864336351847044,2.320238624180511,2.813339618331069,2.6681475837144433,2.994279241932028,0.40923085864892217,0.4863646720631606,1.2064986515021883,0.9024660991525346
2014-11-18 01:00:00,DEHM_noBD,1.3217660480798683,0.8299119017542784,1.4613710213085451,2.4308264074111134,2.92794065446222,2.9236635604751293,3.322105901452024,0.3847075335517152,0.605886720984634,1.0657144821764273,0.9020932812258379
2014-11-18 02:00:00,DEHM_noBD,1.1948908318545295,0.9456948128013541,1.3708316709609876,2.573762495878869,3.3436825106186885,3.3022301810475554,3.543047332264236,0.3555841691249794,0.7938814121867017,0.8184485246031812,0.8979454431291063
2014-11-18 03:00:00,DEHM_noBD,0.9791790166023093,1.003506059554676,1.2867254001750599,2.786198077242913,3.732199868493746,3.5805793397526,3.6252594231646955,0.3317941280376724,0.9130276190255325,0.7352083346989807,0.8865814534234022
2014-11-18 04:00:00,DEHM_noBD,0.761625359386364,0.9809698672963277,1.2033472698770011,2.989597060953326,3.9058147825307308,3.677817598655639,3.474517891507605,0.3123253297705202,1.0014349924359842,1.0519840832933283,0.8780935254189068
2014-11-18 05:00:00,DEHM_noBD,0.916645738447085,0.9917497653744066,1.2025241579787014,2.9759880276379302,3.932245114379344,3.7243408794989055,3.1255871925180054,0.30305359034612767,1.1540735213887459,1.4899325438183777,0.8791730581845121
2014-11-18 06:00:00,DEHM_noBD,1.3365352293892299,0.8730300809839926,1.2562436702624198,2.644342730535621,3.7882594257518583,3.543694734936473,2.5961754689343186,0.3042748182661458,1.1818063674011083,1.6766224965773078,0.89846168919123
2014-11-18 07:00:00,DEHM_noBD,1.6541201209133443,0.70347573622182,1.1842755010621713,2.449305223859972,3.350135741361771,3.055727291296061,2.436718483159668,0.31081014673668883,1.114204459468599,1.6186350618452194,0.9337035851472861
2014-11-18 08:00:00,DEHM_noBD,1.6262599708882346,0.8098194266235084,1.0323873722539236,2.3791282881617337,2.812021986580643,2.6128647197865065,2.4350572002480604,0.3349262383136898,1.0357520431849092,1.5549836022857924,0.9880546056040842
2014-11-18 09:00:00,DEHM_noBD,1.585361169892489,1.0926580788302909,0.7805924474818305,2.1041918592951823,2.548327747120344,2.5253506731819284,2.2111865477381603,0.3740061293553559,0.9923464121436363,1.49650940760104,1.056359487224249
2014-11-18 10:00:00,DEHM_noBD,1.5469688861440818,1.295420227422067,0.7707511349440122,1.848614627422126,2.5766385441476887,2.4263803089105425,2.0364927210692416,0.4307321004184708,0.9834211473185894,1.408783951242431,1.0909770660344327
2014-11-18 11:00:00,DEHM_noBD,1.483905504620061,1.377984814610621,1.0334055564694231,1.7854863824379006,2.5419284427211037,2.194389489790959,2.005994295104535,0.5076984551831334,0.9726324404798588,1.3159109699747988,1.1055216307410376
2014-11-18 12:00:00,DEHM_noBD,1.3951328349980248,1.4572122927760238,1.2645809922993485,1.747341728860079,2.4142479586182795,2.0872860837587637,2.1264930171340106,0.5893858847612142,0.9478076985226781,1.2474115060650601,1.1114914325007768
2014-11-18 13:00:00,DEHM_noBD,1.3072861118750694,1.4385126805638615,1.3379083045452203,1.7431022297076408,2.3470226944788166,2.1145701407017605,2.3133210128959276,0.728501409790255,0.9307269054786208,1.1904266282839582,1.1015812329018604
2014-11-18 14:00:00,DEHM_noBD,1.224198376818574,1.3383002696372892,1.4164523534125253,1.8565760504241393,2.377689982393745,2.230133968800164,2.5008055721537414,0.830413401553519,0.9274808016606403,1.1390249707280156,1.1169120371646462
2014-11-18 15:00:00,DEHM_noBD,1.1612150135000283,1.1959590946427592,1.4317918225695936,2.091579916616627,2.4732234673206355,2.4247973186979404,2.695274334945939,0.8535434569999761,0.9226119192696298,1.1070848137943161,1.1302248388869276
2014-11-18 16:00:00,DEHM_noBD,1.1276497947719133,1.0740950021471771,1.3327600149436107,2.374784251298169,2.672526532221173,2.6615035446411004,2.905389522656221,0.8425874518200942,0.922941630421957,1.0937958011807338,1.1629705946017639
2014-11-18 17:00:00,DEHM_noBD,1.117357106292816,1.0035687789010315,1.1762230723291052,2.6087621002327097,2.8712650817149097,2.9101902448189505,3.0186569406248402,0.8558141422942467,0.9244401963432807,1.1010572980331246,1.216547733535648
2014-11-18 18:00:00,DEHM_noBD,1.1181690463698561,0.943205190757541,1.0558706471023591,2.7843516339393894,3.082256628425002,3.1071194542736,3.1064961191549045,0.8981814773317565,0.927503067870591,1.1473811975000705,1.2630179213523678
2014-11-18 19:00:00,DEHM_noBD,1.1474769831644185,0.8899418013860774,0.9896631261123251,2.9345316082429944,3.3439348295803777,3.253168040205909,3.150386118842677,0.9388239602505519,0.930127437966981,1.1786335088223963,1.2828988914952801
2014-11-18 20:00:00,DEHM_noBD,1.1590366039647906,0.8837414533680583,0.937863127295114,3.0665684939334947,3.5163929363401536,3.3906489480409796,3.1027035383948043,0.9687454590197454,0.9417777727651854,1.2000784845442325,1.3174601829247177
2014-11-18 21:00:00,DEHM_noBD,1.1818770428426562,0.8985540094458614,0.9009470801510929,3.1625714648079493,3.5497191988268995,3.4487969600394086,3.147845692980673,0.9913467702670662,0.9545701802593202,1.246461134313047,1.3674766482739895
2014-11-18 22:00:00,DEHM_noBD,1.1855320417799056,0.9118495366430928,0.9033983280573016,3.26337708085206,3.5579739803551087,3.44552202560868,3.2311914039721334,0.9988552168060879,0.985287808436933,1.304763136848472,1.424677745615244
2014-11-18 23:00:00,DEHM_noBD,1.1917702178051321,0.9480329517421522,0.9206813992826663,3.3212037467735778,3.6397430898628604,3.491462351177267,3.337931095353019,0.9647490498606639,1.0186085705566126,1.3694283327830583,1.4951075300368666
2014-11-19 00:00:00,DEHM_noBD,1.2699679545993916,0.965428722171702,0.9474631210358021,3.3013223008185886,3.7700079259324957,3.540291411224554,3.4284429184114567,0.9258981029682088,1.0623638831337774,1.4084203424979376,1.6007035792282598
2014-11-19 01:00:00,DEHM_noBD,1.333994885372892,0.9838518395120137,0.9899318901673669,3.2207957061870527,3.8406098050894983,3.635148021734163,3.526649466853274,0.9192321187564503,1.1580532553476792,1.4697382441287115,1.692497897129059
2014-11-19 02:00:00,DEHM_noBD,1.3857118262690304,1.034449369403125,0.9990087881127361,3.1391235175358783,3.8923014646584484,3.6971802573027004,3.660952896103431,0.95137850034884,1.276394730379153,1.5529846116892618,1.7833300317158551
2014-11-19 03:00:00,DEHM_noBD,1.441918260235414,1.1086704732519994,1.0093195551249903,2.9911714342342925,4.012097572024344,3.7697425436637513,3.886178567684608,0.9832428725622757,1.3795311083869357,1.6323151828077993,1.8563125696966052
2014-11-19 04:00:00,DEHM_noBD,1.5005836565625854,1.2043155060163162,1.0637170997385028,2.9755602071182388,4.192832286456196,3.879220926459393,4.103935170826513,1.0181728770527487,1.470799417135343,1.7119845019202493,1.9115654579491541
2014-11-19 05:00:00,DEHM_noBD,1.5808258913347497,1.3429040138381068,1.1637043835452292,3.0183097824838705,4.513381859871698,3.972229929387358,4.3575410465395175,1.0543911196100735,1.504638378135413,1.7995138937231898,1.9370839425350725
2014-11-19 06:00:00,DEHM_noBD,1.6867260250335931,1.4836485252104514,1.2359393607633118,3.1142836430461673,4.8085906312933275,4.12139924328224,4.484845482132184,1.0597507888571835,1.567582796724597,1.9296189652831202,1.9044214443285763
2014-11-19 07:00:00,DEHM_noBD,1.7978705407211557,1.4510337936760915,1.3173885528471927,3.225787338843115,4.93735402404954,4.227220809459624,4.40486382545471,1.018769946668241,1.5984267549912259,2.023358289970318,1.8321752445024626
2014-11-19 08:00:00,DEHM_noBD,1.8895426501664332,1.4151220439979455,1.4445670619276887,3.2318345084238245,4.831177059608706,4.11353396354742,3.9859535259071457,0.9669662172109563,1.5830605788959562,2.0246568521033645,1.7209727134584631
2014-11-19 09:00:00,DEHM_noBD,1.934513995379638,1.419022480224548,1.4870733420827869,3.2318345084238245,4.831177059608706,4.11353396354742,3.9859535259071457,0.9669662172109563,1.5830605788959562,1.9949591462591942,1.631317722113058
2014-11-19 10:00:00,DEHM_noBD,1.9095665942979791,1.4155322333341744,1.4698253660443914,3.1309158050644825,4.561723626808773,4.09520875650176,3.7696649223538987,0.9092419772314606,1.6284818098880165,1.9500434962106867,1.5725192757309974
2014-11-19 11:00:00,DEHM_noBD,1.9073733570964726,1.4225639644696237,1.414784933245294,2.934894226215289,4.40172816604847,3.8221202018927123,3.4061562895154824,0.7013867970481886,1.572706631472828,1.9632464483348653,1.5357529042289033
2014-11-19 12:00:00,DEHM_noBD,1.9672361806687828,1.4457164626294818,1.3500428499867534,2.8838940344114485,4.063285392722321,3.7985621737908932,3.368717279691854,0.6495565737413986,1.5737869178761588,1.9482900185011514,1.5084592425796015
2014-11-19 13:00:00,DEHM_noBD,1.9744879763502068,1.4508602898472662,1.3213924878205732,2.8899830370972825,3.97257922935796,3.474114756171655,3.0776693769215058,0.634559633720303,1.5579540061851405,1.8556536125288812,1.4878484846969133
2014-11-19 14:00:00,DEHM_noBD,1.9868731425248924,1.4843634907984442,1.2934060767583344,2.993914566431775,3.947226787148122,3.3888086077168627,3.060443214061678,0.6384640077383257,1.5354102572305113,1.7256399118000454,1.4817579527305438
2014-11-19 15:00:00,DEHM_noBD,1.9247170870585624,1.5207173847440734,1.3377597727555943,3.3200592203184778,3.982223476163257,3.600587525586417,3.314084816897207,0.6620683034171351,1.5400977125816147,1.6341907270978298,1.4912036689091472
2014-11-19 16:00:00,DEHM_noBD,1.802247850083739,1.5447814886554603,1.4011934963037103,3.5681078801174086,3.9608218515208753,3.763208777350844,3.4733250000298326,0.6794124028756445,1.520327587241791,1.6486104618625994,1.491834017374702
2014-11-19 17:00:00,DEHM_noBD,1.7243331746277444,1.6142279476505839,1.5343444348804411,3.76966191445177,3.9082155877377254,3.8582024422705503,3.604527242716454,0.6882129724538325,1.4775863014930888,1.7194550371522643,1.5092897446047888
2014-11-19 18:00:00,DEHM_noBD,1.7298198372555107,1.6900026405064765,1.588651505452832,3.926973809374557,3.8539675851261634,3.968950071275087,3.7827827894862773,0.6942212359076575,1.4157187173126489,1.7354356380190885,1.5309973817447573
2014-11-19 19:00:00,DEHM_noBD,1.7898207233688281,1.653198619555612,1.5859795941137125,4.038413580790592,3.8134905503415384,4.0878152172755575,3.99202743156858,0.7017251720074353,1.3725663191188058,1.6782829836468212,1.5556744506294653
2014-11-19 20:00:00,DEHM_noBD,1.804852082133335,1.5250835827440938,1.585554724960268,4.093206888385301,3.923205807035677,4.222285495316825,4.219451446268646,0.7062258870125817,1.378957351712084,1.5679854295587168,1.5777707593414934
2014-11-19 21:00:00,DEHM_noBD,1.7879074942756166,1.4722515857180172,1.6087190431480156,4.1040532285526705,4.141108478767771,4.374497944981332,4.476535961106522,0.7180233976270398,1.3977538075586082,1.4366747006385774,1.5987976015368104
2014-11-19 22:00:00,DEHM_noBD,1.749939690320436,1.5029512942178436,1.6362737331575175,4.097976544595371,4.305637934086616,4.533128439962931,4.761982475803467,0.7394195928787037,1.4262410869705024,1.308441043182984,1.6059236619946362
2014-11-19 23:00:00,DEHM_noBD,1.6427742491318287,1.496444831381131,1.6698746194097498,4.0975626374735254,4.390397178571046,4.712415086653825,4.997606232259121,0.7556732487822755,1.413392347011035,1.2612527106126397,1.6047561350494624
2014-11-20 00:00:00,DEHM_noBD,1.4677834180716052,1.470968936111921,1.6580003303910564,4.169228020421792,4.496699388606983,4.9348721182933435,5.167293213494892,0.7591462274344576,1.3402668105328268,1.257198790720012,1.6062425015048682
2014-11-20 01:00:00,DEHM_noBD,1.3232833766369148,1.4423069135035238,1.621361181552261,4.331247502248501,4.586311235855998,5.2622576910803325,5.328552691736678,0.7547382622248253,1.239372318569664,1.2133453434284822,1.584557725367993
2014-11-20 02:00:00,DEHM_noBD,1.2363957745711505,1.5389580020498645,1.5900135490250729,4.599786745106453,4.555256871643223,5.639338782415889,5.450403806244932,0.7474018028811645,1.1857506992086746,1.1953023233687714,1.5353703553064166
2014-11-20 03:00:00,DEHM_noBD,1.1612510111985728,1.7020221925840815,1.5966123441324291,4.865284337584078,4.7709391328257755,5.906533732545999,5.55120654312944,0.7460138104884286,1.26385983699908,1.1533191363251034,1.471410201345384
2014-11-20 04:00:00,DEHM_noBD,1.119244430214325,1.6324704357434332,1.5753867198015516,5.05669750374635,4.973103964564976,5.895297989594903,5.671990837474801,0.7647598147599188,1.3706981555577367,1.0790028184198053,1.4243101612977682
2014-11-20 05:00:00,DEHM_noBD,1.1377561856000127,1.5228414049969974,1.5567182749438053,5.206055568877455,5.117577664260211,5.576165287476547,5.764952640595902,0.7778171590776082,1.347824273387678,0.9509725044422911,1.394824472078271
2014-11-20 06:00:00,DEHM_noBD,1.1218253317442395,1.5056600157327507,1.573206761653796,5.282365106285714,5.283838562729104,5.230254813489077,5.675018748162226,0.7782038649391875,1.2534390439661778,0.8582062755585129,1.3834811143843644
2014-11-20 07:00:00,DEHM_noBD,1.075664054895658,1.5650728783341672,1.621241650875681,5.2093974870573305,5.281793071393005,4.817056881725761,5.4889334127378495,0.7855437586789775,1.1146335004058572,0.8651219851675839,1.3893695873162895
2014-11-20 08:00:00,DEHM_noBD,0.9625141587467654,1.492923845477672,1.65502760919529,4.819802530237359,4.9566363834249625,4.4577214995111465,5.127425685972254,0.8005830661258904,0.9820250428943429,0.8533227397231625,1.4018563982142136
2014-11-20 09:00:00,DEHM_noBD,0.8957625861224555,1.2378456430977247,1.637382990106903,4.221464067190685,4.675182900227766,4.274565742046974,4.4995732656167045,0.8022628478112366,0.8817238998395762,0.8418593276146282,1.4287612272926418
2014-11-20 10:00:00,DEHM_noBD,0.9214852389084,1.129703924079265,1.5859467568475136,3.7019113000864605,4.5222931728585,4.0492415748956665,3.7606484438223,0.7652479776960821,0.8020953226091991,0.8212942677600393,1.433190382536426
2014-11-20 11:00:00,DEHM_noBD,0.9175282947130011,1.1245265636158601,1.5056821269642993,3.3173286753956424,4.315382145269858,3.9883392254512424,3.0843226638992682,0.7254817254579735,0.7107989915063603,0.8254060417198407,1.4110383649209515
2014-11-20 12:00:00,DEHM_noBD,0.899334757599252,1.0570448326032666,1.4473182323589064,3.1269554603284657,4.085256613800345,3.8196362738572525,2.7037554487054125,0.6980441946136462,0.6122659276213029,0.8328139737198323,1.3809665618671103
2014-11-20 13:00:00,DEHM_noBD,0.8663263009846378,1.0002601083904272,1.3993318240903714,3.0526813896249476,3.837273893236129,3.4418684505780446,2.6676243873595897,0.6716029170031612,0.5484853520961943,0.8228364172963815,1.3587870095882937
2014-11-20 14:00:00,DEHM_noBD,0.8486166730114467,0.9769676470819955,1.376096974303712,2.9328105185745863,3.6197281450006136,2.9612528727991814,2.7127600267771355,0.6427533809442568,0.5277897333404513,0.8291872758712271,1.33722196837971
2014-11-20 15:00:00,DEHM_noBD,0.8502400547086779,1.0254854202031984,1.4252673010753887,2.910208086218442,3.4431179699900234,2.7701033543785436,2.789470344259172,0.6420361690788032,0.5184646092086098,0.8428020200229492,1.3241292793170734
2014-11-20 16:00:00,DEHM_noBD,0.8371295083481759,1.1688080188451568,1.5059214232742404,2.9372064954420836,3.170007232304699,2.931675432682739,2.949489797104822,0.6424438782093624,0.5195583520612539,0.8646743427743743,1.304314027619641
2014-11-20 17:00:00,DEHM_noBD,0.8181508410671701,1.2416360615667767,1.5807580211396055,3.0044380768810237,3.0822744249470224,3.2663883859278955,3.1065838537922774,0.6457387956475342,0.538391583692464,0.908820467934471,1.2844183434140402
2014-11-20 18:00:00,DEHM_noBD,0.8025946278611034,1.1332030145647516,1.6693266803803235,3.0566652144184565,3.4183273141379993,3.5616313314124506,3.194667928956949,0.6638538717852496,0.5719767868298361,0.9563609629208544,1.275373056346513
2014-11-20 19:00:00,DEHM_noBD,0.8301615540544531,1.0689533775219227,1.7302984770203604,3.0880856719060366,3.9232126642229197,3.8543761508444563,3.2463649728972928,0.6887656443541088,0.6262050563489924,1.0023869482671153,1.2774318376531453
2014-11-20 20:00:00,DEHM_noBD,0.8546368846725881,1.273766064705653,1.7365933747071705,3.273259273686401,4.4330757640087235,4.096131981292637,3.4321949855004057,0.6999390377993846,0.7006977052407543,1.0326672683163296,1.2884358054290526
2014-11-20 21:00:00,DEHM_noBD,0.8734221815822458,1.5411831464508263,1.700254572275231,3.505291410640041,4.807110415517305,4.219966228837874,3.7225396131348023,0.7027319444028945,0.7793645272115163,1.0639146037778309,1.3048989074519275
2014-11-20 22:00:00,DEHM_noBD,0.9303783737000171,1.7886448630694753,1.820794443615783,3.628846091749304,4.987975303047755,4.230085543501421,3.9264323082017047,0.6984351528331487,0.8375453733327147,1.0921067341068673,1.325410591000244
2014-11-20 23:00:00,DEHM_noBD,1.0116121695735434,1.67605155919397,1.78051768728008,3.58589139398887,4.90999548302386,4.24347473364421,3.906509676785123,0.6944843664842384,0.8620802710583794,1.0945889363491834,1.345102694207914
2014-11-21 00:00:00,DEHM_noBD,1.038152102607357,1.347282192245638,1.6076011313840328,3.537497069392044,4.699616566150489,4.2853543225250235,3.847835199890983,0.6917391103241872,0.8612756538688812,1.093546315785169,1.368538412530124
2014-11-21 01:00:00,DEHM_noBD,1.051138531874679,1.2109186890144785,1.4002786676590098,3.4962088062765684,4.594955225863494,4.2987683286121205,3.877454080367266,0.692697027600039,0.8573929931524602,1.1121559979334545,1.3903949699828402
2014-11-21 02:00:00,DEHM_noBD,1.057988713085219,1.2066583124793693,1.2938884311677983,3.4210748179670776,4.679031821916941,4.3166898275162415,3.8139905048140825,0.6984691379025096,0.8610049416268452,1.1198750126867005,1.416570358518334
2014-11-21 03:00:00,DEHM_noBD,1.0523691560508597,1.2264553603681687,1.2539100568868662,3.3559446415619973,4.7750798617927455,4.317719122481583,3.753641907169522,0.7011969301747486,0.8664336743015041,1.1023799360039812,1.443614504074822
2014-11-21 04:00:00,DEHM_noBD,1.0284185595523525,1.199531468809261,1.2395435238590882,3.1953931333577517,4.838577227010811,4.285701104235474,3.764039172805254,0.6996738484531555,0.8683949565142788,1.0468883813521281,1.4813454121523117
2014-11-21 05:00:00,DEHM_noBD,1.0472909163936646,1.0838855550797748,1.2637309965591879,3.007179544402357,4.844634847284844,4.233369789000729,3.819993920780547,0.6932057765448709,0.861336518257783,0.9914887952612295,1.5259389273755648
2014-11-21 06:00:00,DEHM_noBD,1.1156001800708448,0.896288417931064,1.3109407170141907,2.8332500455266763,4.685499056277476,4.07429626235151,3.856918483515666,0.684340887208646,0.8378487093868324,0.9586899415269283,1.592931189740051
2014-11-21 07:00:00,DEHM_noBD,1.1256989555756562,0.7830423282875306,1.355850206113772,2.8100405906535255,4.472285406631725,3.9225387249229233,3.762854786218082,0.6777133876626028,0.7910529162704879,0.9209986804240451,1.6699045919827
2014-11-21 08:00:00,DEHM_noBD,1.1375412907763476,0.7222957257005944,1.3403019278812967,2.9957740273240114,4.166511810779488,3.7981556464880986,3.5291664286246607,0.668345967833978,0.7219411349592242,0.8745371461627709,1.7371173859588662
2014-11-21 09:00:00,DEHM_noBD,1.1408479426659435,0.7362385218632058,1.2193986972080602,3.2333547287098767,3.852871717852489,3.5321224999101064,3.2115417626784337,0.6515372136705211,0.6783244169096498,0.8723690927709471,1.7666990778321074
2014-11-21 10:00:00,DEHM_noBD,1.1103806182788007,0.7843710622679627,1.0766306056822,3.4226623403327494,3.522152094551912,3.310382965572695,3.040250520133133,0.6233103509488993,0.6595672174407459,0.9196378907362681,1.7641447357904725
2014-11-21 11:00:00,DEHM_noBD,1.0836426905870216,0.7700801383253791,0.9670889394283979,3.3529927341963974,3.211051588094195,3.314497608537711,2.975403470871217,0.6057661093308124,0.6501877936704215,0.9466984397701896,1.7630825196744595
2014-11-21 12:00:00,DEHM_noBD,1.0817859521079423,0.6727163826247304,0.8494402984990691,3.2541060874365897,3.0939383784069294,3.419695245448339,2.959300333223393,0.5912833742613961,0.6640938352066256,0.9436633061525527,1.7369674347221107
2014-11-21 13:00:00,DEHM_noBD,1.0755404559634734,0.586024621014227,0.7432244250781006,3.168498285834695,3.133628228004665,3.3188846043055573,2.9138292982976735,0.5829219795706739,0.6226593169404774,0.9328316272040897,1.7144934971823496
2014-11-21 14:00:00,DEHM_noBD,1.1059797941208114,0.5886759749381266,0.6701721829301642,2.991689541462251,3.1572161542654316,3.1926100497573673,2.8381887534337595,0.5664669222749703,0.5862440459143999,0.9641446858047751,1.7365232915334496
2014-11-21 15:00:00,DEHM_noBD,1.1577982954263797,0.7343138931806337,0.6735293152314971,2.77615093304627,3.1497878538567305,3.28278100461008,2.6670662951137762,0.5573881753270263,0.5800275648525756,1.0409638432280017,1.6786930590860547
2014-11-21 16:00:00,DEHM_noBD,1.2811138377682534,0.8940379591828818,0.757608204896691,2.8065599539321626,3.2452343726672592,3.330037436964571,2.6073575909202313,0.5677875061772318,0.5799593323701872,1.0908799444986403,1.5367941531490534
2014-11-21 17:00:00,DEHM_noBD,1.4324297794394396,1.006993818777781,0.8969586335207709,3.0227533828340407,3.3628698467656384,3.3132629080046376,2.599518022217449,0.5878196886211438,0.5872750935061102,1.1117591079495042,1.3802225929762424
2014-11-21 18:00:00,DEHM_noBD,1.4517965371701513,1.0383286730597074,1.035761866692882,3.0428384749014707,3.4266395986242446,3.3782500039932395,2.767861370784056,0.6110559871356696,0.6054218023347375,1.0680129683569666,1.2292425834658742
2014-11-21 19:00:00,DEHM_noBD,1.5036159327134093,1.0281534852016063,1.1664431555100927,2.9661133780631657,3.5896259354360214,3.659579299910541,3.2505789299780976,0.6433685088790586,0.6322229050110142,0.9877634495293728,1.062444787902832
2014-11-21 20:00:00,DEHM_noBD,1.510266772257965,1.013423604689953,1.2627888220079289,3.1568115824553535,3.8678176927394325,4.010255570080129,3.6398988856085492,0.6744561978274418,0.6533991735745268,0.9034662154450304,0.9368490211732685
2014-11-21 21:00:00,DEHM_noBD,1.4732976794373243,1.0019752559207473,1.3304381725092593,3.3177406303062775,4.178535054692967,4.10243467965072,3.6757886538224693,0.6968169530409039,0.6748758742365163,0.839680217439571,0.8476635951572656
2014-11-21 22:00:00,DEHM_noBD,1.387277216523189,1.0351063336841062,1.4255631753855036,3.466084786119133,4.315151564729428,3.9793785518945546,3.8607081399069823,0.725959267363403,0.6965689331044963,0.7889672372064003,0.7673028361237049
2014-11-21 23:00:00,DEHM_noBD,1.2304888288548728,1.1497021701386758,1.4989613746427628,3.5842724539508373,4.271477963917516,3.9903883610899022,4.041079968803153,0.790078951807228,0.7085603431131324,0.7210122195764778,0.6841516721601784
2014-11-22 00:00:00,DEHM_noBD,1.1166980489970504,1.3045752341456198,1.5110637157304445,3.687932104036248,4.317517694566631,4.133378160418015,4.291730561436452,0.862512585082817,0.7351668403469114,0.6485781652377723,0.6153408310559391
2014-11-22 01:00:00,DEHM_noBD,1.0372153813429195,1.4738670137989847,1.5133695387741923,3.7612984455841865,4.500351953200917,4.3799566282972116,4.483549152241736,0.8827402066187044,0.767030038727346,0.6153466628556392,0.5591184181644021
2014-11-22 02:00:00,DEHM_noBD,0.9948351960093813,1.6606194674262216,1.4859862934876396,3.8599955752776607,4.744808928094763,4.621457724895345,4.569736395279934,0.8861125203612643,0.807955742229739,0.632450511212489,0.510529817741867
2014-11-22 03:00:00,DEHM_noBD,0.9399865049098297,1.9590993031561093,1.4744494571779527,3.910109233438691,4.957906780655422,4.724845619865311,4.601997903537503,0.898016434971813,0.8400510183711802,0.6350345428899138,0.4796989773575775
2014-11-22 04:00:00,DEHM_noBD,0.9082792295284179,2.3134734466889126,1.5631986571840988,3.878836626721192,4.982509025375932,4.76696592132093,4.6630867100524735,0.9304932163648784,0.8598863349222612,0.6396708599102052,0.4616527198374783
2014-11-22 05:00:00,DEHM_noBD,0.8603061049867066,2.5720484064609557,1.7205784515961167,3.833478139208913,4.960838681243145,4.783595485588844,4.645711405509767,0.9604940136819257,0.8843075740241204,0.6495968529924394,0.44739051270341845
2014-11-22 06:00:00,DEHM_noBD,0.8283974113601097,2.61011093943947,1.9740354178322526,3.834230015613132,4.969304041418418,4.722597704986412,4.546007467076144,0.9732775612855993,0.9145253572357388,0.6718119105689606,0.4386674702416942
2014-11-22 07:00:00,DEHM_noBD,0.8182704651922739,2.336911417544698,2.380911601412706,3.920006479390282,4.792099376993361,4.654527163720019,4.386230010429098,0.9654380167032974,0.9528700280746789,0.7153667883164476,0.4336427924415597
2014-11-22 08:00:00,DEHM_noBD,1.0791769498126174,1.8429293411527947,2.7937591152535104,3.9899165315075633,4.518545527155572,4.384365214354636,4.317432432594581,0.9472562579955859,0.963359192653817,0.7672270045691483,0.42441311679650084
2014-11-22 09:00:00,DEHM_noBD,1.5884077534838905,1.2870090315074636,2.8547493205925005,3.8396515414441934,4.097200414317953,3.963396754479299,4.193808073082602,0.9018347681592707,0.8682704786543294,0.7907806692363973,0.4198441962179726
2014-11-22 10:00:00,DEHM_noBD,2.0131734171912914,1.257309965319971,2.654892038215804,3.600480064707137,3.543891822459411,3.4413310371826356,3.8829905429977876,0.8492582075634318,0.7777744736408925,0.821400840386983,0.41263985133826375
2014-11-22 11:00:00,DEHM_noBD,2.393085105650285,1.4557440907597938,2.7291644249246736,3.356469814782244,2.9672891570087545,2.9783785987105804,3.5116674601345017,0.8109894117865268,0.7034424177002556,0.9337882570712729,0.3997064859738425
2014-11-22 12:00:00,DEHM_noBD,2.996607408428437,2.17193842729185,2.5404605523596047,3.0458365862794206,2.4876346072462314,2.6135989059908336,3.173230791497012,0.7802198239083866,0.6666750688440579,1.2850600415473272,0.38716911110872226
2014-11-22 13:00:00,DEHM_noBD,2.406749441298796,2.5426480730654792,2.186795710891449,2.693050638915108,2.1800146780673484,2.375808591864493,2.8329797504662038,0.7470880030443705,0.6608575306898383,1.7317644291437544,0.3977475879082178
2014-11-22 14:00:00,DEHM_noBD,2.034628712189746,2.384640235361519,2.192805478017755,2.449196433084622,2.060391599507835,2.2290493446202087,2.5797590481943184,0.722735763764698,0.6922721782397355,1.7950606521912302,0.40516299402366723
2014-11-22 15:00:00,DEHM_noBD,2.1264332375327064,2.5341799622341905,2.377721134865955,2.4989889409658783,2.042581106161822,2.1230363904718526,2.52785595095048,0.7155995583967327,0.7443906065233249,1.6819759801285372,0.4097009996325782
2014-11-22 16:00:00,DEHM_noBD,2.7147751151385715,2.607721798892541,2.2891330114805046,2.4987501762584907,2.0460507782564217,2.0962064086489907,2.5865483429474967,0.7482560218574899,0.8139450094971896,1.6523491261487298,0.42061100349520814
2014-11-22 17:00:00,DEHM_noBD,2.934479862222309,2.3366624360204162,2.0404300187362825,2.4011372803178856,2.123510866502398,2.243603453378092,2.7168567812494726,0.7845168005758523,0.9232846202828396,1.8738345388842246,0.4376185275171596
2014-11-22 18:00:00,DEHM_noBD,2.4295283822543317,2.4003633246234153,1.835250151043851,2.3026982115571015,2.2977968094596104,2.464472527387297,2.792390053110104,0.7875956035370753,1.1490029723288608,2.208380014996247,0.462358373329937
2014-11-22 19:00:00,DEHM_noBD,2.361031534955031,2.3387844452703477,2.0297873106764266,2.418149250983862,2.558935265578162,2.745643961861972,2.767195189028647,0.7474583879955858,1.3233658084869675,2.297545201642178,0.4957490065847886
2014-11-22 20:00:00,DEHM_noBD,2.147484205947406,1.9165759878663369,2.1002331693185177,2.626834450519499,2.7264358984337993,2.9579621037239012,2.818346096395869,0.6919680739914627,1.4302768625488063,2.0979242021981817,0.535762543097054
2014-11-22 21:00:00,DEHM_noBD,2.035812407269925,1.8209904457300428,2.139926887806809,2.6870987068565118,2.7423426961188264,2.8490585433777627,3.011335961502454,0.6731616664057598,1.5015407611648646,1.7914151399460343,0.5810786382488617
2014-11-22 22:00:00,DEHM_noBD,1.8882475536157002,1.4823940504097164,2.419040602237161,2.7404587637612545,2.6996371567949655,2.7328439519095253,3.1106878010879138,0.6769637550191581,1.5291809410029744,1.760543057268157,0.6318555666485468
2014-11-22 23:00:00,DEHM_noBD,1.5224523940036074,1.233723528910952,2.8046136288838346,2.7353677420487115,2.7348584469308728,2.7751524273867254,3.151271625569783,0.6531834150078891,1.6193294383118582,2.235063047919836,0.6862968931062201
2014-11-23 00:00:00,DEHM_noBD,1.1789174472141264,1.2690155877686489,3.2079920016220727,2.701294309922168,3.048602763496286,2.991521953416437,3.1767274243493273,0.6721654104405641,1.6429322483416646,2.5347997289122564,0.7450973726829786
2014-11-23 01:00:00,DEHM_noBD,0.9539747207182645,1.4879812634632783,3.559868827599043,2.7297272429659243,3.354051609811401,3.059135124223941,3.1417289194460385,0.7168772321936487,1.561701408085674,2.5539698497318133,0.8084163868027624
2014-11-23 02:00:00,DEHM_noBD,0.8118871313515305,1.899342068864275,3.7755725059668124,2.8016793100151363,3.4639735867710644,2.8940865980887516,3.1103077789389415,0.7520466791063547,1.5275591209018975,2.663135548105389,0.882364897754019
2014-11-23 03:00:00,DEHM_noBD,0.7859554100332036,2.3394200870465482,3.9323222480666065,2.7411657819659063,3.403117007979392,2.6859399469508944,2.9787450176377623,0.7534906865805386,1.6153891379470378,2.9108956699025406,0.9672628077666584
2014-11-23 04:00:00,DEHM_noBD,0.7448931508148833,2.666608641558546,4.124520810050706,2.6252887138443013,3.3170032249649286,2.5276484683202742,2.76603480606172,0.7475255010277033,1.6254176828109475,3.0636412084178466,1.0536632969904407
2014-11-23 05:00:00,DEHM_noBD,0.7722900165700166,2.973693746727384,4.501544063619019,2.570340783148409,3.205316939103983,2.370164313753963,2.566769613435298,0.7287519352669268,1.6462388386657834,3.171865730456973,1.144276061418473
2014-11-23 06:00:00,DEHM_noBD,0.8624224525212496,3.3362504922471894,5.050829848610017,2.6236094771874257,2.975850134393354,2.1037639649200033,2.3671084902321398,0.705988089572601,1.7930691863208263,3.3616578262500707,1.2436865031892217
2014-11-23 07:00:00,DEHM_noBD,1.0408744102601521,3.512661548005063,5.369614965027076,2.686411767480501,2.5437970313031624,1.8890115478990679,2.304252533742586,0.6994773248816282,2.228468203540072,3.667403617203286,1.3441043575470708
2014-11-23 08:00:00,DEHM_noBD,1.2606444557132943,3.7978704051934464,5.412213423031041,2.5854642381620687,2.1246345998716447,1.7942914469253457,2.2579526814195443,0.871605761068873,2.6347829430060092,3.238978938951697,1.4001087393397547
2014-11-23 09:00:00,DEHM_noBD,1.5351841064659506,3.9557736589425945,5.229889677749883,2.2633873427335605,1.797942342446751,1.6862205137546482,2.1098713038559724,1.2331831078620628,2.8303861718999594,2.751774781188222,1.3949083999590575
2014-11-23 10:00:00,DEHM_noBD,1.9067929077002406,3.8389557981186826,5.026274391075962,2.210708586777138,1.6838067585032994,1.573314477212881,1.9308214657168672,1.6174280451513827,3.2173771510756017,2.4896945183320076,1.3957441839466151
2014-11-23 11:00:00,DEHM_noBD,2.2140777545423806,3.9278304787155474,4.8233950908291545,2.1463411138170585,1.645857655765072,1.561727327263652,1.8079242827278934,1.943111782308966,3.4228306088436398,2.3215262936944123,1.3133427447196282
2014-11-23 12:00:00,DEHM_noBD,2.5546604217600635,3.591504492827137,4.875349666328297,2.0462365233542448,1.6642433042042353,1.506094917972665,1.6665301262380519,2.0834409985528333,3.135998310657889,2.18875589660994,1.2013119500310345
2014-11-23 13:00:00,DEHM_noBD,2.7725999604082476,4.122722617479391,5.359650140470629,1.9805191625171523,1.6946284226345876,1.4727671307349866,1.7192752009637635,1.9211391676324236,2.7457626381600653,2.1135618160282474,1.0995151839865744
2014-11-23 14:00:00,DEHM_noBD,2.9160894369010486,5.096185834017259,5.241363740584527,1.9312493680007807,1.7229143892453367,1.4336128846962013,1.7992777777223377,1.61518054893326,2.5431526237991453,2.24200253150729,1.0247404714167305
2014-11-23 15:00:00,DEHM_noBD,3.5766453169779995,5.269870346281173,4.898196400082007,2.0727565429729475,1.8054123630538597,1.493209912346471,1.9839194955009187,1.1355660715131461,2.469472087197751,2.3296419198728247,0.9717677031822503
2014-11-23 16:00:00,DEHM_noBD,3.86161599426792,4.94396750981107,4.400067418154148,2.083461841382592,1.9231241293346195,1.6125280069225147,2.1153173938916248,0.8075981261274776,2.306039895894527,2.796289116701216,0.9365195756245404
2014-11-23 17:00:00,DEHM_noBD,3.9653925403916794,4.545708034671533,3.913862069150592,2.037756092938447,2.077261033833821,1.8027732022766567,2.321650959742113,0.6503644399685226,2.150136213480234,3.4135883998603376,0.9039092239120602
2014-11-23 18:00:00,DEHM_noBD,4.039780522488369,4.4535804679098145,3.7624113693946066,2.0719218505369166,2.0980316451052228,2.0986627292281734,2.4730826104154873,0.5099783658751285,2.1920933107334375,3.595670170267294,0.862377464537099
2014-11-23 19:00:00,DEHM_noBD,4.197795588964421,4.492423082194574,3.732022422075294,2.1758926075487857,1.5676127088647405,2.3526900567651365,2.416848427402586,0.3573575700234901,2.4517497100317476,3.5955039906676856,0.8368766912014782
2014-11-23 20:00:00,DEHM_noBD,4.3240231485405145,4.422226972958087,3.595733982042726,2.367833189732818,0.5664248527319635,2.3082508843198792,2.6441254783319597,0.24644479545549944,2.846477009179294,3.5722762152928302,0.8401843717885762
2014-11-23 21:00:00,DEHM_noBD,4.421045080562364,4.659343962912779,2.730877871231893,2.459650310725982,0.12581511649810684,1.7006287740616395,2.9730434419427914,0.1945429942301055,3.312283182525337,3.4856129377346856,0.8738581341978907
2014-11-23 22:00:00,DEHM_noBD,4.757988603670452,4.870210460223496,1.9082421670703358,2.6688426569868127,0.06002560761235177,0.725082248493157,2.911019815355624,0.1375573216899577,3.575008581531197,3.5926680573167276,0.925584210326895
2014-11-23 23:00:00,DEHM_noBD,5.063702523158337,4.661642754793306,1.1583632916246902,2.8108661726357385,0.06769106925854906,0.14463437468188345,1.6672269680853258,0.06282458162133567,3.7212070654539766,3.7166911713398254,1.0090395076774432
2014-11-24 00:00:00,DEHM_noBD,5.0791307854912855,3.707277489817352,0.5577802890367455,1.9600097083980976,0.05905237761880264,0.05884366700587253,0.4402768752898107,0.023489474113974555,3.8985630146547408,3.6635669008742275,1.1355375541494972
2014-11-24 01:00:00,DEHM_noBD,5.029158142058426,2.4890425380931003,0.20775929741565122,0.8124465395896178,0.07922614816469598,0.07133736880577626,0.1166201130448895,0.028536762279951826,4.180041749078147,3.782498778680787,1.3973941218139418
2014-11-24 02:00:00,DEHM_noBD,4.7147371137530545,1.454536738502177,0.05060237305059315,0.25087722375787674,0.14175391081606722,0.17606715143952098,0.09051779477809457,0.05514127996721285,4.032608013493046,3.9438709871236233,1.8706633943455855
2014-11-24 03:00:00,DEHM_noBD,4.18519120569678,0.6689136538563681,0.02181063080431617,0.12676784542192188,0.21292537747248524,0.3357123762369957,0.09376189797481337,0.07092504801301734,3.283272260029167,3.8291978919155896,2.36380187844554
2014-11-24 04:00:00,DEHM_noBD,3.827759796453165,0.2356375282975096,0.029243857340048585,0.1461917126620509,0.25346683583623253,0.43930410708480283,0.16761266124509533,0.033059393697380826,2.3337848024233057,3.5202193481841872,2.50331595355276
2014-11-24 05:00:00,DEHM_noBD,3.017756506767925,0.08720252764184531,0.03442759855511276,0.3058875182959557,0.3372997432359214,0.4914585953605586,0.3463750154760057,0.030756810409566265,1.8583600270287786,3.939905070411517,2.2509576390451937
2014-11-24 06:00:00,DEHM_noBD,1.5847196614544836,0.06651290942304577,0.03723038965602865,0.6234301089178589,0.3654951175073208,0.5226343967139238,0.4724424292047161,0.03353339588345949,1.35584462329695,3.9028486270635248,1.9791234722855684
2014-11-24 07:00:00,DEHM_noBD,0.20699938864115153,0.08357691956188987,0.04482837968184136,0.7710893941325034,0.4166019994647684,0.6231334774544259,0.5578551761105222,0.033844220697381286,0.815692016905085,3.5760465215529127,1.8129403088870646
2014-11-24 08:00:00,DEHM_noBD,0.03345296575713423,0.0641742744180291,0.09486156555101206,0.6559036784068106,0.49150037210293795,0.6593015977093227,0.5856059223953343,0.030740915159610818,0.34492147099035786,2.2207231966396748,1.7143791901302339
2014-11-24 09:00:00,DEHM_noBD,0.03524203694220614,0.05307148621140568,0.18276817856282454,0.5762527123198804,0.5242359312363015,0.6605895134506117,0.5707115273264521,0.028621206019716263,0.11869342591192325,0.617395304643237,1.677685138024986
2014-11-24 10:00:00,DEHM_noBD,0.052509297162384935,0.11764319259173697,0.15577899252658234,0.5662830689617531,0.48584717665507454,0.6750234965327346,0.5406434987308386,0.028535068374979062,0.06087497345846141,0.07926267347394103,1.6275031598196923
2014-11-24 11:00:00,DEHM_noBD,0.05709457774376944,0.16565209248344856,0.10809403417472947,0.5714096670928994,0.421840915001803,0.6581880380308244,0.5692922542702143,0.029788747842782095,0.05458919125074965,0.06071398561105784,1.5042790900895744
2014-11-24 12:00:00,DEHM_noBD,0.0734473423501615,0.14333350556942503,0.07542297496677136,0.5855450050818803,0.3960273200734472,0.6324708884339115,0.5967799359041632,0.0343280332136246,0.059570372592676266,0.0884274185416162,1.2634831925976275
2014-11-24 13:00:00,DEHM_noBD,0.11765567125976764,0.098712407899252,0.057890346911302126,0.6169200423605381,0.3962295214661908,0.6124751759526661,0.6251951686704984,0.0358805233472131,0.06709368505848554,0.09427216310705346,0.9686560146254115
2014-11-24 14:00:00,DEHM_noBD,0.15361849134782313,0.0744754789197176,0.03848934595790306,0.6919013737453394,0.4146881968823213,0.6198503458423597,0.6707694596279643,0.03585986007803454,0.08461692912946447,0.12136413675013222,0.6975985651718917
2014-11-24 15:00:00,DEHM_noBD,0.1281271733096054,0.06306984556684904,0.03736610843173445,0.8583827803936634,0.460997327150353,0.6589585348397583,0.7590906834024779,0.03562259078596356,0.08959545999735115,0.18265076128046137,0.4660174840130098
2014-11-24 16:00:00,DEHM_noBD,0.0962546816289493,0.04281882367191769,0.05657287336361185,1.0577644817585963,0.5285546183728844,0.8183039620737884,0.9145779497159294,0.037310618154122316,0.07763471835021851,0.20194789977051592,0.30658424151814545
2014-11-24 17:00:00,DEHM_noBD,0.06744698483905273,0.04605400600384442,0.04988529243949584,1.2999845083312382,0.5925191797454841,1.0396857338336538,1.1240200119977213,0.03785816649001535,0.06960550432400767,0.1647785244880644,0.23493435605601276
2014-11-24 18:00:00,DEHM_noBD,0.05135382495161606,0.09209745483150467,0.04386018357216781,1.582083836487958,0.6386334960810304,1.2808883798008506,1.3890472214953635,0.037810888000871,0.06371013177825119,0.12089390022413088,0.22116844729059193
2014-11-24 19:00:00,DEHM_noBD,0.04648808132982561,0.16269836963529916,0.039740886290750684,1.8719038193288713,0.665313394213768,1.4529591423399046,1.5935095355110767,0.03809303139735702,0.0534807611915654,0.10362718886354455,0.23029804047738128
2014-11-24 20:00:00,DEHM_noBD,0.051887089484139406,0.15031187163037465,0.04465692516183464,2.131990541945536,0.7045634671547251,1.578368702739731,1.7154992077372992,0.0384444039731052,0.04313104872072566,0.0878875499919661,0.22455537761069647
2014-11-24 21:00:00,DEHM_noBD,0.07266857453568586,0.11900271635260877,0.047686408359501414,2.4407397665642865,0.7651968934007152,1.7546600978206959,1.8369159327530105,0.03784856429500259,0.03804909491944935,0.08959095779531626,0.1955206670047348
2014-11-24 22:00:00,DEHM_noBD,0.08759684383352496,0.11478189322869745,0.05355510151359476,2.718693289143685,0.8330036863387005,1.9621903027267638,1.913140895116988,0.03763928805033206,0.035119973412369596,0.13700091962748656,0.16827846648476513
2014-11-24 23:00:00,DEHM_noBD,0.10066017662306298,0.10880431328712012,0.057690797101536156,2.88433276053608,0.9382403937029186,2.163936021941352,1.9911657215584313,0.037872011382623236,0.027374774296769388,0.15959267194779433,0.16413980806471853
2014-11-25 00:00:00,DEHM_noBD,0.08718034813509767,0.10533735744341258,0.062438826323244614,2.974222684485825,1.0862980593756912,2.3430074613817466,2.071815890319912,0.037913776874891295,0.024128731846857546,0.13710162018277786,0.18174112705243742
2014-11-25 01:00:00,DEHM_noBD,0.07464429918120596,0.10752956503265054,0.06716622645005113,3.0225484826292104,1.2682022169199352,2.4853300676191643,2.174719321952155,0.037942618376374956,0.022760134409427417,0.11477290591176587,0.21427576568550127
2014-11-25 02:00:00,DEHM_noBD,0.06967617465667408,0.10764357979114385,0.0712900040265835,3.0242884037441313,1.4716388312940532,2.5974583894017607,2.3005266714441026,0.03918371177744215,0.023746728069884065,0.10188994786194405,0.24240993260869192
2014-11-25 03:00:00,DEHM_noBD,0.0696543361203184,0.10784802002186286,0.0764422497667126,3.0881882193954313,1.7072769926376732,2.7045841738278735,2.4404875235885837,0.04276094428336359,0.027351285434655353,0.10410916988020284,0.27100880301166697
2014-11-25 04:00:00,DEHM_noBD,0.06891405756804145,0.11305914634034486,0.08789799658502434,3.2225821924807656,1.9635227690042043,2.7790193716141607,2.571626783201438,0.04803286819745829,0.03410263512294157,0.10673785828477458,0.3046283982639142
2014-11-25 05:00:00,DEHM_noBD,0.07126809157541003,0.11702945498203615,0.10611412200667414,3.360302265438842,2.1734509840325313,2.800934615650116,2.636049684477757,0.053726300373767584,0.04136992408316885,0.11248466727651873,0.31746063434660543
2014-11-25 06:00:00,DEHM_noBD,0.07991579780247046,0.11759214354075014,0.10516779931959688,3.4665034764317775,2.287560546905156,2.8363076477483964,2.8060464779195273,0.05865497580494371,0.051297402594344184,0.12027285123508649,0.30427371882961696
2014-11-25 07:00:00,DEHM_noBD,0.0928664693419821,0.12381203368730137,0.10974091684447598,3.392121029579763,2.320582026003236,2.8741825508163372,3.0584355364972815,0.06346435587014533,0.07124182501720575,0.128817980212653,0.2678944300740378
2014-11-25 08:00:00,DEHM_noBD,0.10715072401916587,0.15268723525353461,0.16984160779321555,3.216052443795803,2.2674706980955834,2.810843477559113,3.1188660759707405,0.06892427279865888,0.09156519841101254,0.13537496457702933,0.2160419032579295
2014-11-25 09:00:00,DEHM_noBD,0.10980496648063864,0.17593754074509238,0.21540500129017964,3.0164645247407984,2.1466085322772224,2.720439970819378,2.9752836629838657,0.07405846894373562,0.08476235359710893,0.15474929230264836,0.15981120334813123
2014-11-25 10:00:00,DEHM_noBD,0.1082224052361119,0.18941321393444893,0.2008098428530431,2.907257959917323,2.0741701396856316,2.6522185286122215,2.8317493136315077,0.08306158764008824,0.0757992515055457,0.17779565920907298,0.12987201723337402
2014-11-25 11:00:00,DEHM_noBD,0.11060277877368957,0.20330194119643177,0.18486135467361403,2.728638689131974,2.035447380741709,2.597538323809062,2.6499068077420596,0.09213889573286972,0.08228339201065923,0.19269185105526693,0.10302897385639864
2014-11-25 12:00:00,DEHM_noBD,0.11070339481668531,0.21655021414581727,0.21860616804454464,2.4539771371082564,2.086082487985517,2.5129216416491538,2.412417972852377,0.10270453555653794,0.10011335342745414,0.20592226261622953,0.08161153280545563
2014-11-25 13:00:00,DEHM_noBD,0.11132151403464828,0.23413994791787693,0.2750187037759856,2.135487311734437,2.1009212078031223,2.371072772921927,2.2087820764230868,0.12096732388160188,0.12738817549119877,0.22973077101655293,0.07013483318697922
2014-11-25 14:00:00,DEHM_noBD,0.12412969261435772,0.26266575599594605,0.3098995698595744,1.8287982340902689,2.089401242634732,2.2554194390314555,2.0192602895262968,0.1503174947659391,0.14736621539582015,0.24817482381207398,0.06663989899792988
2014-11-25 15:00:00,DEHM_noBD,0.14484362747057322,0.314930657269646,0.3996355397766641,1.6490331461816239,1.9989132813031736,2.1590814543219916,1.733497190193277,0.178287638497157,0.1720604078368282,0.2736100162623075,0.07024517957906432
2014-11-25 16:00:00,DEHM_noBD,0.15062834878333362,0.37814804664649293,0.5021776270813167,1.6594199550583133,1.7977733115043004,2.09264084140291,1.768916438210968,0.1728048663518763,0.1850748061864076,0.3184363266442419,0.08020698374110902
2014-11-25 17:00:00,DEHM_noBD,0.17500975981227113,0.5074901957267475,0.583471984096393,1.6253695090420568,1.9752221387512017,2.0300633292960772,1.9182551298794523,0.14750349432757115,0.20254172683831295,0.37521497188758446,0.09288284594277085
2014-11-25 18:00:00,DEHM_noBD,0.21914190019283897,0.6892696062708157,0.6598545740076899,1.5317361902680922,2.1508637513962134,2.1032733035249214,1.9557220748009196,0.13640443310627226,0.2271871935613451,0.44863197721253345,0.10435265020355905
2014-11-25 19:00:00,DEHM_noBD,0.23022177090093948,0.811979309213343,0.721780606647427,1.6000356110977658,2.3386942523471697,2.149329735505425,1.9970242566849863,0.12824481228464266,0.26785811050515607,0.5401908310019073,0.11239355369800777
2014-11-25 20:00:00,DEHM_noBD,0.22032425804911165,0.9173617868159618,0.7555646944604486,1.6929329170631104,2.386386737695613,2.191355673731917,2.0327272744042237,0.1104793642941419,0.31542431944236154,0.6079585797987684,0.11811721573652821
2014-11-25 21:00:00,DEHM_noBD,0.2360578680777805,0.9713303559454483,0.7721620873406063,1.8425239666441917,2.4038818888716214,2.3016004458052803,2.163834837958126,0.09310859094982486,0.35358322491623445,0.6379471408521418,0.12204549634029216
2014-11-25 22:00:00,DEHM_noBD,0.27160999947093645,1.0127507525030337,0.7829840343934809,2.0185988209095456,2.5077147317999415,2.4632753986061364,2.358992025023459,0.07569909059045118,0.4013192365131899,0.6645202726335846,0.12454551255691948
2014-11-25 23:00:00,DEHM_noBD,0.3265251726039311,1.0601202550640423,0.7950355119895934,2.1888750507136083,2.6989018732446945,2.606296181662339,2.5610109735420297,0.06464814216802696,0.48670920938663176,0.6871984805423766,0.1247665394561302
2014-11-26 00:00:00,DEHM_noBD,0.38058798544750544,1.0828955476221442,0.8074838434633682,2.305562857824513,2.8710468825407514,2.746788236987544,2.730126902292792,0.06244407420626716,0.6039148893932997,0.7465862251282226,0.12316382938880147
2014-11-26 01:00:00,DEHM_noBD,0.44988481141283165,1.091654410205623,0.8112125862952227,2.4067758391323917,3.0295950222510464,2.883272537414683,2.8699344616509785,0.0677640923779655,0.708190915385708,0.9170483623234018,0.1227896606887666
2014-11-26 02:00:00,DEHM_noBD,0.48149637764230363,1.0425672998770605,0.8010285914153883,2.5272459100999916,3.1740765750224287,3.019413479013098,2.9483861950100794,0.07890478853457712,0.7708518116808682,1.165606955165933,0.12449659707300495
2014-11-26 03:00:00,DEHM_noBD,0.4911067000575362,0.9722219194287712,0.7746563710944587,2.5883474719738144,3.3030873582875495,3.1312033646765745,3.0912868823922564,0.0856165800717105,0.8111178160556405,1.3767456028055214,0.12679174681490965
2014-11-26 04:00:00,DEHM_noBD,0.49640898818308477,0.9577684601761959,0.7433493719373853,2.5919200019784694,3.405329170584558,3.1775053814481318,3.12644406027368,0.0885523424691846,0.8477440802040695,1.5129620003089774,0.1280745698630103
2014-11-26 05:00:00,DEHM_noBD,0.5403615501622483,1.1127337224804796,0.6229800721778045,2.557194869143067,3.428007911284128,3.174463413662345,2.98422303353496,0.11485680131835971,0.8830187905161827,1.602565617119302,0.12800139854287418
2014-11-26 06:00:00,DEHM_noBD,0.624368990321271,1.340454638017751,0.5873062252844357,2.517822692004021,3.393015477544621,3.1253840653993423,2.7478658926619732,0.1501961974604904,0.9229119763170182,1.6540880785248522,0.12840009394479146
2014-11-26 07:00:00,DEHM_noBD,0.7181325859248451,1.3406616231188175,0.7721578343864135,2.498038367336446,3.296811072386373,3.099664648822455,2.607088788367349,0.16651746767499587,0.9719580634298175,1.6430247502377535,0.12946689217325785
2014-11-26 08:00:00,DEHM_noBD,0.7929898797018639,1.2119245011774917,0.9373128896594058,2.5707973777692383,3.163332331074912,3.0600266439149992,2.552756589082667,0.18042713380745806,1.0144758035660908,1.531919924520417,0.12702515913858708
2014-11-26 09:00:00,DEHM_noBD,0.8649484333308041,1.030204057018552,1.0832621491184946,2.667622295315666,3.036737217023426,3.0249572193146994,2.5400537707942057,0.20290776547634665,1.011660111328438,1.3585639512893972,0.1161034683626993
2014-11-26 10:00:00,DEHM_noBD,0.9405337637438624,0.8929918322126938,1.134033912700871,2.7116055654712388,2.996977489539266,3.000694720981823,2.600214538854627,0.21882347267141722,0.9584340129792877,1.174702936385448,0.1044392457717354
2014-11-26 11:00:00,DEHM_noBD,0.9336952488244326,0.8712783122644385,1.1109247969037386,2.75336289199006,2.9945398650357933,3.0010915330866106,2.6872644617263886,0.21414587535369062,0.900338513238877,1.0012630664501183,0.1020396850628757
2014-11-26 12:00:00,DEHM_noBD,0.9827406742680072,0.9607624643303733,1.0130269553574174,2.784024084489122,3.020772261873929,3.024944572308152,2.751920929360896,0.21458734248075367,0.8289774986298288,0.896357834443721,0.10236566344678791
2014-11-26 13:00:00,DEHM_noBD,1.1159112670083715,1.0458718900739772,1.1892561069990322,2.7855863360603585,3.0569097770836517,3.0322522559552287,2.8288934993930304,0.21137501469246434,0.8211771996831194,0.8261303481610538,0.10281043354464442
2014-11-26 14:00:00,DEHM_noBD,1.2134648939192387,1.0177949680908769,1.4772185681507413,2.8032251910820465,3.090231069879793,3.052031862928655,2.88846569650265,0.2029976588872872,0.8746465586100658,0.7663856560654823,0.10623140037837017
2014-11-26 15:00:00,DEHM_noBD,1.3297112534497306,0.982687510174499,1.609079365707887,2.8358690123484864,3.1543435894815866,3.1687855458021352,2.9628648425124045,0.19993667841697627,0.902812991912125,0.7671200865134072,0.11444792732932241
2014-11-26 16:00:00,DEHM_noBD,1.4865566563116386,1.1270378438037447,1.5170411067469558,2.8129691546711446,3.28208688117548,3.290274272899847,3.003839586390159,0.2031622468027071,0.892965482947994,0.801487525135997,0.12436432981400744
2014-11-26 17:00:00,DEHM_noBD,1.6448377539966044,1.3344689233211429,1.4991137295911179,2.9096666005016827,3.456095052644497,3.4604124098186686,3.016764597022061,0.2212555028339585,0.8876772907794825,0.9032425739032605,0.14081608379372262
2014-11-26 18:00:00,DEHM_noBD,1.7703751626431614,1.5600342641950304,1.6673882431757217,3.006617370055394,3.6970541975227187,3.663383727668487,3.162985319215595,0.25261488601946247,0.878548078523688,1.0050970698195003,0.15945927528505208
2014-11-26 19:00:00,DEHM_noBD,1.8203635888636966,1.7272033922687733,1.736704304253403,3.0560502467009263,3.9091020217052916,3.8117183498123333,3.4531509493039545,0.29793688008882335,0.8438494868639855,1.1073760442301712,0.1751623879649814
2014-11-26 20:00:00,DEHM_noBD,1.8509467234447,1.9012870929794479,1.7138667900032178,3.097528501574007,4.002688380837838,3.770497630416551,3.578633605301142,0.34499838831820484,0.7914301494112307,1.1793508280212914,0.18998746644698544
2014-11-26 21:00:00,DEHM_noBD,1.9960511882857117,2.1345499201795364,1.605177997645419,3.111114506868163,3.817426609825351,3.6129263194830497,3.6083330187491214,0.39454258688956256,0.7644195610611908,1.3469138606075,0.2092678485341509
2014-11-26 22:00:00,DEHM_noBD,1.960995880505154,2.296708294391027,1.5207771267148387,3.10598191667784,3.5356006889161735,3.4358456547828142,3.604946706633912,0.45210561066456534,0.7432745801351917,1.3633598237387998,0.23162033086777184
2014-11-26 23:00:00,DEHM_noBD,1.8620573771113296,2.2254693589966,1.4700757719973938,3.1183891972544715,3.3390827986286755,3.2591785150072647,3.573400270758948,0.5094039213307736,0.7144445475386967,1.0608120736206033,0.25303199302158763
2014-11-27 00:00:00,DEHM_noBD,1.684130331668621,2.1263720401800423,1.5781216632981598,3.119948954085184,3.1999235214211836,3.1317121887600474,3.5604261294687047,0.5495906467949563,0.6632307212561904,0.9958007180250669,0.2736146387646997
2014-11-27 01:00:00,DEHM_noBD,1.3754519653237982,2.123112751611192,1.726307040002765,3.1003522971119017,3.0471779092801605,3.0642404591294086,3.5558618885535767,0.5729295234417844,0.6089733369578415,0.9886499962313304,0.2937244435222259
2014-11-27 02:00:00,DEHM_noBD,1.2604227200279385,2.1874323742239365,1.7939929487039241,3.0737289263069116,2.9399710267241757,3.0561264917108306,3.5324239741899848,0.5667444168749358,0.5437628897079062,0.97765846109929,0.3194481193703691
2014-11-27 03:00:00,DEHM_noBD,1.0374989890769497,2.174160190814808,1.917074738079663,3.034364459850114,2.960473336311593,3.087323772560835,3.5242337346124772,0.5392960584245715,0.4980510643810746,0.9780542725158896,0.3465791142250131
2014-11-27 04:00:00,DEHM_noBD,0.9785279463052935,2.1707863571130486,2.11865312174974,3.0169905759379065,3.0506781889355423,3.1174491447397026,3.4818902183553098,0.5185762872060177,0.5060155487871612,0.8548939632221193,0.3768910389320924
2014-11-27 05:00:00,DEHM_noBD,1.1229546417340637,2.0065995922612396,2.4309923669404627,3.1051105518974156,3.1554954808063784,3.145786385947888,3.425886154185989,0.49928138438246195,0.5132699026850231,0.7493242991784169,0.4142513049573451
2014-11-27 06:00:00,DEHM_noBD,1.2896553947788103,1.6890553354362399,2.7014952942273958,3.2227390795066793,3.176692456660025,3.1481413006904386,3.4251265871434673,0.48266434759311144,0.4904598589307978,0.8253817664316272,0.45744147224228815
2014-11-27 07:00:00,DEHM_noBD,1.410779120378159,1.5611793460967391,2.9818003343878603,3.32705055985684,3.1572146518054462,3.139486829834704,3.488789736161963,0.45105180561900593,0.4676122322986021,1.0936811567870852,0.5093462565023079
2014-11-27 08:00:00,DEHM_noBD,1.7577678490693867,1.5813378982159496,3.22959671139881,3.3500308311041054,3.089064605262716,3.105173426172551,3.5414218448458197,0.4181232104785228,0.4565695329381231,1.3056968060436565,0.5565887384554276
2014-11-27 09:00:00,DEHM_noBD,2.437420720605254,1.7060124474068732,3.324275418598875,3.178888994371734,2.888960650395058,2.9628849067813796,3.447121691398986,0.3823821849142619,0.4514808682862715,1.4595922523561027,0.5742889789058825
2014-11-27 10:00:00,DEHM_noBD,2.904039724768772,2.119766085423678,3.2192665329099075,3.136082050842287,2.66147538494502,2.862636252438037,3.3148102684326135,0.35542872984461,0.4474748300069897,1.6214182339535284,0.5673099542910907
2014-11-27 11:00:00,DEHM_noBD,3.159268162368536,2.3634214704206586,3.164719019398615,3.158401783618291,2.638593024335444,2.797112003942482,3.2302306970106076,0.3423124432369228,0.4095343190098133,1.653846852938924,0.5682028748556457
2014-11-27 12:00:00,DEHM_noBD,3.5026719669252633,2.347417085914314,3.225932567839399,3.113783252765838,2.691436440063881,2.7977477778424986,3.248815488156311,0.34109164232276357,0.38310091496278065,1.5849099727189215,0.5756017737966308
2014-11-27 13:00:00,DEHM_noBD,3.8568255976594985,2.238654174314439,3.246649410270676,2.961900839034687,2.7344694851493037,2.7729213184930814,3.2570974630182534,0.3389493941428837,0.3924142522011098,1.6820111530584794,0.5866574357579228
2014-11-27 14:00:00,DEHM_noBD,4.026721369402706,2.360624297465086,3.018026865061596,2.8496972006670966,2.853384763038367,2.7429046402468047,3.1292993899839154,0.3490143137615219,0.36420936573558893,1.913162760871947,0.6054915362787431
2014-11-27 15:00:00,DEHM_noBD,3.7687426373939217,2.5246229582619666,2.700189131424576,2.8207200446387244,2.884921296183171,2.888968357537981,2.9097262962783836,0.36411024399303815,0.32934739811267255,2.1167274780393766,0.6103320278199669
2014-11-27 16:00:00,DEHM_noBD,3.5635355105725672,2.5007116552430393,2.629377276658416,2.834894111589337,2.9361888877157774,3.0834424564735556,2.8833095047436004,0.3663567292394069,0.3128785019194224,2.377694080437496,0.6142756006306596
2014-11-27 17:00:00,DEHM_noBD,3.493369864450134,2.500908768603802,2.554274120294899,2.9302146644092875,3.1502360175540947,3.2360302888013326,3.0510643822290886,0.35787510222933244,0.31079183232982777,2.590577289096527,0.6135057540283282
2014-11-27 18:00:00,DEHM_noBD,3.468668710639961,2.4261593534213306,2.4950350082847477,2.948047572410843,3.3632746440914225,3.34143734409379,3.265257047024327,0.3585795741483382,0.31034890097740875,2.633990316296965,0.6128672983025014
2014-11-27 19:00:00,DEHM_noBD,3.245373992303945,2.3587818877941373,2.440303758122027,2.9435417224569003,3.514800912980628,3.3952821598450442,3.4046961001723988,0.3868144189842045,0.3282685644186782,2.6874364035081486,0.6118955056652147
2014-11-27 20:00:00,DEHM_noBD,3.0293932435147095,2.2964311420440673,2.367348270703554,2.964154986451042,3.608944375758008,3.276462028204837,3.4430300989360156,0.42065816369259723,0.42540251286683184,2.4266855016871913,0.6060079586835856
2014-11-27 21:00:00,DEHM_noBD,2.804304813368507,2.167115719474554,2.1991055287367103,3.0435811646841193,3.549948627340385,3.0506605807905895,3.423978378441087,0.45019287049219936,0.5925476388877298,1.9734708489461616,0.5973961287500895
2014-11-27 22:00:00,DEHM_noBD,2.4800268965891004,2.031463896138668,2.1371041266632083,3.0908254660280416,3.315547132189348,2.889894377657386,3.406321160824434,0.4856697536149341,0.5768864713221368,1.5871000673022866,0.5851974807022651
2014-11-27 23:00:00,DEHM_noBD,2.026151484832987,2.1490640088790656,2.1283202390509843,3.081918694525354,3.103015967863606,2.8352718692065197,3.4230656781235105,0.5143543516748863,0.5003671824062057,1.2986435274745523,0.5687533102275151
2014-11-28 00:00:00,DEHM_noBD,1.5550871509822457,2.5997038487380744,2.334048873340487,3.1331937287224036,3.007769172525988,2.8527097361279967,3.4596039910324357,0.5227288788842037,0.4609604032253566,1.3388258607934043,0.5551660106301003
2014-11-28 01:00:00,DEHM_noBD,1.3235932582062855,2.785020875568688,2.7012568634068965,3.2834666485587913,2.9857193378786073,2.8769726922268166,3.5203390007641224,0.5377456450255215,0.459866505690962,1.6488075595515221,0.5556843620002547
2014-11-28 02:00:00,DEHM_noBD,1.4055184769569338,2.3099637943325937,3.016201041858494,3.524255976749412,2.9699355833299155,2.8918896627709865,3.668305896378363,0.5627285370944067,0.4447904698937013,1.9192764792909847,0.5623548177693878
2014-11-28 03:00:00,DEHM_noBD,1.596440943428278,1.802783931241147,2.9932819637589905,3.801837629311109,2.8777404185288797,3.015536994833572,3.931670532581256,0.5594351268567144,0.40678034693084636,1.9998670076574014,0.572833576761363
2014-11-28 04:00:00,DEHM_noBD,1.8057756945983692,1.6739386749159917,2.808230169632882,4.007656308328464,2.8429181380633914,3.2067522825749175,4.203613972351626,0.5734161456531286,0.39218807307880366,2.1792760693772326,0.5930381219336482
2014-11-28 05:00:00,DEHM_noBD,2.2801373628602923,1.7330834921577574,2.695981918982975,4.093268610490561,3.054081478930567,3.5194060947836596,4.419973926889238,0.601958510236144,0.4416288692191801,2.242253244666327,0.6272125174035876
2014-11-28 06:00:00,DEHM_noBD,2.737476191938156,1.8178297016087361,2.750389469017759,4.204095024429897,3.361948958059482,3.97026411321086,4.5477903416450465,0.5975557173744589,0.5265206289159692,2.0124381978040873,0.6946020831410307
2014-11-28 07:00:00,DEHM_noBD,2.6174313404124927,1.9740520525928402,2.604843426850587,4.331406136059172,3.807383324016715,4.196797764687957,4.663666888280999,0.5412467572646587,0.6290272916143387,1.9082763169329557,0.7863106479440023
2014-11-28 08:00:00,DEHM_noBD,2.2961630328320246,2.202119683908373,2.0404655941581353,4.225815015678699,4.02526162840229,4.055710700064552,4.384527450363552,0.47349529884919517,0.7016794884731993,1.9331300166229943,0.8541602234689006
2014-11-28 09:00:00,DEHM_noBD,2.1600112145624593,2.4377182856963295,1.7154234850485253,3.944652370288577,3.8646070951101903,3.798276453319325,4.179650164097236,0.4119801419135927,0.7482638084491342,2.5858094012545143,0.8629320633369124
2014-11-28 10:00:00,DEHM_noBD,2.1884607087885493,2.4990958529213816,1.6340540817019344,3.528448680888105,3.5713829037521143,3.4600603197735103,3.854996412656873,0.37204583210013786,0.8862724079501443,2.734758221389395,0.8934391390418539
2014-11-28 11:00:00,DEHM_noBD,2.1483623102543783,2.090907830570494,1.8607835296769812,2.9639089111857664,3.214232654704145,3.606467914504237,3.298925094680704,0.33363994671352193,1.0877057308605127,2.618210954765221,0.940425186751373
2014-11-28 12:00:00,DEHM_noBD,2.237423217150494,1.6280869095190103,2.2107147157696634,2.439143959978588,3.2972641376674248,3.4859739205894757,2.8439589767670905,0.3682799107794462,1.1897540804724769,2.4581437919370366,1.0073083305128663
2014-11-28 13:00:00,DEHM_noBD,2.3616404251852448,1.5952545706123067,2.2822131764537423,2.1217832119662576,3.456353482424211,3.014398279765703,2.5536668779940372,0.5009388451471923,1.2206413751736749,2.5638066605551844,1.1021140588731317
2014-11-28 14:00:00,DEHM_noBD,2.4989028060924072,1.7617126266959242,2.2301058585338085,1.8890458745051562,3.03750471136543,2.643428793877293,2.3218301529671668,0.6018822216524182,1.2855865693785065,2.636935132897161,1.2213991050446313
2014-11-28 15:00:00,DEHM_noBD,2.483584377329741,2.0318343089384667,2.0397185347390083,1.7272410283288429,2.6669351993118693,2.486531680250946,2.168047065419251,0.6388574146914481,1.352011095522819,2.56853881789662,1.3686052911750322
2014-11-28 16:00:00,DEHM_noBD,2.5666494368907813,2.067127645422203,1.9989193673275878,1.8152423116932934,2.5364923336086855,2.332268100818605,2.2136892446994376,0.6695783329284934,1.347040774593372,2.4662763463519513,1.514707717178394
2014-11-28 17:00:00,DEHM_noBD,2.6933973116842655,2.111245103454846,1.9050965682764165,2.204102488923542,2.5365641960540306,2.2748428896684922,2.529382061378588,0.7345641346656158,1.2894684896541573,2.505917861181982,1.6668718642999325
2014-11-28 18:00:00,DEHM_noBD,2.6837057370615005,2.119939345622705,1.9727577940367906,2.489025508284133,2.6452248684881132,2.536340293957944,2.8195197161269583,0.8387947526409476,1.260528081600722,2.5128711713624092,1.808786296370183
2014-11-28 19:00:00,DEHM_noBD,2.6156600031915307,2.2863668584121672,2.314491341391765,2.645250945791158,2.901635872139709,2.8940047798783946,2.8594433649339734,0.9758430270801297,1.3530924098814836,2.6003911413518344,1.9471226737152274
2014-11-28 20:00:00,DEHM_noBD,2.734316278092116,2.5065954741908145,2.5684777604082227,2.690281573656887,3.10638062519392,3.0169133835438107,2.930605529300545,1.1205419190334527,1.5698266940116883,2.7040517985341883,2.1206995528870727
2014-11-28 21:00:00,DEHM_noBD,2.9779158851467074,2.636486049488895,2.8138351033562423,2.58424932765048,3.19983599894156,3.1124886020583475,2.990364486183033,1.2229321068223937,1.7799158894894642,2.8712182341582144,2.216248030703366
2014-11-28 22:00:00,DEHM_noBD,3.3800865808703007,2.686522972733751,2.9733873160350326,2.62647308070791,3.263229091417263,3.168076210175931,3.0374840906587597,1.2745899071654119,1.8910530911224244,3.103096239588708,2.2653464819209277
2014-11-28 23:00:00,DEHM_noBD,3.5986387729578935,2.813620516791455,2.8797365892988442,2.6521421636498514,3.3198571047646017,3.1795927938082906,3.074592441151383,1.296178438183777,1.9143930132173281,3.1512730385984478,2.2888788833446987
2014-11-29 00:00:00,DEHM_noBD,3.4980460748332183,3.0760304889855674,2.8565204465715586,2.7159896887573813,3.351997485233217,3.2045120819391664,3.1659842970808154,1.2437398136150837,1.9190188072481846,3.1388530096218736,2.291522024896536
2014-11-29 01:00:00,DEHM_noBD,3.339612714634413,3.2221573662005034,2.7983009614513255,2.7318906301450756,3.3866682108599133,3.2459204402712842,3.2451279847701873,1.1729313467279077,1.8988735118486268,3.114788141401929,2.2794046484216675
2014-11-29 02:00:00,DEHM_noBD,3.1842022777255563,3.1706366037915483,2.688383799750781,2.737780793745773,3.4512828693738555,3.293227148962714,3.267559576040522,1.1179564669742437,1.8792731270831264,3.0712421403310746,2.244234808815457
2014-11-29 03:00:00,DEHM_noBD,3.1134786761558173,3.108845133163855,2.638036709822982,2.708537875341814,3.4955861407924655,3.2978295675554268,3.2263172981637753,1.1240479921348392,1.8513013136105658,2.996239051721611,2.1953315842624384
2014-11-29 04:00:00,DEHM_noBD,3.2565635208868473,2.9679683155492427,2.6247172406928803,2.6443862384650814,3.4961558961428096,3.266628244875013,3.14213719553626,1.150498374031484,1.9011835686192218,2.9953706000852107,2.131563695195317
2014-11-29 05:00:00,DEHM_noBD,3.533024506879735,2.8651289477492954,2.6218279690976813,2.5963583360618414,3.460927838896062,3.203904973776656,3.0828712617027922,1.185032633401081,1.991137518863495,3.215369211558309,2.081702758290209
2014-11-29 06:00:00,DEHM_noBD,3.8521956669791777,3.0427204926777565,2.7944430723888427,2.5935450957681194,3.419831898770768,3.111289174711897,3.045340131444806,1.2343951917122304,2.0440734571306645,3.437348361407213,2.0333529463098943
2014-11-29 07:00:00,DEHM_noBD,4.1215697446711035,3.3993580186259056,3.1546033559501545,2.5712189647703667,3.350191086757926,3.03092537518605,2.966021941390495,1.3505646888763456,2.1374386424922793,3.4256409285926877,2.0058742202522235
2014-11-29 08:00:00,DEHM_noBD,4.186521075359186,3.6767075913327747,3.5728411998969127,2.494500315906076,3.239688712888886,2.9540291403669747,2.824329182721687,1.4538876620929688,2.248752475701864,3.2662518994067877,1.9938818582516538
2014-11-29 09:00:00,DEHM_noBD,3.997772336141593,3.7135456690623476,3.85547731792599,2.3921432640479563,3.061895572522479,2.8051378424821984,2.6286170140636513,1.4562355483896283,2.453690601070222,3.290717461326319,1.9899427907152292
2014-11-29 10:00:00,DEHM_noBD,3.5714374781645084,3.3494083626668525,3.98610415343374,2.356416207532054,2.861298522628388,2.6763917533811545,2.4826737290954854,1.441990604762435,2.528965733089888,3.043482408871696,1.9832618030554245
2014-11-29 11:00:00,DEHM_noBD,3.1319714363912543,3.1695627921536564,3.869133346670866,2.3855593899669363,2.695924528325409,2.604002594914627,2.349689600071745,1.4707774522577228,2.49827270133432,2.72385848325829,1.9748274263320862
2014-11-29 12:00:00,DEHM_noBD,2.8078705380147464,3.145580656284392,3.639512699395269,2.319132536910375,2.57539739374203,2.5436353831414236,2.2677979713566403,1.5411221442496776,2.3999393519902603,2.6039810516599857,1.9424623572789876
2014-11-29 13:00:00,DEHM_noBD,2.5930329491175805,3.2450206396740677,3.5073037155649067,2.198502334765089,2.5175405436755653,2.5031952491526708,2.174967957652284,1.6809777504486592,2.198990228593927,2.4946021057189673,1.9707291958654112
2014-11-29 14:00:00,DEHM_noBD,2.5054668745512996,3.1378604462045154,3.596935032628476,2.089155043757927,2.4779140490182647,2.4327441528463987,2.1118292453212466,1.8068430882898716,2.051079698335603,2.387280192384262,2.002687132074342
2014-11-29 15:00:00,DEHM_noBD,2.507307431529865,2.877353045337691,3.8157395282907043,2.0346515643321226,2.4514670604072166,2.3717056146431292,2.1269457715812474,1.887465968857035,2.010790794045663,2.2286586094531238,2.074845324594858
2014-11-29 16:00:00,DEHM_noBD,2.4538403880805935,2.670984009554697,3.9398109507949277,2.1680820039471507,2.4772362936683927,2.3525690023279,2.1847452499095135,1.9073281936843696,2.000420891666839,2.028626914982332,2.128239765533684
2014-11-29 17:00:00,DEHM_noBD,2.3784342329721286,2.5657542511628386,4.070573688011085,2.3253098268644266,2.5385320555717943,2.4236760725790316,2.338991078514444,1.9201974800473454,1.9883855229692404,1.9143352518741739,2.1860838477452473
2014-11-29 18:00:00,DEHM_noBD,2.3340020452851356,2.530956277544182,3.956583721194919,2.461574809589453,2.627749548010472,2.607466204034111,2.5468330432040203,1.9206825752726198,2.0375406711594124,1.804414066322336,2.239280152545897
2014-11-29 19:00:00,DEHM_noBD,2.2753139529342112,2.5635909664245333,3.807935724754678,2.5679282135977473,2.755455162719844,2.895647950041577,2.7382070914605667,1.912004777870178,2.1012810296095212,1.809824658935577,2.270788389225779
2014-11-29 20:00:00,DEHM_noBD,2.295315621922814,2.5479632571325843,3.738821949003835,2.688073926740083,2.930485922888245,3.224561656881657,2.8834815370332567,1.8251584674435855,2.152615828343362,1.964849315447989,2.2863486900550316
2014-11-29 21:00:00,DEHM_noBD,2.417950710891283,2.5589530922680437,3.73317160581358,2.661714141005819,3.209129111648875,3.502147811783467,3.025063462900964,1.6434373709356784,2.2076843098789363,2.097446769584095,2.273622841208149
2014-11-29 22:00:00,DEHM_noBD,2.566590766313789,2.747824946858281,3.7862807724398797,2.6021211050750135,3.5367080991925097,3.655242947658934,3.1355619718642895,1.5169281019073724,2.2654710133799076,2.256933560616358,2.2204788445907178
2014-11-29 23:00:00,DEHM_noBD,2.823846916421016,3.01464756397289,3.920831581154871,2.619565158277314,3.826100617378196,3.7863954659461054,3.2910384153246035,1.5581060952472687,2.3307592662713117,2.4708502314979084,2.1484277380459105
2014-11-30 00:00:00,DEHM_noBD,2.8825717499314387,3.095326723473238,4.140174083220346,2.688307187512494,3.9998240911134144,3.9088236474380897,3.4038802123946916,1.5948625961136818,2.3897019804894324,2.7053765859246455,2.0548757732428795
2014-11-30 01:00:00,DEHM_noBD,2.707423465586817,3.2222035917594773,4.196172892310412,2.9058019718306687,4.130233242727784,3.9938047068494793,3.4371601692243448,1.6092341013778748,2.3019806654401473,2.870647007911626,1.9411699141709693
2014-11-30 02:00:00,DEHM_noBD,2.739187146215709,3.4325001038978415,4.069842688538626,3.0775173090009353,4.2313396697115895,4.047700852195239,3.7152873174841443,1.616258171434477,2.0983786021486983,2.9518263356766825,1.8807049838415164
2014-11-30 03:00:00,DEHM_noBD,2.885344410230778,3.636072956053309,4.074866300433583,3.1774275988789507,4.274628605419351,4.094419178967728,3.8141739834712984,1.598416225724034,2.0081273761965495,2.9831326563156586,1.8490273975354248
2014-11-30 04:00:00,DEHM_noBD,3.039392106051855,3.8065952202515927,4.205842571793519,3.267591276522281,4.279797124760099,4.127878079692069,3.814789546841722,1.6200500903354957,2.0072678076719654,3.015516357526272,1.8335974222082365
2014-11-30 05:00:00,DEHM_noBD,3.0820669286988864,3.7610111364782792,4.222551096995913,3.3225116028082393,4.292635619478585,4.141965375448605,3.9190494149902424,1.6786393139262872,2.0543428989616084,3.0395491932772183,1.8003035621135495
2014-11-30 06:00:00,DEHM_noBD,3.108358172657378,3.57027713651631,4.144160818944854,3.3188401567064694,4.311893663946879,4.129613937075595,3.9650005617420874,1.7553618750634787,2.1850578679954022,3.05166206933158,1.8063908031833895
2014-11-30 07:00:00,DEHM_noBD,3.1139896974198145,3.5708179841395653,3.9547262786049258,3.3842690138546754,4.325516346192161,4.146384816611141,3.969379566399052,1.7598705733867364,2.252523099360934,3.057494913223012,1.820420554308258
2014-11-30 08:00:00,DEHM_noBD,3.135755059952662,3.4966961670492593,3.9055647478173814,3.374744914144472,4.3064968776469605,3.959739305362927,3.849379836758568,1.7903652297453583,2.3153523747155904,3.003524306922616,1.8469804384227795
2014-11-30 09:00:00,DEHM_noBD,3.0424369263886657,3.1061040498054027,3.9408876556305215,3.164213530143093,4.1955881963978685,3.8740973779153345,3.6748247203065505,1.7913915317344664,2.3331059096395967,2.840767113126725,1.8353263018948864
2014-11-30 10:00:00,DEHM_noBD,2.773655663321391,2.9299385247293115,3.776786372035704,3.338227839510659,4.0613021719104125,3.8357959296571176,3.6131605488071,1.765152246622145,2.231179743629135,2.5523959082452037,1.8000797357218992
2014-11-30 11:00:00,DEHM_noBD,2.450762846124284,2.7134801407867677,3.5293863808011263,3.419320313199714,3.9416264583028062,3.695304716110792,3.6111139578144105,1.7750606195412577,2.1144658836549706,2.390378141652185,1.7598644721392356
2014-11-30 12:00:00,DEHM_noBD,2.251012245327691,2.5423299833764137,3.493507291988209,3.3533358277516143,3.6827075534147107,3.2843093896232336,3.4022187257836842,1.7928283922973276,2.035042497686818,2.2187997729153404,1.7381078606375402
2014-11-30 13:00:00,DEHM_noBD,2.194798585814629,2.637138087228611,3.4230819542267916,3.2915399678652815,3.5759810476778866,3.190107044551775,3.2207106955868703,1.7699174050095676,1.9675475838391856,2.1434903971228327,1.688369287249418
2014-11-30 14:00:00,DEHM_noBD,2.177503289052516,2.563121990989745,3.17216567433659,3.039269781121704,3.492005504960096,3.1946118140279305,2.851675053664013,1.8235938782094419,1.9680523734583797,2.1615422221676286,1.6840840246264357
2014-11-30 15:00:00,DEHM_noBD,2.192823301974127,2.2355997163138586,3.1031571621750107,3.0032478782806864,3.4372043618345716,3.273567810146863,2.8475201437886657,1.844369380544722,1.9387591981983308,2.169101205996767,1.6861961282293128
2014-11-30 16:00:00,DEHM_noBD,2.21271110153121,2.1666715488601733,2.795240868147067,2.940410524855206,3.6824592562907243,3.5079854834829254,2.876274342888345,1.8093609208472818,1.9096621824095505,2.155740538378826,1.6826796914161182
2014-11-30 17:00:00,DEHM_noBD,2.257905818033514,2.171680363668798,2.8159485756561535,2.8003551961859965,3.8936642111442095,3.712066864683945,3.009794868404864,1.7767629149546473,1.9264445646300938,2.0642367827172414,1.6636972799547762
2014-11-30 18:00:00,DEHM_noBD,2.282031635932152,2.203190984021727,2.6645893728610965,2.94110500758734,4.000398404565763,3.757102160561674,3.370148927151678,1.7853123115226626,1.9682929037310046,2.0298324722242085,1.6371675388984008
2014-11-30 19:00:00,DEHM_noBD,2.285252439919429,2.257825912122036,2.5050534499552986,3.392287521511547,3.943138227300524,3.764392711629923,3.4441247977935494,1.788683192566931,2.0405754366775897,1.9879774366433405,1.603099612454921
2014-11-30 20:00:00,DEHM_noBD,2.276469522666801,2.3007059874932105,2.471929193377532,3.2909077558714666,3.8511815481800564,3.726540832580042,3.259073588759533,1.7482413940568269,2.180650517312185,2.027489125035753,1.5723466471692547
2014-11-30 21:00:00,DEHM_noBD,2.3070554689428775,2.386149422313576,2.5125647262063993,3.08328057453571,3.745791466093263,3.6716291379984347,3.126314203061684,1.7056307758312672,2.3244456869580903,2.104294249129028,1.539703188798465
2014-11-30 22:00:00,DEHM_noBD,2.39025898022931,2.537280664657557,2.5577400856023793,2.800340970166604,3.6692832608703814,3.6259199537423235,3.182977555783495,1.6957263812121748,2.501099122991689,2.223220938453529,1.520750089753233
2014-11-30 23:00:00,DEHM_noBD,2.4902840594482334,2.7299375497031093,2.6917970020119704,2.577857865441887,3.640952372811763,3.472331390293861,2.8730032043998994,1.6976718069268761,2.6943947888518065,2.387454709733012,1.5000171747799964
2014-12-01 00:00:00,DEHM_noBD,2.641150907495547,2.927701799568938,2.855659297434906,2.5068333552294035,3.5288377059913296,3.2625508507543692,2.6292205922434597,1.7017290825263411,2.8462337993710105,2.5377336536140014,1.4837918176066875
2014-12-01 01:00:00,DEHM_noBD,2.779737882119921,3.0499144552590796,3.003085476716386,2.437036524471852,3.335027727175117,3.033377356036641,2.6015855430796653,1.737748951132223,2.8737364514696506,2.6784016029517406,1.4695666218785943
2014-12-01 02:00:00,DEHM_noBD,2.8698964832273326,3.193244482106138,3.1310675192866846,2.44584941658003,3.2710670503476544,2.9184167640554364,2.83326156310359,1.8182341636296362,2.7926697998337264,2.7799437390396506,1.4370294950777294
2014-12-01 03:00:00,DEHM_noBD,2.9735943773292015,3.185198479107917,3.3380839151405737,2.5992418050957364,3.3027976671914194,2.9943589369165915,3.071189457542554,1.8802730682089925,2.7029625939219075,2.8224610086671698,1.43153944712542
2014-12-01 04:00:00,DEHM_noBD,3.1022751189806255,3.0807713706249804,3.4511252426161696,2.7125127598522494,3.409066532358807,3.149953663994438,3.0544116120985327,1.9499813017889855,2.6146285143066756,2.8161150988306205,1.437963109801188
2014-12-01 05:00:00,DEHM_noBD,3.1734851579218066,2.964753019502819,3.447239195606772,2.7975078918143166,3.4718371471535905,3.2276179032173813,2.8904852159182544,2.022765706841871,2.5749319207606653,2.762515489635584,1.4533845775285363
2014-12-01 06:00:00,DEHM_noBD,3.2214542011638683,2.9194623854976767,3.397510623702544,2.767734076886592,3.4017538031656667,3.161914343291855,2.760141489588441,2.086420246392488,2.5768399702417386,2.7636610147891476,1.4762290685780906
2014-12-01 07:00:00,DEHM_noBD,3.1860550136687107,2.88994534487673,3.367455962615747,2.5746624365215802,3.25879600021159,3.00799041502195,2.660544421873577,2.132090686288588,2.603019479383773,2.767112014947396,1.5164620832465217
2014-12-01 08:00:00,DEHM_noBD,3.078896454466351,2.8773734993455204,3.402831290751845,2.370979482867562,3.0454116169159504,2.8763734856273637,2.577138053713871,2.165739593159761,2.612790016727401,2.650432084294186,1.54768205286202
2014-12-01 09:00:00,DEHM_noBD,2.9319584543236124,2.7578297222680157,3.4365894978653118,2.188798029546877,2.818072050594203,2.7037281647915097,2.355823072530034,2.1806998111602476,2.603744311646337,2.4659564412472172,1.5547072269203515
2014-12-01 10:00:00,DEHM_noBD,2.771971684051623,2.6157334133346284,3.2080357662663674,2.0000116028551584,2.636310909825477,2.5052595254262275,2.1091110504487807,2.1867794547188466,2.6317843498160665,2.310102260496834,1.6083149425804988
2014-12-01 11:00:00,DEHM_noBD,2.661119368866096,2.4903343336848773,2.9219698253210336,1.8041736019943069,2.447308864717253,2.2506248767631902,1.8787111557063405,2.22138575014947,2.6328493956139543,2.220529522324383,1.7003834678340892
2014-12-01 12:00:00,DEHM_noBD,2.4982206171306895,2.33545376241785,2.670680233012709,1.6736227180426606,2.209913386753702,2.0052685052696813,1.7268713591501905,2.2773133378984407,2.551229615181269,2.1476656916445247,1.7540084789920225
2014-12-01 13:00:00,DEHM_noBD,2.325050322493574,2.1811755625860116,2.518355209664635,1.552522613700543,1.995974482447878,1.8112724220478653,1.6147294630094762,2.407913192020934,2.4011237079111964,2.0871721811000956,1.7754191703892688
2014-12-01 14:00:00,DEHM_noBD,2.163253807647736,2.0867418497559638,2.3839224412178486,1.459211607568641,1.8353933946554446,1.7050341881054356,1.5335438931748708,2.480926467105411,2.2270425878330413,2.035712107677709,1.8540856197439135
2014-12-01 15:00:00,DEHM_noBD,2.1942961272349173,2.0478523768078687,2.2563500467777993,1.461421841965226,1.7378724012358648,1.6342629210304214,1.5265315358035478,2.462933074256927,2.0387797306257704,2.0697500103342885,1.9259344728406145
2014-12-01 16:00:00,DEHM_noBD,2.2762879129196483,1.9955571119915296,2.147104382719045,1.468561905588514,1.683698065231971,1.648787838349997,1.524996786551987,2.2549247260364145,1.8726630210971362,2.138125648443405,1.970091730175279
2014-12-01 17:00:00,DEHM_noBD,2.3488223842804175,1.9806675400392617,2.084214942476703,1.4803856417558199,1.7021022724348598,1.6755274144339043,1.5608668800675025,1.9776225764466449,1.810654966452713,2.1419052053651506,1.9729275039082024
2014-12-01 18:00:00,DEHM_noBD,2.318507014599148,1.9564148277823068,2.0771566106782564,1.4949463368811324,1.7822916528049517,1.7435117518892853,1.59321202811714,1.8144127407984811,1.7952263009884353,2.1415584178899474,1.9038248419600166
2014-12-01 19:00:00,DEHM_noBD,2.362139849235909,1.918917841591984,2.139017836669287,1.4850138969688809,1.8612353959414596,1.8286723972650794,1.62165921840369,1.7421207682915965,1.822232744650289,2.2610256337446275,1.7971843648813293
2014-12-01 20:00:00,DEHM_noBD,2.521127157016075,1.8807754239983485,2.2351348968464935,1.5142451963982162,1.9439654823853636,1.848783840247671,1.667698062702815,1.787915621747039,1.8733621988036742,2.4204556501532695,1.720108344241977
2014-12-01 21:00:00,DEHM_noBD,2.6852147543848766,1.8839672213397547,2.335603081295109,1.5059391539255595,2.0101274635974997,1.870718178216738,1.7276824281855472,1.8398847208217997,1.9041355428835562,2.5175667390999266,1.6837104882546141
2014-12-01 22:00:00,DEHM_noBD,2.8699158362646737,1.9628112537668088,2.4356645780896256,1.5655084775642765,2.0612169048682647,1.9029407423360931,1.7866803525898185,1.8993882494271177,1.8606680653595924,2.60288829855825,1.6577903171513602
2014-12-01 23:00:00,DEHM_noBD,2.971640394487849,2.0274561062723775,2.570312748056293,1.6510730760080443,2.0781088291130283,1.9445409518969603,1.8875454283432935,1.901423503228705,1.8527833243645726,2.6003665172840074,1.637222077729851
2014-12-02 00:00:00,DEHM_noBD,3.0409681851955552,2.158455543709863,2.6808700243935224,1.7251348551997099,2.113039432421399,2.0277320519469915,1.9963491842315673,1.845197912474647,1.922174475889653,2.5572158420691617,1.6234715914227626
2014-12-02 01:00:00,DEHM_noBD,3.011058950141645,2.3654213000647166,2.7654263697280337,1.7758553550911846,2.1651902793082525,2.108942677799118,2.0897199580560955,1.7593512920102476,2.014492031926811,2.5553777780307136,1.6072300859027355
2014-12-02 02:00:00,DEHM_noBD,2.953964515515603,2.6775455099375267,2.9027230026150423,1.8232221154383437,2.2646702897507907,2.1815513005331177,2.1941298832219758,1.6830330093884467,2.0861061887955663,2.5582268478279353,1.5805113318247161
2014-12-02 03:00:00,DEHM_noBD,2.908991585858669,2.816434862873289,3.1140799146447002,1.8959376754284616,2.344415390355934,2.2557508855347743,2.274319266914567,1.59574370754987,2.0990873361954465,2.6190985454112305,1.5759009818052871
2014-12-02 04:00:00,DEHM_noBD,2.874987986173667,2.9008252561778063,3.4536071876525574,1.9889162218506948,2.411907596202828,2.3609007783533142,2.3463618175344325,1.523670997339189,2.1081739625390155,2.6790641326122895,1.5869657255287841
2014-12-02 05:00:00,DEHM_noBD,2.845542858713642,2.8711598393874826,3.7831941400736984,2.0673301780023046,2.5372785950912022,2.455722930058587,2.419569234573793,1.488950309075564,2.1441718736544435,2.658212617797274,1.6091775322492048
2014-12-02 06:00:00,DEHM_noBD,2.7794085011042657,2.80205236317477,4.025947420105125,2.123360708063595,2.7017891113496217,2.5082974824949744,2.466160952941871,1.4999134595098345,2.183270041591093,2.6354515368019182,1.66489188535396
2014-12-02 07:00:00,DEHM_noBD,2.6995979515126347,2.8264679611574985,4.2239199627084245,2.1893225468011632,2.8062569483566753,2.5588424750593806,2.4810584706960572,1.5184506276469678,2.189014253042249,2.6784705130021997,1.7531213769087195
2014-12-02 08:00:00,DEHM_noBD,2.462511441836804,3.0602883685782416,4.327669109923675,2.2264205782900883,2.844994130890566,2.591323889170444,2.484747845745171,1.5477150666629522,2.1676941631514297,2.7330288521734936,1.8511647143672034
2014-12-02 09:00:00,DEHM_noBD,2.498383744397834,3.2481768253481755,4.123260077003061,2.22402774812678,2.85227241556288,2.577811578990026,2.4503056955328515,1.479532773764804,2.0983745919613166,2.761704168219474,1.9031542043007352
2014-12-02 10:00:00,DEHM_noBD,2.4746485608257354,3.006713935729265,3.879351483991634,2.148385552314678,2.8468115995359033,2.5339144201230344,2.394496791079717,1.3834061177954078,2.1121628424318506,2.6983086895076527,1.8734881328939461
2014-12-02 11:00:00,DEHM_noBD,2.3532210892859102,2.6145948659688236,3.4286934431286995,2.067077332094415,2.823562277331484,2.4721414396278854,2.3352570492758367,1.3862126056231745,2.196253430814883,2.597711249404382,1.8088666469291272
2014-12-02 12:00:00,DEHM_noBD,2.343118683799803,2.354772054098994,3.082904270256765,1.9951680466116342,2.8045066354267814,2.4149145547562076,2.2763514231480815,1.5431584027749952,2.2354468260202833,2.550325536335717,1.7409631235461263
2014-12-02 13:00:00,DEHM_noBD,2.3496113014666733,2.3414347173971684,2.921924639350455,1.9257799977597339,2.7966662771860236,2.39115390521982,2.259550512558207,1.8522120050232858,2.2487087670880648,2.531876161992622,1.6739322320983234
2014-12-02 14:00:00,DEHM_noBD,2.4536992720075697,2.598149418083781,2.8196014589252147,1.8956189240507542,2.7923711987011313,2.407562631585864,2.263546926808371,2.097951852985024,2.255822020683987,2.565784201729626,1.6157610286721076
2014-12-02 15:00:00,DEHM_noBD,2.507682908851728,2.7467094876574225,2.8728734357163237,1.956253261374542,2.8269431299981465,2.491839239618412,2.356874481975529,2.1937777438393233,2.30917424175506,2.5785409882836703,1.5854902578542496
2014-12-02 16:00:00,DEHM_noBD,2.554288169443533,2.717779878502769,2.940515383115221,2.1800101228283033,2.947436145669928,2.6918114689562374,2.560751632320447,2.1256512874285876,2.336339191972363,2.63676933897066,1.5823281492257095
2014-12-02 17:00:00,DEHM_noBD,2.7256136073394863,2.7272912000842138,3.1315933385097097,2.2911592619038985,3.2248091662626797,2.8243244599731323,2.8051516903251428,1.9646106238706411,2.195995589537678,2.6923111600171694,1.5970964785427415
2014-12-02 18:00:00,DEHM_noBD,2.9501966589297957,2.861168380903673,3.3708909080030915,2.5611213369214703,3.6639977042462384,3.1224718398136844,3.185191291148628,1.605013067201916,2.120111256699396,2.7208722897040496,1.6221098592441994
2014-12-02 19:00:00,DEHM_noBD,3.162412964530728,3.0664479145532217,3.6136624166529425,2.9096464202996026,4.1933881957445855,3.615127833645785,3.6469880954585783,0.7736545132490631,2.0707017269783847,2.8279032965897115,1.6529798188882974
2014-12-02 20:00:00,DEHM_noBD,3.3337686270370788,3.2220116756977673,3.8758600460905077,3.3091240338147028,4.4418937817125395,4.175278684810671,4.205513776664983,0.20652440523047344,2.098300838271811,2.870085901885126,1.598668473860398
2014-12-02 21:00:00,DEHM_noBD,3.4468386878862294,3.316176876477858,4.191445071799552,3.7050693150417384,4.149172851149426,4.515362252198047,4.6942630682815,0.09566039030446893,2.1931779723837392,2.7532235653114974,1.5270131514175795
2014-12-02 22:00:00,DEHM_noBD,3.5160889157282442,3.443196468758406,4.538475504021676,4.098148867367725,3.924289965002665,4.671198411464094,4.938197299623184,0.08158178722823316,2.2978645906516917,2.77628652187882,1.437450653476473
2014-12-02 23:00:00,DEHM_noBD,3.524606683459663,3.6675882967670153,4.7862293711090835,4.4602737096151355,3.5801621767582743,4.605417469968061,5.093446845321895,0.061652383861612294,2.3636295657844233,2.842619683198426,1.3396527782131407
2014-12-03 00:00:00,DEHM_noBD,3.464139213967441,3.971216475344797,4.877608068948004,4.669064909501517,3.0708898507455737,4.455163471409176,5.4213144333890835,0.051364557674413884,2.4167634802416407,2.7660973248111134,1.2511462145691925
2014-12-03 01:00:00,DEHM_noBD,3.451108408762374,4.243082728595853,4.860823640712017,4.6423501708179264,3.143697275314964,4.640436390029671,5.604275010600141,0.05021608973835526,2.4477540399863242,2.5382578502427076,1.1279443696742026
2014-12-03 02:00:00,DEHM_noBD,3.4613093316262873,4.350182287675696,4.830212121995803,4.5745502022299975,3.501294113428728,4.878132949233322,5.64497273246783,0.05474846019461102,2.5031736256823294,2.3540851936215494,1.000584313287962
2014-12-03 03:00:00,DEHM_noBD,3.331005504269153,4.286326011655675,4.8121473143429245,4.571430976335829,3.887230809321741,5.200477841122492,5.8623551712694,0.05668195877613306,2.5873796516646794,2.321502867831951,0.8817794567149568
2014-12-03 04:00:00,DEHM_noBD,3.093578956537731,4.256161878081975,4.760697522076334,4.475345700582569,4.198945378200124,5.4267976242631,6.033868414372275,0.056162737838923886,2.616015031396542,2.2940167600615133,0.7690874125802074
2014-12-03 05:00:00,DEHM_noBD,2.8069105410604926,4.254371606339898,4.741184766454005,4.355717744309581,4.532751752086901,5.465637049145048,5.738230413235029,0.05797986622583343,2.577962085372694,2.2306308534523565,0.7033033665496391
2014-12-03 06:00:00,DEHM_noBD,2.696890563149415,4.2576864753695585,4.722720718734272,4.052116972798231,4.5348350586666335,5.354413307510553,5.290456752174191,0.06504577348243289,2.4717918910760988,2.1871601329966683,0.6548670991857999
2014-12-03 07:00:00,DEHM_noBD,2.6364936092530935,4.194771870798921,4.665530299577748,3.6747546271567026,4.176642699144292,5.477363577925289,5.169189114290887,0.07439201107129448,2.3587258138127627,2.1528706109996256,0.6107941200236497
2014-12-03 08:00:00,DEHM_noBD,2.5428998777539285,4.180069407856248,4.610178085078514,3.40804769580297,3.8453419232513335,5.7097389686109645,5.51083290959566,0.0821321204354124,2.332077570173219,2.0029318531019262,0.5682158868042003
2014-12-03 09:00:00,DEHM_noBD,2.450521015688181,4.1108044823180885,4.513638120495304,3.2646945145491784,3.8994208982839336,5.454879785177894,5.07648748678524,0.09094212495746015,2.292092751745619,1.8713524328161217,0.5022127594187883
2014-12-03 10:00:00,DEHM_noBD,2.384668243623376,3.6361712181660972,4.382587926898072,3.1546392084964796,4.2290752478545555,5.260672363346678,4.563199673496737,0.1024029068850888,2.225066297223531,1.8603546925772005,0.44596154050207537
2014-12-03 11:00:00,DEHM_noBD,2.355972510410473,3.3871666191147276,4.148771289799693,2.971863900800939,4.353188624909877,4.949729462637234,4.028990703399914,0.11491231497104729,2.1520224993322046,1.8868449822791944,0.46323512648547455
2014-12-03 12:00:00,DEHM_noBD,2.3494007992457226,3.3233527181210114,4.015533491060881,2.7562820683565747,4.3838287187046765,4.545511209013303,3.562334891541695,0.12621423666535392,2.094894812755398,1.8295585334051214,0.5123875600557996
2014-12-03 13:00:00,DEHM_noBD,2.3100256896775964,3.586304481495762,3.92600748883181,2.675272823691902,4.310279597643949,4.114468408460925,3.2963600968871414,0.1394300721811036,2.0219414774188404,1.770738673870149,0.5386491621788672
2014-12-03 14:00:00,DEHM_noBD,2.2378987071257823,3.680084907516287,3.78961059822191,2.7099467796814594,4.188069156234416,3.894344856467449,3.1563797386147003,0.15533419852507055,1.9977991615376247,1.7961637011958569,0.5162111156309535
2014-12-03 15:00:00,DEHM_noBD,2.220206020295061,3.64861877442424,3.552060508233612,2.885163076491069,4.108244675844158,3.8771842510801764,3.1830024721125825,0.16780989789862177,1.949791193947792,1.8229269633866763,0.43361814231746526
2014-12-03 16:00:00,DEHM_noBD,2.236177571882503,3.5770700313461345,3.3843115462746653,3.06057777926084,4.065083878182719,3.960450947019256,3.326611672708045,0.1724278416839288,1.9003117585063354,1.8459247969664316,0.3420443670902185
2014-12-03 17:00:00,DEHM_noBD,2.2428228055426,3.551759082992688,3.2749660950986863,3.3363740252423297,4.096773472406182,4.099046008462442,3.546970806053207,0.17761394127358204,1.9109039516565574,1.909925563351002,0.2769087527249624
2014-12-03 18:00:00,DEHM_noBD,2.438973308599386,3.5977272768660944,3.17867784405742,3.6063880610445564,4.272275415171418,4.266491370656849,3.7564701172175896,0.18413786437275342,1.8374777639084683,2.014058267978326,0.24654266082953274
2014-12-03 19:00:00,DEHM_noBD,2.8389820778633004,3.7078182711125223,3.099157509852277,3.8073273741916305,4.4538637471695015,4.382643295213539,3.8062493187221245,0.1877208622172008,1.768234884006232,2.101978778638207,0.23505405630733778
2014-12-03 20:00:00,DEHM_noBD,2.5326090071349094,3.797267574616928,3.0686063713877636,3.9750403224881254,4.560639913584178,4.511129229056985,3.890774621323714,0.18903058597963288,1.7735155815833061,2.1874779492629353,0.2429898631621693
2014-12-03 21:00:00,DEHM_noBD,2.451641154941863,3.8240271687029326,3.1272908839732443,4.066896960833125,4.540169415907375,4.543955071727678,4.092536644878511,0.1876316768828686,1.8014410865293442,2.200196145078862,0.2490964611074839
2014-12-03 22:00:00,DEHM_noBD,2.613151863270148,3.6142455068944392,3.207130263349695,4.100664564312784,4.596646993856484,4.327382489272753,4.154880011722678,0.18702297012364488,1.7673147484458982,2.198764200282876,0.23613423690201707
2014-12-03 23:00:00,DEHM_noBD,2.659774704822822,3.099797433267273,3.379188249683912,4.123487880771874,4.653822534681325,4.384094615743956,4.214056372311953,0.18594577476636495,1.6915620648747685,2.22527518318243,0.22336689820947406
2014-12-04 00:00:00,DEHM_noBD,2.4535211064406584,2.812996640312523,3.5693801740043027,3.9265449517124975,4.592315242532599,4.534460866111486,4.29061816959859,0.18570053318515398,1.6589065252413602,2.221865738564171,0.21303014802877196
2014-12-04 01:00:00,DEHM_noBD,2.165241083288253,2.5561796786438116,3.6652572583147847,3.4752508905506403,4.56730848081893,4.62287445014708,4.10364666233187,0.18545195681590576,1.670645412697792,2.1609869516965734,0.19944283473575708
2014-12-04 02:00:00,DEHM_noBD,2.0426589036779337,2.4799400932363604,3.699479422386445,3.33905728022068,4.543331587861885,4.542583139739532,3.8744781673231996,0.18373238758295757,1.6928746597597004,2.1378830764772805,0.18116199500552604
2014-12-04 03:00:00,DEHM_noBD,2.0516027105075025,2.5208276921459007,3.5165894307166363,3.263912277679945,4.549148260785558,4.258583255100966,3.7682870842125946,0.1821081152876838,1.733049217912853,2.09939981645102,0.16464907601789097
2014-12-04 04:00:00,DEHM_noBD,2.0127724421202577,2.529797334400581,3.39996874759023,3.2263255673872493,4.53064630949927,4.102436416541065,3.6794990872765183,0.17992904936470083,1.7542348115663229,2.046047999620215,0.15460128685944707
2014-12-04 05:00:00,DEHM_noBD,1.8365402020905912,2.407230882812796,3.300263431269304,3.196927998500886,4.4321428148551885,3.993782379975873,3.6470295400211645,0.18034012780169015,1.763654605278969,2.135485490075059,0.14858224402760142
2014-12-04 06:00:00,DEHM_noBD,1.659143405585289,2.3265877253248486,3.1618054669648488,3.1751058027136354,4.29013579010264,3.9009750832502066,3.643066739817533,0.18257036663152262,1.7679429707881809,2.228071480314293,0.142806425597146
2014-12-04 07:00:00,DEHM_noBD,2.0096631367877125,2.4588910416274894,2.9669686797815404,3.1190342068028776,4.162828888230755,3.8474966125248002,3.5968896290687264,0.18503004313113164,1.7941839244336637,2.264547635575542,0.13660966095913646
2014-12-04 08:00:00,DEHM_noBD,2.1979315173779055,2.446083634868637,2.365409956084067,2.9870959171169096,4.0798244786902735,3.7866844899210923,3.4528830048177497,0.18992048206893714,1.8705313077981771,2.121960286864047,0.12786057335788367
2014-12-04 09:00:00,DEHM_noBD,2.3410326196838915,2.386781349188425,1.8752357988362665,2.806821700387978,3.948557720033973,3.6414021437907227,3.2041323182353176,0.1922524064930621,1.9183941016805917,1.9391336447590737,0.11749730764513357
2014-12-04 10:00:00,DEHM_noBD,2.254231432005465,2.162337403369323,2.35115393476374,2.641522839892091,3.8024924316138753,3.425764467295946,2.9296451004343522,0.1884773780728736,2.00132373900868,1.7192851809010352,0.11340391397772814
2014-12-04 11:00:00,DEHM_noBD,2.0871534106888623,1.897456705234498,2.2416637556561643,2.5090588019610633,3.624301648850155,3.203127932548462,2.7241402695778145,0.18597820833813505,2.065162281839121,1.5721068492396175,0.11155974602299268
2014-12-04 12:00:00,DEHM_noBD,1.9062794264233858,1.4690045520986614,2.190370154789351,2.4192225853539266,3.405714132469862,3.037238172138312,2.5523367965287864,0.18309500865104392,2.1124621288018393,1.516740093678497,0.11064070524768878
2014-12-04 13:00:00,DEHM_noBD,1.459126821699925,1.4227285991157776,2.025747472531758,2.3007167953913266,3.2079984737985514,2.883379844453625,2.244119861584645,0.18429853621812994,2.1637471446071195,1.3785869045395218,0.11150380171401185
2014-12-04 14:00:00,DEHM_noBD,1.5720379848276078,1.4481511680283896,1.7532440762311219,2.0193798973824815,3.057717383336008,2.651794717773986,2.1459919926859046,0.19123764315500377,2.2030513949520327,1.503925615441996,0.11562163775600717
2014-12-04 15:00:00,DEHM_noBD,1.8406972834229842,1.4257692735346466,1.8357267044777494,1.980635093859255,2.956893919051078,2.578823325464916,2.143291221337471,0.19688488080102928,2.078744062653333,1.4500304260153667,0.11959057723465129
2014-12-04 16:00:00,DEHM_noBD,1.7184384456284902,1.4032989583991573,1.7942040985101555,2.051142210271176,2.94721601796195,2.5621940986296883,2.2035979167133712,0.22078159699603905,1.7458990275616943,1.425835809195167,0.127459412054303
2014-12-04 17:00:00,DEHM_noBD,1.6188434025690706,1.257742983349068,1.9590042659774562,2.141802385835893,2.95343191159946,2.539859516444193,2.278997381815627,0.23458575265813608,1.4386229558452963,1.3736476414903027,0.14368203889277514
2014-12-04 18:00:00,DEHM_noBD,1.5935386664496969,1.0991959988673963,1.6865336296560802,2.280481801455379,2.962979553105769,2.5605405260403025,2.419923166716014,0.2783113852903805,1.2560607915924489,1.3768571443690343,0.16843366697884976
2014-12-04 19:00:00,DEHM_noBD,1.6999523049331549,1.0625679464032407,1.4266562418808881,2.4635820472905667,2.968632873466654,2.6241873576775103,2.596244110262088,0.35385427235662925,1.1714722964966298,1.3800213048306293,0.2042475374989058
2014-12-04 20:00:00,DEHM_noBD,1.87622779005887,1.4345284890365693,1.4382435655234662,2.626987761380782,3.0129329773958435,2.735528271259094,2.8347118840121484,0.45623713428530843,1.098318937945962,1.3293957708890363,0.25224534005374755
2014-12-04 21:00:00,DEHM_noBD,1.9586037684833073,1.8788191020399565,1.744853811387755,2.7303037456949166,3.0434581831111034,2.94352994833721,3.1078677503964727,0.6267368024994247,0.9714691069945691,1.2712398514419794,0.3072601426546204
2014-12-04 22:00:00,DEHM_noBD,2.200119890578799,2.2373527392984,1.885181353713423,2.7633762751390023,3.052202021815324,3.222522333526748,3.3327773340764972,0.8719823845170065,0.9116655712527036,1.1800607641352714,0.36788814667699854
2014-12-04 23:00:00,DEHM_noBD,2.5312014525028133,2.5825483635840563,2.0150209674328567,2.79662334275308,3.14056703548081,3.4220121249125963,3.4866271307965166,1.0001643025321885,0.8268351891088486,1.212719718710929,0.43807138029742515
2014-12-05 00:00:00,DEHM_noBD,2.929864616332166,2.663069627664909,1.9215115496040882,2.8411784781082265,3.2365328974706262,3.391530319093796,3.632955388777122,0.911380527133271,0.7658652619743347,1.418364199431343,0.511884081701869
2014-12-05 01:00:00,DEHM_noBD,3.24058448443383,2.6198133213492483,1.7853158800075204,2.892757790844787,3.2805194947552296,3.2523426149464103,3.7095236505726,0.7832240171058475,0.7876863044142723,1.842480477840677,0.5880341239116293
2014-12-05 02:00:00,DEHM_noBD,3.401609179560542,2.5844074580343066,1.7383857528058066,2.9709400040570015,3.3003333692250028,3.1845740260750675,3.719878489096462,0.7011197331547736,0.8103937185055017,2.2572919995727387,0.6610873435992117
2014-12-05 03:00:00,DEHM_noBD,3.4765084876763823,2.6363049078732357,1.847799792281175,3.064067184532795,3.3585712230016043,3.2437423825024028,3.6751594802821335,0.5817684109102561,0.8289416876471043,2.6695019547279553,0.741799786591411
2014-12-05 04:00:00,DEHM_noBD,3.7109009199732537,2.703549337667562,2.062513773821248,3.179189701168881,3.4753083191537346,3.4152015475138398,3.6491412566375767,0.449882003530003,0.8401384343808889,2.984715634423792,0.8411078190089016
2014-12-05 05:00:00,DEHM_noBD,4.144839729316235,2.5483759184297226,2.315527714229487,3.3940966394248484,3.670963742989779,3.7322015573631906,3.719607728104572,0.43528344713419664,0.8780108939686416,3.5056945117092133,0.9428952681790386
2014-12-05 06:00:00,DEHM_noBD,4.244429037863016,2.135432523167557,2.42041639388568,3.781339161053147,3.779467029659548,4.020282159869061,3.8973805491737687,0.4539627228212355,0.9446295520269871,3.741759577528238,1.0206346129408617
2014-12-05 07:00:00,DEHM_noBD,3.6798938894462587,1.8394071380690482,2.5704732339021286,4.312006766662108,3.8794879319965627,4.365505342597661,4.117381928334739,0.46359856865733856,1.031664987180233,3.3767447282159324,1.0730252795736583
2014-12-05 08:00:00,DEHM_noBD,2.7733740634167194,1.7562212584601387,2.941611689856823,4.587886768814286,4.120170331020488,4.633871982505431,4.337184263719816,0.4686127598994968,1.1244329831027984,3.1598238584733007,1.1211196759799682
2014-12-05 09:00:00,DEHM_noBD,2.197612816221714,1.6977181368899903,3.435371206624585,4.3836927527506795,4.31912409944552,4.649062635516571,4.5976707589406125,0.47500036878257984,1.2893510614550114,2.9209107076209784,1.1388128059026226
2014-12-05 10:00:00,DEHM_noBD,1.9453527609747647,1.7955186665280634,4.0768677593654,4.1196410985531395,4.480723018899621,4.448432828119991,4.653660180509021,0.4846069664087891,1.6159168799078465,2.5315223080882427,1.1193398300890625
2014-12-05 11:00:00,DEHM_noBD,1.6685742123900351,2.066825632212474,4.421762558905731,4.443053565998029,4.722676769185891,4.269893712417372,4.663625943885055,0.4869859356942772,1.9811804284787176,2.1704068356862662,1.0714362982597947
2014-12-05 12:00:00,DEHM_noBD,1.2423988746542483,2.6112320426321265,4.487509584090336,4.333615532239933,4.83972753602345,4.303408303952643,4.491932063315849,0.47280154805660246,2.114205166511536,1.9219453262503445,1.0135006572240963
2014-12-05 13:00:00,DEHM_noBD,1.1062329968629474,3.4002412610871313,4.279383184197248,4.012581975304121,4.374980632522032,4.461522226441435,4.458757896803756,0.43745904978767025,1.9873686860346795,1.762623396243467,0.9915090118249876
2014-12-05 14:00:00,DEHM_noBD,1.0939826947586238,4.069928168134369,3.881375436080586,3.9241537073343244,3.607202989287218,4.578553065758905,4.414348227175383,0.41269748745515933,1.6782944635802506,1.7200848286849848,1.0188841867180634
2014-12-05 15:00:00,DEHM_noBD,1.276565878961716,4.345051142348541,3.5119437165760496,3.801572331555739,3.033584216788863,4.568925468798126,4.3945929200041185,0.3932827504080532,1.3989383179110289,1.5688732953766906,1.097670948132039
2014-12-05 16:00:00,DEHM_noBD,2.247341174313416,4.250694307123059,3.1579081921975476,3.7544636267405913,2.5130067139647574,4.384150800287962,4.4063883345542125,0.3653270318115501,1.2949996090114118,1.4856870484115685,1.2233235298897256
2014-12-05 17:00:00,DEHM_noBD,3.7657409691210266,3.954367475169314,2.763221185805706,3.862011303121741,1.8195344523921144,3.927144153518599,4.4778048153554515,0.35481980516396455,1.23304007767573,1.3423845932014413,1.379801165774376
2014-12-05 18:00:00,DEHM_noBD,4.918790362878425,3.6874273316681596,2.3228324234836717,4.108076026645527,1.4640856544630485,3.571920718218472,4.434849487349299,0.36171139114692796,1.2418862878459318,1.8316907979498316,1.5114090165900997
2014-12-05 19:00:00,DEHM_noBD,5.005481405661932,3.3207583387224506,2.1798276278746176,4.244596641252735,1.43814446274505,3.0196940003482613,4.04658018291665,0.3724869467575102,1.2609408368555455,3.8475575887629914,1.5583478817746044
2014-12-05 20:00:00,DEHM_noBD,4.93498385630582,2.8275328574429266,2.196558602754716,4.069238897179508,1.3271170597141468,2.421189577386052,3.652465622726188,0.36789704400166867,1.3522676948385313,5.068315626355862,1.4893306708443537
2014-12-05 21:00:00,DEHM_noBD,5.104508545075269,2.729669765267512,2.288048487466886,3.8732401172913997,0.8207087730129947,2.1965090940488343,3.0984192199181946,0.3348956993517279,1.8718881848131117,5.310790262720965,1.3267820031979678
2014-12-05 22:00:00,DEHM_noBD,5.260805818470303,2.435537961296984,2.1017174463146455,3.5179118879380127,0.38194052650617893,1.9520502037730885,2.7364350675211093,0.2750140035184845,2.753470775331035,5.564900258928814,1.1269571705567836
2014-12-05 23:00:00,DEHM_noBD,5.000028517611883,2.4313546575934675,1.605726866929288,3.1033534225294352,0.2115184107371884,1.6556215743798064,2.6946694542709695,0.32431593155421307,3.529910937443208,6.116754799825554,0.9469375028854609
2014-12-06 00:00:00,DEHM_noBD,4.369038576689113,2.4908310475082973,1.2741605914531622,3.0671387616218313,0.15525746785047695,1.4484167572241045,2.598953214327169,0.30233769890276707,3.7615481609320174,6.259948251235818,0.8378894350469113
2014-12-06 01:00:00,DEHM_noBD,3.7443337475541467,2.4138219590190335,0.792465149759092,3.230974121622186,0.13535350399436413,1.1222448330875463,2.2940707353280763,0.11722694926516376,3.461684628214985,5.89067468879974,0.79195090285331
2014-12-06 02:00:00,DEHM_noBD,3.003172782284282,2.1141992775156337,0.6923974471721592,3.0247287829469096,0.12251567232588284,0.8197182635214343,2.08390952361208,0.0650066582635602,3.070489274029238,5.436730196997109,0.785964605744183
2014-12-06 03:00:00,DEHM_noBD,1.963438894248884,1.6295529540510292,0.6671579598689498,2.654709326033243,0.1310674227766412,0.6157257856058561,2.0190862769387175,0.07019603927414844,2.7558454520857567,5.000718850860319,0.7945454415419697
2014-12-06 04:00:00,DEHM_noBD,1.6173335229687207,1.2039743114548804,0.415446640028033,2.4634335597209223,0.15417927168742726,0.4949142287324834,1.9036602624155685,0.08059949196847133,2.3899176025604176,4.295039788979134,0.8037168695922194
2014-12-06 05:00:00,DEHM_noBD,1.426280044126874,1.019201881407292,0.2147826466970646,2.3235722911722574,0.180639561310925,0.43761193733694725,1.7109335242912243,0.09512860437034609,2.050626942124637,3.1490423931982834,0.8001499363157338
2014-12-06 06:00:00,DEHM_noBD,1.1648204999515133,0.8307326791158409,0.12251716701682974,2.1408713155043637,0.21586640043457267,0.4124074091886401,1.4301017626561345,0.10929459554621931,1.9010735459340178,2.381341844300693,0.7840541555029247
2014-12-06 07:00:00,DEHM_noBD,1.0283375713972003,0.45769509713598294,0.09971168404849667,1.892721400023647,0.2782996750257792,0.41907883001863006,1.1276457082792406,0.11972720614749924,1.8663671402396913,2.0989170803468187,0.7615375658080725
2014-12-06 08:00:00,DEHM_noBD,0.9415504497819487,0.21727090065872168,0.10541744029307007,1.6067188561325019,0.31500897905022707,0.4380301787713332,0.9340571826496626,0.1201280107613838,1.6856384469097572,1.6731662992446008,0.6927976682063354
2014-12-06 09:00:00,DEHM_noBD,0.9437454740564805,0.14632161917216685,0.10351227433345905,1.2467148209059813,0.3104842962182918,0.4199694852515159,0.800402009943226,0.1134552544075714,1.1654818250168861,1.1970041977481705,0.5780143616987066
2014-12-06 10:00:00,DEHM_noBD,0.7417915952417067,0.14932465423058067,0.10423415389106831,0.9426483540604076,0.2919100282276769,0.41598918815918834,0.7034089980517428,0.11151858994178465,0.759743587783724,0.9823345162968558,0.4423177604598568
2014-12-06 11:00:00,DEHM_noBD,0.318490526386611,0.13759091073630303,0.10811281956309854,0.7446064887419448,0.2883813116735348,0.42482955167161984,0.6622590903016344,0.11014766322590398,0.5833863053189869,0.9573884479774615,0.3291678960947674
2014-12-06 12:00:00,DEHM_noBD,0.13051627689049558,0.13742382292293437,0.10369082017981031,0.6548890197199232,0.2922215790205983,0.40456748688565436,0.632349228734424,0.10864565137247548,0.4803811599159334,0.972454850141101,0.25346291355699924
2014-12-06 13:00:00,DEHM_noBD,0.09657001211411313,0.1414882490323771,0.10129362029426486,0.6423759199016498,0.30099773746431796,0.3808799747637309,0.5920181670677618,0.11540357730697351,0.4522679130932595,0.7078209485343283,0.21196254086670205
2014-12-06 14:00:00,DEHM_noBD,0.1038455734676727,0.15801884829016327,0.09097219083222634,0.6946226296880108,0.3095018304798064,0.38731855953378136,0.5716428125972451,0.1392467991261742,0.5337577840093988,0.32126907867641635,0.1880021680424062
2014-12-06 15:00:00,DEHM_noBD,0.11869998002036686,0.18752889254459432,0.08271718905145074,0.748387916897344,0.318900623063949,0.4350966446618211,0.5721911654622731,0.19283132633152403,0.5834286587080545,0.21435108072089484,0.1710944725723716
2014-12-06 16:00:00,DEHM_noBD,0.13154584970306127,0.21921995595774485,0.08422301999570445,0.7982838126094632,0.360472998980783,0.5640663114654574,0.6299807277310094,0.21670927563628628,0.5126012321393842,0.20597119911009665,0.16229679624582216
2014-12-06 17:00:00,DEHM_noBD,0.13740921938511988,0.19538772675196853,0.09839673278894732,0.8990151212264437,0.4246361572143108,0.7596047023330419,0.7501895796291177,0.17713409891076376,0.3832741137516683,0.21147648383618778,0.16319336556810773
2014-12-06 18:00:00,DEHM_noBD,0.16439822526424175,0.14542947526335237,0.117810076664714,1.0657597183188992,0.4877781409723567,0.9862079658739816,0.9113556137448112,0.1358733820053933,0.3235283769981935,0.21994180553950826,0.1713746738413791
2014-12-06 19:00:00,DEHM_noBD,0.18433408959067055,0.15841224221326403,0.13524918954816578,1.2793972347438458,0.5572921979183423,1.2292457244270807,1.0897127933305426,0.11451623596921547,0.33089830785479385,0.23687339043020722,0.18437743189894368
2014-12-06 20:00:00,DEHM_noBD,0.2182874253959487,0.18945379428265602,0.13410133124538623,1.51441630649049,0.6394474282422359,1.497633442963881,1.300346901565324,0.09925383776242822,0.3599880574966035,0.2620658461011015,0.20266157967217316
2014-12-06 21:00:00,DEHM_noBD,0.19281356019526713,0.24926309291216525,0.12615630996139213,1.7884276569126303,0.6875885435598018,1.8502094554347521,1.6102239049937128,0.08969181906463562,0.380258137194626,0.29674890758877615,0.2309260220954345
2014-12-06 22:00:00,DEHM_noBD,0.2386055043496749,0.23146227732428792,0.12341633568550338,2.145980404574385,0.6650355072061622,2.1785768982682283,2.0737256616710447,0.08481500344326708,0.47348660270400333,0.359428970198985,0.2687512014481125
2014-12-06 23:00:00,DEHM_noBD,0.24077455175556228,0.2506477586537506,0.0944339991021798,2.5905288963102215,0.703423547752127,2.2025066313191433,2.5768402695428136,0.07759459201935662,0.38863513765501784,0.3156583272139727,0.29999008350628775
2014-12-07 00:00:00,DEHM_noBD,0.2744194157062656,0.20892278634211967,0.08736537184501059,2.9847181413270363,0.8616206323104725,2.0501469423530296,3.057839896969545,0.06653872822271649,0.22473632297884655,0.29599975580641996,0.32090790041768735
2014-12-07 01:00:00,DEHM_noBD,0.2560749739193357,0.17122612313346458,0.11363681457559466,3.2713092823876004,1.1739710219744033,2.2567138755461666,3.451030942700067,0.06210300647799844,0.1888770260083163,0.30180712261721476,0.3443585326573798
2014-12-07 02:00:00,DEHM_noBD,0.355514418874299,0.1589775660401908,0.20579518163810065,3.485869732430605,1.4651018557959794,2.037610474470835,3.9048529523854376,0.05610774638816696,0.20956511938125344,0.35325016559310246,0.3374128419512067
2014-12-07 03:00:00,DEHM_noBD,0.36038150204143016,0.17648116147280882,0.4929439193807914,3.9961735502450564,1.682183044456914,1.7881020474652758,3.8219615709506627,0.043032965612970146,0.19610093808632323,0.42204365251645426,0.3333920793914723
2014-12-07 04:00:00,DEHM_noBD,0.36184009872137557,0.2252858780351606,0.5729261621945723,3.9899065097456377,2.018891439118758,2.146700104443133,2.7988534324018937,0.03453766587183566,0.1645694506094789,0.5719623021317737,0.3488841666043059
2014-12-07 05:00:00,DEHM_noBD,0.4571619912117998,0.2850401454820017,0.6874796913435681,3.535531383353951,2.5718229509573804,2.864507425679527,2.4834862900796484,0.030553876220227608,0.12833915931550768,0.6797662103168153,0.36019865882295643
2014-12-07 06:00:00,DEHM_noBD,0.6904361146326922,0.3158968691094999,0.5876620275540696,3.0387886015495424,2.8455878788699396,3.678566513668941,3.135712676531654,0.029683522086858212,0.13553152491174625,0.9935542736497521,0.355643560427539
2014-12-07 07:00:00,DEHM_noBD,0.9379814199998975,0.38108657193497963,0.3063783994258101,2.508483335269815,2.3618328432075306,3.8402930445316805,3.5633015593438504,0.028669952449374626,0.17459450914487223,1.3050278396100552,0.32768118892786546
2014-12-07 08:00:00,DEHM_noBD,1.0839749555739713,0.3664407276607327,0.18403613108981165,2.4769363990868953,1.7443765944723597,3.2891557700967136,3.3411042634117347,0.0311336119436519,0.17954979056205583,1.713422047625575,0.28758460943174996
2014-12-07 09:00:00,DEHM_noBD,1.279124122937671,0.3459676685183447,0.1415068611739923,2.3292745562987376,1.2462201043144427,2.3326697326473886,2.730103333916695,0.04302198817301097,0.1684668364367074,1.6682311642710723,0.23304033289757314
2014-12-07 10:00:00,DEHM_noBD,1.555615308039696,0.28069806917715584,0.0982354769258968,1.8314247717721301,1.044786577463038,1.823131045618117,2.1345193426679554,0.057612527842330646,0.16893617545645667,1.6265310518125164,0.2000973898251726
2014-12-07 11:00:00,DEHM_noBD,1.5396470290707236,0.21976100677123744,0.05100252082797915,1.5047266097485343,0.6907333709816168,1.6020819056113464,1.8407715810185379,0.0619071555503929,0.1480985002396255,1.6010004263488529,0.191054701883972
2014-12-07 12:00:00,DEHM_noBD,1.5211757866684952,0.1547705299240489,0.03967652956937202,1.3816256670435398,0.3888223645701817,1.2842153865626686,1.7269627686247544,0.05982483789741754,0.11411029237261024,1.7086705858049074,0.19375873975279498
2014-12-07 13:00:00,DEHM_noBD,1.5574685536142996,0.09708387206956728,0.04725670243051937,1.6175644353038356,0.2261268417038953,0.8631083637650142,1.5916504071238713,0.07164490836710197,0.08252092312968316,1.8004992224807292,0.195337340371271
2014-12-07 14:00:00,DEHM_noBD,1.3987068874321784,0.05880562696712772,0.06782726658739315,1.6716036853979857,0.1587510280059976,0.5047256080171868,1.2744146014374482,0.10067545088499079,0.06045932146769005,1.7831084383197595,0.18916111988437462
2014-12-07 15:00:00,DEHM_noBD,1.027204870663276,0.04245402858381141,0.08944426244479559,1.3589708577376138,0.18474900958742468,0.36795276859853,0.8291971040452615,0.11236607142173911,0.046511302319224776,1.4584283381152294,0.17181823787583606
2014-12-07 16:00:00,DEHM_noBD,0.6916141044295951,0.049783108597628176,0.1046813090880574,0.9898298420992095,0.22846159656932338,0.4367413773984903,0.5912737100607832,0.09904946456852243,0.039484236110597745,1.322015503798127,0.164664147357107
2014-12-07 17:00:00,DEHM_noBD,0.3412630647051426,0.09079741728447827,0.10481365798668313,0.7388812591402558,0.26156930332166134,0.5706494660334067,0.6457540485645626,0.07961927372371885,0.03824818048979139,1.1068371043341232,0.17514557034181014
2014-12-07 18:00:00,DEHM_noBD,0.13636431509460314,0.14745825712146807,0.0939095954439223,0.7437811304761104,0.24931998921638338,0.7070502772618295,0.7983384680778917,0.07189989610678034,0.047754739014187204,0.7161505815834179,0.1868365752054063
2014-12-07 19:00:00,DEHM_noBD,0.087546248972481,0.1651802125889807,0.08292284370629334,0.8576773707100726,0.21370496034345568,0.7645866736703273,1.0035656887438567,0.06478458439094467,0.07148321370979288,0.40705877981211047,0.19986000051753
2014-12-07 20:00:00,DEHM_noBD,0.09730288872521356,0.14471352030416468,0.07036326433046239,1.0493652093008485,0.23178409734922445,0.7042152475443296,1.11190341124441,0.05310593651855818,0.10199531696860203,0.21410796605690374,0.20256715736297118
2014-12-07 21:00:00,DEHM_noBD,0.1208141402760799,0.11358198382646072,0.06546855540310477,1.1410842197821127,0.2867116197022329,0.6341746792739442,1.0799943459423513,0.04586538439848455,0.1250465664988941,0.11485796582409168,0.19173393361436897
2014-12-07 22:00:00,DEHM_noBD,0.14220595145565446,0.09047227740117565,0.07156419003771129,1.1342968021546302,0.34313452133746797,0.6494455069543782,1.0099654504829412,0.04039229005017374,0.12483203164427535,0.11917572148726305,0.176472328371615
2014-12-07 23:00:00,DEHM_noBD,0.14401665789191592,0.08659567374975931,0.07980934506920165,1.1267022632992523,0.411175681653656,0.7233019356746236,0.9907626835627805,0.037325243605328635,0.11080632877313518,0.18337132892988134,0.16124692825490838
2014-12-08 00:00:00,DEHM_noBD,0.123114911429733,0.08641194271206024,0.07794698925382917,1.145358101594327,0.4782615923058706,0.7967405279515496,1.0535628826835493,0.03518536106207168,0.09661418585297639,0.2323798161228791,0.14624485379471722
2014-12-08 01:00:00,DEHM_noBD,0.11314397359143467,0.08445423886696003,0.07533642650580727,1.101297875213935,0.5361212689647171,0.8170589009119272,1.0800808690315042,0.030873891006266876,0.08241628639675662,0.22766928987303733,0.13166986828198524
2014-12-08 02:00:00,DEHM_noBD,0.10936030432624731,0.09234277038254862,0.07974979625429471,1.0403280023785493,0.5213854193806181,0.8380326655022713,1.0741165174000546,0.032003024765560224,0.07838474902851662,0.20503738353509443,0.12047300539017991
2014-12-08 03:00:00,DEHM_noBD,0.1221458271901588,0.08452528409510754,0.08579580759563464,1.030036718496736,0.48136403951698903,0.8995230444822443,1.0719269967028986,0.036522623768260126,0.07359362178528199,0.19168232722925932,0.10960655759333357
2014-12-08 04:00:00,DEHM_noBD,0.13468586124440649,0.08647635369804796,0.08288211516599614,1.0075705528778442,0.4289677385470596,0.931772427298746,1.0886832445133245,0.036548376890321845,0.06935518980445449,0.18345003708690388,0.09892324224929537
2014-12-08 05:00:00,DEHM_noBD,0.1407309526418381,0.09062747284031526,0.07571054475509552,0.9123142250486556,0.3673005778469424,0.9170956585167204,1.0354743635789165,0.03262438910723416,0.07080994188692166,0.19150198004471122,0.09034506596965006
2014-12-08 06:00:00,DEHM_noBD,0.12752518317649586,0.08918617604428633,0.0668976582325994,0.876313096891106,0.35376674481990267,0.8701664737267756,0.9625328155716787,0.03523361916203042,0.07047883189558968,0.2095354344655292,0.08458592568212747
2014-12-08 07:00:00,DEHM_noBD,0.11198275152412233,0.08504445357025771,0.06172142018274618,0.9031206012373021,0.36587633314975065,0.818994226518448,0.9394862144679017,0.04346293208629118,0.0689231022045551,0.2219839772502471,0.08124443266024088
2014-12-08 08:00:00,DEHM_noBD,0.10648334389334534,0.0784686565212404,0.05783412694276871,0.9471858381534622,0.3553832164395878,0.7475629571393876,0.9016161033088154,0.04687706696866413,0.06614703055299105,0.20041848863479667,0.07750833438493769
2014-12-08 09:00:00,DEHM_noBD,0.10396993749157514,0.07084806393098542,0.054089901981360544,0.9441205864233907,0.30945984122801096,0.6239810922615229,0.7917908620929065,0.046067342062186725,0.06713623488060419,0.1817423084813402,0.07209173932809132
2014-12-08 10:00:00,DEHM_noBD,0.10207136719537889,0.06415602143640972,0.048255838588205965,0.9581119832226738,0.27518221918006425,0.5578672800200711,0.76779299395737,0.04926212125161192,0.07589762591179215,0.16629620686537566,0.06842486201641604
2014-12-08 11:00:00,DEHM_noBD,0.09808296401644111,0.05967739037516984,0.042302778072993284,0.991627720584328,0.26098182438030815,0.49581797848665615,0.7830449481255397,0.053865663841457447,0.08014570329738069,0.12738486386033293,0.06643436685161189
2014-12-08 12:00:00,DEHM_noBD,0.09105685120108983,0.059235576336050796,0.041072057069695835,0.9556159014919581,0.23911858720279283,0.44452662138547283,0.7742536740713821,0.06013512415580901,0.07316808856135211,0.11952504606161772,0.06315007654602975
2014-12-08 13:00:00,DEHM_noBD,0.08448710785331653,0.06107901353515506,0.04219536167259076,0.9301675556776836,0.22992432479848135,0.4304093986799403,0.7525962331788636,0.05887294213663897,0.06433921205884191,0.10538174464852848,0.05944027781444302
2014-12-08 14:00:00,DEHM_noBD,0.0825391473738428,0.05348740050269398,0.043513433813801905,0.9351042554145277,0.22107214165513395,0.40404849022576467,0.7231911380531801,0.05373664032754942,0.06056907843818573,0.09724930595151111,0.05648618020565417
2014-12-08 15:00:00,DEHM_noBD,0.07751885056924988,0.0483913121170922,0.044053676220112796,0.9131151343164767,0.2194930058122565,0.382036819076017,0.7383050503229862,0.05261886586476341,0.0627098354168217,0.09806504655248569,0.05713532268944532
2014-12-08 16:00:00,DEHM_noBD,0.06975428165710523,0.04430582933515971,0.043865223356715444,0.9639806416242894,0.17717622643893105,0.42977250164631753,0.792082618998162,0.05252602251069491,0.07120782789677374,0.10392459160172596,0.06164561514777358
2014-12-08 17:00:00,DEHM_noBD,0.06950222013300268,0.06671234641023495,0.04226119214454219,1.0859016342169168,0.12828334388497267,0.5147052530167029,0.819554063734319,0.05555900454587123,0.0747738031716341,0.15090935797921695,0.0671459335489092
2014-12-08 18:00:00,DEHM_noBD,0.07913585741333651,0.11259211157728383,0.04005442512690166,1.1608306051430746,0.11191175802016615,0.5728741967897024,0.8488128801843104,0.06629209847548959,0.07512878137519109,0.23027732868380454,0.06898647194521261
2014-12-08 19:00:00,DEHM_noBD,0.0783029316034771,0.1102898504898986,0.03729231626272713,1.2010952643544621,0.11472520269504734,0.52833286496178,0.8892977914687001,0.07990024234493023,0.07597556071184094,0.2693815264264031,0.07143113299262938
2014-12-08 20:00:00,DEHM_noBD,0.07582323902731114,0.09755610006701312,0.03733308955104628,1.2122198208632622,0.12785222758532483,0.4513981190814601,0.8845737789706117,0.0942361434670699,0.07702045877159332,0.21765205767630216,0.07424068779774584
2014-12-08 21:00:00,DEHM_noBD,0.07109257256026358,0.08558174899753056,0.04042920111990327,1.213027969373362,0.12269112720385182,0.3912131776415858,0.8621126200644567,0.09969151459114152,0.08260343509079869,0.09624271627570369,0.07772862757925976
2014-12-08 22:00:00,DEHM_noBD,0.061372023363453244,0.08646872581830237,0.038201494896297344,1.1657614216962329,0.09140089437833052,0.3712572702486882,0.8105282062445882,0.09359305229404924,0.09066769694326438,0.15402147716187475,0.0835210398388397
2014-12-08 23:00:00,DEHM_noBD,0.056850657878592545,0.09141790188016821,0.03675504814035596,1.0826587214220058,0.08355576447654502,0.3796924571440159,0.7748015579451654,0.08998874254229935,0.08882730410694131,0.17863746927636437,0.09419447518594781
2014-12-09 00:00:00,DEHM_noBD,0.053283591076477184,0.09184325051122556,0.041609606735031855,1.1220317268126143,0.07300288879693471,0.35534475823412603,0.7665087771327607,0.07839627701736504,0.0742620163693231,0.13306558818521205,0.10811981799323092
2014-12-09 01:00:00,DEHM_noBD,0.04865669090799973,0.07740581259097423,0.055577724386079254,1.1439480648008173,0.06097640605954908,0.3233369343354329,0.7603241401515388,0.06663129815668323,0.06695574338740645,0.16628381158020633,0.12454783760134105
2014-12-09 02:00:00,DEHM_noBD,0.04782081100809139,0.0760378194174274,0.061002125947989934,1.067573741949055,0.061068041551429565,0.2582635595487401,0.7360553715854056,0.06404640500223255,0.06964615535083223,0.16872390805672452,0.14732423977921585
2014-12-09 03:00:00,DEHM_noBD,0.06391094279573292,0.09055956941155001,0.061421608711191074,0.9653826717817853,0.06283314847384794,0.17136007945176412,0.7147620181620375,0.0706048132430178,0.07829550021719177,0.1770526414623214,0.1737818613151134
2014-12-09 04:00:00,DEHM_noBD,0.1337222880038944,0.10355786697361252,0.09185027564648406,0.8792262401504768,0.06627763711258983,0.16752678294730303,0.6568340370833035,0.08100358490718514,0.08650710373794648,0.18249987730170358,0.19718588135618
2014-12-09 05:00:00,DEHM_noBD,0.20154682652179143,0.12241014869281183,0.15232922891566278,0.9045981761874771,0.08662828170095321,0.18680260492602058,0.5928151145941216,0.0912945555679463,0.10246720425023684,0.19049342327306037,0.21364729051829648
2014-12-09 06:00:00,DEHM_noBD,0.22693579367194772,0.18189778442138793,0.19466572737295978,0.9413924389045313,0.11827091733584172,0.21069771658265374,0.5669844586544326,0.09956608968032982,0.137625389875844,0.23310854162948663,0.2296213293026794
2014-12-09 07:00:00,DEHM_noBD,0.2169998413522587,0.23129855140321404,0.19212866006133428,0.9567066246848175,0.14943603128292351,0.2572107294452364,0.5581389986656944,0.10331213375746257,0.18429357656406214,0.28793817715245285,0.2447902377610396
2014-12-09 08:00:00,DEHM_noBD,0.21893876836226767,0.24514549522711887,0.17393727527545064,0.9152701462693302,0.1747176207246898,0.2929519561231728,0.5425541522400034,0.10672534451044152,0.22540145512766196,0.3239838120409448,0.25686882628535485
2014-12-09 09:00:00,DEHM_noBD,0.18952713783769398,0.2393673355480469,0.14993045835318464,0.8036470068900466,0.20379041768158185,0.31786576688450197,0.49430596636183,0.10824786883473847,0.23686755156520728,0.28382103616001064,0.2498297600039059
2014-12-09 10:00:00,DEHM_noBD,0.16558419220027032,0.21499020800577467,0.14184802866137544,0.7013139702927844,0.23771883430344384,0.33917060309131336,0.4326311157547924,0.10870250563197756,0.23954982825580978,0.23678220460621863,0.22239558877143073
2014-12-09 11:00:00,DEHM_noBD,0.1584469115335166,0.17911755940430546,0.1353205305164894,0.652978438292808,0.2568652881172228,0.3975039704864667,0.39834675516518203,0.12191894976052439,0.22912144463282058,0.21934620216444595,0.20466835248932003
2014-12-09 12:00:00,DEHM_noBD,0.15936113863759657,0.1621313767056398,0.13007073132674146,0.582819762096054,0.25866714206960745,0.4426161752034885,0.39784201762076754,0.14802098586947643,0.19452584581978608,0.2122168829822376,0.19829059758411563
2014-12-09 13:00:00,DEHM_noBD,0.14634504351792837,0.15362188764955836,0.12994255073085648,0.5171246879637701,0.26146130566945747,0.45232861663410057,0.4178676301689712,0.1436856282446533,0.18615121677802865,0.22043015303402438,0.20197630159749463
2014-12-09 14:00:00,DEHM_noBD,0.13668678508666332,0.13790360045171332,0.1243250379913625,0.47039373090078807,0.2858071796794537,0.4847948909052937,0.47817718202410375,0.11918654341053198,0.19085829291027961,0.2358606574238883,0.20784113668720108
2014-12-09 15:00:00,DEHM_noBD,0.14535859550105393,0.13000850121622198,0.12011655027967628,0.47642708749458945,0.4350592146295972,0.5823206624421202,0.5629387858345656,0.10563490144309104,0.2185831005459744,0.2663165142765639,0.21186720073869675
2014-12-09 16:00:00,DEHM_noBD,0.18285272413502904,0.14621059497570146,0.11864512007153585,0.6036853068625624,0.6355895575786311,0.6577171654274716,0.6537891919658269,0.0910160214669628,0.23776157766760775,0.2933376534339459,0.21091674529422522
2014-12-09 17:00:00,DEHM_noBD,0.22722429118832094,0.14497047734515717,0.11579429804114365,0.864339605693022,0.9055416379180385,0.9047294198988458,0.9086671581724176,0.08606003419563163,0.23197544809849918,0.32301486385986655,0.21188198121684818
2014-12-09 18:00:00,DEHM_noBD,0.35199848971307857,0.1438005156726389,0.10622346516745723,1.268829604080871,1.2697748080609248,1.3010934188086913,1.2935172576106329,0.07795148330926892,0.22532234443908555,0.4006894117425334,0.21304705280929326
2014-12-09 19:00:00,DEHM_noBD,0.6280011753658752,0.1719462229836404,0.09515326427801384,1.6939174500087602,1.6955258344498754,1.6786267353761666,1.878527348129265,0.07065408780332642,0.21706977127678678,0.7220909713167977,0.21807751963694108
2014-12-09 20:00:00,DEHM_noBD,0.894180892196903,0.37730569189484686,0.09280176299013883,1.762467907255059,1.6450761800879357,1.6732835709022593,1.9445891414088874,0.06471486669212559,0.18485731943372619,1.0195174792543904,0.2268806197167466
2014-12-09 21:00:00,DEHM_noBD,1.0336440860005072,0.7786572431292677,0.1878679380165225,1.6392067075532208,1.5356518738486942,1.6448813005792422,1.7490221194187365,0.056239545043185304,0.23294043895013616,1.1193271972311836,0.24281304997321201
2014-12-09 22:00:00,DEHM_noBD,1.1910312505785283,1.1531037253058958,0.45115440849920724,1.372673189434118,1.5623163602284504,1.6832030468043335,1.5979538777213607,0.06227012925311916,0.5413379971288795,1.5178786148181336,0.24197926859825844
2014-12-09 23:00:00,DEHM_noBD,1.398628957681681,1.4738964621527726,0.6225810424343122,1.236313305759374,1.6131080550773582,1.8472436429940045,1.5613210286105532,0.05755866548895823,0.7690983742900751,1.644403780528953,0.2233604458601166
2014-12-10 00:00:00,DEHM_noBD,1.542971697047753,1.5349610402620957,0.5196406046085432,1.3964868803764197,1.351761713089398,1.895723921209031,1.8806775135548306,0.03061428620964282,0.818535556172775,1.6230323701627023,0.20171743880121967
2014-12-10 01:00:00,DEHM_noBD,2.156255578447668,1.391930008478444,0.3953584949970803,1.761280087387169,1.0544088710582953,1.7795256024018364,2.1796066038016884,0.029677825700975945,0.9492768924213945,1.981259710349352,0.18682736081076304
2014-12-10 02:00:00,DEHM_noBD,2.2874410226837174,1.1613753979017678,0.16025313551288084,1.957591575508226,0.7372447503483015,1.3998272449006977,2.1190364938753166,0.03748381953628548,1.1184618410080858,2.1092008528089528,0.2266687832146742
2014-12-10 03:00:00,DEHM_noBD,1.8390211032322794,0.7147984019090887,0.07526862496557628,1.6738422514375313,0.4167320765819772,0.986655870727091,1.5690371997289114,0.02987800025599803,1.0301161570512503,1.7786649554932863,0.4020566955409465
2014-12-10 04:00:00,DEHM_noBD,1.4619371515448392,0.38891755021708074,0.05415052388580963,1.1838022873957441,0.25197772076793007,0.6904980334336752,1.0536646020378848,0.021144427199161125,0.8527896062891185,1.4005865878665447,0.68346684974252
2014-12-10 05:00:00,DEHM_noBD,1.1324922211294994,0.17767324669169718,0.05522954323468949,0.8501965083741488,0.1671197093773818,0.48521450659111254,0.7493098959635662,0.021092880963151484,0.5017863119736312,0.9973127072829008,0.9465425539561886
2014-12-10 06:00:00,DEHM_noBD,0.8705188434405997,0.08647665400881782,0.037828215683749195,0.6218913405987823,0.13934923123855136,0.32764935430344067,0.5419490383104943,0.02131964554054382,0.260500981953889,0.8977891746219991,1.0759595974563947
2014-12-10 07:00:00,DEHM_noBD,0.5722991916663944,0.07638962333985815,0.03753165153004887,0.44265017076946545,0.11095487054536095,0.29965769915100643,0.4115553024576807,0.021745177233211517,0.11895342762205734,0.7404755595939606,1.0717500201203394
2014-12-10 08:00:00,DEHM_noBD,0.2794357791897094,0.06168855642069577,0.033780852999845144,0.3788503466672505,0.09075622254146255,0.32872776719267527,0.3814462309615756,0.023964102483261293,0.07719368508975932,0.5506441086263582,0.9810137463122606
2014-12-10 09:00:00,DEHM_noBD,0.156530597918434,0.04216272825465695,0.03136650394670942,0.35047641169318255,0.07719709119502442,0.2685014545807677,0.35573909019041683,0.024928720869803703,0.05749575485726807,0.3695734557489863,0.8192899252970516
2014-12-10 10:00:00,DEHM_noBD,0.12141544164217988,0.03482622873356789,0.03401576555484435,0.3189604154633471,0.07457352152750348,0.1699537527355108,0.2869474535754468,0.025264663306165138,0.048468616954050886,0.23168695037500925,0.6243688257324322
2014-12-10 11:00:00,DEHM_noBD,0.09559040306035876,0.03197536248265456,0.033905782661960655,0.298755906376854,0.07311917516101132,0.14540314373734567,0.21597550377132946,0.025097184309206735,0.04820390849675503,0.18811275977192443,0.4227372920182719
2014-12-10 12:00:00,DEHM_noBD,0.07656409757142876,0.03286025514504417,0.03079342492575492,0.25179926030117594,0.07152461646714237,0.14151524819516187,0.18626778543371114,0.0252608919717474,0.04578153567084572,0.1622069188058003,0.2510737241650185
2014-12-10 13:00:00,DEHM_noBD,0.059386350775896386,0.03220012559143998,0.031036685653494916,0.22153218773118333,0.07411032234802366,0.13882504774224513,0.20845372323434652,0.027695469341847162,0.04886969832779592,0.1565046599014544,0.1507093236614344
2014-12-10 14:00:00,DEHM_noBD,0.04835126690698773,0.03105279476001036,0.03189242397414165,0.22290907643115151,0.07216184052097593,0.1567423332051019,0.25108084916402845,0.02785056654883348,0.05614923993172583,0.13753971769165696,0.10537673428751518
2014-12-10 15:00:00,DEHM_noBD,0.04667024857075402,0.03371248794869715,0.03167406011837325,0.26371503849239974,0.07666735435397345,0.18517625089196368,0.2867948131694028,0.027086263667581812,0.052468256626477104,0.11736524485575134,0.08732416239670002
2014-12-10 16:00:00,DEHM_noBD,0.049637560293538045,0.04058056683694701,0.032461963853946535,0.4278907424124355,0.08327045093263954,0.29509801818683135,0.38660287347048716,0.02714604575320894,0.0400976150802522,0.1115615512877795,0.08163294735856338
2014-12-10 17:00:00,DEHM_noBD,0.05118311505975301,0.04611539922969711,0.03469402485447697,0.7542546632352438,0.09144682553799337,0.4611807247299601,0.5166318546769126,0.027040605894310135,0.03543159858180668,0.11585985657517314,0.07541836501220693
2014-12-10 18:00:00,DEHM_noBD,0.056652196808634106,0.049407368174828506,0.034323061840196505,1.0794410740354137,0.1008204924346133,0.5337268674432561,0.6626854451580184,0.025560666229829308,0.03463915514526526,0.12642150361790308,0.06704114497345852
2014-12-10 19:00:00,DEHM_noBD,0.09608337735494119,0.052413125440900876,0.03346441301788424,1.2494620787536224,0.10973212135224594,0.5736011058666315,0.845814674458173,0.02302924813700414,0.03698308025493266,0.16605615390588518,0.06200613841248084
2014-12-10 20:00:00,DEHM_noBD,0.16725741711000436,0.05290777361916244,0.03344748673173227,1.2745332719039077,0.12670309565213497,0.6145971385732645,1.0074934525644377,0.02063136403962062,0.040329029749184654,0.3165251260489225,0.06416597459951626
2014-12-10 21:00:00,DEHM_noBD,0.19078872780478323,0.049330524518005445,0.03341652674440986,1.2415801123128818,0.14811375004450786,0.6438136496680326,1.0927851394289871,0.019715076882920065,0.041731506450560285,0.436240585082285,0.07344750091535264
2014-12-10 22:00:00,DEHM_noBD,0.17058266306811468,0.04399827782146702,0.03328353808240025,1.1660885304062067,0.16809641344503495,0.6817484046620421,1.0962432146079846,0.02087822187137392,0.04136841309903184,0.4435048896017577,0.07512683244036486
2014-12-10 23:00:00,DEHM_noBD,0.1484183627343874,0.04029227679481425,0.03366184124800359,1.127324952291115,0.19964224742123846,0.740562765596915,1.1133748853483731,0.022764157535158876,0.0404912387714259,0.37651131094079454,0.06592149489520341
2014-12-11 00:00:00,DEHM_noBD,0.1360172661516652,0.03957235020433677,0.03568632637260697,1.0510412421279307,0.21407216287557962,0.772387852332816,1.1511858402436645,0.024341845424612752,0.03832448749612747,0.3338775211059394,0.05710788877981004
2014-12-11 01:00:00,DEHM_noBD,0.13971637313722393,0.04228774519709803,0.0386694701488245,0.9715260004164115,0.186557144495677,0.7488614389434676,1.0919617091403446,0.025492164360723546,0.03657027870949808,0.31404264457132186,0.05683530479145219
2014-12-11 02:00:00,DEHM_noBD,0.1569358287742569,0.047258671006924546,0.04090219798787021,0.8389312292711484,0.15013608106780785,0.6863764322709694,0.9521024740215414,0.02689351063469533,0.0358638416271999,0.3183417828825954,0.0600524987982306
2014-12-11 03:00:00,DEHM_noBD,0.1989135406587038,0.051041250570074144,0.0430749638829775,0.7235576378206489,0.12662643197983486,0.5922606296524691,0.8001628069005813,0.028795294237226383,0.03644849957264028,0.3578085456510911,0.0628669709796923
2014-12-11 04:00:00,DEHM_noBD,0.23577739766746755,0.05031989510002177,0.04288374727636785,0.6108838701364444,0.1075636718926391,0.47369913297840854,0.6644050754451238,0.03068745859088904,0.03944383544470602,0.4410280575462989,0.06566626374147358
2014-12-11 05:00:00,DEHM_noBD,0.25146594451131754,0.04935348932114886,0.04041726003330659,0.4968380024713115,0.09635849343281225,0.37117224052363984,0.5636593650264339,0.03144410097690091,0.043348899627115155,0.570922246549744,0.06785830216804276
2014-12-11 06:00:00,DEHM_noBD,0.27953366812543934,0.04950811542633436,0.036972472732099596,0.4201412035779514,0.08937386062938718,0.316367903268293,0.4773706707984139,0.031564498908355124,0.04692106153665768,0.6769945141463075,0.06911752484157442
2014-12-11 07:00:00,DEHM_noBD,0.34930452047499355,0.04955305791382202,0.03198409907711549,0.3776025125390057,0.08317060450125476,0.284997309527986,0.4176245258090423,0.031477663482155534,0.048396014433423645,0.8261330397634254,0.07068699901238991
2014-12-11 08:00:00,DEHM_noBD,0.3666997704199561,0.048389568236555165,0.03040497815959441,0.36970212644369393,0.081996974306451,0.24963262097575895,0.3784056845624809,0.03182772380991358,0.05111692944500933,0.9117715884538041,0.0690225973571708
2014-12-11 09:00:00,DEHM_noBD,0.3163435754983475,0.04461767435695153,0.03197766708130123,0.3321224599537393,0.0824294659999105,0.19039154548298215,0.30945862098196275,0.03257920734803191,0.05619797956104845,0.8380911598465755,0.06652875899942587
2014-12-11 10:00:00,DEHM_noBD,0.24682957804667044,0.039627283073393506,0.03311083564898921,0.2645895050037305,0.08452321456435112,0.13641481326229332,0.24924836245704263,0.03341642313657672,0.05929627699667351,0.7275187517869448,0.06805896583916143
2014-12-11 11:00:00,DEHM_noBD,0.18010274775389573,0.03320181605461634,0.033742222240176506,0.2050164425761872,0.08882029568773689,0.1036763489508142,0.21508497575132524,0.03402117485462246,0.05969815789315137,0.6060362543977098,0.07541500248777436
2014-12-11 12:00:00,DEHM_noBD,0.12698302907755354,0.029934673250520617,0.036676630659934636,0.18792651471673405,0.09329071198644105,0.09462838981731818,0.18042759954847876,0.03423645060542749,0.056187807156150175,0.47502239838852367,0.09082162711865029
2014-12-11 13:00:00,DEHM_noBD,0.09128276556336659,0.02970326746900351,0.04129668127536533,0.2048573997003429,0.09794890309335649,0.10525330060219674,0.1621555877954576,0.03379295079475945,0.050432573333628015,0.3462655572165182,0.11603659004572661
2014-12-11 14:00:00,DEHM_noBD,0.06767114949563154,0.031624351643676135,0.04486596449290196,0.21487832338020554,0.10330928438222955,0.141426802746861,0.18725995111772195,0.03431640902181855,0.04461972136159537,0.22654090253042775,0.15755099824299446
2014-12-11 15:00:00,DEHM_noBD,0.05730228756387467,0.0369243621632369,0.0463481967326009,0.25987596782429406,0.10440679762411847,0.1825277666029906,0.25110008966681485,0.03579391445998701,0.040387224744949254,0.1439008794365516,0.2214945473502465
2014-12-11 16:00:00,DEHM_noBD,0.04767981224949104,0.04330136708352616,0.05017856724400421,0.35020629730330766,0.09996110341127948,0.23982952057782397,0.30380312657399244,0.03711634138020745,0.03716842139295808,0.10871708647000342,0.3026252334208215
2014-12-11 17:00:00,DEHM_noBD,0.040402103327438106,0.04693402612005835,0.05587159615141562,0.42818766893536386,0.087969450164493,0.30754663292846574,0.3384831716100359,0.037564999915270854,0.03466808006089371,0.09872271967435797,0.37876030601808985
2014-12-11 18:00:00,DEHM_noBD,0.03902075894581603,0.052421317494302844,0.06443256746180179,0.5439824159087034,0.08297642308630034,0.3169315565167797,0.37656636731404686,0.037469267842023084,0.03527556538961997,0.07087196423229503,0.4349242635874275
2014-12-11 19:00:00,DEHM_noBD,0.04226223353442259,0.061696788249431304,0.07291992629199572,0.6579345399659817,0.08555758478946976,0.32304356105485843,0.4039257648411613,0.03729764666475907,0.03931942979911331,0.05182225819446381,0.4736357117001805
2014-12-11 20:00:00,DEHM_noBD,0.049277740734141366,0.07538718442085877,0.08195548452012104,0.7135197057360486,0.09949882645399295,0.35275403176583797,0.4207478217624581,0.037751824329306606,0.044507133638042665,0.048597189509901724,0.5011399474917514
2014-12-11 21:00:00,DEHM_noBD,0.05444124359314329,0.08581570946587201,0.08332480884214721,0.748512718897825,0.1360717959217539,0.4137137148610784,0.5092973346835309,0.03661741897203809,0.048662767780438765,0.04983752889352897,0.5145993202890635
2014-12-11 22:00:00,DEHM_noBD,0.05485977523272388,0.08951927110116846,0.08102956374343935,0.732563643442947,0.17710778706517064,0.41945371222696604,0.5939732776926014,0.03548559287075557,0.054017157304629054,0.05093344270376563,0.5013416509670123
2014-12-11 23:00:00,DEHM_noBD,0.052277319075273,0.08203380871787405,0.08034786676185547,0.6338084872022547,0.14860909920967177,0.2976638058894545,0.5768263757619552,0.03675897900199281,0.06102841312942079,0.05059547488226483,0.47575836174368624
2014-12-12 00:00:00,DEHM_noBD,0.04930549421641155,0.07505932875058263,0.07668168859892048,0.39201318984327826,0.12622474173439654,0.22364354368546274,0.4800634783958828,0.03827564072456881,0.06896216871861129,0.049501447986151706,0.4490235961239277
2014-12-12 01:00:00,DEHM_noBD,0.04863025468875178,0.07002570624321915,0.07043094231687591,0.23178857742859335,0.13187124615233378,0.18678340145507585,0.3288658218502986,0.040578716529659074,0.07671855708133134,0.04875285064259774,0.40626215189506226
2014-12-12 02:00:00,DEHM_noBD,0.04825891762148105,0.060406014773167295,0.06625739343621417,0.26492339593760134,0.14768406361039726,0.20894052838378577,0.2621650341598712,0.04259444361021668,0.08232970142282194,0.05194890950334078,0.32473422816365893
2014-12-12 03:00:00,DEHM_noBD,0.05270212912491046,0.05253689525201927,0.0669575482724792,0.3417953739975985,0.13482108602598294,0.28170777846765227,0.31488535002353596,0.04491282757807705,0.08070175105199906,0.05789618499529883,0.2313478043284441
2014-12-12 04:00:00,DEHM_noBD,0.0640686560117498,0.05114412008406485,0.06512413889778293,0.4115880764302715,0.17237221766386168,0.35839736418956414,0.36040718338888134,0.04603317633068429,0.076558705071239,0.06579899790005166,0.15910820981825188
2014-12-12 05:00:00,DEHM_noBD,0.07587405190902044,0.05720123164788687,0.06045413649208898,0.40942014312305836,0.26005966501241545,0.3838866342134435,0.3882433101230417,0.047418962931061806,0.07127008546753255,0.07840361554195795,0.10589072546873929
2014-12-12 06:00:00,DEHM_noBD,0.11313986796634498,0.06723411469887865,0.06105646102394618,0.3556371826445544,0.25943827490195626,0.33142230898365493,0.33841800994636706,0.04926527953198341,0.06575506967633651,0.11725508863197284,0.07752299815707188
2014-12-12 07:00:00,DEHM_noBD,0.2846345286812306,0.08679735163746212,0.0814325409675363,0.3037421507090428,0.21576457681417452,0.29024823621859297,0.29023380082296546,0.05116470710721721,0.06412569063602856,0.29480828140957505,0.0702374901343811
2014-12-12 08:00:00,DEHM_noBD,0.5740006120111886,0.16418298238506357,0.1489711519490866,0.21969523661558976,0.1541425797677971,0.2308408812419603,0.21676346591600548,0.05333042944344234,0.06446109218457038,0.6689760030720079,0.07389418279106073
2014-12-12 09:00:00,DEHM_noBD,0.835835855651996,0.24510732950729425,0.2639696647927186,0.14081793672558435,0.09804970920056086,0.1581932305284215,0.15472798956026532,0.056315192535606254,0.06680322696559467,1.1236060801467205,0.07805762901341592
2014-12-12 10:00:00,DEHM_noBD,0.5742928821605723,0.16540199644625875,0.12704848473492886,0.10068001726951008,0.06804154210153947,0.10987859967561475,0.11031983102174472,0.05981497134797909,0.07184370053919834,0.9587506631956155,0.07792112479784283
2014-12-12 11:00:00,DEHM_noBD,0.16840886595558358,0.11550432959832234,0.0797764064171583,0.08021115523096795,0.0574260781330614,0.08709856257584525,0.08481794821305895,0.0618747125332324,0.09496897372715052,0.27916115157961596,0.07662638679222777
2014-12-12 12:00:00,DEHM_noBD,0.09401554203975929,0.0900281177294673,0.07390662537329935,0.07006885173656938,0.07137816160406905,0.08197196350404347,0.07443481465036109,0.06190307953006459,0.23271082938202292,0.1003059831506455,0.07580802923912582
2014-12-12 13:00:00,DEHM_noBD,0.07297181927070004,0.047308167467024057,0.07695584344759566,0.0632212381296063,0.08895511859362933,0.09884959101358069,0.08099358479328257,0.06307038411806447,0.4787735585576528,0.07443952387860958,0.07415838994796556
2014-12-12 14:00:00,DEHM_noBD,0.06137460013842201,0.038088316192924875,0.08843504034809233,0.06620986565392074,0.11157719212923184,0.1588221625457258,0.10774614213254122,0.06596802894498253,0.7015148947671381,0.06291259809185264,0.07317809397399358
2014-12-12 15:00:00,DEHM_noBD,0.04211606763384287,0.03097590100591987,0.0998563080743274,0.09335574155919565,0.17614498067471182,0.27536717185537757,0.1679344458271646,0.06907988097417106,0.6876733382590301,0.04928905786511467,0.07541105156385243
2014-12-12 16:00:00,DEHM_noBD,0.06006360930427896,0.04279617229262818,0.08555384644723894,0.18131539034053973,0.29288530227445514,0.34546260244565025,0.34327307903440074,0.06998290786904163,0.46354560267107553,0.0905657116509228,0.07881961983629522
2014-12-12 17:00:00,DEHM_noBD,0.03811774946170384,0.13018690345294293,0.06279862656899714,0.39506549241571365,0.4175788896096311,0.43659064201526887,0.6443793798603321,0.06860015230554616,0.32937271333420637,0.16590280372665478,0.08520847379571342
2014-12-12 18:00:00,DEHM_noBD,0.04063731196241444,0.19470748402392826,0.07522492511864384,0.681243350854547,0.512074224062534,0.6244360405883599,0.830360116950379,0.06683150748252151,0.3497998237206308,0.1012551184151996,0.095502360305422
2014-12-12 19:00:00,DEHM_noBD,0.04000378080161266,0.13542982108254326,0.09358252451119471,0.8820218295641411,0.57913938071114,0.845030780077199,0.9638603992274093,0.06632029620609464,0.4875667721012461,0.04924380722230751,0.10135779657373777
2014-12-12 20:00:00,DEHM_noBD,0.06178622066918748,0.11053538943046456,0.09649470257163024,0.9975134156071128,0.6115375192105583,1.0591559437174092,1.1899163194738,0.06624372744508074,0.6137686213982558,0.06308671302750693,0.09845153265232384
2014-12-12 21:00:00,DEHM_noBD,0.07988842855643472,0.11152387059673019,0.08917587021515934,1.1810234346959256,0.6015625277162342,1.156941598867865,1.4371201090090082,0.06505750577261431,0.7373496649629714,0.06900985082667305,0.09465356420534246
2014-12-12 22:00:00,DEHM_noBD,0.06964065494924772,0.09606476688536282,0.07269481649553097,1.4249064569672985,0.6563997322891373,1.1864958353776196,1.596455492492209,0.05556968907732972,0.8296453971690684,0.05343915128286903,0.09584985420218654
2014-12-12 23:00:00,DEHM_noBD,0.09315377217397544,0.08680310550257898,0.050987902470524336,1.6524608760960422,0.6977173692136024,1.22438893073332,1.715918871568072,0.040761610960263,0.811754959955262,0.056908507265411176,0.10053644924176845
2014-12-13 00:00:00,DEHM_noBD,0.09804676047828965,0.06899586463292474,0.03796093230212092,1.8107341625618785,0.7298749044786392,1.2805991063903224,1.8334855172647224,0.03182337454639604,0.6847734727761893,0.0877595175148173,0.09732653249183656
2014-12-13 01:00:00,DEHM_noBD,0.082230691838348,0.05132406093020863,0.02509540636089268,1.8884761320936803,0.7781982468593771,1.3275988390874716,1.9250343487182842,0.02599128073071124,0.4529259534238278,0.0919078443986316,0.09496284304317078
2014-12-13 02:00:00,DEHM_noBD,0.06660611140421577,0.03761160139410074,0.02069866271723518,1.8894995768284866,0.7902365195495635,1.3468836063729241,1.9422593045541001,0.019270647574704425,0.18811787265792473,0.08696039385294412,0.10137136782618215
2014-12-13 03:00:00,DEHM_noBD,0.06050565579751727,0.022755790404735448,0.039678992930618016,1.8821882386060698,0.7990716194208337,1.3433382179627076,1.8803647188808106,0.01640941154194985,0.08297733937114456,0.08128876110674456,0.10364321974050236
2014-12-13 04:00:00,DEHM_noBD,0.04856075432452355,0.030187059996764947,0.06359791230841759,1.9054439978547766,0.8112746181992533,1.342879970508604,1.7845461931224673,0.02382282485048273,0.04836357057855922,0.09017284610118709,0.10205690643656984
2014-12-13 05:00:00,DEHM_noBD,0.03069596124617828,0.055877307685891706,0.0850797231539105,1.9237415243038714,0.8388734457474807,1.347835514129219,1.6898706452328653,0.029610725441062583,0.027642454170731287,0.0809233772933715,0.10608205421185106
2014-12-13 06:00:00,DEHM_noBD,0.03196420251128258,0.07646658155893342,0.10654673722374655,1.9435850920754434,0.8306644651887471,1.3565056514366183,1.6179455511677339,0.0281696636514365,0.028110675260145098,0.053248230231972254,0.1148131569269577
2014-12-13 07:00:00,DEHM_noBD,0.05405301069452405,0.09375188019993276,0.11874064306859736,1.9863597139549551,0.687284776596967,1.3488204337921899,1.6043840815327237,0.031913244375953095,0.04127172122952524,0.03657269023544311,0.12358959202697957
2014-12-13 08:00:00,DEHM_noBD,0.07681170329629544,0.10919856880732337,0.1350988803358637,2.027320999717832,0.5544825687841745,1.2935565917368896,1.6373718124906875,0.04044349206988217,0.044867008040249165,0.04453469059233313,0.12618668864297658
2014-12-13 09:00:00,DEHM_noBD,0.09359639797298,0.12822333688449455,0.1534354358604911,1.836205483955844,0.4629783669141958,1.2173937455454442,1.626142105454679,0.04886097851950659,0.05088872751189393,0.06602498346736753,0.1234762361243738
2014-12-13 10:00:00,DEHM_noBD,0.10556082880230142,0.14859440911859823,0.16446242250566367,1.6663633840012673,0.3952673424326021,0.9967543392653468,1.4175691636515513,0.05928843260217444,0.059549143601143585,0.08898656628067124,0.13453386077650106
2014-12-13 11:00:00,DEHM_noBD,0.11354777668740823,0.1619627766104177,0.16405562835575982,1.5843993960657132,0.32977561303835823,0.7466766632421259,1.2573604738284003,0.06926977248615351,0.0726022800465299,0.1081342830151946,0.1513939977489247
2014-12-13 12:00:00,DEHM_noBD,0.12421230073809035,0.16945466546867377,0.1723376503917958,1.4633851959536017,0.28896184927564567,0.6077920003018735,1.1021964044698134,0.07862679808074591,0.08326078102768385,0.1229167149601515,0.1500435525226872
2014-12-13 13:00:00,DEHM_noBD,0.13384198749147605,0.1740746201581683,0.18610328038228188,1.3895905878075654,0.2470257372029497,0.5727739749482806,0.9317623631005237,0.09170554526400505,0.0967151923802308,0.1367976117494367,0.13521310972348424
2014-12-13 14:00:00,DEHM_noBD,0.1403003406511269,0.1856688145755628,0.1875954894307907,1.4508111739308964,0.23322976990462274,0.6048316888430687,0.8375094712887035,0.10728804028372504,0.1127297495331102,0.1504669130266883,0.11606548783552308
2014-12-13 15:00:00,DEHM_noBD,0.1452402835840949,0.190852898106967,0.1828004696295874,1.4602817641171761,0.24277713201464607,0.6873499274366242,0.7522959999311493,0.11875632685227197,0.13018189402179783,0.15996217596873635,0.09840513621333796
2014-12-13 16:00:00,DEHM_noBD,0.1469014755519304,0.19122334898343799,0.1813254070410481,1.4573538519345075,0.26293171259965264,0.8111598611815151,0.7851342049473452,0.12793812051290052,0.1513282109376321,0.1668494383154311,0.08297359896853299
2014-12-13 17:00:00,DEHM_noBD,0.14580458355696513,0.18774336265865282,0.17385322701663822,1.373275799269405,0.2950991990688162,0.9180785369915783,0.9411482208170125,0.13637442028146113,0.16130806408524492,0.17551621183196797,0.0718051803518685
2014-12-13 18:00:00,DEHM_noBD,0.15268691418793273,0.18486260890749173,0.17108077130557484,1.4064228879876721,0.3435987751558329,0.982063919633291,1.1765882935557688,0.14267116385384568,0.16306137589420178,0.18002437923152356,0.05928992665666834
2014-12-13 19:00:00,DEHM_noBD,0.15740949638036064,0.174321890191576,0.16410035640181964,1.557492102784627,0.36805881190929546,1.016992469059013,1.4233627578405663,0.1487646934824668,0.16660290615373277,0.18161173342143308,0.05066609936444365
2014-12-13 20:00:00,DEHM_noBD,0.15941215537835834,0.16731948538677033,0.1650850144374032,1.710316347696462,0.3775828164536318,1.055250716453569,1.6260802070309714,0.16682346315448401,0.16536818132758135,0.18625766320286422,0.04894337311442003
2014-12-13 21:00:00,DEHM_noBD,0.15582004309902653,0.1655952194065197,0.18193383658302828,1.8127987905241234,0.4232589767093862,1.0906815181404375,1.7709944394370727,0.19452693978713603,0.1597340959107689,0.1906625416878517,0.05058244464270553
2014-12-13 22:00:00,DEHM_noBD,0.1720229660679841,0.1755693921928361,0.19623798515078605,1.9093667659549147,0.548689275182085,1.1052680931902352,1.882355936581297,0.19505729233257804,0.15219596975907673,0.18684823715137763,0.05301889167946387
2014-12-13 23:00:00,DEHM_noBD,0.17211202326603922,0.20490840077465833,0.20026859218044202,1.9754440937991673,0.7527540643306541,1.1280532129412633,1.9967376385639641,0.18635196950075317,0.152533104243865,0.19089747648849253,0.06331839174234734
2014-12-14 00:00:00,DEHM_noBD,0.1875042831194958,0.22598867504784773,0.21128054790006942,1.972792586513887,0.966142712955717,1.1968452731576096,2.0330088801167965,0.1764927072176103,0.1586547048389631,0.19890394609680914,0.0845672441887372
2014-12-14 01:00:00,DEHM_noBD,0.19267394018749695,0.21785207812022384,0.21832843311246944,1.9929732809580596,1.1351719669905491,1.2591728560663293,1.991467073357832,0.16386296861303368,0.1551769711878708,0.21665453772565213,0.10608761027824043
2014-12-14 02:00:00,DEHM_noBD,0.19472911759229372,0.23259026392496257,0.22071618266710072,2.03815418670967,1.3169489828325995,1.3838470841571315,1.9352417942973388,0.15528303914985375,0.15266943734210436,0.23455600635870155,0.119601682712723
2014-12-14 03:00:00,DEHM_noBD,0.19483859723443614,0.26212869333994016,0.2291380075842782,2.1213900779558976,1.5464562979895062,1.6597042673563258,2.0015089938954915,0.1594036210000387,0.15794263005819856,0.2545052134645216,0.12665698375391435
2014-12-14 04:00:00,DEHM_noBD,0.19161525529257234,0.3080402952478889,0.27302330317641577,2.1808988094567368,1.7433723830117471,1.9623694858284435,2.1604411127044867,0.17038923131251701,0.1781903222394546,0.2659593918442724,0.1335818193953331
2014-12-14 05:00:00,DEHM_noBD,0.21656007695852303,0.35433732285770253,0.32446073157972527,2.275642910938558,1.923019997889083,2.1400737726357857,2.074076416041898,0.17596348976515336,0.19474586425206203,0.2962468725198273,0.1428568134470787
2014-12-14 06:00:00,DEHM_noBD,0.2896752335352915,0.4433834370255699,0.34827870000230426,2.3250852732359735,2.055077673073523,2.228372917717667,1.995333534226371,0.17421522983766144,0.20367781117512193,0.3329980343631839,0.1569852820612852
2014-12-14 07:00:00,DEHM_noBD,0.3883673468505777,0.6438703582122167,0.6161146440447581,2.0930727184318774,2.1406407003409047,2.349501080139172,2.0993349578251594,0.15905693524508724,0.22787371899711656,0.3908566012900694,0.1737548710378562
2014-12-14 08:00:00,DEHM_noBD,0.5771023420457727,0.8559501773643161,0.8646836308683583,1.891120567627314,2.2904595202667823,2.4521363659428435,2.22114451096287,0.15008689717289045,0.2918934099760266,0.6245275925172307,0.19159964473224747
2014-12-14 09:00:00,DEHM_noBD,0.8152872821458428,0.9686295579878961,0.8624840722951558,2.0230658369022563,2.4709326299819256,2.6024216571833985,2.174784711427074,0.15047982692884262,0.44809585286479436,0.854553687344631,0.21034629656151038
2014-12-14 10:00:00,DEHM_noBD,1.0496064782087133,0.9385368081521447,0.7754362539417916,1.9938753544121894,2.485548223462757,2.639799126073436,2.1691741830812323,0.14262531211485596,0.5803096232340763,1.0359790603062138,0.22897631404993074
2014-12-14 11:00:00,DEHM_noBD,1.2722882117874361,0.6813763385176494,0.6249341437557729,1.7063705473356612,2.2718171679179093,2.651866904040019,2.157994395056013,0.14500887576936733,0.7324262378376816,1.1864367530739495,0.24015906233663337
2014-12-14 12:00:00,DEHM_noBD,1.5966190371127056,0.5990139863265445,0.5073414968240461,1.5029228122118419,2.167234743888569,2.598046496157367,2.074659025097068,0.12918524273961765,0.8276643356234394,1.3207028494016269,0.2402797757204153
2014-12-14 13:00:00,DEHM_noBD,1.8704790479767368,0.6129662136401887,0.46064497376208147,1.4196352286356515,2.0716838104951707,2.391092602651807,2.0276168831000954,0.10830057658083726,0.8096662148500977,1.5011905562533798,0.24023961372123126
2014-12-14 14:00:00,DEHM_noBD,2.0365662906362028,0.6972383069563144,0.46062655885825243,1.3463368789769383,1.9616726015653694,2.1579477975411074,1.8884665826810967,0.0957732225639559,0.7135017495657876,1.685180459825238,0.2450668232982814
2014-12-14 15:00:00,DEHM_noBD,2.1309558225387066,0.7676372046495623,0.34626751684806534,1.3560231222399695,1.9060889770810632,2.0316368951115966,1.781232506341548,0.083267509217821,0.79998000400085,1.9493506350625365,0.24950477131588722
2014-12-14 16:00:00,DEHM_noBD,2.2053305982796534,0.7525836987618868,0.255242187775257,1.4485809485194296,1.8862952177932486,1.9968264421043147,1.7668029226193251,0.06838706612957628,0.9530684149008057,2.260308724831223,0.2811900336736462
2014-12-14 17:00:00,DEHM_noBD,2.369010703709015,0.7095881379991862,0.22676234819828878,1.50172202768923,1.8463708532983505,1.9827130727728361,1.8688271044763527,0.056540791912022874,1.067650604600217,2.545699849461929,0.37986757405910154
2014-12-14 18:00:00,DEHM_noBD,2.530142009443797,0.6383105734869231,0.2264518097837896,1.549650351148153,1.816652056109039,1.958560830273988,1.8881628490554414,0.06084613768720977,1.13353906731287,2.8530869398322594,0.522239003885826
2014-12-14 19:00:00,DEHM_noBD,2.736588305997488,0.6072352070755417,0.2183596672275429,1.641589318496216,1.7361888141849593,1.9220119714055486,1.8375521741583163,0.06024187096045349,1.164450613254346,3.0632614193421865,0.6400918265640734
2014-12-14 20:00:00,DEHM_noBD,3.035012487783242,0.5395595718522928,0.18508105182885637,1.7033371135700546,1.5901099245581451,1.89133404670822,1.8054272303398513,0.049856126996506836,1.1394317458210141,3.1263259342418492,0.6798041482167598
2014-12-14 21:00:00,DEHM_noBD,3.2786500678839925,0.4924036195125058,0.1574477922472216,1.6443963616570545,1.3596129099263297,1.7957761072602012,1.8295666449199186,0.04581252075382372,1.1416944518704712,3.210090225853862,0.6985612968622147
2014-12-14 22:00:00,DEHM_noBD,3.457320522727059,0.49786501699408514,0.13282626239564257,1.6641459712105227,1.2719435193679807,1.7617513382726864,1.8708782514815385,0.051831355610170216,1.156750642285645,3.3441878973740344,0.7872957641651573
2014-12-14 23:00:00,DEHM_noBD,3.5934590933566715,0.4896271984893735,0.0945527110265241,1.803438262045692,1.1859086105664562,1.7332474760557846,1.9644971095161112,0.05396000487483408,1.1585286673434823,3.459499151129768,0.9815878851349187
2014-12-15 00:00:00,DEHM_noBD,3.5333961686964823,0.4291753678159788,0.06402482833058555,1.7765693356876404,1.078618827774343,1.6504616846263938,1.9962135708211535,0.04991825521323324,1.1713078015507759,3.623953008652364,1.2591327668784185
2014-12-15 01:00:00,DEHM_noBD,3.396177594561393,0.3545610275660594,0.05283850017730835,1.8024448993402253,0.9664321301743621,1.5509883186017082,2.049369250618346,0.0486768498613859,1.1642013006538154,3.685836053558128,1.5791327898373269
2014-12-15 02:00:00,DEHM_noBD,3.269579524521288,0.289552431724579,0.056310976840867444,1.867946725267727,0.8283488876673393,1.4491660019976011,1.9785417472363012,0.052961529053091094,1.002511638450399,3.85243702417059,1.8966869016952068
2014-12-15 03:00:00,DEHM_noBD,3.081514034673364,0.256940167219159,0.06186745844758099,1.912835482825628,0.5794245569711085,1.2573589368381568,1.7823866779061053,0.053257182677988936,0.7770537262442708,3.974859037533598,2.2594064073503204
2014-12-15 04:00:00,DEHM_noBD,2.7706480392164243,0.21908133049909004,0.05023790903442059,1.8917640384994159,0.340509225938022,0.993922453126061,1.623069221225725,0.05208078884543177,0.582975970224291,3.790258836070639,2.6312755814308395
2014-12-15 05:00:00,DEHM_noBD,2.4284392182714676,0.16577994835898263,0.06405912978977828,1.7819202593803296,0.239537375563681,0.6495924448052629,1.3283519317917327,0.053925729941208804,0.39049234851580106,3.3440559778825287,2.7826912673320434
2014-12-15 06:00:00,DEHM_noBD,2.110916930190269,0.11209332883367071,0.05808604795967857,1.3993243190826836,0.33823052018268956,0.43789996386102503,0.884330901852362,0.05858090652548753,0.2533972867995499,2.7859831766631267,2.7431906542177495
2014-12-15 07:00:00,DEHM_noBD,1.6870991187622353,0.11852676890802787,0.04919765087918892,0.8678341729239112,0.5170038778445636,0.5091977472948882,0.6341936365304456,0.060155756633619197,0.15847049713483072,2.2540530069341136,2.4924849118964376
2014-12-15 08:00:00,DEHM_noBD,1.0299171244078873,0.15206257419879998,0.0626074757133505,0.6255434785342091,0.6163048799057258,0.6799292162739078,0.6407187195744639,0.06268555683280791,0.09552270261039947,1.8948561765891125,2.1328467749658038
2014-12-15 09:00:00,DEHM_noBD,0.44342332740937346,0.11203854793442858,0.08807328255922056,0.6212071439490197,0.58313639774085,0.7546899960602551,0.7335181032582692,0.06830944081384673,0.08527319080975809,1.567507363809524,1.8261634789274632
2014-12-15 10:00:00,DEHM_noBD,0.2451915670536271,0.06328083055554992,0.0985327481009344,0.6844044863684061,0.4689519746311799,0.7503468800720849,0.7982167369187838,0.0740499576567846,0.10092566546204484,0.8864018867586179,1.53478662317751
2014-12-15 11:00:00,DEHM_noBD,0.2208387627247301,0.07207715591297123,0.08080384492533733,0.7276799815014958,0.3558988495567207,0.6913907212852151,0.8287574168586381,0.07766218208467693,0.11089781303521237,0.5032505420932033,1.2315328707109203
2014-12-15 12:00:00,DEHM_noBD,0.18989873028001258,0.09035757667175019,0.07936965889658763,0.7277031598205137,0.28403848366405343,0.6568200028298212,0.8262667346636118,0.07653305793042636,0.11633856587086792,0.42815010111759166,0.940111659649685
2014-12-15 13:00:00,DEHM_noBD,0.13958848988774916,0.0839766717892849,0.09656230265622712,0.7511573109405836,0.25087775153470215,0.6483873471265006,0.7866093763326283,0.0747669356911157,0.11182304422181084,0.35472711536113394,0.6868290091834869
2014-12-15 14:00:00,DEHM_noBD,0.09533775237518106,0.07712365666176277,0.11366021349183278,0.7893074650381109,0.27251099769531745,0.6778247928305154,0.7965969316027395,0.07429649278614085,0.0978481068587208,0.2644187336995708,0.49578762534300796
2014-12-15 15:00:00,DEHM_noBD,0.08770762182201944,0.08673595008001159,0.12314163440222849,0.9694730181910888,0.33269471913940957,0.7771137898998312,0.9296382707137707,0.08161392370817423,0.08676539690685202,0.1969176127332191,0.362381942990804
2014-12-15 16:00:00,DEHM_noBD,0.09066612748098551,0.10143918416016405,0.12810373699907154,1.2514449533826983,0.4342038149266247,1.0087403996177833,1.1234430126327812,0.09192480777595533,0.09521283047347426,0.15725011014365112,0.2636191638994215
2014-12-15 17:00:00,DEHM_noBD,0.0960889812286407,0.11468014211213369,0.12763009077508342,1.550859482957865,0.5846811440092696,1.3380425673036533,1.4403797571413008,0.10001264122345935,0.10709210117181514,0.14543116585445587,0.19847943404082197
2014-12-15 18:00:00,DEHM_noBD,0.10757514122859099,0.12252070798751137,0.12588652388189328,1.821464352646696,0.8285176861556712,1.685997485552416,1.9529926774700845,0.11089570392572483,0.10471642927251737,0.14309920345891258,0.15476500994992434
2014-12-15 19:00:00,DEHM_noBD,0.11826769197452792,0.12313200931001882,0.12468706564159432,2.042391054639146,1.1302150966075852,2.0991633267725778,2.4482738092437595,0.12230626220607306,0.09258846105021408,0.14689030134882758,0.12418943677495216
2014-12-15 20:00:00,DEHM_noBD,0.12785920714625146,0.12443936857712792,0.12925836705070642,2.2554591192779787,1.370277157605495,2.4413488486450907,2.8292098290615484,0.12693945846289156,0.08538443391360793,0.15330023266221385,0.10700494408079415
2014-12-15 21:00:00,DEHM_noBD,0.1337266318996342,0.13045105460739936,0.1356561842497251,2.491140778710851,1.2778344716609267,2.678883824106809,3.082167324438617,0.1263629884324682,0.09073562359931861,0.1629726183941959,0.09467064887114325
2014-12-15 22:00:00,DEHM_noBD,0.13853617894414802,0.1432798358519619,0.14618070373709766,2.694696519780177,1.3576557175939903,2.796295348484097,3.3359633897662073,0.1284904768329344,0.09945577118051692,0.17392660577290675,0.08547071483141026
2014-12-15 23:00:00,DEHM_noBD,0.14555047888576966,0.1580179849873135,0.15261982576819816,2.8209982502912543,1.4800733605589345,2.8070766772000866,3.5328313740800175,0.12939322075875465,0.1067017811741865,0.18623641324938264,0.08153273269071928
2014-12-16 00:00:00,DEHM_noBD,0.16283709453592057,0.1729561510175538,0.15321706890444264,2.8695279848321014,1.5781583384413271,2.8307476080579734,3.6180021932900326,0.13203889093089838,0.11500282312603648,0.19926184353869383,0.08076051741836636
2014-12-16 01:00:00,DEHM_noBD,0.17753017587594674,0.19690569954482748,0.13359828170527227,2.9352921615693766,1.7621031088660284,2.8519782700914424,3.6633143433743625,0.13559260670185086,0.12262793237335493,0.21192212900156143,0.08294627652442764
2014-12-16 02:00:00,DEHM_noBD,0.1857214443213957,0.21628076825786482,0.1312224131658067,2.9988603157980505,1.9154366051120684,2.846561642569033,3.7081868914445493,0.13593617678973813,0.12937258060036214,0.21839199723226932,0.08915341158828226
2014-12-16 03:00:00,DEHM_noBD,0.21465333407395498,0.17573104872015297,0.13674799235504576,3.053646705638138,1.924366932329759,2.837936603276599,3.7402741346412856,0.12650958798821998,0.14178815073135764,0.21538090421386047,0.09687077671573303
2014-12-16 04:00:00,DEHM_noBD,0.24428196062240742,0.17310364473332637,0.14431731206143258,3.120383548873114,1.7298492092177087,2.8006791149726697,3.674681961628804,0.1288431442858278,0.15168579976465685,0.24597012804469087,0.10265517647746146
2014-12-16 05:00:00,DEHM_noBD,0.2519726825820653,0.1959857457823678,0.16419700954047955,3.2294242965816333,1.5623864432640933,2.747366477206657,3.55538917784879,0.12634654396478076,0.16283304613979932,0.30854599604736066,0.11069946060234497
2014-12-16 06:00:00,DEHM_noBD,0.37461511441055684,0.19279077934638575,0.13207061089026964,3.4326539182431417,1.5567850282830324,2.671628306380659,3.2826754570334407,0.0625636045462822,0.17722759507118235,0.4810621869004702,0.11971903093025406
2014-12-16 07:00:00,DEHM_noBD,0.5425472684706095,0.17014122751773791,0.08786615761977604,3.597168707787723,1.460401266148528,2.5726376624301683,2.941418688265616,0.051022796581573604,0.20863812462938935,0.7704940533999167,0.13324370815405928
2014-12-16 08:00:00,DEHM_noBD,0.7392239722132309,0.15606783316649944,0.07861664065729809,3.480830090828037,1.3246636232648321,2.3740106827972807,2.691234741028687,0.09016780725945232,0.20124464348489407,1.1211571276731604,0.15050632924424828
2014-12-16 09:00:00,DEHM_noBD,0.8167982201131805,0.13530705022716652,0.07769877526998964,2.688250700764542,1.025256953540258,1.8497156299417885,2.474114688897226,0.1280658517472537,0.17392263306504097,1.452612081884723,0.17396647668125628
2014-12-16 10:00:00,DEHM_noBD,0.8124709942401944,0.08941010946571462,0.1355640301545685,2.176399794311172,0.6660565395218319,1.4755949739904795,2.1514340900220628,0.13916479755270042,0.14157867059743015,1.6360331585850847,0.18865747511423106
2014-12-16 11:00:00,DEHM_noBD,0.7165669622111878,0.0751609104593353,0.16461750409527198,1.9465803444127086,0.41931044731685874,1.1423012655128537,1.7011299298074678,0.12377189073531411,0.11767662376759558,1.67114768936852,0.18886801641445963
2014-12-16 12:00:00,DEHM_noBD,0.44801747115841123,0.12152439977709606,0.15051992094947944,1.6683017684644321,0.2737236580206546,0.8435051303189852,1.3389388713891095,0.08444664369764962,0.09506511636598021,1.6125139929621666,0.1865239626313056
2014-12-16 13:00:00,DEHM_noBD,0.18856292684995085,0.1503132681479452,0.13978453229917667,1.3476722365189904,0.21610091976748774,0.6134685527911594,1.0362775939618727,0.05556590128164143,0.07295719801360967,1.2439396960587892,0.18341041400138963
2014-12-16 14:00:00,DEHM_noBD,0.08675838339602565,0.15129209726660905,0.12130489645299955,1.1620718026980161,0.19688215224394573,0.49417844307924386,0.8323468079766828,0.04200684483382612,0.07253537142577622,0.6621385617253929,0.18232718330830322
2014-12-16 15:00:00,DEHM_noBD,0.11658789668041968,0.1397724398091004,0.09129782897173411,1.1408211158416188,0.19709659845256228,0.45220670708699523,0.7453328871788083,0.04100914524708399,0.10097357280318407,0.2898142258409968,0.1813712804582655
2014-12-16 16:00:00,DEHM_noBD,0.15392094256649255,0.11719195686531376,0.08653641076901925,1.206919565994978,0.22047120371002688,0.46638843071684,0.7392757962177169,0.04940727048472487,0.1284722085591893,0.14008922863836507,0.18419888108502472
2014-12-16 17:00:00,DEHM_noBD,0.1490470334500818,0.08815670771172678,0.0706697649420029,1.2658530875943763,0.2576843268301057,0.5237630161072063,0.7505420460859173,0.05005624519094109,0.131046244804887,0.141667277954996,0.1953082862773089
2014-12-16 18:00:00,DEHM_noBD,0.12423491538434732,0.0660597030506673,0.06554514038827029,1.262932123301559,0.30804107635879874,0.6051707361402141,0.7892395754559685,0.04740545331307199,0.09766152683844771,0.16736456599744948,0.2322344656304616
2014-12-16 19:00:00,DEHM_noBD,0.09203078378669677,0.05576211736052876,0.06309340788909452,1.3102490420154809,0.38771143029595717,0.7068132637331505,0.8664669046722049,0.0446798628671931,0.04885695524061544,0.16668575820067874,0.2774209196405883
2014-12-16 20:00:00,DEHM_noBD,0.0756824108553078,0.05333832725129457,0.0665618967252596,1.5393381231251686,0.5044191741102095,0.886583302821333,0.9888828274369693,0.03686118161166537,0.042751642701165896,0.12964411504145687,0.301158147039382
2014-12-16 21:00:00,DEHM_noBD,0.06819300674095281,0.05112483650583285,0.0674192625969042,1.8754181239519967,0.657463226454053,1.186549183405973,1.3060979378503492,0.0299486435523674,0.04207720793672622,0.09466534046685765,0.29800682267336753
2014-12-16 22:00:00,DEHM_noBD,0.06569020261505602,0.05381814027485459,0.06606120111535299,1.9709140084542383,0.9095732428193093,1.6514758372848015,1.8167556554628166,0.027008584473160374,0.04034918216686595,0.07996762884029868,0.2800421640808423
2014-12-16 23:00:00,DEHM_noBD,0.06636487915602968,0.05790148085957746,0.05608628806652716,2.008548926926344,1.2753420106387139,2.005952653185502,2.0731648932277134,0.026583335124417014,0.043880136396108965,0.07369683186298226,0.25458440161371276
2014-12-17 00:00:00,DEHM_noBD,0.06539796274787858,0.05443225199674109,0.05980701226685186,2.5424730651003173,1.643819335788712,2.1274371452306022,2.1792198380215884,0.02823303390988595,0.04533228508478007,0.0729971575938507,0.23301882453564493
2014-12-17 01:00:00,DEHM_noBD,0.06775012698435598,0.05085087986688266,0.07317036400897974,2.8413084499340364,1.8352294806464018,2.690756596195386,2.700753892963836,0.031035216917954193,0.037397476910613306,0.07403028612338465,0.2169396942890261
2014-12-17 02:00:00,DEHM_noBD,0.06293884970959847,0.056613170032961936,0.08292476740603762,3.007832362005967,2.1793700058335066,3.2963490328885285,3.295449112689975,0.034261041258552324,0.03223434947675081,0.07409838977802764,0.20937955276419953
2014-12-17 03:00:00,DEHM_noBD,0.06629234330483931,0.06838979905337307,0.09555087114184685,3.031175362262529,2.7955469167088722,3.612893075435087,3.487539371423148,0.03670147926289811,0.033408036214448315,0.06973932114265141,0.20407888568164978
2014-12-17 04:00:00,DEHM_noBD,0.07769455298634707,0.08218858128944578,0.11378976117204523,3.0707902845087367,1.845730515605472,2.7257170617460043,3.5644044890359696,0.03966594738383067,0.05008892486928127,0.07146157845860338,0.20232052401493206
2014-12-17 05:00:00,DEHM_noBD,0.08840084683128614,0.10248634958823465,0.13215425831113964,2.8014049053576775,1.093090264249742,1.5407050677438872,2.8390515199586606,0.04257202532727841,0.11276259079709511,0.08190753151727244,0.2069510946064232
2014-12-17 06:00:00,DEHM_noBD,0.1027903213615645,0.13612589552097976,0.20353960424240247,2.0925775083370333,0.7879726060090027,0.9513870045700866,1.7693147611294522,0.04406918742800584,0.2689301902839168,0.0905667835668031,0.21379944207037624
2014-12-17 07:00:00,DEHM_noBD,0.1174813796879793,0.17874556606363529,0.3153817273921422,1.593120646043485,0.508494385129418,0.7050114515320665,1.1861256829128854,0.04322386294899029,0.480486752631096,0.10310506291434456,0.2182025796639971
2014-12-17 08:00:00,DEHM_noBD,0.14481194272106257,0.28638362287638197,0.4524510078400178,1.1331613092658115,0.27499902593415215,0.4885028370944416,0.9414878982649476,0.04469749278961657,0.6440476432931329,0.1324831215616949,0.21479669346169766
2014-12-17 09:00:00,DEHM_noBD,0.2213074024145117,0.3700131439366744,0.5012234632251537,0.6577664795039447,0.1970017600715438,0.4289128769973879,0.6052919273586977,0.04932829884057844,0.6821306884318402,0.18825677317635595,0.19923621668454305
2014-12-17 10:00:00,DEHM_noBD,0.35690683085426667,0.4112870286007049,0.6458060814506841,0.41255485781766854,0.19813035602610546,0.34144585222644963,0.4731214588095852,0.0549546098511199,0.6497189554052241,0.2810411254254541,0.18099745117362842
2014-12-17 11:00:00,DEHM_noBD,0.5864827455207611,0.5858657261967098,0.71638808973297,0.3553870585689238,0.20298850776332888,0.33648331328461234,0.43213305970430016,0.05917325890421396,0.589779697939474,0.41006735422085966,0.16231651322949958
2014-12-17 12:00:00,DEHM_noBD,1.363540975848378,0.9984745648881979,0.6796712472169473,0.34891616329656944,0.16361615716394015,0.3798652705747866,0.39167897681900876,0.06549446037200561,0.5293133859336654,0.7194520742101036,0.1488809631801114
2014-12-17 13:00:00,DEHM_noBD,2.3738356951921338,1.6073882779383382,0.7810829631961136,0.39768427581399846,0.11986034263914436,0.34480613033034474,0.4238482645573304,0.06975037766456188,0.47080999107286325,1.2518375231264556,0.13933065028366015
2014-12-17 14:00:00,DEHM_noBD,3.6251352171018927,2.0775023216065764,0.9791585904646384,0.46210837229680435,0.10613086174097366,0.2682941738161152,0.41696469768485456,0.08541581970939549,0.40625248163196714,2.1026459226551593,0.1310041951267572
2014-12-17 15:00:00,DEHM_noBD,3.7299803191187118,2.170574145505142,1.065507938941852,0.4835188620787637,0.10530627731970023,0.24989034666613225,0.39383578707666067,0.11926028867728646,0.32702721288532,3.2565729052726273,0.12825787614886378
2014-12-17 16:00:00,DEHM_noBD,3.172152520105247,2.0877893828724976,0.7537194361736951,0.5647062855992652,0.10390807155716218,0.28186897136718725,0.45975161048746543,0.16785252544132978,0.33035680829680525,3.578898698748706,0.12818848892813572
2014-12-17 17:00:00,DEHM_noBD,2.5791691800546457,1.9871070071528862,0.4558762785204242,0.6865411393648635,0.1232194532686331,0.32572389787415323,0.5399507933776919,0.19302589319089408,0.42099622889136884,3.5279408851083964,0.12767232447058138
2014-12-17 18:00:00,DEHM_noBD,2.3519802777794747,1.7333515458193407,0.37315729151044863,0.8032927065324016,0.2033017670974786,0.40903639820445203,0.6265754798800317,0.1703387670213728,0.5786098099777848,3.268309504985623,0.1284663464037945
2014-12-17 19:00:00,DEHM_noBD,2.184780512915589,1.4339610400874352,0.27683674710579487,0.8566067969468026,0.32015683739145273,0.5055819932726373,0.6775459036018419,0.1281855494635551,1.256899599554725,2.6343312932821736,0.13393487714316712
2014-12-17 20:00:00,DEHM_noBD,1.8517950443303213,1.2839942492378271,0.19685855141954484,1.0482610873924918,0.4510122957023419,0.6151205096333194,0.7284831955135928,0.09626354086138295,2.3823960518993808,2.120094239944182,0.1349099826987882
2014-12-17 21:00:00,DEHM_noBD,1.7509843449316174,1.1654274297950662,0.18022929503079493,1.179174288839267,0.6898061288977414,0.8796186127621634,0.8345982660204079,0.07060236161839206,3.21230212603122,1.990193416574523,0.1321688809349854
2014-12-17 22:00:00,DEHM_noBD,1.8736110560406,1.04258645897754,0.16058027157090593,1.2790819677421472,0.8787110071140155,1.1131599575888178,1.1043426619805603,0.048007234672419616,3.080622838792205,1.9591848677431047,0.1416639283171135
2014-12-17 23:00:00,DEHM_noBD,2.077358736623302,0.6781640677555265,0.14135334052035345,1.484729700826731,0.906021791939903,1.29147666729728,1.419883721096695,0.041945814909227046,2.4838616524969788,1.8674494343990273,0.15287680233022147
2014-12-18 00:00:00,DEHM_noBD,2.244089858250531,0.32648436668823916,0.11089911129526557,1.6988171934542886,0.9792665634354203,1.4253185026679187,1.6399824085370545,0.044130064897360086,2.1253605293701217,1.8087921740350685,0.155635692625867
2014-12-18 01:00:00,DEHM_noBD,2.188389251282491,0.22157256865177521,0.08635146167294339,1.8434637553649373,1.005196995520536,1.4905029905419516,1.68798682067313,0.044699116930737866,1.6191878359198941,1.9840502159035767,0.179966360654798
2014-12-18 02:00:00,DEHM_noBD,1.9094220769178973,0.13649939936467198,0.08936874217712193,2.084877386828918,1.1851243042063806,1.4889660871491743,1.6626719144444029,0.04620782059078087,1.211032583973147,2.2595460314313884,0.20684770490260918
2014-12-18 03:00:00,DEHM_noBD,1.2176296413012828,0.11339733368626553,0.09373573766538391,2.440517431042709,1.4251646069947441,1.8672276643150185,2.042220565646009,0.04777921250808049,0.9966950004000216,2.419707993737147,0.23311329870495862
2014-12-18 04:00:00,DEHM_noBD,0.33872783516270094,0.11721120820505643,0.14726407707866263,2.5788837791074397,1.4965010990404708,2.172226901317723,2.700611846375316,0.048899602908175244,0.6918822203384153,2.243808540671985,0.3050914393334287
2014-12-18 05:00:00,DEHM_noBD,0.1468076666364724,0.14059952415636956,0.18892624438818534,2.3147648207806863,1.3883802311030031,2.141930015743193,2.7229549914853863,0.052271115520689464,0.2572336109270061,1.5693051423240965,0.45837977984579
2014-12-18 06:00:00,DEHM_noBD,0.12309717691331164,0.22437434907651027,0.1711189426952226,2.1329572436770956,1.0343342631475814,1.9360962385962763,2.449643877046157,0.055183920282125334,0.13699332089080457,0.7089351323334965,0.7346319035676866
2014-12-18 07:00:00,DEHM_noBD,0.1756287655247747,0.24004216200708395,0.14721124416496134,2.1271662268412506,0.6558980500782232,1.4952068890533177,2.2403068434831477,0.054414164310665716,0.14094641462041524,0.28420230993323015,0.9713604446009081
2014-12-18 08:00:00,DEHM_noBD,0.23674459762718525,0.20031034909030634,0.142415500386888,1.8291154945116048,0.4479164675998315,1.043592395186273,1.801943288801982,0.05294283567606917,0.1393795100272586,0.2256200727899999,1.0325547594136744
2014-12-18 09:00:00,DEHM_noBD,0.2620624661615955,0.2033039803306362,0.1112111555095085,1.3016138168469247,0.38566990496231696,0.718743339283109,1.213545740678322,0.054534142808345884,0.1326784384558209,0.2658782597644999,0.9657713446828442
2014-12-18 10:00:00,DEHM_noBD,0.288791014552745,0.18146815061221117,0.09986924285244643,0.8979569416167517,0.3140787911523458,0.5514676308576121,0.7982608793614316,0.058451072869794354,0.17179782995581622,0.28075654747422074,0.8220440302414632
2014-12-18 11:00:00,DEHM_noBD,0.3048396272696787,0.13448711785695272,0.1066795049309357,0.660301041836787,0.24636204030470898,0.4490069068570951,0.6022315812338317,0.06361121726903114,0.19879169779890202,0.3383537255950596,0.7155354517344035
2014-12-18 12:00:00,DEHM_noBD,0.35877826777597405,0.14515180929255073,0.08897540402130555,0.5249049238615517,0.24214579770751285,0.4254434162007865,0.5003521975166902,0.06832310634759711,0.1898405320048983,0.4748359378530853,0.5781667798522137
2014-12-18 13:00:00,DEHM_noBD,0.6210129322831426,0.1667555499092443,0.07661315067206968,0.4774991714070568,0.2464616369186806,0.4135326548300322,0.47946679483752686,0.06574431136841395,0.17541416439277102,0.6899017540638079,0.42509625399083356
2014-12-18 14:00:00,DEHM_noBD,0.736215424315436,0.17011700347017364,0.10210409552028393,0.4873045232835659,0.22977012749416748,0.4058006369421583,0.4696723281778947,0.05678629494370879,0.1346997621319116,0.707402405123608,0.2875316713113302
2014-12-18 15:00:00,DEHM_noBD,0.6385603494423161,0.25859720981501505,0.1078249300683766,0.5334963016232233,0.21653602051162144,0.3801681947274715,0.4901759861433227,0.04581729646225908,0.09294576899014395,0.7304167707369709,0.19803278572235472
2014-12-18 16:00:00,DEHM_noBD,0.5621913702133297,0.2610956191375815,0.09421263244938849,0.5747461752873938,0.2118772854468784,0.36465449024377783,0.5166890010746998,0.0355163103307456,0.06845765530696585,0.6869309066582936,0.15230062950786072
2014-12-18 17:00:00,DEHM_noBD,0.4389469085888563,0.16090291907071697,0.07750135652409504,0.5762661633280617,0.22807100372979405,0.36659945111496484,0.5141897671510046,0.02857858189443575,0.0661455258319804,0.6341893679303022,0.13636547990238046
2014-12-18 18:00:00,DEHM_noBD,0.36222803993046265,0.14230276774196515,0.07730351116931516,0.5927295582206031,0.2621464921467191,0.3799943710067064,0.5165017102726245,0.024307568736579195,0.0686664914111186,0.5572405787092493,0.13683280029249129
2014-12-18 19:00:00,DEHM_noBD,0.299063080823575,0.1530139568880478,0.08449401940225497,0.5953442330402261,0.2940254573155938,0.3799402847945631,0.5027941184645751,0.022663919609261077,0.07307237973734715,0.4809865710321999,0.1522120585079281
2014-12-18 20:00:00,DEHM_noBD,0.2598911603538225,0.17538201792807304,0.06503335447915054,0.5484309873636974,0.3099874479070119,0.36641084930652157,0.4740403808983169,0.02496467995831968,0.08953874626661645,0.45617315948735915,0.16994085246391827
2014-12-18 21:00:00,DEHM_noBD,0.2804501667488039,0.16473992523388578,0.04169831678155222,0.4808403250248724,0.2987876174798233,0.35108262562663406,0.431794333811479,0.03055471368848915,0.11542603653794145,0.41066051499813794,0.18439117187716977
2014-12-18 22:00:00,DEHM_noBD,0.28136319965177664,0.14544471652035068,0.039418467331413735,0.4219175453045617,0.2525048123819008,0.32175129137050573,0.4065806655975802,0.04454537436867818,0.1388492241194982,0.37614049905275904,0.18999392460855877
2014-12-18 23:00:00,DEHM_noBD,0.2453324029407323,0.09162142440211477,0.050344482232014306,0.3786565096552181,0.19825727307558041,0.260658900871435,0.37127184764016063,0.05066215309417798,0.14643307648875276,0.33688121397818427,0.18185817822991862
2014-12-19 00:00:00,DEHM_noBD,0.2006544034691154,0.04923569679055885,0.05825184319791953,0.3439286007164749,0.17235145848233238,0.19170761995650354,0.3047588491266744,0.04650300878325589,0.1331980493206623,0.28699509166686793,0.16005493347703462
2014-12-19 01:00:00,DEHM_noBD,0.14533475783856098,0.05234876500220627,0.05396856728269481,0.3002358964063221,0.15069768000215275,0.15606681301256617,0.24241633104942256,0.043020545325995106,0.1075235894015057,0.2403098233289876,0.13101772614675794
2014-12-19 02:00:00,DEHM_noBD,0.0665909933946746,0.05647099020899189,0.058106088143771537,0.2409834596904198,0.13300148019388305,0.1345889781370292,0.1936381883009312,0.0414351905328499,0.08517048233449448,0.20148096371588292,0.1041177255484064
2014-12-19 03:00:00,DEHM_noBD,0.06300293133668121,0.054958304241433956,0.07621371674440383,0.1862161284862061,0.11678077707376312,0.12327787854379034,0.16143736309905296,0.04106661955395824,0.06973457110807284,0.12988740473642701,0.08223812305203629
2014-12-19 04:00:00,DEHM_noBD,0.07035721957407647,0.06892547916356466,0.09169726282604618,0.14744107658646577,0.1048219619238003,0.11498645685789634,0.141577228719117,0.04103723423272479,0.06041706224773995,0.07978293095104497,0.06916325397603203
2014-12-19 05:00:00,DEHM_noBD,0.08024283798266416,0.08558710452089428,0.09341666067844945,0.13160217491714749,0.09206470947124043,0.10940463915022319,0.12786741691209366,0.043076428000460035,0.05401538264135348,0.07669879466247852,0.06412277227309292
2014-12-19 06:00:00,DEHM_noBD,0.08812690809176055,0.09401448076019112,0.09253855186668676,0.1366983579206197,0.07594340544467773,0.09977370086104587,0.11595249058590837,0.0446452081486768,0.05107468450749045,0.07990483395671052,0.0608307318370579
2014-12-19 07:00:00,DEHM_noBD,0.08930306134923582,0.09288094997753409,0.09704197616705197,0.15349333623688374,0.07152278693516728,0.09663292107160891,0.11478345479464729,0.04469977540043906,0.052275228653764196,0.08711211189763815,0.05771771025905839
2014-12-19 08:00:00,DEHM_noBD,0.0885165091005828,0.09438840565729113,0.09781421785111521,0.18137138645030196,0.08391915654231785,0.08341913990452066,0.13239599284999407,0.042098310462939936,0.053633623662446527,0.12581625070005817,0.05706258810102928
2014-12-19 09:00:00,DEHM_noBD,0.08622763913872629,0.09729647480465747,0.08382254072783624,0.19309702256133152,0.12407739761757655,0.07892808859298263,0.15395344369286776,0.0390661256732902,0.05863899472232317,0.15153145365337478,0.05744877223451139
2014-12-19 10:00:00,DEHM_noBD,0.0835695879886554,0.0913295035250559,0.0705347740643634,0.1837508614330988,0.15529565071784884,0.12268300007330893,0.17574202334461775,0.035128793145898285,0.06727879447485188,0.11118810533971277,0.05711429096806079
2014-12-19 11:00:00,DEHM_noBD,0.08519148855461954,0.07516568503510057,0.06660108427860546,0.22322068847455956,0.15088136045588166,0.21034438044229609,0.25723158961455755,0.030052315732476867,0.07422940116904027,0.08604353715047473,0.05401162136524905
2014-12-19 12:00:00,DEHM_noBD,0.08479265317301012,0.06764849698151457,0.07233974603113592,0.2431628011402709,0.15066604049040916,0.2185233273178277,0.36503179194342694,0.024628430886269165,0.0785296686440402,0.08537988799266275,0.04952386986273679
2014-12-19 13:00:00,DEHM_noBD,0.07805089024737587,0.07043721422864237,0.06858202669214569,0.30047213893452046,0.15021100337086235,0.2037514800071372,0.36155357682122224,0.022415855234960983,0.07626124702248195,0.08674756472837433,0.04481470726145648
2014-12-19 14:00:00,DEHM_noBD,0.07162030059246571,0.06979472965226602,0.054072026318327325,0.3092335144535211,0.14701510325222272,0.19215348807451182,0.32471805278495836,0.02207160480225411,0.06713056770655478,0.08197456137957837,0.0411319334506524
2014-12-19 15:00:00,DEHM_noBD,0.07121354950236596,0.056349859292645944,0.04460966502841904,0.30268417907754686,0.1427992772014856,0.1992190111930418,0.2942467531959181,0.020984646881923145,0.05033456651174657,0.07628409911240516,0.040139022521462356
2014-12-19 16:00:00,DEHM_noBD,0.07387543781420952,0.04551537354500318,0.040456024467470014,0.3853334286176766,0.13691423609183154,0.22992978863315847,0.33791893452402344,0.0199684566137722,0.03928360613911289,0.07428337221559768,0.039931647100104765
2014-12-19 17:00:00,DEHM_noBD,0.06916346717611924,0.04102393723650641,0.03928261647072709,0.5908096448557304,0.13341459396793492,0.25535899333591305,0.4390118895851638,0.019292188490246977,0.03555870025004363,0.07657572894769474,0.03877412024294382
2014-12-19 18:00:00,DEHM_noBD,0.05614931819502137,0.039757376313201254,0.04043689587896691,0.7452601305421588,0.1371488944864365,0.2613966184629761,0.5268898168268508,0.022076015060087575,0.033977243056327995,0.0777095281543692,0.03729916449864027
2014-12-19 19:00:00,DEHM_noBD,0.051029580803276936,0.04013001161837728,0.04265704719051704,0.7178878789941495,0.1513632292152195,0.2636796434736184,0.5501836753712896,0.029712717697707558,0.03183569099988036,0.07048342467811476,0.03560378351224979
2014-12-19 20:00:00,DEHM_noBD,0.0513513718241028,0.041657968967838355,0.04164311059379465,0.6567569352337805,0.20239380897101,0.2822855332437558,0.5253806283127873,0.035094186450438825,0.029527971148944294,0.06226397410069845,0.03279706337707165
2014-12-19 21:00:00,DEHM_noBD,0.05068566146414847,0.0417426799659073,0.039582811776688265,0.6285679846929395,0.23362090768578456,0.33194494781021366,0.5206109262719174,0.03625173715033999,0.027722465921065167,0.061090149822015015,0.030111550183996354
2014-12-19 22:00:00,DEHM_noBD,0.047685121270465425,0.03977597438408617,0.0386180812018643,0.6343956482775293,0.24637563614364705,0.3733049879180836,0.552283798687474,0.03437630498856727,0.026139680541611622,0.061620568930519266,0.03076112265095103
2014-12-19 23:00:00,DEHM_noBD,0.04503295003183453,0.038635555593607165,0.03711978488624074,0.644909756370917,0.2405867413922957,0.40258730622946687,0.5896569630318118,0.029755736795035785,0.026631315204554556,0.05691751734324752,0.034249313052456015
2014-12-20 00:00:00,DEHM_noBD,0.04285063144087448,0.03723942337555638,0.03499851753741497,0.6586904196105402,0.22100667202600255,0.4175701548759854,0.6253048898561685,0.02531401466155609,0.027188615083952778,0.05170769439751757,0.04061592771955981
2014-12-20 01:00:00,DEHM_noBD,0.040638590045111264,0.035090845402019136,0.0332632636578053,0.6582242227774385,0.18837355624110425,0.4093777193984107,0.6383691107000957,0.02234336147843516,0.02726290152108743,0.0471706134392231,0.04983231528402643
2014-12-20 02:00:00,DEHM_noBD,0.038353408161502164,0.03383684051911921,0.03257904638373755,0.6286515449715616,0.16324110718234436,0.3846051741891237,0.6350634468440653,0.02216270635696032,0.025690455051201693,0.04388137476887928,0.0627007516093382
2014-12-20 03:00:00,DEHM_noBD,0.03693430192932643,0.03296355126938284,0.0326758764346874,0.604709719100478,0.151531409252705,0.3317365768602507,0.6188187103360506,0.024189160380779822,0.024088334194030336,0.04156373349292862,0.07742680271639597
2014-12-20 04:00:00,DEHM_noBD,0.03537121097601322,0.03287405796990044,0.035025313173397216,0.5669842735977049,0.14445972144959476,0.29967663683496754,0.5691621109468172,0.02671297046086225,0.023449141857207197,0.0400771793750331,0.09147216391723825
2014-12-20 05:00:00,DEHM_noBD,0.03485375042877864,0.0352420712239342,0.03854100990638821,0.5326793995491061,0.13347977598083194,0.28085913573326854,0.5300656934386172,0.02928959909703635,0.023623713630825098,0.03862951548424333,0.10515836190327997
2014-12-20 06:00:00,DEHM_noBD,0.03490433595044263,0.0391677515569861,0.04198440792832625,0.5227838308641026,0.11179308187309639,0.25087176272143424,0.49979411070122154,0.03020674672178858,0.02551594324950184,0.03751471158438602,0.11343713077041073
2014-12-20 07:00:00,DEHM_noBD,0.03665301365663986,0.0420320871495064,0.04806487083246446,0.5067566382384944,0.09766804183633052,0.22595912852284106,0.46195640437644553,0.03040692393588884,0.029974352938798524,0.037407651492787714,0.11788062102720016
2014-12-20 08:00:00,DEHM_noBD,0.03939901530855926,0.0439881829710606,0.04532359232249655,0.42708384035513497,0.0955726354397645,0.19515121259922036,0.38873930566098935,0.03151275269455946,0.03562900056345478,0.03950131803727004,0.12379590308790599
2014-12-20 09:00:00,DEHM_noBD,0.04272759740196201,0.03915028270300804,0.03353436356132404,0.32367576720948904,0.09512050534296757,0.14588905768680904,0.2835059444460295,0.03359439072009474,0.03958335412241607,0.04251568314301623,0.1270187146812438
2014-12-20 10:00:00,DEHM_noBD,0.045912269682753484,0.03257316313088036,0.041014824614327636,0.2490862572963392,0.09536906445248042,0.11526454892194854,0.18775299374791257,0.03828388372861657,0.04340796165789228,0.0456352592090092,0.12023270351509732
2014-12-20 11:00:00,DEHM_noBD,0.03873940827749614,0.04765981200867812,0.044798927610737956,0.1950234067628961,0.09508108196661803,0.10379712374365681,0.1252944762410589,0.044792275959454626,0.04767935099168665,0.047624309664619106,0.10871995250196015
2014-12-20 12:00:00,DEHM_noBD,0.03447513098998351,0.04938396774008752,0.032253896101983565,0.15619256386593391,0.09383756910444223,0.1028320537712342,0.10073793162413108,0.038718209531117216,0.04395358575764098,0.045039255544386585,0.10102300555436323
2014-12-20 13:00:00,DEHM_noBD,0.04767058382979435,0.03916173206914136,0.028623858469995832,0.1405164769967423,0.09472408628982482,0.10035394769270597,0.10024414680589185,0.03276324495099744,0.04084982997377743,0.037771829776352656,0.09176144394687483
2014-12-20 14:00:00,DEHM_noBD,0.05097690518120224,0.04568660106212752,0.0292839603551651,0.1318707842753364,0.10052784498740899,0.10246692647636682,0.10667803763981921,0.029204086363410958,0.04190073737833187,0.044342419476782746,0.08128612833957527
2014-12-20 15:00:00,DEHM_noBD,0.04779617001906306,0.05436943529975993,0.028442632606331068,0.13418687978406355,0.11295804926851746,0.10813339266310322,0.11535755115188331,0.02954903165525282,0.045091950463394516,0.0505833752773746,0.07193773030430013
2014-12-20 16:00:00,DEHM_noBD,0.05885763970821103,0.0475740410076743,0.025597038721396285,0.16106609166408442,0.13008919184373674,0.12133995245605413,0.15066099290877594,0.03887241765297054,0.05500848327593854,0.051538785021136506,0.0649914001157532
2014-12-20 17:00:00,DEHM_noBD,0.052208164195054696,0.04170830434914074,0.026747632195062505,0.20073330984017784,0.13760928612828233,0.13615237616031473,0.1759480779172432,0.040183745462416064,0.09643956067706227,0.05675781859645639,0.05820272829232288
2014-12-20 18:00:00,DEHM_noBD,0.04929513088332333,0.0364615104223122,0.0319039321043016,0.23779293708728302,0.13590442246623324,0.15064723786819423,0.18917729836659153,0.03188486498015838,0.11798531500689413,0.05659138237614934,0.050417749424048836
2014-12-20 19:00:00,DEHM_noBD,0.050819204650573525,0.034333987810701974,0.03709520025075372,0.2786409790160963,0.13154942989001975,0.16768574565814776,0.18864821253472092,0.026666572132506308,0.10389295036684054,0.056265201441688575,0.04377134320277755
2014-12-20 20:00:00,DEHM_noBD,0.045792109695074724,0.035688707835215265,0.03976687838207743,0.3146001576170848,0.12948073762896453,0.18543905122184223,0.1824133579104492,0.029114587195305953,0.0803975957092452,0.06914471113818822,0.039529695919825907
2014-12-20 21:00:00,DEHM_noBD,0.041178342949848755,0.038698346621455874,0.041519305161009226,0.3505831635700317,0.1333238027187621,0.2058699309640848,0.19642888008554546,0.03966063041440143,0.05368961174319565,0.056373164006467996,0.036380441954026996
2014-12-20 22:00:00,DEHM_noBD,0.038372321316186606,0.040614686883272966,0.04378316810153469,0.39043449643430617,0.14163586404525652,0.2361063466471296,0.2324731836939526,0.04900197354137417,0.03827719317872652,0.042363048346197134,0.03638325635024835
2014-12-20 23:00:00,DEHM_noBD,0.03514899478618804,0.042072498250671955,0.03747032511400562,0.4478713702019017,0.15298185695559696,0.287351332484809,0.3105053294067538,0.05352538281193816,0.030688920035633595,0.03796384263226789,0.03857671209236943
2014-12-21 00:00:00,DEHM_noBD,0.03221923858654728,0.045800766956473934,0.030381582137675896,0.541658985495613,0.16979485883275966,0.3567195335323263,0.4322939734146668,0.0611177470096677,0.026387018162375202,0.03666921905977858,0.040726957186717164
2014-12-21 01:00:00,DEHM_noBD,0.028492882697549043,0.046780155053225116,0.032426896559938787,0.7178632438649897,0.18965352463357127,0.43814944683456347,0.5518125801321381,0.06961306621115408,0.029799267651638817,0.03449603432698208,0.043929378572838525
2014-12-21 02:00:00,DEHM_noBD,0.02695546243618159,0.04298182695437825,0.04546825598423137,0.9440839929446625,0.23847171878841225,0.527344072669363,0.652586753755584,0.07464803297485313,0.04004979981333009,0.02963038354638845,0.05050426664219444
2014-12-21 03:00:00,DEHM_noBD,0.03528581609031376,0.04447851144610855,0.06467470868101914,1.031852583246622,0.3048049802835238,0.6123076308749645,0.7602720366601541,0.07942804078697227,0.05241775830776412,0.024885152384561612,0.05954172609168544
2014-12-21 04:00:00,DEHM_noBD,0.052682068407270445,0.05376546802340203,0.08510500507224522,1.0838300252633448,0.3579799169791721,0.6924457005709974,0.9186807567568402,0.08372849630436457,0.06365859912673244,0.028007017117550895,0.06827463655698097
2014-12-21 05:00:00,DEHM_noBD,0.06774920369860007,0.06953934190634865,0.0997845759443006,1.2349805342435092,0.7746764705053344,0.938070495644295,1.0281337768445606,0.09004860223653008,0.07162825031234377,0.03972676260594849,0.07421146760903287
2014-12-21 06:00:00,DEHM_noBD,0.07809988059415475,0.08127909238408072,0.09305764121998683,1.5252225990019972,1.1692839408316276,1.4725721941979697,1.3674132190217636,0.10256001776339084,0.07796670227154293,0.05606147161737244,0.07994180794788519
2014-12-21 07:00:00,DEHM_noBD,0.08555659769871758,0.09570981292957687,0.06928863395975199,1.9003985036419868,1.0172359562528226,1.6870080847031017,1.928529411782543,0.11475119578343773,0.08484996417150226,0.07882663610652196,0.08750071316432198
2014-12-21 08:00:00,DEHM_noBD,0.08990865907398832,0.10047037508284613,0.06220773926998365,2.054546519467074,0.7981101727523467,1.482433537824,1.9100014223728095,0.12048385685645296,0.09730465094745601,0.10268854039698479,0.09432442392524319
2014-12-21 09:00:00,DEHM_noBD,0.10117600667377923,0.082253728473275,0.11061586970926669,1.7073832158682376,0.6490702206611121,1.2369063219345873,1.5824060223222034,0.11616816429262887,0.11142672603725973,0.10548338893919482,0.09798909060998114
2014-12-21 10:00:00,DEHM_noBD,0.1025024740884709,0.06459602775453745,0.11766465198348035,1.5743168736224364,0.5267093901525903,1.151320245532994,1.40570265045227,0.08320448286445781,0.12766577552873162,0.10417303907122355,0.10004688006864614
2014-12-21 11:00:00,DEHM_noBD,0.07514583562502283,0.09836270534032812,0.10994168623147514,1.5581609018289972,0.34322548860142466,0.8805353240254707,1.4431647757737942,0.051937472169096215,0.13157758966646618,0.1074396759153389,0.10145366442031682
2014-12-21 12:00:00,DEHM_noBD,0.08204330499447401,0.11250049453174575,0.10561516754163655,1.14775047499761,0.18560656296883693,0.45182920470192783,1.041819969825279,0.05373169917052472,0.12985163136266634,0.09863989119881711,0.10153701082061026
2014-12-21 13:00:00,DEHM_noBD,0.11190902461741167,0.10219140861342531,0.09948681618929713,0.6613032992062275,0.17273091929292295,0.35073249684784313,0.5498925443817161,0.05645237744494743,0.11683023705109659,0.07158675105581258,0.09923038689061042
2014-12-21 14:00:00,DEHM_noBD,0.11472454268275743,0.09579654214527972,0.08555660921743363,0.5252329049217129,0.17789168048607173,0.36728374778381656,0.4447421357646071,0.047355353344742286,0.07683078209801247,0.08519527556498983,0.09794327065479465
2014-12-21 15:00:00,DEHM_noBD,0.12759540931260666,0.0836994254846398,0.06911473418396182,0.5230647585689532,0.15811078360198982,0.43875202604460695,0.4755008806971205,0.03224591861496642,0.05794984011102567,0.10135028249605903,0.09810563074395047
2014-12-21 16:00:00,DEHM_noBD,0.12584296238900142,0.0693585667321364,0.049038215068203855,0.5957214797050505,0.16275263871434137,0.49714188445733914,0.5484330638307098,0.018042979775487862,0.05702573766798695,0.12647571439355831,0.10015829989492869
2014-12-21 17:00:00,DEHM_noBD,0.11084328694144718,0.05276327731321792,0.04075052060927077,0.6790776191927363,0.1736025935199111,0.5190268226715263,0.6410299426438402,0.009723013162147028,0.048504042112645536,0.12813552101525466,0.10322624975317023
2014-12-21 18:00:00,DEHM_noBD,0.09532435628316348,0.04039478273139549,0.03958003945754483,0.7567799805870338,0.1777086667414101,0.5058984521173319,0.7119104300582804,0.0064936211478987095,0.0413943282468616,0.10427457061698182,0.10731909494932727
2014-12-21 19:00:00,DEHM_noBD,0.07870685636332712,0.03739707505218914,0.034328746316861294,0.7868118469772476,0.18471441310325623,0.4385209283032547,0.7223419101209878,0.004403123385622089,0.033210745112928375,0.08969255909305979,0.11327643780774771
2014-12-21 20:00:00,DEHM_noBD,0.0670376491866072,0.03374060357470646,0.03195962638579989,0.7805696553105627,0.1996806075288354,0.3797567868064442,0.660235818232242,0.005124250725118774,0.0269640114518882,0.07267193302134049,0.12030794739183712
2014-12-21 21:00:00,DEHM_noBD,0.06368523212422604,0.0310474211691336,0.0325957311285193,0.7126553636302916,0.19705578090380862,0.375542677499625,0.6428713331187714,0.008808188042747708,0.024505356159056385,0.05770623415729017,0.13193603044159186
2014-12-21 22:00:00,DEHM_noBD,0.05262894325481719,0.03129945815420694,0.03210049696497369,0.6008868638924938,0.18468346170265207,0.3331649305524956,0.5642417492217686,0.014348738305083746,0.024449978124741333,0.050103077602218646,0.15233526031894648
2014-12-21 23:00:00,DEHM_noBD,0.03868134355244684,0.029255686785281735,0.030902217468609786,0.5253212025101738,0.17436638128191215,0.3171748854690183,0.49981317941246545,0.023414578261464987,0.02308151848094995,0.03949397212034077,0.18281752066910842
2014-12-22 00:00:00,DEHM_noBD,0.03315298980892856,0.025766583611288724,0.030959193478287045,0.46197037602886654,0.16427421289019276,0.31741617733233124,0.45849005370221785,0.03093285790487243,0.022390860943654445,0.0310828238943869,0.22534362108528763
2014-12-22 01:00:00,DEHM_noBD,0.03412320328396494,0.02424892644613617,0.030190462441707335,0.40877347942640185,0.15925187284357833,0.30816071718701143,0.4216410019738458,0.03425158057395451,0.023533694661240803,0.02848985259683784,0.2700298926481914
2014-12-22 02:00:00,DEHM_noBD,0.034312205734021224,0.024075650247334164,0.029243652840228604,0.36331131152588636,0.15335977578140791,0.2879458955681416,0.3822694841912201,0.03745223700755904,0.02756327336016396,0.03137710148910044,0.3036668218054517
2014-12-22 03:00:00,DEHM_noBD,0.03439623670720833,0.024130328142631583,0.02748015443887078,0.33513292739303074,0.1430697583499549,0.26815557252109046,0.35442674709913774,0.04132341114312519,0.036685674154069516,0.03345826936321319,0.3310770837906805
2014-12-22 04:00:00,DEHM_noBD,0.035039540753178194,0.024047493806331727,0.026038934601845556,0.3202707187235597,0.13451010701358304,0.2538201793011905,0.3454604107051784,0.04416057916495527,0.04405448849347529,0.034188259801324394,0.33456107462235485
2014-12-22 05:00:00,DEHM_noBD,0.03558857778441742,0.02438351833909747,0.025426417462569465,0.3060027707252789,0.1285754235559141,0.24790309889253676,0.34182427936873394,0.04681618834290761,0.047795053756638034,0.03638859720930909,0.2860401861620228
2014-12-22 06:00:00,DEHM_noBD,0.03382911643090474,0.025260551847756645,0.025059901091235043,0.30087678889182734,0.12830055384350933,0.2504721792467892,0.3414404400566336,0.04772273221095494,0.05141874666612531,0.038561161493444594,0.22030523036425914
2014-12-22 07:00:00,DEHM_noBD,0.03244454570416415,0.026175042488582233,0.026641175467134286,0.32396141935920275,0.1380146561493537,0.2658144314326671,0.35518323708246674,0.0473367402131193,0.05597859532697028,0.036576520589324556,0.16280522968106897
2014-12-22 08:00:00,DEHM_noBD,0.030795580176988042,0.027518958175609776,0.03163249944091538,0.35701262881357565,0.1592675670521332,0.28286535741901014,0.3694415458894916,0.04648494754972098,0.0607477038184773,0.033666543231478205,0.127863832824435
2014-12-22 09:00:00,DEHM_noBD,0.029688408128153435,0.03176403963247145,0.03844703699755234,0.3447479322709771,0.18256080170027897,0.27426814359920326,0.35293106856761486,0.04708836915493122,0.06592041233006624,0.031942642236384405,0.11534578035523171
2014-12-22 10:00:00,DEHM_noBD,0.029406271909559904,0.03860160043911041,0.04407412595615698,0.32208588126326004,0.19571998175416117,0.24044118040229995,0.33526101201184083,0.047525122484986984,0.07064782895717987,0.029769277652827837,0.11487369548414363
2014-12-22 11:00:00,DEHM_noBD,0.03245466846035422,0.04357961751972672,0.04774874715889104,0.30873098455604264,0.20572361018758253,0.22101314546675702,0.32584055432148096,0.046381383357077595,0.07368880656919431,0.030054509981047504,0.11781211200177655
2014-12-22 12:00:00,DEHM_noBD,0.03950708392293823,0.04767142968949142,0.051268328163019815,0.30006760122914033,0.21444373080907383,0.21826865951108104,0.3040258999901647,0.04245058975792593,0.0739417325557849,0.03516922744222264,0.11353305280392981
2014-12-22 13:00:00,DEHM_noBD,0.047318076777457564,0.05091735904235103,0.05438163089564005,0.3151928851016452,0.2191991947481967,0.23085663159643516,0.2785735347416053,0.03950599075425556,0.07325025150338471,0.04295004890242466,0.10494486606748524
2014-12-22 14:00:00,DEHM_noBD,0.052614859349120864,0.05314329035026522,0.054898107544595266,0.3331764430313141,0.22226264351765623,0.23763406534711112,0.2663606610039412,0.03619895141986771,0.07310744637267944,0.04966881663915114,0.0947091860549977
2014-12-22 15:00:00,DEHM_noBD,0.055416275567868115,0.053883957661875925,0.05462358104526927,0.37381980626134986,0.21934311891979533,0.22591171433981252,0.270964596742517,0.033949285808316194,0.07166904153158626,0.05506946982749618,0.08587261082152714
2014-12-22 16:00:00,DEHM_noBD,0.05744000103122057,0.05339117064254592,0.0540037798142916,0.4571492956924508,0.23148748754999585,0.22822201278122597,0.31391692410479766,0.03267857235361117,0.0676576967109873,0.05816663281521866,0.07721787823376702
2014-12-22 17:00:00,DEHM_noBD,0.059542067555921806,0.053040464370105865,0.053207458408573285,0.5515754298459441,0.25500756952679704,0.26624959227520034,0.39191695660378134,0.03180100977796127,0.0627218449247335,0.05995878161611,0.07066096522113757
2014-12-22 18:00:00,DEHM_noBD,0.06081835724469353,0.05241439556955502,0.0537013821223773,0.6087809336322202,0.2741641750079021,0.31886599197832566,0.4637214060619409,0.030899191987979514,0.05870265540279282,0.061601014014905656,0.06949582400291908
2014-12-22 19:00:00,DEHM_noBD,0.06067639283462941,0.05202278289565521,0.05396393260571649,0.6246032271770381,0.28601630524663246,0.35800000568038187,0.5247093412279064,0.029702008222694934,0.056594343675104464,0.0631110937170828,0.07538079115460611
2014-12-22 20:00:00,DEHM_noBD,0.06037877101080312,0.05244676278034993,0.053753568100196096,0.6199580463121208,0.292690060662981,0.38026344798075495,0.5451309838422765,0.029080544739211917,0.05506556883951048,0.06421932345444928,0.08722879200159091
2014-12-22 21:00:00,DEHM_noBD,0.06151462893143377,0.05229607172109504,0.05423399729618264,0.5886730253528686,0.3006684953733532,0.3992325086957198,0.5275849990254122,0.029328438900486958,0.054172162949871955,0.0649695526496419,0.10264751921948856
2014-12-22 22:00:00,DEHM_noBD,0.06313214528480346,0.052248904411913606,0.05441780236628148,0.5771855133287886,0.3066007269820198,0.4241693856837925,0.5277776718013959,0.029708359581359423,0.05311588947494202,0.0669251673644774,0.11950640959024766
2014-12-22 23:00:00,DEHM_noBD,0.06592849452057263,0.05243485502344573,0.05472985696333429,0.6042266034439028,0.29563317200129835,0.41466093116449476,0.549937447357354,0.030279383024619876,0.05060964848923438,0.06906928484707836,0.1369090521820191
2014-12-23 00:00:00,DEHM_noBD,0.06902923215487854,0.05298499195484347,0.05759698024875745,0.6586361342749846,0.28120842404276114,0.3905694677631375,0.5490346349449031,0.029790804165706425,0.048755194031809154,0.07304126106401537,0.1554085850384673
2014-12-23 01:00:00,DEHM_noBD,0.07102319146080868,0.05444177357543934,0.05921921848095291,0.6750649970664864,0.2662949244184791,0.36370201092702326,0.5183227481665629,0.029550464077260627,0.04896609059606981,0.07808601810918202,0.16815719201610413
2014-12-23 02:00:00,DEHM_noBD,0.0730945348345138,0.056924171739756675,0.061322467255864946,0.652351963917305,0.23966779371600586,0.3359687419303203,0.47887734779441127,0.029915058701559385,0.05162622616368857,0.0806841746779054,0.17608593345037554
2014-12-23 03:00:00,DEHM_noBD,0.07490303445392456,0.05917409854234795,0.06408296915451267,0.628865116782555,0.21249542658470563,0.30521022299678524,0.4358513220967548,0.030520631005283277,0.05442399407313523,0.08399280955578539,0.18517048005189693
2014-12-23 04:00:00,DEHM_noBD,0.07520511193243629,0.061804945826472946,0.0638283256473162,0.6191624600287468,0.19658163497865191,0.29233623093949157,0.40159335753278336,0.03164064273479821,0.05507786266735393,0.08674852714633449,0.19516372556666078
2014-12-23 05:00:00,DEHM_noBD,0.07619470486515434,0.06308972752015826,0.061236388486243666,0.6257080503225635,0.19088160066436952,0.2883075650001119,0.39150642627990107,0.031910245354349685,0.05580134700066106,0.0879658486293991,0.20047753137699556
2014-12-23 06:00:00,DEHM_noBD,0.07781712490601103,0.061609276992314166,0.060348827130005715,0.6533991464195691,0.19014870465332634,0.3016592698708944,0.4093196453092513,0.03286389714267099,0.05587459870919574,0.09036472930251814,0.1931525903265266
2014-12-23 07:00:00,DEHM_noBD,0.07870176770136568,0.05947243669212716,0.06099286793152248,0.682218868067268,0.20204466219350675,0.33886976019953263,0.46584421582272495,0.03433316455131773,0.054865318306847155,0.0956384615255856,0.17845510447349033
2014-12-23 08:00:00,DEHM_noBD,0.07830550051663648,0.05868996710340691,0.061896669853246045,0.6863584501636406,0.21388822621833528,0.3649539544818144,0.5097929723796952,0.03543546030249269,0.055264837378946136,0.09928656437160774,0.1568935896618989
2014-12-23 09:00:00,DEHM_noBD,0.07772542661889735,0.05925288160284749,0.06249386112829981,0.5872178104117565,0.21594339858328915,0.3351273993909716,0.4908529751436739,0.036532490323800154,0.05640268715370203,0.09636248076722528,0.12891767497195358
2014-12-23 10:00:00,DEHM_noBD,0.07817064366947388,0.05952990868511813,0.06324261497450671,0.514809254984018,0.21604162056287735,0.2979983866733832,0.4389305049965378,0.038336894290304256,0.05817291875052021,0.08960571960059119,0.10682607302218955
2014-12-23 11:00:00,DEHM_noBD,0.08044808545553293,0.05974024906692192,0.06300033702150622,0.4485028490312738,0.21704669169640148,0.2807630285092588,0.38114129298608856,0.03954723647349592,0.058638167402786094,0.08614165671942152,0.08899022517633909
2014-12-23 12:00:00,DEHM_noBD,0.08335414035183995,0.058899922397586166,0.061679486123270434,0.40270988217496423,0.21701808982908716,0.2739433947567857,0.36275748303454564,0.040564111900503526,0.05808010852651427,0.08494931618913047,0.07078797924443725
2014-12-23 13:00:00,DEHM_noBD,0.08519989903069106,0.059575872556429876,0.06115136184151877,0.3958422262027091,0.2162026918675749,0.2695892058132795,0.36047281348824695,0.04148567040953546,0.05774182068146817,0.08570477336336468,0.055042970900392424
2014-12-23 14:00:00,DEHM_noBD,0.08452164608624813,0.05919676331436631,0.061621337122543765,0.4151044301356814,0.21291593836471423,0.26797679135981883,0.3683894352149176,0.041765234282439855,0.05832415554632105,0.08702191152149058,0.045839058837873856
2014-12-23 15:00:00,DEHM_noBD,0.07949872579027921,0.058861997787541094,0.06221103498629468,0.4463438816475498,0.20437728715578085,0.27584987584784126,0.40108785705411804,0.04244715881637814,0.058928503859847756,0.08809229337861453,0.04202730884367177
2014-12-23 16:00:00,DEHM_noBD,0.07343449291792072,0.059344626975645604,0.06250086823144953,0.5221887587631197,0.2106452307018264,0.3150764776044291,0.4771415583387333,0.04326658316784886,0.058728611325669325,0.08627847369974251,0.040351572219542386
2014-12-23 17:00:00,DEHM_noBD,0.06971878752479768,0.059686116836058976,0.0629355022874346,0.6370044279006903,0.2260407375775648,0.39364273757027013,0.629884988946261,0.04395237506485655,0.05775947851719914,0.08127736864565517,0.04198816647954997
2014-12-23 18:00:00,DEHM_noBD,0.06825823149967505,0.05979729116609043,0.06319608747803335,0.6830710522901255,0.2416457090189493,0.5585248131387889,0.8216802463451726,0.044644082589538205,0.05631053098737717,0.07741195210762379,0.04888696202020446
2014-12-23 19:00:00,DEHM_noBD,0.06723322082384603,0.06028494972658719,0.0640376274428679,0.6869237701071269,0.2555932341247424,0.6149511450472339,0.7455389608191267,0.045577715560852605,0.05679385168745407,0.07646520158190502,0.06287957791344839
2014-12-23 20:00:00,DEHM_noBD,0.0667979725174003,0.061953980330709875,0.06494405041078213,0.6974515004015411,0.2580156518259643,0.5824580428999511,0.666740383817328,0.044537323724653625,0.057476049909020034,0.07672673948833515,0.08252457540084868
2014-12-23 21:00:00,DEHM_noBD,0.06721860365063818,0.06531219624570878,0.06647867445914213,0.6788071596103069,0.2651961354059726,0.5534868241084419,0.625755107563472,0.04355052361995991,0.05815931773366157,0.07743923262567365,0.10291541481964965
2014-12-23 22:00:00,DEHM_noBD,0.06788963520081842,0.07194993173728835,0.06901756563184093,0.6708614295790019,0.2730636636118589,0.5360538725622602,0.6158917996716551,0.044999685475327234,0.05983824641644483,0.08065689385780997,0.11627862684893717
2014-12-23 23:00:00,DEHM_noBD,0.06927964416928448,0.09114078604402222,0.0783502355183698,0.7205761133269372,0.2878398530642687,0.547153112003274,0.6449034773675568,0.045904666259969695,0.060987676425268755,0.08942713039562669,0.11998751830849788
2014-12-24 00:00:00,DEHM_noBD,0.07077297588268984,0.12197790271326364,0.10004163240352776,0.7777126348085794,0.2942683103565126,0.58926059155513,0.6898535923508426,0.04650975112206114,0.06149133824155889,0.1021460754431922,0.11682751483804428
2014-12-24 01:00:00,DEHM_noBD,0.07374398367429716,0.15383997571524755,0.11765571652018822,0.8079700264619052,0.2886982136835157,0.6464659490673041,0.7242745672472495,0.0474783802267221,0.06283720064553652,0.11192283835619665,0.1097559506265074
2014-12-24 02:00:00,DEHM_noBD,0.0825116325419372,0.18904637872833344,0.13813700832939063,0.8056588795534638,0.26194783024247714,0.6569687472658627,0.7719108454209391,0.04835571429210237,0.06424427382162289,0.13330965732984232,0.10138751603536215
2014-12-24 03:00:00,DEHM_noBD,0.13467465505038373,0.20389493143026233,0.1757328232291696,0.7810243455223685,0.22102068382456885,0.6205827906407647,0.767729500477353,0.0495206844922305,0.06524466031770666,0.15923071655005203,0.09550797754786544
2014-12-24 04:00:00,DEHM_noBD,0.20792137199426053,0.2037299759428831,0.22530273638699305,0.7419120297718065,0.18996651295535255,0.6123555353876645,0.7536813667933997,0.04972574056757611,0.06807551685551169,0.19377119839953244,0.09361384462074335
2014-12-24 05:00:00,DEHM_noBD,0.2463245810172333,0.20842055045614705,0.27812400999326947,0.6665565115993068,0.16812492507845153,0.5664031608256919,0.707627717707943,0.04860373996359633,0.07496613574096919,0.2536924757773428,0.0956623021664616
2014-12-24 06:00:00,DEHM_noBD,0.2793651337110623,0.22734457913580103,0.2948212551213427,0.5924893074235505,0.1564759826608746,0.48283064915001145,0.6129201965960814,0.046440140213541356,0.08152248587910065,0.320524708979968,0.10103813119378632
2014-12-24 07:00:00,DEHM_noBD,0.3008515054589509,0.2461637655881162,0.2890453179439062,0.5273863410865944,0.15376202317111176,0.3969803989114332,0.5326553961780491,0.04237136154936514,0.08921256273888041,0.39716694075317116,0.11231809081517959
2014-12-24 08:00:00,DEHM_noBD,0.3042699910632892,0.2693024937928233,0.28738502395905546,0.49509643657693986,0.14666010728839773,0.32922322454617703,0.46965667209178086,0.04146174644836445,0.09919523163976145,0.4587471577098592,0.13252483754441136
2014-12-24 09:00:00,DEHM_noBD,0.28955198169423246,0.2851529310193844,0.21117852580997154,0.4624291306279389,0.16112590338575636,0.2940035284158924,0.40277587194780284,0.04923247209805981,0.10065115564964695,0.4688030672977538,0.15796707543166755
2014-12-24 10:00:00,DEHM_noBD,0.2351996861485763,0.27510077702914126,0.12427990012366778,0.3946603402621275,0.22398867831660424,0.2810724453775077,0.33707237259639705,0.066478485117685,0.09336400690354396,0.4723861839582212,0.17708214945820439
2014-12-24 11:00:00,DEHM_noBD,0.18397390499649555,0.24709234045151618,0.07895082161297896,0.3384067097018877,0.18597182053587377,0.3089121648896037,0.30847529623938086,0.09258671146533437,0.08776548551715893,0.5155527867332472,0.17542745570093382
2014-12-24 12:00:00,DEHM_noBD,0.19236662006644983,0.21205609140607504,0.07425611178140758,0.3236886760850599,0.14937088656831515,0.4384213087672756,0.37115877544014414,0.10545773774773794,0.0837605944579839,0.4965493302864138,0.1630208410599174
2014-12-24 13:00:00,DEHM_noBD,0.21331185360617455,0.13550026537308232,0.06238935423389193,0.36627272960234847,0.14910941793599147,0.36394999560233016,0.5287049051281132,0.10834352225499214,0.11190187203195043,0.3975667707097856,0.154562914808113
2014-12-24 14:00:00,DEHM_noBD,0.23222779133600638,0.08849027847930542,0.05122427855833245,0.48837754003512135,0.14756666440760705,0.3189916458718923,0.5803920229432651,0.11129645709265233,0.15168956072361364,0.31526863358940926,0.15437115072268984
2014-12-24 15:00:00,DEHM_noBD,0.1033068646190757,0.062364234936786105,0.044285148709159575,0.6556378272309629,0.14471632024751493,0.30571573831450827,0.5354956716567029,0.11234821395127612,0.13944718437186787,0.29489671670483647,0.16840563410460935
2014-12-24 16:00:00,DEHM_noBD,0.10615086413487554,0.0461532732912731,0.04333191287230345,0.7966648749101237,0.14251205259061403,0.3236080244084534,0.5213729581416843,0.12311015193681918,0.12282168469833715,0.33029535513759933,0.19629027075827113
2014-12-24 17:00:00,DEHM_noBD,0.07463004688548369,0.04008387447096685,0.04027531458683766,0.8203123540137885,0.14687075276515438,0.3685597737786712,0.5814223092937969,0.13469801208964882,0.12761292751141312,0.22851003241866935,0.23026170892808573
2014-12-24 18:00:00,DEHM_noBD,0.05421876753416821,0.03726326684615329,0.036513237043786645,0.8409928386135075,0.17045872063051443,0.42407067966139134,0.6634972566780757,0.14646184587906105,0.14172597532718822,0.20033530821059314,0.26234810781307505
2014-12-24 19:00:00,DEHM_noBD,0.04676409109954709,0.03861813948151897,0.035403234281808235,0.9535893324160893,0.2234712478396434,0.48209333699613244,0.7638757776345766,0.16187592675024162,0.1594867135999652,0.10667264142447144,0.27923668731093393
2014-12-24 20:00:00,DEHM_noBD,0.04595832999922681,0.21395208210102096,0.03648091732154757,1.0158461624107802,0.2842492109864762,0.5036923385381793,0.8539595773638778,0.18350981834730007,0.18557602730510278,0.09220793507229988,0.2783221880898623
2014-12-24 21:00:00,DEHM_noBD,0.067664291296536,0.3324349331673408,0.042155203009929296,0.9848200012553964,0.36330333371363094,0.50240465491013,0.8410439427467831,0.20538466927297522,0.21768618571075002,0.10622120917761968,0.26480539653182017
2014-12-24 22:00:00,DEHM_noBD,0.08304730688737696,0.21094545726139327,0.04316665442909977,0.9158805291732587,0.4281585567483677,0.5448961020247091,0.8063422650398806,0.2256630117285432,0.2529573300495667,0.16794294847130298,0.25253779836013895
2014-12-24 23:00:00,DEHM_noBD,0.11858606712883313,0.22509767356309096,0.06212321341486955,0.8542794344369254,0.4390108581185525,0.601871314371127,0.8333608830525789,0.24150316873510969,0.28264872893769566,0.3296921484433952,0.24471368736438442
2014-12-25 00:00:00,DEHM_noBD,0.1892453110710577,0.1930300763294564,0.17611923896996529,0.8356678899998442,0.3954579107290226,0.6559567176153446,0.8971804413108297,0.2454624307641363,0.2938261446084795,0.27711261014618893,0.23917563018024418
2014-12-25 01:00:00,DEHM_noBD,0.21145700370462597,0.17639101509482297,0.15697882334524288,0.8059666015070456,0.3029853049637283,0.6845756982359473,0.9491307065275687,0.24788931648880175,0.28832354326831683,0.2082261354134114,0.2409248944431216
2014-12-25 02:00:00,DEHM_noBD,0.2524383535369123,0.2214428307789848,0.18923980090046294,0.7864911883750227,0.2045852510909735,0.6800211490129551,0.9500655297841876,0.2497802122478722,0.28311463484527843,0.30497771519759975,0.24625826683471905
2014-12-25 03:00:00,DEHM_noBD,0.31673350533102274,0.25699237500896877,0.21460878800807504,0.7779430907207733,0.1444922748298197,0.5995199043203718,0.9226673791841307,0.25132506129801724,0.28378878197190904,0.349490103423533,0.25135445217688546
2014-12-25 04:00:00,DEHM_noBD,0.352218618629237,0.2802242964506323,0.28676388273398384,0.7444880980040205,0.121890531467758,0.4730024493856506,0.8444397019696509,0.2510189449227111,0.2833625917674699,0.3599276179795562,0.2541624253084603
2014-12-25 05:00:00,DEHM_noBD,0.3525150152362113,0.3192687706874158,0.3447632098446165,0.7161288865401891,0.1058368062100185,0.36425804119968686,0.7181568620364018,0.2524952614655624,0.2804333226179149,0.3701522771632667,0.2580807270356174
2014-12-25 06:00:00,DEHM_noBD,0.35657678352759664,0.31506381678577855,0.3928799840936107,0.691779158185279,0.09863831554784432,0.28668068292925475,0.5933202206058443,0.2542913363406713,0.2788317881483951,0.3778670556237629,0.2684688989265728
2014-12-25 07:00:00,DEHM_noBD,0.36668242645683224,0.3172571688465104,0.38845950947851604,0.6466042765474109,0.11016257605170816,0.23586681851736463,0.486440931130581,0.25509587563293745,0.2822333842438419,0.3972597429913131,0.2821820027865281
2014-12-25 08:00:00,DEHM_noBD,0.3988744419444585,0.31366984930665803,0.3662222108049592,0.5137963929913798,0.11587103691411195,0.19225960428608563,0.3823314357447091,0.2524204173491102,0.2880231742458135,0.3825142142165208,0.28958493329107743
2014-12-25 09:00:00,DEHM_noBD,0.3812642649519047,0.2909841402563591,0.36610125567808416,0.2878097381308616,0.10503463900951658,0.1603010813173408,0.2617027588767791,0.24665040243571618,0.2970671079796284,0.35181063642916444,0.2915198018468543
2014-12-25 10:00:00,DEHM_noBD,0.3456429966327733,0.27719819534130846,0.35642334651679397,0.1969535474466736,0.1001764192344154,0.14505101544838853,0.19074070115356415,0.24068438910596052,0.3095358326681283,0.3324152597008505,0.29102621842168264
2014-12-25 11:00:00,DEHM_noBD,0.3315700405752612,0.2756021656346925,0.340125329483252,0.17517037522370582,0.1106554868995024,0.11665999038033291,0.1444270296074559,0.23371856361508356,0.31821059733653545,0.3119809441212906,0.2936154466348885
2014-12-25 12:00:00,DEHM_noBD,0.32562185146940276,0.2764286607086984,0.33568958139154764,0.17365115605679524,0.12386063839727064,0.12172750432434011,0.14837568308238022,0.2271723976875095,0.32774645836348093,0.30029956338551644,0.2978017803195119
2014-12-25 13:00:00,DEHM_noBD,0.32912330710823984,0.28558456412729555,0.32961103849923346,0.1712650834818083,0.12705467570716503,0.14694062762681093,0.18445605936562343,0.21703630672059943,0.34448214305218644,0.2988010485098609,0.29816904484860574
2014-12-25 14:00:00,DEHM_noBD,0.3348777559234667,0.29012861432862525,0.3352600264679924,0.19092878618179088,0.12861352794326836,0.17563038665191455,0.21307679004574856,0.20305021521884936,0.35027851543189115,0.31381004966440834,0.2992565987397729
2014-12-25 15:00:00,DEHM_noBD,0.34536818705328726,0.3155280546734074,0.34808712696597344,0.22367478268827756,0.136667816671743,0.20957086657116764,0.22727603809464664,0.19195691685067476,0.34066917045921846,0.33029468043107174,0.298812762567289
2014-12-25 16:00:00,DEHM_noBD,0.3582316666888911,0.3590727704268527,0.3643737347651991,0.29897667294207886,0.14456118660254386,0.26802978340828254,0.2472733433420501,0.1814797110968269,0.33252300374227467,0.3485211675775023,0.2938015896386559
2014-12-25 17:00:00,DEHM_noBD,0.3768612984400194,0.4013133919675796,0.39779353496733344,0.4204452409199382,0.14277984695055976,0.3236244511525498,0.28396337918556824,0.17020983914365975,0.3296429917624962,0.3705196890230821,0.28591483182627
2014-12-25 18:00:00,DEHM_noBD,0.3868926990997837,0.4429437664449698,0.4444022380721976,0.5706272295846339,0.14201052347355514,0.35061889494761944,0.3168097140690541,0.16333131001261053,0.3401033627342988,0.38811514754200577,0.2768842478097205
2014-12-25 19:00:00,DEHM_noBD,0.4022831062241807,0.4947800675626969,0.49208885583813833,0.7075426855147524,0.1387906087801325,0.3653603600805502,0.34340895809479877,0.1612944137745815,0.3608161735631772,0.4019607296547543,0.26527668220811035
2014-12-25 20:00:00,DEHM_noBD,0.4265960001932876,0.5472416164777134,0.5329797932163545,0.7791551249524373,0.13572193024174303,0.38023892717576907,0.36342260836145046,0.15916521737225342,0.3835367783855053,0.4239221963322484,0.2501520914089189
2014-12-25 21:00:00,DEHM_noBD,0.45467867931653966,0.6066520472632868,0.5802761904972902,0.8138351939886825,0.14054989780812976,0.39326941178232544,0.37584645976537273,0.18673585939250875,0.4057513666637475,0.4535465742198671,0.23320256036292059
2014-12-25 22:00:00,DEHM_noBD,0.47887417826834244,0.6669249795397345,0.6056494244860956,0.8345441085482099,0.14357114200196222,0.41004246418697954,0.3928314081124713,0.24981438811228357,0.4285275551513976,0.4885150356304909,0.21750929940200173
2014-12-25 23:00:00,DEHM_noBD,0.48982361547158326,0.7410311446107521,0.6231080241061944,0.8604514100482639,0.14709186180128936,0.41456338681183524,0.4273975556807123,0.31000988753091996,0.44946898611274017,0.5291964828215231,0.2048616190174686
2014-12-26 00:00:00,DEHM_noBD,0.4738039906014315,0.8202164975899183,0.6778723333248737,0.8701135433236151,0.16138883043122,0.4179208152578694,0.4452153385638732,0.3240119701173075,0.47134889889250153,0.5725189205083538,0.19406180685061022
2014-12-26 01:00:00,DEHM_noBD,0.4559350414132698,0.8427096643591612,0.72381461107123,0.9095011667038303,0.17475301782758426,0.43554859793909906,0.4447492718573121,0.2972853517615736,0.5072439897394707,0.6220015927818368,0.18526192053357585
2014-12-26 02:00:00,DEHM_noBD,0.45474239368233826,0.8400189345830547,0.7776712016935126,0.9508078528481554,0.18798592943536102,0.43566632085686047,0.41663577210292146,0.24430486551700842,0.5832402759839079,0.6607385377273766,0.18003904386475666
2014-12-26 03:00:00,DEHM_noBD,0.46050412216214454,0.8812220439563483,0.8244880004631077,0.963682678207642,0.19973197930235875,0.4430577187782356,0.4293776719807394,0.1915103724875952,0.7044696671496058,0.6777092971293315,0.17716714132833747
2014-12-26 04:00:00,DEHM_noBD,0.49985359425706777,0.8606094219779858,0.7934319024613476,0.8898139065272729,0.19853803305247783,0.4705385348733861,0.5030299029641577,0.1651312862093187,0.7761152984989856,0.683707287841347,0.17405494003653288
2014-12-26 05:00:00,DEHM_noBD,0.4542611029170267,0.8666554501826269,0.7164541137728563,0.762023289192795,0.21098382323730025,0.49074601753832725,0.5171958484718493,0.15572152924004926,0.7858996865625401,0.6959305596420753,0.17003942445368486
2014-12-26 06:00:00,DEHM_noBD,0.335786239850521,0.9265391739129081,0.6117876145778547,0.7498593508184852,0.23469321406761404,0.5085269255821011,0.5266827271921954,0.16574466448858377,0.7986409081446143,0.7220918972724875,0.16657346366825504
2014-12-26 07:00:00,DEHM_noBD,0.2891003754649309,0.9449080261212635,0.5248569545255997,0.7921491901953995,0.28171197342050375,0.5302525538939957,0.5609251331508825,0.18047304723490015,0.7547041229704705,0.7491825934610457,0.1596342632785427
2014-12-26 08:00:00,DEHM_noBD,0.29245535932615385,0.9184853755561755,0.43826833028616025,0.8200374498746835,0.33457570005630133,0.5321676614138561,0.5777650505722651,0.17797153741657723,0.6635454273296961,0.7711601838450978,0.15343857047874465
2014-12-26 09:00:00,DEHM_noBD,0.35797340961009255,0.8487501447119685,0.35830699735729016,0.8035512425328424,0.3668502838321902,0.4981075133204968,0.5323562998744267,0.1431211893243713,0.598751400259024,0.8516630557677558,0.14589303479159246
2014-12-26 10:00:00,DEHM_noBD,0.4541316793397069,0.6527132907003741,0.301802660423247,0.7864715612746547,0.3916538166379042,0.4769199580527671,0.5132533520073952,0.12353545400111002,0.5071148823901725,0.8334480011883768,0.13302303515278258
2014-12-26 11:00:00,DEHM_noBD,0.49015709232497956,0.5089322398412816,0.2066988996473047,0.8136825238802515,0.4080566391161311,0.50261115297328,0.4846955148329876,0.13596063386962273,0.3965697218444716,0.7804885285300682,0.12560274537572388
2014-12-26 12:00:00,DEHM_noBD,0.538896274689529,0.42598736186028563,0.1645427989973604,0.81842829955869,0.4526525511643494,0.5273341264710989,0.48881999460352504,0.1380587947560252,0.32911742437007085,0.8014119406186879,0.1298113379057844
2014-12-26 13:00:00,DEHM_noBD,0.640787896461042,0.35321052274195475,0.16848721449738469,0.8618960569665266,0.5381418292340716,0.5873919336968076,0.5300586376554619,0.13755640153893256,0.30593738522441405,0.8142824389282062,0.13648387590668148
2014-12-26 14:00:00,DEHM_noBD,0.7529094358147819,0.32559895605794764,0.20513304983974065,0.9398376266892626,0.6665302991050667,0.766311513435386,0.6606088863711684,0.13666989560689768,0.3017267236123504,0.8308711435617935,0.14363983649187478
2014-12-26 15:00:00,DEHM_noBD,0.9105408080122923,0.33644057968406504,0.24506084441367654,1.0480218023661028,0.7376446841481153,0.9623900269957548,0.8798149613440409,0.13213066550172856,0.2973135442538488,0.8891144090868297,0.14940620215347833
2014-12-26 16:00:00,DEHM_noBD,0.8778414048060996,0.2827138683657009,0.24588970102511792,1.2031672962751152,0.9048739600790385,1.079072067214757,1.1661513015619736,0.12318862389435978,0.27683823609455643,1.043466423094378,0.15107111503775164
2014-12-26 17:00:00,DEHM_noBD,0.7959390754076605,0.2523800957415997,0.22136855321766913,1.4347661636605864,1.2505214091712888,1.2983496143364162,1.3268351708858164,0.10323142039887595,0.2654607621384201,1.1664137095297882,0.15502002668595866
2014-12-26 18:00:00,DEHM_noBD,0.8351043960112527,0.2504416686080534,0.2046189348285435,1.704399806529413,1.7373784004875459,1.75862750123465,1.5271008592926536,0.09148124460933947,0.2610906823612934,1.118158016144771,0.16059995853019457
2014-12-26 19:00:00,DEHM_noBD,0.8225130293544518,0.24803839909915798,0.19927260041001937,1.835828173108535,2.246282655492746,2.183799547742833,1.9633600114492267,0.0898030149458487,0.26687878772137674,1.059566188764019,0.16186467415341985
2014-12-26 20:00:00,DEHM_noBD,0.6439202407704445,0.24542748074880316,0.2059198555907606,2.0535942361303023,2.38056357311785,2.5759468583184946,2.3805511585265875,0.0939292017312067,0.2615123274155426,1.0863745369578368,0.1604137941502446
2014-12-26 21:00:00,DEHM_noBD,0.4627841553982627,0.25338335197940454,0.2114377983653148,2.1519842474215753,2.5637495476412844,2.8256605929945655,2.5730293365403543,0.10018788618852371,0.2520801963403214,1.0559838885793902,0.15708272237117976
2014-12-26 22:00:00,DEHM_noBD,0.42149286425203075,0.2726823468618978,0.22615538464647233,2.1824015253045763,2.8481800858028374,2.849945808164278,2.58560412768061,0.1015524437512875,0.24236951781371135,0.9026951360081008,0.1512239383074582
2014-12-26 23:00:00,DEHM_noBD,0.47340567663643496,0.29651735801774987,0.24703814439841532,2.08417572728243,2.846140631430354,2.754700089752179,2.547100319183988,0.09826726540641856,0.21490073747157107,0.768534706051508,0.14776754804111142
2014-12-27 00:00:00,DEHM_noBD,0.5185742415994126,0.3511147218568714,0.24386958694581864,1.9858570925609218,2.7582809213228945,2.6463343363126333,2.5093941674507816,0.09140895821310804,0.19048193595246407,0.6494283180958684,0.1472703963468287
2014-12-27 01:00:00,DEHM_noBD,0.5756323604299827,0.3723166251320298,0.24857952729667526,2.0960179578395017,2.62166931871254,2.58995155181745,2.336264916031305,0.0967649176094959,0.1684699020419082,0.6148305228865483,0.1460382778831477
2014-12-27 02:00:00,DEHM_noBD,0.6263165279717416,0.3261312335676792,0.2765817410319623,2.252671278488855,2.2732077672114035,2.4589101633692705,2.3670486062159077,0.1221936707328428,0.12773917321030032,0.6570457471739934,0.14253177083533103
2014-12-27 03:00:00,DEHM_noBD,0.7133401314726657,0.2872805181930026,0.3146397492154476,2.2406998144380887,1.9482650394523424,2.0892543467163747,2.4618611112769546,0.15006471173742364,0.11412015707094206,1.199246637027726,0.13964094947336927
2014-12-27 04:00:00,DEHM_noBD,0.7752000075975735,0.26827325205650643,0.31867122114771496,2.104181488271719,1.636838713457454,1.8230365915855207,2.3427221986677624,0.17488195748722438,0.16169780741784706,1.6702454579360293,0.13930212120442648
2014-12-27 05:00:00,DEHM_noBD,0.7406404717421438,0.2601523578702191,0.3371608250780402,1.8568868953904207,1.6031284721826855,1.6981068936215853,2.171895474713801,0.18938395721119056,0.2295047361036529,2.003814364604718,0.14044001138853823
2014-12-27 06:00:00,DEHM_noBD,0.7504589917203504,0.2914933234448124,0.8394101537957461,1.4451161668500978,1.5812185609519667,1.5468956575734027,1.8651950584330292,0.18953464809234122,0.2998268523139604,2.1524947109803656,0.1459898679147753
2014-12-27 07:00:00,DEHM_noBD,0.8850245590281487,0.46881076695210977,1.436203371743909,1.4517089278934745,1.488818896831507,1.2952132141876314,1.7034476412276587,0.17534337605744973,0.3546939680011315,2.180502981385032,0.15098472314416425
2014-12-27 08:00:00,DEHM_noBD,1.1052907332687125,0.7504302709679771,1.6828372950241843,1.4145667631451602,1.3270897275075035,1.3355524519010846,1.8280881127404915,0.16364388415898853,0.40569167039096377,2.2824173790374536,0.1554167144386655
2014-12-27 09:00:00,DEHM_noBD,1.3849758361742226,0.8118122089621773,1.6322929524495555,1.1063854411174896,1.498558304429683,1.3880792981973862,1.619195569614764,0.16441597630038762,0.4903173171863531,2.4682964267065364,0.15924541135087594
2014-12-27 10:00:00,DEHM_noBD,1.6129807161654255,0.7550256091338686,1.5152459240534704,1.1558500696431948,1.4963839918724076,1.2390824282142012,1.578915478631259,0.17810423776333328,0.4844213861015286,2.434970699953355,0.16278664211947447
2014-12-27 11:00:00,DEHM_noBD,1.690129102984137,0.6286882566600618,1.4352412071221996,1.2164628900043124,1.4430114700038639,1.2787824133500394,1.579191641872392,0.18526821237386465,0.3727351032275956,2.011435406032645,0.16591429468905536
2014-12-27 12:00:00,DEHM_noBD,1.5268316512222833,0.49665295401741016,1.2010659457593664,1.1660197467654447,1.4810039610076462,1.3341588836267047,1.4678734709579182,0.18324389864814444,0.2691236016363495,1.706104714566243,0.167574577006325
2014-12-27 13:00:00,DEHM_noBD,1.8583469096642315,0.37282273052990894,0.9885435950421044,1.2733480020066166,1.6158394818683153,1.379472841961755,1.5418394703352072,0.17699212814048726,0.23181189165184796,1.6250328362077318,0.1684681389253958
2014-12-27 14:00:00,DEHM_noBD,2.264435255016281,0.36075098120172033,0.8206011810843172,1.4930131921409109,1.8064838691276381,1.510043302821379,1.5858371139929963,0.167379776347655,0.21424506304838786,1.7780762937886372,0.1680705392372979
2014-12-27 15:00:00,DEHM_noBD,1.9932662655483093,0.2967647770872059,0.6938090237422809,1.4539146591096133,1.992994393360078,1.7710732984614441,1.5706454346359924,0.16199030013988172,0.2048938487376027,1.8257229121286194,0.16738117241755116
2014-12-27 16:00:00,DEHM_noBD,1.6348134491766058,0.2645510332493762,0.4850673921105659,1.3942627287727103,2.212646557571904,1.9539023148253571,1.5613310730981573,0.16193715687186247,0.20171171212557992,1.700961120083048,0.16616029701037313
2014-12-27 17:00:00,DEHM_noBD,1.2230170661449804,0.307846275569602,0.4950942946351202,1.07908024236566,2.001585036640173,1.7970426167751263,1.3381140563389338,0.1609893432727766,0.20825953644433293,1.189439689464927,0.16486408258108404
2014-12-27 18:00:00,DEHM_noBD,1.1298759313077853,0.3761516374030761,0.4653002562000997,1.0639473023619193,1.6356549199622625,1.5699896944435077,1.367632342423481,0.16178657832475707,0.2195845839938592,0.5336988196307146,0.16335827731392336
2014-12-27 19:00:00,DEHM_noBD,0.5437435940376113,0.352976832180552,0.4155107930510909,1.3633245076250573,1.4962376835703788,1.555347984797718,1.5520122290289917,0.160724450084261,0.2396332277157667,0.3875442890432108,0.16181418166849743
2014-12-27 20:00:00,DEHM_noBD,0.37742682044323056,0.31824767171464735,0.39017955584606795,1.6536637100849674,1.5896961542496397,1.7207728248179734,1.824376467650845,0.15534086390224283,0.2624094108162219,0.34881977455777685,0.159755536644738
2014-12-27 21:00:00,DEHM_noBD,0.3203828139405569,0.2763672836336433,0.3661335172360928,1.918469368034901,1.9872485763025995,2.041153098568268,2.169894665900131,0.15545752835100865,0.2944792854143931,0.32421177744259844,0.16094561695547763
2014-12-27 22:00:00,DEHM_noBD,0.30654034027598787,0.24797137200002803,0.3660738153812678,2.1493286840056545,2.3339272305469114,2.4046314976000844,2.5602409123979486,0.1597943991748954,0.3262565816479914,0.3317626835753019,0.16176209510028358
2014-12-27 23:00:00,DEHM_noBD,0.3085717650570091,0.2445076048547195,0.34225982355430995,2.128937046360758,2.4679577484066275,2.702774302339412,2.7156942177770826,0.15677466080162328,0.35883585267022183,0.3411161401741217,0.16123272647843215
2014-12-28 00:00:00,DEHM_noBD,0.3043418459186661,0.2627992805867701,0.3513362307687187,2.080640558929084,2.335457752230114,2.779425669520776,2.603856506620291,0.13922098441598216,0.365592672913088,0.3557505281899028,0.16209284962736056
2014-12-28 01:00:00,DEHM_noBD,0.3180505969207641,0.27961364168321456,0.39269951340945153,2.14453160627008,2.066334824359906,2.6433044584187924,2.4244201640134837,0.12060672731479738,0.3372479981418678,0.371776643287857,0.1626222244281972
2014-12-28 02:00:00,DEHM_noBD,0.34606320856802497,0.30906607928419755,0.44390878840377435,2.1270511435605726,1.8768101478122896,2.5178292626942165,2.4003693940978996,0.10974934046275728,0.2961113801843018,0.3886268793640357,0.1647363469713878
2014-12-28 03:00:00,DEHM_noBD,0.37675224486308045,0.36748623691684895,0.5126491524981398,2.1589323183272735,1.833043522444975,2.5365027448268367,2.50286667232527,0.11327795758841702,0.26885847662612206,0.4070778884958236,0.16496673050919528
2014-12-28 04:00:00,DEHM_noBD,0.4025118339492519,0.50337583611481,0.6360258136353955,2.1495296426769377,1.9079298201548496,2.6122922356331273,2.5206681832593527,0.13215001369339896,0.2493791532600042,0.42308902177507945,0.16363286293108006
2014-12-28 05:00:00,DEHM_noBD,0.4055825311172799,0.7191998457012951,0.8300925310087528,2.093339552072329,2.0253864155873957,2.683372276674971,2.5302301599329255,0.17040257555197386,0.23884914706664734,0.43730936014337796,0.1626696258411788
2014-12-28 06:00:00,DEHM_noBD,0.4064668348408134,0.8600250549362201,1.0108389139339493,2.12033539775005,2.204665567022623,2.7635805073969193,2.6207583968974526,0.23881867491280706,0.22922783560212565,0.44801305394601143,0.15942788017116474
2014-12-28 07:00:00,DEHM_noBD,0.40617692351908696,0.8243185396912126,1.0795001875457648,2.2600281438830905,2.6213692399480895,2.8563165249980518,2.7784106983598593,0.31036298388284955,0.2200273126386389,0.4540555897693628,0.15649814190037764
2014-12-28 08:00:00,DEHM_noBD,0.38653922379633515,0.7858218594589264,1.1044139729088538,2.4207847605567663,2.896487781939826,2.9331434835295744,2.9137904647895083,0.3660256933613796,0.22283600256703376,0.45160687282889656,0.15540640569911562
2014-12-28 09:00:00,DEHM_noBD,0.37324570293549564,0.8376754830363042,1.075453262204144,2.348904651334514,3.068226964893291,2.88854052098831,2.8399933512089244,0.3596665209628245,0.21912515474988198,0.4325587228719251,0.15294701027430116
2014-12-28 10:00:00,DEHM_noBD,0.3639240293958875,0.8041026854504081,0.9870515800998186,2.43150973441831,3.094793545301958,2.696139691083816,2.6900889284846143,0.30297383393632243,0.20460893557654905,0.3972147126134764,0.1489220517347612
2014-12-28 11:00:00,DEHM_noBD,0.3981965108559582,0.7450142661077901,0.6845889826423733,2.436720068040824,2.9189027489089723,2.4937476529908063,2.620928218180457,0.24037544494735058,0.2040312705607793,0.3615010235773997,0.1426824201269912
2014-12-28 12:00:00,DEHM_noBD,0.442108234065523,0.7368286042760237,0.3586568506696218,2.3703675994227154,2.5644237668683028,2.335627831024059,2.5949538928358113,0.1652231190490162,0.20564211259299525,0.35255593876776475,0.14135421546813076
2014-12-28 13:00:00,DEHM_noBD,0.44232993122714903,0.8193120796428803,0.24905559122721194,2.3114919235359697,2.101902756946088,2.0571794936905325,2.5416957186682185,0.12254270055406256,0.22236212191403515,0.38796380522065343,0.14333472910345285
2014-12-28 14:00:00,DEHM_noBD,0.36917018135323404,0.8696829317072664,0.2737237007039807,2.248384174843768,1.6038699219978811,1.9542830922441783,2.3270749852791086,0.11002071697295632,0.2621352985695632,0.45744068748896727,0.14687552456425954
2014-12-28 15:00:00,DEHM_noBD,0.27386831048405713,0.6642687674684298,0.21662471503085218,2.048281745667159,1.227308781320122,1.6726316157778858,1.7678138770794671,0.11237558904404735,0.29579155421006154,0.5103312591355921,0.14999800128432442
2014-12-28 16:00:00,DEHM_noBD,0.22508022638674818,0.4378328806796204,0.5000544741667842,1.9783863352710813,0.9943026935157597,1.595349396944951,1.5750375272274975,0.10927387712139826,0.3198727673977444,0.5434427156379698,0.15142331715522783
2014-12-28 17:00:00,DEHM_noBD,0.33922954246927045,0.36281761378948574,0.6713033482984172,1.8055705041322498,0.9617976007151556,1.6015822409696763,1.234048884892617,0.10056958773566059,0.3287053869452241,0.5564589372070456,0.15259666328930288
2014-12-28 18:00:00,DEHM_noBD,0.36813757761027643,0.237960989127648,0.1479066731906867,1.4951808507683313,1.1121246487792766,1.5397748470913426,1.034830138845791,0.09935286406727084,0.32434929097029386,0.5467741280847072,0.15451424378623935
2014-12-28 19:00:00,DEHM_noBD,0.5731666387770136,0.18933610384771704,0.13044558044384927,1.1660421087712431,1.0837980602329875,1.4565589700231012,1.1175471516936797,0.10954884794780684,0.3027890656893746,0.5132758406018928,0.15700473861389086
2014-12-28 20:00:00,DEHM_noBD,0.834199467350256,0.3198046944619249,0.1984864608351726,1.1709533612447218,0.911980206429418,1.7189982601478093,1.3359030955442615,0.11363122760403074,0.2782733004464408,0.4616809305043901,0.16202999180614638
2014-12-28 21:00:00,DEHM_noBD,0.7223261763401743,0.5296988054177106,0.3250081814585354,1.5352465368411825,0.7648371084988674,1.621292187450598,1.6323456204378535,0.10824912171463183,0.2746039547994793,0.41085012145075406,0.16996268372529522
2014-12-28 22:00:00,DEHM_noBD,0.6491404907405096,0.4661591965220868,0.5761186169900521,2.049121390739557,0.731430983489463,1.0579023978162279,1.5741533262878469,0.10227534848109812,0.28822307680493187,0.40659287527323834,0.18181374378274873
2014-12-28 23:00:00,DEHM_noBD,0.661971418046575,0.39315507971222263,0.7463427285364869,1.8882904485548626,0.30474669046277164,0.8867600857841782,1.245969424570254,0.09193865362863596,0.3062408743504076,0.39156550945613167,0.1964450977808027
2014-12-29 00:00:00,DEHM_noBD,0.5695843511350888,0.40711170649795553,0.7149698753112461,1.4003573483212735,0.235614314084714,0.667725621024915,0.7438440537030924,0.09312674917981077,0.3187461600233519,0.3430015222476454,0.21382558309636607
2014-12-29 01:00:00,DEHM_noBD,0.43616707191582527,0.37757658728560073,0.5783705027769505,0.8399538211592682,0.15001387647846698,0.6303044205731805,0.34629567993838084,0.08869328526309213,0.33211298975161063,0.3305397677132801,0.23156959282373674
2014-12-29 02:00:00,DEHM_noBD,0.37801627739990673,0.42299392841652605,0.5190982725962461,0.4791474836230353,0.0744895578500255,0.44362759235884747,0.26308874251999653,0.0884358942433073,0.3434397961631245,0.3359677194497107,0.24777991369347463
2014-12-29 03:00:00,DEHM_noBD,0.3337929602459241,0.6167228721613087,0.5518389692884019,0.29612397613439334,0.06807114876162243,0.211369453678464,0.22704732711044012,0.0875300566479563,0.35065833970298355,0.32516436259783843,0.258960201893966
2014-12-29 04:00:00,DEHM_noBD,0.3255000386695881,0.9358263680314257,0.7239903492132829,0.26103918223574635,0.09006324747042717,0.10187439147237798,0.1628666480921121,0.09155625491978586,0.3565269502487459,0.3225555129104999,0.26522219111061673
2014-12-29 05:00:00,DEHM_noBD,0.33581433240029723,1.061470350864775,0.7903161169885738,0.30393814192377944,0.11015523241391859,0.13495986781469305,0.19307551347233692,0.09631272282320982,0.3624317872771861,0.33197574296058874,0.27226151956852845
2014-12-29 06:00:00,DEHM_noBD,0.3362334540251053,1.1025330945746612,0.8492320973805898,0.25811845575619596,0.11685414879668955,0.17506652092745256,0.21411727288174603,0.10247735449363461,0.3727705863538214,0.33871649913878965,0.28457386163933673
2014-12-29 07:00:00,DEHM_noBD,0.3315237393452919,1.1765424817148156,0.9239954368547676,0.266649726697866,0.15873798159622338,0.1730677537948765,0.26041333088276225,0.10053995572965568,0.39579000542225146,0.3276567252381764,0.29457721292131717
2014-12-29 08:00:00,DEHM_noBD,0.344812563107162,1.359780506084219,1.0179307799451007,0.30195368009373125,0.19565433384922087,0.20530869128682172,0.3059279178139128,0.08761589131529432,0.4306398837462548,0.3162870718331582,0.297087860137524
2014-12-29 09:00:00,DEHM_noBD,0.35742172585880605,1.3629820509993915,1.0629166368333345,0.2926382069695923,0.1961760797433576,0.218317429895095,0.30506366460334533,0.08155360366355617,0.48832283620545325,0.3061818687984893,0.29584807395161594
2014-12-29 10:00:00,DEHM_noBD,0.3579255746498121,1.1806877708398549,0.8276227427673619,0.30226149615170655,0.17659209944179263,0.19126504017195423,0.30801700225734524,0.07716415023017652,0.5248252145319904,0.295174062139964,0.28863595527727776
2014-12-29 11:00:00,DEHM_noBD,0.39444918269764506,1.0528044985132756,0.29038027902983116,0.3278741454032023,0.17280104011012695,0.17513812310030002,0.3193640775828789,0.05867912226999625,0.504107621964017,0.2999175807348638,0.284057140998129
2014-12-29 12:00:00,DEHM_noBD,0.4369106238632602,0.7476464717185451,0.1421849975152685,0.36536855571714133,0.16981087891375288,0.17980762844071074,0.3394935967739566,0.04614593284006222,0.4805349339554359,0.31405773850852103,0.2893651733969659
2014-12-29 13:00:00,DEHM_noBD,0.42737965574051257,0.32298606436857946,0.12390515146253614,0.45208668381432454,0.17441205068905472,0.1828349591379146,0.3624896528541761,0.04454362055516317,0.6300121730987744,0.3536708782247219,0.2883829756029312
2014-12-29 14:00:00,DEHM_noBD,0.49739634115378717,0.13624755360452445,0.1126966965353186,0.5786388234239908,0.17969265256089484,0.1916527135207319,0.40121397246869994,0.05015481110528096,0.7688503665136908,0.4080492750745698,0.2881009227912011
2014-12-29 15:00:00,DEHM_noBD,0.6189827411072049,0.12102073544519942,0.10279396544406405,0.6833232669253426,0.18865387341085466,0.2220282232297339,0.48036064268461404,0.06276543388816519,0.8018443547417715,0.5251211134724896,0.30131997810847194
2014-12-29 16:00:00,DEHM_noBD,0.8551789732363144,0.12464320610435181,0.09234804278841918,0.766863907395667,0.19800983297513672,0.2658086864379756,0.5767465810101866,0.07976952734241245,0.8062220804285951,0.6582936973898041,0.3194633148850227
2014-12-29 17:00:00,DEHM_noBD,0.976001150974296,0.10384572401355914,0.08653445320432529,0.8663692506449827,0.2008481162822478,0.32543810586988053,0.6654979497414863,0.0947870681006647,0.6431307828539307,0.7707093235226438,0.33551208636266794
2014-12-29 18:00:00,DEHM_noBD,0.8702941693542943,0.08306396753756785,0.08502859936826845,0.9849316330506496,0.1978234762613229,0.4194230220610904,0.7172749431584984,0.09944406100221434,0.5159097192221483,0.9301922689076862,0.3625496469014926
2014-12-29 19:00:00,DEHM_noBD,0.745056122416472,0.07770222890209418,0.07959566911943589,1.0967830762343231,0.18845785637986834,0.5338552045903366,0.7751698235324528,0.09794521240957067,0.4620454122030268,1.179679090155708,0.37914173367048226
2014-12-29 20:00:00,DEHM_noBD,0.5633270064140483,0.0811184626805062,0.0727199464213975,1.0991539373145682,0.17244076848373507,0.5976136753465894,0.8009061058677563,0.09373331719458092,0.41044361476579205,1.321447645283018,0.3434940137018993
2014-12-29 21:00:00,DEHM_noBD,0.4659844164997804,0.09767411921685297,0.05985609119237217,1.108834104067615,0.15654749930741718,0.5906531646180527,0.7779428909393336,0.08588416922634443,0.3670135338764636,1.3022319188029945,0.2521260784650757
2014-12-29 22:00:00,DEHM_noBD,0.396352145018354,0.10651732833272606,0.05124065228267862,1.1813996157468307,0.1387530895150754,0.5841825595239246,0.8115768233803915,0.07457569304387998,0.3152846653983927,1.1748132674071992,0.1640922585998823
2014-12-29 23:00:00,DEHM_noBD,0.3857523056671769,0.10942523748072508,0.048194571596823346,1.2983008471519257,0.1247470653142359,0.574621569743696,0.7946782336846296,0.06792064179589953,0.25936749824931826,1.04739771404549,0.0988164177931006
2014-12-30 00:00:00,DEHM_noBD,0.3619133509551522,0.11847433912295949,0.047847357094186416,1.3773644306866537,0.11448414815309914,0.4980095089160568,0.6631921795416553,0.06573544825253999,0.22293513646043822,0.9953249069108225,0.05841938662300166
2014-12-30 01:00:00,DEHM_noBD,0.3177847923149191,0.13258213166288194,0.04710152045181626,1.293274681303685,0.11169373034737051,0.40716486061533663,0.4937351286254182,0.06501001700811077,0.19588586251870727,0.9517874852403084,0.0375333809620298
2014-12-30 02:00:00,DEHM_noBD,0.2958080974541371,0.13553913683918115,0.05166328771350205,1.0759837160469743,0.15597916707405346,0.36034172680811016,0.4077295325593091,0.06354684542812394,0.1892760351609437,1.0304191703806742,0.030294555026949364
2014-12-30 03:00:00,DEHM_noBD,0.28881037258893694,0.1271805895798143,0.06227447505605987,0.7635293437077977,0.33279943024453695,0.39004980430356684,0.34947095427598784,0.062257202539611485,0.19506657600780003,1.105086010401193,0.0328145615516182
2014-12-30 04:00:00,DEHM_noBD,0.2749548860588901,0.13007893435481427,0.07088740004211184,0.5600165299655274,0.6331821764037384,0.49546733632565926,0.35589125323640164,0.06184882821992031,0.20550471559278655,0.9658750147670181,0.032936232029810615
2014-12-30 05:00:00,DEHM_noBD,0.2868669963297619,0.12078832187446181,0.07103436106850679,0.5235325065776437,0.9294285359987431,0.75060373641978,0.42190894131557066,0.062019030753224826,0.23527922936612733,0.6541619413929478,0.0335653387609461
2014-12-30 06:00:00,DEHM_noBD,0.3262941553921903,0.11664801469551737,0.06880073199510614,0.5999172755650815,1.2590657100094809,1.0563764713909245,0.6278614059750931,0.06592413779221926,0.2774615074169542,0.45638447522868847,0.0339306329747166
2014-12-30 07:00:00,DEHM_noBD,0.30376923683932044,0.12248283343511154,0.06819049344944902,0.9042451382284693,1.6920972536520662,1.452849443637198,1.023017826153701,0.07447308120156097,0.33913836522337026,0.458534770794818,0.03388557132169941
2014-12-30 08:00:00,DEHM_noBD,0.2581410877139679,0.13575791892854802,0.07463266732974111,1.2593175490901105,1.883347286915397,1.8851107662274873,1.3696328802571445,0.09329681964161857,0.3743977006320376,0.5464557436952298,0.035360034028710303
2014-12-30 09:00:00,DEHM_noBD,0.19201481898324552,0.13371488549314658,0.09757836667285902,1.4596179669371747,1.9139463490716833,2.073520899938915,1.6494323814583627,0.11006689740419355,0.3475545361014269,0.61161087882578,0.03723081252602358
2014-12-30 10:00:00,DEHM_noBD,0.12065982641677128,0.13749682286468323,0.15193166635541377,1.6358259719075658,1.9003745317850496,2.054672772724377,1.8798077890674036,0.10330851479219313,0.30540532169764856,0.6443470997491862,0.039318808308395806
2014-12-30 11:00:00,DEHM_noBD,0.09025075825646277,0.1629113865134305,0.23139542691199277,1.7383072677740163,1.7749827545913588,1.9851603333608132,1.8740045886618575,0.09825874757155538,0.2699145850826426,0.5243305491069378,0.04354517479553098
2014-12-30 12:00:00,DEHM_noBD,0.08391509222840521,0.2421279624460148,0.30308236708261094,1.8011530863134186,1.6505524122950153,1.8891522886246208,1.8727560250832487,0.10491597639407954,0.26107071053438347,0.3840422085943932,0.047602397918927154
2014-12-30 13:00:00,DEHM_noBD,0.08756267103271666,0.31817747381546413,0.31357075018299096,1.74810805528108,1.5355209432202996,1.8048311363395444,1.8009800875174022,0.10596468290079376,0.28635512507556465,0.3070006571486591,0.05217596884195867
2014-12-30 14:00:00,DEHM_noBD,0.09713579943398008,0.36169846999105526,0.30098705613885535,1.6959825534745636,1.4163749961577494,1.8036089367827097,1.7432156033230501,0.10370989513476363,0.3506092240707249,0.28591700170297163,0.05749872934940335
2014-12-30 15:00:00,DEHM_noBD,0.11775002759363032,0.3256646318556996,0.284596406309232,1.7045654997108375,1.2775470209820383,1.8886895905556753,1.6927007913491647,0.09511048213122392,0.4195601392863783,0.27997190282332696,0.061358929451650425
2014-12-30 16:00:00,DEHM_noBD,0.1716671205281931,0.2746145167717127,0.24747842075042872,1.8610872175557072,1.158393468796704,1.9101724793234363,1.7829954773026448,0.07484436775390041,0.4984918675325809,0.26346680658648236,0.06283593455439432
2014-12-30 17:00:00,DEHM_noBD,0.18945339302832248,0.21346602892158534,0.21635071964487418,2.2190059301920226,1.0929688569911475,1.830639318148799,2.0641047239272634,0.06262948481904324,0.5723769781190158,0.2692264711125846,0.05528976171223574
2014-12-30 18:00:00,DEHM_noBD,0.1731129076191967,0.18549372363285846,0.1952405943277693,2.4613261198107965,1.0940992558286524,1.7910854773043516,2.232876770499599,0.05990050162693475,0.5874848980329931,0.3094859676695241,0.04294532827412049
2014-12-30 19:00:00,DEHM_noBD,0.16500824942456555,0.1674400462214579,0.14770719582434627,2.65581367184352,1.1085419879484268,1.8347509273441975,2.2420049718785684,0.06029161137828581,0.540194158066213,0.3088573233612253,0.031730794597467735
2014-12-30 20:00:00,DEHM_noBD,0.17115384871548958,0.1460740366896916,0.110135645850197,2.6857784500297464,1.1175015448735748,1.9602701939201959,2.1732787373079194,0.061810686137303485,0.4750718909177184,0.2567746405208296,0.023902053835129694
2014-12-30 21:00:00,DEHM_noBD,0.17317029596395772,0.13005714961058223,0.09553300917522274,2.549356918687206,1.21367750997453,2.106160836546952,2.1749316776961134,0.06692879265544005,0.4254864478370546,0.21220410882753313,0.02065824315641011
2014-12-30 22:00:00,DEHM_noBD,0.17316380899588568,0.12190719833145365,0.09718239303092563,2.632524610021245,1.309477139312625,2.3123390283006198,2.2653644303027334,0.07490897543183514,0.38522738822758196,0.21001098195025683,0.020573561642212895
2014-12-30 23:00:00,DEHM_noBD,0.15721916713127848,0.1271612033304268,0.10000581206386888,2.7844226513372923,1.4529736745885387,2.5719997277239806,2.3887785223520543,0.08149787584343919,0.3714797851248085,0.2520880254254349,0.022338653803242355
2014-12-31 00:00:00,DEHM_noBD,0.12789972113077513,0.13697794465835886,0.10839079132032098,2.734113672338286,1.6705928721294923,2.843381631590403,2.6060827883148545,0.0871192613396699,0.347953527200371,0.2767848615746664,0.024147010620994235
2014-12-31 01:00:00,DEHM_noBD,0.11790083877945304,0.14965440727444346,0.11369657833947314,2.9914601652155586,2.007790962909814,3.1187555104690095,2.8406459146505223,0.08991499794004476,0.3051383615007251,0.250414812459438,0.025628288659311358
2014-12-31 02:00:00,DEHM_noBD,0.12545897020742286,0.16001468380810213,0.11333313932721954,3.2732263013002045,2.3237934960603344,3.3520315624237202,3.0960220568908143,0.08937319488686499,0.2544184290942549,0.211355787920337,0.027055495709650476
2014-12-31 03:00:00,DEHM_noBD,0.13070677846077822,0.158930864854683,0.11175259536607188,3.624771027204841,2.5218456282030792,3.5242229046515656,3.4817127360333715,0.09177324214119914,0.21676994177743777,0.18963076477252855,0.029155069758480957
2014-12-31 04:00:00,DEHM_noBD,0.14617605731271194,0.1558352515323227,0.11294268630880853,3.937168645615359,2.672928773332648,3.6813071992379522,3.780407203341436,0.09235310246265485,0.19350183426663267,0.19255147124804542,0.03248516440350377
2014-12-31 05:00:00,DEHM_noBD,0.16448684592906365,0.1609508033679517,0.11271629479251098,4.4449128716152115,2.891468125212528,3.900268453065986,4.0984576500162015,0.09147720546875146,0.18437625801578153,0.21172263966559413,0.038134371035853244
2014-12-31 06:00:00,DEHM_noBD,0.17160322712715703,0.16145730346146486,0.11573781553908703,4.668944451766242,3.157708139922358,4.043321847011852,4.3926375879201505,0.09790756402443149,0.195875387585163,0.23348789018275673,0.04586076707832788
2014-12-31 07:00:00,DEHM_noBD,0.16687832645170375,0.16279907731023138,0.13351090590751133,4.727989340989853,3.3094227277847192,4.20236058607711,4.61946582035231,0.11166078586153677,0.20738382139474132,0.25549981005823924,0.054242777155407124
2014-12-31 08:00:00,DEHM_noBD,0.16220943845104405,0.16823112514645078,0.18718710083729798,4.81054012667246,3.344168595310087,4.32191168391031,4.69021603421649,0.12718915044967072,0.2106587250535189,0.2611284489411021,0.06323760652500893
2014-12-31 09:00:00,DEHM_noBD,0.15845822435818602,0.19658168877724766,0.4084408779263869,4.7558249174663825,3.205338734646337,4.140785553427208,4.621251718680184,0.14764244265547,0.18297818850159636,0.2431908950999518,0.07412473889601986
2014-12-31 10:00:00,DEHM_noBD,0.1526590876797212,0.24231257114558463,0.993089696314903,4.435766318157851,2.861776346327048,3.8143258608082493,4.335864342268591,0.23267413393277653,0.1640805100531874,0.2282037131465411,0.08726768113734411
2014-12-31 11:00:00,DEHM_noBD,0.1535440477607956,0.42282621303701284,1.1624987876296788,3.946626070902161,2.663159228751753,3.519293462646492,3.890436503736251,0.39937233800798877,0.16653198320757592,0.22219229124739756,0.09981259070444837
2014-12-31 12:00:00,DEHM_noBD,0.17669603895043934,0.9470175630320934,0.8733527427317155,3.554550972743189,2.4911260125928,3.298875803797001,3.619728166454465,0.5959189819837507,0.1696023943472652,0.20584632787434373,0.10951246908957583
2014-12-31 13:00:00,DEHM_noBD,0.2679297036813663,1.1884592895571422,0.6555204970897686,3.262242142479712,2.2136902883902567,2.9106728996988367,3.3579984148527826,0.691231334944947,0.1858400481846928,0.18917044582868914,0.11462908426299677
2014-12-31 14:00:00,DEHM_noBD,0.4552932099765724,0.8869753775127232,0.5667311446905601,3.0190437618669437,2.28777747402817,2.5578633001451494,3.067997755889122,0.6027720593067301,0.22099697419479472,0.20231002728018424,0.11574190392170086
2014-12-31 15:00:00,DEHM_noBD,0.8321064351166225,0.671275384040256,0.5218323487738799,2.7720460722090094,2.557067737813974,2.7552538084392393,2.778072766695887,0.4606772404020037,0.3712137557109072,0.2948669509617704,0.11415852960554865
2014-12-31 16:00:00,DEHM_noBD,1.0674542664087006,0.605487109311896,0.6124725303156673,2.6414289014800727,2.746731237659964,3.1226844800762947,2.7309517708956124,0.3375188180525618,0.7593574507693199,0.5468686905503785,0.11038552129933604
2014-12-31 17:00:00,DEHM_noBD,0.8966121914128773,0.5882717587476409,0.8118666057287436,2.7856487615014633,2.7957768262943397,3.416753923154972,3.1272394757590254,0.25654190590930104,0.8698700626820326,0.9428527801640332,0.1085619014050438
2014-12-31 18:00:00,DEHM_noBD,0.6927009759398549,0.7114843921424214,0.9756995918423217,3.1383137197587967,2.606992681413023,3.504100418441375,3.4781751061979334,0.2294073587810061,0.6585492116423696,1.1441671949564851,0.11093726440685317
2014-12-31 19:00:00,DEHM_noBD,0.6043918719905241,0.8985504198178276,1.1339282160820998,3.5385904991358244,2.661662754304782,3.3966235295695064,3.67324437139336,0.22788659218818402,0.4609209250320866,0.9788856998915969,0.11228115015686943
2014-12-31 20:00:00,DEHM_noBD,0.6272849225468,1.0577783356651012,1.2387491889540105,3.788977587109348,3.044302560759857,3.5713393447618835,3.9357191791284363,0.2434747234781271,0.3538432396574689,0.8007528959281927,0.1160685433826128
2014-12-31 21:00:00,DEHM_noBD,0.8636320645011215,1.1700564036819432,1.4680736706269344,3.818687348084897,3.19530256008178,3.574726998161352,4.004635696743855,0.27197231685927126,0.3072653179345651,0.7247993166287987,0.12342996101269947
2014-12-31 22:00:00,DEHM_noBD,1.066331593512129,1.2844838959589415,1.7515219901144876,3.85277511036583,3.0445259213457625,3.568103537580064,3.9497287675337187,0.31640566907141354,0.3077760070004313,0.8005055894612518,0.14092542156946836
2014-12-31 23:00:00,DEHM_noBD,1.176364762417786,1.5279240436300638,1.7989882140936704,4.050834152547286,3.1839551999932616,3.540673730031615,3.887545862460213,0.37736695197802034,0.3477409921967981,1.0252534130852111,0.17291086108080103
2014-01-01 00:00:00,DEHM_BD,2.4914597479819336,3.236770642013832,3.8758046585193795,1.0033752908959552,0.9270357673475145,0.9809230423800903,0.9886728464427741,2.1827710707034167,2.6531260208768512,2.850598284610876,0.7753421674617378
2014-01-01 01:00:00,DEHM_BD,2.7259087295889843,3.2538769674689245,4.021368130830771,0.7250979366521745,0.8072332759592401,0.956168106135593,0.8614067825983185,2.542452256866619,2.5505130183066242,3.0494609022098085,0.8619196554349734
2014-01-01 02:00:00,DEHM_BD,3.027033590458019,3.365940332850337,4.17817667347876,0.5754603749400994,0.8062950709055363,0.9761757106890222,0.8040692691826459,3.0958376191144064,2.4945802972361264,3.1897127351771517,0.925876127411127
2014-01-01 03:00:00,DEHM_BD,3.241471802298348,3.5876741489650645,4.348475000828481,0.5127007288626358,0.9004238163063583,1.0341359507012065,0.7903668282794796,2.996056700853277,2.437480460416395,3.136712793706823,0.9570846986281871
2014-01-01 04:00:00,DEHM_BD,3.4391364059122838,3.90273752007858,4.47134597480132,0.5504712394250666,0.9249045987097173,1.0594739761645615,0.8717960000538528,2.885328505039215,2.5376279693865404,3.1528883579236644,0.9777533794932066
2014-01-01 05:00:00,DEHM_BD,3.6406269073408075,4.184400681957073,4.452388724589029,0.628796670716332,0.9115395251294877,1.0866164277728099,0.9272041590670275,2.7731325950208303,2.5402866949607814,3.225665598667413,1.035394875558
2014-01-01 06:00:00,DEHM_BD,3.802413182899193,4.445681894954045,3.783365813335504,0.6995096971209278,0.9391928165673931,0.9554335419301107,0.9455936275085457,2.783279066130817,2.5622013130594787,3.167814490845949,1.1585624859313666
2014-01-01 07:00:00,DEHM_BD,3.875511890481908,4.717769562583219,2.463097511520744,0.6970445348085259,0.8754811060756444,0.8233779431091248,0.9218777814119792,2.6197759458750483,2.5434135114687675,3.1994489003355056,1.3412386318212748
2014-01-01 08:00:00,DEHM_BD,4.036357710903897,4.861134671777082,1.6160866478410083,0.6797987568708148,0.7222498625788092,0.6627963796987871,0.8741541236994811,2.3578866172993185,2.472096259609759,3.143341174935177,1.5443639126680235
2014-01-01 09:00:00,DEHM_BD,4.225028566677786,4.224571375163518,1.289447857262646,0.6037585866169874,0.6655638000977318,0.595479439942874,0.7902236084474867,1.9292267094162852,2.4903600296685844,3.254576868144796,1.6516430601663892
2014-01-01 10:00:00,DEHM_BD,4.2155358001147025,3.064080266767577,1.0299214282610407,0.5412415503950829,0.6368664140235073,0.5569709794814907,0.6743993368301703,1.2855815293976292,2.582611117773503,3.3640227811739223,1.6846545198498666
2014-01-01 11:00:00,DEHM_BD,4.152525184433051,2.1894693216370817,0.683312385965148,0.4166702804416202,0.606190513250241,0.505751615179806,0.5571060733134532,0.7352387299132346,2.7650026859710737,3.376636556343958,1.7452950434113292
2014-01-01 12:00:00,DEHM_BD,3.9022511772074266,1.781585438196331,0.5817795296664582,0.3159000649652955,0.5517499671575333,0.4152724685074144,0.44409914067653466,0.3422248008539154,2.898307595768999,3.381946519735856,1.8731401789712905
2014-01-01 13:00:00,DEHM_BD,3.4443416163441958,1.5621467964952207,0.7941774755427009,0.2599968996365028,0.45453358094786755,0.33859909033742897,0.3268428063533483,0.1668577191558479,2.982149670332065,3.473051145194736,2.0502662047442795
2014-01-01 14:00:00,DEHM_BD,3.151698950673574,1.5866518574955384,1.2596533322066392,0.2724673623954813,0.3704235224439202,0.3130597675678563,0.2678573799264372,0.11097360150083888,3.054269387018457,3.5481545098314826,2.217136206204146
2014-01-01 15:00:00,DEHM_BD,2.6826678598997415,1.7156019037682935,1.4726007025865557,0.333695222947759,0.35990234444136254,0.3293574158018401,0.285950339029018,0.12366036326006043,3.0684353934519364,3.6250114648406893,2.2897548951503635
2014-01-01 16:00:00,DEHM_BD,2.344847788967639,1.7381143486411963,1.6327311417629686,0.3992019745233345,0.42610022718079604,0.3869183293433151,0.39333793905344694,0.14468723804175843,2.9053583840344106,3.562966923568246,2.2489796628499032
2014-01-01 17:00:00,DEHM_BD,2.2401244786182466,1.7469182191955994,1.5722437912613294,0.44352839336603533,0.52431292664072,0.4557706441488897,0.48858935306395335,0.15340060320273027,2.7034555049077795,3.2721844864333236,2.1282876217406987
2014-01-01 18:00:00,DEHM_BD,2.126971260815975,1.7827128548449371,1.5372722355452613,0.5299928600899938,0.5468481748001602,0.48892050630818296,0.5394385239111894,0.17884231952235097,2.6870241265551185,2.9830935548398503,1.9668585174769162
2014-01-01 19:00:00,DEHM_BD,2.0607625351826937,1.7172505116694328,1.6458627193054884,0.6084765925113356,0.44502334356260476,0.4837555415452598,0.6213340685593376,0.3347369517597555,2.5985849749164283,2.7565514783820326,1.794106315273046
2014-01-01 20:00:00,DEHM_BD,1.853600398039296,1.8429334958818322,2.131082425245247,0.5743951429528136,0.31912719357233493,0.39155477980462305,0.6114482534372282,0.7587629056231677,2.444878441933393,2.6103266467479287,1.6107356055879594
2014-01-01 21:00:00,DEHM_BD,1.591602545492984,2.1923552674710844,2.4756806473116764,0.5138252374097587,0.20705150962527824,0.26656422937206037,0.48123945863313833,1.1544758743044734,2.305437414583862,2.5185546660172475,1.4616581933462618
2014-01-01 22:00:00,DEHM_BD,1.3181523626671359,2.2052174894242733,2.318132428636914,0.4396266879534044,0.16892948454734863,0.20900482484279764,0.38437976603763274,1.3922372219688444,2.0566857063049078,2.269995985719636,1.361030574452877
2014-01-01 23:00:00,DEHM_BD,1.359530200824514,1.6995827065426112,2.0236673852551728,0.34014978985543115,0.11915777446897685,0.17884980068571388,0.2970530421926091,1.7100166193564237,1.8320213310172409,2.022502302219523,1.3085964122852682
2014-01-02 00:00:00,DEHM_BD,1.561949470252879,1.3033361389127744,1.7220887055946514,0.262211871645511,0.07342263072369608,0.1204704983920073,0.2163846631414651,1.9474177139486184,1.6597445387034864,1.9300921862935645,1.3007910572370887
2014-01-02 01:00:00,DEHM_BD,1.4933319892763346,1.1078259943964706,1.5619863067400548,0.20688213925286655,0.08482680005832573,0.07942429819264386,0.15218557651586115,2.0331824748008698,1.5462234366785734,1.655937279901765,1.3159541497600078
2014-01-02 02:00:00,DEHM_BD,1.2570338051834327,1.0556371212398261,1.5302493586800714,0.1449799617079551,0.11432365729331023,0.06844654367040484,0.09261778209619204,2.0432578098414838,1.3670216244789586,1.616065178041644,1.3532107576793433
2014-01-02 03:00:00,DEHM_BD,1.1181917439577729,1.0976525633032992,1.4968443175820636,0.09796929043114162,0.12700131274698284,0.0645902241500271,0.06644996922974333,1.6659366480801254,1.2711012853136656,1.5294757722900063,1.3933401201792062
2014-01-02 04:00:00,DEHM_BD,0.9875533049368856,1.0944856108680365,1.5312284015109388,0.06370877377362333,0.14724711469377372,0.06489177761433575,0.05553567193344686,1.2432504037320613,1.2847092231881618,1.2099578765722363,1.4223515552204846
2014-01-02 05:00:00,DEHM_BD,0.9858810293126106,1.1236284689924865,1.4363386381214487,0.04720367103848823,0.1814325362696544,0.08177011965751024,0.04990517264094183,0.8916369150752573,1.1826665362883357,0.9750972956250608,1.438700098302662
2014-01-02 06:00:00,DEHM_BD,1.2654635139077157,1.1984139129755458,1.2343810736627319,0.04390818039856373,0.2083916686531806,0.1090088866615972,0.05590350512768012,0.6402706153325736,1.0388597041047736,0.9862562360816448,1.4478833292505144
2014-01-02 07:00:00,DEHM_BD,1.6743151950818673,1.2086665372588299,1.0244234333051043,0.0512658693389267,0.24858123438808588,0.1383143340844919,0.07242184621379416,0.4079526132613419,1.0331835992402583,1.2745438740697503,1.4636282952359319
2014-01-02 08:00:00,DEHM_BD,1.825093577465415,1.0743077785885613,0.8534972755223673,0.05677868191165089,0.28076139623448704,0.1819263525653364,0.0917601821221235,0.3232399712345748,0.9856851465019583,1.5816573154440523,1.479261276742816
2014-01-02 09:00:00,DEHM_BD,1.7988890157653576,0.931192622784488,0.7256422266606589,0.059156787724928196,0.24917500800679654,0.2159707458123747,0.10923220775291279,0.2873774247045814,0.9397798568353055,1.928507444039807,1.4816639291471243
2014-01-02 10:00:00,DEHM_BD,1.7317015641554354,0.7914441278122085,0.6199553603046002,0.06273805558939802,0.2030045863634557,0.1951801239422242,0.11742706046293279,0.25674139730349177,0.9370487083058059,2.257331462370325,1.4810054014706613
2014-01-02 11:00:00,DEHM_BD,1.6543545865857412,0.6588957479193807,0.524665730216833,0.06420795175870958,0.15135333344936358,0.16315466208562188,0.09972903893271826,0.21838774595227084,0.9521031989822164,2.2835564034686886,1.4778893967372178
2014-01-02 12:00:00,DEHM_BD,1.4763275700273177,0.5152463714020603,0.46641477208521104,0.07040560867111355,0.1478711528273903,0.14196534938199024,0.10161860350447492,0.16161994032774102,1.0807036622721702,2.2482960834956636,1.458329517740607
2014-01-02 13:00:00,DEHM_BD,1.1985060061783552,0.394036646028743,0.43861091360475807,0.07868717519036485,0.15703613284753165,0.16159977995979405,0.12335696851636913,0.12566063005870204,1.3355162678276002,2.1649803534589127,1.4162557236868143
2014-01-02 14:00:00,DEHM_BD,0.904415262877217,0.35403620703988004,0.4368678025347131,0.08697770920589872,0.16123549141903865,0.23953492673297486,0.14386069056288045,0.11535554833000514,1.4555849088265749,1.9331079392679922,1.3726021904933452
2014-01-02 15:00:00,DEHM_BD,0.6202306187666602,0.42487309915823623,0.4342621717453554,0.09769940106938498,0.17956873874856621,0.35859428194358567,0.1767690325621803,0.1345075464972851,1.4488318826203421,1.5288003980069604,1.3340853578692673
2014-01-02 16:00:00,DEHM_BD,0.4162952648802519,0.5806775991835829,0.4956172373106948,0.13893590592702237,0.24652692544140603,0.4406095347199708,0.24602697804103835,0.18122051529552768,1.3560536841228605,1.1500294680067222,1.2826514164352416
2014-01-02 17:00:00,DEHM_BD,0.30782009682246014,0.6959847061583865,0.6360376035128197,0.2015148304735318,0.3544925421433242,0.5076235583511337,0.3498349200920495,0.24358032088793802,1.1999324878926203,0.8318080540197668,1.2174703921759127
2014-01-02 18:00:00,DEHM_BD,0.303594954863945,0.8210847759477432,0.816459238668399,0.28911475267798975,0.5051864201363967,0.6005280512250812,0.5015268774788186,0.2768287178034334,1.0121265228208713,0.597543535677439,1.1610446413725612
2014-01-02 19:00:00,DEHM_BD,0.437312336995108,0.9715189944653492,0.9283158246793992,0.39689744267609306,0.6524594517902726,0.7251416319792139,0.6525741312664912,0.2586603032273053,0.8007383911225384,0.4761156778129515,1.1327300213482976
2014-01-02 20:00:00,DEHM_BD,0.7033186427166103,1.1775859744243276,0.9286447613938619,0.42743913990044946,0.667453390740319,0.8420421848242753,0.7745556310704671,0.21543396947812282,0.5972853788949641,0.45921816037826463,1.1204517066758126
2014-01-02 21:00:00,DEHM_BD,0.9849942345216404,1.4008697387483178,0.7094065274710302,0.44227229501100995,0.8437820469842547,0.8826771114739682,0.7907816915348527,0.1775524390017985,0.45229931504200205,0.5629673705500177,1.1059708807316422
2014-01-02 22:00:00,DEHM_BD,1.3108026206613612,1.4089631435090304,0.4890100526169407,0.5569998921966435,0.8603202962563186,0.7866960672985995,0.7416766223219357,0.1375737432237713,0.37594118107144703,0.7459255949570656,1.1128467903180979
2014-01-02 23:00:00,DEHM_BD,1.625382895296025,1.186543635505596,0.5369859735033473,0.6759013654082826,0.7118171618126705,0.7024355816379468,0.7707486215554223,0.10283550526097401,0.4106327261334098,0.9950167134859877,1.1623400432134976
2014-01-03 00:00:00,DEHM_BD,1.8351970964115858,0.8472918422684446,0.6173861145589314,0.7099193243303288,0.7134932913978305,0.9510758588372705,0.9505297715034777,0.09276502393417052,0.5391658155621215,1.3090121086680795,1.2427427170317247
2014-01-03 01:00:00,DEHM_BD,1.9494846899015643,0.6708499651448148,0.6120578995834522,0.5161022085357725,0.9467896104935277,1.0373440211685898,0.9024166458676639,0.0931005990363656,0.7279611737139522,1.593628410412632,1.3335294005901832
2014-01-03 02:00:00,DEHM_BD,1.8117375637965651,0.6375904497837928,0.652779128725617,0.2572796399709448,0.9596713731599505,0.7417596654212101,0.5997472209175064,0.1004493283098935,0.9928079035844652,1.8800387833150662,1.4378142342256752
2014-01-03 03:00:00,DEHM_BD,1.5317464070477707,0.6935844269677252,0.8392988806944759,0.17967782371664937,0.6912933272724038,0.5071461591858752,0.3703458816548378,0.1250983947233855,1.2561057008722052,2.022949955624174,1.5365818677902967
2014-01-03 04:00:00,DEHM_BD,1.6198471550587938,0.866748071374772,1.0041092501843814,0.17927773547240644,0.5117261683764774,0.426909682313291,0.3149015085837029,0.15963702895268786,1.3680607657782733,1.9707533684703336,1.6026123035649957
2014-01-03 05:00:00,DEHM_BD,1.9727411468146743,1.2227152758015878,1.291471569858743,0.19507587721891345,0.40491788614176194,0.41255914471960387,0.3286622132583655,0.21020391748845568,1.3261067413103207,2.0330168680518867,1.5736892052313685
2014-01-03 06:00:00,DEHM_BD,2.238364681325555,1.8870148880140856,1.9699520808259583,0.19493478096006656,0.3909039628330617,0.3804194673263187,0.3028407091036286,0.2777511084517835,1.0323734289074689,2.182481648272332,1.426925358647257
2014-01-03 07:00:00,DEHM_BD,2.2916426291631904,2.554962825169265,2.628636139952084,0.2599158532707346,0.468501423454997,0.3664699342315142,0.2678253875221393,0.30583604640841466,0.7274214703421293,2.169399639948327,1.2648204537159204
2014-01-03 08:00:00,DEHM_BD,2.1457964078834655,2.7763973830937596,2.173853843832174,0.29207728077011974,0.5025478211398562,0.3804678651589396,0.31943026912310557,0.36780762144953005,0.7990621922913193,2.013982339645196,1.199745066770911
2014-01-03 09:00:00,DEHM_BD,1.6740090159329024,2.493242285802607,1.8362399937745648,0.2538706215602823,0.45230801374163476,0.3802373545376988,0.3340252501819392,0.5565398943011463,1.1287207283661513,1.6991652904687817,1.2304527002584933
2014-01-03 10:00:00,DEHM_BD,1.373410328043513,2.0585364834956827,1.4230416662109922,0.20237952134460904,0.3976321910796313,0.3398585971191537,0.2912434389515721,0.7164208372852207,1.5909943524525316,1.3351301018168404,1.2769549547481536
2014-01-03 11:00:00,DEHM_BD,1.344563352254955,1.3988431417224647,0.8936719975221901,0.17476888512971278,0.36191107446506376,0.30610698758493227,0.2506313333918339,0.9902935003294051,1.776093749205619,1.2568213773282988,1.2943186398124693
2014-01-03 12:00:00,DEHM_BD,1.301477120716036,0.885590539553496,0.4901277386235817,0.16918953114142526,0.31119586912046404,0.2894377635793768,0.23550561727514016,0.7452175222774966,1.7406706940893826,1.6048710911021566,1.2604636965733766
2014-01-03 13:00:00,DEHM_BD,0.8716984424662124,0.580865524798734,0.35031136242287225,0.17521170331436015,0.2392244931476375,0.26122698152905,0.23398770684494224,0.3540107245418428,1.4358155551846323,1.5346388628570735,1.2091116342204808
2014-01-03 14:00:00,DEHM_BD,0.5402879515428375,0.3915778110102843,0.3863580345179163,0.17213083105107257,0.1779622873201708,0.21840737440537072,0.22134152223656173,0.18399963014915582,1.2588351800400763,1.0537198826755116,1.180144992749691
2014-01-03 15:00:00,DEHM_BD,0.4939063615217896,0.4073722233766782,0.47455865056088287,0.15974610574828624,0.14879785155752895,0.17388968052538314,0.19796082051685826,0.09160852499350886,1.290948291196525,0.6763558058587694,1.1458102647607773
2014-01-03 16:00:00,DEHM_BD,0.49948809512277115,0.6037288560233729,0.4849544803980433,0.13222637789849878,0.1389073717027693,0.171938594484702,0.15605778542651402,0.05576562749885006,1.1839256438049115,0.575946134086994,1.0725904504287243
2014-01-03 17:00:00,DEHM_BD,0.539205162443323,0.822470376951252,0.4848955506208143,0.13693800235079823,0.13479452044501655,0.2667780593584939,0.20909785970442019,0.07822129343373689,0.8146719832031987,0.5815820919952633,0.9738125736942886
2014-01-03 18:00:00,DEHM_BD,0.7908462350712948,0.9320515833866642,0.5342566473344025,0.19798739690673411,0.12308092217758279,0.3162276356234633,0.3019725877630121,0.09494374825246622,0.4465806905426456,0.5680098087302874,0.8818556171667202
2014-01-03 19:00:00,DEHM_BD,1.0912412588743865,0.9944666696339612,0.5529307486303732,0.21439769401982875,0.1083798904510214,0.30871940260463104,0.3403134179094892,0.0948223450671693,0.3772024285881219,0.6608055948983598,0.8247438345387763
2014-01-03 20:00:00,DEHM_BD,1.2943688059589407,1.0447619839622033,0.5603106714931153,0.21584029914912406,0.10401287902339354,0.2923470320863538,0.3616605135541548,0.09342843680620179,0.5171270287161693,0.9361501529726246,0.8107803381021134
2014-01-03 21:00:00,DEHM_BD,1.41259020875511,1.0162991257817227,0.5901358395355101,0.22106369379555385,0.10390471177702751,0.2817545121705019,0.3400461707004222,0.09542640878491554,0.8542541761838457,1.207132720062118,0.7965511476427315
2014-01-03 22:00:00,DEHM_BD,1.460509884831909,1.0084187439400492,0.5517191731053089,0.24016463829055307,0.10251104625698164,0.27554060347594145,0.31785047918802767,0.10044219776079971,1.1536874897622875,1.3669761779036322,0.7363232990438024
2014-01-03 23:00:00,DEHM_BD,1.4385580318654467,1.0116281583626359,0.21053558702315653,0.26064651893990737,0.10206855095883814,0.28261068444513016,0.32291930060015694,0.10203822132294993,1.2690846747190598,1.4473112854836043,0.6094730883091873
2014-01-04 00:00:00,DEHM_BD,1.2997486514313794,0.8501409918477152,0.09404285111835672,0.28236000832117103,0.10383671159449953,0.2960299551550365,0.3355499777028575,0.09162934631008646,1.2828082614520375,1.4545187614951003,0.4826171144107728
2014-01-04 01:00:00,DEHM_BD,1.2297098070288681,0.44849753461844283,0.07854371672095244,0.3126762796855479,0.1166765648612937,0.33148301922127343,0.34194546027452555,0.07561947686688032,1.283098159147203,1.3925215314448902,0.43654460745468726
2014-01-04 02:00:00,DEHM_BD,1.1267969315337971,0.15834820987998605,0.060703932447200536,0.3673350987981929,0.15019662822034194,0.3777245187190558,0.3529105139916214,0.06445541296133758,1.2403910501625763,1.3027256013098358,0.4272203006748854
2014-01-04 03:00:00,DEHM_BD,1.0103266581306851,0.0913168627147537,0.05122556361468795,0.4498882564992096,0.23200928926211772,0.39111000315777544,0.36744698637194056,0.05489986616386788,1.127452006900683,1.2346713013295225,0.3968030273053049
2014-01-04 04:00:00,DEHM_BD,0.853854861922242,0.0752936359276365,0.047521512027708365,0.4316971766885393,0.3484883011226635,0.3709122547550291,0.4553436908111733,0.054804785766836624,0.9283085053605772,1.211744836028656,0.34605926707439116
2014-01-04 05:00:00,DEHM_BD,0.6294449409880138,0.05869184553437037,0.04595014471631953,0.325556930514322,0.41823235327966507,0.4973328867088196,0.6063163821246021,0.0567143052595923,0.6234953047137334,1.159296131049455,0.3120062997128069
2014-01-04 06:00:00,DEHM_BD,0.42981886913209677,0.05384887827392998,0.044885431168342454,0.3092001204243888,0.5544998128134291,0.654148690498456,0.5291288241115374,0.058879299682583514,0.3483411148610337,0.9781209263397961,0.3088507621762901
2014-01-04 07:00:00,DEHM_BD,0.3063328067986014,0.05033476363302954,0.0448727676399132,0.29998440459588765,0.7228994205777906,0.5829261349814711,0.4739907392665812,0.06259732754975078,0.16620867618737725,0.7666863887959218,0.3454996492815388
2014-01-04 08:00:00,DEHM_BD,0.2540064961104955,0.04721265350111923,0.043355235223814854,0.31941680047978926,0.7206287870627269,0.5590338558329944,0.4558351203507883,0.06241528946342402,0.09522990641879375,0.5908473692193046,0.4039471729283407
2014-01-04 09:00:00,DEHM_BD,0.27087608187340195,0.0479175838343879,0.04222339291147123,0.328645515495428,0.654928469828367,0.5227778295742032,0.3548301631498552,0.055998967819225295,0.07373390515373068,0.4836861671771014,0.47888146569980306
2014-01-04 10:00:00,DEHM_BD,0.29906765420475956,0.05015369206600752,0.04399170130772902,0.29585309306709084,0.5858871963412685,0.44442601654404523,0.29502331430680984,0.046574035762469206,0.065854611780024,0.48895344586204714,0.5575531563528813
2014-01-04 11:00:00,DEHM_BD,0.3568772101447591,0.058393373370834695,0.04982848845544607,0.3629602467516332,0.4862314857253989,0.35821166244172514,0.2966952809818175,0.03691643461645565,0.0619138651129601,0.551309741583662,0.6266684343393332
2014-01-04 12:00:00,DEHM_BD,0.4653197140493429,0.0788207832697661,0.0785158410052349,0.4445444514949398,0.37101455103975944,0.32707975030156045,0.36476024937299645,0.03202168345452498,0.06615760281418433,0.5825182571725942,0.6612702203533518
2014-01-04 13:00:00,DEHM_BD,0.61776072305375,0.12345525367090461,0.1303518104577249,0.47431028955430077,0.3221693404796579,0.5045826556970724,0.5361346627439303,0.031176057275331032,0.06847760966702357,0.7011635957006039,0.627112301130588
2014-01-04 14:00:00,DEHM_BD,0.8114454054233617,0.21823292750459153,0.31003783853360434,0.3102990365699507,0.4918784864297741,0.6406972364095922,0.4324629132408162,0.03246031812521097,0.07765535553993645,0.8293505296883708,0.5299265994687541
2014-01-04 15:00:00,DEHM_BD,0.9706607565800821,0.5110195151375653,0.6951576375088468,0.20804792710060738,0.6131410493769217,0.4361539607097675,0.27424466627468314,0.037252715108943145,0.10500907209411256,1.0089230891037917,0.38469560891256765
2014-01-04 16:00:00,DEHM_BD,1.029629561497568,0.9048689256212765,0.9024450243939994,0.17665583127875853,0.4961506071966444,0.25867934240282675,0.275758478747429,0.04528440162032775,0.1611512348093277,1.0474513552671298,0.2402718817613493
2014-01-04 17:00:00,DEHM_BD,0.9467541816758691,1.1157335191745263,0.9839748144551344,0.16000779918866626,0.40258354071178226,0.24519134126823827,0.2946339889187056,0.05420362114962168,0.2952869317632727,0.9972181494761443,0.13932614252776598
2014-01-04 18:00:00,DEHM_BD,0.7754553474746929,1.1685257147087529,1.2402935267017479,0.16147309258562087,0.47202615294980355,0.30504469496298375,0.29797268343411487,0.06454112273722874,0.6418267645560018,0.9568838560944283,0.0970129207246729
2014-01-04 19:00:00,DEHM_BD,0.7609767800575413,1.2034808668842816,1.3673248738940578,0.20065519693368103,0.7228567617431818,0.42615353789575855,0.3170391657947276,0.08747591161463387,1.1678426628120335,0.8844569706203508,0.08841989593978555
2014-01-04 20:00:00,DEHM_BD,0.7211164407805951,0.9877834698974014,1.383277543194278,0.28442455400841365,1.0526548512377238,0.6507317331423054,0.4127458891604334,0.2175090958924591,1.3756864197773673,0.8415545952737891,0.09146668562753266
2014-01-04 21:00:00,DEHM_BD,0.7330201801142137,0.8133801612838522,1.401838559154495,0.37515132376465127,1.168338022264,0.9512387475058296,0.5327459303132555,0.7480615514110027,1.3532173420613631,0.6969839017327129,0.0934796501288798
2014-01-04 22:00:00,DEHM_BD,0.8019910100313671,0.763002168604171,1.3264666993807137,0.4745345877192494,1.019024073630385,1.1441342209629757,0.6342761828686395,1.263269750560429,1.3275729909225178,0.6508050870941764,0.09307397010785463
2014-01-04 23:00:00,DEHM_BD,0.8125424405015352,0.7197494021761437,1.2133914698594004,0.6122902310636511,0.9418363426316203,1.2121836721506611,0.7741100168000202,1.6124937724224664,1.0617174877742306,0.7161117103805299,0.0956641056394721
2014-01-05 00:00:00,DEHM_BD,0.7060163355441669,0.9560405587368411,1.1181121589786736,0.7669830760784184,0.8868816164153628,1.205716015306319,0.9641670196474044,1.6660482017556577,0.7534171757096237,0.6430166933953015,0.10135706008355937
2014-01-05 01:00:00,DEHM_BD,0.6147459884555031,1.0642229612498455,1.3435533098062544,0.8660708028443729,0.5944784376194234,1.1120938898117798,1.1382375386945445,1.368067500665188,0.6067274726692958,0.6607984827826637,0.10577678589365436
2014-01-05 02:00:00,DEHM_BD,0.6930914828259009,1.129833631631015,1.6525566460745267,0.9102893982460111,0.2870521747214253,1.0587255150197386,1.2591952507437285,1.1145219966454805,0.5582399514720214,0.8532458807936311,0.10803921040230412
2014-01-05 03:00:00,DEHM_BD,1.1497870276978612,1.3378342855994683,1.8816436710286746,0.9717227330921306,0.3863488961955578,1.1266244721217784,1.3454737821869953,0.8644278957217186,0.5367053832241705,1.2718207058896869,0.11024943788043218
2014-01-05 04:00:00,DEHM_BD,1.339298508297354,1.4714021411869302,2.0839332207371757,1.2115289517345529,0.7972627504215063,1.2072156601423456,1.3668876006513606,0.7919904052792489,0.4938949968143552,1.6581364676387609,0.11615812886665566
2014-01-05 05:00:00,DEHM_BD,1.322554956420511,1.350242123472467,1.518959852949176,1.4598086333810816,1.0255378557028574,1.4778523868587379,1.385730580870346,0.907573551391214,0.4686570151043124,1.7321349086869504,0.13244934553200371
2014-01-05 06:00:00,DEHM_BD,1.2812951381260156,1.2368261622337995,0.9605092956977896,1.9692051773658021,0.9116680007676081,1.6967541291874133,1.767460338803334,0.900079533253312,0.5419099391323885,1.7221607488357276,0.17111190355368883
2014-01-05 07:00:00,DEHM_BD,1.271958911358565,1.1415013485676422,0.8521254843698884,2.1050085985862603,0.7725160355521808,1.4842824860696306,2.0380194060383503,0.8785466129650175,0.7207111292570829,1.6393350322376936,0.2352124092662427
2014-01-05 08:00:00,DEHM_BD,1.1289716636579856,1.0769092311821131,0.9220739250905904,1.9478860002970926,0.6964215231070713,1.331370551133603,1.8114956085035343,0.8902375702737273,0.8684670577119289,1.3895884295795673,0.32145298478392875
2014-01-05 09:00:00,DEHM_BD,0.843017242295891,0.9247944024778717,0.9639617639265395,1.7467666057427458,0.6113250744581432,1.1956023388417716,1.5994975796420128,0.840263219231665,0.9824798285740612,0.9659830143523123,0.39579482746498656
2014-01-05 10:00:00,DEHM_BD,0.5917388162511912,0.7215385227348469,0.5058840551116712,1.5925766744771226,0.485156141198608,1.2442522937582339,1.5268829808389022,0.7097246143877505,1.1207350938606262,0.6199105778925306,0.44054743121176954
2014-01-05 11:00:00,DEHM_BD,0.4122672512639499,0.7142152767015248,0.35582618772672014,1.3112015560458787,0.45730260462091304,1.218288448378346,1.4631519847845913,0.5134155838157235,1.1855064443492889,0.45679531307359333,0.436494476897791
2014-01-05 12:00:00,DEHM_BD,0.33297903629603776,0.6874916513565437,0.6694875148749513,0.8802297778427902,0.4941251224571932,1.0205756060816533,1.2415968247336497,0.33283960973538457,1.1358415125918389,0.3905263236753771,0.41539516010608524
2014-01-05 13:00:00,DEHM_BD,0.30428791616171125,0.48108111452200564,0.4592185901348942,0.6202155642902059,0.5846173380115348,0.8698252349890463,0.93551452839575,0.16943717090249039,1.0557362352025508,0.3720351209099391,0.39526474239150977
2014-01-05 14:00:00,DEHM_BD,0.4070200392309017,0.6542916456135688,0.21470131215519947,0.5160675081393657,0.7327641386202115,0.830140164620733,0.7427538146199275,0.08330145124733437,0.9609941314747185,0.3748663469209712,0.383389839795688
2014-01-05 15:00:00,DEHM_BD,0.951283452637433,0.6090066716388332,0.24503371686003336,0.41778233046713853,0.8255084417239854,0.732113995386745,0.6246711839470162,0.05617443110268559,0.8062292948815786,0.4981443819873711,0.3785758152305614
2014-01-05 16:00:00,DEHM_BD,0.8159260889174322,0.37792278336459295,0.3038949116193246,0.3563451202666921,0.7409409555235504,0.549136973582867,0.5161251501159416,0.05393966400861735,0.648802162192692,0.8461757936325123,0.3633148954236879
2014-01-05 17:00:00,DEHM_BD,0.808031692895349,0.3000521451402127,0.3752713178910221,0.3259624741812782,0.661205668182727,0.47162129873593095,0.4320398880786902,0.0818971548347732,0.45936919084902833,1.2371343320516308,0.3449957785016297
2014-01-05 18:00:00,DEHM_BD,0.5162896421276404,0.35538438264540384,0.41936294742833813,0.2967521900366653,0.5898637672465341,0.4433386344001925,0.37416197737215423,0.13068410151550536,0.3390292055422066,0.9518791035458072,0.3356167833520285
2014-01-05 19:00:00,DEHM_BD,0.4640973542358632,0.4202404438819409,0.7106205165888928,0.29529679748855864,0.5800621864561317,0.4855587515087727,0.38813178207390187,0.17869385541893526,0.3814213552813231,0.8473954084144903,0.34996529561066986
2014-01-05 20:00:00,DEHM_BD,0.5677203333463333,0.5738089226259011,0.8142266624172962,0.26581096790857656,0.6312232784988451,0.5346080383090289,0.41007445593325004,0.21946477030009015,0.5090089368550758,0.5479135942885838,0.3996527783863618
2014-01-05 21:00:00,DEHM_BD,0.7471317260970175,0.8295478611604122,0.5813104881700314,0.2345975587703642,0.6544761500815953,0.4723012243076995,0.35026999200163755,0.2381278665728866,0.7186670877646654,0.5828821181336045,0.4882215633426792
2014-01-05 22:00:00,DEHM_BD,0.7560441559354215,0.7062781994934753,0.4299129636530297,0.29456073765578905,0.608027714830488,0.4065461335008556,0.29008024855812076,0.2426589122495054,0.6083724505718797,0.7933895843873172,0.5995401933100262
2014-01-05 23:00:00,DEHM_BD,0.6830754942297934,0.4914745931171625,0.5109603090319689,0.29837874115640695,0.4566598516524117,0.3312517778681335,0.28882788247421426,0.26555762330867333,0.45079384240446607,0.874437523915395,0.6874012666949629
2014-01-06 00:00:00,DEHM_BD,0.6242066119713148,0.579487676997911,1.077786802853644,0.24174584634591822,0.4138848347903229,0.2953907385877017,0.26609661308104227,0.2791781638278811,0.4195680205649323,0.8120010900676623,0.7464099098696932
2014-01-06 01:00:00,DEHM_BD,0.9778603682448249,1.1155115287699924,2.299405379106318,0.17454642449662652,0.42695024974258605,0.2926949782291833,0.19671667101638957,0.2794413618166742,0.43334709562193596,0.756525975815188,0.7711411950359119
2014-01-06 02:00:00,DEHM_BD,1.8581924920911714,2.200498874054141,1.704140217607431,0.15119060053265876,0.4287198846358246,0.3095031055600347,0.1866860465657704,0.37934793909966935,0.5545285466141625,1.104129742067624,0.7506388215270637
2014-01-06 03:00:00,DEHM_BD,2.733810260753408,2.186562196864779,1.2047876759951608,0.1695716261673845,0.40589894373608737,0.3327445065468723,0.2065270886360887,0.35650110390186307,0.6886844255840777,1.719355291483216,0.6724064668120444
2014-01-06 04:00:00,DEHM_BD,2.7527352369235087,1.9711377398828227,1.5152662654544693,0.18049193307061545,0.38491173776417953,0.3177299533539264,0.23093691670646174,0.3451482794500886,0.5167575521793588,2.6206323993625493,0.5485976979935914
2014-01-06 05:00:00,DEHM_BD,2.0906912157451365,1.9000189932096563,1.3677193335847975,0.18266944875003516,0.3480593444992135,0.31833260831479204,0.24748479018833133,0.49845057340800747,0.46941091593744216,2.8232359525069217,0.44597743737660345
2014-01-06 06:00:00,DEHM_BD,1.3560538796411454,1.4677947219557315,0.9123645269602071,0.19050115528942077,0.31808472922160275,0.32591885545510324,0.2598680239716473,0.7747796707449852,1.0589160308142007,2.045791594536938,0.38461750428535035
2014-01-06 07:00:00,DEHM_BD,1.0655228799700645,1.016906379978857,0.5434027612812257,0.20425756116803248,0.31147496986719764,0.35164520326565696,0.26242670778607474,0.6580270726059748,1.8454364376023409,1.6997492258483358,0.3519789614872634
2014-01-06 08:00:00,DEHM_BD,0.8372524361808482,0.6428561121290177,0.38078504043584216,0.21719714435436635,0.3262914856562855,0.4073314161406165,0.2963743898585921,0.3460992185296118,2.04575030068852,1.3681246177214246,0.3390581571608035
2014-01-06 09:00:00,DEHM_BD,0.7341748393612307,0.4063426337531302,0.24074709804038044,0.21833294084624955,0.3346492344004567,0.39392884558196345,0.30945269308693174,0.13952584307111787,1.513499599304795,1.1757932995963167,0.3347371920152752
2014-01-06 10:00:00,DEHM_BD,0.5528339983711811,0.31174679064730637,0.16321207623800246,0.21238434297807274,0.32938072171345334,0.30863621875005515,0.2683224159970119,0.027176000512763688,1.080523035548944,0.9382625980680004,0.33123275955531734
2014-01-06 11:00:00,DEHM_BD,0.39628405163325353,0.2440259582173916,0.1159691814320068,0.2096695265553816,0.30094598601113065,0.24489041195696123,0.23890123888613593,0.018185056827440697,0.7128927502885647,0.629339032575027,0.3213008060056949
2014-01-06 12:00:00,DEHM_BD,0.3459955228665098,0.19366214597036582,0.11100725422266383,0.20292756179871368,0.262485077761039,0.21586807053189744,0.21851523095276337,0.03022915233107265,0.4054426008830218,0.5148770535685191,0.3040154072532033
2014-01-06 13:00:00,DEHM_BD,0.3414020515567716,0.16514663496426524,0.1228257572149391,0.1965154134075639,0.234023427140701,0.20825387221630445,0.20439551555090688,0.05244799460300238,0.2285219173604248,0.40548025587863973,0.29688429925473636
2014-01-06 14:00:00,DEHM_BD,0.368504973727595,0.18056721821646204,0.14206675268899172,0.19050154700343544,0.23532220538289736,0.22506616302472177,0.19747637166436752,0.07123689589776788,0.19192403684721315,0.37197156773820506,0.3052181086593119
2014-01-06 15:00:00,DEHM_BD,0.3950732666817493,0.2416434733653951,0.1644021031816395,0.1849239207103679,0.25265145402983286,0.24892441315461752,0.1989429257663482,0.07929784270733353,0.18010042445540425,0.38896578442956553,0.35487591508010863
2014-01-06 16:00:00,DEHM_BD,0.4968371290769101,0.3312400849323067,0.1848493619361798,0.17976116234574682,0.27639144511142966,0.2779802059062815,0.21101469425500066,0.08348577841472689,0.15863271144825944,0.4486091832397807,0.5818114734328211
2014-01-06 17:00:00,DEHM_BD,0.681172815400242,0.4385296425366493,0.21822664765334673,0.1853084951879619,0.3077579181761574,0.3218957176731203,0.24487546680582975,0.0876337893677106,0.17820021068718273,0.6200182908281358,0.8017339872135221
2014-01-06 18:00:00,DEHM_BD,0.8722346204162179,0.5397299141549365,0.3128686768364987,0.1916708271450886,0.33392694770725895,0.3630796982146565,0.28316958823292454,0.09272604515135043,0.28006623383715745,0.8083167100550745,0.7060264511990546
2014-01-06 19:00:00,DEHM_BD,1.0586055139484816,0.6822192926999133,0.4258592031626902,0.1783252591674757,0.34423376752585166,0.4250616462274279,0.3083846785929437,0.09373722314178932,0.4329434224399923,0.9637891883176658,0.47664214748960915
2014-01-06 20:00:00,DEHM_BD,1.254655128743879,0.8361136179407522,0.5655738166957579,0.16884701755647416,0.38507188025346484,0.48896764936018194,0.3317779163304646,0.09603720386859013,0.5960026939581893,1.127756769128912,0.3576347116003743
2014-01-06 21:00:00,DEHM_BD,1.4129105752514117,0.9711485156039126,0.7133839373893034,0.17815227191822253,0.398104220754085,0.4888673848807409,0.36473274852147664,0.09786706115517749,0.7312885190772638,1.2970385644739775,0.3326742315053008
2014-01-06 22:00:00,DEHM_BD,1.5534948990347819,1.0383403701378708,0.7265839146944901,0.21650047374092962,0.33706837886185836,0.42395552046808116,0.39069818529213773,0.0981026239599285,0.87900119339196,1.4263384787568074,0.32166424589819503
2014-01-06 23:00:00,DEHM_BD,1.6346591797265968,1.054984847015842,0.6956476863818011,0.2690946143526664,0.2527960314824245,0.3669895080181286,0.35896799864728224,0.11297838855519887,1.0414024044892563,1.4883364153515546,0.293420150534429
2014-01-07 00:00:00,DEHM_BD,1.695584616198982,1.0678629023169446,0.7197842077555365,0.2925530816881753,0.1939431913887708,0.32502983646672845,0.31394099254721536,0.12426149306438852,1.1408393960763608,1.5258801740446128,0.26725498587236507
2014-01-07 01:00:00,DEHM_BD,1.705871786015695,1.0717580766887682,0.6739170763093534,0.25937275469316984,0.17470763804743522,0.2372176214235759,0.29860327856286584,0.11490096237994721,1.156990080246236,1.5302958695942537,0.2564995134657666
2014-01-07 02:00:00,DEHM_BD,1.6221888645103106,1.001167979148114,0.5516761460773902,0.22561406250130592,0.16817177846030779,0.16964377004350664,0.26360472151360115,0.09435344016429018,1.0938157146869971,1.4935113437499292,0.2611014237851555
2014-01-07 03:00:00,DEHM_BD,1.425376839952944,0.8419539744751481,0.4074305069148865,0.2015110752836416,0.161012892539785,0.18232045214949166,0.20088875072678145,0.08116299734417336,1.0499271185307204,1.4180742179919408,0.2920103451421948
2014-01-07 04:00:00,DEHM_BD,1.2262719896749152,0.6722996500709513,0.2964051892052403,0.17536500083845208,0.15880578562185624,0.23041179693961616,0.17080789061373203,0.07670702599436023,0.9973660680338368,1.3293879780493674,0.3532341491107641
2014-01-07 05:00:00,DEHM_BD,1.070002446396786,0.5679726988834188,0.25066642471262235,0.1513233519423426,0.17410167196162962,0.2535751673693919,0.15913620509863063,0.07268548439919938,0.9426166818932443,1.2751899188150277,0.435828341198908
2014-01-07 06:00:00,DEHM_BD,1.0081715427057165,0.46556083763023376,0.18852154639217997,0.13181139883029966,0.2279229984591899,0.25174575952631983,0.16171870673548477,0.06809643965933458,0.869644662409611,1.2339885234828851,0.5320014896836085
2014-01-07 07:00:00,DEHM_BD,0.9170471994141953,0.356837445819592,0.11876079958330824,0.12325458807532545,0.2848497678021015,0.27652439348490143,0.18711591059824567,0.06313395775660859,0.6949610444255545,1.1325338855099212,0.6403478270359988
2014-01-07 08:00:00,DEHM_BD,0.7759169441697048,0.2500801026568281,0.08065354643996092,0.1632349560542078,0.3017726975567405,0.308686945451747,0.2336641484927886,0.060436573757501194,0.5824212943770177,0.96441655927171,0.7528217477625142
2014-01-07 09:00:00,DEHM_BD,0.62914601857407,0.15816147786185122,0.0720549962678644,0.17230149885722768,0.2791725686703481,0.3037314807318564,0.23156966886204133,0.06134049683393895,0.4986267959990165,0.8006481687542516,0.8441811839452246
2014-01-07 10:00:00,DEHM_BD,0.5164107319451775,0.10844958740363815,0.07719723303553164,0.1260291155458083,0.24110941006093745,0.26521468822371913,0.18448440442101666,0.06230609657452902,0.38986147549236183,0.6930380990332179,0.8724027042651967
2014-01-07 11:00:00,DEHM_BD,0.4356836733743407,0.09565821179789945,0.079092686810307,0.12263254031500267,0.2227899858465463,0.2421886251503213,0.15847241538184684,0.0637261957982164,0.2823347601456194,0.6163764287416753,0.8268613583717658
2014-01-07 12:00:00,DEHM_BD,0.3852442656859416,0.09747105519654684,0.07615411933902626,0.13271489134321535,0.21349064513623234,0.23687235433690815,0.172751907340704,0.06472338066512304,0.19767031599959353,0.5404768883972685,0.7861628398486179
2014-01-07 13:00:00,DEHM_BD,0.3717419802452937,0.10813030134952623,0.08205148835292081,0.16588453477762247,0.2165491692888875,0.25425201316571666,0.1953383569545964,0.06489996628446598,0.1592286992321535,0.5029682083736127,0.7471897569009172
2014-01-07 14:00:00,DEHM_BD,0.41115229117365304,0.1169462180602456,0.08712915303222814,0.19190299949376116,0.23215490461165073,0.27964790013006735,0.223871398100274,0.06365068351856414,0.16544218299633803,0.5091247338883881,0.6549735679468908
2014-01-07 15:00:00,DEHM_BD,0.46503533083539167,0.11856982475107516,0.0894275117581151,0.1934439176596161,0.24922287368940652,0.31209589161099893,0.2501417600073362,0.06301187093044376,0.17904849369199938,0.5425053613320063,0.5189591586094047
2014-01-07 16:00:00,DEHM_BD,0.5406196443695517,0.11949212426802128,0.09460107684449286,0.218936295350672,0.29036480833485234,0.3654604766332697,0.31478582614856276,0.06342023486840415,0.19142993445631107,0.603872409757896,0.3749286199375753
2014-01-07 17:00:00,DEHM_BD,0.6562871485525834,0.1253147421954385,0.10130546021399998,0.29173500542561465,0.35588305524169916,0.5127385280331405,0.44165816270999025,0.06517875530493521,0.20001501352557893,0.7321194178390485,0.26013641674388654
2014-01-07 18:00:00,DEHM_BD,0.7627335695478867,0.1569822632450702,0.10425386290398407,0.39424081861705684,0.4279895964327547,0.7001523372970566,0.5980034286272715,0.07031712253607049,0.22503272814664987,0.9194490625825733,0.17068004316957885
2014-01-07 19:00:00,DEHM_BD,0.9060843020896328,0.20561977016405186,0.10622413601023123,0.48450594022701077,0.47173383115929074,0.8347717057250004,0.7515509019040624,0.08001039194474593,0.22235028990492212,1.1213303035152296,0.11209595928641732
2014-01-07 20:00:00,DEHM_BD,1.0517197332862218,0.22154760297926135,0.11950790765763014,0.5303657832838181,0.4933810445538348,0.9317468292877706,0.8782837968219852,0.09233538316392662,0.21602775436744076,1.3131446692882578,0.09207199528460082
2014-01-07 21:00:00,DEHM_BD,1.1545070961737642,0.22165432952097613,0.1243649127788374,0.551926869751921,0.5298970262407791,0.9768071551003237,0.9787006296364923,0.10367143634031348,0.22545011108178625,1.5397095297836931,0.08783803296689167
2014-01-07 22:00:00,DEHM_BD,1.2533283361169338,0.21899646955699648,0.1294660167314204,0.62140547751376,0.5711297111953049,1.0003029869069509,1.1187188906648196,0.11055915575847011,0.26553804883539667,1.7390384317792207,0.08789919989927202
2014-01-07 23:00:00,DEHM_BD,1.1995519303293898,0.23308063149785607,0.15956435820803366,0.8809792821725062,0.5929743911883607,0.9203835313004906,1.266563910837192,0.11091671210051503,0.26214272800549854,1.84715742081324,0.09354348722650063
2014-01-08 00:00:00,DEHM_BD,1.0337105154780555,0.2586182121171801,0.1826160979234473,1.0774566580957663,0.48866086027373556,0.7649615557146957,1.1508617705416389,0.10342894965022793,0.24559794393863515,1.793976123171479,0.10230123086994965
2014-01-08 01:00:00,DEHM_BD,0.9397640480221063,0.2802916771898789,0.1839739701519975,1.076619684981464,0.3295543006652778,0.6174119059717166,0.9106648340733116,0.08719582642436015,0.23672990324059492,1.6653106944955698,0.10529258089102334
2014-01-08 02:00:00,DEHM_BD,0.8985080681547335,0.27799683413405896,0.16755904795618012,0.9763331598526588,0.2521309598807616,0.5592728026332893,0.7278003937881113,0.06886481022633605,0.23986362391898391,1.5357596011443992,0.09791972473361286
2014-01-08 03:00:00,DEHM_BD,0.8045033954679965,0.2629843032557051,0.1723091745464409,0.8441082337913406,0.26042622534429644,0.5710156115620617,0.6313270565081456,0.072316055775415,0.24610368746889744,1.4529310482885316,0.08282309035666274
2014-01-08 04:00:00,DEHM_BD,0.6830717652984335,0.24758822059518654,0.17028390843606073,0.804831570346359,0.3139155157448909,0.6570236547652655,0.656610424565667,0.07725633406385762,0.25379662654515345,1.294213825166188,0.07227590103502832
2014-01-08 05:00:00,DEHM_BD,0.4978739531186409,0.2302194322758028,0.12661713219264972,0.7433141104528633,0.3222147694500534,0.7151818111862462,0.7259576700503831,0.07210896614938954,0.24780492700070136,1.1041900292195006,0.07388566255277945
2014-01-08 06:00:00,DEHM_BD,0.3595280519895628,0.22630348403441475,0.09410013233625378,0.689679588680074,0.32777703116962675,0.7339368804736832,0.7718386271316243,0.061718539032339925,0.23662467422258093,0.9817696923550218,0.0871193269957042
2014-01-08 07:00:00,DEHM_BD,0.2998219683740381,0.2290814904678217,0.10462977095333613,0.6815417021977761,0.38368327497722576,0.7556321393713925,0.8532262529273622,0.05436941730047127,0.2229716466005331,0.8565193136467784,0.10419991331990787
2014-01-08 08:00:00,DEHM_BD,0.28735119812208215,0.17027161864131676,0.12354740711019126,0.711251397694203,0.44457609693540256,0.7551283796794566,0.8889510878758121,0.04943932418913136,0.21148764318728816,0.7266326817840523,0.1197815102465449
2014-01-08 09:00:00,DEHM_BD,0.277648905962929,0.12544497878397454,0.11983655437401483,0.6191570780893577,0.41161953646665417,0.690920703569512,0.7926877402587438,0.047489283279378354,0.1889647400192263,0.5706957210806385,0.12535038230678047
2014-01-08 10:00:00,DEHM_BD,0.2541661298345541,0.10634826071063977,0.10940134251483119,0.5474719526310742,0.33763009326383453,0.6518945051791827,0.6491297997754846,0.04809637255973866,0.15486383422524655,0.4602868933389521,0.11626175749294451
2014-01-08 11:00:00,DEHM_BD,0.2174254178981249,0.10908098920496755,0.0996788809997237,0.49516848647595896,0.2980431100852041,0.5964510292432154,0.5451283413983288,0.04939745242219867,0.1314576184178748,0.38670394065923974,0.10497946664221108
2014-01-08 12:00:00,DEHM_BD,0.17111583100652772,0.11346887638637895,0.08580138091960207,0.45242572523560853,0.2783120002892797,0.5650122652170562,0.5266844250108133,0.047714025265483594,0.11698552187840675,0.3239564867209362,0.10132223650441952
2014-01-08 13:00:00,DEHM_BD,0.12720289389386757,0.10162790241788604,0.07343907700797074,0.4189148644374974,0.26319878550264975,0.5448422318785661,0.5119389437865924,0.044845408093848876,0.1107284292002066,0.26214942212491754,0.10084828148919846
2014-01-08 14:00:00,DEHM_BD,0.10921576315361999,0.08538364632166742,0.06727699069763854,0.3722743578927751,0.2703527352078258,0.5437074424749961,0.5154309249265707,0.043571245188210414,0.10968430665921006,0.21798879965960033,0.10018069635223815
2014-01-08 15:00:00,DEHM_BD,0.0996599834273882,0.07582317995155102,0.06493878547298329,0.40444089226098545,0.3390591412418893,0.5914624113370827,0.5659146155216608,0.0433485928059339,0.10131493106242488,0.17486824710189341,0.09740572914252625
2014-01-08 16:00:00,DEHM_BD,0.09322781241824137,0.07004335642803285,0.06291399088347792,0.4945574222137627,0.4578189271954446,0.6869000060789809,0.7126172626517351,0.04356294571273489,0.09057569343930094,0.17017512567300339,0.09096870531707515
2014-01-08 17:00:00,DEHM_BD,0.09670499360245638,0.06347119927980485,0.06370101364115353,0.6121577524958677,0.6430112904767038,0.8279326029950693,0.9037969908933341,0.045925000457321265,0.07968148669100587,0.1687846061885263,0.08478839650797412
2014-01-08 18:00:00,DEHM_BD,0.10373362404366245,0.061342914914268645,0.06709642568875446,0.7393581057825428,0.8325083012042472,1.0522630117274914,1.0450678876630473,0.047826342356381835,0.07098918517329958,0.17815604462890175,0.07900329498049792
2014-01-08 19:00:00,DEHM_BD,0.10377051962817303,0.06473954780769348,0.07497345290232443,0.9933133607239346,1.0552896837974992,1.302812712386402,1.1397013490357715,0.047652398067733547,0.06602595777081303,0.18640600648813038,0.07175571070045343
2014-01-08 20:00:00,DEHM_BD,0.10707806674573556,0.07330616477207036,0.08283821722476324,1.1277550879616243,1.3263258755392862,1.4395928397629412,1.26655774439967,0.04619949105963325,0.06298686424879806,0.17046593577820213,0.06641588072979869
2014-01-08 21:00:00,DEHM_BD,0.10802813728084312,0.08048115242939542,0.08421297781119638,1.1563316792734921,1.4582239317222219,1.5692014019410194,1.3917338348239867,0.0434799351178574,0.06405367297334119,0.1363410213208989,0.06313763768757914
2014-01-08 22:00:00,DEHM_BD,0.11596219646878289,0.09132516806285443,0.08723930142871673,1.0610695363977387,1.6371410655016827,1.6539818180995571,1.3841245092769527,0.039735184899545056,0.06886566466954765,0.11964730136006171,0.060470541094101826
2014-01-08 23:00:00,DEHM_BD,0.11969336148015437,0.13194262552788413,0.08755795623388826,1.124808859126711,1.8162059785872882,1.6081178927700823,1.3417297188500665,0.039381834237277376,0.07695874085667301,0.12986183814032803,0.05845763420143726
2014-01-09 00:00:00,DEHM_BD,0.1326011384343285,0.184716156284774,0.09630830417231903,1.1362054869061626,1.590996957498947,1.638808986063169,1.3633756049536818,0.04148198678498141,0.08943345998079966,0.1390855186162212,0.05743795397030634
2014-01-09 01:00:00,DEHM_BD,0.21939939000735045,0.22725091567676503,0.16604281933943138,0.9571170099061004,1.1908799621610158,1.552902506091362,1.399088638212711,0.04304287287380994,0.09552552160849771,0.22777444974855035,0.05568394101910978
2014-01-09 02:00:00,DEHM_BD,0.29929313511466593,0.29508170446272,0.25976533167414956,0.8152103139557124,1.026212485711584,1.4373857610560499,1.2386989831878161,0.04420099058781498,0.09166947006924761,0.3682907889694532,0.05370732601286825
2014-01-09 03:00:00,DEHM_BD,0.38118462820384647,0.4362807477276306,0.40780769575204573,0.751033171366598,0.9266455393615365,1.2674279332969605,1.065656124196979,0.04649406733838654,0.08823749718970841,0.4538661931242048,0.05212110183821044
2014-01-09 04:00:00,DEHM_BD,0.41485062676984796,0.5783786506839003,0.4063266273289028,0.7073191769568183,0.8309150449990667,1.2063783068823661,1.0934572407656278,0.04926053514016057,0.09727575466033526,0.4354210958730428,0.05140390959761556
2014-01-09 05:00:00,DEHM_BD,0.5355773693369328,0.5538167977144661,0.1967971956225076,0.8106690575532673,1.0513208200890942,1.3802642267724126,1.250730714239718,0.05307935076203955,0.12325049952874413,0.49196811882577834,0.04912142633339729
2014-01-09 06:00:00,DEHM_BD,0.5648809227799997,0.2799119953856336,0.10270312801646858,0.9894531629215472,1.2809963529787491,1.5474545573267342,1.4738144525190024,0.059154352661018685,0.17940355800437724,0.6468203386987744,0.04739975131346069
2014-01-09 07:00:00,DEHM_BD,0.537268805338908,0.13135226785680268,0.06649658289976171,1.039733519643601,1.2012407264893223,1.416803606412825,1.439720018400969,0.06797941554296136,0.2860873160103241,0.6512517341181636,0.04551075746506672
2014-01-09 08:00:00,DEHM_BD,0.8339498066381177,0.16723994041951357,0.2674733583601586,0.9989651856107125,0.9441379374543764,1.2168350831803592,1.2392108804869546,0.07785439403866466,0.41811253398578596,0.9239468819391354,0.04615750814216091
2014-01-09 09:00:00,DEHM_BD,1.1920609718593396,0.5583656747001036,0.5594989658550638,0.8487694958582899,0.6441632667452841,1.0017102210602764,1.0363954342803556,0.08716440615872324,0.4998804944525285,1.2590045590768755,0.045958127499378686
2014-01-09 10:00:00,DEHM_BD,0.4852550056891142,0.4639788454391899,0.2708933375702378,0.6002885298201406,0.3846177443337532,0.7481019045347908,0.8222536358191492,0.09263710826659742,0.3517918662293626,0.9951923246681225,0.044664903996729254
2014-01-09 11:00:00,DEHM_BD,0.22521416690591703,0.24581715835633214,0.1384421541698067,0.45684137450111084,0.20485068573438553,0.49093328209158077,0.6265661182188519,0.09060738815251096,0.15200014549344776,0.4326843491137772,0.04394923657610714
2014-01-09 12:00:00,DEHM_BD,0.2975450059210415,0.19259210729341936,0.18348561678917133,0.33112574134133055,0.12130447286456802,0.2784640592676889,0.3960127524531425,0.08001332034044223,0.08432437806062379,0.3025183950791692,0.04339703111047719
2014-01-09 13:00:00,DEHM_BD,0.3959793825385578,0.27677081522210956,0.20859000186301763,0.20599230727269272,0.11642619403185311,0.18391784561685737,0.2365906811020927,0.06443478016422237,0.09572240686459459,0.32289114286467435,0.044114690424868166
2014-01-09 14:00:00,DEHM_BD,0.6973101843313313,0.2522114883875798,0.1264950017856526,0.13887726019110458,0.15977722950892506,0.15539711925802102,0.17828462303148807,0.047266501524596195,0.12183881025362753,0.4937883610588498,0.045354792485647555
2014-01-09 15:00:00,DEHM_BD,0.8386803702759753,0.15913236291320057,0.041743429199766695,0.1391695489853177,0.2923380966823919,0.17337827871657724,0.18195336351436314,0.03759868371109237,0.08665408764643578,0.8060370195627864,0.046860223091682064
2014-01-09 16:00:00,DEHM_BD,0.6465233695691102,0.09239364112860049,0.06665966941235514,0.20687819203763033,0.15241343745700991,0.3798493394288961,0.2548888491322376,0.037261582442665114,0.07851221801413208,0.9783364177462226,0.04918862208495528
2014-01-09 17:00:00,DEHM_BD,0.42985246375765174,0.06416356719433317,0.08988560754444898,0.36974077747707945,0.18455495972617508,0.3169913500402181,0.5352112273551535,0.03831374742068224,0.1308075711744277,0.8767394456030243,0.05233961297777527
2014-01-09 18:00:00,DEHM_BD,0.2576757740097584,0.16857838339820255,0.06570488208923475,0.6199056805763131,0.2724440502876228,0.30201974288388134,0.5055037663040991,0.037459929458133,0.16171068035001848,0.6942356597133724,0.05549940940799154
2014-01-09 19:00:00,DEHM_BD,0.0833702202820451,0.10231911647809663,0.07351620869526151,0.598807707053736,0.3141357135187647,0.42557889371667174,0.5119941563129878,0.036178868276292776,0.13979809613856475,0.46417952514460303,0.05927869816306735
2014-01-09 20:00:00,DEHM_BD,0.07640629981722666,0.08440512738849965,0.11585775088742818,0.5655948172546899,0.315265925813047,0.4645367182555119,0.6158612877298093,0.03721724376761085,0.11497741075430513,0.1969665622236671,0.06339473389381997
2014-01-09 21:00:00,DEHM_BD,0.11756138327445825,0.10209065522608338,0.11666296605368133,0.5169969029265059,0.3502640159303694,0.44078059157351146,0.6109564108980294,0.03956815159889389,0.08955191268333221,0.07875700235042704,0.06645301306178769
2014-01-09 22:00:00,DEHM_BD,0.06013538798812763,0.10866456255411255,0.09635046896749166,0.4716220027087674,0.3870058218578806,0.5352979597142856,0.6044432866027113,0.03606234367824291,0.07244870978841075,0.12665986312117405,0.0662840699368715
2014-01-09 23:00:00,DEHM_BD,0.06790025307733556,0.07558734112910798,0.07125714386318795,0.4719014775516406,0.3821780220906435,0.6158758627653278,0.7032917444671848,0.03476938245507541,0.058954928288538766,0.052802340772300754,0.0638124728973022
2014-01-10 00:00:00,DEHM_BD,0.12209410328350954,0.05014419410038065,0.08179272128345424,0.6038380725926253,0.4271600180795788,0.6573846859408425,0.8064148312444734,0.032949610772557765,0.03735030895281568,0.04907481311213212,0.06370472230095399
2014-01-10 01:00:00,DEHM_BD,0.18283944632397942,0.04958688333008923,0.07401694348476807,0.712171612558707,0.4717166394615544,0.6445227736359403,0.8560908114764821,0.03143553611795569,0.042097092625703554,0.08555653815910211,0.06773250308342264
2014-01-10 02:00:00,DEHM_BD,0.1743746898424811,0.22237586470371049,0.058161393717401484,0.7210923838202165,0.5281256278858333,0.6442716817680996,0.8370499819977018,0.02892357772116544,0.042379996952153554,0.114067224775683,0.07500492554694398
2014-01-10 03:00:00,DEHM_BD,0.0940728350417408,0.11173180784405665,0.051870765787137084,0.7145906573365057,0.5515669599715712,0.6715941455407982,0.8308027616509516,0.028848906634371826,0.03307490978546429,0.13568129923621186,0.07638181501820665
2014-01-10 04:00:00,DEHM_BD,0.10428495505773222,0.07580535655612108,0.03998866429366863,0.7313112402247194,0.5394049391193687,0.6972054730406618,0.8267293006092815,0.032105318481826094,0.025866529432860885,0.12148253472204308,0.0761161763647198
2014-01-10 05:00:00,DEHM_BD,0.22056548460158498,0.06031157589569795,0.03626871956889393,0.8297708409275114,0.5575166442796959,0.8081446202387195,0.8677636593657383,0.036873728654138856,0.023704203106099563,0.12544965694901408,0.07541235140964372
2014-01-10 06:00:00,DEHM_BD,0.1358993106503364,0.053697118268661415,0.036850784390080916,1.1124194619090668,0.6013321561912027,0.9759359856148864,1.0031209807476076,0.0394012327130301,0.02546037809807797,0.10164200402748638,0.07156470537889728
2014-01-10 07:00:00,DEHM_BD,0.08003698817522717,0.04831947220864643,0.035195517398156066,1.3224804550478884,0.6404880732960159,1.0772969130895624,1.2568008288708816,0.03920463495666444,0.03064708108808831,0.13724546333717744,0.07083133479416356
2014-01-10 08:00:00,DEHM_BD,0.0626336699597349,0.045833688922048206,0.03865064340181403,1.419810509475076,0.6533503333587012,1.0471191497831185,1.26948347154242,0.03786007503706011,0.03960023658441357,0.13096339006542215,0.06928719655171028
2014-01-10 09:00:00,DEHM_BD,0.05544344229242756,0.04535937258289185,0.039163481438527166,1.407148027417436,0.6169271595484391,1.0213047880392288,1.1685789924748802,0.0372884397217933,0.04466680011244937,0.11726964223952946,0.07079240042064333
2014-01-10 10:00:00,DEHM_BD,0.05107063973591367,0.03710310523308101,0.03743716611925362,1.2768754282380268,0.49984021205913737,0.9624261772962519,1.1170465350589294,0.03816182304232136,0.04811944469254795,0.0930339968061236,0.0747428483363426
2014-01-10 11:00:00,DEHM_BD,0.04564525599094883,0.03141481639326064,0.03254689971192268,1.1248433742053363,0.3592033832452631,0.8732540288496622,1.0488942296741903,0.03816643701840413,0.05156358331248142,0.07301151598948265,0.08036331036767902
2014-01-10 12:00:00,DEHM_BD,0.042763395539062506,0.027078767766292363,0.03185145325386418,0.9744880715915607,0.28983071282372797,0.7511080457350519,0.8992038994703767,0.039012485094575534,0.055660773051618435,0.06454210322828945,0.08953351442651815
2014-01-10 13:00:00,DEHM_BD,0.04138499417385214,0.026976890245897483,0.032281617075002204,0.8390092235137265,0.2881984247620403,0.6741434860174124,0.8418098881310736,0.04156715160198032,0.06039275504276948,0.056847095451902065,0.10089533258132624
2014-01-10 14:00:00,DEHM_BD,0.04071690446554502,0.02632528690999417,0.03222067844577466,0.7421901923526659,0.3215564640789851,0.653262025474808,0.8014366661578487,0.03907796492421049,0.06501193893145057,0.04998559923333638,0.10686447102785097
2014-01-10 15:00:00,DEHM_BD,0.04303394571642852,0.026838267687957124,0.036428523594763715,0.7318575143778906,0.3644319888690858,0.6670729718763241,0.7643649357066862,0.03248875376832657,0.06886100549021716,0.04258155983176571,0.10636991753649888
2014-01-10 16:00:00,DEHM_BD,0.03925973501430752,0.026804904269505367,0.045777978767270494,0.7822979501597013,0.43431933404367395,0.7581112797352625,0.8201141783141412,0.03131063314262763,0.07762832689752316,0.036555231846744606,0.10876952628999007
2014-01-10 17:00:00,DEHM_BD,0.03941109149127256,0.03060356787067704,0.058914860727076655,0.9078258480792143,0.49886980023521915,0.8818332406098861,0.9835886433009734,0.03163159142348436,0.10814817440984525,0.038391568772488865,0.11923047454655161
2014-01-10 18:00:00,DEHM_BD,0.041307571806083306,0.04049684103241883,0.0788908311128079,1.0290538600561163,0.5144781298688426,1.0264252837190078,1.181899225348283,0.030809401997644252,0.14425946861196304,0.04459644649593141,0.128109528889004
2014-01-10 19:00:00,DEHM_BD,0.04701461081146718,0.05397558616992879,0.10203963089103792,1.166293899719864,0.505806186140254,1.1402072911910712,1.355274115266795,0.026556099347916747,0.11661382019922123,0.04330657543371416,0.13313843484109147
2014-01-10 20:00:00,DEHM_BD,0.05937510806458821,0.0763942990971646,0.12164998788302285,1.2638120864561664,0.5392950945718958,1.2108224253590125,1.4760268555350253,0.02250300787081932,0.07956616885699314,0.04738850468419251,0.1362753657785255
2014-01-10 21:00:00,DEHM_BD,0.08181876474015866,0.10360872695282554,0.1327451280375848,1.2181202029092026,0.6154616139953769,1.2595411297031258,1.4722298157222289,0.02220017352053884,0.05292608278985119,0.05738854317890457,0.1374037656538607
2014-01-10 22:00:00,DEHM_BD,0.1020276186328427,0.1232494397939222,0.15256290379875329,1.1881811298629734,0.7583570234712214,1.2975055312811443,1.4761492112160914,0.029022610582010666,0.04175808400978324,0.08016967456748697,0.13482943046954204
2014-01-10 23:00:00,DEHM_BD,0.10906684284087266,0.15499344627887926,0.17667241075209786,1.1595456477636192,0.9447322030618506,1.264566630214448,1.4524545943224896,0.041514395804777574,0.03401414365748869,0.09635055761349369,0.12617536957028308
2014-01-11 00:00:00,DEHM_BD,0.12584896415138602,0.18601570003076445,0.20885469958475777,1.2082746984562465,1.0205744523718858,1.293172765240143,1.4268830206538734,0.05258090595865607,0.04179652827585099,0.10223449503209424,0.11955751284543417
2014-01-11 01:00:00,DEHM_BD,0.16123712650283223,0.22133882215804168,0.27425296816652167,1.3562943886718897,1.0671603514755517,1.3748763185180397,1.5096829160660785,0.06567690930476405,0.06415344007898098,0.12312543890191228,0.10327924855882056
2014-01-11 02:00:00,DEHM_BD,0.21120472519112737,0.29434198785291515,0.30016272024051516,1.5471475184358192,1.1022451135645062,1.4311479210347262,1.6066680457750286,0.08046441658716633,0.11651730071995395,0.16113278328896957,0.08895296357756008
2014-01-11 03:00:00,DEHM_BD,0.2948372600051387,0.42375681203590687,0.3032127487198075,1.5691040792109165,1.1272904878094048,1.4624833534142372,1.6710373158101501,0.09012403474040313,0.14972501367704927,0.23143399124109643,0.08116730393730974
2014-01-11 04:00:00,DEHM_BD,0.463265851767361,0.47503534525708757,0.2851413359635181,1.5153478812210726,1.146914999407008,1.5204369935581041,1.700248872480551,0.08052744168542314,0.1640510282155125,0.3576434569012931,0.08188318187067967
2014-01-11 05:00:00,DEHM_BD,0.5090131427764892,0.4569228043803618,0.48834573837247663,1.4386729921985555,1.1298542501802182,1.6016726519383304,1.7446409537997236,0.05579191759717646,0.16334852825582016,0.5705403555683791,0.08874660321224362
2014-01-11 06:00:00,DEHM_BD,0.4999549783582985,0.5791484266766532,0.3329565167595538,1.3032402453405596,1.0230986480415054,1.6465159860764582,1.816940749109178,0.0400689466939167,0.1596171576119585,0.6119381401808559,0.09913521593484795
2014-01-11 07:00:00,DEHM_BD,0.4529048567799478,0.672141232795799,0.14177009706516505,1.3986687851505124,0.8654282193923648,1.6415579601541952,1.8877369209373904,0.039795620105434006,0.14013186407740225,0.5875579417864232,0.11681853557311657
2014-01-11 08:00:00,DEHM_BD,0.45700330941393963,0.5228490732148776,0.06485553614360035,1.5209243097143785,0.6900177793053444,1.4948362344705126,1.9458347985515767,0.041964216410871454,0.11079827772782166,0.5698208803135156,0.13691815858249656
2014-01-11 09:00:00,DEHM_BD,0.46783238649811587,0.27727339392095096,0.062310308843210004,1.5759268156597623,0.4087416104551031,1.1876317135404144,1.7900195460992867,0.0413269345714429,0.09912376577136099,0.5595503009343892,0.14775060317916908
2014-01-11 10:00:00,DEHM_BD,0.4231661967244371,0.1064972163195465,0.0622197488184005,1.5855523864818388,0.2430193500698915,0.8130402546503603,1.3370972832729457,0.03830586432122604,0.09057821384397326,0.5063329949707165,0.1493797083854176
2014-01-11 11:00:00,DEHM_BD,0.32563298856407386,0.0735899610039881,0.05166586999432641,1.28403968098704,0.20719552565318983,0.4625817511259567,0.7642889991266384,0.03533024654916474,0.07922957922753869,0.40856625899747,0.14641450504586367
2014-01-11 12:00:00,DEHM_BD,0.18416286472007617,0.05765216914441714,0.04821579792604184,0.7705470079602347,0.21795267938241347,0.3025336778501466,0.46332593868473004,0.033027818702529,0.07420136845445242,0.28978460703006015,0.14965643373332732
2014-01-11 13:00:00,DEHM_BD,0.10425562954148261,0.047706056039946744,0.045971815306817765,0.4798575400157976,0.19733175737950004,0.32121350927046777,0.3509461941090673,0.03255152732319652,0.07435787179752237,0.1780020432398467,0.17221349237325442
2014-01-11 14:00:00,DEHM_BD,0.07910905521865454,0.046181778307738605,0.050795789220649604,0.395180501319876,0.16886808248559,0.36607478660169324,0.3638525134871986,0.03086785601026141,0.07107842516921457,0.10373903419408931,0.1941562852416233
2014-01-11 15:00:00,DEHM_BD,0.06550713999082317,0.04634950009924342,0.05188866594524109,0.4368295266265788,0.1203748363030514,0.3912818076210791,0.49142055939187523,0.029761028120554905,0.06724096183016877,0.07910528010024204,0.20031314010875537
2014-01-11 16:00:00,DEHM_BD,0.05908222334348349,0.04647235355108501,0.04387160442552227,0.5802660429669071,0.11300249619447608,0.3199693162603631,0.563274374239702,0.029942290899557914,0.06838677906565346,0.10721984529056111,0.20010116880113604
2014-01-11 17:00:00,DEHM_BD,0.05213172057987184,0.038678215760418605,0.032955521398144644,0.6633187206050496,0.11060518132888701,0.3188905441679833,0.6182600374425269,0.030786360854690276,0.0709351215886695,0.11710919055934044,0.1947265738351991
2014-01-11 18:00:00,DEHM_BD,0.0480011061027576,0.03043618118125412,0.026781245522510683,0.6339276202857225,0.10269406231444773,0.35293429450065733,0.6262838714710689,0.030930630928650414,0.06019918835918877,0.07144247008448687,0.18352166126159933
2014-01-11 19:00:00,DEHM_BD,0.041724586472398566,0.02849667619623144,0.02715624452747753,0.5945343509989579,0.10723850807008309,0.37987493545284423,0.6284841890238853,0.030624593639610263,0.04915290706420303,0.05108350001669879,0.17583382985890364
2014-01-11 20:00:00,DEHM_BD,0.03401507138122276,0.0315522668773678,0.03283481131205091,0.6432977995334566,0.11287175252353757,0.3923629680984134,0.640241198495063,0.03036437076861774,0.04412295868449367,0.04384732736899498,0.17221635427726886
2014-01-11 21:00:00,DEHM_BD,0.032731268673569444,0.040181463921741954,0.03800417926222072,0.7867553400267753,0.11779379907709533,0.42426466140709435,0.6520578997910016,0.030743561420117797,0.045110140067534485,0.03711917723135894,0.16799183843292279
2014-01-11 22:00:00,DEHM_BD,0.036653309260069745,0.046974303012772965,0.03908396270822607,0.9380236943048564,0.129641865476556,0.4936454773030352,0.7193746369391936,0.03272537435323452,0.06429963639121487,0.036142946115352105,0.16511003688581743
2014-01-11 23:00:00,DEHM_BD,0.045140429268103834,0.04916555510494888,0.0384094300077316,1.065415325487462,0.15239489276859902,0.5889369663063986,0.8176074593997367,0.03616904229154797,0.10204516783148272,0.03916925308926224,0.16216647368762171
2014-01-12 00:00:00,DEHM_BD,0.05115715396701268,0.04668320121113824,0.037189531947966016,1.149881904982324,0.18180110787852652,0.6786680310260438,0.900787335472824,0.039403977235369265,0.1503262460042069,0.04451966093965137,0.16049747411650367
2014-01-12 01:00:00,DEHM_BD,0.053838388331294944,0.04047973983890001,0.03742575134095518,1.254750050644758,0.2231659693382027,0.7351382429730611,0.8625099971968937,0.03990423134123894,0.17937469220118576,0.04760870752110187,0.16186694216142708
2014-01-12 02:00:00,DEHM_BD,0.05258535811608765,0.03738326003037019,0.03444145403306251,1.2421562854801675,0.27471655182387195,0.7689879996961216,0.9761677251659799,0.04070627675704643,0.17073601792473328,0.051220080145592255,0.16428078834677198
2014-01-12 03:00:00,DEHM_BD,0.046538251670412666,0.0367570570146012,0.032613589210590446,1.0966961862333957,0.34195464819273436,1.011209827816235,1.091111655623219,0.052187870158888316,0.11383149116858828,0.05314453768088165,0.16652716746518378
2014-01-12 04:00:00,DEHM_BD,0.04329708040763608,0.03730405842692868,0.03569936336091549,1.0833685793968475,0.4837864869394758,1.2104512797022098,1.2153884434023219,0.07050591311115748,0.05742345520555963,0.052511994475167384,0.17021118375473296
2014-01-12 05:00:00,DEHM_BD,0.04350074437997994,0.04660942105352684,0.04272320482841715,1.2632640063823386,0.6812151078192935,1.3632176524141713,1.4188530381551945,0.09212105739913864,0.04501059233313424,0.04827927736613608,0.17484711606367537
2014-01-12 06:00:00,DEHM_BD,0.04730742691138864,0.06269114208217394,0.0526912916376749,1.5106620315949524,0.8830031584426759,1.4911407578632232,1.6476288042853446,0.11310648396134369,0.05272294018920497,0.04932082606763831,0.18246136423832968
2014-01-12 07:00:00,DEHM_BD,0.058600811597201326,0.0922094466824564,0.06209280232813143,1.7327132243311079,1.127602068703305,1.646131597024519,1.7500156096493777,0.12255781576752658,0.0990141580964996,0.05385008146007806,0.1900734767148735
2014-01-12 08:00:00,DEHM_BD,0.08293806161181327,0.1511554105059134,0.08169355666772046,1.9474204312523544,1.4161791194570434,1.8301782146291574,1.802875891112499,0.13158026620270674,0.1321395944980135,0.07044733760941913,0.19128679425642348
2014-01-12 09:00:00,DEHM_BD,0.10763213788846313,0.2188189503134063,0.12560337948546565,2.126763643111079,1.6160371870308927,1.936561881305566,1.5784792881268357,0.1424578653054589,0.1347752362373435,0.1130388812570427,0.17590628992259488
2014-01-12 10:00:00,DEHM_BD,0.12156116381734078,0.2302535643716718,0.17870630817147312,2.1090416364425604,1.7353937110835684,2.042407057883267,1.7314313130792416,0.1478850396503685,0.1377404677650121,0.14705226301249366,0.16260764036583703
2014-01-12 11:00:00,DEHM_BD,0.15295109619740274,0.23252737574806281,0.18486177795568534,1.99853858338998,1.7507480804840942,2.1748113776322993,1.9184005947413505,0.1483793520728358,0.1327497388378761,0.14602173064667956,0.15707168193102797
2014-01-12 12:00:00,DEHM_BD,0.16349605398192982,0.2293437548264821,0.18368088379834646,1.8007917255437724,1.690354438592959,2.183983365769599,1.6611404349019678,0.15014302317510814,0.14371568569451093,0.157918761172844,0.152154526027115
2014-01-12 13:00:00,DEHM_BD,0.17600132699768983,0.22907458690243176,0.19795391134976342,1.6316540534182074,1.861714807363199,1.9194454200599471,1.4585363992250087,0.15445032619568394,0.16587995910305048,0.16719604134345303,0.14599629933238845
2014-01-12 14:00:00,DEHM_BD,0.16789516161390575,0.24279809543925673,0.22739562773803473,1.6568230137982751,1.9556456929542125,1.5734043891454053,1.5039170261108354,0.1636179531192572,0.18542151321398312,0.16708780616276767,0.14940388282472603
2014-01-12 15:00:00,DEHM_BD,0.161767702053767,0.24045302462833923,0.2621419644606846,1.7063744069021847,1.8731014702084043,1.5682872250530617,1.5124432670553065,0.17344802059197093,0.20278868802855762,0.16798926189959038,0.15633754161386507
2014-01-12 16:00:00,DEHM_BD,0.16246708430435297,0.23799927863861134,0.29332065378528777,1.7957651453664094,1.692971693095816,1.6633404972863135,1.7406688313496765,0.18792594854023298,0.22379044742248008,0.17841817739859214,0.1650770778672861
2014-01-12 17:00:00,DEHM_BD,0.16755083264996284,0.2556414520289344,0.32019897896904487,1.7463491791981904,1.764543191285301,1.8058472947836501,2.0785922496590583,0.19677531020008016,0.23804803753411385,0.20237412828132031,0.1742993220311309
2014-01-12 18:00:00,DEHM_BD,0.17567693142322582,0.25509764875578156,0.3614729529047431,1.6535984217186586,1.892424183842442,2.0202364189121744,2.169471134139414,0.2061226489233969,0.24825973290882988,0.2558313293987209,0.18013331881896583
2014-01-12 19:00:00,DEHM_BD,0.18137956521981644,0.2611591496613061,0.34080525226325825,1.6011519319380674,2.0083918596990813,2.114191376982766,2.1115273150769096,0.21758675255186838,0.2558743218985385,0.25249577995449257,0.18413569202790958
2014-01-12 20:00:00,DEHM_BD,0.19406433350330668,0.28949629700619484,0.3367497804830776,1.718267132682544,2.066926653065309,2.0299702848358843,1.9872272584525539,0.22600181563105423,0.2601188591397551,0.2336282423441967,0.1881866872410778
2014-01-12 21:00:00,DEHM_BD,0.2172402217979727,0.31199299648248174,0.36939348427436314,1.8792214357607007,2.213924498817053,1.9902626513955612,2.0643811025386136,0.24173750499185154,0.26419656391460433,0.23693709848973,0.18990759758137282
2014-01-12 22:00:00,DEHM_BD,0.21881867349944997,0.3085792450984892,0.38516026616862264,1.9789051318900959,2.3935065032171856,2.0958158692380517,2.2218473632239704,0.26964858362951305,0.26678357294004396,0.2418209836923335,0.19219971880277598
2014-01-12 23:00:00,DEHM_BD,0.2074724833793704,0.27172771723666683,0.36786248862156057,1.975218765176223,2.492903799578474,2.3468892429808155,2.339912077905128,0.29135798329053325,0.26804111741496234,0.23922638381575365,0.19076372785443427
2014-01-13 00:00:00,DEHM_BD,0.21697867067274285,0.24594406971009422,0.36385231286003183,2.1291949062315525,2.4315548058025818,2.591678250894,2.472374407209168,0.31042286598001484,0.267257693320792,0.2510071975302611,0.18806492484616333
2014-01-13 01:00:00,DEHM_BD,0.2195563639543717,0.21068688962817178,0.3430640424411592,2.411086363136781,2.2971264233954947,2.482820592652917,2.673473394671962,0.3364329893798427,0.27291213801105957,0.2619316576113109,0.18911639836465227
2014-01-13 02:00:00,DEHM_BD,0.2561211497875301,0.21171020968727755,0.31439039772873273,2.52070010472398,2.236744757240955,2.1836430009828978,2.7043527922048622,0.35693002831001636,0.28900405559450615,0.2647411545272741,0.19372709300922217
2014-01-13 03:00:00,DEHM_BD,0.2911197022586502,0.22393266743682316,0.26211104161631316,2.2372284633120936,2.1147426570471746,2.03372616971093,2.3231081453092237,0.3688824373796581,0.31000158958508856,0.2702641037384094,0.19953338683403316
2014-01-13 04:00:00,DEHM_BD,0.31472274253332977,0.2282086962393298,0.22521324785951516,1.8565318857309956,1.4774567125631866,1.6642822012967267,1.9491698500589048,0.3704742833263612,0.33061444871545465,0.28430042393591237,0.20856584348011736
2014-01-13 05:00:00,DEHM_BD,0.32149253788445137,0.22416884634509665,0.23337074873685834,1.4956611870505765,0.8382171762312669,1.1584392940419994,1.5811014821071294,0.36804417482502744,0.35541084827524144,0.29883431914860364,0.22321218290165984
2014-01-13 06:00:00,DEHM_BD,0.31058327952481785,0.2274135786052418,0.2547760326589363,1.067850106164707,0.5288899990268981,0.8212112536765379,1.1750449797677365,0.35594701612830154,0.37672846899907086,0.30766892111102095,0.24584851995181273
2014-01-13 07:00:00,DEHM_BD,0.32133827057464975,0.23881752404658116,0.29173844645163954,0.8013892802872591,0.39535997505392867,0.6914115464161941,0.8763599164352507,0.3446315202042459,0.39058814460502933,0.31898572000703757,0.2692284566035307
2014-01-13 08:00:00,DEHM_BD,0.3356388685127462,0.26039718517462596,0.3084115787970344,0.7105312364986119,0.3977376586962303,0.6932078824483625,0.7854642077438976,0.33086303972527364,0.39230642073858507,0.34535801426867474,0.27820955064101127
2014-01-13 09:00:00,DEHM_BD,0.3300728972099767,0.27954594797857557,0.28231494712553673,0.6811230086618755,0.3485747619041707,0.6951690026477746,0.7684239454694569,0.32574414347067465,0.3717551654492317,0.34261715458345116,0.26654365515880274
2014-01-13 10:00:00,DEHM_BD,0.3195053792336583,0.2528479824581555,0.39442287303540846,0.6721105908449947,0.3029114626368506,0.6537757572767254,0.7620155134230049,0.31454082588650284,0.3430453908200561,0.2976667658305539,0.241177712789371
2014-01-13 11:00:00,DEHM_BD,0.27785099371757344,0.22469992592453944,0.6637813426707497,0.6525077374195096,0.3082700714889541,0.6590700029695685,0.7054451966016366,0.30185067680060856,0.326592146039307,0.27218780852459346,0.23685482168172473
2014-01-13 12:00:00,DEHM_BD,0.24640201868511719,0.27225707474324845,0.890581740862336,0.6230161399077263,0.3068021744695118,0.6554790148513367,0.6459467889771353,0.28208746762454495,0.30991746962070466,0.27011913186633957,0.2532160653921332
2014-01-13 13:00:00,DEHM_BD,0.2172409105304628,0.3885034136310963,1.0453186561740562,0.6278857942058924,0.4037629387822933,0.6608425688765897,0.7244106911747528,0.2790074001460521,0.30677255303509515,0.2700901402051559,0.30422421320459797
2014-01-13 14:00:00,DEHM_BD,0.24705176184654226,0.42599492392865934,1.1413006783205644,0.5879929579751123,0.4996863695114291,0.6766746987706236,0.8116289670955901,0.2805167687201498,0.3098075594862362,0.2619562626761685,0.3410140025088562
2014-01-13 15:00:00,DEHM_BD,0.3382003019066153,0.5124434438435175,1.1169694011278728,0.5560642397542785,0.5921805467704495,0.7113330378617579,0.8705603522590244,0.2820565090438909,0.31236888098523935,0.2522145783290079,0.35374971370674657
2014-01-13 16:00:00,DEHM_BD,0.4486165094970166,0.7010717419766261,0.9705212611530837,0.6072843120244283,0.7449110332817583,0.8200513741577602,0.9054701210557494,0.2844986419197543,0.31416518582906566,0.2531178792955352,0.3538056385640053
2014-01-13 17:00:00,DEHM_BD,0.5158884184473752,0.8287044350451974,0.4295542717584593,0.6937449274757062,0.93180387238604,1.0229011101516556,1.000844417296549,0.27806719965979443,0.3134702558513357,0.27373379162566736,0.34785158540256317
2014-01-13 18:00:00,DEHM_BD,0.6092330916854738,1.028874252520278,0.2462415047231723,0.7684256252645957,1.0813080087734246,1.2217862476975307,1.1152913804884104,0.26596793720841394,0.2924543508052825,0.3349086460865288,0.3347871350624039
2014-01-13 19:00:00,DEHM_BD,0.8445121651616692,0.967993881044984,0.2511618674945923,0.8450389898538287,1.2362918021309284,1.3356174850962264,1.1586416083910829,0.2531664934810995,0.27029705723382513,0.4115423946996778,0.31738618277695024
2014-01-13 20:00:00,DEHM_BD,1.1667269605703652,0.6270320503674353,0.21035031471695684,0.9251386097434187,1.369921400211174,1.378830329084806,1.2038055777078167,0.2381348765109479,0.2596487939684092,0.563604952501729,0.3096848685175459
2014-01-13 21:00:00,DEHM_BD,1.1951068903295694,0.43435312463626713,0.19651234849275256,0.9861819418431096,1.428547357214,1.3757386973418155,1.2095217653223616,0.2251469458968936,0.2516212097445129,0.7813907769110797,0.30900092103040533
2014-01-13 22:00:00,DEHM_BD,1.068233978002779,0.3580460488470992,0.19477383813468352,1.0561478051795508,1.4920573241102324,1.389614261673549,1.231327722580775,0.21581577443696548,0.2474517812114953,0.9845685470992326,0.310297286948394
2014-01-13 23:00:00,DEHM_BD,0.856820974611193,0.37322606138225634,0.2266594850153847,1.15733907096121,1.6009070494877267,1.5514015284585512,1.3147825870226346,0.21566847681552156,0.2534514420506357,1.111172694413066,0.31336666305625804
2014-01-14 00:00:00,DEHM_BD,0.577307276966404,0.37846168921581225,0.2925733445314874,1.243680147813689,1.7825111769744943,1.6673097434645263,1.40348428763228,0.2227557119813561,0.27239350977748616,1.1493345144349336,0.31571898179110125
2014-01-14 01:00:00,DEHM_BD,0.4327146897958963,0.36388329602286446,0.4524935667040803,1.2771010899609234,1.8511769085084926,1.5598517819984465,1.39742865171005,0.220715276530981,0.30765104982845465,1.2475094392892718,0.3157572993707096
2014-01-14 02:00:00,DEHM_BD,0.44390095524455403,0.5060872023206668,0.5339421996588258,1.2059675860412091,1.720786705011595,1.3585263134154375,1.3454969157860381,0.21308824520498504,0.33892604479283084,1.2993373274228721,0.314554800473079
2014-01-14 03:00:00,DEHM_BD,0.5535085133610291,0.6236090755749026,0.6329540135035152,1.1122537380527775,1.5430945856619909,1.264330453230635,1.2590145069498733,0.20915859057605257,0.3768323654964565,1.1594460366514698,0.31533064469545835
2014-01-14 04:00:00,DEHM_BD,0.6388463761930167,0.5342031893680057,0.7164847515705367,1.092983105023715,1.3765083343936968,1.2055476428314114,1.121476453433294,0.20645690786719312,0.4301855199395119,1.0163868665279634,0.3209316235747793
2014-01-14 05:00:00,DEHM_BD,0.6904968410103209,0.6432096481263265,0.8147668297221825,1.1024128795409343,1.2242475950603653,1.1081456109011656,1.0453124584446334,0.20094622113727018,0.49204440243870007,0.9615548203377238,0.33198524619475
2014-01-14 06:00:00,DEHM_BD,0.8117873884440399,0.7719117742277216,0.8912781700552209,1.1672230089274187,1.1135247290526609,1.004367688473144,1.0479867776980982,0.19465071462191627,0.5399381616675852,0.9890486846678657,0.3431946320258079
2014-01-14 07:00:00,DEHM_BD,0.9557607853609509,0.8528310692829453,1.0611868285729082,1.267196013996508,1.046015731605962,0.9236374769153801,1.10357260053767,0.18942396103676387,0.564772272882387,1.0522492974177282,0.3504906293550878
2014-01-14 08:00:00,DEHM_BD,1.041281030852627,0.9130167439595377,1.3940095815875055,1.3384251325020706,0.9912541441785498,0.8885423950018105,1.1930863342629605,0.18352355803750448,0.5536603446317462,1.078420118681984,0.35203280633926376
2014-01-14 09:00:00,DEHM_BD,1.0191455644951386,1.076081899528722,1.4690617865556197,1.229417621590267,0.8998914103162335,0.836443808389465,1.1916657207983952,0.18243893471136668,0.4825545339233055,1.0549907432090537,0.3482453476300834
2014-01-14 10:00:00,DEHM_BD,0.779040274038501,1.3358535206796556,1.5120274605327286,1.0913666153676063,0.8385482446438959,0.7592476921796455,1.0645505053690123,0.18571948050867756,0.4203151316942274,1.146763003892647,0.33942673895291975
2014-01-14 11:00:00,DEHM_BD,0.8789310822747276,1.4977173741499066,1.4973332464966633,1.0740976689575565,0.7636164984946441,0.7122797637384166,0.9396377048415807,0.1908712997779994,0.3789068255469201,1.2207863629764808,0.33254914412587866
2014-01-14 12:00:00,DEHM_BD,1.1836764054902829,1.4077454609328792,1.5341895592016357,1.0857573135244671,0.686844243074893,0.6724506106527306,0.877460412017061,0.19649271399443022,0.36679962251253406,1.1071783403361843,0.33988128251306693
2014-01-14 13:00:00,DEHM_BD,1.465905209085513,1.2753853742918861,1.6217651992795197,1.0101057566515006,0.6550282776669831,0.615091650876415,0.8897664061868806,0.20122411682652291,0.3577358255522233,1.1281280924919526,0.35115859879732125
2014-01-14 14:00:00,DEHM_BD,1.5395291017200239,1.3327003835236093,1.598491575299395,1.029178592450241,0.696168641227735,0.6005789923444687,0.9360163351270265,0.20132877975972832,0.38348122557371367,1.210705605047755,0.3530377045992761
2014-01-14 15:00:00,DEHM_BD,1.4669875401806831,1.617342785854591,1.7796480544947073,1.113400403379891,0.8029709401507232,0.6325074146298755,1.0760965115453818,0.19878573097022234,0.4324451058775233,1.384204827111438,0.3506366445091366
2014-01-14 16:00:00,DEHM_BD,1.4728512736979686,1.9244478701339478,2.6377997225463607,1.22608188272907,1.0023853825696163,0.6894653796051224,1.2793978840356828,0.202951200188929,0.5820451269656186,1.5765763327531703,0.3447057138703018
2014-01-14 17:00:00,DEHM_BD,1.4618283632931857,2.171377290970199,3.1503904262211315,1.2463472495548822,1.2608823709164514,0.7993232866764808,1.5179749751194893,0.21301642999953568,0.91583685127208,1.8582296819886936,0.34094607895955437
2014-01-14 18:00:00,DEHM_BD,1.4808729744231883,2.482045290701226,3.275223998572966,1.0716973579248403,1.3681827615938522,0.9287416637415293,1.5831108590602407,0.2242430007279942,1.2764267405609786,2.1078733875571656,0.33903243766933666
2014-01-14 19:00:00,DEHM_BD,1.5794304781715442,2.7349062050680697,3.3298132356310544,0.786677336058336,1.2796204022472466,1.1937263937547908,1.3220864352015547,0.2320566534285898,1.5627009701877457,2.304671889387835,0.33677588381811957
2014-01-14 20:00:00,DEHM_BD,1.6841068142605222,2.9090333375733533,3.3510646388614087,0.8475518474866199,1.2437454181964323,1.4706625312854409,1.3204601595256187,0.23421204638147713,1.7242113654589464,2.3547046708484554,0.3353751400114595
2014-01-14 21:00:00,DEHM_BD,1.7478370221662662,2.9611566230787942,3.5736653711201156,1.1578880049043632,1.1416299478199892,1.5777385852180688,1.8026857908396994,0.23366540003936737,1.7879273426263778,2.2299701672733576,0.3367845451676844
2014-01-14 22:00:00,DEHM_BD,1.6932063986440191,3.1368070469137654,3.628233285500826,1.8468304183671431,0.8772970005813145,1.5137306596831346,2.1187246651488727,0.23329443557526905,1.696316715535149,2.3856071423113345,0.34084910962253795
2014-01-14 23:00:00,DEHM_BD,1.6732298968310282,3.1427668716099793,3.0306813647849298,2.0943308635887448,0.783537143540033,1.3966410254916082,2.171120492848222,0.23180227564796796,1.5487263518536092,2.4106085006403926,0.34487360497981295
2014-01-15 00:00:00,DEHM_BD,1.7083900468216648,2.5631098931060006,2.5874378147126733,1.8300864095776346,0.8831632735235011,1.5095463097462245,1.989672435631868,0.23358581443190563,1.4681577513599398,2.3582921288502217,0.3399721581968663
2014-01-15 01:00:00,DEHM_BD,1.9005493405620753,2.1161087497080837,2.442207520077657,1.7778986673479062,1.1622837323595117,1.6095468696035071,1.8889612879373041,0.2371318423023819,1.3414126187932491,2.2388880031371112,0.3362788691575079
2014-01-15 02:00:00,DEHM_BD,1.892393047866225,1.8699852867762885,2.3378874361937303,1.8597839224579604,1.4059401403065026,1.8378355529807882,1.963687604484642,0.23564884384274468,1.2484986137920617,2.077732562613487,0.3343625916843114
2014-01-15 03:00:00,DEHM_BD,2.0687777434167267,1.6019524323216732,2.236047432578467,1.958203005879619,1.685576742043197,2.321086386407325,2.1629528345905804,0.23944739959537978,1.1973995874479413,1.7824951272153855,0.32948886486522844
2014-01-15 04:00:00,DEHM_BD,2.109699766868949,1.4399844477338202,2.196122448890554,1.901529540088645,2.6539174954467644,3.1241130359275084,2.5191714116018917,0.2453546785971521,1.1693695492583513,1.4956331649291514,0.3307540366244316
2014-01-15 05:00:00,DEHM_BD,2.0549626224374773,1.2720463248084393,2.196454917585533,2.176074267568155,3.42873389987994,3.3817847541755537,2.7249666698171247,0.2476411801608277,1.1616736888682841,1.519689823089838,0.3411671118284762
2014-01-15 06:00:00,DEHM_BD,1.8705085823875667,1.3222720939316601,2.0003487560128237,2.23271338957475,2.9928731997144693,2.9218441659021934,2.8776009890513308,0.2571226347622274,1.1586271030676365,1.6114044239330292,0.3516435708571225
2014-01-15 07:00:00,DEHM_BD,1.6863961934190987,1.4470968873260914,1.6434960965647543,1.9879349676043354,2.4270236911560596,2.396230108672651,2.4769181636929467,0.25729983342580476,1.1110216924381255,1.5252825783437491,0.36679756625667204
2014-01-15 08:00:00,DEHM_BD,1.7319416742101312,1.4325008780530282,1.3665413490003346,1.9097186796061145,1.741592971928101,2.013144394807778,2.1475674613888933,0.255926848244816,1.0433529377049207,1.4698954493907093,0.372675726289451
2014-01-15 09:00:00,DEHM_BD,1.9032912227140366,1.385438687500991,1.366062761385776,1.584647358411237,1.432177484906749,1.5391647235278867,1.8765510213260888,0.2694876071152835,1.02882868074283,1.3874514868007788,0.36542710016861546
2014-01-15 10:00:00,DEHM_BD,1.9049513218019531,1.3697364491647481,1.4104595012801884,1.1926445251256064,1.1071083968282445,0.9916860044936207,1.3716565345584844,0.3149510403701661,1.0212369863091408,1.3018970745578315,0.3516374418559669
2014-01-15 11:00:00,DEHM_BD,1.7798221818282456,1.3319794436766208,1.5590165239322928,0.8571037733037461,0.7168009343587047,0.6425647018057256,0.8580346243573467,0.33900403173454086,1.0204812780364974,1.2634823696102842,0.3505520524737237
2014-01-15 12:00:00,DEHM_BD,1.6491678784868493,1.2379270494778454,1.8213137196676432,0.6061563395260368,0.5247883555165443,0.46022734085635164,0.6291555957338364,0.34708998037576655,0.9674591117483005,1.2344413402237442,0.3498627036041021
2014-01-15 13:00:00,DEHM_BD,1.6201070580259804,1.1889281695369631,1.872912807498984,0.4712293020542309,0.42390584995649266,0.39826308589348675,0.5035724401882389,0.35955639689393326,0.8970691334204048,1.1916445500671,0.3532961074192821
2014-01-15 14:00:00,DEHM_BD,1.5850604598359483,1.26639069862023,1.8826893475197628,0.3507884340371831,0.38181865351087874,0.37728157863321066,0.4101917519098764,0.3679395134451984,0.8519517469564313,1.141620220746474,0.3564965186114608
2014-01-15 15:00:00,DEHM_BD,1.6428351697160024,1.3299845827652512,1.7919425320865214,0.3396990354221293,0.38645491833294265,0.39122842526742657,0.3794765593786891,0.37488781243398783,0.8379930195573158,1.0933266952396905,0.35734822166740887
2014-01-15 16:00:00,DEHM_BD,1.6539029291295446,1.4848737655357271,1.7888402485667356,0.3620410787073539,0.5114504774458519,0.4407134739330445,0.4070278287178668,0.3743304853532462,0.8146016843000425,1.0474070168509715,0.35407102094493786
2014-01-15 17:00:00,DEHM_BD,1.7107862635365758,1.6667646497909725,1.7829300831158181,0.3812943878895142,0.7449786665913462,0.5772726078791578,0.4379936193719528,0.39253551707983003,0.7793003010686672,0.9864970332868681,0.3522698938000201
2014-01-15 18:00:00,DEHM_BD,1.9023721687350352,1.8494772471378744,1.7442561720542795,0.39263711632366505,0.9651913728807562,0.8344471006863848,0.49512673564583637,0.4050682060119508,0.7246822704911604,0.9467246235663437,0.35235588649749733
2014-01-15 19:00:00,DEHM_BD,1.9607304344962064,2.135569955434799,1.8313756457577366,0.4448564847837702,1.0880311979366233,1.0164659948452024,0.620236659566252,0.4107015274438261,0.6751611809560842,0.907732541335764,0.36456607851237044
2014-01-15 20:00:00,DEHM_BD,1.7805910557107119,2.51808660967201,1.8484600499354584,0.5381601444542978,1.2363852196559915,1.0943905256339643,0.7848996632156083,0.4142647012737392,0.6567141953517683,0.8728274338305295,0.3894203648392482
2014-01-15 21:00:00,DEHM_BD,1.5833611335285775,2.7850779917619377,1.866518621379412,0.5999709008214658,1.3717739693077,1.2286846601734556,0.8520655697305703,0.40841058999001967,0.6357426590795908,0.8418789314833923,0.4227733596187456
2014-01-15 22:00:00,DEHM_BD,1.5073922820729435,3.0936845314408465,2.0088095350227695,0.6233357673939282,1.4585183623762705,1.3721369819095557,0.9276151639602834,0.40754194091141205,0.6295018715182876,0.8661012650954396,0.46993456899784497
2014-01-15 23:00:00,DEHM_BD,1.5433037590213772,3.604228124315785,2.1184232706057378,0.6422045478756282,1.5329734278873726,1.4758629497416171,1.03710567659499,0.4048384510391949,0.6355405747768934,0.9938310388263223,0.5328402873245626
2014-01-16 00:00:00,DEHM_BD,1.4828920432874186,3.6076229353621323,2.1578826844549646,0.6593413522784242,1.585045271199569,1.5276053200879947,1.118175077094077,0.41213469856560225,0.6185109150976313,1.02922332887806,0.5848248154293
2014-01-16 01:00:00,DEHM_BD,1.4271459640270472,2.7133858700439335,2.183182592404936,0.6842869016579778,1.6152920407499,1.5188643032254139,1.1597087870866887,0.4588680865976214,0.5975015622614509,1.1016067643139884,0.6140663406964392
2014-01-16 02:00:00,DEHM_BD,1.3782562998269499,2.3217626810485124,2.356388045932548,0.6781240041206542,1.506433805908514,1.431181234240292,1.137605570950799,0.6307921882268785,0.5827325866881385,1.188039842564743,0.6166077541950344
2014-01-16 03:00:00,DEHM_BD,1.335428455815911,2.0452766620615126,2.408254861742891,0.6279683163847716,1.3074130062452516,1.2583801026880856,1.0565969472277688,0.7427579433989524,0.5725646466762944,1.2892032092178531,0.6034067495213449
2014-01-16 04:00:00,DEHM_BD,1.3197687888246776,1.8682506554898621,2.4285023230406644,0.5639803089040412,1.1811809646092355,1.0777953274370637,0.8999659785962209,0.6895087141044437,0.5666004932556487,1.2864038459025875,0.5917458722037077
2014-01-16 05:00:00,DEHM_BD,1.3601972423833608,1.7828880725741385,2.2848995453931393,0.5110251106661825,1.115635733486535,0.9485649064505997,0.7695760480620419,0.6064107786132394,0.5672586310692037,1.2840135471756198,0.5854057179281116
2014-01-16 06:00:00,DEHM_BD,1.3638795448415726,1.8226306082224846,2.285023871825337,0.4706584100079034,1.0468033213028032,0.892455043975697,0.7238752858136629,0.5623919587182997,0.5726519573271832,1.2764539729027915,0.5877168478918074
2014-01-16 07:00:00,DEHM_BD,1.3372887904817239,1.822717745309472,2.0938974195807427,0.4553380962836206,0.9595777226284565,0.8391368766046269,0.7004418302427918,0.48365252567410455,0.5807540749577712,1.219373907938674,0.5866105203790962
2014-01-16 08:00:00,DEHM_BD,1.3412393625294416,1.5134058786642552,1.7628385903854669,0.48348807006318817,0.8884174292862647,0.7985930550853435,0.6335313600135174,0.3983737284189461,0.6000859814980811,1.136974584410079,0.5715912541995941
2014-01-16 09:00:00,DEHM_BD,1.3233765137603135,1.2781845504641534,1.48380082967408,0.46908524511878263,0.7970259887555193,0.7101947044562653,0.5637919536811258,0.3537473536795377,0.6369426419910416,1.0868382645570673,0.5249527124190329
2014-01-16 10:00:00,DEHM_BD,1.333445366872698,1.112880015309155,1.1233796007265895,0.3809933548946905,0.657535373633257,0.539969776100933,0.46165591287562213,0.3202444670712947,0.6584005699707939,1.0600649111694842,0.4581850197194515
2014-01-16 11:00:00,DEHM_BD,1.371360168320015,1.0271919795048237,0.9270175515606254,0.2896870664562039,0.46775275570466646,0.38274723424690354,0.3322611038673661,0.3155194860345124,0.6810457567777856,1.1155058601205052,0.4001654414136707
2014-01-16 12:00:00,DEHM_BD,1.4975474071343244,1.048882791302204,0.8208662809762358,0.20645147445927242,0.31968830957927724,0.27877749463388224,0.24610896231594193,0.33235496464401465,0.6832153670581709,1.2676060935780777,0.3603192705803363
2014-01-16 13:00:00,DEHM_BD,1.6490798480359463,1.1009309385162591,0.7178560624536126,0.1412193104317864,0.2487795384289696,0.23842218455969633,0.19193794832356603,0.3589914810526371,0.694976700662691,1.4615908350878208,0.32911731798861166
2014-01-16 14:00:00,DEHM_BD,1.7592720408274234,1.214235742086768,0.6257190620295703,0.1420539529445718,0.2494985205214073,0.21846104188122567,0.20043025811970838,0.38119241220653044,0.6815636317964968,1.5321482556685433,0.30254028622319906
2014-01-16 15:00:00,DEHM_BD,1.7680635981138424,1.3805766456609965,0.6314391527089476,0.17464271667380568,0.31636533151590723,0.22717384346868047,0.23459252620901574,0.39118793878197666,0.6534002450966695,1.4489007462038845,0.27805504846072754
2014-01-16 16:00:00,DEHM_BD,1.7352334189523755,1.6311082043874263,0.7054609051702916,0.17920113869884147,0.45765108410251776,0.3242178118018815,0.244932462226237,0.40014731123507014,0.6013249076545564,1.4071110599633865,0.26237768899778824
2014-01-16 17:00:00,DEHM_BD,1.667304495935328,1.7693947702735664,0.8005333469823002,0.19515435165322606,0.6934714410102925,0.4338801735594576,0.28553883893453014,0.40366885403037067,0.5498558319230005,1.4341076332355105,0.2527392087046802
2014-01-16 18:00:00,DEHM_BD,1.616698002519831,1.7770273799461127,0.9076438330346346,0.20784040080974336,0.8861400409492919,0.48216719768089644,0.36566042932409926,0.412961060463488,0.5067102856111898,1.4604989866982772,0.2474598302546795
2014-01-16 19:00:00,DEHM_BD,1.6352250354640558,1.7243652567136287,1.1044047439205646,0.2480519920384604,0.9628505506314291,0.5852235162755852,0.44280640497284823,0.4233161882454155,0.4688472733123227,1.4814232432386092,0.2501334041033125
2014-01-16 20:00:00,DEHM_BD,1.6870142101487517,1.7474404793608191,1.1892289799416065,0.33537545973943184,0.998129258712544,0.7563038383016125,0.5813578571433399,0.4213120639649032,0.4296106630428135,1.4907623573527113,0.2606445508510897
2014-01-16 21:00:00,DEHM_BD,1.7477409634874201,1.8224082078301904,1.2001141125047208,0.37868298085995006,1.0126072417711418,0.8205678059648436,0.6067418648681202,0.39250931542038914,0.4141516817633807,1.5332878190114256,0.27507628962390107
2014-01-16 22:00:00,DEHM_BD,1.844961226820536,1.8402345929914712,1.2607419334530832,0.38479955480731665,1.0068555731972773,0.7937422091094201,0.5592536452458385,0.34553708799540994,0.40028882228851315,1.5292475445276967,0.2863707390263489
2014-01-16 23:00:00,DEHM_BD,1.9554137074713036,1.7711025794130562,1.1761702054309844,0.3760422941861986,0.9586363826544535,0.7847539173414823,0.5394546876881114,0.31755576368361693,0.37085120378002523,1.576281855704952,0.29242146562390026
2014-01-17 00:00:00,DEHM_BD,2.0041715998034926,1.7148798185652492,0.8951478197979926,0.37546049729651765,0.869090550127225,0.7770146170209987,0.5656424099141719,0.3032263699650764,0.35164121635302886,1.6276225680557082,0.2972067958095295
2014-01-17 01:00:00,DEHM_BD,1.9873137326934187,1.5857222333782914,0.6657316857531665,0.3537531285368079,0.8245992335093858,0.6816361508237598,0.5472961621461762,0.28410641815602766,0.34413759351745243,1.6163804316692054,0.3049390311614422
2014-01-17 02:00:00,DEHM_BD,1.8727733966101705,1.3854669224953653,0.4919973874711989,0.3185529425527654,0.7630666123793413,0.5526887246220205,0.48203144376760515,0.26598556588813654,0.334429229728505,1.475672919439785,0.3134876743765174
2014-01-17 03:00:00,DEHM_BD,1.569554280704856,1.119584527298212,0.36672818985186506,0.2853071540493342,0.6581477701787602,0.48088302326345744,0.43058172917467885,0.24768116724014277,0.3573360382271556,1.2321206015753745,0.3123314764456449
2014-01-17 04:00:00,DEHM_BD,1.253977928674221,0.8757752583646774,0.2826690660358964,0.2697447116752363,0.5571691893359971,0.442575610560562,0.3997066143323387,0.2296352503927051,0.39094636737998567,1.0461345708230139,0.30286336099639527
2014-01-17 05:00:00,DEHM_BD,0.9953832533133029,0.6615545071846245,0.2976304530037565,0.2566486352686676,0.4908049328767088,0.39314011658291903,0.36425494801558594,0.2067140298767387,0.36923148115105914,0.9408840248098969,0.2990291408307103
2014-01-17 06:00:00,DEHM_BD,0.8271272779619694,0.4673507324498891,0.5043745608003994,0.25087378442762054,0.43436134610421007,0.34704253051039236,0.32806795562920377,0.18692326145946958,0.36346459780957535,0.8703640457046032,0.29849927136585097
2014-01-17 07:00:00,DEHM_BD,0.700235592842102,0.33788082392424323,0.7894708714642189,0.24367730525386905,0.39659823622731016,0.32880395178865124,0.31132837693486937,0.1818988038504123,0.3477771862766146,0.7862564096045495,0.2913578610657155
2014-01-17 08:00:00,DEHM_BD,0.6111052444374561,0.2872600132128596,1.073886572898142,0.250291747131397,0.3934928320955461,0.3290085320238732,0.31942567526324467,0.17363498824864612,0.3304400254216789,0.6924135977518558,0.29894597265444683
2014-01-17 09:00:00,DEHM_BD,0.5414909259116649,0.27994089998871075,1.2035440676866471,0.2619863280741345,0.3829033584583061,0.3165273072134912,0.3051415211002886,0.15602793373212215,0.31888602370083313,0.5691835834926366,0.31271067477017617
2014-01-17 10:00:00,DEHM_BD,0.501363053548336,0.28659211391419154,1.372337317895964,0.2418761043796758,0.35498708524431555,0.2959755403995109,0.2844150411454774,0.1467205033837257,0.3015708393220603,0.4696460110723971,0.3114584011423587
2014-01-17 11:00:00,DEHM_BD,0.4730357966360449,0.3158241554398833,1.4773674200804157,0.21032618240488743,0.31856267161546503,0.27178911134168726,0.2539379696009597,0.14217166029620898,0.27092023862868536,0.41374832754135127,0.3127311500635742
2014-01-17 12:00:00,DEHM_BD,0.43773062689483155,0.3510254641006885,1.4783946129480379,0.18817640457667342,0.2891963249069102,0.2616064466567319,0.22785852614936172,0.14369324047844836,0.25699494143888335,0.38562265329480155,0.3335427868290244
2014-01-17 13:00:00,DEHM_BD,0.40437148488789787,0.3706682693611083,1.3712315504271537,0.20499085932228583,0.28823663130976945,0.2658713249235483,0.21914867903814267,0.1459205353496968,0.2501127513798326,0.38027565458357315,0.3604010762040316
2014-01-17 14:00:00,DEHM_BD,0.389566389658749,0.39341253920137875,1.3015376051466911,0.21753440637565624,0.30223506699169045,0.28294309610747065,0.24170218422876782,0.1469113460754229,0.27486861413341,0.38795831914633505,0.376156782439649
2014-01-17 15:00:00,DEHM_BD,0.41266719095796334,0.3848538566194474,1.36788029163111,0.24311934473651564,0.34116152694048574,0.31119137886863857,0.2600596958016263,0.1484561089822276,0.31359081441421055,0.3890187385238706,0.3794738970601557
2014-01-17 16:00:00,DEHM_BD,0.40965065753281105,0.39938568024963134,1.4944576405128838,0.28725570413432144,0.4293329616981837,0.3728198752691061,0.3056981343205225,0.15407692083388566,0.3365818631258233,0.3856817865297943,0.37636894794680176
2014-01-17 17:00:00,DEHM_BD,0.4037823893997072,0.42341038276925674,1.5487410811048652,0.34074988473149237,0.5316622226549264,0.4807077924146994,0.39614656242830126,0.16227187257595346,0.35999984948605285,0.38478025337442756,0.3746561089061199
2014-01-17 18:00:00,DEHM_BD,0.4077091874733566,0.45289802744776,1.5266786732406217,0.43986885130823283,0.6048842580387974,0.5441321188630834,0.48297139098881736,0.17328670666716978,0.3986566790014877,0.3751808512629567,0.3785188057024776
2014-01-17 19:00:00,DEHM_BD,0.40870807161301376,0.46923861503452047,1.5232023386982176,0.5693747652604697,0.6853274583030771,0.5820347431764232,0.5465856228087516,0.1865147409152984,0.4172450069280713,0.37225819588713327,0.38366826273534443
2014-01-17 20:00:00,DEHM_BD,0.41039016844108694,0.46770764831766465,1.5856129780091532,0.6131484244705794,0.7216306418790388,0.6401142540716473,0.6409020755710526,0.19515561960518352,0.42547333375185725,0.36975940647929895,0.3874733490196242
2014-01-17 21:00:00,DEHM_BD,0.41597068668052545,0.49470663132503623,1.6548449871085489,0.6358514611217727,0.7358745957639532,0.6710949213794467,0.6975408969950373,0.19977347429573517,0.4277825383575259,0.3834733484029768,0.3948897273436188
2014-01-17 22:00:00,DEHM_BD,0.4304389116369187,0.5182335492617637,1.7064576613204925,0.6968545717635691,0.7522658902101823,0.7303217017507824,0.7129121152674854,0.19920414272367945,0.4316038614964484,0.3923310662602632,0.4042672863451391
2014-01-17 23:00:00,DEHM_BD,0.44208082809939975,0.5214540938664972,1.7635182556459026,0.7895049477572157,0.8721049850446823,0.8405292025059781,0.7568855844821903,0.19863686354130486,0.4427576881004869,0.39850784402087325,0.41502785442978135
2014-01-18 00:00:00,DEHM_BD,0.46599899966463443,0.5231036683818697,1.759861881245803,0.8977796532456983,1.1084118982488709,1.0124892128317957,0.8635717416690563,0.1934506813810765,0.46259969998240463,0.41141463012814505,0.42184500372961153
2014-01-18 01:00:00,DEHM_BD,0.4743384057283401,0.5532975394660234,1.6802891259356216,0.9683160363359697,1.3743608870636577,1.1492234641244883,0.9976931017502595,0.19046728996217238,0.48076329674497237,0.41892373852193343,0.4247271144676207
2014-01-18 02:00:00,DEHM_BD,0.4867767443847655,0.5715042452488839,1.6031821805446964,1.0557130588468282,1.5874005512562905,1.1940804915629664,1.0942894183033818,0.1924777702438829,0.49142457357488556,0.4169957868397234,0.4279825121397524
2014-01-18 03:00:00,DEHM_BD,0.5040559246788918,0.5733117626383155,1.4895129752138816,1.2279850558666623,1.6863551686499598,1.2053904890055829,1.1960482338331886,0.19974701857298596,0.4920421059273183,0.42797677527979006,0.43082501827418784
2014-01-18 04:00:00,DEHM_BD,0.5222641283306478,0.5751969770058989,1.2711003994059562,1.376200635486177,1.7081879323489497,1.2672893753152423,1.3610919260557985,0.2089989250423013,0.4873522728922962,0.4472439070679246,0.430514903077036
2014-01-18 05:00:00,DEHM_BD,0.5239715950369834,0.61094374412477,0.9478835319153964,1.440490574154058,1.7466388561181445,1.3173329261734414,1.5970917541733896,0.21561925039261567,0.4882686427925526,0.453595738314092,0.4291954252856969
2014-01-18 06:00:00,DEHM_BD,0.5260520189474522,0.6326683728531002,0.7698744218493997,1.5266108101176539,1.5996628213475876,1.5267291950670945,1.7369538174681558,0.21682586111158117,0.5045145233103632,0.4695374857210366,0.42625007819026695
2014-01-18 07:00:00,DEHM_BD,0.5526441725885868,0.6217165232652425,0.7910087433180213,1.6685989581217382,1.4297938405457138,1.8902852258406555,1.8171282354467981,0.2161414631626009,0.533916160102822,0.48338788062907745,0.4228720237237214
2014-01-18 08:00:00,DEHM_BD,0.5705556148315966,0.5669367779400944,0.8244272604724019,1.736512483279891,1.5576937246429128,2.109941497992533,1.8782410963806508,0.2170512296260892,0.5516586287057026,0.47641275559265145,0.4207722744324802
2014-01-18 09:00:00,DEHM_BD,0.5937645416086166,0.5131943951949476,0.8393418023085593,1.7787486750490638,1.8546262771994015,2.0656379588322746,1.9540379450607765,0.22126648786604394,0.5352028234086557,0.46076609360508614,0.41115384518846854
2014-01-18 10:00:00,DEHM_BD,0.6005259756534173,0.48992756020992967,0.8625384274506567,1.6085649800726654,1.941325230751878,2.035910120070053,1.9855079403110036,0.22592998779147855,0.4928990471059082,0.45000179686523967,0.39182967176914196
2014-01-18 11:00:00,DEHM_BD,0.6135753199968113,0.49996077542021866,0.929152980177328,1.311877495744918,1.9105340319415158,1.9676382159233912,1.7271113629010957,0.23495867976129037,0.4755920493649318,0.4623976649735122,0.37295023617088785
2014-01-18 12:00:00,DEHM_BD,0.6372653427112474,0.5511235628177225,1.0055695571315288,1.0497768860789352,1.8398541808932924,1.6981387798267298,1.3867832038462353,0.2413603659608959,0.45885439534686495,0.46195024733684953,0.36892673718363034
2014-01-18 13:00:00,DEHM_BD,0.6532696628732978,0.6110635797118396,1.1026289689799398,0.825136086962294,1.6089858888611126,1.3537312707181162,1.1201825618796328,0.25453774495616543,0.4441211149779706,0.47506089273802926,0.37103297834470866
2014-01-18 14:00:00,DEHM_BD,0.6690821564006432,0.660266316185072,1.2231913364527747,0.7663408602479916,1.3199342746519527,1.111588159053722,0.9715518058052677,0.26765324738502494,0.4451185217532979,0.48465472727302444,0.3716297763696311
2014-01-18 15:00:00,DEHM_BD,0.6876315308989585,0.741616699303016,1.3300158030034974,0.7513394043432844,1.1414657102426828,1.0505830258697209,0.9878820527262824,0.27590795536950224,0.4538510945836454,0.4797807927848024,0.3735997258213162
2014-01-18 16:00:00,DEHM_BD,0.6868363699084147,0.864268124972619,1.4335013858505339,0.8289275214990373,1.1600361149694154,1.0085891615900688,1.1064137300097034,0.2759970316223053,0.4833770747573627,0.4701517152504622,0.37376688511803724
2014-01-18 17:00:00,DEHM_BD,0.7027461116901039,0.9857132232590764,1.4900806295538693,1.2210313731952507,1.228492044889651,1.118284432636563,1.2406204418761488,0.2784325095583498,0.5088569870444946,0.4698967472559213,0.37083993331074705
2014-01-18 18:00:00,DEHM_BD,0.7121234903619065,1.0953055050597154,1.5466861550018192,1.6552628889899987,1.2988470109031978,1.3746891472439484,1.6488509685438626,0.27391011970818036,0.5079441413751337,0.4879934999620914,0.3704334739932417
2014-01-18 19:00:00,DEHM_BD,0.7186467400552332,1.1854272084931097,1.5767252617648244,1.5963392133858514,1.464963537275833,1.862552186102863,1.991327980706181,0.26261412369534365,0.4939091891497559,0.5310226444076745,0.3714447177605329
2014-01-18 20:00:00,DEHM_BD,0.777723567470312,1.2403643834568188,1.6715576595924049,1.5415366213918202,1.7922652636326148,2.196902180963309,1.96723142913908,0.2570898688801377,0.4955753464048729,0.5448446262008696,0.3736900243395565
2014-01-18 21:00:00,DEHM_BD,0.8783933625297993,1.2352369943076744,1.8111077789649368,1.5985522061087887,2.1421125407439217,2.2211458986283534,1.9465962733666127,0.24653562671273943,0.5006643565297497,0.5952431773594021,0.3770457135026155
2014-01-18 22:00:00,DEHM_BD,0.9509491216515003,1.2994786114762724,1.9213992624588312,1.743179318185184,2.2513391323795098,2.255662257101993,2.0563260446785643,0.23027236053228373,0.49508305097021155,0.7131000045034288,0.37875051475346067
2014-01-18 23:00:00,DEHM_BD,1.065390613576211,1.4817735983356832,2.135453844084442,1.9397211735282045,2.342187118738987,2.354030839943913,2.232882534655833,0.21634126517593846,0.49008579801835117,0.8334629585140945,0.3832637837308645
2014-01-19 00:00:00,DEHM_BD,1.193488834852986,1.7095914167945088,2.487374343395233,1.9448844840004844,2.5588398629591262,2.4534808807152944,2.3713326435767312,0.20639389795750362,0.48374251186016937,0.9368738608324527,0.3891684635545313
2014-01-19 01:00:00,DEHM_BD,1.3169299677128343,1.8113552487780153,2.858055319235623,1.9754055043118415,2.7764018728515247,2.5429282206087054,2.4553072827689366,0.200733018389046,0.507452892777957,1.0843934800335018,0.3937312317967414
2014-01-19 02:00:00,DEHM_BD,1.3694155072806402,1.759804440431446,2.9015144829520585,2.1476239909744304,2.86535350827517,2.6355314711444957,2.4196017515899126,0.19287372570052724,0.53815893201828,1.1211736060260236,0.3925932236941158
2014-01-19 03:00:00,DEHM_BD,1.231745564642139,1.7607033536970245,2.6996876270234584,2.1717723223201024,2.8472978352931375,2.727294155035092,2.4031920032457963,0.182532895055115,0.5619987532208114,1.0826677688200772,0.39369263902790835
2014-01-19 04:00:00,DEHM_BD,1.166825065459907,1.7161117698899653,2.447084427244663,2.133668632722092,2.6793588440649776,2.8043956702801864,2.3740756787502275,0.17304282853603353,0.5743994203640519,1.0857693770009278,0.3982927407686412
2014-01-19 05:00:00,DEHM_BD,1.2000363879109919,1.4610410208247975,2.1032555924472214,2.178715644488938,2.7517156450708535,2.8315291713045356,2.3983088096472716,0.17083969867542376,0.5811770807695761,1.0745505035622416,0.4010036951313167
2014-01-19 06:00:00,DEHM_BD,1.1914495874247328,1.2510986953412555,1.7780772159299254,2.236453843253722,2.8185891380511783,2.769407703880206,2.486086530729085,0.18044156961947666,0.5782069960545189,1.0327752902314067,0.40714412637412534
2014-01-19 07:00:00,DEHM_BD,1.1634827505207808,1.1699509836331754,1.5105473306411503,2.1735611461073603,2.7695396746579375,2.7807720829655453,2.412613792645577,0.20003147006213648,0.572388697065264,1.0157217098703235,0.42216023222699756
2014-01-19 08:00:00,DEHM_BD,1.1471751304098219,1.155082643485777,1.386078183350265,2.021432841225928,2.7217197795894954,2.728320906150569,2.2209306754036993,0.23032120696485028,0.5679659420076012,0.9960475885456055,0.43526003575265393
2014-01-19 09:00:00,DEHM_BD,1.0776007357236743,1.1182171627156063,1.3476203964198008,1.8458404683887468,2.318665399693523,1.952098233647563,2.0221011875690076,0.25519201872915004,0.5678202412568962,0.9080517569442651,0.4304627262058852
2014-01-19 10:00:00,DEHM_BD,0.9641140015604718,1.0767614044462144,1.217019908105582,1.6565746296237338,1.503816307646411,1.3675844150125052,1.87358159867723,0.2920122563472388,0.5289811929802224,0.8490781114044785,0.40471359991103395
2014-01-19 11:00:00,DEHM_BD,0.893565441851858,0.9370367637402937,1.0755755805243552,1.4531246921598076,1.026892601865353,0.9053081825442657,1.6640770327224246,0.33229457103408866,0.4967437033362126,0.8150926312660798,0.3883873170550725
2014-01-19 12:00:00,DEHM_BD,0.8557847653957642,0.8698429596501588,1.0004115936724842,1.2224050780424907,0.7446111015357356,0.6723857509071446,1.4895233052670478,0.34478796355247493,0.4596928717151004,0.7715566261020673,0.38494250911122174
2014-01-19 13:00:00,DEHM_BD,0.809953528141491,0.8066275773648173,0.9049710549978911,0.9995284951962885,0.5606191761498175,0.5237201293103244,1.1653842805887151,0.3496087960477171,0.4540097528392262,0.7505948491057566,0.3937494337758421
2014-01-19 14:00:00,DEHM_BD,0.8098327237999812,0.7583475107334181,0.8175248121783882,0.9934231790204283,0.48399751349393505,0.4089581297758712,0.984250066863342,0.34341028317108746,0.447680350826606,0.7542434281117468,0.40165954934377207
2014-01-19 15:00:00,DEHM_BD,0.8371062391264457,0.7111308549369312,0.7989641458087228,1.2107482409301515,0.4451138812490016,0.4030121559775749,1.163881414919898,0.3352411439849807,0.43697447732526795,0.8039200042533875,0.39824168288066963
2014-01-19 16:00:00,DEHM_BD,0.8801966576355881,0.7158150682020372,0.792120132075604,1.406994068806636,0.46343996379474983,0.5224420860428782,1.4497855585815351,0.3296571760076656,0.4499588071442394,0.7877182969221286,0.3852795164953171
2014-01-19 17:00:00,DEHM_BD,0.8670487310674042,0.7772913411625474,0.8287447138830832,1.4485653197080124,0.5784794977743468,0.7757396825361393,1.7115315379570817,0.3285544929226487,0.4579468259441619,0.7489849489232897,0.3672578052534162
2014-01-19 18:00:00,DEHM_BD,0.8379428209970611,0.834044551678486,0.8847960129272752,1.4791080792173172,0.8284446290000562,1.1230710946653764,1.809633020920117,0.3281197994392363,0.46242294375488985,0.7454106305511294,0.348615703446865
2014-01-19 19:00:00,DEHM_BD,0.8464964446124061,0.8137463651223666,0.9167724370573462,1.4579022093614995,1.0524975167693453,1.4970088516007225,1.9096132925471745,0.3430799218898265,0.47833307363899413,0.7508638394618219,0.3319695240944622
2014-01-19 20:00:00,DEHM_BD,0.8276094020273164,0.8213594788879528,0.9179707012443243,1.547068146799457,1.234621971589839,1.848231447915199,2.067823334247941,0.34962892283253355,0.49054913957338997,0.732219528823346,0.3157101992091535
2014-01-19 21:00:00,DEHM_BD,0.777817750395611,0.8011303568186983,0.9182724225487746,1.6577222544842745,1.471514375733143,2.1531991975528872,2.2844384534461506,0.35599538425907484,0.4994353740694163,0.7184801628948747,0.2997833968001602
2014-01-19 22:00:00,DEHM_BD,0.7540570044646784,0.7456752838808298,0.9064251446430758,1.7707838952943815,1.6670649996972398,2.386905469715213,2.445365468510138,0.3525027350896597,0.5101253273459616,0.7092786774983257,0.2852672720731794
2014-01-19 23:00:00,DEHM_BD,0.7346746997034922,0.7267109581370093,0.8480691706382297,1.8049167823558148,1.9932048235388924,2.495486224589653,2.703898259982203,0.35447483413785685,0.517252669390936,0.7027045949839799,0.27480495387688264
2014-01-20 00:00:00,DEHM_BD,0.7217011429972573,0.7035080655016377,0.8128747359087689,1.9008601499026443,2.39521416450115,2.586156781312535,2.8538895509488476,0.37163641294509164,0.5233560935340821,0.7134351968537271,0.26804288550227867
2014-01-20 01:00:00,DEHM_BD,0.7086200109155104,0.6789209953680819,0.7937459537428244,2.134954416396288,2.769374177232119,2.835717668238122,2.9600570833023077,0.3917213993764668,0.524258080275301,0.7297028080690651,0.2611941572378574
2014-01-20 02:00:00,DEHM_BD,0.7144636153006552,0.6529886536658183,0.7627498560846782,2.514411489343612,3.106141237545458,3.1306793988783927,3.070736936797531,0.4069616962156444,0.5222279675621213,0.7231604431495069,0.25467710309922675
2014-01-20 03:00:00,DEHM_BD,0.7079735029189288,0.6408146637392789,0.7263261639300362,2.8035853872607404,3.3658224656120597,3.2439659076771474,3.086840742006622,0.4184176107209175,0.5144233027480286,0.7130630007348954,0.250491805551052
2014-01-20 04:00:00,DEHM_BD,0.6998464341312647,0.6431003592042625,0.6918430941747129,2.7942803673983896,3.509115252470607,3.2982948140847457,2.987233006750352,0.42926389617573446,0.5055882555362116,0.703698569626361,0.24875430414319025
2014-01-20 05:00:00,DEHM_BD,0.6921161260704696,0.6344671548832207,0.666719501569569,2.653290496388243,3.4348815824382126,3.1965824612734663,2.9293082644092268,0.4366454814962111,0.4976688258037366,0.697337062986642,0.24811876367300742
2014-01-20 06:00:00,DEHM_BD,0.6848942892685531,0.619732462806031,0.651013528778851,2.679836745350464,3.3378479109482884,3.0813299665055647,2.8537531262661364,0.43808089058434585,0.49597120695023084,0.6839074742406606,0.24692851242184624
2014-01-20 07:00:00,DEHM_BD,0.6825179710784552,0.6101869756901264,0.6509247099032252,2.698866578461828,3.257878458202688,3.0853157815181076,2.729213339317449,0.43494531110147006,0.5036529696227678,0.6695505477918684,0.24822638930886964
2014-01-20 08:00:00,DEHM_BD,0.6804425654706358,0.5985423147916047,0.6414187141670287,2.6361312869975135,3.25923958793018,3.050342118200621,2.6187068709364323,0.43031451699424517,0.512587942954169,0.6552773097968101,0.25231875988818697
2014-01-20 09:00:00,DEHM_BD,0.6697085442401468,0.5924642185337841,0.6296900544156878,2.553529736614828,3.204922989280396,2.92379141739272,2.622196682120961,0.4192456817468627,0.5184190244000614,0.6389701249073445,0.2561060302591322
2014-01-20 10:00:00,DEHM_BD,0.6591452463727444,0.5891086265775561,0.6155097577495872,2.3740897193380333,3.065676432213384,2.801475548512733,2.487734543084126,0.41331644974216813,0.48242158176563676,0.6479423916256427,0.2545438999159632
2014-01-20 11:00:00,DEHM_BD,0.6704897977499663,0.5855113497193156,0.6114167857030033,2.1986037105384972,2.952872316442751,2.711010547257308,2.316594139899009,0.4103232325628957,0.44653815268152386,0.6744017264923452,0.2509038088337145
2014-01-20 12:00:00,DEHM_BD,0.6928739262230693,0.5819012702795862,0.6139156397312879,2.0363288975249456,2.833580406911495,2.5988958241442464,2.168612945849998,0.4167783106500002,0.4264615770919108,0.6888224427147209,0.25543717994903203
2014-01-20 13:00:00,DEHM_BD,0.7124660071916877,0.5892263131204247,0.6236745936003326,1.890709825422919,2.7146792906657082,2.3650239187705258,2.0965129415125046,0.4221390712388231,0.4277098438548459,0.6947918065043538,0.26404860041256056
2014-01-20 14:00:00,DEHM_BD,0.7343504643856733,0.5985535261635482,0.634356049132347,1.899673838568548,2.630912915551183,2.203307137835349,1.9329732082523927,0.42008256338456634,0.4323685890165343,0.7182832823334261,0.2699981636263801
2014-01-20 15:00:00,DEHM_BD,0.7704337739804014,0.5968096566036343,0.6540169569557903,1.8473691754631736,2.4684874952410647,2.140836810672628,1.843771172016989,0.4103723322303033,0.4376810995829547,0.7758216165442205,0.27382857919402415
2014-01-20 16:00:00,DEHM_BD,0.8137250128963216,0.5868312251749634,0.6875464832065254,1.8187128099100363,2.278775448418921,2.1637826369271207,1.8812944450985634,0.3994143742839339,0.448624068579456,0.7812364246143401,0.278992610899955
2014-01-20 17:00:00,DEHM_BD,0.822245740905404,0.6032944082495569,0.7314499511794745,1.903062499046082,2.254223902532102,2.1802290538675706,1.9121926999433083,0.3940486192799359,0.47142105816997115,0.7768117407467029,0.2867897580463439
2014-01-20 18:00:00,DEHM_BD,0.8162790265542269,0.6747719994623957,0.7872569095316155,1.8668436226605651,2.3596444361775557,2.2199495404550147,1.939945728017487,0.392885188622335,0.4923095552608341,0.7536915414377487,0.2945512291811405
2014-01-20 19:00:00,DEHM_BD,0.8013878314791618,0.728725480372645,0.8314899520180374,1.953427866153111,2.598385070501079,2.3044204587750294,1.9962055224532569,0.3933619812934286,0.5034035997069701,0.7552614896126836,0.30101352825835337
2014-01-20 20:00:00,DEHM_BD,0.8008145852609909,0.7375215771076082,0.8552617352047004,2.071064400795362,2.816597451360526,2.4326731670478354,2.0761762879716508,0.3981341038806131,0.5209639663107233,0.7505040332096815,0.3064557962916791
2014-01-20 21:00:00,DEHM_BD,0.7944991057795843,0.7277014530786126,0.8850717985102907,2.039682917241156,2.9828425955224644,2.5971003063238682,2.1869643406184007,0.40686929925874793,0.5428037511536583,0.7424683733626083,0.310839816636443
2014-01-20 22:00:00,DEHM_BD,0.7826427600230276,0.7211589981322735,0.894205931171514,2.126263724180106,3.086500290709811,2.734434240983848,2.2928853439200894,0.4171281234461812,0.5692441153444151,0.7250341782740503,0.31157807158827777
2014-01-20 23:00:00,DEHM_BD,0.7653496482226252,0.7161709976414032,0.8770041966918669,2.243767823454074,3.2566996906648393,2.843631633758363,2.4268072855203155,0.43072274398483323,0.606553462879951,0.7195348393370211,0.31372382511690244
2014-01-21 00:00:00,DEHM_BD,0.7563534951348603,0.7024130965518951,0.8599518704922124,2.368965750103021,3.4197310395380978,2.9862011899887717,2.5543722898415675,0.43907419354685573,0.6501377570129594,0.7329991590895503,0.31792279237568366
2014-01-21 01:00:00,DEHM_BD,0.7633281349655985,0.6903585161040723,0.8440920776950008,2.500311598682277,3.5861591202936793,3.1693081259035223,2.6707182170473875,0.4449729037802851,0.6917794088311597,0.7790708431014417,0.32020293655738225
2014-01-21 02:00:00,DEHM_BD,0.7982233161185681,0.6771138506508617,0.8264976317605376,2.625903249613755,3.746852731163325,3.3689352557844687,2.7789796098477493,0.4561913925339839,0.7276038101070601,0.833903563940227,0.32372270974650963
2014-01-21 03:00:00,DEHM_BD,0.8325116891522706,0.6803500383753328,0.8088621458338481,2.734421234418713,3.8302692855853406,3.646833255740432,2.8841191125481647,0.4734668070989938,0.7489785613583498,0.8807867189785838,0.3288720024666934
2014-01-21 04:00:00,DEHM_BD,0.8702225302326679,0.6923698502594232,0.7993205025991423,2.8329241273150565,3.8805328768129392,3.872076537296094,3.0019887715596765,0.4910938396904524,0.7484926894277131,0.8897194435045122,0.33899193114101883
2014-01-21 05:00:00,DEHM_BD,0.8848750063186883,0.7235748841972276,0.8021814348130859,2.931829928893312,3.9298534016787405,4.1267446263473735,3.1233465721119993,0.5151992315431125,0.7388740546936041,0.8793763141384721,0.3511930133293568
2014-01-21 06:00:00,DEHM_BD,0.8857581226457655,0.7423015518043934,0.8198586556779965,3.0273988210987888,3.865961612840085,4.412469219674094,3.2403312569261304,0.5418202336586638,0.7476565028870269,0.897657549945116,0.3577079808349907
2014-01-21 07:00:00,DEHM_BD,0.9082214061994851,0.7499565033071859,0.844171294358354,3.1283318940024727,3.6942335147274417,4.625541909283461,3.345642041193215,0.5738372115396893,0.7795439931398536,0.9140366110014169,0.36091056813463557
2014-01-21 08:00:00,DEHM_BD,0.9215809640514849,0.7415819826565683,0.8620835973788983,3.2007966256954754,3.34375234829856,4.6394797708445115,3.4113827074165766,0.6110964501188881,0.8366224797356685,0.9265226997520029,0.3672253171840308
2014-01-21 09:00:00,DEHM_BD,0.9217163306390493,0.7319993404387681,0.8713739225008339,3.2037492636996636,2.951666550984818,4.3236991545310595,3.40108855663119,0.64189307652927,0.8867219089059344,0.8898828299611061,0.3695442513097822
2014-01-21 10:00:00,DEHM_BD,0.896974827709347,0.7345543037963658,0.8434449124476873,3.142552979747933,2.7604837541261946,3.88195302112445,3.40747715627164,0.6522653909345715,0.8695676523689366,0.8096796061956882,0.36553631756633514
2014-01-21 11:00:00,DEHM_BD,0.8415512136083096,0.7298936035381256,0.8227641214617714,3.2352626563954674,2.525575458510466,3.3135999383312362,3.5186651718283657,0.6382031199306248,0.857623193314746,0.761580327424407,0.3623038203875718
2014-01-21 12:00:00,DEHM_BD,0.8006310856892913,0.7188772939466311,0.8213103516049682,3.3944111619726183,2.387670964358272,2.7757404041894667,3.7216678547752338,0.632827536197584,0.8210664171725743,0.7383944215446709,0.36772647362887856
2014-01-21 13:00:00,DEHM_BD,0.7691232936201988,0.7224018137011303,0.8292617565337848,3.624562628483964,2.282200876225488,2.4642251115540414,3.922292005227663,0.6475225094117503,0.8094811200300743,0.7358640603522955,0.38026622579712416
2014-01-21 14:00:00,DEHM_BD,0.754510308361575,0.7039841895305736,0.8237736034070304,3.716101091748974,2.2405041163066075,2.250294357530538,3.9006911716660815,0.6306752594554422,0.8081446680395572,0.7531396108549832,0.395533119750805
2014-01-21 15:00:00,DEHM_BD,0.7497640064424276,0.6749690203109755,0.8161403056406042,3.6893149653641673,2.2166571948544482,2.1909735512640567,3.9382680832951156,0.6066247025767758,0.8095772087861668,0.7640814649847523,0.40753479068621984
2014-01-21 16:00:00,DEHM_BD,0.7464843214226513,0.6390386555851063,0.7947318300309567,3.6642306438624344,2.248721665840801,2.305830261121999,4.124047040010229,0.5943557168776891,0.8224844127235911,0.8100263973644748,0.41934293082967394
2014-01-21 17:00:00,DEHM_BD,0.761125585584417,0.6026156031453049,0.7768987375810787,3.3315401448254685,2.1877577956998255,2.1946147376814897,4.084129143516032,0.5883745417245535,0.881823173974805,0.873231662683189,0.42773347666153666
2014-01-21 18:00:00,DEHM_BD,0.7908780995464325,0.599992483024858,0.7661860224586212,2.589477907721264,1.927652152926461,2.0025977734177443,3.7126616171313884,0.5933313270946893,0.978725005690548,0.934381284100972,0.42650279579143957
2014-01-21 19:00:00,DEHM_BD,0.8048942089042068,0.6208848800263366,0.7565227158653642,2.108551876760792,1.7015364001194246,1.8698235700394628,2.9785174786187305,0.6045118713207054,1.02382605696685,0.9803691761007159,0.4183402164094894
2014-01-21 20:00:00,DEHM_BD,0.8370923787993192,0.6481629229266475,0.7474101474487781,2.0536553545973453,1.6872160537126568,1.872268064832476,2.3096451854383186,0.6169719147677951,1.0033662875274696,1.0448047429895773,0.4101850611992551
2014-01-21 21:00:00,DEHM_BD,0.8975420638114213,0.6668283244787714,0.7494728221375309,2.073052296438484,1.8252459887322878,1.9645085156458326,2.1372208964422743,0.6236673673632647,0.9533149377326003,1.05423564534422,0.41186192459933446
2014-01-21 22:00:00,DEHM_BD,0.919386871112287,0.7216005863967911,0.7588645760979316,2.294090380652568,2.040926436658795,2.2655100724393757,2.1985402459750096,0.6292016848114504,0.8746551647543663,1.0472902070530505,0.4270623423361032
2014-01-21 23:00:00,DEHM_BD,0.9472305814808606,0.7644977675294783,0.7754008105202392,2.7582522660021787,2.416415785225807,2.6014286085517226,2.291228956039942,0.6315055528449453,0.8001869534864521,1.0681979369132593,0.44710665129873894
2014-01-22 00:00:00,DEHM_BD,0.9710167329141497,0.7976524502250552,0.8022824434805474,3.0378843106163598,2.7962669765854997,2.66390454773366,2.5003085431060614,0.6142926304665952,0.7755071059396479,1.1010989660467208,0.4611304673355817
2014-01-22 01:00:00,DEHM_BD,0.9899857192008197,0.8198067811974137,0.8179855783564969,2.8369959279706998,2.8723617419029956,2.664779100401276,2.9562534473708713,0.5898396722068636,0.7809362113275099,1.1293621092547101,0.467314058135189
2014-01-22 02:00:00,DEHM_BD,1.0059601739448307,0.8041064916924386,0.8213859989549964,2.6316741617610204,2.733172528849114,2.7400442891864976,3.3305117223570218,0.5753674904906003,0.7847880702957523,1.165395718819387,0.4725989458237587
2014-01-22 03:00:00,DEHM_BD,1.0084898270738125,0.8083414638643338,0.8287562065196781,2.6127533373750156,2.556942797970772,2.6851019086174888,3.338602084174566,0.5500398325793444,0.7726784520461527,1.1962014580249787,0.47530543474763615
2014-01-22 04:00:00,DEHM_BD,1.0516569350758194,0.8287301524654962,0.8237212950339541,2.5956050966045203,2.4014659426737484,2.5424509094939887,3.066669322258294,0.5123889023885875,0.7424583714493782,1.2342827845772915,0.48391945231810196
2014-01-22 05:00:00,DEHM_BD,1.0917353810794652,0.8545495889858901,0.8196639758018776,2.506078736313603,2.3998839457535373,2.4767639111574784,2.7394204560381312,0.47502808819413167,0.7029757500388264,1.275692884701518,0.5003474117242545
2014-01-22 06:00:00,DEHM_BD,1.1708668103350326,0.8597313664615899,0.832305746539235,2.3130407589852657,2.5329079687845475,2.6334566623848055,2.6080599788286416,0.45721247089862815,0.6635206797919235,1.2885595530042377,0.5294249822062252
2014-01-22 07:00:00,DEHM_BD,1.2005401334542594,0.8721590588988549,0.8460948605488612,2.241680544971751,2.245790435655727,2.6819347183409126,2.471907038116398,0.4509910746502875,0.6235322406169864,1.2946967754550789,0.5643259775427727
2014-01-22 08:00:00,DEHM_BD,1.2159388217825442,0.8922805389009789,0.8429293808523193,2.2879213130143436,1.8298878721333458,2.471214818741312,2.4019216378217947,0.45231713378593325,0.5920030691895447,1.2803332467086612,0.5896315202095916
2014-01-22 09:00:00,DEHM_BD,1.2049001155438832,0.9354745745759456,0.8011061073043942,2.4243206913643265,1.5154863675748882,2.126507509296909,2.5251605157319394,0.45195116221815346,0.5666541269865631,1.2008462570959142,0.5929665335901639
2014-01-22 10:00:00,DEHM_BD,1.1261678487419151,0.9631045549458916,0.7342700969812274,2.440419249144542,1.341622314078411,1.720846633605409,2.6495849523001453,0.44465559403494,0.5376790511662513,1.1171461315003037,0.5472353986601157
2014-01-22 11:00:00,DEHM_BD,1.0620277879957483,0.9783263397175586,0.6831752151829003,2.603348328321692,1.1733836240588793,1.3952965085185411,2.612026523468268,0.4263820088477432,0.5128846633020042,1.0445244067737087,0.517069498841576
2014-01-22 12:00:00,DEHM_BD,0.9997193482049926,0.991361819108217,0.6581537527137993,2.5763609830513556,1.0515024462373113,1.2041316501249262,2.5044138167066627,0.4031446661943196,0.4875682996094225,0.9591661426580698,0.5121077180983498
2014-01-22 13:00:00,DEHM_BD,0.9595536418108084,0.9629921873357472,0.6456319410051403,2.4549170871816397,0.9876825281459348,1.1478325940732061,2.448974899955748,0.38766651804752633,0.4692205086053162,0.915021907862965,0.5161758008467496
2014-01-22 14:00:00,DEHM_BD,0.9249404550510272,0.9187320128642451,0.6433316716955602,2.378848239786476,0.9869196285526687,1.1467699050436735,2.3840999273078034,0.3783501468799262,0.460373902703896,0.9267552487135002,0.49695752225699824
2014-01-22 15:00:00,DEHM_BD,0.9244249652932583,0.8820651781711388,0.6379848569040745,2.296095581376405,1.0038330515068536,1.1574128975250946,2.3795540957820194,0.383018384533748,0.4517117288831713,0.915223166101771,0.46456698211454783
2014-01-22 16:00:00,DEHM_BD,0.939538568216823,0.8534355194202822,0.627518800110966,2.2078400209062923,1.0623182658251467,1.2185882147523692,2.3793324928731123,0.39468547825584177,0.45341724922638144,0.8841271172672196,0.42804278990233313
2014-01-22 17:00:00,DEHM_BD,0.9102810988201573,0.8232108648382324,0.6277090371930598,2.169542435567841,1.1898396196272514,1.2786931166504991,2.359676457405612,0.40850241868738074,0.46336908479511596,0.8440339506162958,0.39226407977652716
2014-01-22 18:00:00,DEHM_BD,0.8776354160146415,0.8463480935084795,0.646494250651896,2.1812918409086692,1.3131828680993103,1.4403668252757622,2.32256750832594,0.4149137007476761,0.4739903740958825,0.7904916491815286,0.3590425519199296
2014-01-22 19:00:00,DEHM_BD,0.8439480308412015,0.886755429590782,0.7234014271681755,2.130030893237829,1.4923354004916574,1.6736399250805263,2.339224559284839,0.4085747702563739,0.4827038735354399,0.7459817877285705,0.33213201615155663
2014-01-22 20:00:00,DEHM_BD,0.8045609747744724,0.9523265216398529,0.8285375110331923,2.2995803951037304,1.6371760713436303,1.984906418089866,2.3894556556114335,0.38905244085017576,0.491858863085556,0.6921521837897446,0.3159760214026691
2014-01-22 21:00:00,DEHM_BD,0.7788610108343883,0.9295850706078239,0.9203326410390716,2.55475750273305,1.7579273192919698,2.3464058196942643,2.5340627886808686,0.37561963571794316,0.4994904948646318,0.6499232815577205,0.3094276999067142
2014-01-22 22:00:00,DEHM_BD,0.7110158207321537,0.9006734273536072,0.9589731019045225,2.7619453113513304,2.0243062084580306,2.431465141665924,2.873694720294052,0.3725318784058838,0.5016260030314559,0.5955077448262326,0.3129700697833438
2014-01-22 23:00:00,DEHM_BD,0.6541682303918525,0.8598463393338968,0.9950177430637366,3.030229479258587,2.158250752890764,2.5486729637611187,3.0007297253912126,0.37325405943498,0.5026301608142909,0.5485078962709509,0.3227865729787037
2014-01-23 00:00:00,DEHM_BD,0.6054800759523733,0.8178070493124984,1.011984920394388,3.1445582407389905,2.0057301412262767,2.6983464521565574,3.075469394052762,0.37644626217305655,0.5041945436910352,0.5241375266918596,0.33795708434008054
2014-01-23 01:00:00,DEHM_BD,0.5432131821402533,0.726446867017307,1.1422415342625416,3.150814058009028,1.8853635149652235,2.659033495906071,3.156107657773525,0.36980893335968246,0.502649948134627,0.5167232239632611,0.3581561536023461
2014-01-23 02:00:00,DEHM_BD,0.5347026376513392,0.6756221703025744,1.4451821732052277,3.1049232093215267,1.8127538002185384,2.456766213008375,3.1917514449560107,0.35182155932620157,0.493248040893115,0.5194620021243694,0.3760537415073578
2014-01-23 03:00:00,DEHM_BD,0.5482019120965896,0.6508910310846799,1.8099472397272849,3.1734658272649487,1.8095299672199365,2.305685406201897,3.1142967188266177,0.3361920662190018,0.4813066932859829,0.5312982964521156,0.3929877378247584
2014-01-23 04:00:00,DEHM_BD,0.5545954470063371,0.6286896595486322,1.9428426537283077,3.2532160698214874,1.8214468705884277,2.2426423340922708,3.0009689713027257,0.3297240440896153,0.44375372717984474,0.5358833378480838,0.40765725085772564
2014-01-23 05:00:00,DEHM_BD,0.5713233717804774,0.6080127775131189,1.8941204334207125,3.341132841477874,1.8079627880243865,2.2742351081287224,2.9973300460638383,0.3337896535179018,0.3711486112551949,0.543172558323402,0.41825778971146776
2014-01-23 06:00:00,DEHM_BD,0.5999841968329063,0.5620390004388615,1.8525146172407685,3.3159856867964357,1.767416762320362,2.2840894152323843,3.0301779209763606,0.33627799374371764,0.3228410360744338,0.5505772083808912,0.4318229237177966
2014-01-23 07:00:00,DEHM_BD,0.6103102688855119,0.5397296912627109,1.8884497453429923,3.2561420281756557,1.7615803410229458,2.251035380016254,3.05090391778155,0.3330213815385102,0.31096477472318557,0.5498912681429282,0.4553302804367244
2014-01-23 08:00:00,DEHM_BD,0.6353875337367876,0.587743121127372,1.905571039340473,3.224534634133443,1.8792127602085307,2.130187663709827,3.0484837398762186,0.3291171752160787,0.31811627442615087,0.5275394142708004,0.48978744871392843
2014-01-23 09:00:00,DEHM_BD,0.6777218437545374,0.9094895101461327,1.9382790941358494,3.065974225085505,2.0830872724567957,1.9083597312395213,2.852907566127005,0.3183822023528067,0.31242093793574705,0.4986043630891455,0.5058243411728738
2014-01-23 10:00:00,DEHM_BD,0.6980778966810554,1.2353135034017821,1.8731050571352896,2.8382045243402647,2.22396571321578,1.7357393020276006,2.6297780821654912,0.308443666457813,0.3090421778912097,0.4816880315760941,0.48638904156714663
2014-01-23 11:00:00,DEHM_BD,0.6545494590136036,1.4639998160158285,1.847339918017164,2.525628850779836,2.257832825586805,1.7190028870449614,2.247977443920051,0.306640046592839,0.31395016956590105,0.46910267773653846,0.4614264577174186
2014-01-23 12:00:00,DEHM_BD,0.5976872558907418,1.6064127874717349,1.8698970531092585,2.113936035691427,2.2612598790447205,1.8015338369127685,1.6958253332181705,0.30639241232899933,0.31994739084497076,0.44793687523506576,0.46287037682175625
2014-01-23 13:00:00,DEHM_BD,0.5263279703620075,1.6328554015725874,1.8807867615734786,1.4232937549968472,2.319512015942931,1.867853176569213,1.3045255503267754,0.30562163451215246,0.33574139822892834,0.4367999675904214,0.5114759971386194
2014-01-23 14:00:00,DEHM_BD,0.4730857057160138,1.547902910182171,1.7844158695750685,0.9982782866828924,2.4202118876796215,2.0108184145610877,1.2835149527896588,0.297558549359422,0.3586736260377241,0.4536884105292521,0.5455829535055159
2014-01-23 15:00:00,DEHM_BD,0.4731722938053309,1.5018950085308067,1.596347712172439,1.0691150682353823,2.168620125736585,2.220868547425508,1.4364536427538264,0.2922233451230451,0.3879356931518017,0.4644288476608518,0.5676527327612041
2014-01-23 16:00:00,DEHM_BD,0.5585041659902035,1.3023818859122345,1.4529443734236187,1.3105554198067426,1.6517811028414409,2.1041744542584837,1.633475096151344,0.29177214415233566,0.4287253638424536,0.4918123463548428,0.5857370606669783
2014-01-23 17:00:00,DEHM_BD,0.631786941594011,1.0453035750658297,1.3805765143554005,1.4754652655455383,1.2320732755183987,1.7917348493728311,1.7443836786920082,0.2873973312551713,0.458453498911187,0.4970324484434933,0.5948008420935271
2014-01-23 18:00:00,DEHM_BD,0.5483218139610438,0.9545604296392108,1.36714100443274,1.5455547392465814,0.9030145624442724,1.3735871004649747,1.7635096639048518,0.28827106311880046,0.46953741578458796,0.5312422803598944,0.5993908624917267
2014-01-23 19:00:00,DEHM_BD,0.5440643207338078,0.8940579015819424,1.290024226845723,1.548877794124405,0.6676712243791669,1.0749022096003968,1.7623864873778248,0.29608471222937094,0.4741222931958082,0.5229989325090217,0.5989053364634512
2014-01-23 20:00:00,DEHM_BD,0.6434723665706253,0.7392820885046012,1.1913784639938019,1.4110445122605761,0.6363623228367743,0.9341400157885684,1.579577940131561,0.31628877040095604,0.5078595616631721,0.46321597662003233,0.6001029025286435
2014-01-23 21:00:00,DEHM_BD,0.6507260865227132,0.6656540184617601,1.171321024001223,1.1661839638166105,0.4572061193159221,0.9143044368603801,1.3383809786377927,0.3334430084355174,0.5709910077830543,0.43245070191530266,0.6022056453484296
2014-01-23 22:00:00,DEHM_BD,0.7411838742895422,0.5875447213812544,1.1897253585119218,1.05793453356263,0.23830317122211658,0.9075838328344921,1.1843708721390402,0.3421854019863902,0.6305626058514788,0.5990463075633253,0.5988619954723119
2014-01-23 23:00:00,DEHM_BD,0.9675890250878781,0.7410735704950242,1.2272815399687271,1.1646777144823421,0.1798659192927321,0.7691113053357763,1.2387074053217604,0.35177221967943,0.6713494897161797,0.7142517382382041,0.5983984646987914
2014-01-24 00:00:00,DEHM_BD,1.4138146334370598,0.8390980998987914,1.1477090831484134,1.3239656636770802,0.17928246083419294,0.5609400617326679,1.5370177420769464,0.3695328339256345,0.7003298227138817,0.8618351185098966,0.5988836549216507
2014-01-24 01:00:00,DEHM_BD,2.0340081653295594,1.0321221084473746,1.1037623820576723,1.4251597075598943,0.20359013744411986,0.4638222337049805,1.852656357831436,0.3710777295252866,0.7193546233955025,1.2973115839945035,0.5961100678780674
2014-01-24 02:00:00,DEHM_BD,2.3869140938840716,1.2382433916251525,1.120825383472843,1.6522323639278091,0.2107575409406096,0.475697700814975,1.998387436713731,0.37641960043810296,0.7307620062857866,1.8261623533985292,0.5891690914356709
2014-01-24 03:00:00,DEHM_BD,2.4981128522950593,1.5556425880011195,1.1514176171254087,1.7457429529418271,0.1885491097757218,0.5213281147714646,1.9078135166950048,0.39095374653831116,0.7325722294494509,2.0799612319292615,0.584227621949315
2014-01-24 04:00:00,DEHM_BD,2.4769873495330126,1.857291536791753,1.4560456077607533,1.5988911935060213,0.17470035680358986,0.5505976697197928,1.721117873504801,0.40604047536313526,0.7363598229226468,2.158674359777177,0.5881502600124477
2014-01-24 05:00:00,DEHM_BD,2.3809660576390614,2.0065436395640277,1.7782042810679322,1.4519595079972099,0.18538005194612994,0.5603155398820161,1.542320096061331,0.42466342852860683,0.7415096894945203,2.1853447296232473,0.6009196276947855
2014-01-24 06:00:00,DEHM_BD,2.2308439186577473,2.0169814330783704,1.8319902227601594,1.377448296488486,0.2135492824990209,0.5524210611038153,1.3980958534349286,0.44946485228955746,0.7508065088336168,2.1551999143171505,0.6221119739091395
2014-01-24 07:00:00,DEHM_BD,2.169377777075744,2.070883327784456,1.8686157646231725,1.3609385109540724,0.26390255573573396,0.5397685230443625,1.3440558905223274,0.4873046260803938,0.7639035287091135,2.0923562073575357,0.6446335241210459
2014-01-24 08:00:00,DEHM_BD,2.095189985750676,2.1104162681936973,1.9396504177220908,1.2978282798884866,0.31838550074869176,0.4933851432232511,1.390029690349231,0.49864245969235876,0.7765001471496373,2.017770124041272,0.6398358279561994
2014-01-24 09:00:00,DEHM_BD,2.0714757573961835,2.0253528440208477,1.9485513603089377,1.1652587684223887,0.38973215775174075,0.44482784567857625,1.4983475333559877,0.4873590928351878,0.7353483748000859,1.77382949806463,0.6274075236958264
2014-01-24 10:00:00,DEHM_BD,2.046764998197947,1.9379885199971265,1.8636802703192084,1.0978763076658986,0.48364230892894555,0.45372854890309433,1.666683893751217,0.4589565779525041,0.6721339286828041,1.4261664461392165,0.6038244527971743
2014-01-24 11:00:00,DEHM_BD,1.941780409660153,1.8687456411649936,1.7734144196493924,1.1309837418449407,0.5566500534763396,0.5125922384212482,1.8670826246218961,0.430352438428402,0.6364812997519969,1.2328622322553393,0.5951616495484113
2014-01-24 12:00:00,DEHM_BD,1.8656726205603966,1.8054574224846855,1.7251727773318066,1.1665893437070145,0.6259409912828611,0.6019134898770443,1.9550514151980416,0.421007000209093,0.6176844192641973,1.1549941435700655,0.6044675510984658
2014-01-24 13:00:00,DEHM_BD,1.7661556706245805,1.722895949867202,1.6762182024418562,1.225627500506459,0.676453941712277,0.7117115406297312,1.9355692440747911,0.40944339268594965,0.5968941735246778,1.074942407261431,0.6164213512596486
2014-01-24 14:00:00,DEHM_BD,1.5697010962964035,1.6630113841800496,1.5531470298056493,1.2883524680415772,0.678421484259311,0.8518609643554649,1.824913842111526,0.41854676159441456,0.6045730779504774,1.0846047779973036,0.6505927601739763
2014-01-24 15:00:00,DEHM_BD,1.3971118946214394,1.689994337747336,1.4879362231130897,1.305791713801261,0.7089895017088621,1.0790750124268296,1.76193056670868,0.44353563105493776,0.6118312248176335,1.1090778431327468,0.7006477917811275
2014-01-24 16:00:00,DEHM_BD,1.3059213443648814,1.7259908473247685,1.549850113356225,1.516402923618157,0.8320203130833164,1.3577002530300306,1.800519000117275,0.5009769634804129,0.619629856577441,1.1099507215067645,0.7395619948840141
2014-01-24 17:00:00,DEHM_BD,1.2423385208107531,1.7855158375742253,1.6537607942402177,1.6634044286495984,0.97639416482831,1.6227480577244542,1.9125681703510282,0.5135062744751572,0.639912912282776,1.1032684065042524,0.7598974430000781
2014-01-24 18:00:00,DEHM_BD,1.1864537414865195,1.7863935602533403,1.643646770949913,1.756242199574384,1.213202391411492,1.8029660636346696,1.9581802910945334,0.5469840408499538,0.6597774768053506,1.081983283243419,0.7605765520137546
2014-01-24 19:00:00,DEHM_BD,1.2804607273920625,1.7663268401992969,1.6474260416405184,1.8310358503125403,1.571077076265898,1.9392791310985553,2.074059230319266,0.571429779293239,0.6942204063184652,1.1232997292525992,0.7533523369583487
2014-01-24 20:00:00,DEHM_BD,1.4182370910749584,1.7501454715549434,1.6547045012834016,1.9855015854489477,1.8335345536212628,1.9570822402701316,2.205954946497365,0.5617133710867166,0.7694172847033012,1.2117612403922688,0.7368117750370502
2014-01-24 21:00:00,DEHM_BD,1.5958893231065199,1.6992614947032934,1.5905149157970584,2.09598002877007,2.0305328796612887,1.9671311680900114,2.283235202810444,0.5311455652070045,0.8638781750755011,1.3911700050299796,0.717202647525072
2014-01-24 22:00:00,DEHM_BD,1.6883990457261353,1.6644014764159527,1.4696331473893112,2.010647956068601,2.244855888440532,2.21511942653317,2.3982863339688545,0.569438015744984,0.9308729503884539,1.5827794596673705,0.7021789959919451
2014-01-24 23:00:00,DEHM_BD,1.740658158438335,1.6039354471645264,1.4424395273099653,2.057343008983502,2.4199597250997673,2.4010054185343055,2.6497230925606643,0.6752376721000671,0.9734122091346233,1.6248105668214157,0.6903812713395059
2014-01-25 00:00:00,DEHM_BD,1.7208249037751835,1.3347443852754857,1.5710145761225003,2.1190458107474828,2.6249289089556793,2.5336699804205103,2.8304682398133845,0.72292696780622,1.013810196636468,1.589081381264133,0.6806859117257595
2014-01-25 01:00:00,DEHM_BD,1.5732491410705447,1.2398643780378498,1.7500363133581167,2.1336905161423902,2.8622187069992533,2.6360440246825148,2.8350998511345717,0.7409228154033421,1.0320922813459485,1.5226543791996892,0.6728163073807953
2014-01-25 02:00:00,DEHM_BD,1.3955556787063923,1.2381233211330813,2.2625668191774886,2.118929692549325,2.976838322027611,2.682490372830297,2.8315846653156442,0.8725392297059297,1.004129857687354,1.5331803253979779,0.6752305892568826
2014-01-25 03:00:00,DEHM_BD,1.2799788173474371,1.3802725265995552,2.8366614856082326,1.9971986508669817,2.9424960911884765,2.7671944371417054,2.935790815717172,0.9791627537199854,0.9373055019661412,1.5694503222029488,0.6764591366855799
2014-01-25 04:00:00,DEHM_BD,1.2262911233863234,1.5619524069623745,3.0591498865901574,1.8977270215287598,2.8638521933784955,2.6957625105798737,3.0078972986328876,0.940035265574455,0.8510609067941083,1.550132813755663,0.6735169452221317
2014-01-25 05:00:00,DEHM_BD,1.250369881188646,1.598125484649148,2.9829642909496044,2.049278483652542,2.814173465543284,2.695030781476902,2.91945334512216,0.9168673208659888,0.7666617939401976,1.4800053183327693,0.6716608666690438
2014-01-25 06:00:00,DEHM_BD,1.2832335953260214,1.6288419512551835,2.832966257749871,2.2654441799380924,2.776254287096055,2.7926345665462184,2.7069457237359806,1.0026391467493774,0.686428233634997,1.412410922753044,0.6654574538225122
2014-01-25 07:00:00,DEHM_BD,1.2738661679273844,1.6038256723679603,2.6981551310595084,2.4003807988543935,2.825525331199486,2.609959837815446,2.4554794705235037,1.1499676181066034,0.6195501156323587,1.3420626455310516,0.6607350207024207
2014-01-25 08:00:00,DEHM_BD,1.2321740067873894,1.5105348881667853,2.57852586008657,2.462029913881733,2.659114770352773,2.558280069080294,2.3667968217278217,1.2495883553892375,0.5867465023107546,1.2964628472226079,0.6428017305682785
2014-01-25 09:00:00,DEHM_BD,1.1133030055871975,1.5193757417435199,2.331529478880563,2.5495013156892616,2.3731107392463042,2.4828585899543993,2.4243813155524543,1.234120910487771,0.541528937924914,1.207278157981569,0.5941591579341539
2014-01-25 10:00:00,DEHM_BD,1.0070827118012309,1.512901438174993,2.057314087367719,2.4728774933571813,2.023500964770064,2.2991710964496854,2.5707999337181784,1.1708364378949998,0.49821657385203044,1.091097491429817,0.560497756757629
2014-01-25 11:00:00,DEHM_BD,0.9216137172304093,1.5298196088682114,1.8522321995353046,2.2738466430823445,1.660654126200776,2.0515938047428217,2.461805495985999,1.1779480388367176,0.48644990008531125,1.0299453830308396,0.526629677478955
2014-01-25 12:00:00,DEHM_BD,0.8882057160877435,1.4363637456517293,1.7446918463739474,2.1215296228902902,1.357592182418767,1.838687418698957,2.1196633842535975,1.1501202549237013,0.4810947498253289,0.9832865986181166,0.4973119789403838
2014-01-25 13:00:00,DEHM_BD,0.8697122468396274,1.3473971321777394,1.6268502229685686,2.0240801341950907,1.2289879586984356,1.711414794363192,1.9366037488222887,1.1259926357764005,0.4754979247602796,0.971376884594009,0.48393769641095774
2014-01-25 14:00:00,DEHM_BD,0.8544916346598788,1.2782385997577221,1.6065778609164623,1.942082227832712,1.2198500071135907,1.5379452911025666,1.9214130458140088,1.1605288033823669,0.44442289830528064,1.0007454880798767,0.47586626153318895
2014-01-25 15:00:00,DEHM_BD,0.8705617594280093,1.292263762416397,1.5862763465991752,1.9317311098519794,1.1708648990782093,1.331196780898601,1.8847189372899213,1.1330382995572688,0.4236520672095711,1.0057583018009613,0.46905135135611964
2014-01-25 16:00:00,DEHM_BD,0.8810900559323651,1.36316301341153,1.5225695254129696,1.8353920689998762,1.1396778836485162,1.2392329684566943,1.8299395654902633,1.1196753952496499,0.44701312755726264,0.9883182522958424,0.4726619607042519
2014-01-25 17:00:00,DEHM_BD,0.8976916112739219,1.3656907801182907,1.482014480487392,1.8378295648579095,1.1039593936550338,1.1893862372870139,1.7623565456199752,1.0798145312724263,0.503382627691326,1.0001432175790825,0.4828732066354528
2014-01-25 18:00:00,DEHM_BD,0.9347344185677915,1.3233534401992608,1.440914038888209,1.6495130327768297,1.0203213663789166,1.2179204213745416,1.5115856012472126,1.05757291436512,0.5536553714115265,1.0826242281100644,0.49366430548368245
2014-01-25 19:00:00,DEHM_BD,1.0072340263845025,1.30991936098355,1.452673088590663,1.202554863220956,0.7461102577313874,1.1816923694492822,1.2633875796989185,1.0276350095786153,0.5809629332838335,1.1320174740892823,0.4977271766031346
2014-01-25 20:00:00,DEHM_BD,1.087744098976627,1.401635789063171,1.4597452533967712,1.0567839054088493,0.34580753852510815,0.9532285286957805,1.3233035572462168,0.9122588604424148,0.5747731830282672,1.1354453333282029,0.49383070904562004
2014-01-25 21:00:00,DEHM_BD,1.1830890314190836,1.4716728197198936,1.5155075987864541,1.1194069159802456,0.17232222587523963,0.6186153496413852,1.1334289210134396,0.802506518067196,0.5751686739736468,1.0875020449136807,0.4845745328801682
2014-01-25 22:00:00,DEHM_BD,1.1978093418560922,1.5492689800645443,1.5586935665962258,0.8287895479449117,0.13546475431278335,0.3903982207785068,0.7269194912292436,0.6971740808220951,0.627116082937148,1.0799386815927547,0.47825723304896595
2014-01-25 23:00:00,DEHM_BD,1.2289714399232716,1.7190508330230976,1.6531755882320993,0.5319991487801866,0.07465684776842582,0.23745061120735056,0.53307431655434,0.65896094608739,0.7253239263100479,1.1427983504281407,0.47138659196228705
2014-01-26 00:00:00,DEHM_BD,1.2701778367125613,1.8050229647778917,1.7813281051498404,0.43403346575460616,0.0665981599820963,0.1586011912358085,0.3091429189507855,0.6466763002677262,0.8340030986715739,1.3014730904221414,0.4648077009546382
2014-01-26 01:00:00,DEHM_BD,1.2789250721025467,1.8041725828684063,1.9621864123494548,0.28271479303877667,0.06944773791348549,0.1054586117591749,0.10643585224215102,0.6415088160623609,0.9188400710722315,1.404249506841242,0.46562106105916656
2014-01-26 02:00:00,DEHM_BD,1.2647133881239594,1.7898949549178462,2.021933974243651,0.13600552232119306,0.07057430087830857,0.09198585975849644,0.07711516891277621,0.6588201232141255,0.9719466044842267,1.400238804329842,0.4743634188478671
2014-01-26 03:00:00,DEHM_BD,1.3267883826724067,1.7636126587579641,2.0587813550427243,0.14230354748072618,0.07434834794444949,0.09464669601285985,0.10690535445701557,0.6768021166285871,0.9812659945867024,1.2914002781497047,0.49300017831749265
2014-01-26 04:00:00,DEHM_BD,1.348380561846569,1.688118635880235,2.2483840040187713,0.15593314226737987,0.0813546132029871,0.11756901323400193,0.12411057432883817,0.6918204969003796,0.9724924791090377,1.193759155503174,0.5236582744998112
2014-01-26 05:00:00,DEHM_BD,1.42091148627989,1.4914976675261244,2.3625403326029644,0.17614596844506616,0.09268362550215782,0.15380699735610387,0.1362322266464665,0.7540063356801867,0.9749323646982853,1.1588692418769633,0.5634070228245107
2014-01-26 06:00:00,DEHM_BD,1.6590114395798743,1.3625897987398412,2.4227515542427067,0.23938275584891264,0.11237507256371887,0.2308998661489426,0.16334092173283998,0.8166587937596439,0.9539053268466053,1.1738548176846846,0.6119649670569598
2014-01-26 07:00:00,DEHM_BD,1.866052196389865,1.228436778810611,2.386529080072852,0.3191396649772532,0.15041895909042083,0.3221828779224379,0.22197481587966922,0.8316211917337775,0.9192683651462104,1.2520105374346593,0.6698626799617241
2014-01-26 08:00:00,DEHM_BD,1.8594700787436822,1.0758977118113637,2.237121761369817,0.35761242448349,0.20065036667585123,0.3407776001905649,0.29223032591696396,0.8062889479798079,0.9327915870603918,1.2960059118967553,0.7265643613298702
2014-01-26 09:00:00,DEHM_BD,1.6989594875905663,1.0826932516460492,2.0988669546399077,0.3747934458305826,0.24397341392961908,0.31275827736695105,0.2701888057987839,0.7116152032989265,0.9089524352594465,1.1946036024454516,0.7572026443712878
2014-01-26 10:00:00,DEHM_BD,1.5844028943552262,1.0597567445274443,1.928361356532946,0.39850437156918445,0.26234543217434064,0.34172702161722046,0.30709749586615387,0.5672116545563937,0.9170785676028951,1.0208228437858073,0.7335109715570882
2014-01-26 11:00:00,DEHM_BD,1.4505681015608087,1.0217056397721915,1.7283529012926668,0.4812501277128187,0.3543082006072019,0.5018478424823423,0.3404676164068825,0.48653015274703487,0.9818181770235299,0.8051073354334384,0.7239325135134347
2014-01-26 12:00:00,DEHM_BD,1.217111534242686,0.9869133382420243,1.606674288724959,0.601736460354561,0.5120479780455724,0.6338124095440545,0.5126738555492134,0.47909607918977726,1.030925867308527,0.6021621320360898,0.7191530526044592
2014-01-26 13:00:00,DEHM_BD,0.9782760712553746,0.9013686667725072,1.4049528044488282,0.80047164342748,0.5491802077535026,0.6910931054246273,0.7355223638087091,0.5122117688977716,0.9841477050369233,0.5202238955786078,0.717843481280012
2014-01-26 14:00:00,DEHM_BD,0.799732066656053,0.7967653631922416,1.273264625546336,0.7769741964202745,0.7070767397503951,0.7372664291134421,0.9400080322833568,0.5572694238352774,0.9099885382929815,0.5098178402542322,0.7122693291214575
2014-01-26 15:00:00,DEHM_BD,0.7152210191006865,0.7509735773613885,1.2062982534066216,0.6165427974044273,0.686863794868877,0.6309313142394408,0.7846123531819902,0.5761721448880434,0.7807729889764823,0.5317620245561935,0.7002437710571474
2014-01-26 16:00:00,DEHM_BD,0.7117926916499062,0.7138773280577477,1.1131470223144813,0.579676403447535,0.5611419644456868,0.5910683039968337,0.5765047440321044,0.5307784680283069,0.6780992985350963,0.5562216288756101,0.6808656174694931
2014-01-26 17:00:00,DEHM_BD,0.7620435259825363,0.6322958946929289,1.0361671259754894,0.5749354293239861,0.4592370012955179,0.5628008340320216,0.5657889241766253,0.5092130066487192,0.6209644597654882,0.575291355885291,0.6478112732803634
2014-01-26 18:00:00,DEHM_BD,0.771989155007517,0.5530182880590575,0.9497787740512937,0.43971360668747667,0.30365187381293607,0.3338426702564174,0.4343703888248932,0.5548135948759316,0.5756535805500111,0.7322033644941123,0.6014155661763623
2014-01-26 19:00:00,DEHM_BD,0.7001806991504878,0.5138353467993624,0.8872072978228703,0.2738640015565416,0.15326208291627452,0.1656608756522274,0.2303291761644975,0.5600148672920464,0.5337654148146695,0.7482157920804025,0.5458767451351135
2014-01-26 20:00:00,DEHM_BD,0.7276830594474075,0.5419319176797195,0.9211320990824328,0.15271608954448246,0.20731098517237212,0.13687327536494115,0.12191072180292085,0.493157481407672,0.5007687753067351,0.7481369972363578,0.5011885567928105
2014-01-26 21:00:00,DEHM_BD,0.9916835215598344,0.6911490382299944,1.137081532359682,0.09405420005039296,0.31529139524546435,0.2695220827338384,0.10620186432355067,0.42393151742711654,0.4741898560166359,1.0235821235786704,0.4943805609521268
2014-01-26 22:00:00,DEHM_BD,1.0959572819703072,0.9231861468030138,1.373216002854961,0.1264854246345161,0.29472232107410196,0.4260398930824384,0.21986836839355411,0.3849898854285478,0.46666700942561024,1.3129209461055114,0.519248255470097
2014-01-26 23:00:00,DEHM_BD,1.1453343936905265,1.1283621287766472,1.4532020824561898,0.28965441967491967,0.1883125450778379,0.5235699543269863,0.4391770273278002,0.34491392372220747,0.4803770133680104,1.5287372258212373,0.5595529360127448
2014-01-27 00:00:00,DEHM_BD,1.3438274626463278,1.3346131305696654,1.4746687930869289,0.7043508344351593,0.1462560301596018,0.5137687036462872,0.7046205231028677,0.318614085381925,0.5152675871381163,1.6376929022260058,0.6109890322902425
2014-01-27 01:00:00,DEHM_BD,1.520002570603788,1.3856605784376685,1.6421137632693208,0.8277190485020632,0.178567021492347,0.4372644253670818,0.7674827993826939,0.2963103513765334,0.5517166736108065,1.7180487217476101,0.6748569833628459
2014-01-27 02:00:00,DEHM_BD,1.6793521965144573,1.4462155261070095,1.8170282618025317,0.6856526854343433,0.15273689587960942,0.4085159970551513,0.6957829575748066,0.28834402623474586,0.5874989499431847,1.6125244714166969,0.7352664273704028
2014-01-27 03:00:00,DEHM_BD,1.6075157519249617,1.1981921870937198,1.7428202110688389,0.5411185319617436,0.1215055156457796,0.41568816516206664,0.6283455966089946,0.3091917013281582,0.6496509695827961,1.472962582285255,0.7794273270615935
2014-01-27 04:00:00,DEHM_BD,1.4778972903737424,1.2171378674903512,1.9156463744156063,0.4944851088319344,0.10296428829498576,0.43803099989246763,0.6078013880727182,0.35738897342205034,0.7090031497067213,1.3418340148240326,0.8197695639604702
2014-01-27 05:00:00,DEHM_BD,1.5668035615682603,1.4510617606526615,2.151638107622266,0.4648970702777523,0.10952049538442851,0.5229421016450913,0.5900937984440986,0.4390750194597243,0.7291253127801418,1.2485308798322081,0.8477014105130871
2014-01-27 06:00:00,DEHM_BD,1.8041110676604508,1.7054988777601716,2.247736215160489,0.5979480795957847,0.12462612645034656,0.5526309281535511,0.4881514911288908,0.4997393371546268,0.7399572466957568,1.4712235664391518,0.8475602124476898
2014-01-27 07:00:00,DEHM_BD,2.0504149864268304,1.816009470974207,2.080778728657365,0.7434729586690942,0.14876778328581702,0.5327207040057889,0.5949976788842863,0.5299905492228267,0.8037274993801116,1.6258742660576102,0.8147424892231823
2014-01-27 08:00:00,DEHM_BD,2.1930955949029327,1.8019483570629358,1.8317153553950787,0.6280449028801638,0.21893902397895224,0.48347440379589907,0.7036149815379897,0.5451684238117933,0.9052869517922402,1.7259870024597643,0.8027052704814914
2014-01-27 09:00:00,DEHM_BD,2.2173052334184944,1.7137480482691525,1.6348032216095925,0.5191920331930742,0.28144158805493724,0.3841806630996817,0.6080613199068128,0.5612419091194867,0.9732070436239242,1.7365117848819493,0.8176640228542685
2014-01-27 10:00:00,DEHM_BD,2.158031516881138,1.4880510674607754,1.21711731929183,0.3424117461937526,0.2558292156506794,0.3691877574080228,0.5578762369469232,0.571172638505101,1.0015865779280662,1.6774239675718547,0.8394178208119422
2014-01-27 11:00:00,DEHM_BD,2.1659422789297254,1.3844091354346275,0.8839199889707564,0.18334556308739455,0.3120205787265998,0.34459667554881157,0.38496943342284823,0.5998758803933857,1.0004014675927162,1.7183952108192442,0.8695388065179996
2014-01-27 12:00:00,DEHM_BD,2.2312129936122895,1.2411094851386548,0.6504314176152739,0.13224967462361778,0.3377362055315588,0.2535157319897825,0.20314055961346708,0.611404327763915,0.9667949010622501,1.775016600311547,0.8826691328505054
2014-01-27 13:00:00,DEHM_BD,2.250502193560302,1.1790831384667753,0.37567865778297876,0.1550127514075094,0.2714435944419213,0.21237686763771313,0.17150117389402372,0.5717313436031339,0.9146404449230432,1.8554685669681432,0.8734878267083688
2014-01-27 14:00:00,DEHM_BD,2.2148270430218426,0.9066009230375289,0.3095660007011122,0.15717495838319906,0.27128388253126046,0.19823908510707022,0.17482016201999698,0.4827735373234748,0.9123496908366681,1.9529825654570014,0.858948583601117
2014-01-27 15:00:00,DEHM_BD,2.177143411293291,0.6959543960605188,0.48587312353924317,0.1374552891232002,0.2554105568068473,0.1845753646494735,0.1477172120717865,0.4226508472537994,0.9951117457973957,2.067490319301747,0.8505195277090742
2014-01-27 16:00:00,DEHM_BD,2.146361840136051,0.5675819732302241,0.6944433364422498,0.14437413949930564,0.27738750649036603,0.21054568699973192,0.14449229211975986,0.3821739846932887,1.057960168429613,2.091324088274427,0.8421625138154065
2014-01-27 17:00:00,DEHM_BD,2.098019824861586,0.48935040700896626,0.8458398269673248,0.17167237446075306,0.3732853406173524,0.2658691726151,0.1906184575787953,0.36633873565435393,1.086876509783864,2.0455643489916624,0.8448846513821371
2014-01-27 18:00:00,DEHM_BD,2.0117838217240203,0.49383382803518316,0.9441164416445907,0.217738834088752,0.4974472638376195,0.34042626024866174,0.2282899973091738,0.36226853541254994,1.1166198073232172,1.977207582258917,0.8676890713319835
2014-01-27 19:00:00,DEHM_BD,1.9649050186244397,0.5601005226307314,1.1004455673833236,0.24846230662859028,0.6502748140966985,0.4096483958602055,0.27054318945191325,0.37724426397800437,1.1426960787892342,2.0124586213269087,0.9043799667696655
2014-01-27 20:00:00,DEHM_BD,1.9286173203451933,0.6534674553010985,1.3768560752373649,0.26721507578873066,0.7428857848798669,0.4632997176857554,0.32760606838811757,0.3961384264111517,1.1712180785411594,2.0808826156964155,0.9483546274239196
2014-01-27 21:00:00,DEHM_BD,1.8154180900208652,0.8076507754407416,1.6133184960084486,0.2962425669493305,0.8271280269309367,0.4883133142504118,0.3684772825529704,0.41747946151971804,1.2209388600414992,2.1540943469490856,0.9957728795558587
2014-01-27 22:00:00,DEHM_BD,1.6797942368459702,0.9389151214880473,1.7787659237945412,0.3243290371950849,0.8908764219896682,0.5034823803894019,0.3908759108264045,0.42477511696815484,1.259007144999504,2.1783019645567236,1.0602664642865582
2014-01-27 23:00:00,DEHM_BD,1.7365117649987338,1.0355919479096307,2.2037462398975176,0.347123454140023,0.8535607347892737,0.5413249103895758,0.4186827691179461,0.4142573820412158,1.281850060994625,2.2352933994667232,1.124829931615591
2014-01-28 00:00:00,DEHM_BD,1.8468885474868117,1.101362030332972,2.553435413069069,0.38569920633219645,0.7586251082089589,0.5384561217273656,0.4461158715930726,0.3961833624780178,1.3096245799827575,2.31002291817829,1.1700337668482959
2014-01-28 01:00:00,DEHM_BD,1.9478477057419719,1.1720039937674904,2.577543506786632,0.45431132240471067,0.6894537196159735,0.495337297822794,0.498964508089487,0.38276852818250645,1.3360054799830914,2.283522680223584,1.1965740711390227
2014-01-28 02:00:00,DEHM_BD,2.1434177523109312,1.237613840464455,2.144636422269093,0.5207110179339406,0.6121865957319548,0.4914755033136351,0.5651497047506471,0.37878579199612117,1.3612034081983566,2.217981155042276,1.2086296352536976
2014-01-28 03:00:00,DEHM_BD,2.276834494563639,1.2475232018917752,1.7066219151823596,0.5513577402697944,0.5400823806354682,0.48713064081713314,0.6265726623878451,0.38400832619726655,1.346977206158638,2.257541996487267,1.1969873995551465
2014-01-28 04:00:00,DEHM_BD,2.3315094840636847,1.239922869961476,1.613581724323137,0.5260650975380033,0.4528526597149064,0.5285837822689697,0.6629206178603827,0.4112880933451652,1.3134454888880251,2.26755357751647,1.173482833666429
2014-01-28 05:00:00,DEHM_BD,2.370949901985973,1.2465217575464955,1.5238987072403916,0.43531704537135124,0.4729574187958425,0.5950993798095388,0.620590625421591,0.44575410965323436,1.2982524235224724,2.3028728187749348,1.1592528748036175
2014-01-28 06:00:00,DEHM_BD,2.320355776758939,1.2269099819768405,1.5537368546212278,0.39342489894551613,0.5668171345229214,0.5332435891179876,0.49786968204604043,0.48330430429458604,1.2885739635372162,2.4631913153877294,1.1384013705343008
2014-01-28 07:00:00,DEHM_BD,2.309756855901852,1.1694045031226052,1.6594628821868818,0.4453964408338076,0.515182153966748,0.43667258838995066,0.4183917991703358,0.5340064152646062,1.2845064409017564,2.621110133276065,1.1087997867467254
2014-01-28 08:00:00,DEHM_BD,2.286982772284672,1.1969544867581874,1.6289503780189345,0.496882341060067,0.4305685855839633,0.387731346382551,0.41234024220690413,0.602657573161125,1.2796308555543423,2.6501520851178046,1.0780590493623912
2014-01-28 09:00:00,DEHM_BD,2.2166163750015198,1.1262713531671464,1.4472584042081238,0.42295292153278763,0.3370027675993368,0.32768860203609096,0.40259019449088423,0.6486168568038939,1.2282852972221376,2.4459844872149077,1.04297682459265
2014-01-28 10:00:00,DEHM_BD,2.1452340749270844,0.9857967062529176,1.3410631183982824,0.36107300736399406,0.2664353350947377,0.2494266136904943,0.3059202506240408,0.7067756154084206,1.1679228067374228,2.1433483099048956,0.9785454174381494
2014-01-28 11:00:00,DEHM_BD,2.0718050587916004,0.9263417348760365,1.3018448387964627,0.3590658363776916,0.21640491107236579,0.20355032752951857,0.268122531851065,0.767998624945879,1.0998036529898645,1.8317382343482969,0.9257999686206131
2014-01-28 12:00:00,DEHM_BD,2.040979868968595,0.9086259346358477,1.317815319797024,0.37257955291966205,0.1800194805067497,0.17804929824927845,0.3027981867417494,0.8137200611472128,0.9824417455887795,1.6059481669530271,0.9246624023672193
2014-01-28 13:00:00,DEHM_BD,2.0826338843323895,0.8574435633757711,1.3558706752799639,0.3832926184061226,0.16326332251598824,0.1732488183220839,0.3606403732345666,0.8516430086374283,0.8441098857378959,1.3307385576081274,0.8970456174793839
2014-01-28 14:00:00,DEHM_BD,1.988111762804333,0.8638503407831489,1.3577235262624918,0.42786714705074114,0.16304660842989094,0.18056410691934727,0.40374264302898016,0.8912810911273956,0.6360461975580453,0.9654532258701324,0.8564477677622437
2014-01-28 15:00:00,DEHM_BD,1.5281343406672776,1.0536130485711246,1.2464493229926936,0.45423612398040586,0.16462912823379267,0.19293339766364773,0.4667174965319674,0.9191359117949008,0.5577884022688865,1.091087091049701,0.8164294723514467
2014-01-28 16:00:00,DEHM_BD,1.0557979482847453,1.4372875604353845,1.038431121396236,0.4877613086568354,0.1715289672700151,0.24563213587186053,0.5344476279508045,0.8481741033411025,0.7125142516046762,1.3030771818481388,0.7772405285008995
2014-01-28 17:00:00,DEHM_BD,1.330824792770371,1.6985936386359481,1.0394259198112785,0.6026689123964261,0.21874855879219235,0.38327276412016964,0.7012596812010788,0.7501665885329246,0.8923773588377236,0.8898508074903486,0.752198198044896
2014-01-28 18:00:00,DEHM_BD,1.3164854740134628,1.716202942993529,0.9935746428993344,0.6594478001681799,0.3252159740725135,0.6255047396110135,0.885496302301022,0.6383228654909132,1.0046559443704783,0.720505934473872,0.7349576900524646
2014-01-28 19:00:00,DEHM_BD,1.008830686692819,1.1664229571491527,1.135501170488745,0.6628494947099224,0.5297523361511528,0.8500945070345682,0.9273271346120813,0.5515948601961136,1.0108484690853954,0.7101957195617258,0.7085417878606171
2014-01-28 20:00:00,DEHM_BD,1.0106240113326161,1.2180088367606978,1.3542992709356547,0.8020447309563085,0.7449496442768722,0.9407966317599517,0.9522874828611132,0.460070247342512,0.8918334170271456,0.6264495581088958,0.7032389591601489
2014-01-28 21:00:00,DEHM_BD,0.9601095415804535,1.248283861533813,1.271117209559977,1.1990237854670216,0.883687666871224,0.9768874432858194,1.208361472315334,0.437566964282468,0.813452000055313,0.5194146846109629,0.7198143443240224
2014-01-28 22:00:00,DEHM_BD,0.7849332048149407,0.9860394627083559,1.1859687567235528,1.7494160112485329,0.9903880972812418,1.1162551393217808,1.7992411459065003,0.44710055018931616,0.7755761923550069,0.430559798272848,0.7296425591647624
2014-01-28 23:00:00,DEHM_BD,0.6629051265098154,0.9537989443259407,1.5535100110206752,2.164235746400107,1.131694890262254,1.5267779067410392,2.376296248067763,0.42826660959720597,0.746403587283343,0.39725854293376195,0.7227562924942373
2014-01-29 00:00:00,DEHM_BD,0.5537394571843742,0.982400836425349,1.4853733586627618,2.341874237559173,1.4643092073741881,2.1979967611633966,2.5497779807377907,0.40258553250253193,0.7155467092761397,0.40008199266314504,0.6944026759614048
2014-01-29 01:00:00,DEHM_BD,0.48435465061426153,0.9406424778649514,1.4119407914402335,2.2946634745719106,2.0325699792190033,2.6170391575629695,2.4749013433882374,0.3874446804606913,0.7078260037037729,0.431561426296234,0.6527982506141066
2014-01-29 02:00:00,DEHM_BD,0.47564835172712794,0.8056182185677718,1.3762037958171218,2.146389971086582,2.665101140625919,2.746013472301219,2.3757988175057747,0.3361530807566641,0.7263432096449285,0.5144501307114957,0.6015851719370484
2014-01-29 03:00:00,DEHM_BD,0.48360838935434813,0.6421002920132874,1.312899427305758,2.095616106179938,2.903822614209289,2.770865567332063,2.315109342742993,0.29919500385224806,0.7514807055884598,0.6400760702204704,0.5469809026157855
2014-01-29 04:00:00,DEHM_BD,0.5167886486998199,0.5089173929433524,1.3208578461078555,2.291727264072865,2.9713109343201247,2.651038561328575,2.3018258100566333,0.28078519212841974,0.7630430604690313,0.7410157760632038,0.5032015926200151
2014-01-29 05:00:00,DEHM_BD,0.7069347319445014,0.4539940344670414,1.2712584146328272,2.5830109819054723,2.8559209835744186,2.519117105405788,2.44802600326281,0.2706836968517302,0.7589274629802256,0.8423608542743324,0.46849969399496894
2014-01-29 06:00:00,DEHM_BD,0.896400995902866,0.48652038566976774,0.9660880295567214,2.6851754145283873,2.683967009899383,2.542171722146531,2.6966038148382077,0.27494903980672347,0.7292823918389528,0.8663119436073302,0.43322168527834104
2014-01-29 07:00:00,DEHM_BD,0.9911607564783095,0.5250944532340764,0.5875692360050975,2.5980414998349906,2.672160518216018,2.711829247023503,2.7589104153279775,0.29408520306408403,0.6902575422322377,0.8442118358203768,0.3920155853565036
2014-01-29 08:00:00,DEHM_BD,0.9410227975027263,0.6241668357369302,0.4969309125083684,2.4747504313839843,2.765989657303132,2.8248373285892416,2.565415493680387,0.304238845387101,0.6499392126906662,0.8233065104484557,0.3559063654466717
2014-01-29 09:00:00,DEHM_BD,0.8990399194514751,0.8292588768504559,0.5515836593180894,2.2473838880825268,2.7563148020481782,2.6791979895166693,2.3390426454847897,0.3209140807449817,0.6013997447980752,0.7663885440194607,0.3252222300535439
2014-01-29 10:00:00,DEHM_BD,0.8693209169921278,0.8747666701112686,0.6490256203651427,2.0343328026697702,2.594499762337814,2.4477133387444567,2.192725412488242,0.38291849402099826,0.5937952541344798,0.7204849510538578,0.2981230743022263
2014-01-29 11:00:00,DEHM_BD,0.8146242304855584,0.8346809291768074,0.728344557455331,1.8783756253262776,2.3947227478545576,2.2368983812588357,2.073639732981297,0.4696609941798447,0.5878495631078257,0.6845488184005022,0.2867190207459031
2014-01-29 12:00:00,DEHM_BD,0.7505339773321151,0.7848936471578478,0.7915815875914691,1.7123509866242839,2.2176934659978085,2.0480895868472677,1.9743298155698281,0.5181603784766793,0.5827015901360659,0.6447686681270598,0.28818501905634986
2014-01-29 13:00:00,DEHM_BD,0.6945184614479541,0.7320596710851787,0.8321539663573354,1.5716966391744467,2.0554345633623705,1.9311496572994173,1.8905486634517519,0.5004126148630677,0.5648081985387949,0.6053939940565823,0.297911882520318
2014-01-29 14:00:00,DEHM_BD,0.6432101156580448,0.6623548839291931,0.8310130635899305,1.4437576964843315,1.9565184117058805,1.839374305563301,1.7523307178580785,0.48101715956412244,0.5641699741106851,0.5804244643369315,0.3017538626631347
2014-01-29 15:00:00,DEHM_BD,0.5960489314091204,0.6342952180916814,0.8146903015819563,1.3992414032513059,1.8895801328926298,1.7440890543438128,1.6626136454593878,0.4967211832474172,0.557494918829128,0.5785192480069397,0.31232051057618093
2014-01-29 16:00:00,DEHM_BD,0.5941204638679325,0.6082705640052258,0.7914739540851674,1.4346342947336335,1.8290217180789692,1.673940065885636,1.6588941283229883,0.49969710686199365,0.5408171580957714,0.5394267940869927,0.3319929724808781
2014-01-29 17:00:00,DEHM_BD,0.5792860585699975,0.554029213625863,0.7566813879977725,1.5222177258292047,1.8358594829765882,1.7265980920355206,1.695748832128265,0.4878723694806172,0.5165196720134653,0.49768043351098895,0.3501713608368672
2014-01-29 18:00:00,DEHM_BD,0.6057511336105316,0.4878310430458187,0.707319430877734,1.649688572903869,1.9156481704809543,1.8833659312658368,1.8312933887239948,0.46487222336947914,0.48117371309850354,0.5368869353453813,0.3613198935347981
2014-01-29 19:00:00,DEHM_BD,0.612510577400699,0.4624991323357075,0.6851749426493234,1.7180345615692545,2.070525786242634,2.0697964868390297,2.0604695849662864,0.44608319896101944,0.42543030205517995,0.5760783275929837,0.36321574721764766
2014-01-29 20:00:00,DEHM_BD,0.744108358921185,0.5239484123124182,0.6737226257633416,1.8647298192930355,2.255693968185545,2.233508454691777,2.3664443191442377,0.4229746763464808,0.38163183126747596,0.65531012593925,0.36292603765360065
2014-01-29 21:00:00,DEHM_BD,0.9747641976401209,0.5726262967949732,0.6818088370287044,2.038966894965763,2.4677766217033796,2.430286488687412,2.5184364809689863,0.3892178479385374,0.38730714825958007,0.8248527137837559,0.37081169886868437
2014-01-29 22:00:00,DEHM_BD,1.1455331882876156,0.633120930162873,0.6970262934383936,2.2542097259041394,2.6973555278099908,2.6843356799588656,2.59950212333432,0.3491104331946372,0.42742621235847467,0.977532995590344,0.39278255608990775
2014-01-29 23:00:00,DEHM_BD,1.261512242357433,0.7580935288911312,0.7168991252707688,2.5303123508521703,2.887761419214131,2.9132392545207737,2.788724090158812,0.32014918117985114,0.45307563979268073,1.0609075889025628,0.4270203410456422
2014-01-30 00:00:00,DEHM_BD,1.3501529936454446,0.8996314301980287,0.7992903207065909,2.8781060139789734,3.035301157985428,3.0619812182431763,3.0423345472679917,0.2925653367045521,0.46028558974564066,1.0726810217888652,0.46774305897808155
2014-01-30 01:00:00,DEHM_BD,1.3632073507683722,1.017628070037514,0.9248404692645371,3.2734006951014067,3.009356717898887,3.0917980123969033,3.376795229949916,0.262457683660984,0.4757253947684167,1.0811537740845232,0.5146930274195456
2014-01-30 02:00:00,DEHM_BD,1.3835270480639488,1.1851257934454085,1.0246065296548603,3.4440077957340387,3.0820295519474663,3.199868460353284,3.6554967424639377,0.23461328621685484,0.4805494649139045,1.1110910147164017,0.5585856475451029
2014-01-30 03:00:00,DEHM_BD,1.4155644406221808,1.3190101894772799,1.1890762646962703,3.2105263368944628,3.3627876036249056,3.239678286312807,3.5558321549999174,0.21433934351384626,0.4754075328496098,1.1032175281736256,0.5900225741084385
2014-01-30 04:00:00,DEHM_BD,1.4474138440062851,1.3575847916791588,1.478616128813401,3.1312792504698503,3.456244441257021,3.0248431103137343,3.5339594324650117,0.1993562957158683,0.47811441391468035,1.0821108012941478,0.6093800886423234
2014-01-30 05:00:00,DEHM_BD,1.430915685803443,1.4173560972811283,1.741445262972638,3.0815202015747407,3.366601917861351,2.889142510240095,3.576661929469213,0.19361007296830407,0.4932160927082597,1.1181431455130877,0.6250729947085585
2014-01-30 06:00:00,DEHM_BD,1.444836800890267,1.4177115738250314,1.9058529021799566,3.1322104968663247,3.1732674204078197,2.8033338381825033,3.572044471044931,0.19601266268525258,0.5188920045854151,1.2406370908695457,0.6430395985833182
2014-01-30 07:00:00,DEHM_BD,1.4967369959937036,1.390430404910445,1.9487281941707435,3.213297567843899,3.123011047650408,2.7949673138250026,3.56569198636459,0.21000901199307276,0.549000255230069,1.31673736287117,0.6650303547608478
2014-01-30 08:00:00,DEHM_BD,1.4717603955817222,1.3212287249636652,1.8229311474421621,3.1857802018033885,2.9946012492250955,2.898747440583394,3.4945508726900103,0.24203473351808258,0.5901614582991599,1.2379622239905594,0.6859163518523611
2014-01-30 09:00:00,DEHM_BD,1.4066741479825975,1.188116787984967,1.6233319163909554,3.116989393703192,2.8319187861448785,2.907810458411193,3.280366899065924,0.2949153294483851,0.6316278731435537,1.15416569393456,0.6765040443084015
2014-01-30 10:00:00,DEHM_BD,1.3670470056796074,1.0592584628641606,1.4111780188268424,2.947008561208403,2.7454822087588835,2.8772439935902843,3.1402650928137787,0.3299812878838553,0.628511320517063,1.0829642397129535,0.6698474798648804
2014-01-30 11:00:00,DEHM_BD,1.3415471265363694,1.0040839362967013,1.238844185986519,2.7838051583974655,2.7327462535601112,2.763801829108595,3.031818081924056,0.33830656264258535,0.5931340034240483,1.0364125113648175,0.6572781163419037
2014-01-30 12:00:00,DEHM_BD,1.3634786025640366,0.9866582862961291,1.169567347485423,2.717797187195623,2.71616309899529,2.688412222742511,3.011040852389772,0.34380782956112166,0.5685866871562599,1.0071713136184215,0.6423912431046366
2014-01-30 13:00:00,DEHM_BD,1.392484057175964,0.9799584645366669,1.1656604436734317,2.767313997942997,2.6738699866806006,2.6093695887641957,3.015221040641972,0.33623653503030515,0.5525478472468256,1.0130143190217018,0.629841438037902
2014-01-30 14:00:00,DEHM_BD,1.3971929565576464,1.03027896799922,1.2209123954817653,3.107642417475315,2.711874238200705,2.5274533323513273,3.0314829653785162,0.322795297481641,0.5410186034430562,1.061254606242925,0.6355603901270404
2014-01-30 15:00:00,DEHM_BD,1.413794845426334,1.1180957693338396,1.3304505359771848,3.297033522936537,2.8349206690835778,2.53327251391932,3.2261606493276065,0.3153746863800845,0.5411541263347863,1.1069790564083308,0.6407292738898469
2014-01-30 16:00:00,DEHM_BD,1.506479423458781,1.1724646633601188,1.4669834177273513,3.0692646892071465,2.9247466980745958,2.6340289867756,3.338103890674012,0.3223197943889535,0.5420530282779782,1.1494007170850364,0.6416558654197677
2014-01-30 17:00:00,DEHM_BD,1.7040624007086362,1.2462141085584462,1.6355304457953572,2.8180302415405203,3.110721399105006,2.983118815995802,3.2124824695351295,0.32401897145139047,0.5350344810606166,1.235240036301557,0.635850902683027
2014-01-30 18:00:00,DEHM_BD,1.9785463128711003,1.420715968961399,1.8339072673940844,2.843975937317054,3.4218870550841674,3.5871737940461577,3.098944557911744,0.3179878919560834,0.536082294755727,1.388551347832724,0.6244799193324521
2014-01-30 19:00:00,DEHM_BD,2.1754692660944537,1.6390464795592055,1.9863606989723817,3.002350906294162,4.047478400075517,3.959233412521928,3.2503126336127197,0.3081210214520339,0.5630321872088313,1.6083362795403076,0.6174148130807653
2014-01-30 20:00:00,DEHM_BD,2.2731468787993765,1.7744487490724958,2.1032829922084697,3.075988361090631,4.644467219069148,4.133901680748355,3.4224564585845525,0.30181057594511645,0.6182916084784268,1.7749715525483025,0.6169282986909894
2014-01-30 21:00:00,DEHM_BD,2.3294350140716134,1.8260743854149246,2.2046631645709835,3.108749392984304,4.971213599624759,4.344182645889685,3.5400463480971434,0.2975114902069977,0.7073818855762481,1.931705523676868,0.6188185230765492
2014-01-30 22:00:00,DEHM_BD,2.4488996977763717,1.8510829341498392,2.2702972199025675,3.1365499289090177,5.1655356628356435,4.614793530025726,3.6371074568903974,0.29978412957949546,0.8040821275734901,2.1324083630643687,0.6209175979954004
2014-01-30 23:00:00,DEHM_BD,2.6310839727865956,1.920304014591761,2.2458962540246734,3.169887697996023,5.297985642447183,4.870717396983466,3.7347935525838563,0.3093125363229585,0.8860748567444086,2.3038604003788827,0.6222264587020128
2014-01-31 00:00:00,DEHM_BD,2.7542646557872743,2.0297092213629093,2.2733544267749415,3.2067755332607706,5.406599905014206,5.083016303240599,3.842882340894952,0.3249050530010461,0.971790572193861,2.3535120518377237,0.6096059494735299
2014-01-31 01:00:00,DEHM_BD,2.748752546509942,2.1747601073978005,2.409862229715027,3.2796995520442764,5.664578869615188,5.273181233236324,4.004557675305327,0.3365016721849143,1.0557558157512545,2.297929129686579,0.5627608851528167
2014-01-31 02:00:00,DEHM_BD,2.6851666373293193,2.375596890419852,2.5679354825742355,3.44156116505144,5.9472561194237645,5.404224906020221,4.138717919484059,0.336868495693244,1.1399410101992635,2.1032690251126183,0.5072756524148582
2014-01-31 03:00:00,DEHM_BD,2.451069056340773,2.532852299492194,2.635305774779152,3.615993879410423,6.040990973468355,5.52897341021443,4.220401252744901,0.3404935403593349,1.2405948197058587,1.888468554381514,0.47120851146429765
2014-01-31 04:00:00,DEHM_BD,2.101311640437786,2.5008568943993748,2.5839407832273467,3.7749221750612283,6.190027002818658,5.680229614840348,4.345381012542859,0.34682904051270325,1.3352438716424255,1.6557793698902428,0.46765248233646145
2014-01-31 05:00:00,DEHM_BD,1.6483766256527603,2.445879757624604,2.486073164789826,3.9644319321083765,6.366345654016722,5.818785917951765,4.510595439130559,0.3588906541647108,1.3976362561594695,1.2137929014558344,0.48657061509042976
2014-01-31 06:00:00,DEHM_BD,1.1968384742715954,2.353701242565606,2.362227144214958,4.136746675042501,6.483475143043469,5.922689881260358,4.674355273172922,0.37512715304967,1.4160472316037118,0.8640395682397484,0.5177455262330173
2014-01-31 07:00:00,DEHM_BD,0.9648896604305505,2.1752046370664613,2.2357897082731872,4.383256503402963,6.475336522513245,6.0656339285525025,4.922678243396008,0.39740866452410817,1.3359374876710026,0.9407868025141954,0.5518887451663613
2014-01-31 08:00:00,DEHM_BD,0.9783059638747572,1.8286626759412141,2.052378679293394,4.3816955379765234,6.3041754578216,6.071410884273322,4.884581088888369,0.4353142274563014,1.18464464282915,0.9055019136527181,0.5783486853665112
2014-01-31 09:00:00,DEHM_BD,1.0020943775761126,1.3232584687672555,1.8326734535367786,4.481428434916456,5.931483168192348,6.0597285614030145,5.045107665813361,0.48252928306818,0.9557698215919732,0.8115234231564402,0.5852168030798433
2014-01-31 10:00:00,DEHM_BD,0.9674054151919483,1.0734079383371027,1.5820883150678873,5.146592505846877,5.31875515243958,5.4542803218733145,5.57943538403143,0.5673687982356547,0.8135546681427955,0.6869314859640598,0.578857155520767
2014-01-31 11:00:00,DEHM_BD,0.9037459970735013,0.9511105457451939,1.3493870319852233,5.199461845098432,4.288383778219301,4.286719748630045,5.761604913074344,0.6740339864230156,0.6979415005847811,0.5949226731821893,0.5685577421654016
2014-01-31 12:00:00,DEHM_BD,0.7781206891327722,0.9252446453261375,1.2002595935735105,4.806901335006665,3.1364587287416503,3.1896373000334153,5.023612838672018,0.78546200887084,0.6106737609887123,0.5717320538757739,0.5471596214478369
2014-01-31 13:00:00,DEHM_BD,0.6769162435235828,0.948221404081285,1.0638265807959435,4.300563110357633,2.700171264914326,2.5773627641481007,4.042340859338872,0.8954762198209762,0.5541428390219807,0.5674153812955319,0.521778649594048
2014-01-31 14:00:00,DEHM_BD,0.5730663253317028,0.9448299980355798,1.0149595171840489,4.155453132953396,2.653630914166648,2.6010699200325096,3.6764720135854074,0.9953779997259379,0.44867249856049185,0.5773255091845616,0.49886374034204506
2014-01-31 15:00:00,DEHM_BD,0.5511929138161986,0.9558074051495453,1.0245377547173202,4.327994083220863,2.611043316087574,2.635042544146805,3.8411491034508374,1.0366564265008271,0.3534455418391444,0.6627163031726656,0.46864148044475346
2014-01-31 16:00:00,DEHM_BD,0.6380304669290966,0.9433500044268742,1.0238091735021024,4.325381031903752,2.614588359238354,2.674470164574912,4.061044361215841,0.950192356530726,0.32052278500271947,0.699361307838466,0.41517574131585877
2014-01-31 17:00:00,DEHM_BD,0.7168275635763164,0.8524835437987068,1.0329174093798548,3.8022254396180464,2.627266144122784,2.8281153041940152,4.236903146336402,0.7908105717283487,0.3140426411538943,0.7976506793071422,0.3538536154510918
2014-01-31 18:00:00,DEHM_BD,0.8675930872842342,0.7433055843937362,1.0236685966836288,3.4326081176814256,2.4285141679139435,2.6815937301390322,3.8284150920014195,0.6448411070993542,0.3206274432067573,0.9233401642608828,0.2999136953166277
2014-01-31 19:00:00,DEHM_BD,1.081142479468875,0.6684524170397885,0.9818133160606306,3.505718165596514,2.288988336907381,2.5944043906007606,3.693016857194044,0.5400349045568703,0.3314889890294149,1.0658752539038938,0.25766650025888455
2014-01-31 20:00:00,DEHM_BD,1.2746242997430637,0.7221807788559689,1.1425545152489351,3.742560189980386,2.089893749388966,2.7713074221731966,3.850450848720636,0.4732474026516078,0.34358486429220053,1.1100627104598841,0.2302859268959081
2014-01-31 21:00:00,DEHM_BD,1.5138335517674661,1.0469196580307885,1.6351897802599202,3.825462533232902,1.7591126163431392,2.7397141887559364,3.96845728554851,0.4213763154709339,0.3674395430893823,1.102695935925655,0.21451607294130653
2014-01-31 22:00:00,DEHM_BD,1.7098719666859044,1.3883331637349445,2.0455114127698133,3.9379239511320714,1.3842653440594346,2.688036195728274,3.9445961526199036,0.3685548989626764,0.4118104749844037,1.375857091689182,0.2056403730155259
2014-01-31 23:00:00,DEHM_BD,1.8289621839262078,1.6639198966460769,2.6953961743408485,3.5562591043592646,1.2034933841623412,2.6095190067527896,3.879116664283225,0.31203169113121926,0.4644971276150643,1.5375372673205543,0.20615721496139172
2014-02-01 00:00:00,DEHM_BD,1.7460710655643235,1.6874733400003654,3.577290082917103,2.99971811289556,1.070970297549069,2.327475885766509,3.4423794707999846,0.27469785735547536,0.532840628722133,1.5728605050880602,0.2264130286076827
2014-02-01 01:00:00,DEHM_BD,1.645273926380463,1.7645402534884422,4.519329159190722,2.590976514561106,0.9363518457209598,1.9703491803096584,2.9154442976015016,0.24117319752171618,0.6376873052755928,1.5709143574331375,0.2571473212585178
2014-02-01 02:00:00,DEHM_BD,1.6343427661067247,2.119748788545113,5.143156046212767,2.2437295149530865,0.738667878996469,1.5477856639135834,2.363491625532957,0.2218469021214544,0.7706930322964628,1.6035362545970036,0.29036602545688844
2014-02-01 03:00:00,DEHM_BD,1.7268958233658969,2.7025204385715162,5.139130332283639,1.8569010390015879,0.5467288511713686,1.137372276325574,1.8599778678115106,0.2245207173992692,0.8798192017331462,1.6267194713063722,0.32266517177827636
2014-02-01 04:00:00,DEHM_BD,2.1708739100906254,3.3558640271016955,4.860974147364367,1.4811656532485922,0.3636666911563742,0.8167906391540262,1.395296653465801,0.24864566998645649,0.9013229878466203,1.854763133129552,0.35375565713122487
2014-02-01 05:00:00,DEHM_BD,2.6343388679587836,3.548862890856229,4.526436635482806,1.2557077596139394,0.2217301986240874,0.5487426118125405,1.0971844777545892,0.2913398766973614,0.8713053159492741,2.08524067712266,0.3910642872744797
2014-02-01 06:00:00,DEHM_BD,2.7714910897770526,3.6095582485114392,4.319429587941849,1.088883337560324,0.1361037711698746,0.35001297179864244,0.8843343022446543,0.3483384386354683,0.8654981763456389,2.252412181309685,0.42657761826418333
2014-02-01 07:00:00,DEHM_BD,2.9172746811374273,3.3666287838134963,4.108615007238414,0.829523544419438,0.11521688261301707,0.17643873622283204,0.6597878049448433,0.4431221921765059,0.8983522730821744,2.368526090664659,0.4547990340591965
2014-02-01 08:00:00,DEHM_BD,2.8096669860108197,3.0798618510598526,3.9674438609359552,0.5773072175842837,0.13385374981791226,0.10471412296623564,0.40541284756265045,0.5427386860495804,1.0302004795586317,2.628933588367347,0.4839117801585048
2014-02-01 09:00:00,DEHM_BD,3.0310819404656812,2.8497160477288164,3.831517509785767,0.2727931258341971,0.16749531657228237,0.10529296981327574,0.1777973722162579,0.68493538014248,1.3473377297253908,2.247718067584075,0.5008501947265863
2014-02-01 10:00:00,DEHM_BD,2.8283571137911454,2.8030638026847225,3.320410518584321,0.08992301065148538,0.2113282222930295,0.11800084641676847,0.07475343808596299,0.8215762907159327,1.5602939824140072,1.7249559427900145,0.4939376623284816
2014-02-01 11:00:00,DEHM_BD,2.61084340872081,2.8516299826589155,2.471431047807264,0.052299251582259176,0.2711822824762179,0.16083609995247988,0.06534061404225776,1.012941427153945,1.6063681946319714,1.5965451928527374,0.4889326659688352
2014-02-01 12:00:00,DEHM_BD,2.6205542124840617,2.6069366985630524,1.6528727959624026,0.057142244706413416,0.31669177330106724,0.22736087035105979,0.09820332386582231,1.1521652237471938,1.6047489566563815,1.6504639519040984,0.48576924749895917
2014-02-01 13:00:00,DEHM_BD,2.561844038094274,2.145998026432197,1.03744995416807,0.07277242627210467,0.32549363458060887,0.279746544544921,0.15223779581359953,1.1376182391652465,1.3892210447846354,1.7830011113204725,0.497031389575973
2014-02-01 14:00:00,DEHM_BD,2.3304514723415988,1.631042502442254,0.8667923889994213,0.11328467729916958,0.2937242165912221,0.3014356322910431,0.21463540132299785,1.1200297102823853,1.4289753906487115,1.9462305043288857,0.5216493905365279
2014-02-01 15:00:00,DEHM_BD,2.0234317513834608,1.1783975431495264,0.7077938235825906,0.17107922598319375,0.27476162048002695,0.3184694037021051,0.27790861079266566,1.2912843550944326,1.6097344910071882,2.098668107288437,0.5558850207178293
2014-02-01 16:00:00,DEHM_BD,1.6438483577407315,1.004520429521785,0.5784011277700645,0.25259207340889217,0.28344435546133423,0.36185748168718707,0.37518433259693684,1.0498383830541373,1.8322133321133536,2.1064309019601692,0.5975183054476975
2014-02-01 17:00:00,DEHM_BD,1.3107242865573285,0.9343624664584721,0.554183157902453,0.3711819384886109,0.35271117383154915,0.4636591852997256,0.48885072015509506,0.6986593371313066,2.0251935627405904,1.9276219755559603,0.6557052606609464
2014-02-01 18:00:00,DEHM_BD,1.132878450138294,0.9576752495349534,0.6271996184782543,0.4867212334914781,0.471487444852005,0.5907580651423061,0.5816645302616228,0.48470352593064303,1.9444701887781126,1.5952548206023172,0.7189658866506814
2014-02-01 19:00:00,DEHM_BD,1.08997156654879,1.0657603935564333,0.7970316961013338,0.5867994154735969,0.6257994556170352,0.6731750508280387,0.6488009168941375,0.2924334844753145,1.6075404271333849,1.3205839824826993,0.7805084769004582
2014-02-01 20:00:00,DEHM_BD,1.10164556085126,1.2519304428289644,0.9949038003646395,0.6725798754059634,0.6895929263393744,0.6912410500876698,0.706306063187787,0.1779217233341932,1.261404812654089,1.1284082932188966,0.8342651843976973
2014-02-01 21:00:00,DEHM_BD,1.1715404752829017,1.4563240987382877,1.1803861733912675,0.7311892366293148,0.6399744074090289,0.6869281995507462,0.7706564818289957,0.14440940655872211,1.019473191972356,1.043277375721545,0.8910960999003052
2014-02-01 22:00:00,DEHM_BD,1.3346675920947595,1.6148059021736074,1.326557422901066,0.7891907071035378,0.6038389669058261,0.7084398156209504,0.8282564752112002,0.1591121573549508,0.8979914534764364,1.0409873482010001,0.9481510263356566
2014-02-01 23:00:00,DEHM_BD,1.5084167397557433,1.7774392915450594,1.507567442741459,0.8681287344197008,0.6263214525540265,0.7678988946660426,0.875316395797329,0.16428590145930638,0.9191819402649533,1.086671065114201,0.986086358859837
2014-02-02 00:00:00,DEHM_BD,1.7210125544513764,1.9806700738374887,1.6406682060779956,0.9023288266931846,0.6839892736853705,0.7878951988390716,0.8985451982645318,0.16576426050201054,1.1318260285425277,1.1907511121592298,0.9952061424672602
2014-02-02 01:00:00,DEHM_BD,1.896052279166803,2.1567514611544087,1.799049978195643,0.9239779566432907,0.7607376464464981,0.7704192788056796,0.8694109547502827,0.23589404696926458,1.4270619654503836,1.3308562560256945,1.0023368489697575
2014-02-02 02:00:00,DEHM_BD,2.0554071715060807,2.2550989988296104,1.9501827169317332,0.9617608021993981,0.8369887506217836,0.8165868042481247,0.9002734055118822,0.3710373636983334,1.6552476930549087,1.4708374517933653,1.0177874616247415
2014-02-02 03:00:00,DEHM_BD,2.17222040723864,2.3505625194635247,1.8965233968713462,0.99105308234259,0.8887416818983386,0.8638150702545255,0.9515655327079491,0.5949023602683841,1.820773863305524,1.621649738787319,1.0122515414375066
2014-02-02 04:00:00,DEHM_BD,2.256557003535144,2.409606111393627,1.7266553411913006,0.9838414701217528,0.8843608456986397,0.8537991135371499,0.9514319329304806,0.9087351697075366,1.9389239358430355,1.8027917486586795,0.9936303645059466
2014-02-02 05:00:00,DEHM_BD,2.400722548532076,2.2231811045686944,1.6092857329104189,0.9443151137320767,0.8364265265398145,0.8383557363014132,0.9202460641685827,1.0950043495984374,2.0576875052687154,2.0355252265333013,0.9917135534998028
2014-02-02 06:00:00,DEHM_BD,2.4714735910361636,2.004161201710291,1.548330836658301,0.909859369037866,0.6490986987761221,0.8559954701079335,0.9017875962835131,0.9820694776694476,2.1835007283738257,2.230294555305317,0.9855276153761521
2014-02-02 07:00:00,DEHM_BD,2.4577149334179236,1.886756959560653,1.4850898532487593,0.9129554784395475,0.49829647365571916,0.7973603102313377,0.903909766092135,0.7035255248978732,2.2557752943683043,2.4423080596945432,0.9644982242630795
2014-02-02 08:00:00,DEHM_BD,2.4542528468217886,1.6979515486484116,1.372146109884702,0.817551981729283,0.4767227214240514,0.605731455328575,0.8915570897559576,0.45929177969209833,2.202244424850382,2.5162487382069045,0.9552014057524502
2014-02-02 09:00:00,DEHM_BD,2.3316444622381596,1.505364247103997,1.1888577322107274,0.7205454925149941,0.4526055319897875,0.4731835239644965,0.7529713300206419,0.2605188920363411,2.1051741256988237,2.5365797507780328,0.946692010485772
2014-02-02 10:00:00,DEHM_BD,2.0809016862544514,1.3449127057868313,1.011745254708845,0.6193332245217833,0.4181508101075095,0.41173525555931556,0.5301479536664888,0.1480218855159355,2.0779690671094135,2.4444130878414025,0.9216457167802378
2014-02-02 11:00:00,DEHM_BD,1.8417253213963,1.1666609174692584,0.80148052471668,0.47964050282529214,0.38940224356667136,0.38582338251839626,0.35719283499902854,0.0893878122950344,1.9853300594736356,2.3554185562617844,0.906924165713433
2014-02-02 12:00:00,DEHM_BD,1.6563022097754618,1.0483332355900201,0.6276486788620333,0.36713558505264454,0.3709805611317394,0.380743503173373,0.33589040496332934,0.07095956247892211,1.917734189471287,2.2075995364658163,0.8801521796421053
2014-02-02 13:00:00,DEHM_BD,1.5096022731962517,0.9934845542422193,0.5096456057322536,0.2943585706962179,0.36360120561376674,0.38174027266856125,0.3222449041307557,0.06529375159688287,1.8475925105596858,2.032012080530338,0.8726223794487955
2014-02-02 14:00:00,DEHM_BD,1.4306314612409814,0.9483680982527499,0.3988688438872898,0.257613995558473,0.3650117968245036,0.37393786629195225,0.3066485843346496,0.05841773458583262,1.8015421597385084,1.9847083544765598,0.9162861530505215
2014-02-02 15:00:00,DEHM_BD,1.4562137288605568,0.9554281010422522,0.36407155907447664,0.2546858281221138,0.375424679202782,0.37108774997115757,0.2951016653814772,0.059909442998450045,1.6996643025403444,2.0670497151873537,0.9670395678252262
2014-02-02 16:00:00,DEHM_BD,1.564781597370436,0.9465813593218149,0.3484363381341564,0.272607763328619,0.4082706366536055,0.39137279016637405,0.31359053454975505,0.06305951775960615,1.6925499839734286,2.294062195348973,1.018142015256062
2014-02-02 17:00:00,DEHM_BD,1.7576975082250732,0.9134293632421642,0.3551990095984422,0.32246032033435645,0.5058073309181083,0.45878537639334005,0.37337214110066114,0.0642109723008982,1.8020781229008127,2.492359531343147,1.0710889250927234
2014-02-02 18:00:00,DEHM_BD,1.9493645426036692,0.9037220812244061,0.3970504215207416,0.42846175675046205,0.6495763918185838,0.5434896636077619,0.4770549371819203,0.06673325055196865,1.8843538137695426,2.683990591599997,1.127922067308342
2014-02-02 19:00:00,DEHM_BD,2.0770588808373756,1.0358820097448815,0.4615268271360522,0.5175709538927947,0.7615788836820422,0.6455114245322884,0.5687349903665776,0.06967196355734005,1.950929257833883,2.7939912708138537,1.1787361206431406
2014-02-02 20:00:00,DEHM_BD,2.1902988278877116,1.2331114048794145,0.5386361386123533,0.612418500439301,0.8438544127062313,0.751126737142003,0.675651806105721,0.07199054889835407,2.0926178443823127,2.8427567024401945,1.2327608748721797
2014-02-02 21:00:00,DEHM_BD,2.2825254284320526,1.417914512001369,0.6083682663286941,0.6763565090117685,0.9226515891279489,0.8483614472470694,0.8107665455798584,0.07557723449243221,2.222418717813953,2.8925003615474933,1.3172065469675323
2014-02-02 22:00:00,DEHM_BD,2.4028271165624306,1.5577024797818808,0.6750089669679897,0.6986389046852022,1.0192649956866027,0.9250495940097209,0.8929213382249036,0.08187218524429941,2.3205182673489553,2.9439602477125364,1.4222064408865571
2014-02-02 23:00:00,DEHM_BD,2.5562945879312524,1.6193081664816618,0.8157215364035032,0.7384474917840521,1.1577979302664683,0.9964325265563808,0.9286468757805135,0.09102980854377131,2.4106807051736974,2.984172337989248,1.5249451043254416
2014-02-03 00:00:00,DEHM_BD,2.760452416405243,1.7403949062280821,0.9915620945561024,0.7956561125836514,1.3044393411015998,1.0705570374210889,0.9600513289560265,0.10568286151919497,2.547013461963614,3.173591542139319,1.6378798086969182
2014-02-03 01:00:00,DEHM_BD,2.9850894508348245,2.0080845416405726,1.1798414397385388,0.9133631997457716,1.4435791214096967,1.1412082100464402,1.0129973160397572,0.12296647273264816,2.6870482164859073,3.5394555856669223,1.7464470185062475
2014-02-03 02:00:00,DEHM_BD,3.169672561914695,2.3169315916101865,1.389524575220053,1.0642106265226159,1.5246529950367937,1.1787399645092376,1.0505282763842765,0.1413249763713775,2.752869770211037,3.8442239360968253,1.837626728268061
2014-02-03 03:00:00,DEHM_BD,3.3977604880558303,2.510614759921271,1.5120007990739306,1.40748348364482,1.4562453029363276,1.2611370427436375,1.1661014158236396,0.14699303488522752,2.867886679697698,4.106716186348116,1.9107054343198615
2014-02-03 04:00:00,DEHM_BD,3.508772592626656,2.6512802367032138,1.5633186230821723,2.092520710949978,1.4117906252852501,1.3364444275652323,1.4261783703932562,0.15146686633329823,3.025106149978973,4.355448761778649,1.9273329952502625
2014-02-03 05:00:00,DEHM_BD,3.5529840013117067,2.6931869199946616,1.770925192480283,2.5270817221789446,1.4484802067737794,1.3790986848208888,2.1975375314652905,0.15933252468846715,3.1299273310032953,4.521667843601732,1.8869678789839335
2014-02-03 06:00:00,DEHM_BD,3.641034820221467,2.6555900730042246,1.929574861100991,2.4954655511027113,1.5238984885250217,1.6205161832757762,3.2226955092663374,0.16332773041248305,3.3135057522344615,4.60047286953546,1.7967463834873214
2014-02-03 07:00:00,DEHM_BD,3.707242351929797,2.6458079884055676,2.211227367923339,2.1959547702429942,1.658550339072057,2.246250580971481,3.5072908215035823,0.19636683881163583,3.4233974659219197,4.590587298012943,1.6581809826371168
2014-02-03 08:00:00,DEHM_BD,3.830960319246794,2.5456438121920124,2.520891903885501,1.66573691113707,1.9013431527560598,2.412294330445076,2.7555902834575763,0.23549207131683814,3.3712404666642284,4.490276506213657,1.431601206118511
2014-02-03 09:00:00,DEHM_BD,3.9595909217632337,2.387521767755992,2.6841399274063598,1.3942030573446418,2.002738517344978,2.0624653021083286,1.8236806119817148,0.2618246794053911,3.1190770484008263,4.465143431075249,1.2445217960380577
2014-02-03 10:00:00,DEHM_BD,4.122717228265023,2.436357469457416,2.8079689844830855,1.4711021694479425,1.94330870299067,1.6494687374862784,1.5156653937575242,0.29156086096286765,2.97424880888206,4.37507125039716,1.124847103222995
2014-02-03 11:00:00,DEHM_BD,4.337301271853136,2.604183549773474,2.8573073464571768,1.7734283581846964,1.737497785112243,1.4587947348938555,1.5077071099718662,0.33546606816485514,2.979628377957093,4.123310956818564,1.026212288208429
2014-02-03 12:00:00,DEHM_BD,4.6127091924362285,2.698177826817892,2.835516730333536,2.157699461949486,1.4400060090529325,1.4803565036285202,1.6323577909246754,0.40976869313657277,2.920784643098884,3.529400754053076,0.9397677153362101
2014-02-03 13:00:00,DEHM_BD,4.914513325408338,2.647109751063168,2.8832777675288077,2.4422584138384877,1.3962831914921967,1.770573854536194,1.8555328794646855,0.5086882687103746,2.8905945066763232,3.073787285462178,0.8757508679418917
2014-02-03 14:00:00,DEHM_BD,4.420685623094961,2.6453256443476305,2.8461257918203486,2.541195004212838,1.576762005895155,2.1691401999972806,2.0589502481257345,0.6072540699644386,2.7898672748930355,3.0409542410724124,0.8509521190084679
2014-02-03 15:00:00,DEHM_BD,3.76114667169346,2.550385187940979,2.5595304813340816,2.5794816783153602,1.9458523355734731,2.5179980203206633,2.195516712557719,0.7413690814704446,2.602751278436236,2.9475583573184996,0.8567685485094599
2014-02-03 16:00:00,DEHM_BD,3.415576021917772,2.6663129992710566,2.5198888799637373,2.6734248889638357,2.3873802056266764,2.7424524604969847,2.245347080585968,0.9323483200449496,2.3707300739156363,2.7613692508987477,0.862905980389933
2014-02-03 17:00:00,DEHM_BD,2.825939030268432,4.0026402187796775,3.1508533610850202,2.6109335953021136,2.796584940224559,3.0152115394735857,2.372143341443631,1.1714554028054887,2.1313992393945433,2.574357374677285,0.8626075573130854
2014-02-03 18:00:00,DEHM_BD,2.486633122116197,4.787155371465012,3.8996191124706345,2.287293209869953,3.1393153209432936,2.9929484941892026,2.704483199269964,1.3979863841184228,2.4794802877351363,2.157961300962791,0.8727280015788629
2014-02-03 19:00:00,DEHM_BD,2.2869184876399484,3.9413999753962083,4.065792415865455,1.890520974342902,3.247391608830462,2.9367059217193514,2.660372462778145,1.6072475494413074,3.0619153253492346,1.7929901510918138,0.8957139669919771
2014-02-03 20:00:00,DEHM_BD,1.8900813081505896,3.071613568029217,2.905252558934168,1.8647564328841137,3.258930629307912,2.8659442322366755,2.4086395174836355,2.0456624582996965,3.2369896416125443,1.5891974482816456,0.942773274814342
2014-02-03 21:00:00,DEHM_BD,1.6825216506448388,2.419739228024818,2.100952541696727,2.0752102590251247,3.1835948981795923,2.8564727830177126,2.348349794186663,2.637697421961799,3.0767412413426487,1.7939708199968933,1.0183383953412721
2014-02-03 22:00:00,DEHM_BD,1.9417051939415932,2.0492429183761773,1.852650978368819,2.361369255602016,3.173679891757253,2.9357193553740437,2.527392501340866,3.159015925002247,2.406582886299938,2.3370317345403135,1.1197150528276671
2014-02-03 23:00:00,DEHM_BD,2.6026537938270717,1.5965496814195812,1.701525393896699,2.5276444546377963,3.221372421592665,3.045468158105424,2.8534645107751544,3.2757633880247177,1.7544323281145096,3.1964919250800365,1.2355146383284072
2014-02-04 00:00:00,DEHM_BD,3.3425081811974753,1.6833450720360876,1.8961031774367392,2.5709973945109468,3.266689057102566,3.1149392064439443,3.0148363733674097,3.064364722364545,1.3371168512047826,3.070835833296217,1.3469190156935538
2014-02-04 01:00:00,DEHM_BD,3.060946307456083,2.0201577850922945,2.06997491181761,2.5021100152385745,3.191348693979001,3.1962317063707975,2.9965971816898906,2.744118183020353,1.1355984623757005,2.88002075386215,1.460458736425254
2014-02-04 02:00:00,DEHM_BD,2.7472432865341005,2.5917327361598614,2.0399490318113562,2.274250488559599,2.8900421574759294,3.0902920584026004,2.8508926827055125,2.383783010838479,1.593698663612008,2.9916858890389832,1.587394898623838
2014-02-04 03:00:00,DEHM_BD,2.7910019942048194,2.6216184063586594,1.983321269748509,1.9767004152147005,2.626006110345237,2.666834373459527,2.541961289050821,2.0083092240288107,2.5132489548718926,3.049306592015497,1.719801956595406
2014-02-04 04:00:00,DEHM_BD,2.810355160666108,2.181912872463763,1.9891912113855779,1.7487804952709936,2.3208065130285265,2.167078809478164,2.169438886999218,1.2814431620371343,3.048857824745179,3.1723313971637674,1.8232980007753148
2014-02-04 05:00:00,DEHM_BD,2.754656808578968,2.0128935031485558,2.0014479665771123,1.641018171622837,2.0227122447417676,1.7453849452059171,1.895807538031626,0.650602171562612,3.3074542188996077,3.2891812947343952,1.764601587598622
2014-02-04 06:00:00,DEHM_BD,2.6353591331827646,2.0658434116226436,2.00093690387249,1.5652878530445182,1.5666818883716593,1.4106435392607108,1.6976525180677045,0.45211324798107133,3.614211872226298,3.1598897149966656,1.565322895520255
2014-02-04 07:00:00,DEHM_BD,2.6098165923915806,2.0263964090421798,2.0518856407235564,1.423844562807921,1.1274599264613305,1.1741469328891068,1.5142483149854118,0.8666613403058051,3.758970086719394,3.083744646697515,1.3682561139513552
2014-02-04 08:00:00,DEHM_BD,2.7506898392301053,1.9872714306002857,2.2368556745155157,1.2128316807345465,0.9175623607537149,0.9368975830510465,1.1945192047978113,1.5184259310364723,3.4578800843006374,3.0129515147402373,1.2416897016665338
2014-02-04 09:00:00,DEHM_BD,3.007650983068943,1.9819074958080054,2.559985456560217,0.9270690955884676,0.7601550300904596,0.6744500211592113,0.8525947832542801,1.755355413018465,3.0975892439568042,2.681585338326129,1.3119672314706445
2014-02-04 10:00:00,DEHM_BD,3.052479449705333,1.9881182633730772,2.8818850202957353,0.6620237620049112,0.7333467193694155,0.5871306666840856,0.6964553190350802,1.7182991527962685,2.8419025197815895,2.5508536619718187,1.5733287556743623
2014-02-04 11:00:00,DEHM_BD,3.079947868801206,2.1172795269548894,3.1371260103488994,0.51816414260927,0.742343929219013,0.5780884053150934,0.5332165298783782,1.6091556941270828,2.6063893634194137,2.503872230413109,1.9005685201326012
2014-02-04 12:00:00,DEHM_BD,3.1366142827302212,2.3877564781326055,3.375940201609572,0.4535500942377691,0.6754912524981633,0.5632667752678562,0.48266361832828986,1.587778144598007,2.4688460851478577,2.5249348160020264,2.1827364617577194
2014-02-04 13:00:00,DEHM_BD,3.2378646560816464,2.696723879669085,3.5733188980051076,0.4208360877138236,0.6779866834721224,0.524235552298806,0.48493829866452387,1.630275928337574,2.3908937269771102,2.604400600993987,2.410409771216065
2014-02-04 14:00:00,DEHM_BD,3.369352016165257,3.141926569075417,3.5996347339455768,0.4038081158198793,0.6512882718047964,0.5095671516752163,0.42680362922488524,1.6229393929982185,2.4045290771779415,2.6891669801720046,2.5994595061129333
2014-02-04 15:00:00,DEHM_BD,3.463524133141469,3.5163216010071334,3.3172561677711316,0.40726071205653713,0.6175118427578172,0.5169141810535647,0.4326673895659573,1.5817695694506169,2.435691952347457,2.7726808393912576,2.701924910725057
2014-02-04 16:00:00,DEHM_BD,3.5593991324311216,3.8939439697155613,2.8052432849297886,0.4895526969161068,0.6390327459551906,0.5177586975320809,0.44023835716933424,1.508081294964552,2.4986405245265364,2.9047672594226617,2.761727701950967
2014-02-04 17:00:00,DEHM_BD,3.713531436779288,4.185868340209647,2.458430198870091,0.6949860244290427,0.6950497855288116,0.5470183630877107,0.5135980066215572,1.4152550986611843,2.533088033979535,3.0213005280560585,2.736252042773366
2014-02-04 18:00:00,DEHM_BD,3.921588897094218,4.314029281823055,2.2185238154102556,0.8923629395864213,0.7359776233544689,0.6295463061812041,0.7702960763242284,1.375690760807991,2.5633034253305196,3.245649112834828,2.6439581554949285
2014-02-04 19:00:00,DEHM_BD,4.041666806545328,4.330415161259163,2.031053580547473,1.1108777246468602,0.7408225496639403,0.7685023557148127,1.1204460203944266,1.4427842631894352,2.5877540362662077,3.4636952269157417,2.538265473048091
2014-02-04 20:00:00,DEHM_BD,4.1093489929773845,4.339840501654296,1.9353067684792868,1.3821420626979495,0.7629397929854504,0.8483682105133041,1.4758235973459297,1.547890708912611,2.666136552338004,3.674387388625086,2.441764814348817
2014-02-04 21:00:00,DEHM_BD,4.203888847036993,4.276188375156031,2.0119840650558527,1.455477749061181,0.7503108212395571,1.0630145551365042,1.7710911873662007,1.6027395484113693,2.7661089993998407,3.8933087846556966,2.326778860612214
2014-02-04 22:00:00,DEHM_BD,4.264058580682181,4.26283038301016,2.1745162554410533,1.4776282266379113,0.7704930100143792,1.396676762046038,1.8136869107506004,1.5614217208358645,2.8010341301983597,3.9862696676896885,2.2135122615355254
2014-02-04 23:00:00,DEHM_BD,4.206925381207742,4.019777928381174,2.3875842837999217,1.5402889589569533,0.8919036058131884,1.4199925609614301,1.7867592114178605,1.54085656635046,2.737474798663259,4.063245553891189,2.118965468975902
2014-02-05 00:00:00,DEHM_BD,4.182229739177634,3.998884009470685,2.6208832782107323,1.577496902844608,0.953453872572016,1.4609537940303339,1.7381187143187227,1.441480419128537,2.692388856537938,4.285106573673799,2.060033346079588
2014-02-05 01:00:00,DEHM_BD,4.314952305677168,4.245532968489814,3.0268257360919426,1.7560479733035341,1.06313714914863,1.4746148121591727,1.674929401690364,1.3613376928076146,2.6742636531597377,4.552051336320327,2.005526829273105
2014-02-05 02:00:00,DEHM_BD,4.335220684130515,4.586879585428924,3.4804738009708722,2.317927244968973,1.36995259497405,1.6470530606179499,1.9801084200862236,1.3105450226283073,2.6582662145233154,4.66341118188045,1.9617358798639475
2014-02-05 03:00:00,DEHM_BD,4.30680273208852,4.81762579433068,4.117335826223328,2.344239661928415,1.6423538908253892,1.821602808088325,2.472910927001182,1.2998725167524814,2.582586295788288,4.634088837487064,1.9305874807798862
2014-02-05 04:00:00,DEHM_BD,4.145739428244978,4.754468051722055,4.763548076527426,2.141770858370578,1.690813546662787,1.9661462949700745,2.3358101295986304,1.3127070130115746,2.5822457095634936,4.55546636359144,1.9061770626595615
2014-02-05 05:00:00,DEHM_BD,3.920712298051938,4.520151941872508,4.9565266738313625,1.7210817281233286,1.7037416341144032,1.8886572492630813,1.9870361205125833,1.363855237058401,2.661837955809832,4.512533901833184,1.8878593000053987
2014-02-05 06:00:00,DEHM_BD,3.95624215144135,4.004962466705628,4.910248376009838,1.4668237513651325,1.63874970047649,1.7920715350591865,1.705422558320354,1.7661411803171039,2.768691115497351,4.414857873088717,1.8790674070516415
2014-02-05 07:00:00,DEHM_BD,3.9263332880240682,3.4943499051008375,4.73868316476211,1.3792979359520088,1.3440639014517004,1.5908683346698012,1.6053166524671991,2.3126172668717797,2.8852776747035978,4.140298617209494,1.8664484416029508
2014-02-05 08:00:00,DEHM_BD,3.883540693640114,3.027180726291016,3.846565340983048,1.2537640576462934,0.9469408348774212,1.2180937190962338,1.4295711436743115,2.121162854796499,2.9094538177335267,3.7987495999014755,1.793257278362978
2014-02-05 09:00:00,DEHM_BD,3.7316196507576853,2.7908933048169313,3.1659300933471317,0.903547326707674,0.619905864275994,0.7733471485914258,1.0283264243264019,2.126080670988858,2.7611566460622847,3.4094491399643942,1.7227826278799774
2014-02-05 10:00:00,DEHM_BD,3.4244831360165033,2.581338501407057,2.9164870600278676,0.3313225289418431,0.3534742672430164,0.44324081743648136,0.4750633878571888,2.5683726831378046,2.571574958933741,3.173956232447885,1.6608582689858413
2014-02-05 11:00:00,DEHM_BD,3.169401514422521,2.6509646841370316,2.8323586795206177,0.1527651640730851,0.21388084058760892,0.21620102793629076,0.21292187495433712,2.872914511170834,2.5651956849841033,3.192611672854275,1.6251512774109655
2014-02-05 12:00:00,DEHM_BD,3.224036386773885,2.7591129370614143,2.851640645015929,0.1093999007185017,0.21495146361016432,0.15763958278103227,0.12150805188194423,2.809844261445701,2.4020402315870673,3.3411908445798977,1.5498337346955946
2014-02-05 13:00:00,DEHM_BD,3.388216337205917,2.5983648384491356,2.944424110080097,0.10113796700180382,0.2444243070297944,0.16138769380535473,0.11156931725835467,2.6585245438858864,2.1936550224244593,3.3364152720132,1.53087945877803
2014-02-05 14:00:00,DEHM_BD,3.438468961580247,2.1691552612848577,3.024312736243245,0.10498361984807697,0.23333481395004999,0.17543559844938,0.12177010801625118,2.5733981824064256,2.0102896627051012,3.223178414981961,1.552926033769003
2014-02-05 15:00:00,DEHM_BD,3.3359877696950733,2.4469943177550473,2.9536101100073333,0.1082657724232149,0.2172358653544051,0.1819648896175855,0.13020291490191085,2.36378257833302,1.9043409982197357,3.074742913295589,1.6115158219343761
2014-02-05 16:00:00,DEHM_BD,3.1188215675850213,2.905145310389009,2.884766721063245,0.12189909730841829,0.2044433829336007,0.18354783397430627,0.14584605771568332,1.8010618661123512,1.9435583260506952,2.90565682557486,1.678082218177782
2014-02-05 17:00:00,DEHM_BD,2.626672534143627,3.3734098929558334,2.7655772120504194,0.21489400774963258,0.21056697426660437,0.19261021203332712,0.1818989576238692,1.4670204071357846,2.0362255186276137,2.576293222757578,1.7477680680640402
2014-02-05 18:00:00,DEHM_BD,2.0916996775192023,3.5083473852665352,2.3515299992553356,0.30959206811001455,0.24390354349076965,0.24627833472931743,0.2781169461012747,1.216088711954355,2.090591583714187,2.1331129191224276,1.824512675078792
2014-02-05 19:00:00,DEHM_BD,1.8288557425153256,3.4345218511451034,1.9862822419272526,0.2698563434899067,0.3075049589732055,0.29709665207532715,0.3406092681034385,1.0714009967154263,2.028230637874603,1.9249194081820922,1.8975297743597395
2014-02-05 20:00:00,DEHM_BD,1.9859247360008956,3.290059353018282,1.9382668940399517,0.20232371210168915,0.28817709376547,0.2279382969106372,0.278225554109509,0.9500931724244356,1.9814747398334742,2.1742780767421426,1.976311883308422
2014-02-05 21:00:00,DEHM_BD,2.5048511639553306,3.348445101654958,2.54625274068706,0.11547263796649226,0.20150173421979867,0.17102346889488007,0.20082882722458903,0.8971317791841924,1.8990526392531395,2.364395966691971,2.033204899201691
2014-02-05 22:00:00,DEHM_BD,2.8728478797543793,3.6440484353014826,2.9726835477220934,0.08307087584167591,0.14486087139626952,0.164789967768288,0.14923342259493882,0.8108231661339103,1.741686002869606,2.337685321237743,2.0746511513610186
2014-02-05 23:00:00,DEHM_BD,3.056817975596264,3.613749371548318,2.833476308686635,0.11181435028155037,0.13150953124959008,0.19163406141419886,0.16935476790640083,0.8063878846505285,1.5906997224140167,2.0877044944399596,2.126442494696975
2014-02-06 00:00:00,DEHM_BD,3.1744388508320602,3.363021664435684,2.493538468155852,0.16814029115354293,0.1268321436230884,0.20741882374375026,0.24707404412638556,0.8666878667244315,1.4937866151309014,2.102889639658034,2.1763046602191034
2014-02-06 01:00:00,DEHM_BD,3.251530446656831,2.917665179963177,2.356002317145411,0.22398397701057426,0.12550467750831504,0.19758421321305003,0.2861548647860419,0.9463448549294471,1.5241961108493807,2.4086781718093158,2.2238838454397767
2014-02-06 02:00:00,DEHM_BD,3.1658121624064073,2.361936453262344,2.2751739472749084,0.2531807385924568,0.12459849982713327,0.18819263358676616,0.26810483800289553,0.9120313605576753,1.6474091448426247,2.7532511525134744,2.2610969301051647
2014-02-06 03:00:00,DEHM_BD,2.7060474960594623,2.3348600323109334,1.9347172813396483,0.24449957123095162,0.1250711804697755,0.18995541464977977,0.24703490543427262,0.8196463153642416,1.7816190462327004,2.9705720706174144,2.2826522736896573
2014-02-06 04:00:00,DEHM_BD,2.1382568776177617,2.406103314051982,1.22270860512089,0.2334077754176907,0.12551161478288927,0.19653452431238916,0.23478005432382598,0.7499680789285896,1.93995878485322,2.918906256095879,2.2875880289608244
2014-02-06 05:00:00,DEHM_BD,1.8287638864785434,2.111570869745733,0.9385951948819972,0.2202055266536282,0.131695719266748,0.20236401019496741,0.22717128615622098,0.7613316635137797,2.148539061062336,2.5738872259688197,2.3040274571160975
2014-02-06 06:00:00,DEHM_BD,1.8196588230782744,1.5370136604644637,0.8081160616588219,0.2274163957090844,0.15483277091251674,0.2212781803552749,0.23423606678573583,0.9817557260531186,2.420160370820761,2.2105533516017717,2.329412421768084
2014-02-06 07:00:00,DEHM_BD,1.7411591363225876,1.2311115990883112,0.7114167555362241,0.23972562607609538,0.19189656549258138,0.2590493551715756,0.25984210281311465,1.352799091168642,2.456892090573013,2.040656039185524,2.365034442974143
2014-02-06 08:00:00,DEHM_BD,1.3671195113435202,1.0694017786873597,0.567954756732378,0.2628292662868282,0.19608687043525266,0.2752405431427307,0.27251627572031073,1.3268151043331622,2.2633463287603854,1.8876800203700177,2.3500956273219735
2014-02-06 09:00:00,DEHM_BD,1.2042829334950444,0.8981678522548264,0.4265369140946328,0.25582529861409087,0.18262340693820717,0.2693883275971748,0.2721736565812891,0.9057690468612313,1.9833847104611995,1.4986346187304145,2.373193838556223
2014-02-06 10:00:00,DEHM_BD,1.1373840187536923,0.7282329392974265,0.29697178809513547,0.2632829206858056,0.18950152397580894,0.2865185404076962,0.30046441768338084,0.5500890987686813,1.7171173485977946,1.1555006479785126,2.406836014820896
2014-02-06 11:00:00,DEHM_BD,1.0096086521539651,0.5919063297867262,0.20560202090781635,0.2841152986567705,0.26213563221751235,0.33815267143105265,0.33504429977253536,0.3058182724707572,1.3584884135386908,1.094706180313057,2.401839688371644
2014-02-06 12:00:00,DEHM_BD,0.8400493525014119,0.49060565897676145,0.14140059829781515,0.28498386061254766,0.36962265379688697,0.39748054660671783,0.3458178304709353,0.12871478874094766,1.0110885502127744,1.0416366806842758,2.329266745042931
2014-02-06 13:00:00,DEHM_BD,0.6994877800355151,0.38770144685064434,0.11417750540763591,0.24471300540418334,0.4527975539011415,0.42184270793019385,0.34492453163554215,0.058102637124359535,0.8123267146561202,0.9352503851775359,2.351376262691034
2014-02-06 14:00:00,DEHM_BD,0.6647670653644949,0.3229845161702948,0.12116815530009087,0.2021933944139705,0.4473146985984545,0.36830406427568374,0.2942376691457194,0.04235524483434848,0.7540642765090846,0.8469535784101161,2.408670219705437
2014-02-06 15:00:00,DEHM_BD,0.655294556553103,0.29694047277300617,0.12357915490951615,0.17776376280773942,0.3930164574034697,0.2662518152061718,0.2323007973165051,0.04720633723614726,0.7371334154571779,0.8034626645470317,2.545219347734061
2014-02-06 16:00:00,DEHM_BD,0.6797707917755561,0.3015811019608564,0.13704372841467835,0.22525031335749301,0.37225913607671146,0.26495836944127704,0.20717040096888922,0.05779319160494931,0.6887451712235715,0.7960266371359233,2.650233022712719
2014-02-06 17:00:00,DEHM_BD,0.7670047849121758,0.33889586472981137,0.18530535538315757,0.3102941295386594,0.2417458077531493,0.27553051369771236,0.3094437328893596,0.06747865517668407,0.6467134213334228,0.8596829028844786,2.7138627254002294
2014-02-06 18:00:00,DEHM_BD,0.9446354084451379,0.4701766777989639,0.34204806095411067,0.27813331452688184,0.14227516796627065,0.1903547868070093,0.335160184450785,0.07059633603757233,0.6540084432805235,0.9888801626459789,2.725491123189893
2014-02-06 19:00:00,DEHM_BD,1.1545500400442767,0.7301626828853878,0.611894890942471,0.2092465155354513,0.09130599620958774,0.14552889882258485,0.2275584885493804,0.0723212166434804,0.7377112078897096,1.2161789151643356,2.686839818330286
2014-02-06 20:00:00,DEHM_BD,1.5322180460998882,1.2067301443922427,1.2135629361559404,0.2083626770955555,0.12367593844547851,0.1821812395405209,0.21026371598269783,0.07868849921920328,0.8615467238442879,1.5992187358064438,2.600893652767911
2014-02-06 21:00:00,DEHM_BD,2.0260456950806827,1.808172973011397,1.864263488453189,0.17779410086206376,0.22181334643386286,0.20498778926407324,0.2261183590616331,0.08192228970447536,1.0094982506003043,1.9243502451340948,2.50826674917113
2014-02-06 22:00:00,DEHM_BD,2.3460174509421083,2.1993707123200084,2.0131820233442212,0.14713249282408034,0.3152026028117537,0.2116778506775653,0.17314569356572918,0.08396480446971938,1.2262274741760268,2.1780475284381953,2.3982099035435427
2014-02-06 23:00:00,DEHM_BD,2.2914468465970828,2.6328613922693482,2.4904474350754224,0.1639696028928318,0.3121539375581591,0.21873543191753086,0.154526021467368,0.10439324196584518,1.4328110193469001,2.143480196446488,2.2551500647412017
2014-02-07 00:00:00,DEHM_BD,1.8282251739536226,2.6485545926485963,2.5248318743822535,0.22101584246872907,0.27949635326743116,0.2219689269765384,0.19726568107066195,0.15445160345926867,1.6795017533662544,1.556942401620336,2.055547356598674
2014-02-07 01:00:00,DEHM_BD,1.4229634987324478,2.0795240207164367,2.024360598165365,0.24843406000115428,0.23646100035686965,0.2057291715160337,0.23006579756983078,0.36356782842636093,2.168492184908632,1.4275848503835125,1.800824228078974
2014-02-07 02:00:00,DEHM_BD,1.4283507062760739,1.5060493242408335,1.4155426458565146,0.24007516231090284,0.20595350655209266,0.17970794238247426,0.21369357357807917,0.9657808283552527,2.5784445452434572,1.4456934424398467,1.546603209648742
2014-02-07 03:00:00,DEHM_BD,1.5285207936038823,1.1281135814037546,0.9024213858225568,0.23349497775510875,0.22340363368836214,0.1777547087689848,0.20047633239494156,1.8736576551175117,2.5351217168690265,1.3542389360778686,1.3093155504920146
2014-02-07 04:00:00,DEHM_BD,1.5071751885315592,0.8812880061831885,0.5977838299798126,0.27073888230191534,0.27575890933684066,0.2295885945657825,0.23289798897558803,2.036002933210954,2.022525344725996,1.402610917222034,1.1413291016531735
2014-02-07 05:00:00,DEHM_BD,1.645357391148023,0.7567093335808999,0.44890242198826735,0.2956177719763072,0.3090431348399909,0.28766102589501424,0.3081044562481808,1.8834565985512732,1.5122696164184066,1.5588599640463292,1.0316145209559984
2014-02-07 06:00:00,DEHM_BD,1.613650909559112,0.5757481262059136,0.30304756259058124,0.311744501876916,0.29176115094345045,0.2788008771398872,0.33651026466813394,1.2301592372542618,1.1374197030499578,1.8181561231137067,0.975134172500018
2014-02-07 07:00:00,DEHM_BD,1.1407303831029498,0.34464826131932436,0.2003992439260286,0.3009356499364744,0.23977385448067903,0.21499640670605746,0.30482693438243935,0.7068533830824495,0.841954605111368,1.6752852255001478,0.9567402880602142
2014-02-07 08:00:00,DEHM_BD,0.6704865385595709,0.24924196741000737,0.22259885339840768,0.24063748757375686,0.17825122214646535,0.15383870589815996,0.24415081829041058,0.45793410790085776,0.7854783456938713,1.1832023911533502,0.934281806855332
2014-02-07 09:00:00,DEHM_BD,0.3450191113168558,0.2735736627715732,0.2924339914627885,0.14797933750608933,0.11211625254138359,0.10437583837896462,0.15719380688826373,0.3556980097845196,0.8827069548685849,0.8160053501109032,0.9282326881747507
2014-02-07 10:00:00,DEHM_BD,0.310913856621813,0.3091609150687045,0.32898318053585934,0.08296000293326554,0.10721170528857019,0.09165913233334179,0.09312206019723195,0.22878134029984462,0.7340768768645077,0.5619272682286239,0.9809233391267246
2014-02-07 11:00:00,DEHM_BD,0.4784635865127481,0.3835156370335164,0.32154400142798883,0.07685968890386338,0.1374844554356484,0.16174011787332238,0.09912996473916966,0.10334224115699511,0.45116086018837986,0.5737559261934645,1.0116047449962235
2014-02-07 12:00:00,DEHM_BD,0.8432092732513462,0.4777731814163456,0.3412329652796079,0.14986963063286085,0.07942419027183187,0.1900150121738178,0.1928515829181821,0.039473975681047775,0.25255391853896886,0.803677450824219,0.9227678379175812
2014-02-07 13:00:00,DEHM_BD,0.9823428424364653,0.5328342378907882,0.3280767289944527,0.20782676213645654,0.04232269193739624,0.07658614776392222,0.22181736955310155,0.028091008136607545,0.15875155466957003,1.0371453711994552,0.7831851757968217
2014-02-07 14:00:00,DEHM_BD,0.8854932822205311,0.5148262662614229,0.2650595969945482,0.12870858873323993,0.06272905058986719,0.043041568244914445,0.0878632143861008,0.030295311797316888,0.19359150639454809,1.0503600450314394,0.6841191064910217
2014-02-07 15:00:00,DEHM_BD,0.7392231065684509,0.44547131023145736,0.20827297333054473,0.10420513726799206,0.3859721362919545,0.12060585423538622,0.06856509861529621,0.032962183845948796,0.39916619799535713,0.9141743771755042,0.6953357085485011
2014-02-07 16:00:00,DEHM_BD,0.6232789713946636,0.4157705623934044,0.13859410384231,0.39284117825118414,0.9961310785814187,0.7940514204703119,0.28749713181017883,0.03543465402102314,0.5814999698970559,0.7132880380695965,0.90485510381788
2014-02-07 17:00:00,DEHM_BD,0.49716774597485536,0.3673269845520425,0.07258121743884853,1.0071948667584878,0.7628383112286357,1.134732399480775,0.9641021756211225,0.0432877193451532,0.5915656321675982,0.5549606850353535,1.1585713715194164
2014-02-07 18:00:00,DEHM_BD,0.477094589573387,0.2805573656549629,0.035609908289084995,1.2926779497891536,0.5676055769542605,1.0074249431226232,1.1355333518224238,0.051602648532057455,0.5201384397279469,0.43468826265291766,1.1456723873649537
2014-02-07 19:00:00,DEHM_BD,0.5824830871991905,0.16544199224173997,0.047775656432972644,1.1838105976089328,0.3555201464140041,0.7993553954157115,1.1107515455956327,0.05024177783004812,0.47871785507376297,0.37551971731346084,0.8811408125343918
2014-02-07 20:00:00,DEHM_BD,0.5729917195031604,0.11583218052007706,0.06926391002709491,0.9100284353498306,0.3144441222803759,0.753994999265774,1.031440074913891,0.04490550543178317,0.45063334619415907,0.4056053923620096,0.6659125169697403
2014-02-07 21:00:00,DEHM_BD,0.3480287688085343,0.1056666268910583,0.10034066786658241,0.8640322748148448,0.5092503852987103,0.9172536643758695,1.108077533459746,0.03842663711193933,0.3944931154647095,0.460519212279953,0.6706306802728771
2014-02-07 22:00:00,DEHM_BD,0.18451332365171977,0.11206442828663146,0.1289733872906705,0.7842235997556348,0.7937628121378062,0.9605609242314549,1.1437675358734107,0.029483453358826003,0.265605811109729,0.37950492688899845,0.7504743917539715
2014-02-07 23:00:00,DEHM_BD,0.09794137613991485,0.1537587624100804,0.11349001466937123,0.770869498966023,0.9263273312987317,1.0844276765081953,1.0672055363587662,0.02021966832522751,0.15025446359225533,0.22749644376958716,0.8211913930886237
2014-02-08 00:00:00,DEHM_BD,0.09544304323482769,0.14117756043444613,0.12239342123881433,0.7712048165206009,1.1207748823666828,1.1540555127337861,1.029425703219827,0.03330696486394208,0.0890674564479895,0.1662811311767063,0.8555044671513139
2014-02-08 01:00:00,DEHM_BD,0.11988926943824141,0.13818661109813477,0.12954677727812428,1.0096650754918055,1.2588213205068977,1.4547783228015057,1.2142213813136074,0.12513713892050893,0.09097684904716904,0.15456580988712593,0.8303957317265868
2014-02-08 02:00:00,DEHM_BD,0.12660107193962197,0.14576345432327575,0.1779325262717529,0.699880407390112,1.664129291068157,1.3307501367397299,1.1456386346855274,0.1524151676592066,0.10425378264621357,0.16720623633271536,0.7509317913170903
2014-02-08 03:00:00,DEHM_BD,0.17823910639889526,0.21879566948218723,0.2684760941651555,0.4025970864370778,1.1466767270308829,0.655951680478009,0.6015903760666411,0.16439256641828442,0.11364222670711559,0.17670051129313175,0.6163806492130457
2014-02-08 04:00:00,DEHM_BD,0.39483328552275887,0.4320998895905725,0.5407327175835774,0.2798815155339514,0.5609522684563044,0.43995147344255575,0.4021958443061553,0.12942213689133508,0.14775724544171234,0.23781861850485195,0.4999913790026306
2014-02-08 05:00:00,DEHM_BD,0.8289747528820484,0.746529235949367,0.7682786290844342,0.21077950515804517,0.35765326864675606,0.3044816289662138,0.29689278357982274,0.09726059049826097,0.16026256871782227,0.5859108383128793,0.4047594387311114
2014-02-08 06:00:00,DEHM_BD,1.0187052023622394,0.8336871373495458,0.9485263222167059,0.18414132624422427,0.2680419666629935,0.23368868169673718,0.2178638261297094,0.08660319117151187,0.15769911633186026,1.1352901383248715,0.3496486155004798
2014-02-08 07:00:00,DEHM_BD,1.4488003171873838,1.0741700404442844,1.2126969228805975,0.21661869403249223,0.22413598871025242,0.21055095711113644,0.20988567770225675,0.08238615393608802,0.1695123369130118,1.3742451842167227,0.2811446215660124
2014-02-08 08:00:00,DEHM_BD,2.0405529648729037,1.5786962788347154,2.1272543813378735,0.2397435732928685,0.18383300718145892,0.19117041644163768,0.21616566919963093,0.09070100823299941,0.2622379380921831,1.8714967886882277,0.2154520375216751
2014-02-08 09:00:00,DEHM_BD,2.4969927386720854,2.451372289321907,2.360682260351926,0.20094395469234774,0.127606233755797,0.13481316252580075,0.1847536092638164,0.13665341255938615,0.5010738270497694,2.194529568533376,0.17177076820922993
2014-02-08 10:00:00,DEHM_BD,2.255859754953571,2.5850193747591597,1.7993941977673813,0.13533473582689626,0.10836370330441736,0.07427078688240067,0.12004856335262529,0.197225477519743,0.67754985918805,2.1462759329087846,0.14894163328452958
2014-02-08 11:00:00,DEHM_BD,1.816205264034234,2.1201747016558237,1.10019128615582,0.07761425644174552,0.14542771040360655,0.06276358167258252,0.06932508966695566,0.354633745214045,0.9618763171568512,1.7357511654550954,0.14313437628017267
2014-02-08 12:00:00,DEHM_BD,1.497929563225228,1.4144514661091283,0.5822449579062732,0.0493459957609807,0.1803693010180326,0.08024866159653019,0.047475123185163656,0.5790839694345742,1.523239626838155,1.741705332254637,0.1466968239757488
2014-02-08 13:00:00,DEHM_BD,1.0306422449080366,0.7873752997711648,0.3712396392216416,0.039877833744964314,0.1997488416153005,0.11492938481720767,0.052234145412955374,0.9284434503963589,1.9084504388156533,1.3209120910405274,0.14318561221957657
2014-02-08 14:00:00,DEHM_BD,0.6930723725532135,0.5212203210344072,0.3360126891351537,0.03991209162332454,0.21478127490190774,0.14862742893886305,0.0634044071536367,0.827475008336529,1.7538549501917882,0.9687877295189327,0.13641825269179286
2014-02-08 15:00:00,DEHM_BD,0.6225195873851654,0.4591868425362138,0.36440343027192856,0.04524005010187267,0.2189541780613408,0.16658455832986618,0.07635432236937623,0.5181300571254639,1.4428605100736394,0.7582068825154518,0.1233989831960701
2014-02-08 16:00:00,DEHM_BD,0.5966823414410976,0.4471704928170096,0.4211711883976659,0.05206196961938481,0.2182539872126374,0.17385378882103236,0.08941718108791345,0.2561802982110901,1.1219296570079775,0.6506107761621661,0.12364505757678403
2014-02-08 17:00:00,DEHM_BD,0.5604691965553164,0.4604927010844135,0.46587497652914023,0.06585596256361011,0.2614716063487109,0.21250319096738518,0.13879071225656253,0.11777413616493332,0.750692730309125,0.6447369916449627,0.14649550574641673
2014-02-08 18:00:00,DEHM_BD,0.5897977541773672,0.5704387920694565,0.5184257258548679,0.09937699253473409,0.36426036306346293,0.27131778689571595,0.19131468634515786,0.08320327234804623,0.6321498522167186,0.669504853038804,0.19925704444331688
2014-02-08 19:00:00,DEHM_BD,0.6054032031956361,0.7106462413963581,0.682774206679759,0.11962576421752454,0.3674249103545676,0.34848791738696155,0.20117415647003692,0.07616122234158201,0.5790452332028186,0.6342476414923834,0.31375202132865065
2014-02-08 20:00:00,DEHM_BD,0.6053839565192581,0.851228919826392,0.8575037357590358,0.12588117853314373,0.2729785410812122,0.3853359593129268,0.23139712038115706,0.09299889915101217,0.5304958622952829,0.5998768667182371,0.484154973354293
2014-02-08 21:00:00,DEHM_BD,0.5755691575909684,1.004816980741471,0.987529576614818,0.12187215295176651,0.2588046300340163,0.4185529261441532,0.23614017452290909,0.17436243667289608,0.46491251366782926,0.5760210171586693,0.7234963478436133
2014-02-08 22:00:00,DEHM_BD,0.5126699270607902,1.1349144906731508,1.1230433311034205,0.14007275894557408,0.24163819664998432,0.42295799422517877,0.28566311295106883,0.3670464853352307,0.3920592751323803,0.6007393052952177,0.9645334158974512
2014-02-08 23:00:00,DEHM_BD,0.41143623800539403,1.271441943615116,1.265457578873087,0.1769740126062329,0.22597366731507218,0.3673941490419043,0.34190115461950304,0.6184185492772981,0.3354876301312073,0.633242453199774,1.0940670578609033
2014-02-09 00:00:00,DEHM_BD,0.3272702243706117,1.4313636996604129,1.3650073577381105,0.1848735925640183,0.20001977203468785,0.24133678484927068,0.34296387974669384,0.8204253922142832,0.28614980156924563,0.6241639444550591,1.1590764919041843
2014-02-09 01:00:00,DEHM_BD,0.33855874422540877,1.5968373832621425,1.3783803066455214,0.1628533484647568,0.15421668275120187,0.15929901286002143,0.28766241479672655,0.9996058396227657,0.27131576107308264,0.5867172621784171,1.0987603638308867
2014-02-09 02:00:00,DEHM_BD,0.44957796928290267,1.7404594530827087,1.355810907872663,0.1427630033989506,0.11997677571097376,0.12351739243643092,0.20075177831067526,1.1557822545799614,0.28267366679102157,0.4804366904917918,0.974263941463083
2014-02-09 03:00:00,DEHM_BD,0.5932365401994621,1.7862180579175706,1.3244518190363082,0.11883507788679254,0.09863108513392027,0.10576760604652953,0.15823731899987606,1.304840016681701,0.3346318755939601,0.35453505149136294,0.9054345912945271
2014-02-09 04:00:00,DEHM_BD,0.8071549934618175,1.7289082662866637,1.1936005999300752,0.10001468131989397,0.09038458781279153,0.08964677298637244,0.12690669849226122,1.3170916754185036,0.42405672244889653,0.3211764047007634,0.8734148141605406
2014-02-09 05:00:00,DEHM_BD,1.003219663734734,1.5951018598890212,1.0400480341747635,0.08458758914524153,0.0900492342565627,0.07988095663566015,0.09866714947661895,1.2541392387155816,0.5475894438886642,0.4848976182163226,0.973846056476757
2014-02-09 06:00:00,DEHM_BD,1.1338818042388,1.4112233772394387,0.936640606258444,0.0767665803884767,0.09121201988332432,0.08052760427860503,0.07973432833813353,1.1763894203664735,0.7124976264750212,0.8174275305782351,1.2864673302349448
2014-02-09 07:00:00,DEHM_BD,1.185669456476737,1.282440316406088,0.7870689240791187,0.07480381389075766,0.09066606555305408,0.09492144226206106,0.07677064408751108,1.0783864016503841,0.9621819161025434,1.0289997147811576,1.6424855951041728
2014-02-09 08:00:00,DEHM_BD,1.1728189154983777,1.1499697643892468,0.5435130654727177,0.07370393699280034,0.08692410495677019,0.10214607785524038,0.07862050629007912,0.8664672259967028,1.1953745068106798,1.0468107593513465,1.8079187542274595
2014-02-09 09:00:00,DEHM_BD,1.067039429215528,0.8674044948478274,0.37228731583993174,0.07045108073906904,0.07934912888982787,0.09282058087211764,0.07338322272792816,0.5740338848462327,1.2596679180985315,0.9551267180437221,1.8003666113754362
2014-02-09 10:00:00,DEHM_BD,0.851178669392002,0.6215051149426911,0.2535296609804522,0.06684480454033379,0.07371202125878995,0.0791817892547591,0.07225447959744358,0.3291824172928555,1.184208038900122,0.8360625987663678,1.6415950474253296
2014-02-09 11:00:00,DEHM_BD,0.6211869371016835,0.4837380432110605,0.19310655570229965,0.06518641987274337,0.07035543614285511,0.07005923803147043,0.07635842652523092,0.21047062514092757,1.0510184241360983,0.6916649525599997,1.3769225447823108
2014-02-09 12:00:00,DEHM_BD,0.4913933751011662,0.37389323439987954,0.157966577686782,0.06466625522065488,0.0717381688285711,0.06866049305321692,0.07962200384712359,0.12382651555476698,0.9093355646958807,0.5594259048850473,1.0645517161394653
2014-02-09 13:00:00,DEHM_BD,0.38466229529276824,0.3141519717754795,0.13936355278464785,0.07749348811698895,0.0753898023935313,0.0737598396152047,0.09401465686343108,0.08629210335373866,0.7737083782172856,0.42474132325154956,0.7889740817324816
2014-02-09 14:00:00,DEHM_BD,0.3185235452273859,0.28475836024228945,0.12309737719528357,0.08958966814787107,0.07176140664621236,0.07794957076659524,0.10124059223983514,0.07032199640616757,0.6274331693156249,0.33524164297256726,0.5170999491575359
2014-02-09 15:00:00,DEHM_BD,0.2952193112517787,0.2732345716886361,0.10135668431322545,0.09170281977483934,0.0744659816034882,0.07784929870797289,0.10066208501692768,0.05598266549840551,0.5236762646674363,0.279398663008518,0.3073168577143549
2014-02-09 16:00:00,DEHM_BD,0.2911415348619716,0.26665556725000483,0.09221404312013637,0.08869944420988896,0.08036612726008976,0.08488878718628709,0.10090694727445643,0.04605105351895083,0.4514254033319278,0.27035560989014606,0.23633423291478287
2014-02-09 17:00:00,DEHM_BD,0.34229055237336364,0.2387709010131563,0.09403541884319494,0.09909872566407968,0.09066920133633993,0.10222070981717982,0.13676142838824906,0.041326787173300766,0.3951498166469112,0.288862699533489,0.3096899719452113
2014-02-09 18:00:00,DEHM_BD,0.44020123732907857,0.23361450397867708,0.10188028682849241,0.13860907893476798,0.09786937106011412,0.1545235225036023,0.2161613189803555,0.03984834307461964,0.4221655179865098,0.34336155892018916,0.4323885629491321
2014-02-09 19:00:00,DEHM_BD,0.5299375952320801,0.24862392023418095,0.09727750018917708,0.20749994195964033,0.10746276229605993,0.24177416214605962,0.3490556465651629,0.04044753688892331,0.5017883789995684,0.40730410997028454,0.5139266713743655
2014-02-09 20:00:00,DEHM_BD,0.5570989273341558,0.2819162466978002,0.08683913893740608,0.27606793210060143,0.11764499564727755,0.33111484020019,0.5004272342582643,0.050256694703260274,0.5003719420889765,0.4773200007323867,0.57019703105201
2014-02-09 21:00:00,DEHM_BD,0.5233862047997955,0.3311869699254864,0.08517107075340098,0.33471666475712836,0.14465873890439035,0.5120580820673982,0.6269249536648007,0.07034183806015178,0.3826247195130586,0.5559265817512692,0.5984665121729951
2014-02-09 22:00:00,DEHM_BD,0.5085154266802221,0.36056496453921755,0.09669348625733051,0.43122934134774404,0.19867365729337538,0.828792346641246,0.6667177391930679,0.08658471800744523,0.26262704723305985,0.6542899246453306,0.6023906920483102
2014-02-09 23:00:00,DEHM_BD,0.6333094951217807,0.33979881321801786,0.11290436566236087,0.5712052799660717,0.3854033123632427,0.9134604935161958,0.6611688307203759,0.07615870076324768,0.24909601487427946,0.7585863528188969,0.5788243209967086
2014-02-10 00:00:00,DEHM_BD,0.7975830970000731,0.3119374870109649,0.13138465618001846,0.6571068155867242,0.7339573048163415,0.8687548962623839,0.7666168639811206,0.05960347082823508,0.3270701233496144,0.8042766294672153,0.5476570688272802
2014-02-10 01:00:00,DEHM_BD,0.8992834038103732,0.30429334169056255,0.1377342854776592,0.5972626811797571,0.937753601327841,0.9447493471442914,0.9711408551356286,0.06503528015216804,0.4682352742930501,0.8869081994459218,0.5361089496989745
2014-02-10 02:00:00,DEHM_BD,0.94481421732123,0.3030513927330308,0.16319786244551418,0.4923184396094191,1.0226590724520175,1.2744660191704114,1.0271309386051901,0.07952590092726027,0.5676469953489302,1.028677277858751,0.544092974069654
2014-02-10 03:00:00,DEHM_BD,0.9870821244500543,0.3066772515581105,0.17247682959778443,0.4308423054214984,1.2148193996881367,1.3596931353004114,0.8187639897013379,0.10025995504304758,0.5949591637152245,1.1704519440419459,0.554857741784536
2014-02-10 04:00:00,DEHM_BD,1.056474813593201,0.31399999635145043,0.1516418908257361,0.43817998906508776,1.5918455439989552,0.9767741334116923,0.6038486475118179,0.13274962309408916,0.6153229745477065,1.2526357531223677,0.5711305128927645
2014-02-10 05:00:00,DEHM_BD,1.1629905524655475,0.337006494614866,0.134008189697023,0.6089046415229583,1.5351457263370603,0.696704792977462,0.5238060237308673,0.16755183834023765,0.6660077046878076,1.2925108577277324,0.6068226460790425
2014-02-10 06:00:00,DEHM_BD,1.2638786982137826,0.41336704848665273,0.14172581900198727,0.8190082980529592,1.143498023649822,0.6380794289155932,0.6447646447446103,0.1843138810551165,0.6945728417659922,1.3592430669653321,0.6650331269505432
2014-02-10 07:00:00,DEHM_BD,1.3370747152452345,0.5323041936193266,0.19020926216170175,0.9792041914800786,0.8893416110464183,0.6804573930937551,0.8864347694028192,0.18108111807642496,0.6796594918181375,1.4982910724954819,0.720022427213313
2014-02-10 08:00:00,DEHM_BD,1.4913045151538669,0.5728493971040658,0.2574696671401342,1.0258962499015079,0.7745770664409733,0.7859163108033185,1.0741672607466042,0.17440923264887168,0.6432872006750107,1.4820229211884968,0.724773174480926
2014-02-10 09:00:00,DEHM_BD,1.6008363342797478,0.5770011246045492,0.3020866113628049,1.0892653972254,0.8311125329133517,0.9763884985045721,1.0706732315232488,0.17881392767149942,0.6505616760805247,1.3932296055397577,0.6974370163248292
2014-02-10 10:00:00,DEHM_BD,1.7189859369727365,0.5862305658710283,0.30211074159507617,1.2337950715959634,1.0013307551105994,0.7522601283894061,1.0733542369113476,0.1976385819735377,0.7091488688217849,1.3998017575871944,0.6380294628267176
2014-02-10 11:00:00,DEHM_BD,1.9125031450036725,0.6683509925076272,0.29302169119067945,1.0224900330059103,0.6485071884783218,0.7166010314978106,1.2310015644647636,0.22004464577559374,0.7831186062392593,1.5977703583397997,0.5828671574292937
2014-02-10 12:00:00,DEHM_BD,1.8562970741130878,0.829465602019904,0.44386671693441915,0.7002407638578132,0.4427665661115128,0.8697306175218565,1.2776822801547167,0.2207997260700165,0.9198173507348075,1.7784680356141598,0.5499520242267194
2014-02-10 13:00:00,DEHM_BD,1.410675592099973,1.11965435407856,0.8631382158973719,0.6373796502563446,0.4848749564941367,0.9947584491591791,0.9554568705469061,0.2021297722971438,1.012951703186296,1.8406937255873836,0.5464952999025047
2014-02-10 14:00:00,DEHM_BD,1.4378365095714196,1.515018995750765,1.4901315445614343,0.6265885970504069,0.6360196598342921,1.0213068047001788,0.8234964902828202,0.18076503308191882,1.1136882230028882,1.765675761673702,0.5472849837058084
2014-02-10 15:00:00,DEHM_BD,1.6577868603024726,1.5206619819096756,1.6395423974412877,0.6788710776301983,0.8257023618006532,1.2919548453836194,0.7606927422313955,0.1626296936823425,1.2408555538328736,1.752256153645995,0.575234315889459
2014-02-10 16:00:00,DEHM_BD,1.7297037590438453,1.5181386356089055,1.2078503635487918,0.7234012344643062,1.1080348693868076,1.7285746238735684,0.7276925799175723,0.1429967137680573,1.5519595809832403,1.8426187212119343,0.5999513543866294
2014-02-10 17:00:00,DEHM_BD,1.790452582510002,1.5661747980469676,1.1019971658336634,0.8280944518799821,1.6165892700343834,1.9388678868014397,0.8299699669126033,0.11472952432572833,1.897657619879432,1.818614548491952,0.6099045727244764
2014-02-10 18:00:00,DEHM_BD,1.788859697389137,1.880893224843816,1.4420257270126697,1.0611914160078326,2.1151162408401203,1.8770154500066107,1.0176404196070372,0.09459253638211623,2.0328596717649514,1.7530124661129434,0.6158579001485556
2014-02-10 19:00:00,DEHM_BD,1.8554302241202816,2.0137832558439763,1.579652169902826,1.4563896987873748,2.448153342908282,1.829165924007661,1.2515337923313967,0.1077387647303938,1.9515660752483457,1.790785246792305,0.6287929531461931
2014-02-10 20:00:00,DEHM_BD,1.8599623644783716,2.2149354861219335,1.6010308150259818,2.0356124020803734,2.5876094040916247,1.9335342408397964,1.530558589200888,0.14469917570337634,2.0893857035653105,1.7930533355319498,0.647218717284221
2014-02-10 21:00:00,DEHM_BD,1.8275596584315599,2.282476055171946,2.2319754283361517,2.6449160712902184,2.617347941270762,2.167841443513138,1.8821392327075694,0.1904631719273327,2.129289772388879,1.8267695914103463,0.6651745958902313
2014-02-10 22:00:00,DEHM_BD,1.8741075007847416,2.0261810286848925,2.580220019351205,3.006507539474284,2.847029910691227,2.5652646794568503,2.3412571397788353,0.2914175780940055,2.045222436666861,2.0228619312486984,0.6835657104186248
2014-02-10 23:00:00,DEHM_BD,1.9791537629834934,2.084861460330212,2.6897880073641605,2.9693646773161473,3.273384588316132,3.291855211307441,2.7401161392307234,0.49432646314144124,1.9938874385312944,2.081168509132918,0.6970120519817853
2014-02-11 00:00:00,DEHM_BD,1.8604245390509067,2.1548935198270947,2.649164984241452,3.355914823124958,3.698369574495804,3.8694149778846976,2.9170380510165157,0.6435886125469208,1.9803176686980577,1.854524264740236,0.7037928232820563
2014-02-11 01:00:00,DEHM_BD,1.5588458519341797,2.058036507306076,2.525629501436001,4.090614560232425,3.8639420936693534,3.971649398596371,3.6557219869003643,0.8289206070202588,1.9841192759719493,1.849639074418992,0.7115280459144897
2014-02-11 02:00:00,DEHM_BD,1.7803307371765562,2.0479161190740296,2.5163546887163863,4.7062902316608755,4.187445698502558,4.033282722741218,4.537594424844472,1.232791629166603,1.957303252789825,1.9693451444323362,0.7239153723867237
2014-02-11 03:00:00,DEHM_BD,2.2127441585979843,2.0816335312856733,2.390935139779625,4.3630256343626,4.267564199550475,4.022956165288754,4.740162281541727,1.671268986786157,1.939902600133382,2.1709992932328768,0.770118144556617
2014-02-11 04:00:00,DEHM_BD,2.5264073718901234,2.052459876545928,2.4433844154692435,3.4039042761963976,3.2799802844206987,3.3645046649837496,4.465109932154927,1.7096671119194848,1.747914557627812,2.3840754400535857,0.8577766083129135
2014-02-11 05:00:00,DEHM_BD,2.96953781898394,2.0720835911579805,2.5095733707312493,2.6291060718092325,1.9553577947648988,2.369905957371276,3.432037498815721,1.4556941367182135,1.511700357199162,2.9075121060377733,0.9540915552817488
2014-02-11 06:00:00,DEHM_BD,3.296185064519949,2.17862902025342,2.352333348868545,2.4328146113028657,1.1274798266948574,1.8889473725171013,2.459400058363052,1.0049398225602506,1.4658653625694846,3.363690363912955,1.04112111305058
2014-02-11 07:00:00,DEHM_BD,3.7190189412075103,2.5272012987577916,2.4533460557986424,2.492763293568066,1.3096510431617125,2.017314712614154,2.1813574499085475,1.075688591197729,1.4607529668836297,3.735095661680046,1.0693446013946457
2014-02-11 08:00:00,DEHM_BD,4.083356678802744,2.9520586589184585,2.6890440541257155,1.9414087471087882,1.8990895286931844,2.1463631268924908,2.2236770954508285,1.791604079993516,1.4278591199403907,4.044723676835597,1.0511665873678027
2014-02-11 09:00:00,DEHM_BD,4.187042882464976,3.2839958501258195,2.802844190015886,1.6311437162675628,1.0277988724729512,1.4014130988626565,1.8148328429186649,1.8846032900959255,1.3969148737210801,4.035897831220328,1.068275813737856
2014-02-11 10:00:00,DEHM_BD,4.19336909253113,3.5493960704277034,2.7979280608591246,1.32834044946783,0.6771640751352394,1.0678119247773576,1.4213355967406638,1.6262465836849809,1.4408119312858296,3.224310728752613,1.0858886447426956
2014-02-11 11:00:00,DEHM_BD,3.8236030809581276,3.5569707715470584,2.7706710348972354,0.8950955766494573,0.9018786755976732,0.9013005282100488,0.9916692000568874,1.4262427026888727,1.5759710843271717,1.652647267484665,1.1051097624208777
2014-02-11 12:00:00,DEHM_BD,2.7492690945656597,3.4967569559761698,2.7797423316614234,0.7401733159279269,0.7777419513497663,0.7821830185899417,0.8679904306695732,1.4116289502695203,1.767525123833682,0.88876065939188,1.1403854201543984
2014-02-11 13:00:00,DEHM_BD,1.290939386829883,3.2892758935071345,2.765648704619631,0.568830813439245,0.6128050458535692,0.6369656707285607,0.6399995266414107,1.5912654617518185,1.9446902204615504,0.740245059276782,1.1712376970612817
2014-02-11 14:00:00,DEHM_BD,0.7705189804624021,2.8961419887116926,2.746012196815386,0.44157531316354837,0.4571214892745716,0.5059634139305219,0.5135977459952346,1.66990231949687,2.0711796698420355,0.7499567261648923,1.1892179540773016
2014-02-11 15:00:00,DEHM_BD,0.7151989960232377,2.2154069303720445,2.6593098463570843,0.4349333208807209,0.3429619514243072,0.48596959668475015,0.4988858952342523,1.7016619551341232,2.187330840670655,0.7017589346219971,1.1955358058058099
2014-02-11 16:00:00,DEHM_BD,0.8098420564842225,2.0003628329151124,2.5719635726856858,0.4543678509223013,0.28195055698103255,0.5416406131607643,0.5492489009640374,1.7990243435530364,2.295570325260884,0.956283259788528,1.2151368507907168
2014-02-11 17:00:00,DEHM_BD,1.7789030255162717,2.5144927949786555,2.813161633857619,0.42185310796080033,0.19141363774490533,0.4172496120499096,0.5200293067993733,1.7978448391798136,2.3667346423652393,1.4350651156879217,1.207157888760902
2014-02-11 18:00:00,DEHM_BD,2.7206490860264005,3.363681319673415,3.3286299664262216,0.388240794447537,0.13002416496134345,0.31531385043765403,0.4330866173273521,1.7884883370557427,2.314286898580715,2.3748974048384652,1.1580929570545255
2014-02-11 19:00:00,DEHM_BD,2.854865224118381,3.202582161352616,2.692154377748142,0.3311156034386435,0.15850109201833584,0.2525036806610365,0.334274848521708,1.8192592698642611,2.0621587877990306,2.758630771572702,1.0964106858355924
2014-02-11 20:00:00,DEHM_BD,3.382149856888242,3.429514690276534,1.4059642057629858,0.2510608952796924,0.2307595198148209,0.31671709178415175,0.23759495597713154,1.8564256499612333,1.6868431791481375,3.0890964971549435,1.071411878909692
2014-02-11 21:00:00,DEHM_BD,3.68432308404224,2.551326778250188,1.5533650327279835,0.2107618719088075,0.40760840494295114,0.49123117083721846,0.3064272046507579,1.7816212333863972,1.080575832527876,3.9517469335239195,1.0906107068820297
2014-02-11 22:00:00,DEHM_BD,2.2472828483691165,2.1504526950344256,0.8626318173256237,0.28694577979964075,0.5673489632439287,0.7405626991836096,0.5276692732141637,1.6113011416751144,0.5778744353306291,3.412699826004859,1.167422148477584
2014-02-11 23:00:00,DEHM_BD,2.890922075332361,1.9412221087851282,0.2820990318545233,0.4941813566952128,0.5170859097606526,0.9700279656203021,0.8284166488974577,1.3767423531424998,0.5547515117450058,2.160337971665729,1.3190604768906533
2014-02-12 00:00:00,DEHM_BD,2.9984962597502496,1.0333280746187736,0.17937348602182224,0.7753550046878313,0.45091452402925575,1.2095350050239149,1.155512890667123,1.4032430296325682,0.8119266934271157,2.986914593262174,1.4546097210612148
2014-02-12 01:00:00,DEHM_BD,2.7297324836257477,0.3541272360419109,0.2633659327779651,1.1105094791520624,0.5051675089547596,1.5286290776641387,1.516554221160676,1.328374542709887,1.5148942257088422,3.105996125783231,1.544562867297381
2014-02-12 02:00:00,DEHM_BD,2.0316638806909695,0.25781634140441645,0.2671020977146824,1.5260471847608998,0.45947762997074976,1.64073469130449,2.1210761649783003,0.782754717990607,2.308405569936633,2.518403238279149,1.565258570004478
2014-02-12 03:00:00,DEHM_BD,0.9455775064149496,0.32884287490235165,0.21718069546926536,1.7398708286817415,0.5174049329317313,1.2916895729536748,2.358896981545002,0.16296308328777542,2.2157237881884724,1.8885042145831883,1.48128667772077
2014-02-12 04:00:00,DEHM_BD,0.4113876193322985,0.3856623593856207,0.1695385629194675,1.512576245753055,0.529060702782925,0.9861621854349598,1.904110705122943,0.105280777337551,1.6812006611768158,1.4384345662453026,1.3530815454992653
2014-02-12 05:00:00,DEHM_BD,0.4790784002497047,0.36381137420402826,0.1681984704019563,1.507399388613745,0.5911271645668381,1.12125981747339,1.7854734252927822,0.09913315306540557,0.7638420625101774,0.8648836748027802,1.2219749219278246
2014-02-12 06:00:00,DEHM_BD,0.645685772601664,0.3420148505302704,0.5267233039892121,1.3363705950019718,0.669346905004084,1.193644757768407,1.7526586792798968,0.09833857655854893,0.28600853518981484,0.6245023114230482,1.1137277175583877
2014-02-12 07:00:00,DEHM_BD,0.7805579399888589,0.5471584448171405,0.7257580011527566,0.9287220520087982,0.6910584076517005,0.9740059529457707,1.36981397380444,0.10573580461904852,0.29549779478173693,0.7064860434389859,0.9910673721954971
2014-02-12 08:00:00,DEHM_BD,0.9736479420513287,0.7037967319563031,0.4409341869445459,0.6887536959450691,0.6234107675642797,0.930554418584788,0.9709086414035037,0.15366248703525393,0.3646001950723305,0.8841178752915189,0.8811242744283238
2014-02-12 09:00:00,DEHM_BD,1.2423417971228063,0.5739559600395708,0.35859770173366345,0.5392645094574009,0.6502474500285833,0.7654146715149934,0.78327246363034,0.18979113830063482,0.39087767515109845,1.0508175498099066,0.8056177622203621
2014-02-12 10:00:00,DEHM_BD,1.2765569694085233,0.4915196058172544,0.27137438245335577,0.44875093803521005,0.7098254742072522,0.6581888074784679,0.6351533521078597,0.13779725210532542,0.4475570842802524,1.2084448304317519,0.7335921541733667
2014-02-12 11:00:00,DEHM_BD,1.294840430892594,0.38347905440253194,0.18981094220757708,0.43575261915737395,0.5877016752034239,0.5898731708682886,0.5167133939915174,0.08020064971748726,0.606715909198746,1.4014638245611264,0.6786058238968625
2014-02-12 12:00:00,DEHM_BD,1.230234917190671,0.2842228579246344,0.12037291431930258,0.443865259323857,0.5811042078184895,0.5654724035809118,0.49025890806630823,0.0660026829482986,0.6505149782779254,1.4077332123328095,0.6355816484601237
2014-02-12 13:00:00,DEHM_BD,1.1391034412443684,0.25506998511475026,0.11336972393444374,0.39763147864520954,0.5278284925621747,0.4964810138364903,0.4702378804676269,0.06666824514068646,0.5915259857264253,1.4901535079590322,0.6432496166686853
2014-02-12 14:00:00,DEHM_BD,1.1117072128912713,0.2870217606509103,0.15011229059343215,0.37153350118358297,0.4672671367327147,0.4540441785339958,0.41817508871741293,0.06924328440139982,0.5819210960546135,1.5804257567438016,0.7323498107445776
2014-02-12 15:00:00,DEHM_BD,1.1446679545482317,0.36578052736055094,0.25050085655640797,0.3963243497545789,0.4984698398640426,0.5054576285000939,0.4530206515533135,0.07820661996594623,0.5777300847745219,1.603515723796296,0.8999488617280684
2014-02-12 16:00:00,DEHM_BD,1.3632875418818788,0.5554067277269576,0.531804815790234,0.4062017795221622,0.5425086087167424,0.513872017092544,0.47170390401612206,0.0993703977968728,0.5158040586589648,1.6963308669994959,1.054151908071324
2014-02-12 17:00:00,DEHM_BD,1.7244496494508743,0.9080509271652157,0.91664149672898,0.42535876122774774,0.4836592226241202,0.4564512092111224,0.44148366746253415,0.11177944295385843,0.5320670715355407,1.8979877373841871,1.126288281688434
2014-02-12 18:00:00,DEHM_BD,1.925607547334104,1.314763111706539,1.2721397454057355,0.41685802931923616,0.3947764016455504,0.40273551111322814,0.4255645112954876,0.0984014333398638,0.6742140555187035,2.1013046653471306,1.046950354789883
2014-02-12 19:00:00,DEHM_BD,1.9686039367884907,1.5337240481107752,1.4377559424632032,0.37356504148509345,0.27296558274786903,0.312996257462399,0.3892442659573943,0.11740229822013515,0.8993140043291821,2.43072871063665,0.8581235750736202
2014-02-12 20:00:00,DEHM_BD,2.0212158404211027,1.4868170535027248,1.5694166906577407,0.34969159331226246,0.22969937327918594,0.23230275021244068,0.31778714417827303,0.24676453692499534,1.1732511131895007,2.617689489894099,0.6936340060588088
2014-02-12 21:00:00,DEHM_BD,1.800782483807551,1.9697133798690227,1.9997715883438865,0.26216763042108143,0.23942621126778413,0.20195278106969883,0.2231632780276284,0.6436918213474004,1.6689653120271815,2.374921764815077,0.5932971725460515
2014-02-12 22:00:00,DEHM_BD,1.7544664557207001,2.458232191504645,2.040877551426343,0.17296874100009196,0.247362121855784,0.20497738076325142,0.19106213033610248,1.1667943911816179,2.0946387589163704,2.2153318428588005,0.5554621687765675
2014-02-12 23:00:00,DEHM_BD,1.8643288547310233,2.0358443029851836,1.611104746871665,0.14536212642872687,0.2704341539372874,0.2551048685420234,0.19545801959264253,1.4082228379625268,2.3067520158785393,2.1691858906878347,0.565113608041629
2014-02-13 00:00:00,DEHM_BD,1.5513867570072413,1.685007638265132,1.0755064210399052,0.16176669702907076,0.22942125714858988,0.3230085655018704,0.24261564407719055,1.6012814973116667,2.1686451880463586,2.2862514358633383,0.5894984408131521
2014-02-13 01:00:00,DEHM_BD,1.4860636638598144,1.4592133369531575,0.5882974259766283,0.22520410400541135,0.15261235963806496,0.3040366300959553,0.30928016514081796,1.5207137755456563,1.8976550342329592,2.000355729084089,0.6158956687304935
2014-02-13 02:00:00,DEHM_BD,1.7259895360508748,0.9879125333330778,0.3276998945115319,0.27558968140902695,0.10784177897913369,0.23288646733832252,0.319075342793684,0.8690450064486264,1.8597815771705655,1.8207178796270862,0.6411841052043065
2014-02-13 03:00:00,DEHM_BD,1.7746215874435844,0.5193387867876514,0.30121865131010306,0.252580554056384,0.10405727541284628,0.2271789032745215,0.27886582902872914,0.31707622029393906,1.8373880246056618,1.8688681154204436,0.6524279053602832
2014-02-13 04:00:00,DEHM_BD,1.3723048066294936,0.4203944860212317,0.2819037242073005,0.21596367926453808,0.11895904366387035,0.261630850004902,0.25689732724794007,0.11449795749496658,1.8203793212141095,1.8963627653792312,0.6763945227941404
2014-02-13 05:00:00,DEHM_BD,0.7607386919032036,0.5270014354421384,0.25468783364945535,0.19098312850899343,0.14191403609739603,0.2997281042662605,0.26310485506570835,0.08818288805935512,1.8635722942416737,1.8996942122770752,0.6976889954854733
2014-02-13 06:00:00,DEHM_BD,0.4925796417525037,0.5314854738145787,0.22725923041631924,0.25658689713396704,0.20000619214374554,0.34949097658330974,0.29417209915769793,0.0846084343708678,1.6980489882096648,1.428783739510998,0.721438325551115
2014-02-13 07:00:00,DEHM_BD,0.631363641503714,0.5118797303844429,0.178661782152776,0.3474861443645365,0.2724980372217669,0.38961536244336764,0.3207634048668563,0.08198587470855559,1.0947051431065054,0.7699720454684738,0.7599635335654579
2014-02-13 08:00:00,DEHM_BD,0.7446936674507847,0.4580663177518173,0.08894604028768659,0.32907356492991435,0.27351126316613505,0.3621132447255594,0.353429997997406,0.07758406081907435,0.48665759725403035,0.5875604821433499,0.777107845042795
2014-02-13 09:00:00,DEHM_BD,0.7007808445975743,0.405327955988841,0.06361026307317769,0.312484552924303,0.2513970980149134,0.33282988799944274,0.3542983986652688,0.07004760803326951,0.39602690987857053,0.7085801703368313,0.7839827583282717
2014-02-13 10:00:00,DEHM_BD,0.6558084531682356,0.3329737066795373,0.060417553304477886,0.3222801387051923,0.2577067827126848,0.352728639544848,0.3647414058150036,0.06819139057382928,0.5026427070541863,0.6890650260204914,0.8737626060487982
2014-02-13 11:00:00,DEHM_BD,0.5817176986571202,0.2400824173630994,0.06148435431391915,0.35511548704097207,0.2737900258809466,0.4245871038116247,0.40315720820558015,0.06641836117386801,0.5032141971287782,0.6596921754983626,0.9539737417460605
2014-02-13 12:00:00,DEHM_BD,0.5412761336367193,0.12908978282688988,0.062304840790685136,0.3668550371957404,0.29530970498335063,0.4897875871024885,0.44298977911589166,0.06676637933725942,0.47153113941745817,0.6577111301423655,0.9726264487626404
2014-02-13 13:00:00,DEHM_BD,0.5355918696895754,0.10728159602486863,0.06237314957728603,0.37923177203488534,0.28306282653744325,0.5224620660034386,0.46842106247980264,0.06870026357031418,0.4828457503313105,0.6412437587599188,1.0174365074077247
2014-02-13 14:00:00,DEHM_BD,0.5194556178128898,0.11980053431548282,0.06350740185788353,0.36768551117169956,0.2609773526589665,0.5325457382989318,0.5027370336408947,0.07351959736819368,0.4953141100885904,0.6159826033197904,1.106201280251965
2014-02-13 15:00:00,DEHM_BD,0.4659102319856995,0.13738225745158492,0.07074664009784337,0.35997798667603653,0.26219652287330475,0.5029967860427778,0.5398680776653974,0.0761229697621379,0.5025043762105889,0.6094620032461466,1.1849456349442897
2014-02-13 16:00:00,DEHM_BD,0.4753899523159197,0.17499798846546544,0.08951790932997818,0.41795543089602927,0.2639782810048385,0.5330313447036387,0.6188850151432923,0.08218052638226647,0.5284299064099718,0.6417794133472763,1.2090600925076007
2014-02-13 17:00:00,DEHM_BD,0.5715156293433166,0.2668166907999222,0.12393555103487322,0.6169109989656468,0.2578726595420109,0.6784646325541321,0.6477980317417271,0.09066926188349245,0.5960620025175762,0.6721911736833033,1.166446219510138
2014-02-13 18:00:00,DEHM_BD,0.6605653034956216,0.4233320779593107,0.1720018708221427,1.0232956335356742,0.2201165842845941,0.8724660120045691,0.8151520506329694,0.0977193966607934,0.6574231658310047,0.707837492543226,1.1229106335505843
2014-02-13 19:00:00,DEHM_BD,0.7081223430256848,0.6091394598376436,0.23541806184668082,1.1801955362630214,0.18206212140614153,0.9722148360203304,1.1538091666869912,0.10801874993501914,0.7217467530007049,0.7542964952551627,0.9743625390145183
2014-02-13 20:00:00,DEHM_BD,0.7971485140480078,0.7737721174975123,0.29136755009445825,1.012231437586564,0.1717594189319991,0.9155481439895101,1.2302968185895256,0.11592285616354071,0.8177761929526284,0.7817023757205855,0.7806027354924381
2014-02-13 21:00:00,DEHM_BD,0.9258787887760601,0.9564657958958961,0.32700438077502403,1.2366417185912388,0.16160608200274387,0.870991640793574,1.354516518947358,0.11732019006779414,0.970623179615729,0.8789143345178873,0.6700369713954346
2014-02-13 22:00:00,DEHM_BD,1.0305059686461067,1.0414589668175904,0.336295450930707,1.532865810534026,0.18603066477385338,0.8531184352424217,1.3187764285910843,0.11712627341718393,1.1536449342962354,0.9941716178365471,0.628887808545311
2014-02-13 23:00:00,DEHM_BD,1.056068159180274,1.0381260855321586,0.302360821908647,1.426789566682721,0.1766751476974133,0.8596735832507549,1.204895361994791,0.12110107640773043,1.2695260083679576,1.0603087953760473,0.6160285538168296
2014-02-14 00:00:00,DEHM_BD,1.025113338844349,1.0513818473384342,0.29371496934267216,1.1230329731153725,0.1863891336726395,0.9016309263084832,1.1696898232079505,0.12317640386346712,1.4030518263504748,1.2294846440778113,0.6207346398616068
2014-02-14 01:00:00,DEHM_BD,1.0784981912492424,1.0175861227700254,0.2925543355561886,0.91999386033796,0.2093672945396694,0.8848193252789274,1.0977540640976022,0.12510214326180502,1.5325781798986615,1.419789911654815,0.6342894661812298
2014-02-14 02:00:00,DEHM_BD,1.1441533062543534,0.8835607316472475,0.2961820633172196,0.671789089352794,0.22821507205470448,0.7443971495963251,0.9328463355976295,0.12378995984897007,1.6132280230638596,1.4906401867305301,0.6633599262734782
2014-02-14 03:00:00,DEHM_BD,1.5975770999755057,0.7002746971204596,0.2857889000488025,0.4735569436993397,0.2556245309962144,0.6633597695723383,0.7899904140322862,0.12813768062241357,1.6640244285347392,1.502461674448885,0.68789087340801
2014-02-14 04:00:00,DEHM_BD,2.3988981052103173,0.5560776337751279,0.2982938309766025,0.41121708738830975,0.33558810933901917,0.5956450740183337,0.6516861130774136,0.13779730347029864,1.7485118067531846,1.634891401184611,0.695941879921602
2014-02-14 05:00:00,DEHM_BD,2.9499823473816367,0.4438619606690759,0.32787448555699306,0.3673183515688532,0.4307090007132337,0.5443045464114727,0.5745932138146692,0.14429242421306657,1.8494044024582348,1.8431604547428992,0.6986422310073394
2014-02-14 06:00:00,DEHM_BD,3.3076886395240948,0.4353443956791422,0.38290562733685124,0.37860669702265165,0.5176522897971001,0.5237874683241603,0.5478725393019621,0.13439272976517658,1.8872204430079789,2.091181262995675,0.7211337410636431
2014-02-14 07:00:00,DEHM_BD,2.7931742879598587,0.4564447663157851,0.41939827092709003,0.436782645331415,0.608558650498255,0.5323114232716647,0.5406186216460753,0.10016136301472771,2.0023922458150523,2.2222003253048657,0.7622924940442246
2014-02-14 08:00:00,DEHM_BD,1.9784203181128577,0.4968062038075458,0.30802193146308177,0.43373817912122925,0.6198623827043082,0.5355877277758915,0.5291825737782535,0.0636702892664819,2.106193842891678,2.1731921232081812,0.822601484871651
2014-02-14 09:00:00,DEHM_BD,1.2925497071833536,0.45924143297427317,0.1665528599106449,0.4798192728000977,0.6827385166360018,0.5736730742673366,0.48367113315127636,0.04921727773144824,1.9985209482162818,2.537852144908123,0.9882393449771123
2014-02-14 10:00:00,DEHM_BD,0.9107690751785784,0.3497946539896911,0.0996979004862019,0.6350159316160722,0.6900757243801374,0.6810990233682339,0.5781811108868499,0.04155336000312104,1.6597053555136172,2.761284971782342,1.2005580188207698
2014-02-14 11:00:00,DEHM_BD,0.7331526994192878,0.24211254513539832,0.09900033420467502,0.579240810231365,0.7368263714056018,0.7251302109381597,0.7309372093420553,0.037734101957045366,1.1020087798709235,1.9514687898510508,1.4034841754785181
2014-02-14 12:00:00,DEHM_BD,0.6228654342392972,0.1597754648390365,0.11114460623213546,0.4452584809644948,0.7401762682704277,0.5535337946170216,0.534515977662396,0.03948887400867402,0.6762438878992572,1.3188319515532418,1.5423439468498528
2014-02-14 13:00:00,DEHM_BD,0.4959109014512551,0.1339229453752096,0.11882445255622719,0.3748529373021752,0.6060478597231185,0.4716955198320215,0.4228382153363408,0.04351314416091878,0.46295457754444336,0.9438112813205598,1.6375189518101512
2014-02-14 14:00:00,DEHM_BD,0.4327037445000371,0.12212208926304813,0.11516516248624992,0.3516241352772531,0.46981452879660995,0.3855428197943873,0.36713062734245455,0.047516452778493846,0.40443562972876235,0.8394989698407752,1.718233802190274
2014-02-14 15:00:00,DEHM_BD,0.41780452630591103,0.12050771500328544,0.10947352662986945,0.3927231173230753,0.28250739207301045,0.27990234578028467,0.3691104374558507,0.04934672747452741,0.377545733980704,0.7523687070938454,1.8126700363397599
2014-02-14 16:00:00,DEHM_BD,0.4795675993223162,0.13509950185462813,0.15040283570128013,0.38219798031688196,0.16719736700333637,0.19787808711764973,0.42940775500197415,0.049048473650961995,0.379515913884379,0.7657626270773238,1.8832353027820588
2014-02-14 17:00:00,DEHM_BD,0.7250108454415644,0.35478260534209416,0.5657191992977564,0.2605694042059917,0.12063565610739387,0.1630473089680401,0.3674683979671611,0.049034140199962745,0.4066474571153427,0.9072013153937633,1.9077887320339681
2014-02-14 18:00:00,DEHM_BD,1.0896471280277888,0.8845000708899576,0.8717495041513257,0.15146897209008217,0.10146495356462881,0.12272622499704111,0.19280051366467477,0.05440373480474557,0.387920796550149,1.219496861117268,1.898195831733942
2014-02-14 19:00:00,DEHM_BD,1.4537523771094345,1.1256367651064345,1.016918004585548,0.15377949430396756,0.1644496477468682,0.16796795682714308,0.13996130930741302,0.07881189300432796,0.36843189711162816,1.6001527670936215,1.8479708118903635
2014-02-14 20:00:00,DEHM_BD,1.5505269332111673,1.327457956709111,1.24401499952153,0.20540442223780778,0.3452380408453567,0.2867963949411093,0.22310863679416706,0.10296554535604997,0.422034803450005,1.8355387142162585,1.7384787695252895
2014-02-14 21:00:00,DEHM_BD,1.6323651440639495,1.2560616188170575,1.4664685696261435,0.21419054444211175,0.4622067012565489,0.2822761888013197,0.23116677149658377,0.11878508223630474,0.5148360893292725,2.10238905223215,1.613148924232721
2014-02-14 22:00:00,DEHM_BD,1.388673009724198,1.455746593749393,1.2690068984367375,0.21190531657357048,0.4023374627410433,0.2394535192417585,0.20834692117913087,0.3485873974804579,0.8566107894515851,2.004568757150456,1.5091411233687402
2014-02-14 23:00:00,DEHM_BD,1.2860476713620312,1.034405098828515,1.0730049074244405,0.18998017828630095,0.33467851488605593,0.2189950457194219,0.19891860945470968,0.9310690392113103,1.3773630040530023,1.6682473871453292,1.424775898003578
2014-02-15 00:00:00,DEHM_BD,1.2993833420160972,1.1091634796151704,1.0774545216339129,0.15561650505194777,0.24582433885510058,0.1790324877726193,0.178024738894673,1.5799632753622066,1.4012323822766168,1.5389107143893275,1.3689291420149803
2014-02-15 01:00:00,DEHM_BD,1.5488464769209642,1.2361899204660394,0.8102095517414623,0.13302816668792736,0.1395192071515274,0.11777284469874354,0.14282677255146486,1.5988180297456493,1.3200558915472964,1.414115021737609,1.2986542014473677
2014-02-15 02:00:00,DEHM_BD,1.6892471630374901,0.947272143407492,0.3431696301941479,0.11249526407674121,0.09500199513099611,0.08524855125563378,0.11833171873291135,0.9874385345989465,1.2275204617251454,1.6380986990112998,1.2297362571939825
2014-02-15 03:00:00,DEHM_BD,1.5633728615942228,0.4705908564987032,0.21338136263479002,0.09005470022065963,0.07741985493927249,0.07332619419471813,0.09450840791731253,0.6177037960099429,1.261935317622414,1.7631694728762235,1.1739985650604963
2014-02-15 04:00:00,DEHM_BD,1.4560662547540013,0.17656959523195387,0.4636983621703739,0.07270826137758482,0.06526676165079696,0.064595588346408,0.0741064282280491,0.4105763272547721,1.2735769682159275,1.6718259581782668,1.1270952661156655
2014-02-15 05:00:00,DEHM_BD,0.9480406772515924,0.3862732904414925,0.7348211438655294,0.05962435283867283,0.05740556890702324,0.058153668600620365,0.05835692220294147,0.20687904454775147,1.2679800435622037,1.4448370461165905,1.0735976700541376
2014-02-15 06:00:00,DEHM_BD,0.37121431506441893,0.7325710000039636,0.7732065812636492,0.05136404919613019,0.054724333392712245,0.05658297282455239,0.053246942517617565,0.21883486313145595,1.0300958060279488,1.1918935605704783,1.0492102678602933
2014-02-15 07:00:00,DEHM_BD,0.5240577749680726,0.8386555949869752,0.6277983860461274,0.04787847607387867,0.05524380876862894,0.06705669279356587,0.04653736541750831,0.36413579192273315,0.7208188344258069,0.8095478329470007,1.1034709960900246
2014-02-15 08:00:00,DEHM_BD,0.7295753449905942,0.7478170324604025,0.43800151047129643,0.04430926617354144,0.059093854869170945,0.060373350060096684,0.04482162365606565,0.3490600720476731,0.4305570411336421,0.7625651534403675,1.1528280506166817
2014-02-15 09:00:00,DEHM_BD,0.7170572198233846,0.5918481052422941,0.25097861224308016,0.040449218500649364,0.06386691880233569,0.05720835574615451,0.042537187482967205,0.2410067001703753,0.35764660493899125,0.9178093328995769,1.112357153020799
2014-02-15 10:00:00,DEHM_BD,0.5850083940851083,0.43619794279976276,0.11952000054468045,0.03823946349268152,0.06619784716711824,0.05950047659431611,0.04428091530593208,0.1577517792371659,0.47464660219520316,0.9222462134284246,1.0381023217758536
2014-02-15 11:00:00,DEHM_BD,0.40438494420232696,0.31048396129312217,0.07049481028569146,0.038372459634629125,0.0698953430599159,0.07920317573059191,0.053175883146195375,0.10752348197691128,0.5740977857725135,0.793621724189522,0.9746855915571748
2014-02-15 12:00:00,DEHM_BD,0.2653674022867634,0.21231402056715676,0.06579295789009296,0.043211809789536516,0.07043769669866176,0.10215084600391139,0.06424021515164387,0.07122319196110577,0.5821299121029534,0.6444857985617174,0.8821436086966842
2014-02-15 13:00:00,DEHM_BD,0.2010928421511884,0.11685057651900498,0.06874435831136762,0.048854929206550525,0.06984855813017102,0.1111884454665352,0.08298477734417672,0.041056475964188446,0.5276344627912575,0.529464554956957,0.9004497515445202
2014-02-15 14:00:00,DEHM_BD,0.1708355320285387,0.09523628909922836,0.06995810186634173,0.0558119726570039,0.07258505842041212,0.11257565066322579,0.09311296364127622,0.03601212616464107,0.43467866661963045,0.44745451545350945,1.067689322329536
2014-02-15 15:00:00,DEHM_BD,0.17079882925253465,0.09920551314129106,0.06644443038209782,0.05966340012430478,0.08025696795864015,0.106422761958129,0.09765797723142594,0.03409803822698528,0.3645328634629211,0.38353283304618657,1.1510785386420785
2014-02-15 16:00:00,DEHM_BD,0.19052532940888475,0.10419428999232908,0.06512607775292349,0.06356015292268238,0.08040115468533701,0.102380085961259,0.09934024165584687,0.03686219111634171,0.3254993069409391,0.36328039400614326,1.0458808632034065
2014-02-15 17:00:00,DEHM_BD,0.23108279330798293,0.1049250158224678,0.06436471636455504,0.06772766647185278,0.08332511776228883,0.09779756667112562,0.11246826972510769,0.03765459845414594,0.31978481728740493,0.37307634432559356,0.8181970454657076
2014-02-15 18:00:00,DEHM_BD,0.3177717680278111,0.10385904642592295,0.06585900562543874,0.09505982112655804,0.08074990744033589,0.11644576628941133,0.17488933686992642,0.038908443563631545,0.3724013763712438,0.3723466059831808,0.6638320267818868
2014-02-15 19:00:00,DEHM_BD,0.43907807037257524,0.10543789257276791,0.06749560882814674,0.13569321898222422,0.07753165297814169,0.12396688295655353,0.2647266900964563,0.04073094806476948,0.4511328623082534,0.40189888578259836,0.644321395748332
2014-02-15 20:00:00,DEHM_BD,0.5852186061526438,0.12447044347977018,0.06772229439856002,0.16804670700946436,0.0915772103099896,0.12011953864756034,0.3238816572774169,0.04441293097623615,0.5475760197495761,0.47503935556097243,0.6746465755871683
2014-02-15 21:00:00,DEHM_BD,0.7164453064728096,0.15670461064193386,0.06908847479070515,0.19371201853089165,0.12847284646175783,0.12064871733033608,0.34036324509848515,0.04879037404999131,0.6320195661056861,0.579054032735445,0.7653445686133951
2014-02-15 22:00:00,DEHM_BD,0.7990481538911857,0.15341864685827622,0.08540453643123601,0.2311997055165455,0.15978838620202604,0.1329155592969058,0.2936379840740334,0.050174322235328,0.6847446681630756,0.6915954624030172,0.8530789378649555
2014-02-15 23:00:00,DEHM_BD,0.8555755343802308,0.12158857857217525,0.10660254763601336,0.26974584705516447,0.1622572272760513,0.1530143241234425,0.24856062569419146,0.04251892639790181,0.742539889271297,0.8104810007231336,0.9127177133443114
2014-02-16 00:00:00,DEHM_BD,0.8822744303902577,0.11898472421737374,0.042371109603610645,0.25496675232755295,0.15335540893021948,0.24067848673376369,0.24020858577154214,0.034741373780602366,0.7684474284012335,0.9478547668756201,0.9765889820832945
2014-02-16 01:00:00,DEHM_BD,0.8055247122025344,0.09736462583295985,0.05273601994478823,0.20877939357189101,0.1725549852846934,0.38704191786787934,0.2688176753921335,0.028941751309619144,0.7327314850385918,1.1058560826249457,1.0302585210117883
2014-02-16 02:00:00,DEHM_BD,0.685765195722092,0.048468468986337415,0.06341184780192782,0.19327343556821638,0.21427033398197962,0.5317747499650898,0.3417291596367652,0.025733212059186647,0.5862970008371723,1.1527089693922468,1.0349909432038664
2014-02-16 03:00:00,DEHM_BD,0.5387682627083161,0.04966225932039654,0.06794928838318903,0.20039381548028193,0.21710665243215854,0.6941192466175297,0.5108982485717056,0.02598517547895192,0.3592909065360947,1.0327303641492978,1.043490830979701
2014-02-16 04:00:00,DEHM_BD,0.4113420202844683,0.06053968364243608,0.0637892634460363,0.22947295533391804,0.21177264995665268,0.7876924161168578,0.6963554430830752,0.027468870731375505,0.15145157379331045,0.8564633291053538,1.1054395553735643
2014-02-16 05:00:00,DEHM_BD,0.34294753830236835,0.060327639065621094,0.05788009206959152,0.2873284897123114,0.2098237072601447,0.8140266464867955,0.85937676838645,0.027781537141827756,0.08661546891896042,0.6929239358755177,1.1574989147880301
2014-02-16 06:00:00,DEHM_BD,0.3256419313163681,0.058955721718584896,0.05420501808358349,0.3583010627913713,0.22359633221587144,0.8325853717165629,1.0207133069837355,0.026985130602463388,0.07638328672134305,0.6046123879303642,1.1614258429310471
2014-02-16 07:00:00,DEHM_BD,0.2731114581670983,0.05452519776913663,0.05561619308761778,0.41827239777133307,0.22749292616642994,0.803716047135613,1.0751555227746366,0.024327224218424984,0.07746667418137179,0.5553682265037623,1.1253197154135257
2014-02-16 08:00:00,DEHM_BD,0.19001784781030134,0.049321205123760564,0.05910162945666915,0.5261813146150289,0.2044909268084401,0.6347215485341695,0.9187408950780169,0.018540851895449927,0.08119221855984049,0.44335483665338005,1.0323144275368563
2014-02-16 09:00:00,DEHM_BD,0.13998123494727072,0.04711445530976147,0.05592079845936956,0.6394707600261929,0.18812930129541997,0.4365570303349377,0.6656892366718099,0.013815980112794066,0.07684792995386282,0.3341272770055196,0.8748583177885225
2014-02-16 10:00:00,DEHM_BD,0.10505344435445485,0.050927081785700136,0.0486404814294553,0.6727144640799838,0.19071166676159,0.35753946183355745,0.5604381605647482,0.020301824390594695,0.0679896162559836,0.244901083183321,0.6748261571988835
2014-02-16 11:00:00,DEHM_BD,0.09268366906573049,0.04844415480843392,0.04400992102552315,0.6472990238265244,0.20575515131883315,0.31703574145023694,0.4983778385348059,0.027130488315923004,0.061057868697778135,0.17215923639256497,0.4648189397350418
2014-02-16 12:00:00,DEHM_BD,0.07249286924484286,0.04461515101812426,0.03663686423231603,0.6210567194643372,0.2224340396652369,0.2929011160843481,0.47868177377768906,0.02935159263779869,0.05622112828393452,0.11756202866775203,0.2983550882982182
2014-02-16 13:00:00,DEHM_BD,0.05791952190971224,0.03833874455337926,0.03158494993940221,0.608375516073522,0.2528880135152768,0.28684322530710826,0.5183269917767667,0.04921220191935994,0.047830802755336944,0.08738540808525391,0.1953726417948211
2014-02-16 14:00:00,DEHM_BD,0.049503444005536607,0.03274460061134522,0.028719141988225574,0.5969691780843959,0.26636536312549364,0.2902725705127185,0.521040315480436,0.06919116144966314,0.03358680761965435,0.07212531411358024,0.14074402768551358
2014-02-16 15:00:00,DEHM_BD,0.048060361260522516,0.029808093439019835,0.028525129632381605,0.5611780038167842,0.2561739872232824,0.317206596064983,0.5169857061131495,0.07247534532308557,0.02310902204224825,0.05892180449131158,0.1133861712456726
2014-02-16 16:00:00,DEHM_BD,0.047331577027664676,0.02897639411028812,0.031058483110600894,0.6163227412747315,0.250083861689167,0.4078956450120734,0.5496086938010485,0.06324397055198426,0.036761848398519044,0.054106188155697614,0.09419071225290868
2014-02-16 17:00:00,DEHM_BD,0.04630142089644429,0.03096734273581117,0.03739378087630942,0.7018740387891127,0.2784398101676185,0.5597352666472755,0.6627756126683932,0.05565121219367232,0.058484648613198596,0.05133668486911908,0.07804290488398624
2014-02-16 18:00:00,DEHM_BD,0.04430919826511161,0.03640143530270422,0.043628958333148476,0.8447658512130796,0.4132105789381451,0.8138871408862616,0.964470089519722,0.050187363294584064,0.05772246279629856,0.04969321551057723,0.06652748281457449
2014-02-16 19:00:00,DEHM_BD,0.04379066349516408,0.04205511300484058,0.05030183598838262,0.863250729835555,0.7230311932741662,1.1309891362868507,1.2928839892206758,0.04482184035204634,0.046055202276119776,0.049975973500358914,0.05848705582852463
2014-02-16 20:00:00,DEHM_BD,0.045589983465936845,0.047905824267351946,0.05732558944533976,0.7087192138478572,1.1760090434091166,1.41753041915454,1.5393796819191576,0.04067001334487214,0.038748948245392933,0.05275023107604108,0.051544528702441486
2014-02-16 21:00:00,DEHM_BD,0.04961869468191806,0.053669132884583505,0.06284232771040983,0.836548726456082,1.5144314943372366,1.6659061215408582,1.7171521512106707,0.03794826599487444,0.03844443179579902,0.057190352948717674,0.044362120178639754
2014-02-16 22:00:00,DEHM_BD,0.0544625166660406,0.059407153991326234,0.06411391923690438,1.010409648177847,1.6508491843702784,1.8513758451963551,1.8412561675648846,0.0353920043427041,0.03964354429878272,0.06176316539051005,0.038063178354548095
2014-02-16 23:00:00,DEHM_BD,0.05995304096979308,0.06280778218129582,0.06486093173544019,1.0649962363843108,1.5809305190926137,1.8339348914110776,1.9041621809036329,0.033378870825396076,0.04168154792144878,0.06584227780035681,0.03827573192959634
2014-02-17 00:00:00,DEHM_BD,0.06438704552615518,0.06405763734906962,0.06814470799431654,1.0987414612532278,1.3753722408099844,1.649742000567564,1.9219918127420008,0.03268896361195697,0.04370207972086954,0.06897713189106425,0.03866651395308769
2014-02-17 01:00:00,DEHM_BD,0.07106645776907201,0.06569992085158645,0.0718445910056356,1.1692768195855314,1.5679651848553866,1.7041294119773527,1.8277365389464306,0.033350512156386215,0.04614222192786615,0.07206241405347817,0.033812235680250394
2014-02-17 02:00:00,DEHM_BD,0.0760990702321227,0.06860794370402697,0.07339664898133388,1.1789370852550094,1.6778735203758905,1.7416622017632335,1.7346357380919764,0.03694108926853385,0.04718902033628891,0.07808496554793767,0.03531635149545015
2014-02-17 03:00:00,DEHM_BD,0.08172943287067105,0.07104644142498895,0.07451408640894766,1.0892497114007618,1.7188551921626551,1.7976401548187644,1.5917693529931443,0.04306809343809942,0.04526159417850886,0.08827994757849011,0.05753878662298413
2014-02-17 04:00:00,DEHM_BD,0.09314188334014951,0.07399771181788779,0.07508640480845599,1.0439728646299231,1.6731878599164727,1.977500499035666,1.5669369979650714,0.048961375743574335,0.043135053635258006,0.10070401538497763,0.09947121816061882
2014-02-17 05:00:00,DEHM_BD,0.10397917357307614,0.0749918843841296,0.07633643831029056,0.9759097800223832,1.6660435670333729,2.0097763400452164,1.6304144020227436,0.05024522982032032,0.04366105802396297,0.11552349905464318,0.13534102800159234
2014-02-17 06:00:00,DEHM_BD,0.11041579002561737,0.0769049668515723,0.07646729570562706,1.0027254194127109,1.624437797497865,1.8104484302342208,1.5979782474540385,0.05055117584203592,0.0459582443305289,0.13478274861493827,0.15890878121282198
2014-02-17 07:00:00,DEHM_BD,0.11473684302319981,0.07832675610542163,0.07708300073964569,0.9876101525341299,1.4606299157042566,1.5240810999366163,1.5366933862732282,0.05282238723030764,0.05053057543281451,0.14456371020026718,0.16919381707034292
2014-02-17 08:00:00,DEHM_BD,0.11714268647646751,0.07528510180821286,0.07797130646081635,0.8746613634675939,1.2270267398768944,1.2470227181321785,1.286531108647307,0.05501154873510587,0.058134567359089805,0.13456414270648018,0.15746605422547838
2014-02-17 09:00:00,DEHM_BD,0.11661672494368618,0.07304083753599307,0.07952249832572172,0.7701057429079987,1.0601059630709282,0.9682782226543425,1.050572444187948,0.054586186848571444,0.06378643706940088,0.11961813777896668,0.14264671691405578
2014-02-17 10:00:00,DEHM_BD,0.11685789543653816,0.0688138856266729,0.08314527875613636,0.6836404879987961,0.9649760132351518,0.8596068283150022,0.8464559931167552,0.05419752331954876,0.06681706161886436,0.10866062372710775,0.13140903821241506
2014-02-17 11:00:00,DEHM_BD,0.12186191170209779,0.06747238804586456,0.09174237669407831,0.6051345840015553,0.9708211214438011,0.8883973196511532,0.712935661104526,0.05579597480870766,0.06807247734703115,0.10326840670055695,0.12327191182729891
2014-02-17 12:00:00,DEHM_BD,0.13559503554362556,0.06900077992084187,0.1033821695359493,0.5395861340848704,1.0305074794425442,0.8460131837000535,0.6453231675043238,0.058639050410860066,0.06790091861274083,0.10277474289679651,0.1110794212591937
2014-02-17 13:00:00,DEHM_BD,0.15958200094581101,0.0735092676753247,0.12167457503227498,0.48839987544043095,0.9878453443063446,0.794069179523605,0.6078281349995693,0.059898607543548414,0.06903453059166659,0.1020289134797831,0.09450524203089022
2014-02-17 14:00:00,DEHM_BD,0.20370730244955726,0.08190594686211126,0.1911450979369784,0.42425736300922934,0.7388344305606395,0.801360316267542,0.5586094992872251,0.061825191322672064,0.0697739177821575,0.12405712938059686,0.08309157443074586
2014-02-17 15:00:00,DEHM_BD,0.28284319094767785,0.09706721687345284,0.4451390939299069,0.3958042441955103,0.7799774966680538,0.7890530200405272,0.5747014439814013,0.06338626732037153,0.06978130025435222,0.2143401311791408,0.07541280257697527
2014-02-17 16:00:00,DEHM_BD,0.34369437565773714,0.13521025490711963,0.9725818648936244,0.4060085695271989,0.8723029426481528,0.7827565037842545,0.6078085515965369,0.06308644393959881,0.07165058913292355,0.3448880609058961,0.07151613510857296
2014-02-17 17:00:00,DEHM_BD,0.4703596928553655,0.32583116777391974,1.1440926028666925,0.45254398465499185,0.9525006527910287,0.7730547869956478,0.6587030100677211,0.06364401326935952,0.07546419685935114,0.4522903753964602,0.06612867121256584
2014-02-17 18:00:00,DEHM_BD,0.6607144518267362,0.9154307185087726,1.106532105474919,0.5702958123160712,1.1052774445840297,0.8717151267525325,0.7016254902145111,0.0644506411708622,0.0785442420727851,0.5403305108060314,0.0601742483119885
2014-02-17 19:00:00,DEHM_BD,0.796775206626579,1.094384251758903,0.8774805627713352,0.6995124240685411,1.2733024034830507,1.0367309550985249,0.8118522534365855,0.06708136015743929,0.08495318291898335,0.586055519358404,0.06367167057498914
2014-02-17 20:00:00,DEHM_BD,0.7785800458118319,1.0255203451142458,0.7418894926001877,0.891579271238945,1.6621206288579573,1.176845165756531,1.0064630459513042,0.07060726705963016,0.0971035646684747,0.6571368347739055,0.0704964049768495
2014-02-17 21:00:00,DEHM_BD,0.8495702381079644,1.025483910502754,0.8109867381671814,1.073781158096334,1.7924481486541686,1.1968956450056099,1.1379730957998557,0.07533983865197964,0.10907660411886856,0.7743848420038818,0.07259063698594553
2014-02-17 22:00:00,DEHM_BD,0.9362528859221935,0.9392607720817252,0.9575414530914277,1.2444622255319784,1.6983006525872508,1.183619287743657,1.1305137633789553,0.08538053953042249,0.11823219284070652,0.8730721258380264,0.072589706499575
2014-02-17 23:00:00,DEHM_BD,0.9693565573310852,0.8985343443762324,0.9963544834903253,1.3655196450565732,1.5255477712127845,1.2169192592863483,1.1890333272032299,0.09027077704711328,0.12419380866598327,0.9264393570452929,0.0698596216509043
2014-02-18 00:00:00,DEHM_BD,1.0384021882800758,1.0363376375271007,1.0138828230494912,1.3834348658354232,1.5301864299601782,1.2121254443096194,1.2316772699049627,0.09286026446702877,0.14075326102271668,0.9389875101482124,0.0647786481033672
2014-02-18 01:00:00,DEHM_BD,1.2665502514824272,1.3209905963956565,1.0845272441926925,1.4620142556855922,1.384755559592396,1.150555322831188,1.446676430380263,0.08909241900512127,0.23405348643735027,1.0056947766514868,0.05965969351949157
2014-02-18 02:00:00,DEHM_BD,1.5889179631778598,1.4733084516460822,1.2968920558554575,1.7174476061480446,1.4197718969783653,1.0894525097991306,1.6250814551699275,0.08382476366528002,0.4095436549043655,1.1767900541780143,0.05624045807456933
2014-02-18 03:00:00,DEHM_BD,1.92673435885638,1.9113183213180118,1.6042276890726674,1.9296747014224296,1.4017880544939079,1.117074634978613,2.013850321670717,0.07610736566234771,0.5307559779024124,1.4614409200619907,0.05622655355388983
2014-02-18 04:00:00,DEHM_BD,2.7062751483821876,2.77360675188866,1.5213274457129404,2.160262788395472,1.286752238796414,1.6327386951928446,2.500823419677203,0.06836726055706951,0.6518331756730377,1.7546970615293829,0.05561204353650089
2014-02-18 05:00:00,DEHM_BD,3.521778846348636,2.9536622485963906,2.264530647426182,2.291282507886356,1.3519214521151035,2.190119204464287,2.546808849230467,0.06280553402737817,0.8758596410740166,2.4272210657601803,0.05768720255447763
2014-02-18 06:00:00,DEHM_BD,3.92576950428335,2.883979459077003,2.64617806872245,2.370316655990523,1.6994696335615918,2.3509722125219445,2.589075878175313,0.06260642125569267,1.0501686993220076,3.3881717542042025,0.061894912093723956
2014-02-18 07:00:00,DEHM_BD,3.909639170722542,3.2826109623032163,2.99685394502487,2.450973606326503,2.03586189555754,2.278461594141685,2.633310361280087,0.06301975988958011,1.068858143340647,3.935347189988354,0.060910136976723865
2014-02-18 08:00:00,DEHM_BD,3.98534138596375,3.292372124520913,3.2618221856433522,2.6175907920765447,2.16363414145899,2.1477911213966925,2.639232124047896,0.06456928786419307,0.9408743485878781,4.112188712734622,0.06931883995552417
2014-02-18 09:00:00,DEHM_BD,3.5756860270860744,3.1689920662711186,2.954343704796033,2.708003633433612,2.1511690819702762,2.0405335699958065,2.6293045303376945,0.06547120874226083,0.9378077782226354,3.729659381325161,0.07486679830781763
2014-02-18 10:00:00,DEHM_BD,3.5240064243658473,3.2130612685424973,2.74431833892731,2.6812221206786147,2.0993797446816114,1.9431134120120366,2.5844478269129967,0.06687422544898443,1.05033908936508,3.576247263531452,0.07189638858330895
2014-02-18 11:00:00,DEHM_BD,3.8118555695884973,3.008735289411406,2.7477950336113572,2.6420782043154376,2.032460380260309,1.9001724541478464,2.4784618799154465,0.06502722275527185,1.0641409000504574,3.517874791256008,0.07501235649310625
2014-02-18 12:00:00,DEHM_BD,3.710691519096033,2.7127482017245055,2.740979805747279,2.4865171989487362,1.9712989743438012,1.8896690643686134,2.4031406463717406,0.06226710507128368,1.417756742967367,3.5668857940554712,0.07759356505645776
2014-02-18 13:00:00,DEHM_BD,3.35922813932641,2.657994893485907,2.5119839006967966,2.18445368376371,1.910951196135393,1.8939453536960418,2.3089902985315653,0.06550847610147657,2.0472597115144504,3.188862644948568,0.0733297959088818
2014-02-18 14:00:00,DEHM_BD,3.2197263152658264,2.4629622460407115,2.40901620025348,1.9796093169242486,1.8324851166997966,1.9050537345381193,2.1744906086605376,0.07752280325582235,2.604978532332871,2.796514200792541,0.0708900607770646
2014-02-18 15:00:00,DEHM_BD,3.218975805297615,2.612123330615549,2.34994009743878,1.9321133579653211,1.8744303974547258,1.9962565308305977,2.1408877526819703,0.09238969593275319,2.9328655227926936,2.7735110121352085,0.07512559391517806
2014-02-18 16:00:00,DEHM_BD,2.9953833259638944,2.6672531186430293,2.4237083217790705,1.9683129584602,2.163317413884527,2.2029148053741223,2.1866009930255723,0.12861148639270087,3.059182022252418,2.8424653728083245,0.08556882839612681
2014-02-18 17:00:00,DEHM_BD,2.6777041672567665,2.76164005760898,2.621131382263001,2.138829742650356,2.4659031158399047,2.361059545449867,2.2579614277646773,0.19214284880239507,3.4262329779972513,2.8561711858798007,0.09835007676839212
2014-02-18 18:00:00,DEHM_BD,2.5968898040759485,3.1031816755130035,2.585556713189064,2.262697822422985,2.617773895852303,2.4859088098743642,2.3068541959491546,0.25773434008983886,3.854073805519659,2.8045337954848213,0.10480360341453926
2014-02-18 19:00:00,DEHM_BD,2.8120602899943226,3.3572526863361833,2.3068992733969873,2.2984472907800146,2.7068328694163935,2.680318903665598,2.44477380876676,0.29184605213524756,3.933233941512695,3.0077365348146943,0.10537151631345706
2014-02-18 20:00:00,DEHM_BD,3.3159694090146448,3.4379177327697015,2.089234553035826,2.390115205752477,2.7190407466849744,2.8395324081881035,2.6984381995821383,0.3039387368323465,3.856639989638497,3.194349712351653,0.10415892010803762
2014-02-18 21:00:00,DEHM_BD,3.89341131461783,3.5002487385256296,1.8742373093577243,2.4100795849096888,2.7541579583627334,2.9891199956625507,2.733914068320006,0.3160658457269332,3.620521759760482,3.288384868285926,0.1008847452049195
2014-02-18 22:00:00,DEHM_BD,4.383454318716095,3.1142148029477315,1.731651507815402,2.268379255022689,2.979401517649116,3.2076322788984224,2.564922766096465,0.3327422345874643,3.310132436445588,3.4880528412050196,0.09735730758316265
2014-02-18 23:00:00,DEHM_BD,4.703647778953715,2.7837429840056878,1.5573743114881078,2.2062332337107757,3.219889877115854,3.4820688499879404,2.846212025528459,0.3741357267727329,2.9391558308137578,3.814585203248263,0.09485706546005854
2014-02-19 00:00:00,DEHM_BD,4.898729687725317,2.6018491087072992,1.3149724397994553,2.405307294760676,2.888515045548426,3.7527699971303163,3.2167837028417416,0.40569308037975804,2.68833753099069,4.15896409574004,0.09638421504506907
2014-02-19 01:00:00,DEHM_BD,5.00557352099388,2.549466977427998,1.1091427330073584,2.5782311752397646,2.0616105618459173,3.724142127492371,3.5662577958265405,0.40026961731165633,2.5314145167589186,4.407873959394917,0.10093674421557347
2014-02-19 02:00:00,DEHM_BD,4.843512793667586,2.3707145805758842,0.8882308025891943,2.7768374540592338,1.3654950927547271,3.0381200953554215,3.9636735886041974,0.39452372243002976,2.4212808711308518,4.664493103229497,0.10426443549095486
2014-02-19 03:00:00,DEHM_BD,4.478426320249625,2.217463814712914,0.7612816210346625,3.1955806914721396,1.168305927302353,2.2068081996458537,3.8001440630888323,0.40222873952407373,2.3723226353128997,4.960296969873682,0.10799988519825192
2014-02-19 04:00:00,DEHM_BD,4.050321492091678,2.002815203351376,0.8720503164674849,3.176245913841692,1.1796530984312854,1.9036763184485912,3.0192317253154353,0.40551550005164694,2.4487579874075016,5.1817336813989465,0.10881482538411132
2014-02-19 05:00:00,DEHM_BD,3.6884740722046883,1.8003962866257086,1.0084395283337373,2.829723940560389,1.2519727443352666,1.902689318120177,2.334199145763663,0.3694724165663122,2.3900167164541033,5.279455692702569,0.10520324843470455
2014-02-19 06:00:00,DEHM_BD,3.4460654900516476,1.7483385188868013,0.9827745409976091,2.3155205506452594,1.3073338272426416,1.9851184730651323,2.0471485354128944,0.3220973820184031,2.2451117170227506,5.217872868731856,0.1061820418084559
2014-02-19 07:00:00,DEHM_BD,3.266660909131779,1.8455400773784192,0.9206994374150967,1.8817251338999101,1.333488120877489,2.0185237840536256,2.021597991394495,0.28477386352364903,2.1001353673632255,4.8567146428774,0.10605264107763246
2014-02-19 08:00:00,DEHM_BD,3.0210908828500194,1.697090228787084,0.9199336559292558,1.6637610725848457,1.2270045005349581,1.851518249984798,1.8459629612674515,0.26675648040208955,1.8402776641784233,3.9647449102663312,0.09800157700390104
2014-02-19 09:00:00,DEHM_BD,2.631482673128033,1.2441815107540135,0.8625723482377508,1.6693008424266615,1.146367766924277,1.7195069731724344,1.8143128583632873,0.25249407475518054,1.5127726228997949,3.399290923587063,0.09095075988668476
2014-02-19 10:00:00,DEHM_BD,2.399823794228663,0.8748241168414004,0.7870367002109786,1.689418970847025,1.0778498748983816,1.6032068851162453,1.8434453822555579,0.2209584567474479,1.1707772095243447,3.0485281830524995,0.08916884170346506
2014-02-19 11:00:00,DEHM_BD,2.2203017585814346,0.7107699080665328,0.695321337617986,1.6669593044721922,0.9873995542454905,1.5125651949786367,1.7864451820967007,0.19381478789634532,0.9658939850114705,2.6597560159568276,0.08536865643114369
2014-02-19 12:00:00,DEHM_BD,2.067952361008837,0.6271945133203006,0.5001700680098589,1.645214633667671,0.9905077294105475,1.3765599563859223,1.61876678199433,0.17765064820918236,0.835406352688875,2.1686849496935694,0.08213288657134415
2014-02-19 13:00:00,DEHM_BD,2.0259948852841507,0.5764245037628708,0.44103571251519946,1.577917148779381,0.9915600061971321,1.2824949707742082,1.2526284066453517,0.1651904364624106,0.735498534258292,1.8558641988851101,0.08202298031384411
2014-02-19 14:00:00,DEHM_BD,1.9648077822102747,0.5147844821674749,0.4828163223094912,1.483142605188605,0.9683159877541287,1.2285545078944131,0.9288440389442432,0.15386645989822206,0.6910253317157202,1.7248487917192128,0.08254176389798268
2014-02-19 15:00:00,DEHM_BD,2.1249812698080484,0.5086888334920734,0.7352205557093636,1.453997312768304,0.9475924234152586,1.168444924673791,0.8247746235943072,0.14103289718370876,0.6739439967159647,1.757522491941797,0.08743089241409406
2014-02-19 16:00:00,DEHM_BD,2.3083736640726498,0.5459451729017019,1.058510374213558,1.4969994927453287,0.9767673645576183,1.211503284719155,0.9475964763399028,0.1259348296100925,0.6231441559449769,1.7484352203786107,0.09545727886196034
2014-02-19 17:00:00,DEHM_BD,2.105501186987674,0.622832597419694,1.2073382165325626,1.6361245552194843,1.0564760716294403,1.3522452008248813,1.11126183361644,0.10664845390713758,0.6546576814220844,1.6356568318835856,0.10786836172490716
2014-02-19 18:00:00,DEHM_BD,1.7712432215423695,0.7523181253113662,1.008485387123329,1.810717211892035,1.176160346255768,1.6091492351801917,1.663957110346932,0.08744500451977118,0.858171014009267,1.6698877478960388,0.12568935786167723
2014-02-19 19:00:00,DEHM_BD,1.4191248411577753,0.9952651613910241,0.5939760596189453,1.950143160879796,1.311120410779668,1.897772203721613,2.2304931990329,0.081814836484742,1.0323233966620267,1.9537617189402692,0.14251891176488468
2014-02-19 20:00:00,DEHM_BD,1.1062978497844655,1.2294571407322599,0.4186822268386278,2.0938135764279986,1.4537950500797665,2.005083369362857,2.7196465100810747,0.0830011728610964,1.0703646086891367,2.033475607937034,0.15970620925237883
2014-02-19 21:00:00,DEHM_BD,0.9826942194824853,1.2861542088060824,0.3810135886769228,2.0544187258128868,1.5107515688207744,2.3088391284198315,2.879727393855391,0.08417079240682059,1.0384471696364879,1.9100102367471903,0.18330603900911738
2014-02-19 22:00:00,DEHM_BD,0.9985279832176119,0.8452160355961484,0.34638206226575985,2.1008016004846857,1.6536871626892313,2.5978927613276688,2.9351641200826455,0.08096656539345798,0.9679841233570128,1.604067128612995,0.2127047263543959
2014-02-19 23:00:00,DEHM_BD,1.0373841599178315,0.5808873709293734,0.3091353193079672,2.043954379114383,1.7755346599749102,2.72589448114434,2.846107634630262,0.08004845900198865,0.8256307580873742,1.2681385074041225,0.24441088929406823
2014-02-20 00:00:00,DEHM_BD,0.9046754570334032,0.5346526244606449,0.27241700503702904,2.0311103861172612,1.966441037334949,2.5120763808866102,2.625600304084348,0.08937795727509928,0.6623012000760061,1.0486208352549466,0.2817584015311043
2014-02-20 01:00:00,DEHM_BD,0.5815658110247364,0.5158080677158337,0.2076479806817694,1.9818522306523612,2.3419464575118942,2.245368538920013,2.4772952760058313,0.09856791444979365,0.5543160395023226,1.0170965414287894,0.3269586524517739
2014-02-20 02:00:00,DEHM_BD,0.5535756072693596,0.48357006823649384,0.19244662115026723,1.9500258534642798,1.8919745292404855,2.269374912204507,2.379588060748642,0.11079410509180845,0.5147236906170845,0.9106225259392708,0.36795155048837414
2014-02-20 03:00:00,DEHM_BD,0.5416653097885195,0.4318790428161201,0.18177839720773037,1.8713812616144396,1.4842180714936182,2.1816504144343547,2.391452011921399,0.12549559485291886,0.5501416655717788,0.6728072417391835,0.39307034851156164
2014-02-20 04:00:00,DEHM_BD,0.5365940873400493,0.3382809728062524,0.18411357757742042,1.833404048738766,1.47950708085333,1.945594020838528,2.090725126655346,0.13712949567627652,0.6357525329601019,0.5238754787451401,0.4154102926655834
2014-02-20 05:00:00,DEHM_BD,0.5310192984353284,0.29896357154386566,0.25142892725645816,1.8101987366768055,1.6518465575581602,1.6494471864625986,1.81091992683311,0.136876639762055,0.7081840587140991,0.5060771190795628,0.4416640121810975
2014-02-20 06:00:00,DEHM_BD,0.5368344355100579,0.3342527408888143,0.3047863224187115,1.688080181948715,1.9756271938770265,1.7855769944441795,1.7542991080771142,0.13280483636696813,0.7471359242515497,0.49741046508022574,0.4684291609980188
2014-02-20 07:00:00,DEHM_BD,0.5443673135975003,0.3419521001552253,0.376837164889564,1.6917421272542614,2.1882123958028665,2.247061294359737,1.8973781640352128,0.12627343500406935,0.7112561185037345,0.4497112529655731,0.4949742128638119
2014-02-20 08:00:00,DEHM_BD,0.5309834877287595,0.32727791792796634,0.45603175966428233,1.6889742231059195,1.7130884838694098,2.101182693729701,2.1344658959851106,0.1147168504716623,0.6245252578143687,0.42640448440642076,0.5021072253187664
2014-02-20 09:00:00,DEHM_BD,0.45913808126318256,0.39107102654968195,0.5090942201428998,1.7873726601254765,1.6713503601225141,1.8169394640355627,2.104200368894994,0.10149413258455747,0.5614439814352976,0.43128155588611017,0.5016618994498718
2014-02-20 10:00:00,DEHM_BD,0.4088986472620814,0.3852671195003552,0.5700361412161727,1.0661688185852276,1.184759874726939,0.9577991488059552,1.438115645994027,0.09498153501753567,0.5233232428203917,0.36946163875892746,0.49271595472589136
2014-02-20 11:00:00,DEHM_BD,0.4178311130300537,0.4817773616505692,1.2108980304226884,0.5938041176106509,0.6839566995762032,0.6493114700223261,0.8453973307544156,0.09792537765948098,0.4088126031651115,0.40361682676660826,0.4804816184120625
2014-02-20 12:00:00,DEHM_BD,0.6043121754547416,0.8077407373164687,1.61660865846497,0.3770448240825498,0.5914698316771374,0.567295014798995,0.5084408680311671,0.10599068241421121,0.350639084863155,0.43181902554609913,0.4584405753734707
2014-02-20 13:00:00,DEHM_BD,0.8596562601870135,1.6885368661648315,1.548028314778274,0.2735396376838971,0.5575703389374771,0.5523821388574167,0.35533220445819824,0.11653456853312427,0.3083263459594174,0.6047013403100449,0.453917435967503
2014-02-20 14:00:00,DEHM_BD,2.1533153194618873,2.145486837610686,1.2413934582569728,0.20503558332741023,0.5561942595001262,0.5409673082013582,0.3206989885087759,0.12439032511604949,0.26927193997022925,1.2110008403075287,0.4569787659318185
2014-02-20 15:00:00,DEHM_BD,2.58284435417301,2.004794274858119,0.9529199993490265,0.19135556723498381,0.5765003104375186,0.542969311193482,0.3212262893323168,0.13221608144788066,0.2583315678131393,2.4359424366424003,0.4623124472381639
2014-02-20 16:00:00,DEHM_BD,2.3511992531078603,1.580658984841376,0.8936836914677114,0.20977501814575344,0.5816814011483382,0.5397378899478027,0.39822484881544273,0.15846007902033613,0.3215210870060137,2.6733101542003697,0.4891065379219315
2014-02-20 17:00:00,DEHM_BD,2.2634976806074265,1.324859719923609,0.97896564347892,0.2843280023526841,0.5525599400216875,0.5541210108134194,0.46768939948269683,0.19566391881901762,0.5171899028952978,3.107591119042724,0.5247148934906813
2014-02-20 18:00:00,DEHM_BD,2.5030813539102956,1.446347642720877,1.177623835307017,0.3413609514747757,0.49365306264724107,0.5327080039298697,0.5302218692393694,0.2051489488091691,1.048289510259088,3.050086403931789,0.5431910052095213
2014-02-20 19:00:00,DEHM_BD,2.1298673797970453,1.6542669806207764,1.277039514632994,0.3398465257118443,0.5049038873775349,0.44807131157465974,0.5121284102516958,0.2608785183729975,1.9517347017606719,2.363273743100837,0.5759861992666124
2014-02-20 20:00:00,DEHM_BD,2.1260115612124464,1.7213833572090116,1.3252653705103126,0.28904485497738797,0.5828862747612129,0.4594139231992349,0.411470352545965,0.30272738879922767,2.5376885180579314,2.6626183797477188,0.6069468538505582
2014-02-20 21:00:00,DEHM_BD,1.906508876174977,1.7685425588493655,1.4730055928646457,0.2521534135195752,0.6610843461872263,0.6230590078699215,0.3595229168557631,0.2934939844903349,2.7662666771643605,2.9043499537421016,0.608577917092368
2014-02-20 22:00:00,DEHM_BD,1.6537963903047144,1.7215340941952308,1.4148174492236714,0.24697721859317134,0.7787842661103699,0.7946268819928086,0.43317794574696145,0.32710137065112577,2.5180474753617124,2.787701917842999,0.6042810553747415
2014-02-20 23:00:00,DEHM_BD,1.575989531981349,1.742488778303191,1.1471070027900359,0.33591074213785055,0.8607499587339162,0.9169946545050724,0.6380339755097271,0.3340067539286612,1.8424309415709974,2.645264291234482,0.5915729180543124
2014-02-21 00:00:00,DEHM_BD,1.4540123623020016,1.8833244480738043,0.8292497763657529,0.5139536433616967,0.8465391950444319,1.048077685165701,0.9040322805886587,0.28140622061289833,1.5739760722550378,2.3181444389965384,0.5594019152592121
2014-02-21 01:00:00,DEHM_BD,1.2152195987959762,1.8078009464176883,0.49742602173731776,0.7257293888217274,0.8324799964115024,1.1471801949167832,1.1389772909241285,0.19176369935743498,1.3523028917198627,1.977862409171909,0.5017807424640655
2014-02-21 02:00:00,DEHM_BD,0.9071662839038482,1.5113318785512262,0.30052403414350626,0.9330011289755429,0.832477780813761,1.2835994374112645,1.2884094394741883,0.11898004655286659,1.2249548242566548,1.6529860222443937,0.44267390188761047
2014-02-21 03:00:00,DEHM_BD,0.7448149107764102,1.1814982588208187,0.3146301435339682,1.063247495971669,0.7440463282598555,1.3450297448307182,1.3920782806535996,0.08776639130808397,1.0679597174900026,1.478733203947395,0.4109363228116928
2014-02-21 04:00:00,DEHM_BD,0.757042103768941,0.8807904581622268,0.43075613694763726,1.1216966176110925,0.7910229473900421,1.3576322571257595,1.5174957971529337,0.09076083171933881,0.8976040433839334,1.4281881684461606,0.41022440704487256
2014-02-21 05:00:00,DEHM_BD,0.825310156012941,0.6779624800930916,0.4728990377919071,1.0705305488099135,0.8912386012483388,1.2891951450119912,1.4394204368722412,0.10566505471900092,0.713762328079026,1.256335640593171,0.4273232454704492
2014-02-21 06:00:00,DEHM_BD,0.8225401650697923,0.5955629444078262,0.501489221939519,0.9879877881104195,0.9053310210061445,1.1577042469587364,1.2807296135683637,0.12045312218338236,0.577531959371902,1.0814360041766615,0.4213410559022426
2014-02-21 07:00:00,DEHM_BD,0.8464859044370614,0.5904855515693547,0.6277210187634452,1.0186539645846735,0.815676823884733,1.0585995107190194,1.231967926493443,0.13786499090641718,0.4918075734597442,0.9648154625531192,0.3903560421701519
2014-02-21 08:00:00,DEHM_BD,1.0148969310353884,0.559854887700146,0.6321614564202446,0.8396026475969015,0.7142451091879884,0.8235040184358133,1.1019287766210095,0.159421359028816,0.4892403808200359,0.792431335464567,0.3759332266116141
2014-02-21 09:00:00,DEHM_BD,1.126997905949196,0.514947946154801,0.6565439524997212,0.6062574827503971,0.6729389055611472,0.6637820219880539,0.8516751224423915,0.16663915014870445,0.5356032855893857,0.6081685004227236,0.4492744254884496
2014-02-21 10:00:00,DEHM_BD,1.1483219354199756,0.5484598511129803,0.624045668250583,0.532552017213836,0.7795106342822871,0.6876217531551745,0.6454300231898529,0.15198998903654504,0.53685499213133,0.6509105189486033,0.5792390662472693
2014-02-21 11:00:00,DEHM_BD,0.9535827891273423,0.5480879504117834,0.5001527533882856,0.5363279586934555,0.8546391688087397,0.7704814225182774,0.5984414475935662,0.12961432584241012,0.5317337326737306,0.9768092824490369,0.7291785291016102
2014-02-21 12:00:00,DEHM_BD,0.8954364632626902,0.4748014492940436,0.43372007616123176,0.5639768952951062,0.6772869536482169,0.827572859663295,0.6297372694796189,0.11582816808029986,0.5518435437828394,1.2118581678539306,0.8007320200708508
2014-02-21 13:00:00,DEHM_BD,0.7354164412599986,0.46163384093154686,0.3887131920650344,0.5233972888380394,0.5239196266634388,0.7883402931513531,0.5639766214391959,0.10350627409424629,0.579580641938187,1.297763091454968,0.779270060216859
2014-02-21 14:00:00,DEHM_BD,0.5201863985613501,0.4806757865370204,0.3987272926531824,0.4551894148024647,0.3569709561571105,0.6716140622875769,0.575991204758223,0.09052766318511213,0.5712690254295989,1.2526919751491246,0.7424539815046638
2014-02-21 15:00:00,DEHM_BD,0.4380310300732729,0.46655688839443255,0.48950603183149344,0.4329268777040283,0.3022516337834391,0.5766065539612173,0.5393839425301761,0.08858629806485013,0.5864595734972319,1.2470975748439228,0.6964787537323682
2014-02-21 16:00:00,DEHM_BD,0.5242634427370783,0.5109007809805239,0.6114056783037074,0.4294377265868047,0.2587104733435156,0.41446289689112137,0.46328061254783937,0.08583242025855914,0.5904102797566539,1.29534108378897,0.657306051154956
2014-02-21 17:00:00,DEHM_BD,0.7376543809782583,0.5773838188540097,0.630038765971698,0.4516447808541264,0.2136924757208161,0.3966215189137917,0.44300103201260144,0.1086737149431555,0.5530610682468674,1.2971259691731656,0.6017951966846733
2014-02-21 18:00:00,DEHM_BD,0.9507678790836478,0.6538531410769746,0.6450427292553707,0.42456461777412996,0.32025729450680307,0.5617303266777421,0.6807141200883616,0.1256682946240156,0.5661361893150116,1.1953087227026935,0.554625160538703
2014-02-21 19:00:00,DEHM_BD,0.9459510614445457,0.6827212728138641,0.559440324660614,0.4206735626582721,0.5091393530052712,0.5684186487370627,0.8461742223363866,0.13678746782127754,0.6000717320674751,1.5410641463946133,0.5358271603773347
2014-02-21 20:00:00,DEHM_BD,0.9909047926315433,0.7246541777170075,0.37723228793073427,0.5159048167236951,0.49063969158536747,0.677290229127488,0.895406435478003,0.15486489597514258,0.6377681646515427,1.7641663840900221,0.5294500156577209
2014-02-21 21:00:00,DEHM_BD,1.0057834891381021,0.6300467400385904,0.3462465994810591,0.5889528160402737,0.41443098646841003,0.7385681543519362,0.9276828625720808,0.20606827053844912,0.6707350724008306,1.7292826813171058,0.5293924239932745
2014-02-21 22:00:00,DEHM_BD,0.9869328519610315,0.45958522702448995,0.38928447383187703,0.5676323341894887,0.39322679065160915,0.8232913310244604,0.8525560249235906,0.25158667480856167,0.6826284739812836,1.4594178924012415,0.5348250789406941
2014-02-21 23:00:00,DEHM_BD,0.9813074981754273,0.4554665789119339,0.4501696604109531,0.5126620643709716,0.4407883003151182,0.8958373314614408,0.6727978492391712,0.25904848766058675,0.6966931185440718,1.3705881289459427,0.528295449427734
2014-02-22 00:00:00,DEHM_BD,1.0078070950345137,0.45308929845705614,0.51064624927758,0.5729497062085533,0.49310969948655914,0.8310284486269989,0.6138667266502522,0.23965807330906377,0.6832299779766797,1.5114983263326063,0.5121404241064167
2014-02-22 01:00:00,DEHM_BD,1.0829691875958816,0.4975911152076535,0.5278614203405845,0.648486645021913,0.5529284299057116,0.7950098392159158,0.6505007357382686,0.18856520855247955,0.686558166995868,1.3142844860170035,0.5063821595692494
2014-02-22 02:00:00,DEHM_BD,1.1429480560167877,0.5555489786362275,0.4239344639228818,0.6990838865977707,0.5582078054560766,0.7957818769632583,0.6925018139951827,0.12190499236464485,0.6743426772087067,1.5844496451797339,0.5025313689182325
2014-02-22 03:00:00,DEHM_BD,1.424327569190953,0.5157474102735891,0.41576305520236023,0.7375821055203845,0.504715497328788,0.783832369397566,0.7501607169218913,0.11761794743232411,0.5690124550090357,1.6014182332176154,0.5027140898342197
2014-02-22 04:00:00,DEHM_BD,1.6246468724077192,0.47687368967346844,0.40674799538596984,0.7860386136307596,0.44798765165126864,0.7223292194710418,0.772846286940705,0.1348272873799502,0.49669116373445843,1.7507576229776811,0.5203727565178646
2014-02-22 05:00:00,DEHM_BD,1.629940062719509,0.5337614790426382,0.3573781727972951,0.8265476241661951,0.4047988402911554,0.6757563921338593,0.7698894671393599,0.16415679863691318,0.5145696188946067,2.177597771209851,0.5281982926845084
2014-02-22 06:00:00,DEHM_BD,1.9101118526811898,0.5805552978275343,0.27494091518315694,0.8038082726903899,0.38123707080588665,0.6945488701334316,0.7263076496489642,0.15084621590606856,0.5613554552588983,2.4689174769374733,0.541709311689455
2014-02-22 07:00:00,DEHM_BD,1.9151868252559754,0.48714666608467677,0.26331454447824504,0.7846922564376261,0.36320010499541633,0.7087791191496584,0.6995287353191166,0.14399875519663077,0.575845307906717,2.670046350262463,0.5682108254838175
2014-02-22 08:00:00,DEHM_BD,1.566935328189209,0.3544307784555851,0.19644265511721587,0.750620035728776,0.29643390201813524,0.6054116635555797,0.6799520114936763,0.14389285387739528,0.5393537641413508,2.185464174080975,0.5859790146827883
2014-02-22 09:00:00,DEHM_BD,1.3778093193448706,0.27139053825628,0.15611272420271521,0.5478263566140145,0.24255773029429817,0.4961945577024021,0.6318529926691157,0.12390064087226973,0.6593583016537874,1.7352943988410012,0.593161174942553
2014-02-22 10:00:00,DEHM_BD,1.2536248587588128,0.22195232852180485,0.1570506172694381,0.4848951148232773,0.24109267036115745,0.4126743310344312,0.5870350125928597,0.09197379319254309,0.5771736856462061,1.4331273657228427,0.5735729475896246
2014-02-22 11:00:00,DEHM_BD,1.0999636583160306,0.1981321102020748,0.13563747504151422,0.4830103514676879,0.23931195602939456,0.41568747522571003,0.5461160101984606,0.06221023003105984,0.4676219190727918,1.2181288003459665,0.5328572954822703
2014-02-22 12:00:00,DEHM_BD,0.9830288731909542,0.1695291493453177,0.09883184644336321,0.49128812170161834,0.24474085308361784,0.42239316091993806,0.5224747670049112,0.04692494909980202,0.4161622973614185,1.11824628166734,0.4784429475970565
2014-02-22 13:00:00,DEHM_BD,0.8520737053356436,0.13680672374887384,0.07328772516092963,0.4882623498346962,0.26332816434273487,0.42794664183531644,0.512701029128099,0.045544737267511556,0.3515392902961,1.0975492157345452,0.436504134755451
2014-02-22 14:00:00,DEHM_BD,0.7046804740005753,0.11616647993795333,0.06543699673596287,0.4908284610397802,0.2820236321126622,0.45816548806757895,0.5099860670138221,0.05697039501612995,0.3237769178814254,1.076748035596532,0.4318005994924809
2014-02-22 15:00:00,DEHM_BD,0.5827183339005138,0.10014310049710438,0.06361196874066014,0.49363086304692494,0.31985314257431297,0.5189751332109944,0.5140875723146854,0.06776114810007619,0.26861571803910644,1.0368871157430717,0.4829059280478336
2014-02-22 16:00:00,DEHM_BD,0.5053113619558384,0.09193770388795174,0.06907459640126555,0.518765669040165,0.40292723591549323,0.6053441652473288,0.5736991140282999,0.07330803160233414,0.2286034065096079,0.9761760641770372,0.5664544163117464
2014-02-22 17:00:00,DEHM_BD,0.4196093750381713,0.0856590408422233,0.0722804441771563,0.563661244083063,0.5929272879545715,0.7915552125234645,0.7181396832165858,0.0787253299071079,0.1875361468006856,0.8673444754807488,0.6289751716399062
2014-02-22 18:00:00,DEHM_BD,0.3488467137115623,0.07422475840803332,0.07525750796123751,0.6542783094257785,0.8318656631165462,1.0944931897128733,0.9363620446368122,0.08477930178370778,0.14788704231259397,0.7594099168273408,0.6339750806838504
2014-02-22 19:00:00,DEHM_BD,0.3386514342267263,0.07115691660868168,0.07789199325513199,0.7432520603894334,1.018520785746267,1.3682525473434939,1.2500311742707466,0.0931960316873411,0.12760853855185195,0.700080239843151,0.5869588482511834
2014-02-22 20:00:00,DEHM_BD,0.3827534165935869,0.0752285463880881,0.08296567911231241,0.8405594320397148,1.1442702276386227,1.616763610632451,1.5181498405084477,0.09744336226142937,0.12375157153896503,0.6697791496157983,0.5033167991114733
2014-02-22 21:00:00,DEHM_BD,0.40483843040518097,0.08465088570893499,0.09715695635964408,0.9567864660103644,1.2500436295194737,1.7794179813786384,1.6398324130247621,0.09752485213552123,0.10684081714702279,0.6854955773964362,0.4235670769359636
2014-02-22 22:00:00,DEHM_BD,0.3928247066253027,0.10483829557104027,0.15163125727198543,1.0269314777369996,1.309654398454316,1.8010689874274868,1.6276609218462414,0.09544492349316586,0.09183940127950839,0.7013114348980317,0.33667178144660764
2014-02-22 23:00:00,DEHM_BD,0.5056891293015796,0.17741867105517492,0.2233801884475333,0.998771847920674,1.3722055414714849,1.7319058505415008,1.8199245063136589,0.09531021082520476,0.09210095662474387,0.6913180637528886,0.24912676371462628
2014-02-23 00:00:00,DEHM_BD,0.6402081441164923,0.2560777053544803,0.24296050260434154,1.0524907109643347,1.3784640722481163,1.9864595315496367,2.0186505912448838,0.1165080091829224,0.10051488587737768,0.7835479758364032,0.18603627384273327
2014-02-23 01:00:00,DEHM_BD,0.6444618011776311,0.2568574031968647,0.2700651040784013,1.1057732418033002,1.6399043375749514,2.1043098092971277,1.707638367955119,0.13472250725314014,0.10803000763209293,0.9367137148049218,0.14689172610548315
2014-02-23 02:00:00,DEHM_BD,0.666788375819628,0.35842248093654383,0.39901317745981724,1.1131120475486873,2.033448285913635,1.7856742866159208,1.4903889516888678,0.19832968167074008,0.1315205961726767,1.0133743825474615,0.125988670664951
2014-02-23 03:00:00,DEHM_BD,0.985687272055659,0.5983935303474961,0.5981019884899164,1.1692559386279375,1.9052721225704625,1.6401054767345264,1.4411496242136788,0.3085961680966615,0.19704919465773735,1.0359236256944853,0.11466483580319209
2014-02-23 04:00:00,DEHM_BD,1.349881700909687,0.7995888424702918,0.7037495442533679,1.2168656941197336,1.8755095724173823,1.9429417713242068,1.518562016561064,0.40676400348007663,0.2868916901441801,1.2437687075171249,0.10787795510882492
2014-02-23 05:00:00,DEHM_BD,1.6997448661771974,0.9052680440970695,0.7660438806308805,1.2667861943810759,2.195875503566321,2.216508849368566,1.6606340879411439,0.46960795901656144,0.36264323108629304,1.4936454937332495,0.10092104689487245
2014-02-23 06:00:00,DEHM_BD,2.1766939001197367,1.019802021279484,0.703230719224289,1.3001334693618598,2.2729843284734152,2.090835276717399,1.6667247067067237,0.3866988698869942,0.6071675249554216,1.8602820147819443,0.09869621457366258
2014-02-23 07:00:00,DEHM_BD,2.661313024010137,1.3880851639099046,0.6056855521383135,1.3717024342450197,2.129258232086096,1.9144383686957693,1.6141673833979666,0.39759850615113956,0.7408465127356723,2.074882069639955,0.10023380694056608
2014-02-23 08:00:00,DEHM_BD,2.8282168512379378,1.3844499954423308,0.4587661359628289,1.3287205598313103,1.9099080377102828,1.6904555761388664,1.5034866772286548,0.49156925544887775,0.9144495983651652,2.2948084739376604,0.10907225957588862
2014-02-23 09:00:00,DEHM_BD,2.883714318228811,1.1324919933009894,0.6513574280444159,1.1933166246413454,1.6619964240033365,1.4716514579297975,1.3493663251352122,0.41402466667860727,1.2851863065822422,2.5022544987291657,0.14015545683287653
2014-02-23 10:00:00,DEHM_BD,2.6369417377147077,1.47746345601093,1.2842779855180533,1.0923900634033368,1.4603101571131034,1.2750298988526056,1.2224580983667164,0.2845061171802876,1.7177899154812843,2.560104647323564,0.18706631747499686
2014-02-23 11:00:00,DEHM_BD,2.2460155244589597,1.707867601183327,1.4549644660857435,1.0001322354428572,1.2914769239322887,1.160116807763027,1.0818820341327382,0.19099641767263398,1.9046981999087333,2.132228340412471,0.2709622294597467
2014-02-23 12:00:00,DEHM_BD,1.643919943063762,1.5889213391648862,1.4798685414856485,0.9139262545280282,1.0822700333151198,1.0315070088374172,0.9363711418421653,0.19978048423379657,2.0344098935809356,1.9478912943067588,0.36753796431535846
2014-02-23 13:00:00,DEHM_BD,1.0832596954917395,1.4532214520305151,1.5564246705737093,0.7834140294446093,0.8793449566508083,0.9319071192054025,0.8401270886958406,0.22498674572557198,2.113709225544557,1.8452856773327382,0.4814573791661252
2014-02-23 14:00:00,DEHM_BD,1.1054162207546958,1.4414312706333376,1.4561501230886997,0.6491074072738909,0.7579917319025052,0.8256785950713588,0.7570184403661325,0.2435729845337568,1.983321152244229,1.7345765699232787,0.6188809501249668
2014-02-23 15:00:00,DEHM_BD,1.3504496900971756,1.3611549902775608,1.3219852709203168,0.5565441258349285,0.7255128248306062,0.722385413528397,0.6959880503411138,0.22676627693697793,1.5874284083660135,1.5057997323087415,0.802959721719548
2014-02-23 16:00:00,DEHM_BD,1.5818132032013918,1.384949549381136,1.2079781572817265,0.5399433458783643,0.7199818905494967,0.7496634367752627,0.6780203160313403,0.18914086409166442,1.5265931085845872,1.44505517796915,1.0146718297015875
2014-02-23 17:00:00,DEHM_BD,1.6408342737999977,1.5076556686890723,1.1408140987235076,0.5698726672980262,0.7547808284048583,0.8168294915934242,0.6935247555612313,0.18699054605335907,1.620194595953068,1.7125858754320444,1.185283480184991
2014-02-23 18:00:00,DEHM_BD,1.6739609379900644,1.616056559847891,1.1361979718705686,0.6776869774532369,0.8854529635816952,0.8443702101069213,0.7369169000716296,0.1963387028536246,1.7095055145725655,1.8380498762310478,1.3362366712420062
2014-02-23 19:00:00,DEHM_BD,1.7158839021657406,1.7936879167448618,1.0161482896210625,0.7959670224513931,1.1744280276185761,0.9315598492407626,0.839875763623082,0.20895632829096156,1.8498031523005944,1.7535812707107512,1.4874713600260578
2014-02-23 20:00:00,DEHM_BD,1.8283969333841184,1.9620768568599438,0.8322689512683078,0.8859072343258315,1.4920668658961707,0.9923672889071145,0.971200668462456,0.2221881885392032,2.1122599016575703,1.5910798406134175,1.5884236319228635
2014-02-23 21:00:00,DEHM_BD,1.914588597490648,2.139849721856785,0.6862150014761834,1.04357364074461,1.630744230116252,1.0478660646778495,1.0451386578540716,0.2292188613421841,2.412078561340291,1.6017006558593643,1.6264071349883638
2014-02-23 22:00:00,DEHM_BD,2.1348575875211573,2.312575775165304,0.6876115559307765,1.2242518717466946,1.4921130337040684,1.1462325265485291,1.1688750400554808,0.23208484762094903,2.6840850479195075,1.680678345814962,1.6263516424529627
2014-02-23 23:00:00,DEHM_BD,2.4979872614275753,2.4137729865558772,0.7284757434587739,1.3834093194763641,1.377510842732638,1.1261935656271618,1.4607657780000582,0.23510080940365782,2.8756997579252532,1.8702646427427325,1.6602763244132324
2014-02-24 00:00:00,DEHM_BD,2.8488685709176202,2.5252366788363085,0.9348948341406136,1.413714301351234,1.2380961288856343,1.0704389181852783,1.656961729662346,0.23801668846920118,3.0198377713655957,2.127882353068795,1.7928993208356385
2014-02-24 01:00:00,DEHM_BD,3.099400247929333,2.7257277554359103,1.7418756683092564,1.4663454550086126,1.0765746826889926,1.2345025371362852,1.6850853723862347,0.24680456100918338,3.1469917562776155,2.4031488337948543,1.9656302105798946
2014-02-24 02:00:00,DEHM_BD,3.273267774546314,2.9823641871437876,2.4099139083105547,1.4749057114195359,0.972118351418674,1.652656183553408,1.7478492042257403,0.26646654860168684,3.217055443135388,2.660042152948156,2.096716343117058
2014-02-24 03:00:00,DEHM_BD,3.3738048527069586,3.188174536480051,2.757907663569861,1.3302089354407602,1.0116216998558678,1.920888949931357,1.7664873434041115,0.31085146820068355,3.22620414494656,2.8601254030456023,2.133345955930352
2014-02-24 04:00:00,DEHM_BD,3.406880539042448,3.3122619216378126,3.042893915778483,1.4051817323350533,1.1864150419834814,1.951169919872184,1.5808708570883607,0.4264240165588259,3.25277612927489,3.019035862992089,2.1092795908943565
2014-02-24 05:00:00,DEHM_BD,3.4093924709881542,2.9977267831103505,2.979920323554408,1.6283735408092104,1.4269831917408857,1.8171004589486706,1.6145482246422116,0.655140435951054,3.263495442449078,3.150203027640637,2.0764239747487756
2014-02-24 06:00:00,DEHM_BD,3.332305075164707,2.512468864530176,2.6502786977400627,1.8604306580414156,1.5596057831808552,1.7758997043151734,1.8352820265997387,0.8414629768690467,3.263037232092619,3.2191609974970676,2.082250095435977
2014-02-24 07:00:00,DEHM_BD,3.0806729841234346,2.561878919976801,2.2040805660615113,1.960185729848463,1.5801828397037831,1.944944931406849,2.0003601358397862,0.9511071412968635,3.258284966865778,3.078605178460479,2.0548188869493083
2014-02-24 08:00:00,DEHM_BD,2.587548645964712,2.823112853863277,2.326578678332381,1.919822163989665,1.7165706522714905,2.089050041819243,1.9521627251156977,1.0483251201313735,3.014147260352075,2.884825031371303,1.9931295538750295
2014-02-24 09:00:00,DEHM_BD,2.1059200501867754,2.983057681135247,2.629533555521364,1.9501297710595344,1.7691577227863577,2.045003881726402,1.8643947909145404,1.1299009557151793,2.8105375853014736,2.573566217324054,1.8549239077048747
2014-02-24 10:00:00,DEHM_BD,1.8957502821898555,2.9325857944647127,2.8804630607012403,1.8717037552135036,1.6758285802380788,1.8030819590161127,1.827844682672092,1.2457292265254258,2.767622389354259,1.8755386994553018,1.7317182796570654
2014-02-24 11:00:00,DEHM_BD,1.4360540030836395,2.6148250139112394,2.876313394479202,1.6432314197596571,1.5448398216061339,1.5251197434252428,1.6566202970082513,1.3643948365956546,2.4953422451103107,1.9867247824286436,1.7881193020920083
2014-02-24 12:00:00,DEHM_BD,1.6467660939797164,2.3059987594203792,2.4659743014231434,1.3376662967987747,1.3985939734651032,1.2804742781971141,1.4783071882534458,1.3288713292658327,1.9439511221472545,2.4917036866882696,2.018106472694613
2014-02-24 13:00:00,DEHM_BD,1.8917820067579643,1.912942447971322,2.3036670465504514,1.0563019723192406,1.3046631963342683,1.1431259453545755,1.1342487357617912,1.325729647568911,1.572368148226,2.920060295998858,2.2144103822340444
2014-02-24 14:00:00,DEHM_BD,1.9128703819387645,1.5668831546092739,2.076654066260486,0.9241089708422466,1.218680755031953,1.0813704572001823,0.9689404577500627,1.6336297440598906,1.197332750342902,3.275281063021529,2.3890085244842245
2014-02-24 15:00:00,DEHM_BD,2.0801798554081308,1.8038581182168008,2.0115838206735686,0.8795584587864066,1.2246428361451822,1.0664431942398582,0.9365538320110124,1.9917870358555019,1.592527630834817,3.6969898481561443,2.3476617704202978
2014-02-24 16:00:00,DEHM_BD,2.871408906910555,2.1160675556317257,2.111864355883674,0.9491977243010479,1.3749687347540611,1.175012771751585,0.9891291111329696,2.1935424988898635,2.0196429713174644,2.9504131417936876,2.217067737247199
2014-02-24 17:00:00,DEHM_BD,2.7463415773466906,2.011861657483391,2.2489440767836477,1.0780179831752799,1.6537928603176972,1.355919123917695,1.1188526986637386,2.269359062261358,2.1911384504081077,2.5790718522879366,2.0712092607267203
2014-02-24 18:00:00,DEHM_BD,2.996571180942402,1.940328038471915,2.225725480440933,1.3187433796644326,1.9350182984814048,1.5372254827639311,1.30817505293358,2.4033882583618906,2.6935058058656227,2.0950516660137186,1.7769806049579753
2014-02-24 19:00:00,DEHM_BD,2.9381070929978836,1.9712106337980164,2.2293140485646226,1.5153544315539493,2.238397202628561,1.6776244518032108,1.4954939004805647,2.447728778740838,3.054462560534969,1.5263877621659696,1.543065464276634
2014-02-24 20:00:00,DEHM_BD,2.684083559181013,2.1503611042107407,2.5095482284652113,1.5110192919648933,2.4732257363286294,1.80589617949885,1.6744161172823684,2.2981488916866484,2.94609100526658,1.5400945169135185,1.7214722560489923
2014-02-24 21:00:00,DEHM_BD,2.3393326759267388,2.436995018652307,3.0090059788039794,1.498573491189066,2.586506727332301,1.9016707490794549,1.7941832179128585,2.145473076423481,2.9119697375238855,1.7111504594098106,1.9701705552497502
2014-02-24 22:00:00,DEHM_BD,2.082226921548396,2.725218311562882,3.5107771471643305,1.5136720148296212,2.6195504112010664,1.96232726715377,1.8298772212777887,2.0446496652985364,2.733472205768085,1.72719263393037,2.012778507467508
2014-02-24 23:00:00,DEHM_BD,2.0324868404533296,3.033622339083193,3.9335762791853415,1.6136543251874362,2.6255098991598373,2.01275677788647,1.8006269911471342,1.9547177002099154,2.3895898783337524,1.7270906291690469,1.9569972512090208
2014-02-25 00:00:00,DEHM_BD,2.0896696528651937,3.3715365992641297,4.2537313591306445,1.78725007320063,2.645319196662716,2.0166411306273613,1.8105422816884542,1.9668369353511932,2.1803326244704038,1.7711433665156364,1.9576811498683693
2014-02-25 01:00:00,DEHM_BD,2.319163868573159,3.6950191526804343,4.511042940632008,1.8665289708260482,2.5740340962219492,1.9622702424220164,1.900371546625319,2.2845725686769933,2.184164834388209,1.7138603972733022,2.028669933217764
2014-02-25 02:00:00,DEHM_BD,2.530262726274133,4.059555328666335,4.74334667557601,1.7259228512133804,2.5046249139170853,1.879141921071335,1.94977036706495,2.9241136936895544,2.1723129350243324,1.6618908682930469,2.1056098355735466
2014-02-25 03:00:00,DEHM_BD,2.5106443773686884,4.301991316172779,4.99973294312333,1.4755949552679815,2.5139787693987783,1.7987310836581376,1.8155964697659934,3.5592900955702373,2.083828537748158,1.6197318326854706,2.1645634228151476
2014-02-25 04:00:00,DEHM_BD,2.43403945610404,4.355559833010051,5.228266478779316,1.2795572719918933,2.4645915512058507,1.6815829271539835,1.5463864135724288,3.9700567173475028,2.0378604502594473,1.6023887201213836,2.222279096252806
2014-02-25 05:00:00,DEHM_BD,2.316506287940741,4.204515984863788,5.414334530994299,1.2152768288301274,2.289836491862219,1.5625035697026517,1.3341999302617713,4.174316685661823,1.8949081111335755,1.6374076930689814,2.2539544157342615
2014-02-25 06:00:00,DEHM_BD,2.2618859971663356,3.9785895506447555,5.649340172063113,1.207222068492322,2.086820260510482,1.4930193601016044,1.2684000046876072,4.4418240543137495,1.7479795575159787,1.6691955595582724,2.2024576532810927
2014-02-25 07:00:00,DEHM_BD,2.1907367805701496,3.5723674266439676,5.572357104351259,1.2151838521812783,1.8631079496371004,1.4637921263852993,1.2722138390839852,4.906303747662753,1.6682864945304394,1.6942992015659808,2.1199798399311307
2014-02-25 08:00:00,DEHM_BD,2.0768937692874667,3.383931202719211,5.205679337643328,1.1417591040569492,1.5058994136334956,1.3426550648505837,1.2517153299738468,5.143889699408412,1.5966615013092755,1.6897979597246646,1.9728432327657939
2014-02-25 09:00:00,DEHM_BD,1.976600831303894,3.2364192937872556,4.773213001842247,1.103315690538087,1.1476128724975954,1.1541647410051394,1.2061068859132458,5.073758358184174,1.5361512520229819,1.6870523704576494,1.8134431333127619
2014-02-25 10:00:00,DEHM_BD,1.9697187025514244,3.125165621180088,4.200516348565641,1.1018811913098598,1.0180957336202077,1.0375341471670252,1.167821525858041,4.614428487774432,1.50201455920279,1.7139083467519283,1.6617177362993358
2014-02-25 11:00:00,DEHM_BD,2.0530147278901936,3.0408244152914734,3.831724686072925,1.0657425811813446,0.825646094294493,0.9385174725104595,1.0960026781234729,3.9472064136332277,1.4832199321460724,1.7577915355020761,1.5513141081565616
2014-02-25 12:00:00,DEHM_BD,2.1249103951891515,3.0331302794941886,3.6187519571921487,0.9977027842763968,0.575223870193907,0.7578943132384768,0.9805958077171957,3.2598691731011864,1.4710769078421593,1.813008123907149,1.4853594677513837
2014-02-25 13:00:00,DEHM_BD,2.117573473231718,3.0456752213197387,3.3076754785150695,0.8539489986108665,0.5182637939797525,0.5914712477499884,0.870942355521442,2.715832256685197,1.4730892173796888,1.8727928611734508,1.4633462363603709
2014-02-25 14:00:00,DEHM_BD,2.1210852925823627,3.066029716589637,3.0431870157274123,0.6934644137952359,0.6041969003040553,0.5149518547794261,0.7149840526414641,2.3598284032809733,1.4672457546624542,1.935736200200692,1.4611166209521893
2014-02-25 15:00:00,DEHM_BD,2.1387558143225314,3.050050690570129,2.8969112807597974,0.6151494927164144,0.6741309388800103,0.4329336625168856,0.6400541167029922,2.1379119021731614,1.4780063034161925,1.9902206002438811,1.463352393529415
2014-02-25 16:00:00,DEHM_BD,2.217174786822125,3.03674545214382,2.915801822637622,0.5243751626540691,0.7378621690108556,0.42789594428316047,0.6168396491333701,1.9959066690847278,1.4975490828475355,2.0024244519984347,1.460394645935297
2014-02-25 17:00:00,DEHM_BD,2.313479308647439,3.0703269173575096,3.066087416356123,0.45671182332472315,0.8510666927234991,0.541124858901862,0.5204564385466621,1.9454911216431856,1.5091523728501797,2.0250282449886203,1.4496217474955317
2014-02-25 18:00:00,DEHM_BD,2.3719042764432725,3.1467211313210286,3.2456634135009583,0.5885692643142031,1.0592373687574617,0.6986567406651367,0.5438498826394245,1.8967478531397879,1.5701684599739312,2.095480221287906,1.443871667404175
2014-02-25 19:00:00,DEHM_BD,2.4912877920989693,3.291132808812205,3.339240272219153,0.837999197606325,1.2452886989407008,0.7777620029382296,0.7376940996363226,1.9314324931338431,1.6167845922660828,2.185883416925222,1.4584120949435238
2014-02-25 20:00:00,DEHM_BD,2.6221146792648735,3.4832460325211194,3.5266365272057523,0.9981381090691588,1.4388856531981986,0.8205930543863464,0.9952712754840829,1.9878525750115517,1.6528515388029812,2.336915751326233,1.4875948360365625
2014-02-25 21:00:00,DEHM_BD,2.794006414333284,3.68590549032886,3.8269077067791386,0.9866530324628128,1.5972268986454166,0.8673152804394706,1.2755941763188483,2.0910923590640724,1.6823797352993488,2.43967385896191,1.530011456490755
2014-02-25 22:00:00,DEHM_BD,2.9754880561731754,3.808426516521173,4.033066362410662,0.9493229195128255,1.7734760321418475,0.9580251235816214,1.3897486392998375,2.0765253531888126,1.7092206003499033,2.477906725026369,1.5641184393686056
2014-02-25 23:00:00,DEHM_BD,3.0920041801933946,3.858917692188956,4.08852925892779,0.9339044081128196,1.9773694092811387,1.0872822209846014,1.3072341283215874,1.9805830803515019,1.752436819894016,2.468847387498468,1.5904231954908368
2014-02-26 00:00:00,DEHM_BD,3.108236001068652,3.968454455357473,4.038986306822176,0.9496934109113027,2.15741421204654,1.2503533560694502,1.2138095841402354,1.8720432175576684,1.8226290219837427,2.4801877363371845,1.6137917441689966
2014-02-26 01:00:00,DEHM_BD,3.1051778929446643,4.178266853693649,4.046023158808993,0.9541131621795077,2.3578918202811385,1.6196814788566343,1.2342409511809087,1.739649157444238,1.9300802776283028,2.4912396669852734,1.617201233999133
2014-02-26 02:00:00,DEHM_BD,2.9595822051501273,4.399299673873912,4.197351615352663,0.9635078034239933,2.427403482870302,2.1021997392363008,1.4263505280543958,1.5580021491108835,2.1003154635912176,2.472414874881506,1.6012396823573112
2014-02-26 03:00:00,DEHM_BD,2.7047618854594226,4.485439629206266,4.47618158817816,0.9918478852950208,2.32883062770037,2.413950892005628,1.6665108134655167,1.4230114946052432,2.2444812444251774,2.435549681313336,1.6173699673837423
2014-02-26 04:00:00,DEHM_BD,2.5637633020108934,4.019847446757015,4.757700092915862,1.1123753728464665,2.2252529576741717,2.5315451587700144,1.8380771726755192,1.3795147228914497,2.31890716852963,2.4005545947352047,1.6563519832974671
2014-02-26 05:00:00,DEHM_BD,2.6285415586030485,4.102580105350278,4.918654339273134,1.3764917101270286,2.112621195284687,2.4923682712935467,2.049395059735305,1.3815970368120074,2.3201882772383096,2.4243262767107785,1.696470687289238
2014-02-26 06:00:00,DEHM_BD,2.692881350528598,4.114584797015581,5.137308572522834,1.4955920944734915,1.9752979131932928,2.2820256344448446,2.362945436763698,1.4041804889966547,2.3101008349764345,2.6252266664841772,1.741363753387928
2014-02-26 07:00:00,DEHM_BD,2.7014053026562928,3.9447285187232493,5.064201903075858,1.4637644778983154,1.7864322377739472,2.0828760709749163,2.3421418967991205,1.4782858713667095,2.3007791991752384,2.9437668757791817,1.7374005999594928
2014-02-26 08:00:00,DEHM_BD,2.8281858096724743,3.810814132174775,4.47923851715153,1.4634631612656264,1.4869193797352538,1.8393649106415315,2.073295714532942,1.5025175901930035,2.252402087816298,3.0377080255968867,1.6796903669285774
2014-02-26 09:00:00,DEHM_BD,2.963798606674969,3.7932983446547763,3.94371754904056,1.4399053503352404,1.2730548075013048,1.5336174279235513,1.8572691399202101,1.5415559805455805,2.2143663770882784,3.090232517764494,1.5981413869410754
2014-02-26 10:00:00,DEHM_BD,3.1072584394682945,3.7271407318299454,3.3870156814409325,1.3849796582045966,1.115423263655724,1.3582773846541671,1.664238355682697,1.5925514424005895,2.2302676505532864,3.133054334952012,1.5239608261334896
2014-02-26 11:00:00,DEHM_BD,3.1820794684696194,3.603197382570366,3.023855642841946,1.3117027695427823,0.9712560340050375,1.2312482780457625,1.5128110121590854,1.6487296405441316,2.265972722569406,3.1239525524203664,1.4536610403835775
2014-02-26 12:00:00,DEHM_BD,3.195628281393796,3.401906757803536,2.907537189710785,1.2852168346792006,0.8525295176071765,1.1618488124197386,1.3837964504616824,1.6761071143649517,2.290493804039061,3.045543606446385,1.3864354913592338
2014-02-26 13:00:00,DEHM_BD,3.2351308230419082,3.075950520401832,2.7375502000965746,1.3076069555685412,0.766944137670435,1.1014257234671383,1.3231885126381338,1.7435065111787615,2.3432394699150327,3.037202322385367,1.3298177084612846
2014-02-26 14:00:00,DEHM_BD,3.2577227160657385,2.7465012035800234,2.319517660463308,1.3262108613903216,0.7230038906507101,1.0439345903700936,1.307729826633943,1.8747960525997729,2.4188958916602283,3.063393926304393,1.2842038537108897
2014-02-26 15:00:00,DEHM_BD,3.2593842248943403,2.415884549359458,1.8284333770742314,1.2955558387440524,0.6976248069774778,1.0030963222034588,1.2897975800061563,2.0409850682913513,2.4590667498783767,3.033610786529426,1.250727031788826
2014-02-26 16:00:00,DEHM_BD,3.266627618035935,2.287624127628822,1.770477519330494,1.240957681028289,0.74607748059595,1.00637404157667,1.2721111941698555,2.1827064673749357,2.5120762237712366,3.041333875153488,1.2297991875708103
2014-02-26 17:00:00,DEHM_BD,3.3156388803182635,2.305211083666496,1.7222121341754029,1.2484973931511973,0.841917893377561,1.0763684192778809,1.3089107154278188,2.2872167336621136,2.585610264431387,3.1023534670736734,1.197740273088813
2014-02-26 18:00:00,DEHM_BD,3.431822001083601,2.319824867567606,1.5737331233190281,1.4059256061420378,0.9928098386769834,1.233980030985314,1.4259671791431634,2.334106729078889,2.6087668884102255,3.100311261361256,1.1593702404534816
2014-02-26 19:00:00,DEHM_BD,3.5753586811237748,2.2973822935564163,1.4106323158328418,1.597946105623579,1.1659112143764272,1.4432172704829762,1.5381540730122278,2.2103142937695974,2.660174824255407,3.0866413394612353,1.1200194626940787
2014-02-26 20:00:00,DEHM_BD,3.8103750545804393,2.372205230448917,1.2579939468778296,1.7830885916431922,1.3773259858553297,1.6497445443936973,1.6819252823441837,2.0477112513282894,2.7395551772841813,3.1939239068036156,1.0919249158974365
2014-02-26 21:00:00,DEHM_BD,3.9484158950432,2.4727531072235576,1.1425739143805578,1.8805060241636853,1.6272677201804144,1.8434138896932033,1.951177816408344,1.7333161047904198,2.7862321654710174,3.3027851207444074,1.0762437718577496
2014-02-26 22:00:00,DEHM_BD,3.970120633773026,2.3020871662417797,1.0180788186650722,1.9720854932121252,1.7354617943889834,2.0510866734435176,2.2475520020885784,1.0617974655228852,2.8088731442163883,3.3978920886553827,1.0730008076158817
2014-02-26 23:00:00,DEHM_BD,3.9956795183429143,2.165981365188919,0.863676605251003,2.0376172165377997,1.7378739254258573,2.1170941978857343,2.488666273008857,0.4631891445314883,2.835943348901421,3.3926216524744035,1.0789499251833279
2014-02-27 00:00:00,DEHM_BD,4.001749717598562,2.103288422121294,0.7538830299197137,1.9714313658879976,1.7063808657147734,2.057383425835627,2.5523864027478584,0.23329825674265617,2.855749494776577,3.248481217355076,1.093338755321377
2014-02-27 01:00:00,DEHM_BD,4.060620157858855,2.0402483705819026,0.7027036248487606,1.8464208730995237,1.6279644150696695,1.9927887711308852,2.4980744600153155,0.19934380684733377,2.8685003887425364,3.225899741056333,1.1160126890119817
2014-02-27 02:00:00,DEHM_BD,4.112067313104831,1.9705262179226428,0.6976079839476943,1.6814627557161916,1.5082014010461977,1.8711501682527456,2.367456401842553,0.19905699588328582,2.922150053844899,3.3867746785552155,1.1467761032898096
2014-02-27 03:00:00,DEHM_BD,4.242979064664776,1.980940302476026,0.7351345937816798,1.5396751057933225,1.5663363801535406,1.6411073474988345,2.195640338460398,0.2034341907620429,3.0099290378560877,3.6500293232547754,1.1855264486331318
2014-02-27 04:00:00,DEHM_BD,4.318036530158668,2.0881428511296583,0.8395229179655759,1.5179674407961405,1.6313273439323903,1.4109498089456185,1.9130774010199356,0.2138685498435794,3.1195186698040374,3.832621898385087,1.2336313650122657
2014-02-27 05:00:00,DEHM_BD,4.123335769207366,2.3884961747556366,0.9146050175897218,1.50406348364701,1.5908958523840828,1.3997246427108858,1.7923392553597643,0.23420684678256495,3.1205067313990735,3.8780607364735697,1.3038753585977665
2014-02-27 06:00:00,DEHM_BD,3.754620608214475,2.751822890060507,1.1340753060344047,1.4361775870106417,1.5564633404676709,1.5932213320401893,1.6687669832013174,0.25823895690456034,3.111720663813204,3.9446460769488487,1.3916755584140494
2014-02-27 07:00:00,DEHM_BD,3.5572414403433728,3.064567968040332,1.630699890545849,1.5458993145673605,1.8385579565914347,1.8483617970436834,1.5684017788686964,0.27794368070706715,3.0861630511304923,3.7515022631752286,1.476256153521761
2014-02-27 08:00:00,DEHM_BD,3.5530625222696357,3.310861680917927,2.1888613987287506,1.786018589431364,1.9251001588302197,2.003588996961827,1.803021137811339,0.3103105873006581,2.9522584414628157,3.6309046652487194,1.5551968367401512
2014-02-27 09:00:00,DEHM_BD,3.4316803862559984,3.682118597566411,2.6304879389882467,1.8974456514698304,1.7533422333141044,1.8377678603322292,2.0500336768051395,0.3309559992805122,2.8563751643349224,3.5085274580730665,1.6318713698324
2014-02-27 10:00:00,DEHM_BD,3.309499653321728,3.8881727245109525,2.896299150272039,1.538681972092725,1.3074896239376161,1.2550141600856697,1.6997965664682135,0.34710271447062485,2.825721230441406,3.4185860672702293,1.6921856968177669
2014-02-27 11:00:00,DEHM_BD,3.1220656836035663,4.035644842572268,3.223334546999079,0.9385634965339726,0.8948837257009861,0.7975575910460553,1.0697301122603613,0.4127739748710392,2.788519280100502,3.3403406671465006,1.7301632310524582
2014-02-27 12:00:00,DEHM_BD,2.894246245456631,4.164667168872412,3.5253895414862844,0.6011545669570681,0.582605491380114,0.5784736801733412,0.6780197828058319,0.5277353463256358,2.8144165562335024,3.171994752279427,1.7495303345431388
2014-02-27 13:00:00,DEHM_BD,2.832476867458807,4.147830681189727,3.2021363189559287,0.4277956453500508,0.3420044540940038,0.3638675859526125,0.5605794879400846,0.6414923969449102,2.7834292509608343,2.9640868324885847,1.780066592387706
2014-02-27 14:00:00,DEHM_BD,2.7997486617149834,3.9021939986029732,2.8866260006888833,0.39581282581804134,0.16792904620301902,0.21919437889361615,0.39551890904241577,0.9001842432365568,2.515822708420381,2.838139710270411,1.8097417600893972
2014-02-27 15:00:00,DEHM_BD,3.2773077421174235,3.861877506118622,2.3974677292682043,0.3206825670396862,0.10564433268042259,0.1190378577180007,0.2645042409152047,1.3026226018354297,2.2786942647670583,2.712234058568072,1.8478132849068938
2014-02-27 16:00:00,DEHM_BD,3.9579197269953807,3.865659367340205,2.201006582581571,0.2635655860900505,0.1683447730665233,0.08435237455997131,0.18225378539804293,1.644286867507026,2.000446874848232,2.78552992325689,1.9092124365359544
2014-02-27 17:00:00,DEHM_BD,4.520212733793984,4.021509250347382,2.6340086132822806,0.22715417861264078,0.30793884421771844,0.188221426644487,0.10400424364973077,1.9479943632343413,1.8922036480884254,3.2412349438117163,1.9850437107253076
2014-02-27 18:00:00,DEHM_BD,5.004681293485378,3.997722449602839,2.915314044780184,0.15678532963582423,0.5085993625004868,0.46727583036661496,0.0948656163634964,2.072206670194566,1.664079076490868,3.428280585020954,2.0544643225479122
2014-02-27 19:00:00,DEHM_BD,5.201944780921312,4.244940887197348,3.478179148596296,0.128777048438969,0.7739253540472731,0.8164102610877314,0.25019188982206375,2.6395367276418957,1.606225065719951,3.21787666824254,2.120777421979308
2014-02-27 20:00:00,DEHM_BD,4.818813348985473,4.577338338751747,3.737972717757774,0.29326469040429903,1.0208279345793463,1.1945826923232192,0.6273934134390984,3.1591026953543726,1.8011841401548683,3.2110767983716815,2.1758919410026074
2014-02-27 21:00:00,DEHM_BD,4.156249843835836,4.366283669633008,3.9635907497480045,0.6066161150600451,1.118714680255875,1.5772373758332974,1.0827114618192093,3.306574212914966,2.0718875329884145,3.5327573955047877,2.209814456244707
2014-02-27 22:00:00,DEHM_BD,3.8277535325499166,4.129475840135934,4.446216475351552,1.0262946047807078,1.2281468093839847,1.986667234120653,1.5240830492770463,3.458037640280463,2.3247134115245194,3.749273391064033,2.2135236126422884
2014-02-27 23:00:00,DEHM_BD,3.713222550742838,4.1177362413712775,4.703585051508228,1.394300795350456,1.4797757200082948,2.322523225015802,1.8858805506947707,3.640457881179303,2.1926049754576384,3.77220400308542,2.1913754647976162
2014-02-28 00:00:00,DEHM_BD,3.9981814110166933,4.2407777617817,4.646271061135958,1.666298498187008,1.7662421769717893,2.6008937839289565,2.141245826015663,3.804811424232871,1.8379304577772693,3.749412375016026,2.164486420506835
2014-02-28 01:00:00,DEHM_BD,4.404278120169095,4.342691835759468,4.587589809083627,1.8466578181243118,1.9781138229036144,2.8688217316048212,2.4113929071932336,3.6244104528254275,1.8331187647953069,3.770906399040296,2.1330555218026044
2014-02-28 02:00:00,DEHM_BD,4.393315474305935,4.28598908912044,4.496909320156351,1.7936361571925437,2.2686567654142342,3.202600197500176,2.5893361497586733,3.2920779164484144,1.9517442556456848,3.7160324365465347,2.101895009421855
2014-02-28 03:00:00,DEHM_BD,4.3494136240534855,4.21824198153913,4.193559519884549,1.7786099052903894,2.668568430721667,3.3861613405450712,2.563884875273626,3.1769223942321534,2.2297170199738066,3.633962422421873,2.059287328941375
2014-02-28 04:00:00,DEHM_BD,4.333339703248143,4.154065753362179,3.716702979070153,1.6924452048131635,2.884795898732599,3.3641806878197964,2.5590700170287493,3.2696835945135354,2.46852192024976,3.6118920599251987,2.028221977854038
2014-02-28 05:00:00,DEHM_BD,4.23125953759186,4.054902986180484,3.4106083558981166,1.4648119147961374,2.9712642248154246,2.988542295481148,2.1632787922919356,3.336506959111691,2.4853216090714936,3.4580737644928696,2.0287361213955784
2014-02-28 06:00:00,DEHM_BD,4.101677435261607,3.840180970164444,3.1761488580334003,1.2493306190539222,2.9559729899398794,2.138169177060815,1.7897744712471213,3.386640728251934,2.480400745224059,3.4810661470368505,2.0576049217487364
2014-02-28 07:00:00,DEHM_BD,3.79769151763022,3.536648026561886,2.6164568476449075,1.1157089359000847,2.5980352186461166,1.400681240947042,1.452011135723982,3.423992192364335,2.630242916743755,3.8212445847567915,2.0959699968702066
2014-02-28 08:00:00,DEHM_BD,3.6557358699671925,3.334959384386838,2.0100649132110107,1.1758591420012177,1.7050988503176625,1.0967540589812665,1.1258880099171074,3.4182895889729252,2.709700410020649,4.186759989598989,2.1494654090228678
2014-02-28 09:00:00,DEHM_BD,3.6849678838773077,2.9780785077564422,1.4858774863365758,1.2198825920963916,1.1669017613388737,0.9911836387583421,1.0156311412868424,3.4388395084968213,2.784159395493865,4.3308558190718305,2.213563772180881
2014-02-28 10:00:00,DEHM_BD,3.1811939506919686,2.6107643010009083,1.2984540052907076,1.2391499043695815,0.989121555875719,0.9461374310427519,1.0409353364753147,3.3657831524218618,2.890534394779801,4.294184820450246,2.277417007740978
2014-02-28 11:00:00,DEHM_BD,3.2313441176856683,2.386531146814004,1.3138074376947062,1.3054235996001935,0.957337597301246,0.9754483651845756,1.1133959703764513,3.2379185186076165,3.0156071721893545,4.222328727930039,2.346177113403627
2014-02-28 12:00:00,DEHM_BD,4.063013707651198,2.3177622126239914,1.3878131560342617,1.4061823000928806,0.980058405465104,1.10436413794165,1.2595955609589589,2.975496686593294,3.1214285122954846,4.0957642901589715,2.4171173545750744
2014-02-28 13:00:00,DEHM_BD,4.247650721886456,2.296354571505301,1.525174585869466,1.248302814578939,1.0605200043486525,1.1827534676489835,1.4529692038682616,2.7311646790891886,3.054285235598087,3.979943452357426,2.480720283555096
2014-02-28 14:00:00,DEHM_BD,4.449401168827414,2.3668735886219703,1.6105090502681407,1.031862252815013,1.1548512464476643,1.1306045964484672,1.6229965665585147,2.568355001436174,2.8676901399815087,3.870830906012803,2.5280226551942717
2014-02-28 15:00:00,DEHM_BD,4.401656083028019,2.4725486654135724,1.5860382850097283,0.8539260957421269,1.176958479726609,1.1090212485891162,1.5756713131549418,2.507495247198343,2.6554815746212004,3.823430905568004,2.5416049370240885
2014-02-28 16:00:00,DEHM_BD,4.347695994538665,2.418039503707944,1.4815993428043803,0.7607289079221831,1.1598126313129649,1.2271106610069666,1.4359324111782361,2.5465261802405124,2.466304639062881,3.747845144904256,2.5034505725866554
2014-02-28 17:00:00,DEHM_BD,4.29184961633116,2.6737593566080404,1.614400791377045,0.8386079884830278,1.3266058671990524,1.642323082313821,1.4358016499304143,2.6930846464647353,2.3505707295745606,3.6089263325339553,2.4208174221684784
2014-02-28 18:00:00,DEHM_BD,4.192156742742955,2.9168456302995533,1.7212674085823625,1.0045955744862163,1.9121187654618477,2.2734239640685314,1.449378444497621,2.7064855525678397,2.2406258491873743,3.381335806843042,2.3066728714299196
2014-02-28 19:00:00,DEHM_BD,4.089012971423864,3.1996140259758308,1.7887505703040625,1.1296105682016624,2.8794751225650916,2.3680023376531265,1.6497434471394463,2.670744202520549,2.165714785672724,3.046250658005476,2.1870156931386884
2014-02-28 20:00:00,DEHM_BD,4.015981534540951,3.389875140104948,1.8908918172396705,1.227672122719941,3.3267434848402195,2.1406945950735405,1.7452287640816149,2.677201851134598,2.077314155692756,2.761990463061333,2.059211357384473
2014-02-28 21:00:00,DEHM_BD,3.8999308975817257,3.4716395804788167,2.003141647571777,1.3709389307228173,2.8939928474766807,2.269741784014207,1.860591899630665,2.642917609391213,1.9401557822285591,2.5337313090205194,1.9641906903608144
2014-02-28 22:00:00,DEHM_BD,3.741019937379062,3.5710753099844306,2.0729312151909456,1.5577191935747978,2.7622283581741573,2.328501924605059,2.021949229236432,2.364799242485762,1.847973772280216,2.563048182284832,1.8944334755842387
2014-02-28 23:00:00,DEHM_BD,3.6238102426198124,3.4462015243018804,2.068773779218315,1.677434786472512,2.833008703428903,2.405740658821582,2.1851777755728294,1.879816569465995,1.8142509397521616,2.773692018123865,1.8377708394661545
2014-03-01 00:00:00,DEHM_BD,3.633232617836595,3.1066099675619085,1.8241650008887165,1.726610208408756,2.9270204835712073,2.588397691962031,2.3041384164984797,1.5136967921984197,1.8184794059702754,3.060206872490644,1.802280234439373
2014-03-01 01:00:00,DEHM_BD,3.786539571094662,2.8608372927286476,1.3280361102874518,1.8470527331996915,3.0868358167598373,2.7497760650430627,2.241740988695859,1.282342031393945,1.814367806664705,3.6444985051381584,1.764421006026864
2014-03-01 02:00:00,DEHM_BD,4.1034856977193055,2.808839984924515,0.9253502392252104,2.0652778452813294,3.231578605657644,2.8642800360025142,2.2421115334452577,1.0760882394093274,1.7709725034177302,4.361936070091948,1.7264032818764448
2014-03-01 03:00:00,DEHM_BD,4.533348265636862,2.9124829429038672,0.882723318343075,2.2264213255654437,3.3377674496336214,3.0125579179731727,2.445833940981129,0.9039999819535016,1.7205272040581705,4.647785134437829,1.7008903460884095
2014-03-01 04:00:00,DEHM_BD,4.669638814071268,3.1033088424834507,1.305887858403116,2.20464665823901,3.3059529344404766,3.2020116209701652,2.7546178888611204,0.7709531161111591,1.716241036748886,4.769834218255431,1.686938156849742
2014-03-01 05:00:00,DEHM_BD,4.376317182815373,3.2520214973452495,1.5811946967763626,2.043823503902684,3.331188937960442,3.4883879161664617,2.8867797145566327,0.6049060025095938,1.8345804383683206,4.565115566253662,1.6874010160124302
2014-03-01 06:00:00,DEHM_BD,4.081383854569495,3.2305469739312165,1.4822777681378148,1.97837275060944,3.5990805549111635,3.6167734750115272,2.8235785202626325,0.4488602081269024,1.9955166509771347,4.364863673074543,1.6988386368548867
2014-03-01 07:00:00,DEHM_BD,4.058694399440288,2.8881135590627967,1.3864129850345384,1.8322169572446638,3.7216928529327267,3.0706406305989744,2.4466878177691718,0.40541327700644725,2.066636553086042,4.2530234185490015,1.740818711372763
2014-03-01 08:00:00,DEHM_BD,3.975261528147496,2.3135982933640618,1.2637840073463305,1.630564900790092,3.263017239519507,1.9681134021219393,1.9594769614289516,0.4468074605476855,2.2305982045912742,4.05598529407857,1.78205001161322
2014-03-01 09:00:00,DEHM_BD,3.7636258683672175,1.899497234968336,1.0342739187786023,1.4987420855076705,2.343588313378572,1.297890140588885,1.6143039202128653,0.4465817065197229,2.5648898629045487,3.7505126661778427,1.7684272999573498
2014-03-01 10:00:00,DEHM_BD,3.6122105412959167,1.7880542866161429,0.6517360834121844,1.5559300747701152,1.640672679473532,1.0946595184646446,1.3702617144872593,0.4363538081194459,2.8877442096698287,3.500954109236738,1.7274593136911096
2014-03-01 11:00:00,DEHM_BD,3.523304817718291,1.749853227433241,0.36506984933252085,1.5734250781682668,1.4507288711308082,1.1023454383785893,1.3303259209061131,0.44393645569011553,3.0750469400864837,3.222607901359652,1.684152376976609
2014-03-01 12:00:00,DEHM_BD,3.3252218619487643,1.6141152371110674,0.3026988968548545,1.5382962162380072,1.482402641801258,1.069944502905574,1.3654489553671132,0.4312717631953954,3.12247855373919,2.930665202048983,1.664177077960074
2014-03-01 13:00:00,DEHM_BD,3.1963635842231923,1.4422731756135332,0.43270377340038574,1.460704881967858,1.434200768857312,0.9818559031875103,1.356640644795345,0.4120261240585147,3.070004017598033,2.7613394112840135,1.6576085715830327
2014-03-01 14:00:00,DEHM_BD,2.8850070941563115,1.126722435183758,0.6624663997713849,1.3327004855631666,1.32921589558566,0.8721089639531081,1.312687088720134,0.397337831673771,2.947730651110411,2.582257133077005,1.6332959308315065
2014-03-01 15:00:00,DEHM_BD,3.0423808166796387,0.9374869808499788,0.8340766390868413,1.2154412657325693,1.2106031900311458,0.8044281211947049,1.2401598691203461,0.37496914693593975,2.8239883723166583,2.380697045751476,1.643609484881144
2014-03-01 16:00:00,DEHM_BD,3.3330264468502815,1.30230712452601,0.8665939315529289,1.0883085152079077,1.0890994489278236,0.7869578453666993,1.1160208447462217,0.3708525260138511,2.6783368668133023,2.409495520369061,1.6719863658806495
2014-03-01 17:00:00,DEHM_BD,3.4907931137744477,1.778693200239411,0.780811945469972,1.2035808127770506,1.0918833995451371,0.8746557870616849,1.1362447085566556,0.3724348179374634,2.6512946988428014,2.5602250936097013,1.6881811499867587
2014-03-01 18:00:00,DEHM_BD,3.4037177001027143,2.5502945145650133,0.8794357572261714,1.3923524839579038,1.2116148304444214,1.0372187198671503,1.2177875202506747,0.3564861042250692,2.5912000220144167,2.740285048919217,1.7223242585958727
2014-03-01 19:00:00,DEHM_BD,3.236088664911054,3.0660473898426273,1.240739784952887,1.6483339669233281,1.2949540372512234,1.1535302717005775,1.339649014980753,0.34661145103007535,2.5474366376457365,2.986872989308087,1.7578928824603557
2014-03-01 20:00:00,DEHM_BD,3.119700244431943,3.4006542186864652,1.7695224914908005,1.9859638724546365,1.4220276005804862,1.302790405516829,1.5550107059379377,0.4215202169287203,2.5299450214879586,2.89144769299943,1.7755561907356605
2014-03-01 21:00:00,DEHM_BD,3.0510655780056863,3.2032334315518898,2.696356893633376,2.3523726654848005,1.5807215736696105,1.5628087329015072,1.8610888562122665,0.628348132340312,2.5581976363953016,2.6842490177551657,1.7724775689326224
2014-03-01 22:00:00,DEHM_BD,2.772703258959353,3.35400946554129,3.2923150546360733,2.2576284939370828,1.8288824446208003,1.9282589182415837,2.0764022661803865,0.9246251174721121,2.5948251231543624,2.5284353737203777,1.7276589165961371
2014-03-01 23:00:00,DEHM_BD,2.768605743598044,3.441936443638774,3.0133658162429957,2.1707584459264164,2.1829077980916862,2.357705955247031,2.1986822238956716,1.2937116229194403,2.6653241125570983,2.492052925844192,1.66475655439049
2014-03-02 00:00:00,DEHM_BD,2.4256124589532613,3.198350076268476,2.5649661189364124,2.603276456428799,2.6503159805985215,2.72979711722349,2.7124179460469366,1.7845082166168094,2.7008158876558763,2.70807279430747,1.6044002790675314
2014-03-02 01:00:00,DEHM_BD,2.769093410385847,2.2856336197608518,2.6035432788930324,3.147840341284656,3.187572943445993,2.8403739844436897,3.247525838571021,2.2562368840429188,2.5103418940123916,3.10293147069633,1.5521942489052192
2014-03-02 02:00:00,DEHM_BD,3.5350160332274436,1.6192798303107172,2.535333530691806,3.1027168811283494,3.245692637676671,3.212775532652862,3.287680228533251,2.574515603648722,2.29044964452222,3.3558426548543574,1.5147354179149122
2014-03-02 03:00:00,DEHM_BD,3.9893061464461685,1.9319274719741197,2.6120144070820883,3.1050957493753453,2.958412244858387,3.6076544916474305,3.120685766438112,2.672493737692237,2.113910603302717,3.291882473277748,1.4951750103561579
2014-03-02 04:00:00,DEHM_BD,4.010472104319781,2.956198354726285,3.142909248808734,3.3946609147287696,2.623578138599172,3.3033663051292206,3.4767157033157368,2.671340539917648,2.0007594395470623,3.4499554454246164,1.4990781479557602
2014-03-02 05:00:00,DEHM_BD,4.26925499972105,3.8078855902625617,3.383114589396156,3.194643703055042,2.6844454831164146,2.7700267405653043,3.453324498749182,2.7632258282236757,1.9508495730865003,4.173556869572103,1.5129875614941493
2014-03-02 06:00:00,DEHM_BD,5.186074145212993,4.136666474856845,3.1032758836116274,3.049988910019629,3.272644819599185,3.405576852830462,2.9304648784895844,2.5022488906958698,2.104407765131593,4.697981477161647,1.5056502802580596
2014-03-02 07:00:00,DEHM_BD,6.043627484373449,4.200969016959071,2.7015616032319887,3.20341020436601,3.603802108958401,3.6879482763481097,3.3729033612252235,2.070254020244926,2.319186783978939,5.41064186156273,1.465346407747194
2014-03-02 08:00:00,DEHM_BD,6.467604987259358,3.568328217154965,2.7436431946475013,3.277608535055216,4.023411218602248,3.7906810432054385,3.929913672364829,1.3671721627883613,2.3992040759307147,5.663876234684363,1.4444807714825123
2014-03-02 09:00:00,DEHM_BD,5.874874038704485,2.5612171043897423,3.204577063855633,2.8166874746550223,4.108035346905515,4.558932384647867,3.7706559818770957,0.8223791241422294,2.5489495752570033,4.901210025215819,1.4158490705079585
2014-03-02 10:00:00,DEHM_BD,4.74326095256433,2.6315845502363517,4.282589974915644,2.7514382595837006,4.032422370883533,4.9311224923796,3.6568004795338926,0.7227710856065154,2.5735735832959414,4.461499181950092,1.3757629368799924
2014-03-02 11:00:00,DEHM_BD,3.6494320058736207,2.486941837203595,5.074843962250559,2.6654661713439363,3.9070511313599257,4.575348903136222,3.4957705519112126,0.9125103494265676,2.8007943076908592,3.8180696639158302,1.3492875794555248
2014-03-02 12:00:00,DEHM_BD,3.3250043284394595,2.971257778787445,4.942823407794173,2.687202546316944,3.6343490761582413,3.5549127928958013,3.253325273077011,0.8963618712580204,2.597734575315714,2.695431675366769,1.3218572886344788
2014-03-02 13:00:00,DEHM_BD,3.3966558964065086,3.7393629723311985,5.352744311048345,2.62475392016069,3.0600272351127242,2.831648865972336,2.957198561882928,0.8164654648375511,2.6895939701521394,2.484702720587114,1.2849728072427213
2014-03-02 14:00:00,DEHM_BD,3.592275652947128,3.9189442554512945,4.883406840319311,2.234892805678352,2.4448952181375145,2.4253583597102533,2.6042166673658267,0.9933360575696826,2.972153907160163,2.817792086998767,1.2551531310928614
2014-03-02 15:00:00,DEHM_BD,3.2173847750114977,4.028194378548721,4.50618521895265,1.718396218671301,2.0009208178593068,2.000213715489712,2.3590881842381073,1.8642773942079396,3.288975803454816,3.2678946567289597,1.2470504612197726
2014-03-02 16:00:00,DEHM_BD,3.0749369820562493,4.519181745941994,4.23941994176385,1.4761707150268433,1.8449188184419507,1.8721788404814326,1.9859376045900858,2.8797500190300864,3.4802793781439965,3.557982956718581,1.264455121448748
2014-03-02 17:00:00,DEHM_BD,3.302286023066713,4.473572671148087,4.0026679009102,1.326332566055735,1.972982021769073,1.8820904863318475,1.78568810832331,3.2219363707161706,3.5084594757198455,3.67811701102008,1.3286964180004968
2014-03-02 18:00:00,DEHM_BD,3.699317005309687,4.2969793474538305,3.794053006020896,1.5696613129456143,2.0752030116966598,1.8482571980577986,1.5964131298184827,3.0764469755535955,3.36827547729928,3.856462944323894,1.4329563835327606
2014-03-02 19:00:00,DEHM_BD,3.8785245958918733,4.53440714931216,3.8431594321338176,1.9176851146352454,2.2914840074551006,2.129135272062938,1.7298666042189494,2.7902647045554776,3.312833970996877,3.758249958818911,1.523530114954356
2014-03-02 20:00:00,DEHM_BD,4.1696214852416835,4.282985967528185,4.347493402661663,2.0107039866379646,2.6535540681538707,2.330765320663148,2.16724962829514,2.0828860876969997,3.4980655159491487,4.02176081520668,1.5138164596066253
2014-03-02 21:00:00,DEHM_BD,4.615821874901414,4.421802691332514,4.834076578593725,2.2242998575808213,2.4904339481799354,2.2602830467825386,2.3727930658534317,1.1563377750496566,3.6799684247170017,4.425138735662985,1.3458721467532218
2014-03-02 22:00:00,DEHM_BD,4.828962045136434,4.622531885145377,5.128986793266168,2.6388447724227477,2.116141490503148,2.351410844689969,2.5870531091268916,0.884440143827945,4.094409736580607,4.626433860681499,1.1299280101436375
2014-03-02 23:00:00,DEHM_BD,4.997973581299702,4.733127048794265,5.100444430348717,2.7872007035640136,2.1960947295135216,2.6577140755292428,2.984789085248087,0.8226807127538323,4.6207835305741245,4.81259372793546,1.016268726399243
2014-03-03 00:00:00,DEHM_BD,5.198326524888952,4.989968571247982,4.849365436618134,2.9509401407282714,2.661253149970032,2.7462242269058894,3.147692059020106,0.7677151852914691,5.10412436364932,4.963242800241709,1.0305894471696764
2014-03-03 01:00:00,DEHM_BD,5.343701123030036,5.317897866389898,4.465225468307335,3.0927961958819083,2.9923746666631357,2.991156162215052,3.339492378808425,0.8946294842550158,5.471275109110046,5.0510958849925345,1.1202644669884443
2014-03-03 02:00:00,DEHM_BD,5.184283596974267,5.2102621045340785,4.3124237124038265,3.2698844251612695,3.126489062514373,3.4794707545316257,3.408359373927433,1.7765742083278298,5.901451030254713,5.083868138893386,1.1951451301713287
2014-03-03 03:00:00,DEHM_BD,5.287040229972652,5.622211473098499,4.521791887177068,3.798682229403724,3.4976743303930387,3.8166301360636314,3.688649409318403,3.5227570721036194,6.191793144729751,5.083397589828093,1.226071392868012
2014-03-03 04:00:00,DEHM_BD,5.41607388256006,6.158355420527347,4.973574838829578,4.409293309489985,3.977454494785387,3.992213087514475,4.356680624267505,4.960343566741347,6.169589869565685,4.761070193457626,1.2418097554166616
2014-03-03 05:00:00,DEHM_BD,4.956589629062209,5.485727055512277,4.946012710156655,4.832632741852844,4.179145634202543,4.440456586533026,4.939546136740437,5.6277157039278745,6.060166786195971,4.296583667289969,1.2710438681106269
2014-03-03 06:00:00,DEHM_BD,4.298693738593497,4.613625220783576,4.161124784877319,4.821950552656935,4.3137814767504,4.775842358852301,5.2212407491063635,5.932453768803254,5.60044377628997,3.896862355464287,1.2934100066922605
2014-03-03 07:00:00,DEHM_BD,3.6501436592924597,5.1597428136544865,4.4392043044673555,4.524298469489295,3.930905100747454,4.755520641032828,4.964739931302959,5.781460025514141,5.012548212534786,3.9496099127311264,1.2986246500184386
2014-03-03 08:00:00,DEHM_BD,4.285446884881965,4.634035489577372,5.182883514353558,3.697014354758526,3.1104124699192166,3.571300764149298,4.035687607845509,5.664735639034342,4.338708753549904,4.407443762555904,1.3362353815945611
2014-03-03 09:00:00,DEHM_BD,4.640316463533416,3.100855249876678,4.455139519340527,2.763571176894956,1.9820334860096778,2.4625224296013215,3.0922513937900122,5.399956436843834,3.3960580431903895,3.6927947061704103,1.4169435578420386
2014-03-03 10:00:00,DEHM_BD,3.830145141554028,2.912854466160536,3.483910141927041,1.8119265310906973,1.1327831152464611,1.290003146687048,2.159653482490416,5.454283435002119,2.6933046321509777,3.0897932264255923,1.5095059107805788
2014-03-03 11:00:00,DEHM_BD,3.0989849539960916,3.2944767269736532,3.164945615149364,0.8950376644544605,0.6473333517017424,0.6158697627001192,1.2885729166231417,4.78477693516016,2.577084055558741,2.857458816421218,1.6047585054325126
2014-03-03 12:00:00,DEHM_BD,2.7773756550357955,2.6826082719397544,3.1977752886696162,0.3945708217178119,0.5535106143627561,0.45766867313662773,0.5885049047007398,4.302591549976766,2.728482876281887,2.7812534282112122,1.6996876112847121
2014-03-03 13:00:00,DEHM_BD,2.7019245374314953,2.1417793521626294,2.6900606176196784,0.416061692977374,0.7765634066437336,0.7089051929003172,0.4034037476531065,4.140886975914091,2.5315703923308845,2.6197202747359034,1.7688775680738686
2014-03-03 14:00:00,DEHM_BD,2.571560123828526,2.0625098845124246,2.4571097819571195,0.5411090806632055,1.0735679697254694,0.9338496245383185,0.6030731291154912,3.8669694187787176,2.225008897970617,2.4190988650464265,1.7941495712427282
2014-03-03 15:00:00,DEHM_BD,2.485759625882478,2.084401343359798,2.379897830958199,0.5409334228031948,1.0852404916689333,0.9145850148851447,0.6784524700240488,3.2490065494425595,2.083383361391723,2.3338400977144484,1.6900026767864407
2014-03-03 16:00:00,DEHM_BD,2.5260768463479586,2.15956702359885,2.4245415839040465,0.5069637337155701,1.0328114682596687,0.8696768578962731,0.6594272599382631,2.988047156643122,1.958725163383931,2.3980371302934365,1.779897528198689
2014-03-03 17:00:00,DEHM_BD,2.6584305680774154,2.1966212968802825,2.5112078645181093,0.5723357915074928,1.1310534754583146,0.9587204194301482,0.6715351591041718,2.904625774258822,1.8563014798332007,2.222113917821422,1.8995598476840447
2014-03-03 18:00:00,DEHM_BD,2.4656906820992006,2.315612704343442,2.641226558453939,0.7784563847079221,1.3050252348915743,1.1479274562117112,0.8182672964342631,2.656860890949368,1.6587051773080228,2.201566097081378,2.0198630267751096
2014-03-03 19:00:00,DEHM_BD,2.480356881193891,2.4976314349123276,2.832168377818074,1.3545820915976938,1.5200790081951263,1.3272209860023756,1.0062357832088598,2.459495470664799,1.6307071024918556,2.4791669928114115,2.1412425160471256
2014-03-03 20:00:00,DEHM_BD,2.608783195408434,2.483893264876418,3.0114239731833945,1.8657444821265745,1.7323541156268674,1.382651164605993,1.3339998310152907,2.2954118533068897,1.5845207900860905,2.870288272009045,2.2127721394945308
2014-03-03 21:00:00,DEHM_BD,2.588513220511526,2.4021573785215615,3.2374615227151944,1.7905605693991422,1.9179826724610507,1.4782771514025432,2.2122810689353023,2.0108599053150416,1.6226083595538139,3.1274820389744633,2.2109939882335063
2014-03-03 22:00:00,DEHM_BD,2.4790797485759857,2.4361562353692947,3.523223546904763,1.7078082059013195,1.9396793678132016,1.67051183294755,2.761937197171522,1.805309844392538,1.770587635062933,3.3089121402060986,2.1314496729633583
2014-03-03 23:00:00,DEHM_BD,2.5023055092564226,2.4734049833431095,3.780886585542443,1.8366091644219356,1.939781266060381,2.044854111086351,2.665318064997084,1.6768415130776164,1.9355604099315404,3.4392730040165036,2.0390206053644233
2014-03-04 00:00:00,DEHM_BD,2.5870009771558644,2.5820665253399313,3.957104028213937,2.1948067870013035,2.051020690561628,2.465900672922276,2.5208749581950913,1.4945785459274052,2.079164056917429,3.4840513367821275,1.952377712865779
2014-03-04 01:00:00,DEHM_BD,2.6397679976052046,2.8260535132145135,4.019186011194815,2.518387668663771,2.2296449290095617,2.5774772134080326,2.829128768866417,1.3568365327084062,2.1985852380108835,3.4056988239301003,1.8698378374417683
2014-03-04 02:00:00,DEHM_BD,2.727860318446755,2.8947341744888577,4.0316252016191925,2.662068811718016,2.5568569942415103,2.422568535257558,3.397045644187808,1.3152153027302027,2.2756685052537917,3.2693379524289075,1.8013130351010054
2014-03-04 03:00:00,DEHM_BD,2.7682510513365273,2.8233594452248516,4.182962877209005,2.71228425498003,2.9378280806555157,2.5732052626625026,3.734543897732477,1.3050389891231058,2.3275164726734157,3.24285625999108,1.7724519770251215
2014-03-04 04:00:00,DEHM_BD,2.7951416730290655,2.7839814672267433,4.3292352509229355,2.7435988984438016,3.090434094311659,3.0571875976790315,3.740409370057555,1.2950904753059147,2.3281321984148025,3.171991272854805,1.796697432391718
2014-03-04 05:00:00,DEHM_BD,2.8908660468131306,2.6887338940532506,4.275859599657208,2.770037384145343,3.096125554765976,3.349344566818922,3.583749628409537,1.3165550050655008,2.267713504707813,2.986380003156066,1.8687431558321044
2014-03-04 06:00:00,DEHM_BD,2.90801599393934,2.6071948114885393,4.179141805337314,2.7987195433857757,3.1590334350903264,3.328445935925637,3.427921830529637,1.3753840069788694,2.22075122330904,2.8729697434294224,1.9778202660064212
2014-03-04 07:00:00,DEHM_BD,2.806145165955126,2.4333306504034997,3.9477457508224996,2.532535592739445,3.1082607175451025,2.972897868046289,3.0657027297700736,1.4384696186971664,2.198806993303299,2.8285381181573865,2.10966636444781
2014-03-04 08:00:00,DEHM_BD,2.7588538880369065,2.37265586971879,3.577541668035826,2.198672954116694,2.8947915437098315,2.5728021196699724,2.6029116869034405,1.4904137766945365,2.1875238164412973,2.798155712215304,2.184034453801699
2014-03-04 09:00:00,DEHM_BD,2.836837769941092,2.3048434918928145,3.3435218281413146,2.108120933439293,2.797239356066742,2.3735449424820283,2.3361084433080848,1.5202042791965604,2.1627577074801922,2.732103723587394,2.212711134751886
2014-03-04 10:00:00,DEHM_BD,2.907777309193611,2.202674113010466,3.2877081890978292,2.1698800552718014,2.8788729361024896,2.2696467251422234,2.288539857848757,1.4923316674697396,2.1384075018116087,2.6472070287108425,2.209007887949701
2014-03-04 11:00:00,DEHM_BD,2.889629867543578,2.0833573872846367,3.206931693293676,2.37910380310166,2.899841579004368,2.1824040213007465,2.4032932647683847,1.4624695213240386,2.131737576123476,2.5940938348531724,2.196826926332675
2014-03-04 12:00:00,DEHM_BD,2.74373164447546,1.997385408117771,3.0415620132687318,2.4761132268226707,2.8212583599955545,1.9802112780070658,2.4728960586537165,1.4442075390976667,2.1395108055567182,2.557324431989193,2.187918769521536
2014-03-04 13:00:00,DEHM_BD,2.706757744950056,2.0252927072185276,2.8606153482220646,2.302779151048429,2.71246189842106,1.8827331940453222,2.3949775071271167,1.3886877250295877,2.1237999865083954,2.504775930286646,2.182491360394601
2014-03-04 14:00:00,DEHM_BD,2.7559698519408706,2.091598942522108,2.7010720720820642,1.9707449179301006,2.6256687667242318,1.8318643019609626,2.157901517561109,1.3404553612697123,2.068858939288482,2.4529151448208095,2.188446023031827
2014-03-04 15:00:00,DEHM_BD,2.784911179869175,2.1433417100581527,2.5524120952709892,1.6881988567527615,2.488818252238658,1.6349918460541788,1.8040611140945921,1.1889069823139906,2.0088608151470964,2.4119319362962246,2.2051010718862063
2014-03-04 16:00:00,DEHM_BD,2.8754458278621735,2.2371926795522876,2.440649540385913,1.457397194428862,2.1597684703182836,1.5015208390330483,1.673125168119892,1.00795244120121,1.9646370693065878,2.401207778245211,2.222077901309766
2014-03-04 17:00:00,DEHM_BD,2.9488162053576485,2.3379600409975647,2.60231602830046,1.2961005243499921,1.8698951442515381,1.6092065412844698,1.5150468609542251,0.8026213751180469,1.9360704636665387,2.464892712052167,2.2590149163659285
2014-03-04 18:00:00,DEHM_BD,2.96654145371519,2.3831703437983984,2.7684774140269086,1.390361249564017,1.8602739089887494,1.8495838190021536,1.4358624958748616,0.7352388817989081,1.890380833464358,2.503612290510088,2.2948579152097555
2014-03-04 19:00:00,DEHM_BD,3.0625096956887843,2.409261494537294,2.750116712043701,1.583292832957611,2.1792484397249354,2.0518936207105383,1.5843732191869377,0.7532934793268142,1.8418077111930073,2.432054210936576,2.31250508632265
2014-03-04 20:00:00,DEHM_BD,3.2081649535967407,2.4899895783019064,2.799463749977723,1.953954775512364,2.9903561800215677,2.381567622151406,1.7918747057483655,0.8209873763859272,1.8043986009099147,2.4317049931870396,2.3076346253217013
2014-03-04 21:00:00,DEHM_BD,3.271893779601753,2.609677685487047,2.850008159457559,2.419320708156377,3.4192060968129896,2.892051833945863,2.0056807609155682,0.9171958666992187,1.7965419891416092,2.5752181593918797,2.281852638699487
2014-03-04 22:00:00,DEHM_BD,3.4490754126528653,2.7689408903826402,2.915665227239945,3.0535876022107082,3.2838695485067366,3.4118448254160127,2.2211104022474597,0.9535208874307571,1.774091401159018,2.697004778138101,2.241637042694315
2014-03-04 23:00:00,DEHM_BD,3.672288302582335,2.934217667602357,2.982053419509212,3.792972071510178,3.288728712527454,3.84832025841343,2.539479106287465,0.8750172328689694,1.7260421474531293,2.8872034161731044,2.1931295095930246
2014-03-05 00:00:00,DEHM_BD,3.8148874899816514,3.0499897553496993,3.091639804892263,4.274178013268555,3.444975915873907,4.2803455805265935,2.8961214574622316,0.7866033186918495,1.710102058637738,2.9545821624726805,2.132272990796194
2014-03-05 01:00:00,DEHM_BD,3.968041201641485,3.1370134265433065,3.1624884812159273,4.567948659256229,3.705148289445285,4.699231625632737,3.457592942070484,0.7759772981167584,1.7289807961142063,2.6902716653863528,2.0680311540837586
2014-03-05 02:00:00,DEHM_BD,3.9754724570291113,2.985800815722663,3.2760152784703207,4.682479465471386,4.082362478264943,4.947134572881236,4.28841810770399,0.8519827122683823,1.7257129277998209,2.6771457462237773,1.9998513675753773
2014-03-05 03:00:00,DEHM_BD,3.681503491518572,3.079172490781546,3.429047606620956,4.746162148772785,4.564811358442661,4.922391440597973,4.945499500686117,1.0100498238375037,1.7197310591246189,2.772994800747894,1.9328570564802736
2014-03-05 04:00:00,DEHM_BD,3.5168885344424847,3.377586043948755,3.4018860202657155,5.132267684914062,5.109008939800132,4.8398076309311895,5.127496161127515,1.1613164777899907,1.715366462472081,2.7524042885350806,1.9002657595159111
2014-03-05 05:00:00,DEHM_BD,3.4252761686745288,3.5635006320988385,3.3114381680311724,5.681177733844657,5.587168762836512,5.048658016721188,5.020184216437899,1.2706507112165542,1.7207197067221998,2.6433792858477774,1.8553320736650378
2014-03-05 06:00:00,DEHM_BD,3.416137407642603,3.626580627499167,3.4250129841483288,5.924507523983074,5.742764594116732,5.570266610213528,5.041050356427965,1.369296720257029,1.7475599625731262,2.52455236169741,1.81019739612177
2014-03-05 07:00:00,DEHM_BD,3.430489818668403,3.3656737640492014,3.5665547050864976,5.572180071778119,5.384382308377396,5.910957154869356,5.184965075266369,1.4391822171210495,1.812577605898976,2.547737014658418,1.7571838817938417
2014-03-05 08:00:00,DEHM_BD,3.4654172191911936,2.8415116697806293,3.540922527843272,5.191434382827512,4.601529911363963,5.777277706927294,5.245826072602139,1.4873695696996898,1.8571556114029886,2.503479080595528,1.7082253386835566
2014-03-05 09:00:00,DEHM_BD,3.35621025763975,2.5456397364953043,3.4955771680859002,5.217910486325627,3.961630866243169,5.472671553585603,4.706062139542827,1.572330578493476,1.8485751798972485,2.379867722454043,1.6579179538627713
2014-03-05 10:00:00,DEHM_BD,3.165811568688762,2.439391340709856,3.475138566642147,5.025776037603549,3.666190292800991,4.936602031206829,4.421035864963854,1.6309538112196325,1.8105301367611437,2.213089824121334,1.6068912152266224
2014-03-05 11:00:00,DEHM_BD,3.0431161466585985,2.3114616829560024,3.5582129678387586,4.67354930555447,3.636669000475025,4.468433110452805,4.458084279147563,1.6783343979138134,1.7659291479170323,2.159624757000245,1.5604021890816089
2014-03-05 12:00:00,DEHM_BD,2.982248563818927,2.2862085061975885,3.8720447528845545,4.467321627744009,3.65338985421164,4.161865684236396,4.30314391935379,1.7696852110290526,1.7414775580091404,2.1525789170319958,1.5237307460563536
2014-03-05 13:00:00,DEHM_BD,2.9541332393900976,2.241646233361137,4.285664820180656,4.19320922178128,3.3881949465942194,3.9410125387345,3.9762477863622943,1.8766898090176283,1.7340927801898869,2.1670507629428433,1.4978965493552574
2014-03-05 14:00:00,DEHM_BD,2.9307009826977226,2.001994155208294,4.632410249597761,4.036079459946719,2.865307628273363,3.7845029446392453,3.779768164617338,1.998119683112651,1.7003698714428397,2.2060678365553916,1.4817110510559472
2014-03-05 15:00:00,DEHM_BD,2.955624227985442,1.97899283600902,4.922420046271059,3.8877838025583813,2.5239013361031097,3.5442445151978172,3.7263659488752676,2.1201601503179224,1.65052209487902,2.2122380634869074,1.4745859097135625
2014-03-05 16:00:00,DEHM_BD,2.9853573833158045,2.0254437434691455,6.586958117409402,3.7075851305595626,2.7110937502982373,3.2458553151011684,3.265804029699894,2.2161532363691925,1.6065348479250234,2.1948342823183813,1.4381844815304992
2014-03-05 17:00:00,DEHM_BD,3.0257959251554345,2.1820922004350334,7.774625688033295,3.459315840215608,3.025595738552038,3.2737340829053547,3.4559907307410147,2.37341621326603,1.6375519799711835,2.099170733064016,1.5103229777930443
2014-03-05 18:00:00,DEHM_BD,3.042182308205817,2.5289528400134476,8.065862575301416,3.6356368610701955,3.337029081440661,3.219523762080837,3.553169463622784,2.6769611813811958,1.6683417949390935,2.118125720416826,1.6108099097681021
2014-03-05 19:00:00,DEHM_BD,3.0891849246401746,2.8223313032443684,6.771886705829725,3.7090476172327875,3.5792095921614484,2.9895880561134476,3.5467921815555883,3.2420563527113204,1.703692019796199,2.1786078448533663,1.6979974355368528
2014-03-05 20:00:00,DEHM_BD,3.4744750219316245,2.967349820043154,4.367676025346238,3.7592272901916557,3.788227599472515,2.901833340308857,3.2466209736523854,3.928698493705988,1.799951538181269,2.2058473931495906,1.7713169916631433
2014-03-05 21:00:00,DEHM_BD,3.9348309769699945,3.1887846528774806,3.119273250309471,3.646279508518714,3.9533200849590764,2.9123659643467237,3.1267247990599376,4.313477407172621,1.865628597960723,2.3668732264781975,1.8511451016895017
2014-03-05 22:00:00,DEHM_BD,3.997935219520043,3.550691955090327,2.5172333591772054,3.475584375110509,4.028913466408818,2.8894788062987056,3.157308984411488,4.052361118129491,1.8743861036377245,2.605933081078981,1.9343922914261884
2014-03-05 23:00:00,DEHM_BD,3.7957979531406236,4.490071863811026,1.9970817149230464,3.3356238074107853,3.9444331179943903,2.9036983957194775,3.0659054069252716,3.052465614301264,1.9413941695662933,2.898419640863724,2.018707748481785
2014-03-06 00:00:00,DEHM_BD,3.6536583544429933,5.509087024099705,1.5122239684219658,3.2277874310093697,3.80330060592728,2.951081847685107,2.9156257676915036,1.7931854594984653,2.0939530707072245,3.2588039968714773,2.046996745151309
2014-03-06 01:00:00,DEHM_BD,3.9600876062278427,4.713234318998019,1.1611728435129114,3.3507741864383407,3.5855679226732486,3.1046656954210543,2.897612905692965,1.0252180600377916,2.323249407043628,3.6243418942559327,2.0463910580173503
2014-03-06 02:00:00,DEHM_BD,3.6520236456861253,3.3742699306690693,0.9938782190040125,3.6112200349499433,3.4248739016432452,3.122055588254757,3.031240335622482,0.6191207142600416,2.6801209711189498,4.464087221450788,1.9956757987188174
2014-03-06 03:00:00,DEHM_BD,2.8760509140121377,2.304737616739338,1.100306180755226,3.810988377399859,3.6311235861905016,3.083862565444237,3.201873919972076,0.3987965262164175,3.054964712550493,5.665167299360856,1.9257669723534399
2014-03-06 04:00:00,DEHM_BD,2.4492735128584036,1.8449437955231498,1.4269264264035413,4.325040955115156,3.929888091572598,3.266684178849727,3.5848038314980397,0.4233548743548988,3.289792008964839,5.654806280071735,1.8392872352380492
2014-03-06 05:00:00,DEHM_BD,2.4979489429375157,1.6337162576561886,1.8889639881193825,4.830119509895223,4.013249296438862,3.535396916067652,3.9291368066767767,0.66164355195567,3.197604857203178,4.86502530873701,1.7636573568950595
2014-03-06 06:00:00,DEHM_BD,3.083618357315585,1.6647710828074627,2.3160384030191974,4.76686591599642,4.227110427979036,3.7185521667255763,4.678961786090991,1.1016972420573234,3.188461200205609,3.9617643665700406,1.7262935020875
2014-03-06 07:00:00,DEHM_BD,4.602976416805163,1.9274085469123161,2.846470982631929,4.323025517250547,4.632848249218049,3.918635203009418,5.074938239242496,1.7551399143111706,3.644428384769708,2.866785761317089,1.698142713544853
2014-03-06 08:00:00,DEHM_BD,5.17228292178752,2.240895266066026,3.271776930363178,3.855428419835035,5.278221558193896,3.8818764942776256,4.881289156337549,2.424132175657153,3.1096196740302444,2.509199821242029,1.6677169275355896
2014-03-06 09:00:00,DEHM_BD,4.780676981895715,2.6643318075525015,3.3526858627421783,3.743691117889197,5.467174453874894,3.814533454142399,4.651884938077626,2.813793251397014,2.486723262535259,2.715365242638134,1.6583033069745032
2014-03-06 10:00:00,DEHM_BD,3.785811921991466,2.8489859426688007,3.2827534853985156,3.6256814481488746,5.323379120826218,4.059331717666477,4.234305287175577,2.9350598224344853,2.1640055167738352,3.601021428301559,1.6953030632062722
2014-03-06 11:00:00,DEHM_BD,3.047920112560485,3.01268449080311,3.3702488994788102,3.6039213725977453,5.14063895183699,4.536331561514499,3.89943798131006,2.9276179303550722,2.0131639228868856,4.148772091100179,1.7855730274924357
2014-03-06 12:00:00,DEHM_BD,2.9434327603846064,3.2629223776825076,3.697362129535913,3.516997996341618,5.321282670742069,4.799032954691947,3.702832571032655,2.8455785772532227,2.1099890149076654,4.078661557850742,1.8922385514334334
2014-03-06 13:00:00,DEHM_BD,3.1554631758110094,3.4373590366898803,3.322482618547168,3.4295691933673864,5.624426310574341,4.578440328256446,3.5597869019889017,2.6977433954063055,2.4584391439157725,4.2280417057342925,1.9465604062768025
2014-03-06 14:00:00,DEHM_BD,3.533790909733319,3.5409026271998263,2.6144833790539486,3.4303314551659567,5.717026458320989,4.141879074433998,3.15328418573917,2.442662289671302,2.7283296454537287,4.198813208361546,1.9148824690802861
2014-03-06 15:00:00,DEHM_BD,3.769513510355061,3.5779642267773295,2.499185404800719,3.407823519542994,5.600843379056685,3.5594304257104112,2.8405398317232695,2.1537687222915887,2.951376707571521,4.420476728864334,1.8524854971326328
2014-03-06 16:00:00,DEHM_BD,3.810872459882804,3.719900779278567,2.5387093027837717,3.816989391958358,5.536128519699946,3.2507542988044187,2.797857163160725,2.1120901535385848,3.3799629735477263,4.664015140745302,1.8687324570743087
2014-03-06 17:00:00,DEHM_BD,3.851727302137741,3.8778655021306014,2.663453900075555,4.64597039983979,5.3885702648482505,3.100472194321621,3.1172437258771204,2.359787925472855,4.088713913779892,4.748763264421778,1.8826565984831751
2014-03-06 18:00:00,DEHM_BD,4.433966890679422,4.321794427682855,3.1579339115541725,5.637494225045918,4.91819582861885,2.972788101543026,3.9274730851948365,2.6269692778784037,4.448075770808682,4.9918456021363005,1.9060500804373248
2014-03-06 19:00:00,DEHM_BD,5.292263017488464,4.79211171933537,4.309675194011891,5.920782144311566,4.476325876115947,3.0812626787720214,5.115561013255709,2.5057868360392748,4.685469829918407,5.40868199134789,1.966570058829468
2014-03-06 20:00:00,DEHM_BD,5.956299732128656,5.579113875497257,5.443421021462434,5.297425739786711,4.316552977635629,3.3083320488663177,6.152943181827769,2.0375836858423058,4.994422114411891,5.970658961125421,2.042104360903222
2014-03-06 21:00:00,DEHM_BD,6.32294151136875,6.368764283264228,6.100979609410966,4.581262060786685,4.373877302749241,3.544117402425098,6.4421085721213265,1.7154561843770746,5.426872355785668,6.509764094667435,2.1693703115151823
2014-03-06 22:00:00,DEHM_BD,6.543748836492056,7.192747866992324,6.674417807992795,4.4144035710796485,4.517685641716352,3.8771080277560506,5.988358556570927,1.4987568015034496,6.054660841889083,6.884809099176983,2.311478729378544
2014-03-06 23:00:00,DEHM_BD,6.691695107015113,7.944068938556838,7.4707002168686945,4.603656411484913,4.557736536746205,4.376409835466623,5.456256585967556,1.2588928286616503,7.010101692920252,6.959988437217423,2.4840495588243754
2014-03-07 00:00:00,DEHM_BD,6.929814590396335,8.27358949853605,7.915597301942679,5.083223389974539,4.513299867143839,4.956910293506854,5.331663301327033,1.1304875359766184,7.786633059479669,6.857119009430436,2.6832186722932754
2014-03-07 01:00:00,DEHM_BD,7.117093642611037,8.433170382591424,7.8874082113369255,5.682141944126909,4.4079355285395465,5.400241338649196,5.650542350860608,1.0612459045746176,8.146613103626223,6.781663304464566,2.859125078201294
2014-03-07 02:00:00,DEHM_BD,7.323878476603889,8.717256414704144,7.7241909416924805,5.738554566838786,4.374468041148515,5.692916233124242,6.602822925097229,1.0260721247778832,8.811122328009624,6.70139061488891,3.0465394617095587
2014-03-07 03:00:00,DEHM_BD,7.836554118473172,8.967512076410078,7.6831580094208105,5.519252296978631,4.5079788421340945,6.361586058722558,7.976421181989935,0.9228747886287421,9.111288434178775,6.897966359879226,3.2665912905728813
2014-03-07 04:00:00,DEHM_BD,8.278837399633836,9.018307290524469,7.680459130626119,5.599860988775067,4.971725148622433,7.678130193642168,8.023679001907432,0.8602457176291197,9.267655269447417,7.718638342626617,3.5397354292899372
2014-03-07 05:00:00,DEHM_BD,8.42181656876414,9.103279813027909,7.547102809814661,5.771838930146363,6.001607956369615,8.046908213944924,7.407294666033197,0.8570690166190267,9.29575019933252,8.497493128909953,3.9487963064682483
2014-03-07 06:00:00,DEHM_BD,8.358899373748821,9.23864437186999,7.219756807141172,5.809194028672036,6.993861033938479,7.624154684093598,7.031070800906202,0.7693153676904738,9.329355095595222,8.55283925618738,4.538931708918215
2014-03-07 07:00:00,DEHM_BD,8.160627595496504,8.92957288839321,6.878827713148712,5.566752486308464,7.183143266069416,7.017447925489961,6.516780458652296,0.685561870988086,9.301284484177065,7.508190162598193,5.242772647890151
2014-03-07 08:00:00,DEHM_BD,7.778617903249219,6.852684302070585,6.192412096777423,5.217334670321601,6.680774905602308,6.225462685653686,5.629556643444749,0.562166505976282,8.35298894206864,6.573765783906067,6.031574708879739
2014-03-07 09:00:00,DEHM_BD,6.958627638842335,5.521209981611486,5.061537515009541,4.953078874763463,6.143762007601792,5.99251949495154,5.267526822362193,0.4269379670243337,7.701699590796829,5.9453194317328455,6.700860008364302
2014-03-07 10:00:00,DEHM_BD,5.978762044628073,5.061500924096041,4.5035408488463595,4.685435061156188,5.663673045344353,5.814682160061233,5.08896352894685,0.3265948465665801,7.4396445158327635,5.510146899018882,7.1086887249694914
2014-03-07 11:00:00,DEHM_BD,5.249638125502544,4.524733376833776,4.173081513629449,4.662995340016945,4.996663524916275,5.655656612885903,5.210317407376355,0.2916855610338225,7.052278571742829,5.353590472529609,7.114383523460992
2014-03-07 12:00:00,DEHM_BD,4.834800113394499,4.2392580125683095,3.589396101556069,4.553906967205495,4.028652927230517,5.064637491996511,5.146820410552244,0.264962492712289,6.346278976194015,5.191903354758035,6.7200362730941885
2014-03-07 13:00:00,DEHM_BD,4.975918245012349,3.8128001094516812,3.329218089880622,4.68258483090226,3.056308182914767,4.350303298312039,4.94732864096661,0.13281031564263618,5.776996346446438,5.1809386233994035,6.093836415688239
2014-03-07 14:00:00,DEHM_BD,5.40133320880866,3.248824016239143,2.7109598114705227,4.724262782461681,2.4880930154165206,3.488166191200481,4.755972599964828,0.06804016049422315,5.374794301478864,5.111715662166788,5.54855559878446
2014-03-07 15:00:00,DEHM_BD,5.836662319341454,2.4658032770718425,1.3113219706452988,4.6149800430960255,2.0201214287019242,2.6000468208408467,4.462986060836261,0.04912741553932417,5.191682394600603,5.259107145613015,5.2420975640323615
2014-03-07 16:00:00,DEHM_BD,5.7619411983974,1.521595219525171,0.33460566462289176,4.623037153784262,1.1982802057044442,2.6258190010540927,3.8768611969733566,0.07513547625403834,4.943213929353152,5.259327331351999,5.127842087566287
2014-03-07 17:00:00,DEHM_BD,5.5559640711247456,0.8503020420782756,0.15802976050018788,4.683433760142322,0.736220427153362,2.3821576939904783,3.3087552413971792,0.11253532575694833,3.96901157904949,5.007295820516896,4.9826489022430875
2014-03-07 18:00:00,DEHM_BD,5.3440856076491325,0.3383755821333197,0.12004972804389939,4.442875218098192,0.5531614422738504,1.6755584523554057,3.189406371194757,0.1104266999044989,2.443115435399981,5.007146148552911,4.71527500471456
2014-03-07 19:00:00,DEHM_BD,4.533272781391335,0.19064202952334364,0.12212489749322898,4.006463558878898,0.6017497734962892,1.2713996411077493,2.8908140651776364,0.0850721630876661,1.03637216410934,5.199731340042867,4.282989692265429
2014-03-07 20:00:00,DEHM_BD,2.225658603212403,0.15037776091919003,0.10884913155197554,3.7509012832522868,0.7281765929229045,1.1925824021225337,2.0972931246123556,0.050425153174800695,0.3264118896409681,5.403869327143344,3.654965459506559
2014-03-07 21:00:00,DEHM_BD,0.6655384497574902,0.1477294104589707,0.0827770864925209,3.2164158793000155,0.8257858362077759,1.3219263410934659,1.8267725495294647,0.03557375131770017,0.12782821461569743,3.865687971235538,2.9002614650844407
2014-03-07 22:00:00,DEHM_BD,0.21018975908569515,0.10912192890302759,0.062491586914338884,2.5647106246493836,0.8964446935664421,1.501312769118764,1.945040789911596,0.0393534420412312,0.10510093023658255,1.0750113246953485,2.067596427116459
2014-03-07 23:00:00,DEHM_BD,0.16829390821143514,0.08959488321582146,0.05807410028795328,2.413116481057007,1.0101913548949801,1.6860559524062764,2.2192913193918216,0.048139712843228925,0.09248446763941308,0.29630404910489205,1.076239359717015
2014-03-08 00:00:00,DEHM_BD,0.15097165761060297,0.08271428762193382,0.05718626942310124,2.3781067409568672,1.082576026628511,1.838817318845624,2.5554560200260092,0.05222279689083786,0.07618069415395137,0.21022624564251874,0.37142054999696655
2014-03-08 01:00:00,DEHM_BD,0.11210817412212941,0.0894047740850018,0.059400628074503234,2.4619049245786013,1.0051418748633982,1.7268797882430438,2.6438874446968117,0.05303924341580815,0.06322666414604508,0.22387012638461545,0.13599454255116938
2014-03-08 02:00:00,DEHM_BD,0.07699592302183376,0.09227707959903131,0.06449637773887226,2.5980926525479497,0.9632412691045739,1.6504702434747038,2.6389854853256063,0.05497193941962422,0.06207420736642539,0.20436165767501002,0.07841114890523382
2014-03-08 03:00:00,DEHM_BD,0.06574788409916667,0.09994557949105176,0.07292949744968896,2.5093708106509953,1.0302072760282828,1.7915817758412729,2.767872348323258,0.05637710527410725,0.0626985059494524,0.16903164971714885,0.06030772553562545
2014-03-08 04:00:00,DEHM_BD,0.061115049494218414,0.12545476264525585,0.08080598439685723,2.36916586022745,1.1787357069617974,2.044960872044518,2.784137193217211,0.059419400442559125,0.06786919031691711,0.14994184633078816,0.056172048508372346
2014-03-08 05:00:00,DEHM_BD,0.058923844195087303,0.15997777269090813,0.1107644417432026,2.039918647483681,1.3987026950423977,2.3572204241514054,2.6699452900185965,0.06495735843499875,0.07338631927767758,0.1487726170503395,0.05214615978990093
2014-03-08 06:00:00,DEHM_BD,0.061778571223402266,0.19118039717501456,0.15834336216177636,1.9651906707784683,1.7016849171757091,2.708788459052834,2.42709340841907,0.07051361996282346,0.07600948668980025,0.15108447321336635,0.05255148012774442
2014-03-08 07:00:00,DEHM_BD,0.06736691378426725,0.17765715390406772,0.16993538391409707,2.092186569249948,2.256722346831523,2.4175755625712645,2.018868190056399,0.08194636812302034,0.07584743261575685,0.12474761372291795,0.05051819554440808
2014-03-08 08:00:00,DEHM_BD,0.07358228676459272,0.15020689812117188,0.13630757558861065,2.238181309130704,2.327192850455926,1.9568910046605537,1.9513373554368632,0.08642302265974684,0.07612021786989166,0.10136207348875868,0.051127968236856204
2014-03-08 09:00:00,DEHM_BD,0.08781064000597907,0.1291588976647187,0.09330593162562052,2.4797751913404604,2.0028804541443197,2.1397563577096115,2.0216458585182924,0.07836044494324346,0.0792991180119383,0.10916073522009698,0.053109893200759366
2014-03-08 10:00:00,DEHM_BD,0.1228690174995547,0.10825003168672767,0.07028493029978411,2.6726952500763352,2.1873453306847157,2.275419641440907,2.337711986200267,0.07793950529438903,0.08143186936749135,0.11467839973750861,0.05783424737257407
2014-03-08 11:00:00,DEHM_BD,0.20469349723159097,0.10213593109399421,0.07051547608342126,2.6124300161133776,2.4865814266881117,2.356355788345357,2.5562655467087376,0.08787251092845567,0.0818893595097026,0.10295223658103482,0.0631866471901279
2014-03-08 12:00:00,DEHM_BD,0.2585705619223694,0.1030987977101428,0.07853994220663083,2.129360048664522,2.6667110516906494,2.4548083114950736,2.6124289676103287,0.10090320025920857,0.08227061533279703,0.09730744249933848,0.06642956287172959
2014-03-08 13:00:00,DEHM_BD,0.24878029135041624,0.1146445031744538,0.08548961709192161,1.7652888575589785,2.684452569471955,2.285408469541008,2.203902563249592,0.10423468547366552,0.08756554423501461,0.09564542989357364,0.06881232988156882
2014-03-08 14:00:00,DEHM_BD,0.1636655127587075,0.12150175527149631,0.0886056403202503,1.7587383672866301,2.5213169661689143,2.053487030102345,1.7667079695603083,0.09785729159250839,0.10555726666902643,0.10236680014384959,0.07183783047722633
2014-03-08 15:00:00,DEHM_BD,0.08394641876073308,0.11507350709820909,0.11169777893658522,1.9191759654062064,2.3701740990229916,2.1379948052512128,1.815304071299105,0.10816364253312336,0.12838723277189368,0.11560945139022892,0.07416338309886505
2014-03-08 16:00:00,DEHM_BD,0.08876282929445133,0.09302358857498527,0.19493154480656386,2.038749773127581,2.4245557182381057,2.4433898205776705,1.9676596118672676,0.11807774623677125,0.14469769043193031,0.1973010188529239,0.07366395764800446
2014-03-08 17:00:00,DEHM_BD,0.10247036960807962,0.11421528950284,0.31537302204589324,2.293266747581449,2.775455700332777,2.7933335351046744,2.0391648628754533,0.12597593325622372,0.16701795272907288,0.3573546637876761,0.07174496870000832
2014-03-08 18:00:00,DEHM_BD,0.1965292249198432,0.3089112383772873,0.6001460321689267,2.9479198228849457,3.103594175013065,3.4949106990972076,2.4166156422955436,0.14358916040651484,0.26737030163520936,0.4170206227640627,0.07018379749167399
2014-03-08 19:00:00,DEHM_BD,0.31049601530693294,0.6293772254379434,0.8184277665214208,3.725768359873339,3.8311935688672585,4.327000888528675,3.5003976955584646,0.17857830466479058,0.3745248878163314,0.4354861606988074,0.07298187518694592
2014-03-08 20:00:00,DEHM_BD,0.539814632236041,0.9375780404049778,0.9553688476457891,4.5610081268334755,4.680246834416308,5.074360775030806,4.606628186926994,0.44224103959310795,0.3460398135136529,0.6061847640026428,0.075823704006746
2014-03-08 21:00:00,DEHM_BD,0.7071182360965034,1.3816972461331092,1.3596059477745432,5.284933110111961,5.295260252196979,5.681435942953257,5.616708841040593,1.2386660354830419,0.3820161399451415,0.7748395277726542,0.08374383853890661
2014-03-08 22:00:00,DEHM_BD,1.1141856623889166,2.0483694102963472,2.0609569160252637,5.835311298263555,5.83715262821938,6.274639876188566,6.3130249301001715,2.3206202808264456,0.6146768202877883,1.0855562004368013,0.09564487873789682
2014-03-08 23:00:00,DEHM_BD,1.2110618987926751,2.507469144532116,2.901793234000637,6.228578334515114,6.360563883109056,6.859101337044554,6.734140490105664,3.4360695153444256,0.8932011718485978,1.149093323666342,0.14218353071983014
2014-03-09 00:00:00,DEHM_BD,1.2471097611794966,2.997391221498796,3.6444283962518815,6.404834843315556,6.7729812954018485,7.174304042779347,7.025659197231134,4.0872443229590365,1.2002865290318923,1.201839087763693,0.24500777126926615
2014-03-09 01:00:00,DEHM_BD,1.5333365362721307,3.3069172241466376,4.300105458256265,6.424905200698149,7.092587482045823,7.167745578934167,7.176994386586235,4.284190632677973,1.3515278496363472,1.2749177029531664,0.33610992186652283
2014-03-09 02:00:00,DEHM_BD,1.8936583276735308,3.6761127562338514,5.01504791459321,6.143408328121065,7.284805711008908,6.9695765044257865,7.165598145188618,4.6163480089733,1.6717844182052102,1.4579151810220554,0.4378686697813152
2014-03-09 03:00:00,DEHM_BD,2.3232104775049915,4.353648095571152,5.938437850528768,5.751033905277649,7.315358664376961,6.6284015572393615,6.869375478727395,5.121411105778814,2.0567282322427887,1.8730631703291942,0.7064247237908468
2014-03-09 04:00:00,DEHM_BD,2.782469175556767,5.1899067240306795,6.87615676233923,5.546070902466388,7.1660472628402,6.239092242328686,6.37690305262731,5.697129259418249,2.586612616517942,2.4397906145532042,1.2598027406899737
2014-03-09 05:00:00,DEHM_BD,3.4720456128249824,6.073620811159132,7.560535094396505,5.633684393140158,6.902138986623993,5.846193245812144,5.920638178213373,6.029200446393192,3.2867793054032832,2.7794758494642484,2.0975102946472703
2014-03-09 06:00:00,DEHM_BD,4.112505273416072,6.881359032489421,7.955777474828602,5.727330084884612,6.459009318634642,5.467582110623235,5.599199168474482,5.927556541128159,4.103187441548416,2.909582130077288,3.0700742459649644
2014-03-09 07:00:00,DEHM_BD,4.593211618936347,7.361267085067528,7.985317135215474,5.567903920273994,5.8807215948355465,5.125818563374228,5.317778475538751,5.945065625519157,5.046819401775711,3.1512728426713226,3.948378072270006
2014-03-09 08:00:00,DEHM_BD,4.978914364834714,7.128237617695631,7.424073899150254,4.7053535760028495,4.9987377040213925,4.464826676546472,4.530786809058853,6.001311861816644,5.901875117388954,3.5674519742004485,4.5146349303577775
2014-03-09 09:00:00,DEHM_BD,5.248606206919312,6.709477483353226,6.618050748699799,3.826462185482573,4.451143789740385,4.083655289751814,4.12053447256439,5.924931042063832,6.322414833660498,3.6550021272048463,4.534380549228983
2014-03-09 10:00:00,DEHM_BD,5.4781832919339575,6.152274171071166,6.047585077957772,3.217723680556592,4.189479446961786,4.094406503499876,3.7655122759758353,5.68243035381496,6.493248452197078,3.7608180042637738,4.6501945155845865
2014-03-09 11:00:00,DEHM_BD,5.415175036348554,5.496370577027786,5.608643865789317,2.9418451836809716,4.189515258747088,4.189461990926882,3.5725061955763318,5.3030587868276235,6.419997108323686,3.946104961330249,4.7116739149736055
2014-03-09 12:00:00,DEHM_BD,5.1014926638264875,4.766365388867422,5.35102484165218,2.9533987757182607,4.0565464535282665,3.9809680562496035,3.249937363883946,4.877777803301812,6.203243799170944,4.0208856447103765,4.808242473610863
2014-03-09 13:00:00,DEHM_BD,4.535167913414434,4.594874129571783,5.193588796743472,2.9154560218799292,3.7255973415899146,3.832169649027831,3.2313883398057275,4.52190818590343,5.93629719364743,4.119342208252013,5.196779533094411
2014-03-09 14:00:00,DEHM_BD,4.025584698657751,4.3539316154283165,5.104025929746069,2.6920203514448513,3.581659315601508,3.7442538210733796,3.181792287810665,4.242475414740443,5.631377792587392,4.162153463337849,5.587832205395289
2014-03-09 15:00:00,DEHM_BD,3.861776450740922,4.301277238442845,5.0666100855641805,2.375050284579869,3.406151228422173,3.572009219004721,3.2364888564041148,3.954015458313525,5.43320617661962,4.165606141766447,5.804931095641069
2014-03-09 16:00:00,DEHM_BD,4.0252050174489655,4.449392744190809,5.149780582440196,2.220611192899816,3.428800653452173,3.654760587891401,3.0448498172298453,3.6651368386933205,5.30970194182225,4.1822860230476415,5.9213708646621
2014-03-09 17:00:00,DEHM_BD,4.18392774565999,4.624349789139498,5.533439396924425,2.13566486644964,3.622209220797881,3.7738506476830027,2.882017598434934,3.3369406208771464,5.0663185233864985,4.120108139433024,5.9557348363043365
2014-03-09 18:00:00,DEHM_BD,4.713467726748945,5.147037675971469,5.94177316672439,2.3418387130384373,3.982913844830829,3.932801339428124,3.050230642539633,2.979060408316255,4.901007781764336,4.151680345769342,5.930078988800794
2014-03-09 19:00:00,DEHM_BD,5.102752686106893,5.874507994443014,5.9862749692281545,2.5588327643966378,4.492281612318545,4.320701013715552,3.392336679745552,2.616425861569494,4.820499968388542,4.170364806537024,5.771649343527072
2014-03-09 20:00:00,DEHM_BD,5.107377212484603,6.418770967989498,5.921977303133923,2.993759541999399,5.014192430495525,4.8149023382506755,3.578796231775979,2.102306701891199,4.9501351962195335,4.048385849423005,5.640597931502536
2014-03-09 21:00:00,DEHM_BD,4.907470856294502,6.7351590394508705,5.862562754541125,3.811942522561571,5.588973483104561,5.410011898666722,3.7366139042997464,1.4192902791755833,5.303864575243633,3.843573552141287,5.544141158925891
2014-03-09 22:00:00,DEHM_BD,4.574975708703495,6.952862903087683,5.846277490066042,4.539993560761035,6.215867209467569,6.144422743385271,4.145219203677875,0.7279281313999368,5.802569637405891,3.677481419166382,5.336151892516762
2014-03-09 23:00:00,DEHM_BD,4.563844245113871,7.146022377016401,5.886785284652024,5.15866127226989,6.812091394993728,6.905044209429525,4.403102708627183,0.3294147217356785,6.315387451408853,3.7298119464211803,4.985654808296711
2014-03-10 00:00:00,DEHM_BD,5.238851081173327,7.354336419286985,5.963234288052961,5.76406704862458,7.275947458854931,7.3309532836284905,4.470152069592933,0.1911261084306611,6.7665436585623695,4.057808102468636,4.498590815517158
2014-03-10 01:00:00,DEHM_BD,6.230020142262962,7.546041052912253,6.091036079407157,6.145917279812042,7.579357465697219,7.088536138619645,4.666514577124618,0.14906810180525518,7.056992189007438,4.471736135222242,3.885535555656105
2014-03-10 02:00:00,DEHM_BD,7.021731086056215,7.684892086000908,6.274860575916544,6.346036205269525,7.751867525391706,6.398029757918286,5.021045897930601,0.13751416929163426,7.051995335100666,4.905015399873604,3.199365122407302
2014-03-10 03:00:00,DEHM_BD,7.772984221449167,7.83924095770153,6.442372376364805,6.489925350154331,7.901311022114373,5.961602996109947,5.409858135131927,0.12521878065438458,6.875581270384043,5.452121453939108,2.5627597544287517
2014-03-10 04:00:00,DEHM_BD,8.42922530257216,8.062816741874219,6.372772012542375,6.6210402048510755,8.064411634617326,5.935062567211479,5.755675562798388,0.10961423045410766,6.595756288436651,6.140874016748015,2.0392542864437586
2014-03-10 05:00:00,DEHM_BD,8.972919777602831,8.351156451651889,6.243549172023163,6.721775993282056,8.202150343451311,6.053492637214501,6.02019378509727,0.09304648009976359,6.310685216200948,6.735375585657992,1.6053543840658386
2014-03-10 06:00:00,DEHM_BD,9.345836098350086,8.617587151579905,6.2380740577464175,6.597149256348388,8.228182796616831,6.1597365316371695,6.132958822579471,0.07191054543269321,6.044402036135048,7.167934998380514,1.2474288078799098
2014-03-10 07:00:00,DEHM_BD,9.571042427213087,7.934632319510234,6.255078220308647,5.837402911093208,7.697875123695663,5.937462818355071,5.846291182377194,0.06326370662816554,5.601631050581933,7.45433171475878,0.9161739438847499
2014-03-10 08:00:00,DEHM_BD,9.995274576933006,6.816845153524265,6.031236175596938,5.177714506754307,7.1209939487175715,5.913295856723486,5.4293647742410585,0.06682364479270284,4.977343888252974,7.948696879696647,0.6180838158719997
2014-03-10 09:00:00,DEHM_BD,10.32096081604029,5.916272319085607,5.384845737145878,5.007513049029953,6.982430277025349,6.3440223188534235,5.373722286945139,0.07273198292089136,4.441581483504027,8.488610748789046,0.4336338225397013
2014-03-10 10:00:00,DEHM_BD,10.678812837075451,5.399926616439186,4.896922729672138,5.092016859457359,6.831798653215812,6.713283373992965,5.768453388073719,0.0793835147016634,3.6870288111904266,8.952508114804912,0.2988787506141541
2014-03-10 11:00:00,DEHM_BD,11.104732641681176,4.476447656564545,3.8773156299050715,5.283986863057046,6.497077751801997,6.835316876918648,6.4078260527636335,0.09128616736232761,2.9693980029228335,9.105342757167023,0.19957336847653134
2014-03-10 12:00:00,DEHM_BD,10.828066857179975,2.8365692349292133,2.016597129319729,5.6680109540314545,6.09208846665605,6.826736462023247,6.908713846264407,0.1081142972424183,2.0307497227984292,8.608341314716679,0.14811393794261948
2014-03-10 13:00:00,DEHM_BD,9.670503732033124,1.1984803259096375,0.4157368556486069,6.004279436910049,6.212295810980976,6.9115340613963605,7.148728942006091,0.11146109941938875,0.9828445852635708,7.799315329220099,0.12328360669190111
2014-03-10 14:00:00,DEHM_BD,8.159812972885463,0.4188125716198166,0.14356745506353905,6.267450834905864,6.890667711540855,6.873978935803882,7.345773953550076,0.10275162040870854,0.2643987402807315,8.372405674994896,0.10382842983614261
2014-03-10 15:00:00,DEHM_BD,6.526190613230858,0.17168648885550253,0.11491671315944313,6.368184228043679,7.081518385278925,6.599989495272,7.38160547484016,0.08633238530700665,0.1119281114815827,8.738221129221158,0.08907674405627386
2014-03-10 16:00:00,DEHM_BD,4.549305980922728,0.10867503971847754,0.11333311955727111,6.697208901606387,6.450469517461303,6.533826843381058,7.237601828586122,0.07627331559096917,0.1090630553472297,8.363066251286442,0.08039326282980118
2014-03-10 17:00:00,DEHM_BD,3.3317632850908487,0.11789000153601127,0.11794875944618693,7.3492225409774345,5.558630238423852,6.733523569915063,6.563233189399608,0.08131170118963164,0.10190699501316994,7.239853181320649,0.08230320892604844
2014-03-10 18:00:00,DEHM_BD,2.123077951979935,0.18363208712344015,0.18461426090810396,7.582268596305292,4.237000749751877,6.8921386991015,6.043890183709065,0.10347922276606791,0.10989323398106546,4.90625453442197,0.08274785747329573
2014-03-10 19:00:00,DEHM_BD,0.5147600592273471,0.2506498002841442,0.2486054923650542,7.285105866848865,3.2706311682552887,6.7484231567383075,6.561157463760693,0.12795618356407437,0.1267501854028344,2.2447988933933662,0.08707988387098069
2014-03-10 20:00:00,DEHM_BD,0.22440186934523265,0.31851969281772,0.25215672881489876,7.2699773127516,2.253369812230342,6.2969977532229935,6.878687435853534,0.1491834413606451,0.1467605484244691,1.4634027392806948,0.09632071512609197
2014-03-10 21:00:00,DEHM_BD,0.237862470936477,0.35670175400251447,0.25065076346315085,7.52630083200718,1.3435709167322376,5.565980905793093,6.755974869704253,0.16513151862891848,0.1462849764341531,1.2796601011752755,0.09627488504914933
2014-03-10 22:00:00,DEHM_BD,0.303964178649187,0.3676036427926843,0.3099025690681905,7.406240900768092,0.8165934274300303,4.305840990761826,6.161139481214309,0.1678683580039254,0.16162036551161937,0.4693780384884214,0.09277604220257374
2014-03-10 23:00:00,DEHM_BD,0.40245012559622517,0.331059538018098,0.32833824285402574,7.304455684246157,0.8816753591114468,3.690742802523226,5.127977808651561,0.1663334109158813,0.22412654641266655,0.271217017642362,0.08881783150773212
2014-03-11 00:00:00,DEHM_BD,0.46725901890948407,0.32883500258160053,0.26754512412185905,7.22458213242542,1.256176004038516,3.994654160029851,5.1092253354613675,0.1604743148824386,0.27350387677139576,0.2947309945400012,0.08569424475959381
2014-03-11 01:00:00,DEHM_BD,0.5528839956483989,0.39644765583435704,0.30084224840309554,7.4465325012078045,1.6885246093189228,4.365148992383201,5.948882387945541,0.15736224329754703,0.3329592948963069,0.36266609046697146,0.08076431180943108
2014-03-11 02:00:00,DEHM_BD,0.6012545599063486,0.5094243874646457,0.4071700189807405,7.842812941483016,2.0436256879886985,4.561551385905007,7.2599066939110894,0.15528416974883516,0.38035112003972016,0.38589037526741604,0.07751489350194077
2014-03-11 03:00:00,DEHM_BD,0.4556780652139707,0.6125880570048863,0.5052121258648425,8.920345422063349,2.2913728114099197,4.991322102860143,8.101235715849088,0.15416924019101066,0.4175800452735241,0.3067827501904544,0.07691314616153225
2014-03-11 04:00:00,DEHM_BD,0.3839009891441836,0.6940081680696174,0.5983700070295562,9.692091794121733,2.5851970456663635,5.018083580151585,7.878360896658764,0.1545197622932866,0.4419969462158088,0.2574579234908893,0.0737118607810044
2014-03-11 05:00:00,DEHM_BD,0.36997254723055273,0.7632203693252333,0.6822771760042702,9.788430253264654,2.5063973584363866,4.940009151931135,7.304261244815415,0.15511391301996064,0.4461844107906714,0.24203907261561594,0.07249941488630751
2014-03-11 06:00:00,DEHM_BD,0.38240886442674304,0.7962325712701136,0.7495579544069833,8.717683041561017,2.2192338876582425,4.711565290862038,6.375470900002531,0.15733731326638709,0.4257896450139461,0.22993876336127045,0.07217997693465604
2014-03-11 07:00:00,DEHM_BD,0.3999373870081454,0.6918582311591759,0.7419873620442823,7.7800536917236025,1.8707936902644624,4.434612531196297,5.492957319897897,0.15992136866779058,0.35199525130448356,0.20432590343852047,0.07364144951804823
2014-03-11 08:00:00,DEHM_BD,0.40232270470054815,0.6090386518146085,0.7090075912720687,6.653136258437351,1.7673489494059653,3.9621563292328017,4.536476699338927,0.1646313878266,0.2751702768896009,0.16794138418694482,0.07716727882046756
2014-03-11 09:00:00,DEHM_BD,0.3944897794339711,0.5509675336902035,0.7129568563058112,6.059954204522073,1.7435960603138012,3.387197090834917,3.9900550946197386,0.16645057592563378,0.21062578754493322,0.14018884309890323,0.08267671927234614
2014-03-11 10:00:00,DEHM_BD,0.3911397732804994,0.4985389038590049,0.7085741403741963,5.691581103105419,1.7005866209372844,3.1396193520955076,3.551726932023199,0.1637409281465189,0.169076727300093,0.12266736549714055,0.09003747008117723
2014-03-11 11:00:00,DEHM_BD,0.3967917346745263,0.44905164904103606,0.6918258037340292,5.393175762966141,1.5818389759046236,3.106136409744983,3.170711622591627,0.16213862192841705,0.1463453808292565,0.1155450732969823,0.09804368220444286
2014-03-11 12:00:00,DEHM_BD,0.404746357681048,0.5124612443611676,0.7284141645321895,5.0257241188776325,1.5304145524812502,2.9694820652655896,3.027621501240114,0.159983148519272,0.13672021824739156,0.11767433730569485,0.10568216083433822
2014-03-11 13:00:00,DEHM_BD,0.40975145929056206,0.5525535854659922,0.7851640385772667,4.539554144267475,1.485005930960127,2.70542612643631,2.673075151949221,0.1567759440763829,0.15253328245926526,0.12430454836051799,0.11282278574746452
2014-03-11 14:00:00,DEHM_BD,0.4405556234762398,0.6086988868037196,0.6779847653933887,3.8680656635438453,1.40230952128086,2.2853202747040684,2.206903966883276,0.15387836722585477,0.20710754562660458,0.14326073798578823,0.118931082724972
2014-03-11 15:00:00,DEHM_BD,0.499825078653912,0.5774373497751515,0.3361606143335293,3.2424109199940125,1.3520163606483173,1.8137774424920972,1.7045349335140916,0.15109961634553137,0.24785663411578523,0.22313274795146382,0.12178970225354324
2014-03-11 16:00:00,DEHM_BD,0.5870218920072143,0.5287090529942482,0.3097986924977091,2.525012805930749,1.301368054073477,1.4778557371141954,1.4291157957991576,0.1469466638094232,0.24925928136384468,0.3731049231821746,0.12295335549539145
2014-03-11 17:00:00,DEHM_BD,0.6105783720048679,0.5970386916614911,0.3935472899648126,1.9610135488175442,1.2691461922743392,1.3267603106584795,1.2796723495218432,0.14199083680336694,0.30572454920997355,0.49096684505010557,0.12479908379602928
2014-03-11 18:00:00,DEHM_BD,0.5293615107712055,0.6697383097286318,0.504051921101989,1.6432569770096088,1.3129854782634727,1.3403803867408555,1.259493515398857,0.14348601292987587,0.42231816231590746,0.5481294009889834,0.13033203494412648
2014-03-11 19:00:00,DEHM_BD,0.46451793657367113,0.884523036962231,0.6160865314553502,1.5820314067854127,1.5148866097469442,1.540896951503463,1.2824006811724167,0.1485933570967206,0.5106597616025903,0.5836686786918763,0.139750504141425
2014-03-11 20:00:00,DEHM_BD,0.43373095942560097,1.0688110341727453,0.6992614008291849,1.7130620923593498,1.8003941516136726,1.751521914030337,1.4393720240392924,0.14900167363081696,0.5876751463290607,0.6353623558240018,0.15306734586134832
2014-03-11 21:00:00,DEHM_BD,0.4110240608826744,1.1539184436734087,0.7435027484129015,1.9835315472606476,2.038544824601424,1.9130831660213574,1.60112716517268,0.13388612180263082,0.7021455226214266,0.7298327635944032,0.17479115880342044
2014-03-11 22:00:00,DEHM_BD,0.3876831958538944,1.0885884870963773,0.7742352369995802,2.171335505081238,2.21215009141706,2.076625169334216,1.754679323801572,0.11883978985502422,0.8734645069037472,0.8883303299586571,0.2166161756455909
2014-03-11 23:00:00,DEHM_BD,0.35576858021783636,1.0766209287034494,0.7750528491270846,2.328772336378021,2.3046218763352186,2.2388314216364478,1.9118127574890078,0.1104004329255885,1.0614674113872495,1.0179361588179876,0.2728461158535632
2014-03-12 00:00:00,DEHM_BD,0.4590370359360425,1.0863962087856425,0.7644557110779809,2.4033932286306956,2.3610163211021784,2.373108088898476,2.1011316425083026,0.10631435246705881,1.2060005456379415,1.085775305907676,0.32459038661657214
2014-03-12 01:00:00,DEHM_BD,0.7775579346246085,1.0806564837120405,0.810702703608789,2.467386232994744,2.313663936790101,2.4999573385538385,2.3542418113772485,0.1068498992328478,1.421336283217522,1.411899740748994,0.35744387215782236
2014-03-12 02:00:00,DEHM_BD,1.2859455515127907,1.0374154380468488,0.8186077106514988,2.5461032597263205,2.394750502855684,2.6644964643315694,2.4912996619988657,0.11171528049943386,1.6463798575681137,2.043997488597722,0.35604592410686914
2014-03-12 03:00:00,DEHM_BD,1.6785109420191775,1.0084386612720408,0.8619735057982233,2.714496856252703,2.618329737888132,2.781655417724285,2.478883749227598,0.11838151207772304,1.7027446229181926,2.48965718547641,0.3333129474000672
2014-03-12 04:00:00,DEHM_BD,1.8230227875639666,0.9648652967145089,0.8813126057999027,2.8262337089276226,2.828301034139948,2.8972783661878507,2.4783410479432577,0.1442204125918261,1.5553164635291872,2.3966143247485983,0.30245220836411746
2014-03-12 05:00:00,DEHM_BD,1.7712423765316032,0.9444532487111159,0.8850155415471322,2.9109456011742143,3.009080800468752,2.985297880541242,2.5371419739366057,0.1879377437399931,1.359679525946022,2.11077020150149,0.26868807279252094
2014-03-12 06:00:00,DEHM_BD,1.3792044427861543,0.9040553044524599,0.8743798463983268,2.9294092019838374,3.057500896224064,3.02032132075717,2.759733243838678,0.24259017655197396,1.1005010112797111,2.176247768291846,0.22441466478119126
2014-03-12 07:00:00,DEHM_BD,1.0705395855932474,0.6710898191729076,0.7588122127515187,2.975440087018451,2.895523059291535,3.040618440894635,3.000202071575874,0.2959695280374911,0.5825254886911413,1.8775186006979445,0.14348782104251892
2014-03-12 08:00:00,DEHM_BD,0.8840495734519616,0.4802184258600859,0.5444358977869149,3.0089838303723067,2.8032874640991903,2.9734831973744096,3.1629652042785077,0.32171615080769167,0.2956117482509091,1.4258154153407527,0.1125559204704569
2014-03-12 09:00:00,DEHM_BD,0.7654108295841444,0.3940580298616789,0.34313444625761813,3.056636413162361,2.842313371977965,2.875960229350463,3.1746545015199565,0.34319276624838807,0.20459244254967413,1.0145665936416013,0.10841443008162063
2014-03-12 10:00:00,DEHM_BD,0.7163535704343393,0.3660826005219713,0.23960016819055874,3.1398746381664804,2.9564340487611207,2.985185738334615,3.1795404465274553,0.37082799551105117,0.17936095165662455,0.687939501655944,0.10901261597051388
2014-03-12 11:00:00,DEHM_BD,0.7022644072952284,0.3804392366102314,0.19415147468085153,3.30898941911462,3.2978394413323793,3.1939562087256737,3.221228511551396,0.41623693922828875,0.21651557435265736,0.5387609513548621,0.1106943932432122
2014-03-12 12:00:00,DEHM_BD,0.7246589537447479,0.32364367972130753,0.19708594005234356,3.9094765865135623,3.6057448118721402,3.5042065646816525,3.6489862317294786,0.44973139279874963,0.2775336722356079,0.48550495533785654,0.1136678217299991
2014-03-12 13:00:00,DEHM_BD,0.7347312432187142,0.28086983758702927,0.20727302377761272,4.451254855012864,3.996227420589687,3.7863422402741755,4.322923832917293,0.4829894295527412,0.34062527018252753,0.5018917897001206,0.1171569107164896
2014-03-12 14:00:00,DEHM_BD,0.7195865581175289,0.2368535681394892,0.23729814542128813,4.87337846265046,4.166400698573473,4.110754713435716,4.749670982369318,0.5415413194033735,0.3510037545118177,0.56607239387592,0.12030079296929277
2014-03-12 15:00:00,DEHM_BD,0.6768581626319303,0.2275726033497339,0.286759870527213,4.956921265306117,4.212192904808337,4.250448795469056,4.882978868155581,0.6201810758865018,0.34277092658630504,0.6607934360154742,0.12249358040797856
2014-03-12 16:00:00,DEHM_BD,0.6086154404479824,0.29971427864954114,0.438739189379455,4.872077702127089,4.146637742066994,4.349414986519216,4.855601744789378,0.7474692583151534,0.2903656140236259,0.7657691784147709,0.125130885122835
2014-03-12 17:00:00,DEHM_BD,0.5213787130499362,0.44171653654034787,0.7253463839272304,5.097365393980044,4.190244383212484,4.692448722596543,4.746827110520545,0.926443718712088,0.23334381037257096,0.8400328658876076,0.12750628229892091
2014-03-12 18:00:00,DEHM_BD,0.45937092769622323,0.607910975784538,1.090754631941426,5.12884299584845,4.488943342332223,5.0070226750073115,4.465215174371515,0.9854792407416946,0.22305485863270616,0.8824066531657925,0.12930668550580318
2014-03-12 19:00:00,DEHM_BD,0.4080294606548977,0.7936805587793095,1.3701351557736274,4.822889998066437,4.762326293322879,5.18882871321184,4.28487526994802,0.9845572116794119,0.22745286377965246,0.906331410224682,0.1338851785667094
2014-03-12 20:00:00,DEHM_BD,0.39352373842235067,1.0756866506349536,1.547309758587072,4.71020780429419,4.983990618258794,5.256327523852549,4.274476631335918,0.9115992523388644,0.2682931110694696,0.8927765425860611,0.14446872165523397
2014-03-12 21:00:00,DEHM_BD,0.47439629617606993,1.464876951820783,1.7186695296381047,4.68235356674739,5.210667817113437,5.404483066211493,4.406882182483754,0.8011862156887517,0.3259017472799244,0.8712707042722234,0.15923679015608608
2014-03-12 22:00:00,DEHM_BD,0.636699992425146,1.8464578572156907,1.973229238807391,4.81692090215545,5.472827691619897,5.656750263641137,4.645300103855853,0.704509165793505,0.3536611637151483,0.8343234896329441,0.17650196195688553
2014-03-12 23:00:00,DEHM_BD,0.8534417753840529,2.0166442742778505,2.287884503209101,5.293843885833938,5.818317680228281,6.008079463181911,5.052714000518706,0.6071258524122236,0.3565460978460162,0.81574723227873,0.19567680358273776
2014-03-13 00:00:00,DEHM_BD,1.0235712211818841,2.094315470583072,2.5843100593408708,6.202573435681754,6.206725006030997,6.450189588656101,5.520916263499194,0.5089308705698217,0.3430350404403152,0.8538831758428925,0.21633813482839065
2014-03-13 01:00:00,DEHM_BD,1.1478822790204057,2.248037227275348,2.799207998948351,7.47006264080498,6.609781205374943,6.954602365589855,6.0049902145130005,0.398944917017736,0.3384281762930982,0.9978887866683342,0.23911712947087316
2014-03-13 02:00:00,DEHM_BD,1.2953306843969736,2.4954571553545883,2.9048332626785904,8.915776652406107,7.038995031230258,7.507490949517019,6.524072788635379,0.27684586220625795,0.3714194443426182,1.262730879079411,0.26904922375713547
2014-03-13 03:00:00,DEHM_BD,1.3675901239246409,2.756792615716775,2.9469678858421164,10.357163844204855,7.469404203736467,8.079612123347431,7.110893104874274,0.1864532743819549,0.40825171847961805,1.4801010723136363,0.3065943540355367
2014-03-13 04:00:00,DEHM_BD,1.4376421711101308,2.965851598313859,3.0357408428862147,11.615611341600436,7.871061245564274,8.612834694061272,7.729022998240448,0.1534582253025632,0.4306749396239067,1.661162004906502,0.34757621037795733
2014-03-13 05:00:00,DEHM_BD,1.653115163124504,3.143745992670598,3.2371266706098396,12.677745188609535,8.24508382787695,9.087501844820686,8.336968251695138,0.1480885078451397,0.45984348207526954,1.8541561474410455,0.38959280757296877
2014-03-13 06:00:00,DEHM_BD,1.973286517731361,3.245418414766386,3.4706609929403576,13.370032346808706,8.54986853992781,9.405041514709405,8.7706800389541,0.16653498875321174,0.4465840391686762,1.904511159179192,0.4105243554152569
2014-03-13 07:00:00,DEHM_BD,2.230127969100857,3.028868783565981,3.5025442303576515,12.182335764581083,8.281268847503599,8.776412843414166,8.058594548656853,0.31298204127404367,0.31203256419768544,1.8287203088111217,0.40326394041496055
2014-03-13 08:00:00,DEHM_BD,2.417273661191678,2.9147429717784736,3.2382798334555782,11.20445802860594,7.897309505016363,7.914688863067849,7.422258876829185,0.701170961361816,0.22220512496544964,1.8542327106670784,0.38386977118422266
2014-03-13 09:00:00,DEHM_BD,2.501361736574464,2.8543873895460883,3.030509434491681,11.567195123362044,8.180803883681197,8.106894860355654,7.537007440037019,1.1163950435898453,0.20923262234578832,1.9532817258438648,0.3728017458326741
2014-03-13 10:00:00,DEHM_BD,2.597349553590906,2.640796259117987,2.784387301154989,11.139694753782523,8.277655000449126,8.203330757207642,7.424986063142042,1.4416198435489833,0.21536842763425773,1.9696224923838794,0.3863822931755653
2014-03-13 11:00:00,DEHM_BD,2.761904725566306,2.1276472879916697,2.3631060061552844,10.647759791204432,8.429855716393861,8.3596518617453,7.430495041954243,1.6197072979022562,0.2840024939049872,2.0748527891198356,0.44340685797116364
2014-03-13 12:00:00,DEHM_BD,2.884276964863627,1.8826026486833523,2.1184586358730493,10.133884884564623,8.559669083362795,8.660022249217523,7.552598418166632,1.5399738788932937,0.49835909777579823,2.1794607076945085,0.5020306524413055
2014-03-13 13:00:00,DEHM_BD,2.9394690794555016,1.9972820230004622,2.5875414613926457,9.475333165337249,8.44274470644081,8.896274492189738,7.519851524830259,1.375750803078739,0.8817270220567098,2.4166131584059993,0.5633970567683817
2014-03-13 14:00:00,DEHM_BD,2.7720299985106474,2.389910714942103,3.165043922909838,8.613368383011773,7.955648927329571,8.850550729041634,7.5302848437656955,1.1177952079699212,1.1964523418137618,2.614099112889169,0.6428154342115251
2014-03-13 15:00:00,DEHM_BD,2.5500105420184243,2.897474643935774,3.4195870125329937,7.79552622372071,7.58155550013005,8.642898163839678,7.598441891115009,0.6963322229264582,1.3615876219259015,2.753473402536794,0.7174346492925414
2014-03-13 16:00:00,DEHM_BD,2.330582944304341,3.4639974126408424,3.2485492844881185,7.0819374685374985,7.2528189745622065,8.411338346132471,7.62975093073313,0.40318553310591715,1.4471546576417462,2.8063095836984524,0.7395196113162987
2014-03-13 17:00:00,DEHM_BD,2.1222285785309123,3.6239673146301783,2.9612171221662003,7.117896375556008,6.889227082642657,8.352265150804374,7.923726487401752,0.24483522842044927,1.4934899394685215,2.727644777797764,0.7142615138072612
2014-03-13 18:00:00,DEHM_BD,2.1234450544573718,3.258630860574698,1.921040667943689,7.46132218326328,6.389211536566849,8.27843861646832,8.005692886436611,0.155967369734086,1.396004318056181,2.6505900082537326,0.6300833199403792
2014-03-13 19:00:00,DEHM_BD,2.8770837421143987,2.320039434672041,0.5785670481543336,7.801549267795618,5.776396481404254,7.927266053305423,7.5878750666213834,0.11558922706201656,1.0706597537581621,2.5613179657038287,0.5100151787466712
2014-03-13 20:00:00,DEHM_BD,3.4382862871792463,0.7771999042957043,0.40845861527340477,7.668785211008143,5.292829839950187,7.342839162617899,7.371452784103001,0.11281353419261037,0.6356447565431891,2.8888938006591274,0.3799599299119377
2014-03-13 21:00:00,DEHM_BD,2.9009296878823334,0.4207883086491969,0.2556552026165043,7.609634013571346,5.412977110824653,6.80895420058643,7.553830875387685,0.12313347344691852,0.40454936565622684,3.3357009454852578,0.25490438928578607
2014-03-13 22:00:00,DEHM_BD,1.5180880993274042,0.3294969059430447,0.19509757689206614,8.058222243858859,6.348738192903976,6.432573481785804,7.444667917698313,0.1360417067139827,0.3252655820909141,3.0401059495930656,0.16038752813140703
2014-03-13 23:00:00,DEHM_BD,0.512699243619237,0.2599538097248946,0.16212296030624285,8.362478841077673,7.681276977113056,6.365950280072933,6.99922645154539,0.14655531148974765,0.27701071494966734,1.6737894136889464,0.10216401894912226
2014-03-14 00:00:00,DEHM_BD,0.3469983574144541,0.23769908915727153,0.14830280497279003,8.420587568017654,8.915158396652847,6.70203846268865,6.663557975915715,0.1511526092828716,0.24199695444222522,0.5826806910816393,0.08170252185335607
2014-03-14 01:00:00,DEHM_BD,0.270943646420203,0.25321351545605325,0.1502696462912856,8.189209089933568,9.419124326248282,7.375266008561897,6.7220392790107155,0.1541457775135337,0.2144583511859177,0.39993636716488734,0.07799845440899446
2014-03-14 02:00:00,DEHM_BD,0.23879682686202217,0.2687403459298471,0.1595730127313732,7.8685747823263466,9.279741828042996,8.277193993088865,7.051519660356131,0.15131269022393962,0.1953309912221878,0.34007708026774214,0.07949106826949973
2014-03-14 03:00:00,DEHM_BD,0.2206193184763937,0.27683286785508265,0.16327107650399195,7.626195625858857,8.603557795042798,9.183511480897488,7.734941670763434,0.15063750676453103,0.19715959600428104,0.3179977073606103,0.0830261874606459
2014-03-14 04:00:00,DEHM_BD,0.21744815770335482,0.2848412166386888,0.17072487586788823,7.6555364679577655,7.6631296888416625,9.997369428856251,8.526458585232907,0.14964423908092073,0.2059806307789217,0.32031899474775405,0.08656565815907545
2014-03-14 05:00:00,DEHM_BD,0.22997103951562187,0.27802821043483433,0.19030875197242933,7.698266754016012,7.08996728159951,10.57913785448043,9.184759066004966,0.142910004860591,0.22392199291169623,0.3349291101265791,0.09161204692885967
2014-03-14 06:00:00,DEHM_BD,0.2446326781739294,0.257953525442141,0.21772381204334082,7.4543739357565055,6.989001810699609,10.094596347275894,8.602812060877948,0.13416284334227435,0.23417031744964406,0.35081712390325953,0.09705679137179148
2014-03-14 07:00:00,DEHM_BD,0.2690756442894413,0.22977451680027172,0.22102478960499627,6.4665568198119425,7.119589489321326,9.041419979922892,7.835649785314047,0.128081042869035,0.21922021448269477,0.34725141461818465,0.09937551419522953
2014-03-14 08:00:00,DEHM_BD,0.32628606285447237,0.20000697701296294,0.17676241932403974,6.203386021371342,7.292710358097135,8.58259972638698,7.339327308656091,0.12056065185511462,0.22348212371684598,0.3494455036912019,0.0971443991145094
2014-03-14 09:00:00,DEHM_BD,0.3424079017257224,0.19331363801019716,0.1283895246738473,6.0835098736735285,7.397780148940072,8.334741199726082,7.084693540869551,0.11835944907850574,0.24092756469681847,0.3600332299700681,0.09699247128420146
2014-03-14 10:00:00,DEHM_BD,0.3188194535219203,0.20145833595222662,0.10162140848982544,6.177852870745251,7.387906797094624,8.459355853211617,6.945063524920901,0.13121820450872526,0.2631538878214358,0.3577767469182864,0.098178000403304
2014-03-14 11:00:00,DEHM_BD,0.3037554505909791,0.17226412998056204,0.09186295019525441,6.455096442242164,7.557240782652616,8.844968367080561,7.557995420539024,0.13405494265526519,0.25648725335776795,0.3585797214774414,0.10127755385577931
2014-03-14 12:00:00,DEHM_BD,0.2695573191183898,0.10540314628703917,0.12111217308010082,6.833606342270575,7.03163333474541,8.388784054710188,7.72956678156647,0.08256115633282791,0.23260912934996178,0.3518538925067195,0.1034439681768105
2014-03-14 13:00:00,DEHM_BD,0.24085967127438512,0.1058816970218577,0.18545154413562717,6.92465907397622,6.93682581275342,7.678700208547651,7.708707734991178,0.039715854444410524,0.21975884857937683,0.3243254124909535,0.10434548417168514
2014-03-14 14:00:00,DEHM_BD,0.2544546861634764,0.14117875986525308,0.2616056958193983,7.025271123161996,6.7988989971978775,7.211098944903805,7.127818304095099,0.046367540734335626,0.16315920828703778,0.2992167178941308,0.10486844357841572
2014-03-14 15:00:00,DEHM_BD,0.1769938916059699,0.20987850736947244,0.3857318143567442,6.765871847857022,6.431481254949588,7.274993903216748,6.758054567155684,0.09671147104315442,0.1271990702410786,0.2458454169307413,0.10459346700235786
2014-03-14 16:00:00,DEHM_BD,0.12405040870707476,0.33671587285653204,0.6241844867852702,6.738850673376512,6.330273158284966,7.593604058936588,7.08530384358259,0.15061171271100623,0.10639829765073008,0.21932421944025893,0.10518935841975419
2014-03-14 17:00:00,DEHM_BD,0.1490839090823381,0.7312266455485671,1.4890023619527741,7.189480713892256,6.355287638569661,8.721986209101477,7.5680306468914615,0.1435985760755649,0.13424394228335465,0.2978353640023944,0.10958726169866205
2014-03-14 18:00:00,DEHM_BD,0.294448232200766,1.2436308641574998,1.83587194068267,7.578598534164635,6.948229955646135,9.539779409363929,8.119964611351556,0.11506621054066331,0.2404202632337807,0.33040974036768767,0.11963271927717758
2014-03-14 19:00:00,DEHM_BD,0.82669626425419,1.2162353898304725,0.6880071196432015,8.214496956869546,7.463099222260555,9.704701461120866,9.2847074290917,0.09389120262823994,0.42374821654949324,0.49258593907060094,0.1261332202430697
2014-03-14 20:00:00,DEHM_BD,1.2713967769581824,0.554835691566153,0.40836673752387515,8.793450226951867,7.933491532978518,9.642994692011406,10.175956109038596,0.08085162425748986,0.4036443300862702,0.9049593446124717,0.10804747553737824
2014-03-14 21:00:00,DEHM_BD,1.125259930450916,0.3286029511578718,0.2590348619968257,9.080617303142073,7.811080402974809,9.457850276724434,10.179945560899654,0.0543095250923372,0.22726127241563981,1.2709724931665138,0.08230499565603668
2014-03-14 22:00:00,DEHM_BD,0.7299429939975588,0.20900159080199446,0.1585452582923636,9.413011444246818,4.247517246517162,9.239127418545875,10.085835408738879,0.028540596771854734,0.1885828467595762,1.0274145932274499,0.06927414681080724
2014-03-14 23:00:00,DEHM_BD,0.32949730929443605,0.12996655982998825,0.11616334592163297,9.39405089596442,2.082262887040274,6.479040943821021,9.458519550497833,0.03591189004294567,0.1301308224641157,0.6161278205972536,0.060663750539989986
2014-03-15 00:00:00,DEHM_BD,0.21210678449227474,0.08580344862082638,0.07584069939440688,8.614619411865299,0.8320249519738274,2.7884604379078013,6.653347082146767,0.03874034364583883,0.0797307340844905,0.3026375690315337,0.05638639984885219
2014-03-15 01:00:00,DEHM_BD,0.11630421347388059,0.051555489937666496,0.04329692669782426,6.686320356766572,0.4377930539777688,1.0103953054928896,2.2323772832027906,0.035192253582151486,0.05905594948656852,0.17321269115610502,0.05330728541844044
2014-03-15 02:00:00,DEHM_BD,0.06760402601274412,0.04039511626715643,0.033841975792608954,2.9337488258420623,0.32978813977475274,0.48432127601150127,0.7159502163266557,0.0320358584266318,0.04470109848646432,0.09966690752415447,0.05167083959000175
2014-03-15 03:00:00,DEHM_BD,0.04286592104171152,0.055775197724517736,0.047919487557336576,1.0104573831244321,0.2927375203103105,0.3887238606571271,0.5366103027926198,0.03913205998196825,0.03001375221138807,0.060893572238883795,0.057474837576560495
2014-03-15 04:00:00,DEHM_BD,0.04952115715872018,0.06994771846549051,0.06617021788590577,0.6176854102081855,0.26318743667417194,0.3497260212162782,0.4601836448432379,0.04672593096324691,0.033084654142447004,0.04733720213946877,0.07828201242419883
2014-03-15 05:00:00,DEHM_BD,0.039161498083473224,0.06636561578428603,0.08469265290560182,0.519411962452926,0.2632364284337124,0.4201834533784008,0.48189531721662193,0.0497999670098697,0.04029680959836038,0.036618326534097946,0.0943822497007436
2014-03-15 06:00:00,DEHM_BD,0.028217926307965373,0.05607152135193622,0.09968965600240147,0.5967873343567156,0.27901216583521093,0.4720751104703434,0.5834217116709423,0.056816114036617654,0.04512099629452797,0.025933399206264748,0.09520466961309303
2014-03-15 07:00:00,DEHM_BD,0.04618661896455901,0.061182001567047596,0.10350237702717187,0.6138079422992403,0.28643292726906466,0.44480644114690243,0.5510703824569132,0.06899567819326058,0.05990420510881452,0.04132968394376788,0.09724473998554033
2014-03-15 08:00:00,DEHM_BD,0.06484603399464502,0.06778003197149561,0.10641504361579421,0.4664083765549032,0.25416133421701365,0.2892741106691419,0.36909347892851274,0.08177667906685018,0.07514490019050182,0.05363395790585655,0.10765503457713854
2014-03-15 09:00:00,DEHM_BD,0.07644278215566312,0.07454999502422249,0.10932684837403812,0.3611787199954851,0.23616925442017608,0.25660075241262076,0.3286553266454302,0.08831204767344629,0.08523041361219758,0.06244811040407045,0.11273945057462892
2014-03-15 10:00:00,DEHM_BD,0.0850683960717568,0.0752810510216182,0.10948979671813304,0.33684290074371437,0.23312962519048697,0.2643001186692247,0.32818151078682745,0.09198237402274434,0.09609665778947052,0.07500786779249953,0.11505795334506769
2014-03-15 11:00:00,DEHM_BD,0.09268646097143772,0.08304795107248922,0.10015363115586239,0.3370619892818445,0.22739492752782067,0.286908744385382,0.33122838377653085,0.10051371098128487,0.10364885690823179,0.08699403208737856,0.12111488861471409
2014-03-15 12:00:00,DEHM_BD,0.09678024066361751,0.10352470787591116,0.08103602947340689,0.34733940429943455,0.22894531351841038,0.2929212073313688,0.32206289932335663,0.10442512115059237,0.10480988621881676,0.09968632602983034,0.12129425965765467
2014-03-15 13:00:00,DEHM_BD,0.09334656293751191,0.11469272765676246,0.07937460549150796,0.3495285774696565,0.2436377764075901,0.27815827973338303,0.3319000359954338,0.1010338504670606,0.10447390176747215,0.11934710265339346,0.12302861496090864
2014-03-15 14:00:00,DEHM_BD,0.09173231618404601,0.09556222460024873,0.07487164545429867,0.34800636317012434,0.2587096579245663,0.2963344212083599,0.3208632310612009,0.08002151050731529,0.0993321608115998,0.11525093950607102,0.12434943348851049
2014-03-15 15:00:00,DEHM_BD,0.09629483177824641,0.08062909088540554,0.05608455179321865,0.34001774264943274,0.27972027583032844,0.314881169793239,0.3138543903717965,0.0674745337503064,0.09261840052114907,0.10089850519257301,0.12774891239583486
2014-03-15 16:00:00,DEHM_BD,0.10729443484317264,0.069800256145177,0.06885344847031617,0.34016459166445845,0.29166834603544306,0.316363133406593,0.34147405337016734,0.05208109002569443,0.09095224280001932,0.101928657411227,0.12839993830081062
2014-03-15 17:00:00,DEHM_BD,0.09749995998948094,0.05495669273875411,0.11279490663157875,0.4368564465855155,0.34424831023388525,0.3404544681754556,0.38513174600458167,0.04389127387265173,0.0943535933498375,0.1125466083350097,0.12810998716950397
2014-03-15 18:00:00,DEHM_BD,0.08226301437823906,0.07321567531800467,0.12279026320725896,0.5403499394992661,0.48149742454882705,0.45825797093912424,0.4745311652172356,0.039832209321007755,0.09070221574567772,0.10449864913237761,0.12936025328295295
2014-03-15 19:00:00,DEHM_BD,0.0671654978238398,0.09697276028857348,0.11457752802604917,0.6697941161754744,0.6478041996538778,0.6617846217531846,0.7393418203956811,0.03618911373949454,0.0719002911476092,0.08573228651460353,0.12947940110407755
2014-03-15 20:00:00,DEHM_BD,0.06792873685353885,0.09553648898387364,0.09122752161993758,0.928666416183072,0.7090135910873394,0.8375029343224135,0.9711222770733614,0.03309837396669578,0.05902969864766836,0.07401537862436625,0.1299783866884185
2014-03-15 21:00:00,DEHM_BD,0.09452004951405564,0.09018080407121877,0.07861921454126121,1.252825078681147,0.5702824753731675,0.9327176108907369,1.146077618762301,0.030006939336358198,0.05282633536462491,0.07048982033647298,0.13170782545242452
2014-03-15 22:00:00,DEHM_BD,0.09677955947471067,0.08316671171135853,0.09083183385747777,1.4144750407278572,0.46229573753580444,0.7652148977558431,1.209965513513343,0.028517734336203332,0.052151998283816364,0.09437869697402454,0.13158033413702613
2014-03-15 23:00:00,DEHM_BD,0.08983879013188163,0.07764424913846896,0.11131616657158121,1.3642160172774225,0.4157577143842913,0.5548135582119383,0.839925320667011,0.028654689268197305,0.05322622538943398,0.09807645964192574,0.13197582951815776
2014-03-16 00:00:00,DEHM_BD,0.08595529407688866,0.08142005408818619,0.12283386375030252,1.05947359109123,0.4244997695062681,0.4751462884946056,0.5224481890336121,0.02854704668327457,0.05522502323355225,0.08848938775612965,0.13031876648677504
2014-03-16 01:00:00,DEHM_BD,0.0816844369815615,0.0910632110231623,0.13051543947832828,0.7358949194888253,0.4350599106370656,0.4756278279166132,0.4545201013661937,0.02841704090055303,0.0602578535646276,0.08390444085721385,0.1263115158146246
2014-03-16 02:00:00,DEHM_BD,0.08236535604097169,0.09747405796768027,0.2095150004228995,0.5914744150883857,0.4375526146763562,0.4995194413570872,0.5182453992741293,0.029470045124584506,0.07047914216711479,0.08416153449175404,0.12206669496143227
2014-03-16 03:00:00,DEHM_BD,0.08713156886016231,0.10814667264024957,0.32497846455944224,0.60111886978504,0.4341144957775622,0.5042789117295992,0.5693665302824689,0.0316545152816806,0.08668222608877027,0.08291025550798031,0.11749542478057537
2014-03-16 04:00:00,DEHM_BD,0.09450023991140061,0.2132898008247207,0.27083111889860817,0.6500115330540575,0.43144468696765603,0.5030382876984121,0.5845448473549621,0.03591605227403519,0.10588374793043799,0.08019081934445467,0.11241090826238494
2014-03-16 05:00:00,DEHM_BD,0.09491758404665143,0.26391853998551595,0.22009588243127676,0.6720872269449848,0.4359678638617694,0.5131978252222061,0.588052930141129,0.03717034817599238,0.12291047736829058,0.08231506334396158,0.1069092525165247
2014-03-16 06:00:00,DEHM_BD,0.09869705111852833,0.19215143921876146,0.19390099407949238,0.6851829188995726,0.4414896984478085,0.5478439557429122,0.5856943347524071,0.03783171873077489,0.12809682513028858,0.08945879088657896,0.10122497288891104
2014-03-16 07:00:00,DEHM_BD,0.14965427982855584,0.155773030966437,0.18952313090808742,0.6335919857927772,0.4191856170384584,0.5744164977505591,0.5549396743406418,0.03822074185350549,0.11414988864836152,0.08725544329008947,0.09845234852434126
2014-03-16 08:00:00,DEHM_BD,0.19087524569875555,0.14144116028597867,0.19393877088461575,0.5845517903856581,0.4027736531268059,0.5249829023201017,0.5097604941138397,0.03675257072305024,0.098653619634595,0.07780670726615915,0.10563083922623637
2014-03-16 09:00:00,DEHM_BD,0.14109553179770698,0.13582821551242724,0.1909206592540498,0.5819668369170614,0.39451632994718844,0.459664901968343,0.4633909034838545,0.037260691537002066,0.0868300654253548,0.07785713296453455,0.12309300614997964
2014-03-16 10:00:00,DEHM_BD,0.11066339710968827,0.14587228961202367,0.19159507204832926,0.5891628116103156,0.38794386073485,0.4488054980616154,0.413736025492195,0.04185893107270501,0.07851985337597313,0.07799748443990004,0.14728515185540153
2014-03-16 11:00:00,DEHM_BD,0.10297860677316432,0.15711415376503135,0.18800283645749052,0.5418073312252892,0.3898791658928989,0.4712453110156393,0.4198723195828495,0.05125900749664225,0.07376057118851598,0.07551598870031992,0.1676644757912462
2014-03-16 12:00:00,DEHM_BD,0.09982625795338501,0.16406951927576757,0.1803628602348555,0.5515169803294881,0.39066402875863004,0.5025577806459156,0.44811566581799556,0.059365772314114475,0.07117571560635208,0.08217742808712633,0.1798144341356906
2014-03-16 13:00:00,DEHM_BD,0.10879017407287071,0.16377388738079685,0.18282576162545036,0.5838031150280992,0.3935121872493624,0.5153237204929813,0.5184841227053981,0.06879285412642873,0.07000857395888635,0.0870787791993585,0.19084387490383573
2014-03-16 14:00:00,DEHM_BD,0.1307099921135187,0.16042854496322567,0.19076825694551933,0.5997227874769873,0.3918529464535786,0.4898493210344434,0.5748995622212312,0.07310130682554491,0.07226611652542826,0.0767989394888024,0.20049887445538067
2014-03-16 15:00:00,DEHM_BD,0.14700991519575868,0.1609487111773201,0.18171285655937175,0.6149503243942697,0.3923719235064088,0.4688058103271258,0.5943977132167634,0.07103034157381262,0.0957314792461331,0.0841805252925515,0.21514720420059508
2014-03-16 16:00:00,DEHM_BD,0.15711190975506828,0.1603359880517294,0.16124766547572644,0.6259190440209583,0.3909220703668891,0.4696606114408926,0.5758473347627769,0.06298439693507259,0.1330018957479076,0.1105526878278864,0.23565068550831392
2014-03-16 17:00:00,DEHM_BD,0.15424869828570306,0.1501207873455283,0.1442471849790268,0.6226531588717699,0.4191213107155076,0.4947252372790363,0.5736697100708671,0.06217857905885188,0.13745714226649358,0.14631999449815114,0.25274920485315827
2014-03-16 18:00:00,DEHM_BD,0.1532388817583117,0.14517999145487437,0.13171544706391952,0.6969815534658563,0.568867863783175,0.6248319077700866,0.6669234959187507,0.0672676003680377,0.125602917058314,0.1539757095371278,0.26926403903283636
2014-03-16 19:00:00,DEHM_BD,0.14604281848108258,0.1392826108726422,0.12714629521572143,0.8187674082875493,0.60835156411706,1.057000210672219,0.8372032698994909,0.07179212350426929,0.1156313498610164,0.1539563720745406,0.2850398768514765
2014-03-16 20:00:00,DEHM_BD,0.14512935964936607,0.1355339633671939,0.12580276332345636,1.2986781587155134,0.5238949531809891,1.5396423489553341,1.2941263215147782,0.07317198739754949,0.10512050094723685,0.15070487227206106,0.297923391726259
2014-03-16 21:00:00,DEHM_BD,0.1411303202273951,0.13231340554797516,0.12441734534649894,1.5487561379804227,0.4829369547785538,1.8051630174570288,1.6618533383010645,0.07092760062435625,0.10526728743887018,0.15039032363566088,0.307501971554607
2014-03-16 22:00:00,DEHM_BD,0.13725540005175618,0.1266254877061719,0.11932137003589761,1.5665959903956113,0.37728473060181345,1.696097502688088,1.732621250488,0.06744691255527996,0.10952543981540927,0.147402422696594,0.3163917770554125
2014-03-16 23:00:00,DEHM_BD,0.13314327149365318,0.12067154847462637,0.11217142772418347,1.8943042028570083,0.29138891595569427,1.320441665071668,1.7445999551100448,0.06588429034416554,0.10659099410707118,0.1465181924261804,0.33084611358582966
2014-03-17 00:00:00,DEHM_BD,0.1258778756961131,0.11352247798074455,0.10685539149377012,2.1222445275708335,0.2748971630823751,0.980732879083366,1.4457435715469253,0.06776922399940884,0.09663677767323312,0.14005013601895883,0.3477115296900271
2014-03-17 01:00:00,DEHM_BD,0.11908968123382048,0.10624436277098763,0.10310001421696371,1.9379312794992607,0.2789578673283195,0.7646250277370168,1.1223260275569482,0.07425214404218818,0.08632049520459009,0.1302987673894826,0.3433407979609071
2014-03-17 02:00:00,DEHM_BD,0.11275853341728144,0.10185018468967344,0.10276566194779768,1.707350038790207,0.2788699137177596,0.6023063331142567,0.9325631750201998,0.07837815864442364,0.07969842058007126,0.12331287650666875,0.3095631766804306
2014-03-17 03:00:00,DEHM_BD,0.10753766909636608,0.09838888113187524,0.10263672878850805,1.5033679395506274,0.2709027371186948,0.5217305518262456,0.8290014207463655,0.07891741160618591,0.08040422222362827,0.11826429701905217,0.24600231469005335
2014-03-17 04:00:00,DEHM_BD,0.10395306227677874,0.09652286733721921,0.0979026179760115,1.2283922370941844,0.27130099640484884,0.49338104921396353,0.7987115712519239,0.07677087545210945,0.08147056969899669,0.11452240197524412,0.1783515376974641
2014-03-17 05:00:00,DEHM_BD,0.1005441580192433,0.09470432456307236,0.09244272372087076,1.0459445408577472,0.2808391837572119,0.4811849627935324,0.8043193796144553,0.07562859477097153,0.08495702151870338,0.10964413883162881,0.13840986557118587
2014-03-17 06:00:00,DEHM_BD,0.0995694210509396,0.09282836293990987,0.08889986653812447,0.86803452877196,0.2829063904383033,0.5088118369267025,0.7833990324473892,0.07812235873062608,0.08416808340501737,0.10585997195963388,0.12082997373618176
2014-03-17 07:00:00,DEHM_BD,0.09758862346491973,0.09087614473788526,0.0847060765685885,0.6908367988297162,0.2842542667772713,0.4665817222672904,0.637199164129846,0.08039957913037138,0.08272143828940685,0.10465119819019222,0.10503184914585181
2014-03-17 08:00:00,DEHM_BD,0.0960899112112427,0.08922744964056177,0.07956414485996466,0.6011112032089673,0.2787422709999605,0.3657250709023122,0.4633802699915915,0.08033428101123294,0.08459529775740048,0.10481070827413459,0.08997898834079487
2014-03-17 09:00:00,DEHM_BD,0.09454014192826597,0.08886619117530195,0.0755345634783832,0.5030344688783492,0.2795955924667975,0.34130996946060216,0.39356813683982234,0.08069049392449658,0.08646577286200222,0.10588831594923857,0.08114808051411056
2014-03-17 10:00:00,DEHM_BD,0.09476358754715825,0.091000435176523,0.07282629267908783,0.502403697825428,0.2806850746156274,0.35142024657275567,0.4029784155838442,0.08786695512311983,0.08429580061044172,0.10735769324559075,0.0757684294898527
2014-03-17 11:00:00,DEHM_BD,0.09604008712036936,0.09151622473428128,0.07133521113062895,0.5084468916422195,0.2783545583788118,0.3753935559728798,0.43178766285678283,0.09029501056164257,0.08212823718367762,0.10960484078037694,0.07269007252019817
2014-03-17 12:00:00,DEHM_BD,0.09923603669462396,0.08882138784901734,0.07091900402468969,0.5158788099590312,0.3009707165197468,0.3710007636695354,0.45256746727609337,0.08809633923593664,0.07954889166315655,0.10993865205733169,0.0713463892139359
2014-03-17 13:00:00,DEHM_BD,0.10241205180740837,0.08311324018582134,0.07256038447626445,0.5516716786429352,0.3307074828370659,0.37656765096373385,0.47815623064031615,0.08190490090055844,0.07815250972825095,0.1099170329240383,0.07223402481653357
2014-03-17 14:00:00,DEHM_BD,0.10259885481712813,0.07469137901780547,0.07554968128781936,0.5446665870507343,0.34800118229694643,0.4013775823245243,0.5144618304239263,0.0811821833525806,0.0784845812076749,0.10932195797789583,0.0789393321489392
2014-03-17 15:00:00,DEHM_BD,0.10037581469204279,0.07328898694249796,0.07921632750889453,0.5596323580194875,0.3694680865128802,0.4386220879157341,0.5339068900023819,0.08030413198121802,0.08025611909032326,0.10798792354344401,0.08934430862387509
2014-03-17 16:00:00,DEHM_BD,0.09487687695485594,0.07496628087319801,0.08600123533996945,0.6108847715412391,0.4282373767829965,0.49727136837253727,0.537967269866698,0.07889165181323639,0.08489136828913456,0.10466948776137244,0.10261861863145746
2014-03-17 17:00:00,DEHM_BD,0.08508844220572992,0.07824447285866912,0.0976731647917687,0.7701425541312366,0.6147683964595756,0.6365688874086977,0.6263746015689984,0.07762743241603991,0.09049468004178547,0.09859046260372843,0.11420484700357533
2014-03-17 18:00:00,DEHM_BD,0.08085862301233815,0.0840362708298163,0.10774510514933408,1.1623233051620225,0.9091481356001737,0.9762127506231741,0.8969442392378333,0.07628309114708148,0.0979191606379888,0.09542369036145418,0.12372675262598304
2014-03-17 19:00:00,DEHM_BD,0.08792536630651206,0.09782841582613465,0.11711942359957796,1.7598155947265224,1.3141298536637938,1.5248651557155357,1.341379164682438,0.07506328819946552,0.10711188671439864,0.08990402482634617,0.12165237155606959
2014-03-17 20:00:00,DEHM_BD,0.09679600703620579,0.11107006516643605,0.12417302080093089,1.9424930474815405,1.6939393630381347,2.1340456639325582,2.0702844612028732,0.07223514805926066,0.11166875458654124,0.08496464614283142,0.10632902615059622
2014-03-17 21:00:00,DEHM_BD,0.10412011266315231,0.1261821156026718,0.12392998974094156,2.159625769693658,2.047692960565109,2.4878670045831095,2.787339399462886,0.06851033444073797,0.11251808435980341,0.09494212314479974,0.0924462586149118
2014-03-17 22:00:00,DEHM_BD,0.11211959893119958,0.12752150704913964,0.12783557196203207,2.751596536800413,2.2194888336811402,2.652574679443295,3.1520128881276346,0.0645143981250583,0.11056151806396416,0.10396233252412855,0.08864715782571568
2014-03-17 23:00:00,DEHM_BD,0.11870075913777739,0.12256444419639176,0.1399006225268541,3.6720625542036998,2.3198153525169984,3.0310284581835534,3.498948229946395,0.05881300020536389,0.10880027302464922,0.1025611403785761,0.08978635850056091
2014-03-18 00:00:00,DEHM_BD,0.12152252339788351,0.12955150191176582,0.1766960778749189,4.655662164215549,2.544633522611945,3.7334796389181246,4.113536651068403,0.05012813770274616,0.10760934046268454,0.1148146437668823,0.0905531425332474
2014-03-18 01:00:00,DEHM_BD,0.12236235864236357,0.14398083704201622,0.2792117860598439,5.243116126294321,2.8567214008793655,4.447262099946929,4.788790553898064,0.03926352503218665,0.1059614039652607,0.13265803844938973,0.09222382147340459
2014-03-18 02:00:00,DEHM_BD,0.12750777165013705,0.20678038562501122,0.36180835576340664,5.619039262424374,2.99911749500636,5.01235427796857,5.564246849294696,0.03348157787673162,0.10478609011776735,0.13528555607431555,0.09674017938146305
2014-03-18 03:00:00,DEHM_BD,0.14248114085288244,0.36865882956961454,0.39369482904456404,6.201919627219106,2.903517160176336,4.894788295285246,6.065880093143383,0.039623893502955296,0.11161878574473763,0.1363457057512224,0.1062224468473711
2014-03-18 04:00:00,DEHM_BD,0.16986820085168106,0.4930462240537532,0.39224729152942595,6.1891128824574135,3.0743168543746324,4.571193051862037,6.110120968995331,0.05437337651769618,0.14428600469604125,0.14455339493653724,0.11730391088580734
2014-03-18 05:00:00,DEHM_BD,0.25144917702336317,0.5351044315328599,0.36549292065796724,5.7909235100727665,3.4721530839732666,4.466343182602683,5.678654195779595,0.06853918467133292,0.17672298084542137,0.1678126570744765,0.12917939683048835
2014-03-18 06:00:00,DEHM_BD,0.4170657049844821,0.5107888677329195,0.34659618794598407,5.365980054312077,3.9036226638981697,4.515578558202507,5.234642856482751,0.08164010811219442,0.19821532473798828,0.22419781587498427,0.1252282198808163
2014-03-18 07:00:00,DEHM_BD,0.4871389709351117,0.41708080622619004,0.3458082337709908,4.9120101675269,4.12925633572016,4.475782439290714,4.876703610793333,0.09555082935171198,0.21905010045731432,0.3855297986442361,0.11801009970622585
2014-03-18 08:00:00,DEHM_BD,0.5243939997267163,0.3604225831808662,0.37484025728854103,4.821499859661818,4.009029743838608,4.558643976260768,4.6451047686070766,0.10991750710237289,0.22884033987544464,0.4491224542412766,0.1219585981606772
2014-03-18 09:00:00,DEHM_BD,0.5583921371714095,0.3493996950238826,0.4224297531991148,4.554404284172533,3.8980413377650263,4.677764381538089,4.536162071333632,0.12277759699494094,0.24262680085659025,0.4531814351716589,0.13252609935190285
2014-03-18 10:00:00,DEHM_BD,0.5521905473671922,0.3779734766406494,0.4844339626203941,4.531004239341994,3.6705639926868443,4.601969771721829,4.585930122408463,0.12933524989791662,0.25920766274169077,0.4911945728925336,0.13735570125344232
2014-03-18 11:00:00,DEHM_BD,0.546461737380058,0.4300786834317067,0.5589421578781305,4.45227065875484,2.876575341827553,4.226334992605273,4.613307631020596,0.13225236479504948,0.2739023275589011,0.5149978720112329,0.1370935556360362
2014-03-18 12:00:00,DEHM_BD,0.5863123055970528,0.49429696558877706,0.6465636214645485,4.358371834266188,2.832070975710447,2.7627230923576818,4.395257104747168,0.14170878304531784,0.29801149825807643,0.5038380582983255,0.13601719917526106
2014-03-18 13:00:00,DEHM_BD,0.6108701792999216,0.5619254363579548,0.7304093538488633,3.9719875535112488,2.1988223026887885,2.1462144173556346,3.430922193366744,0.15167788475842203,0.3348057029478997,0.5054296974388764,0.12753361210646097
2014-03-18 14:00:00,DEHM_BD,0.6489549158409399,0.6413509082773443,0.7268996648328657,3.7201016951877772,1.7124591422332727,1.5260001839291224,2.81495776603505,0.15447774036018158,0.38335349900811905,0.532178876685421,0.11738851959628208
2014-03-18 15:00:00,DEHM_BD,0.6693186413585487,0.7662935033716004,0.71109791745855,2.4882507956175717,1.5284329211831187,1.3025813815264304,2.2684008882286006,0.14746765980256718,0.43470859935063866,0.5879881764932955,0.10455944884230806
2014-03-18 16:00:00,DEHM_BD,0.6718190589462826,0.7805479612468241,0.7087348982226779,1.5995279206909014,1.4611138469674811,1.405588581839087,1.602849494756763,0.13653933820302586,0.4708104102773218,0.6428961640876787,0.1038235569985451
2014-03-18 17:00:00,DEHM_BD,0.7077608215959474,0.7635084243214025,0.7524329811756102,1.4521412960956832,1.0119380958362902,1.4036611682722842,1.568746117377273,0.12683025775533627,0.48332317843683054,0.7281939385084435,0.11228943952623038
2014-03-18 18:00:00,DEHM_BD,0.8386771897123055,0.7956390529272075,0.8779371155890844,1.651447928529635,0.5836121971486787,1.1634934728381152,1.7971129587251418,0.11942821581649585,0.47327428696811197,0.8558536755805928,0.12207744703455117
2014-03-18 19:00:00,DEHM_BD,0.8892582539796083,0.8846346152150875,1.0288950148775988,1.83176241931982,0.44795815959583024,0.9951624257187318,1.6468644151941547,0.11079282725865243,0.47695785863824186,0.9528908200227375,0.1286709531947377
2014-03-18 20:00:00,DEHM_BD,0.8969476527388951,1.0027907819236082,1.1512718539721298,1.7962278607625117,0.25420768730817345,1.1710786624226461,1.4891989627252786,0.09532561838407051,0.43411313764348614,0.9788775033467123,0.13230235539922208
2014-03-18 21:00:00,DEHM_BD,0.9741412584683904,1.1059425632292594,1.1979106247095563,1.757208712633301,0.20549381820995344,0.6536378735379489,1.7800858578211014,0.08194087273538911,0.33817740969791993,0.9665061109933583,0.13685249479967804
2014-03-18 22:00:00,DEHM_BD,1.0373965401881096,1.208560616828752,1.2252455877799846,1.1499335892563052,0.19025555546513745,0.30201195007873216,1.0881551584063325,0.07898041825378525,0.29230295917455096,0.9629598557086054,0.14852326222737167
2014-03-18 23:00:00,DEHM_BD,1.059934670412722,1.268059617085693,1.180347745957757,0.7549289643014565,0.18574110578373992,0.3060030340398055,0.45968725683831946,0.08698684721542456,0.29209726675864295,0.9897538801495078,0.174212870500842
2014-03-19 00:00:00,DEHM_BD,1.1165455089250858,1.2981750746284204,1.005104754516138,0.6233670868864413,0.17504872849814582,0.31093007486183066,0.522564641980027,0.10127725160976171,0.3278389230626821,0.9434979520844807,0.2103092371891204
2014-03-19 01:00:00,DEHM_BD,1.2053095335252675,1.2377880092763738,0.8552766210686401,0.5787481814356977,0.16589214637496494,0.3156458525156811,0.5536714519317989,0.12054697277247188,0.37883903151467435,0.9254427231954456,0.25031954372417164
2014-03-19 02:00:00,DEHM_BD,1.253249473282476,1.0961655500500884,0.5063072458334962,0.6080017073258128,0.17029400603726488,0.3264894151954259,0.481140020657712,0.15525029358247278,0.436012015646249,0.9918564234467502,0.28537349297367953
2014-03-19 03:00:00,DEHM_BD,1.32194996274821,0.9866392124673735,0.37090871313279256,0.6842753641460702,0.19628515158972687,0.3377443856041834,0.47078500016230107,0.21149428400864345,0.47948548754543063,1.1230661164635651,0.3108968818789533
2014-03-19 04:00:00,DEHM_BD,1.2635073681021853,0.6906133441178424,0.2676652320427455,0.7760057350263072,0.2677628382834231,0.40280231869980443,0.5384227804639419,0.2541034193122385,0.5452823480084538,1.2605146610516589,0.3303704990642889
2014-03-19 05:00:00,DEHM_BD,0.9928603937198175,0.5044016509457232,0.16848152076950168,0.8873618524317586,0.40135976637667026,0.57371546790395,0.6243735654802084,0.21349499904261887,0.7193719452661647,1.3925372748782112,0.33780417827110726
2014-03-19 06:00:00,DEHM_BD,0.6671808661081922,0.36789127194047544,0.11909978651668576,1.0332087074264091,0.5450765699842571,0.7753508132063442,0.7293088455444705,0.11894453223047768,0.7636505752709135,1.3866623118317407,0.33523369040267526
2014-03-19 07:00:00,DEHM_BD,0.43957271480978927,0.22386379034753767,0.11891888827192869,0.9740509209345176,0.6653259030518168,0.9173738951979397,0.8302468428265583,0.06518035520293733,0.6239244609978049,1.0031231833660275,0.322717142637223
2014-03-19 08:00:00,DEHM_BD,0.3336114128323061,0.12989037244656487,0.12285955271361206,1.0388578864647564,0.7962667378876218,1.0091831129840563,0.955220921533996,0.060301262332051894,0.3405923910075332,0.5820070606446114,0.3059072962539641
2014-03-19 09:00:00,DEHM_BD,0.25628300846410673,0.1300557670410354,0.10990890707664877,1.238539978581121,0.7822594633742747,1.0160018360913037,1.0490734322448518,0.04864038749981662,0.16217575828623942,0.32102504456904946,0.2945858198315183
2014-03-19 10:00:00,DEHM_BD,0.15355189771292954,0.10204966055792289,0.10565830360793489,1.1638928583953723,0.5559913281241244,0.8592259813124778,1.1089109833442174,0.036521622582776365,0.1194349290251823,0.2080284304234314,0.29481572037288434
2014-03-19 11:00:00,DEHM_BD,0.11519367087483624,0.0957866669487138,0.13154091369483145,1.1008111375694791,0.5758998723516147,0.6449943192783685,1.0129022249309025,0.027948125831689534,0.1095365550851447,0.15931982706343045,0.3044274067214643
2014-03-19 12:00:00,DEHM_BD,0.12589494352612038,0.12632442564811083,0.15736596280509135,1.025370059202587,0.6648145122396201,0.6385457303081731,0.9109093588706472,0.027228381532067282,0.09725543480811616,0.14126897058321852,0.3164091628561354
2014-03-19 13:00:00,DEHM_BD,0.1239812554016103,0.14645259542883013,0.18961222760936225,0.9168538678858824,0.7840921929225045,0.725844681581659,0.8436323690079484,0.0347858510836958,0.08636749822835421,0.11540081713005423,0.31124401893284165
2014-03-19 14:00:00,DEHM_BD,0.14346609715395714,0.17649130868712307,0.22338043239232144,0.8623134328640059,0.8172968998550063,0.8964035772861842,0.9104325414102582,0.04352716862813096,0.08692606297021722,0.12454683005564479,0.27688370511185373
2014-03-19 15:00:00,DEHM_BD,0.16260441190640076,0.20947686954185119,0.2582502221959176,0.9390430875648357,0.7696383303444273,0.9499112751602918,0.9551238705692175,0.05272064119242113,0.10251642176711911,0.15032731476587055,0.232216405468136
2014-03-19 16:00:00,DEHM_BD,0.1845797828850521,0.24626296920653762,0.26690150367365195,1.015308766599806,0.7145285842593758,0.8647839176258032,1.0635830846659058,0.06193846783049389,0.1334179473964869,0.17516984061526117,0.19450728759974226
2014-03-19 17:00:00,DEHM_BD,0.21062608499490174,0.2768213139291666,0.23575548126381463,1.0244920566223397,0.6484784588544443,0.8367373999442071,1.0523678882003031,0.07090047308365792,0.1566209183220191,0.20334135074773335,0.17703002408578974
2014-03-19 18:00:00,DEHM_BD,0.24797077409150303,0.30196571268821004,0.22080109092675954,1.0953075330926736,0.6932547650509513,0.9392627965257372,1.1463848912788397,0.08107254083031316,0.16926546580564225,0.24696723570879994,0.18208565374391145
2014-03-19 19:00:00,DEHM_BD,0.30330202950047785,0.3193094025127845,0.24747631728379604,1.3624177620791567,0.8061631788063096,1.1860027595936344,1.4034468260427868,0.09103301201974023,0.18076058200322087,0.2900279817292279,0.2008992395846171
2014-03-19 20:00:00,DEHM_BD,0.36185930293880386,0.35972785370085497,0.2858944322049468,1.8395699157003347,0.8905257190053629,1.4226062122657863,1.6941176158314346,0.10687058263119308,0.19117512469902626,0.3313789046751753,0.213868161568567
2014-03-19 21:00:00,DEHM_BD,0.43522176463625384,0.42003754800274296,0.330819252542461,2.034556911529939,1.0500645434798346,1.7140745171715146,2.023897298480287,0.11989594091288733,0.1990170864037422,0.41672768825967776,0.220680946433572
2014-03-19 22:00:00,DEHM_BD,0.5009783023181044,0.4736405302267837,0.373419815280032,2.0627077405703975,1.2471031252297013,1.9801376092052552,2.3116428150744914,0.12419283411227157,0.21839344276964648,0.5212676472984998,0.23056747467186292
2014-03-19 23:00:00,DEHM_BD,0.5338801403981144,0.5123521771366321,0.41258279273724585,2.15886636543849,1.3500978435086783,2.1633413374185197,2.5307538687670847,0.12140946866903443,0.25589491635315104,0.6004547056484967,0.2601219042511775
2014-03-20 00:00:00,DEHM_BD,0.5699048842234373,0.5562997069535787,0.46809530929417864,2.209617906781082,1.3330797937286551,2.317302121767558,2.68339165536783,0.12084377986773837,0.3094673903947323,0.6523351009355485,0.3007529586209338
2014-03-20 01:00:00,DEHM_BD,0.6043684704470308,0.6071796365984108,0.5330880522853231,2.236371074666228,1.145125961464187,2.3840021582970317,2.711646601142059,0.141114264824353,0.37330935769479723,0.7039514043175801,0.34427281970785484
2014-03-20 02:00:00,DEHM_BD,0.6497958291716558,0.6663503040029441,0.6065605671063298,2.4500188925891866,1.1196075767776184,2.3303209211361295,2.59368371216757,0.19666309347454436,0.4280422584405542,0.7375638324613776,0.39032627140881776
2014-03-20 03:00:00,DEHM_BD,0.7400933364403539,0.7383657513315003,0.7854457304995215,2.9704975431070806,1.2306898500614147,2.201925911175911,2.4790750211797077,0.2681013086027091,0.4562391734195127,0.8186578278679679,0.42024441020801945
2014-03-20 04:00:00,DEHM_BD,0.9081301451489387,0.893356719339419,1.105846095716629,3.2658477378336563,1.4943927248522266,2.427639107338694,2.868708340576497,0.33162275777969497,0.4848495370804331,0.9164269106129462,0.4223636235361189
2014-03-20 05:00:00,DEHM_BD,1.3234341540713246,1.3444534983365244,1.1895867143857843,3.457619723831796,1.9427118423560565,3.275674281424984,3.6371371140794353,0.36996415554709716,0.5331958917285874,1.03879254252102,0.3828267397735069
2014-03-20 06:00:00,DEHM_BD,1.5956508235318643,1.53014057697633,1.030922934148065,4.245956504335694,2.464823301369525,3.813728288216014,3.757413407149597,0.37907814499223597,0.5605069864012486,1.322940548329315,0.26899072739128477
2014-03-20 07:00:00,DEHM_BD,1.475733229642039,1.1627206076957246,0.8006048752532746,3.9677181868135087,2.696906260361164,4.481894582469775,4.168031466993108,0.3551013432097434,0.5731484625494385,1.5407383579098635,0.18052988955066518
2014-03-20 08:00:00,DEHM_BD,1.260845857005104,0.7343707711658001,0.535738815643906,3.2953268658315413,3.2731622862525516,4.212501704839524,3.9805904485672037,0.29091257479928423,0.6549670416438811,1.4047209287302866,0.12114946525018652
2014-03-20 09:00:00,DEHM_BD,1.0553247709414315,0.5769923180574585,0.4419987027736217,2.522928174577853,3.5304077891719152,2.9007998897299165,3.0580168524240308,0.24708349048756045,0.8156553501156298,1.1533473901649516,0.09886787948984632
2014-03-20 10:00:00,DEHM_BD,0.8294364088340476,0.5184172647009766,0.5370061756269098,1.8158527535305893,2.323294363543864,2.09022088652141,2.3239763074173356,0.24016561226606353,0.7542478189798572,0.8872567495716246,0.1060307422605714
2014-03-20 11:00:00,DEHM_BD,0.7687294479591167,0.6077305879166355,0.5565752638833923,1.3519133292994943,1.762079551294525,1.6728111997611967,1.4888349610801634,0.22961888429716218,0.5732631929677668,0.9180223874902306,0.13611731674846247
2014-03-20 12:00:00,DEHM_BD,0.8348250206470232,0.5634677682827773,0.5846738158793525,1.197478177302421,1.368236706155345,1.2544557361055806,1.2808629053782121,0.2162089545281229,0.5317962319951337,0.9102962242686445,0.18794917917782433
2014-03-20 13:00:00,DEHM_BD,0.6652327160218928,0.646583155748531,0.9649261071195425,0.9331139351987185,1.1861293678664393,1.018172982997321,1.081682281855486,0.2243097990115731,0.5878343619322486,1.1206768364450277,0.3084125134980165
2014-03-20 14:00:00,DEHM_BD,0.8377788109893689,1.0553668630677238,1.5821571601252613,0.613491643327162,1.3098622498905517,0.9674562404165261,0.7003188161718507,0.2586589936966448,0.6928134775481143,1.0916939818085822,0.48059216027011376
2014-03-20 15:00:00,DEHM_BD,1.002808586393738,1.221985718917248,1.7086616412252384,0.6060092361488937,1.3712788309011676,1.19605886627045,0.6437105043024748,0.3328588884458318,0.6898496460104591,1.2275281346522617,0.5479171649136485
2014-03-20 16:00:00,DEHM_BD,1.314212487193857,1.6041478714285569,1.9075497304868705,0.739278254713875,1.4021384109631312,1.3935669094234575,0.7251332266702757,0.43015127938561126,0.8906762639122997,1.4141622401337477,0.5087929634014935
2014-03-20 17:00:00,DEHM_BD,2.0138067614162116,2.3530907255621614,2.7434796687408736,0.6810734746391977,1.5584156748144153,1.5425257319257153,0.8704083438128064,0.53186095887959,1.1893677292313132,1.955207434432496,0.39503958851907395
2014-03-20 18:00:00,DEHM_BD,2.957394471571304,3.238775697625363,3.1966295518914674,0.7627585622237963,2.033470564694067,1.702018623737848,1.1016537047809194,0.6251408205677568,1.4633461427694547,2.5420378208920473,0.30329203214381817
2014-03-20 19:00:00,DEHM_BD,3.0669083154905135,3.51980111600857,3.026440710808393,1.170064666876376,2.4615668818002265,2.0461686414990705,1.4772443779321998,0.6146814870630204,2.3435541623822034,2.740010694211973,0.3163252944092487
2014-03-20 20:00:00,DEHM_BD,3.1254602912655036,3.2693240822707432,3.099171403916793,1.405837566677238,2.1828940457328363,2.4967159165567256,1.8510549431229064,0.34726931814193707,3.6201770689882533,2.507237361799591,0.4491288502764316
2014-03-20 21:00:00,DEHM_BD,2.347970128354145,3.1289461338068345,3.075081656513409,1.492411238571473,1.6006382801770955,3.101396250371569,2.373091321411601,0.21360939063291987,4.174277080201196,2.289748264007135,0.6903258680736148
2014-03-20 22:00:00,DEHM_BD,2.3439257447221826,3.307345289648859,2.652923949440478,1.639898650728309,1.2128606571553835,3.133271705527255,3.246192222347514,0.16398645857803518,4.2000259000015046,2.0679093356610454,1.0574886506314534
2014-03-20 23:00:00,DEHM_BD,2.8139197861692344,3.2774956203389594,1.9783965685801927,1.9443714860188803,1.0784068395591946,3.0423914213136234,3.9761906418361104,0.15703674180552354,4.408112077051806,2.2068658767415417,1.5459524765832282
2014-03-21 00:00:00,DEHM_BD,3.5312171089147295,2.8745076980512083,1.1130268509219958,2.497465785387247,1.0718087660813844,3.0471810840855516,3.715237607078835,0.16667510645840297,4.347504933857047,2.700645467955994,2.2218286342361027
2014-03-21 01:00:00,DEHM_BD,3.958094407340557,1.9424607767359585,0.44274310483207446,3.3121984082540843,1.0491499763589633,2.9682726076783683,3.1438271296176166,0.13232420112641521,4.0790707389595156,3.4521926978096387,3.057422264342128
2014-03-21 02:00:00,DEHM_BD,4.071616116979359,0.9300960565411428,0.4277152163445298,3.6792693607542795,0.7875814994334429,2.8140756192542042,3.061735536514975,0.10321795663143485,3.238237277480364,4.078403287020115,3.6968533900305376
2014-03-21 03:00:00,DEHM_BD,3.5474158593986966,0.4710821792134997,0.5028309534846734,3.6429696156218547,0.38942106544643634,2.6950364784755045,3.2223173019397318,0.09121177241323497,1.9678793580714427,4.489616832989799,3.9741069209946764
2014-03-21 04:00:00,DEHM_BD,2.6723739633168195,0.5620018934538729,0.49767187497389365,3.2168843046109363,0.18891680566012847,2.6141269390716033,3.537574885975849,0.09824264970956352,1.148533142148815,4.510782751758649,3.9400838041473496
2014-03-21 05:00:00,DEHM_BD,1.791387567285384,0.6835785832235055,0.48571861496314855,2.691890049561657,0.1338828976106642,2.243913904212378,3.530975776693839,0.08756729238733646,0.7410523791987541,3.8602909149351032,3.501678309206148
2014-03-21 06:00:00,DEHM_BD,1.1288587597101867,0.6556514042233482,0.3974702923259488,2.28610079313685,0.11410141313614311,1.4899986669528789,2.842552197735733,0.05673372686339055,0.49954473377365605,2.827295323100647,2.5281379188844935
2014-03-21 07:00:00,DEHM_BD,0.7190485926371148,0.513213127419016,0.2593475574338383,1.9543491583654573,0.12363483542069782,0.5730017771006125,1.902746182045131,0.04515264504885984,0.4021035880419937,1.7324499125380906,1.3256382862824503
2014-03-21 08:00:00,DEHM_BD,0.5006515623364922,0.34940987557537606,0.1209354982408694,1.3898513138554058,0.1451155092465876,0.11142023186055117,0.8502963774071575,0.04792284999547038,0.3394256126947618,0.8421907829409081,0.460970965424124
2014-03-21 09:00:00,DEHM_BD,0.4547677430646645,0.21594786072547775,0.09144662682665729,0.6712351041452115,0.18417563568172957,0.09122069192529525,0.29168882617882685,0.05427743565380559,0.27958483827936104,0.5751139644002621,0.1695118560222581
2014-03-21 10:00:00,DEHM_BD,0.41832495378925333,0.13867707938482182,0.0802997974100504,0.3712347280329116,0.30350525815816587,0.13321591711244707,0.1329862031617678,0.055860153547692894,0.25441616266659217,0.4571042251722444,0.1024036327777894
2014-03-21 11:00:00,DEHM_BD,0.4023234524699636,0.11893880893235259,0.09338001233102171,0.35749742800417994,0.5122142957921045,0.19025219454154527,0.1299366289371419,0.05310546853808681,0.22150006882165316,0.39796771368634065,0.07500171337206833
2014-03-21 12:00:00,DEHM_BD,0.3876246890351163,0.1178096899668099,0.12284408499162276,0.39424293307921976,0.6269960242593661,0.2990689413495431,0.22775027519543564,0.05127993992415239,0.22120855637466294,0.3551466132007143,0.0627054700283961
2014-03-21 13:00:00,DEHM_BD,0.3434720833717971,0.1531224491805423,0.106941834401203,0.3883466554652898,0.5914344689470064,0.4599614140386338,0.36481650233567187,0.05378205303927406,0.20782319913372233,0.34424414211129306,0.05686921787207401
2014-03-21 14:00:00,DEHM_BD,0.28852661805654056,0.16408425369631457,0.11103662856239059,0.39244238577080504,0.6128396385405958,0.6751680121480086,0.4866125323000887,0.058467731241699995,0.17844178899954036,0.295483566000247,0.05645807325694348
2014-03-21 15:00:00,DEHM_BD,0.25153609807886995,0.14679924673550665,0.11188117975347138,0.5086424418448217,0.6785990277033671,0.6561161267125739,0.6235185109741057,0.06147773244375354,0.15947885403442832,0.2650897373375225,0.056391043674569
2014-03-21 16:00:00,DEHM_BD,0.2309304437274054,0.14403657246396814,0.1145311126725505,0.5432133909334327,0.5927411969026083,0.5684976924880695,0.9029830805958987,0.06331811395768992,0.13892167502689978,0.2642799159291663,0.056709586108074375
2014-03-21 17:00:00,DEHM_BD,0.1568798817554976,0.17756935039603483,0.1723431425043923,0.6428388041891195,0.5602524950515664,0.6299671068028883,1.0689871702115739,0.06375943876960301,0.10710801942576187,0.31412647391196274,0.05961076950549208
2014-03-21 18:00:00,DEHM_BD,0.09543309372215528,0.24457755319322802,0.20921043404844158,0.8918154444612145,0.7665708398281597,0.8864024873531895,1.1935579598546415,0.06536925479359905,0.09814357969282254,0.3666328732947257,0.06461909837057586
2014-03-21 19:00:00,DEHM_BD,0.10180594144936053,0.2960147855583031,0.2736747235828535,1.3738714902289957,1.0110546679537253,1.2456428523014929,1.3534776139942326,0.06799536433477407,0.11854448379959048,0.3459038240788637,0.0687660317885565
2014-03-21 20:00:00,DEHM_BD,0.1704242595230822,0.298443717236926,0.35028943287161574,2.099666238449474,0.9742677809775692,1.5850849593801764,1.6803380087517108,0.06844172105000806,0.12998529525411945,0.30413289817341943,0.07270106394701566
2014-03-21 21:00:00,DEHM_BD,0.27468202537971076,0.36072236782647726,0.5399795966569517,2.4356046905977142,1.1364868670167307,2.0324145043113035,2.2944523295822243,0.07314359059315396,0.19457381959472636,0.3859724728665077,0.07175798709777086
2014-03-21 22:00:00,DEHM_BD,0.33588781438704457,0.5017751691438737,0.9902309788653793,2.294847353648519,1.5687137558648991,2.805061247488544,2.9291139743269774,0.09683703337598115,0.26600237793668297,0.46207305827526535,0.07474854292829114
2014-03-21 23:00:00,DEHM_BD,0.4832608548260083,0.8231864416149374,1.3988118303760078,2.4155887456459766,1.6507588942747886,3.150984693211542,2.860606845874578,0.1414451521823554,0.28951773724232854,0.5286614546613024,0.08550378759105988
2014-03-22 00:00:00,DEHM_BD,0.8152145059183147,1.1948982636696117,1.4125696608520268,2.650285202749952,1.6150339521520107,3.135662816709892,2.906266465071771,0.1835653609790837,0.31242895264068726,0.6991458029845482,0.09639858278900548
2014-03-22 01:00:00,DEHM_BD,1.2842557371924248,1.4044403888597858,1.4235230722258962,2.582972905994525,2.007720231883287,3.252580282538164,3.1027417012559853,0.27425473725490257,0.37478651347719033,0.9081769035202654,0.09850240760813306
2014-03-22 02:00:00,DEHM_BD,1.6134543899936633,1.357005737672142,1.6678429498921497,2.0981007840171464,2.539402426839766,3.341211787041481,3.1140767733415355,0.5696216278501598,0.5329511073232535,1.3993835350694788,0.105857801035482
2014-03-22 03:00:00,DEHM_BD,2.0038183294637193,1.8137752289903348,2.13390720568838,1.6316687855820435,2.917745166600595,2.9774084937097465,2.5265042593803946,0.8596693567880989,0.8893097029041499,1.926084846008867,0.11246209372677084
2014-03-22 04:00:00,DEHM_BD,2.5557167084665036,2.519822388696335,2.8100353740796633,1.4327312847879203,2.810540096161512,2.3781182960132967,1.8950028984333278,0.8937287469805776,1.2402253901155293,2.2855743797916546,0.12929074663186607
2014-03-22 05:00:00,DEHM_BD,3.447443976669805,3.341334689701907,3.4372243159271028,1.3420871468551896,2.551041923314717,2.1577636299486005,1.585574988260963,0.8446658082903922,1.3731400999572874,2.680475609851554,0.14020496624640758
2014-03-22 06:00:00,DEHM_BD,3.3878030819020326,4.17305792002609,3.9168066696653705,1.6755066063167097,2.1844020042900927,2.1335595806316476,1.5878810797324339,0.8147697192867098,1.2434762483391162,2.9850832335156015,0.14494340852207963
2014-03-22 07:00:00,DEHM_BD,2.968964940035684,4.4332174531136,4.345390285236576,1.9103810664666903,1.464912973361495,1.7756218735915656,1.7824725576256681,0.7693465898618101,1.3651673149797319,2.894153077438306,0.13956798761738448
2014-03-22 08:00:00,DEHM_BD,2.515743115063298,4.554955287156698,4.0314997683805585,1.515265194744613,0.9196788908574265,1.2080308129983524,1.475176585835396,0.5954500268679856,1.9948310757761074,2.4324686123214243,0.15189789219193156
2014-03-22 09:00:00,DEHM_BD,1.7732033004791916,3.9884806589135438,2.8815264570509194,1.1079525965722739,0.5461419600620911,0.8882548565355914,1.117557951614022,0.37590713210061183,2.7380719853774274,1.725744550310725,0.16402486725452808
2014-03-22 10:00:00,DEHM_BD,1.371005392901092,3.4416667684207143,3.0321332316954734,0.8495460591212548,0.2634245402210018,0.709815924128011,1.0165014031906572,0.36294010205984106,3.0889436641291717,1.4741123266715335,0.22069495295065905
2014-03-22 11:00:00,DEHM_BD,1.394909169795045,3.329566427823764,3.3798273727973296,0.7480733134807006,0.1618394214773922,0.5515023244019038,0.9753534163498792,0.9363994274291396,2.8632565213700945,1.4707500512106237,0.30194865472753524
2014-03-22 12:00:00,DEHM_BD,2.5938197524263478,3.404358240053805,2.4509734083745953,0.7036448080525849,0.16019047010751433,0.44028170994455795,0.6731564803169056,1.8307151103597876,2.2185528430515156,1.827847153265167,0.4314626492435483
2014-03-22 13:00:00,DEHM_BD,3.3388476620617253,3.3376802534816608,1.1279019784172752,0.5201653552349508,0.16503778842648464,0.3482277177076599,0.46875094381959515,1.653852700675428,1.5579425744408928,2.630334828054841,0.5786333706905599
2014-03-22 14:00:00,DEHM_BD,3.0759003159905265,2.532687810468586,0.9375936951545409,0.3678442913780999,0.19285121058253557,0.2774783233875059,0.5038505299092819,1.2476147523967176,1.3798634088340123,2.7717253758532707,0.6648352478443504
2014-03-22 15:00:00,DEHM_BD,3.0207279570991536,1.4352979811713955,0.2888977223417569,0.4393666007342253,0.27504772213798,0.30429378574041055,0.5402381096269722,0.6945892545318604,1.7992607986170799,2.937306612164164,0.6813327386391058
2014-03-22 16:00:00,DEHM_BD,2.6446377520831916,0.7370036672544358,0.11774465893560772,0.46723672337416366,0.30067999712308857,0.37058909567881193,0.4715717365291837,0.18183609246510996,2.653798504650399,3.0154587491490075,0.6744270412602718
2014-03-22 17:00:00,DEHM_BD,2.5456597311784193,0.6945653512694272,0.17469791837834683,0.5059871540355954,0.24385750816860235,0.4794085026651358,0.3802130667952378,0.11806409613322455,3.017647510195578,2.678302738473033,0.6834288803306133
2014-03-22 18:00:00,DEHM_BD,2.481598087072341,0.4471533246151673,0.32898231178864185,0.65583525503714,0.2416086779800335,0.6467156717030591,0.3985510285881075,0.10916298108709965,3.079132938043477,2.4765953747593104,0.6978874742682353
2014-03-22 19:00:00,DEHM_BD,2.433728778412105,0.3824648156342246,0.49143634594702745,0.8394764063653193,0.2837144243610184,0.8822496121158858,0.6138231849445686,0.09576539589520525,3.102289115221698,2.557776820705868,0.75540421502229
2014-03-22 20:00:00,DEHM_BD,2.2383921547254655,0.45768143685458584,0.6307007643385476,1.0089773288100004,0.31313408439075563,1.1005906173697206,1.0037437259932636,0.09961576882610082,2.9796624094351856,2.6638659029439835,0.8518169118888975
2014-03-22 21:00:00,DEHM_BD,2.16619453944995,0.5576727826446211,0.7690521322129953,1.2099840592189999,0.3373465959619078,1.2812801287168885,1.3969625448314544,0.11039149841481802,2.5579190077368565,2.69417946518574,0.9270708873798733
2014-03-22 22:00:00,DEHM_BD,2.2058994785786616,0.6919027162205204,0.9013807801232663,1.3974132248850044,0.3635580362189188,1.3615050882153619,1.8734705455297156,0.11648171004049457,2.082128175632273,2.7887413835563044,0.9483503795850807
2014-03-22 23:00:00,DEHM_BD,2.0523375187678043,0.8251121380521753,0.9541781810056498,1.5941906521340508,0.3882599397920071,1.3195148859025316,2.084252572186269,0.11228193060759437,1.821937232855031,2.8526054895050077,0.9243517476846688
2014-03-23 00:00:00,DEHM_BD,1.8708132010924645,0.8802059843134413,0.9183334058041273,1.7564733587625525,0.5050719877786003,1.278906985701108,1.875815632387872,0.10466178826343259,1.6533137682614754,2.978783389766766,0.912760252108333
2014-03-23 01:00:00,DEHM_BD,1.7839647879726905,0.8386232261996227,0.8951049673695594,1.850432572948565,0.7271266177911031,1.2810451628886363,1.7500694814513766,0.09299048461566667,1.40089636106635,2.968311286128843,0.9729962286824535
2014-03-23 02:00:00,DEHM_BD,1.7992783803503214,0.8126881688160379,0.9477334730987087,1.9095451182516694,0.9556897072842903,1.3412577325795327,1.770021629481843,0.08952216099832078,1.1606842817776122,2.632040976902694,1.1587885746407052
2014-03-23 03:00:00,DEHM_BD,1.8379241597687825,0.8469349089165568,0.9066685116444015,1.8590945064954314,1.162393089871765,1.4386859348427994,1.7940936595104195,0.12685208220774746,0.9990375811229925,2.1274463760824034,1.4189005677907518
2014-03-23 04:00:00,DEHM_BD,1.9952790389584936,0.9243449476487248,0.9533098523672483,1.4252770509964783,1.318390819377238,1.4779029433168704,1.7551275732636415,0.19050706453962235,0.9770598006075807,1.8945554392276704,1.7132272708705603
2014-03-23 05:00:00,DEHM_BD,2.274641816439489,1.0865194812186447,0.9165762614007598,1.3654588598577653,1.2829655001979228,1.596886814040318,1.6849673195745165,0.25166974847051304,1.0242616301530971,1.943838754157396,1.9070450937015564
2014-03-23 06:00:00,DEHM_BD,2.6123774652755354,1.0845083059736795,0.7231308887346437,1.3501988049535034,1.2216359372684171,1.6544180629743053,1.6501169600563659,0.31509791105479,1.0541282902029343,2.195394797906047,1.7930002944313177
2014-03-23 07:00:00,DEHM_BD,3.278354813333228,0.9941050105707772,0.4694210952440774,1.2300336495280493,1.1345855946744046,1.5560788401033816,1.6292885891315108,0.35321474254019547,0.9861228549850265,2.361659781909696,1.5062333519604427
2014-03-23 08:00:00,DEHM_BD,3.749041509760888,0.8269891189562995,0.3730863629678223,1.136681105436277,1.0323656601969107,1.3991379979757044,1.5850028287286906,0.3097384723545983,0.9136050227860779,2.737650928293332,1.2143823158349003
2014-03-23 09:00:00,DEHM_BD,3.3615897609379304,0.6457493729323892,0.3342318711586785,1.182269892308476,0.9832720940023194,1.2576061166704173,1.5890721692414898,0.2163927770639955,0.9100473981682817,3.1767292977296613,0.9528638558281772
2014-03-23 10:00:00,DEHM_BD,2.9881032241866152,0.5135330612353206,0.39156336861583396,1.2837370214541493,0.9718966886384413,1.1185032280375011,1.5292851591571075,0.14527203640809266,0.9865121603345779,3.1860044486098364,0.7454685555355902
2014-03-23 11:00:00,DEHM_BD,2.4798111948382755,0.5095231533578334,0.5408296629813406,1.3996874545350222,0.9826055310904607,1.0177807057672483,1.4626096554756005,0.111328271428258,1.082092145625637,2.984683099623673,0.5888689842616952
2014-03-23 12:00:00,DEHM_BD,1.8732683937285075,0.3551122938733803,0.5627134688101639,1.5049164526980932,1.0195810736046174,0.8339313204429508,1.3599889521593387,0.1030454824407677,1.1553664146651885,2.524466802391894,0.487532183163897
2014-03-23 13:00:00,DEHM_BD,1.6211784312688335,0.3595182272949832,0.4875975727768939,1.591923358618386,1.0320326262801094,0.6432384156180637,1.217898014729673,0.10289457636091844,1.1311675321752253,2.2921714290767534,0.45174196362503327
2014-03-23 14:00:00,DEHM_BD,1.5277961018528252,0.5064535966829302,0.37061700055053803,1.5478965633911992,1.0051674411574518,0.589559824441513,1.0298057054575365,0.10035197218220204,1.036992457156484,2.3866496587864687,0.4579954394911158
2014-03-23 15:00:00,DEHM_BD,1.4784210426689952,0.47771008082184785,0.24817202559469725,1.2108072380926247,0.9772552544447641,0.6032939407350983,0.8507928067059934,0.09751730693853904,0.8098680008355248,2.388112328468446,0.5114924202775886
2014-03-23 16:00:00,DEHM_BD,1.3291519853822713,0.5068283086703599,0.2331506256631202,0.8001651643647194,0.9611348202743566,0.6984592488544663,0.7391854365978549,0.09385069554761039,0.6932993359881103,2.3736930936014438,0.6048566112907322
2014-03-23 17:00:00,DEHM_BD,1.1896894918277154,0.5238215494293872,0.22257083757247123,0.6775274719247859,0.8849204728807881,0.8368655791852029,0.7386217874712087,0.08665588576569201,0.6971044363908541,2.430303144279961,0.7351729602408594
2014-03-23 18:00:00,DEHM_BD,1.2169937107610749,0.472000387797706,0.2350687520892698,0.8787539759652986,0.7663417905024345,1.040248056400753,0.861337131841384,0.07772836339311662,0.780529829463068,2.5127765312418164,0.8807572720746135
2014-03-23 19:00:00,DEHM_BD,1.2815946802507667,0.4099494087781812,0.2417049644134964,1.2334354143978208,0.7415373177746682,1.2408586636607533,1.16812782826525,0.07173050509172486,0.8491546143886399,2.624729043588325,0.9542314271824154
2014-03-23 20:00:00,DEHM_BD,1.2805859282973955,0.4396231555813075,0.24790451586801807,1.564254613775442,0.7343736627820785,1.368830083770997,1.5735887250640233,0.06791895099767936,0.7504906586060347,2.3782052478051554,0.9596006094693741
2014-03-23 21:00:00,DEHM_BD,1.1177888599599806,0.46629763976324023,0.24651161433641527,1.8729253405055168,0.568311270586392,1.388336583009388,1.8745210292433587,0.06655644948366089,0.7324822838582843,2.1814561376766206,0.9500736721162427
2014-03-23 22:00:00,DEHM_BD,1.0628202258487651,0.468761755628659,0.2339408998270507,2.2383409450564575,0.4412176829433626,1.3730694198556106,1.9376264906047402,0.06669266535377573,0.7853785864931903,2.177953276888188,0.9320864228533906
2014-03-23 23:00:00,DEHM_BD,1.0137273750702152,0.4061368788397195,0.22394418532441118,2.5027263408528597,0.3576726375911012,1.31162907115347,2.0040104314473015,0.06691530286031767,0.8415474794990289,2.0536171731970505,0.9208819736691727
2014-03-24 00:00:00,DEHM_BD,1.0048543407509476,0.3356202577109179,0.21071092456944274,2.2886522455751233,0.29232645178040945,1.101605007730286,2.0705343039135298,0.06572335593937598,0.881915420976961,2.0312199918935514,0.9097421497160406
2014-03-24 01:00:00,DEHM_BD,1.0100487757573182,0.2941772985969576,0.2098595355543842,2.2267091676951365,0.24710470290974706,0.901379262424957,1.9683104196059495,0.06296580163248694,0.8815332758632488,1.942162356856477,0.9009706192287895
2014-03-24 02:00:00,DEHM_BD,1.0536148894945252,0.2826501950608134,0.2239856018032505,2.3165535776573427,0.23108950940767528,0.7697134924089416,1.6511034340275679,0.06039339751053811,0.8305105360316858,1.763256337207609,0.8726704137590224
2014-03-24 03:00:00,DEHM_BD,1.0445003363636811,0.293595909166485,0.23069550673477815,2.2743523101217735,0.22655899788535422,0.6526853835007411,1.2764319454802044,0.05901053496257158,0.79887409355239,1.5711319428079482,0.8143130555406399
2014-03-24 04:00:00,DEHM_BD,1.0149451230305595,0.2990981671131505,0.22641338826605328,2.047670254355954,0.23828195397583396,0.5067884011724497,1.067778347679064,0.05992459037543148,0.7707971916596218,1.426761850906501,0.7341306735100664
2014-03-24 05:00:00,DEHM_BD,0.925309524396155,0.31390679185898906,0.23810781756043892,1.662327938282401,0.25000257629116296,0.42099652783322583,0.960791340825971,0.06139926381734183,0.7265106314277088,1.3402506056604744,0.6317143489582906
2014-03-24 06:00:00,DEHM_BD,0.8288728395628044,0.29632035472232143,0.23942721600877348,1.3050393425722868,0.26373902310643915,0.4246524917860254,0.8236780262014545,0.06131176677856817,0.6576828387086558,1.2569546282865107,0.49525133232234486
2014-03-24 07:00:00,DEHM_BD,0.6713754051746845,0.2516622953628504,0.20678398903925893,0.9609663328323502,0.22166303148269884,0.3749057708415421,0.5485310919662075,0.0683605378123791,0.5538454382435883,1.1513515730836463,0.3895632084478391
2014-03-24 08:00:00,DEHM_BD,0.53609919745645,0.2157334167865162,0.1757077103904412,0.7231393694373434,0.18538973874836678,0.3095593452866503,0.4512776962707208,0.07054251269120243,0.46366176787180824,1.1036545341423047,0.3177834563768631
2014-03-24 09:00:00,DEHM_BD,0.4971407247886479,0.2047474124817381,0.1517961868913361,0.627089267204361,0.18869209090988603,0.24968369532304568,0.4104233057483722,0.06640586312315405,0.41282788116769864,1.0511515076835045,0.27174623865895436
2014-03-24 10:00:00,DEHM_BD,0.48341362610507627,0.19217928653789906,0.1117332941694252,0.6128268095301365,0.21602642806031735,0.24902751312383437,0.4384695680484475,0.06250387112124339,0.3823207515088234,1.031733638632995,0.23377538594407488
2014-03-24 11:00:00,DEHM_BD,0.46760987500490375,0.18719843710068834,0.08846448388641398,0.6289490461239465,0.2594989190196849,0.31116402201725035,0.5154826212241154,0.061202682487929504,0.3703286184068675,0.9499124339099019,0.20178862750415566
2014-03-24 12:00:00,DEHM_BD,0.4523335795524156,0.18026285714763784,0.09447963394454437,0.6740946415686366,0.31050271346081515,0.4217810853019588,0.524610636627276,0.06362652865665011,0.3665935804489021,0.8739499815551833,0.17486449615574085
2014-03-24 13:00:00,DEHM_BD,0.4498283260801782,0.155651333692505,0.06946350473806313,0.7216509840675132,0.3456318665887042,0.4761210263202327,0.5246956215870423,0.06615779291722734,0.3627022745361412,0.6611501639355164,0.1480906021241993
2014-03-24 14:00:00,DEHM_BD,0.44214994707525,0.13190305714386558,0.09321459734201593,0.7553160044293691,0.3581382609004479,0.5283743517869867,0.5000016491127348,0.07490094337223097,0.35281220637785493,0.4545484593059797,0.12377013302972886
2014-03-24 15:00:00,DEHM_BD,0.42572657780085565,0.12492932132198459,0.1195987354801828,0.7654762709256477,0.3531005741873149,0.5771928075907896,0.5031024651105553,0.11073955181395964,0.34018729355220667,0.5798927082330256,0.09837513189110408
2014-03-24 16:00:00,DEHM_BD,0.4119192103004478,0.12241962672991676,0.13947137234874202,0.7411148758287173,0.33837757827352255,0.5908506386123612,0.5234406877765837,0.1768475923221534,0.31646471048461267,0.4966736442514195,0.08030333350701419
2014-03-24 17:00:00,DEHM_BD,0.41684808874063417,0.21300240558302413,0.1948110989265699,0.7268297154598518,0.3510164891417277,0.5960119082665338,0.5851076921185984,0.2204099582717392,0.2889465592900988,0.44043151497247507,0.07240474100890794
2014-03-24 18:00:00,DEHM_BD,0.44336097878919434,0.31829453651435824,0.28105773117242605,0.8661954853691883,0.39480932573037675,0.64127626718069,0.6777363950034433,0.211869675351133,0.2891089981095387,0.5310999610724064,0.0673345548543813
2014-03-24 19:00:00,DEHM_BD,0.49102167190312396,0.3848256884828166,0.41472824783020923,1.0598415245132873,0.5225518061303974,0.6485756150895864,0.7827036518492456,0.179158878104585,0.3070375940874963,0.5607453336501075,0.06254356382713765
2014-03-24 20:00:00,DEHM_BD,0.5057125752716325,0.7086206453035653,0.5213142453639642,1.2666243687159013,0.6837561395152775,0.6755380894174681,0.946802323261825,0.17002997646793738,0.4056828991723943,0.47987621868722125,0.06064990045220164
2014-03-24 21:00:00,DEHM_BD,0.5384390597710618,0.8325185798471333,0.5580217736461334,1.5083447149539975,0.8498058179998537,0.7863276703474644,1.1742691191637107,0.17202915211688077,0.5108114303497038,0.270240491004791,0.06450627395887497
2014-03-24 22:00:00,DEHM_BD,0.8276887670812464,0.8332495091976022,0.5535267181162505,1.6747868035567446,0.9955927496972713,0.9974248947251374,1.4362019477919887,0.1723670209214358,0.5478814133734534,0.2407412813368811,0.06819988460320217
2014-03-24 23:00:00,DEHM_BD,0.7272874341781355,0.5853219995805155,0.6034101082923916,1.8411910582437914,1.089530534764038,1.2261485094870146,1.6641755172457842,0.17158713152619065,0.5385221069565787,0.32944061506720257,0.06948794662075038
2014-03-25 00:00:00,DEHM_BD,0.5860428048274561,0.4995507989310496,0.8120577083242817,2.0763140489279044,1.08111954741608,1.4805649366067366,1.8683210041922094,0.18081721235648768,0.511427715306524,0.4154753230171836,0.07144161131339655
2014-03-25 01:00:00,DEHM_BD,0.6028987459322623,0.7802803715096739,1.1112347232513358,2.3491363169279094,1.2756042101690617,1.7064734539052258,2.0542861749915353,0.16695073735103821,0.48089752457833024,0.44578252221576853,0.07308596750520133
2014-03-25 02:00:00,DEHM_BD,0.6576664403719269,1.36063865559964,1.4765692615225492,2.67307568674105,1.6464683868582766,1.9510368525381416,2.2658491239851135,0.13844855299672387,0.4661567357109666,0.5137297487682009,0.07368283616774932
2014-03-25 03:00:00,DEHM_BD,0.6800785666215978,1.5836813002434398,0.8891357355780696,3.1719084252371386,1.884673623294176,2.327046985752296,2.5230685483495607,0.11318860923102758,0.4411204670769127,0.5910789307340676,0.07218591263648122
2014-03-25 04:00:00,DEHM_BD,0.7224735310783981,1.4393520692126827,0.646452006564419,3.9103265807154486,2.0813721659140327,2.7748090061759236,2.75983774523586,0.10569198239196084,0.411671936342219,0.6336951128252595,0.07031096034783135
2014-03-25 05:00:00,DEHM_BD,0.7589164940040092,0.9303942804794757,1.2005491874196599,4.814020590121988,2.442272175353627,3.1923735348387186,2.8717016343889954,0.10589103604042185,0.3285081920249293,0.637375415311607,0.07033226429192337
2014-03-25 06:00:00,DEHM_BD,0.6501152242986671,0.9308595618044211,1.5218919819004624,5.023812043887927,2.8629446668144563,3.457886492220199,2.7624113232075302,0.1093248061934903,0.22668189899132576,0.5821641313065611,0.07375047413746584
2014-03-25 07:00:00,DEHM_BD,0.5225505696256785,0.8747210637798299,1.550934652385814,4.822993695182593,3.439221121372066,3.8065099861399916,2.7537743079778565,0.11327211290634685,0.16240716125307125,0.5398074640067869,0.08086167939974448
2014-03-25 08:00:00,DEHM_BD,0.5115799646252975,0.7300861174123536,1.2547904042690783,4.72394925387134,4.037439911541356,4.279084997981145,2.9275994803406262,0.11597879465599059,0.1633857130617205,0.5644619615240248,0.09066887714672588
2014-03-25 09:00:00,DEHM_BD,0.47058105795693805,0.5670935560063761,1.1202037022079039,4.368865523076177,4.488993469398338,4.3794642098653584,3.028393356359497,0.13557875712753964,0.18868354014344738,0.5457723080023994,0.09807306973492244
2014-03-25 10:00:00,DEHM_BD,0.3963615507285366,0.4313041432835598,0.9553783765681004,3.4675154463161464,4.357055412677808,3.495331937999673,2.4633899262560117,0.1698975746693007,0.15697345777671312,0.4322490933340682,0.1020204591564321
2014-03-25 11:00:00,DEHM_BD,0.3194038790089263,0.36003095551231346,0.8127645781057247,2.4822901393623984,3.663563801940477,2.7087781199749825,1.7220635123406571,0.20911007301048828,0.09262742111916589,0.30668278233682955,0.10598806242086452
2014-03-25 12:00:00,DEHM_BD,0.26539932804259225,0.28571470942909,0.5420206778021266,1.9935655350145445,3.2398856223776518,2.3777866357999313,1.6135752583472183,0.2519735283091104,0.08549292121372376,0.2245074509106063,0.11553749970342017
2014-03-25 13:00:00,DEHM_BD,0.1774942377407498,0.24287549567508906,0.4284110806413701,1.7253696143620445,2.852997189107823,2.052165123285846,1.5581257041084116,0.2691346268642017,0.0775199164830572,0.20186680282725009,0.12581251013995137
2014-03-25 14:00:00,DEHM_BD,0.11533790691259763,0.23041382621851159,0.43264039644623753,1.569206900873369,2.5424653795816843,1.7564754831231737,1.490528203684555,0.2514704911399119,0.06588892495534089,0.18523693572001518,0.13271783299115236
2014-03-25 15:00:00,DEHM_BD,0.08398399572508633,0.14824550831174466,0.41454613748276314,1.5066340023887943,2.351749589607334,1.4343378217048648,1.3838129501119807,0.23557916219951347,0.05820042697626215,0.14447700783424064,0.13629795794397698
2014-03-25 16:00:00,DEHM_BD,0.07769929561649903,0.14605676877080542,0.32542180164509615,1.346559792428897,2.0354932236696035,1.2939386055007776,1.270319669471295,0.2265969959678391,0.06291483898913018,0.1400660110750234,0.1360864147020723
2014-03-25 17:00:00,DEHM_BD,0.09213223059254691,0.17308164883564625,0.2830032501058808,1.2705787459226014,1.5268667678889933,1.208971603071785,1.265054566513562,0.16937617483717782,0.08002933088273467,0.10023307763043782,0.1251555337469506
2014-03-25 18:00:00,DEHM_BD,0.10213561304021605,0.1385180964649843,0.21406638615533663,1.385328723428231,1.2451784750846482,1.2348170302168326,1.4118802216849973,0.12422469533718515,0.08975321887399867,0.11346237936451084,0.10408159103841018
2014-03-25 19:00:00,DEHM_BD,0.11036981397338196,0.09318532018970313,0.16394814159928128,1.621885840271116,1.271447978964946,1.4449911506293294,1.5242551284274242,0.11186046055465909,0.13211792878339054,0.1175671949726341,0.10311264038703213
2014-03-25 20:00:00,DEHM_BD,0.11382586228553186,0.09834014560659397,0.16788676639597994,1.7171953828106847,1.4439418750119593,1.808698673961005,1.535986983221735,0.11784286649792311,0.15464318279648187,0.13409437576610586,0.11536265178778629
2014-03-25 21:00:00,DEHM_BD,0.13807082443792365,0.11605323548146046,0.20600768439185735,1.8052538737438524,2.204152378419104,2.168265113741702,2.1198459613042946,0.12393756826863064,0.15722741355679914,0.20229712959755203,0.12916346947958218
2014-03-25 22:00:00,DEHM_BD,0.21427016980737437,0.13224479743656686,0.1919871598955482,2.2905649008131395,2.905993202719709,3.1371322096203715,3.0601276705153264,0.12948649953226393,0.16647701951047394,0.2821002481135725,0.161793623806682
2014-03-25 23:00:00,DEHM_BD,0.31777398639142507,0.1385437866904119,0.139000695119124,3.0091485538106313,2.925723122741649,3.731198870299687,3.311098160971909,0.13756995869961194,0.18995997690059233,0.3211969150659441,0.20760745700914046
2014-03-26 00:00:00,DEHM_BD,0.37715779684491446,0.1686812118113691,0.13452064701633049,3.2443927324287554,2.816265628007062,3.6249053051604716,3.1024402869784993,0.14775856677803192,0.2509017364572592,0.2685654296591876,0.23613268284081604
2014-03-26 01:00:00,DEHM_BD,0.3212919082322715,0.27276743559798217,0.2005050836625275,3.17274749903602,2.7086536184298224,3.199381425422826,2.4234327668902194,0.16150696914464224,0.3351646408627413,0.13439375126536923,0.243293236003256
2014-03-26 02:00:00,DEHM_BD,0.1836004458792506,0.39092081903605713,0.3116400593073851,2.7431794384100545,2.3578022079927266,2.609255911977215,1.9394149717743798,0.18882640662118783,0.477137921313308,0.1195387596594168,0.2523029064046344
2014-03-26 03:00:00,DEHM_BD,0.13702721190053962,0.48198508187829503,0.4341477949854824,2.327735445877678,1.7000130179862678,2.320930098854099,1.7383105633608793,0.21436392027273754,0.6676414757750182,0.16293361857175817,0.2533099005510191
2014-03-26 04:00:00,DEHM_BD,0.16703498630605626,0.3940698629767633,0.5534988105417578,2.0210518625380933,1.29816210553525,1.9590304738158826,1.7308573811662942,0.2064825180009751,0.7638788182908296,0.16116458707887665,0.24819065425172207
2014-03-26 05:00:00,DEHM_BD,0.19372005752675223,0.21515109656439155,0.5683649496327421,1.7791229446317138,1.0979023975275597,1.5276777748356876,1.7164808825354552,0.20921734602995204,0.7283759752830304,0.1998603563528693,0.23576086352250883
2014-03-26 06:00:00,DEHM_BD,0.24088899188023982,0.1344534641513227,0.3908675015725381,1.7028760688025533,1.0309627471866785,1.251617907191214,1.447333516622851,0.2520973177564143,0.6225293081027827,0.23248125997731453,0.2047185962959716
2014-03-26 07:00:00,DEHM_BD,0.22495350268083142,0.12668251610993392,0.2114065275387838,1.702653110722312,0.953124122527032,1.075448995694586,1.1728375330832823,0.2762863194274528,0.5029815453510358,0.2187839367626699,0.17503941666366518
2014-03-26 08:00:00,DEHM_BD,0.2366428337082125,0.15797168010906773,0.16138248162733138,1.5780515305307465,0.7320335621277778,0.9548057722869612,1.0813483972883002,0.28974917942058287,0.4128632431901804,0.21811302003072333,0.16379078177958709
2014-03-26 09:00:00,DEHM_BD,0.23597614602572517,0.18680060461327647,0.20235518818962603,1.4340089522936625,0.5087980436838535,0.8840403812878579,1.0304837251165273,0.29395378246631465,0.3815654340311139,0.2326727727092079,0.17227691672192863
2014-03-26 10:00:00,DEHM_BD,0.2744077801418,0.2048574927065857,0.24605524634670214,1.3425126155007396,0.3853481894623395,0.814470545937785,1.0280390361816927,0.28780292164854704,0.3857766104126347,0.2693377775078848,0.19314541844791722
2014-03-26 11:00:00,DEHM_BD,0.32246413098193455,0.22730842411476637,0.289880957445902,1.325434712081619,0.3247597349331992,0.7747428639747591,1.058465932866809,0.2842896348061411,0.4016597708206995,0.32330102219879153,0.22038701983284192
2014-03-26 12:00:00,DEHM_BD,0.38831327824767964,0.2474247017132711,0.4055601700122239,1.3989854799055876,0.3163833508524857,0.8364588801472297,1.134025576820298,0.27071721222057926,0.3997575822625682,0.3685729886844567,0.2464761760366893
2014-03-26 13:00:00,DEHM_BD,0.42027313526669685,0.26009862144819285,0.41303853447606026,1.4548143103545617,0.34932688091123476,0.932497411129836,1.1668130369268597,0.23667211805999278,0.4130181868745013,0.3907211348031553,0.2568521966595388
2014-03-26 14:00:00,DEHM_BD,0.471554577754393,0.3172176284146337,0.39216700834817464,1.4703100612418523,0.40307555631435,1.0504257560919101,1.211545344404695,0.200906758753918,0.41787085022291626,0.3758541850655385,0.2549246631116839
2014-03-26 15:00:00,DEHM_BD,0.44385451990643915,0.43650155956837816,0.36745549683581785,1.5901683887383644,0.48519786346818317,1.1163605831814325,1.2991701149165436,0.1774696063547954,0.4045747678274543,0.37023213800364163,0.24454388933024346
2014-03-26 16:00:00,DEHM_BD,0.5044417922645077,0.5217238965379956,0.3747481874079496,1.756029740029836,0.5749396360738667,1.1304073121332596,1.3641478499160162,0.16130860811211156,0.4074131837842636,0.35164345315004053,0.2262339067953242
2014-03-26 17:00:00,DEHM_BD,0.6186064866161246,0.5497303215117735,0.43318017229061145,1.8711076350792601,0.6806801225342788,1.0933006374930039,1.4229469464836444,0.14767210137091571,0.4076466265951064,0.4193258577257386,0.21607664659871595
2014-03-26 18:00:00,DEHM_BD,0.6761879632318556,0.6064127992255901,0.5260978505750742,1.992939176571607,0.9205429236989258,1.244946889201296,1.6662973039114681,0.14213279938012344,0.38542625234688627,0.5211439557694517,0.22851118813919596
2014-03-26 19:00:00,DEHM_BD,0.6709941957284999,0.7388500061753936,0.7223592045729421,2.319344864194648,1.2701482616119053,1.4844896200752908,2.002482947430642,0.14645037581820028,0.4274965183726418,0.6356483853842636,0.2474949390078009
2014-03-26 20:00:00,DEHM_BD,0.7001934433897555,0.921734878032924,0.9211575439396833,2.878161273630919,1.5895785002327427,1.8670288556598746,2.3540202754231716,0.16179238165587176,0.4501748388321697,0.7349966376121532,0.27263669666484114
2014-03-26 21:00:00,DEHM_BD,0.7601072560182114,1.1440306239225424,1.071691754182207,2.941271839424267,1.8956087525908265,2.348608910818634,3.0883905855922213,0.18986293355382966,0.4212610644838771,0.8654835451895508,0.30654246386639356
2014-03-26 22:00:00,DEHM_BD,0.8228329710606128,1.3139021310319183,1.1863613988763506,3.524161626664653,2.440262535146399,2.9053899050230103,3.563143933973955,0.22005297270052118,0.4308358817589003,1.041929292095849,0.34185515173269365
2014-03-26 23:00:00,DEHM_BD,0.8895552086887636,1.4229427716363623,1.3100969778370373,4.230046719042211,3.115882761113866,3.630556706283524,4.1856416641159075,0.24760604210067522,0.4406354879665095,1.2166191083770115,0.35891296678716955
2014-03-27 00:00:00,DEHM_BD,1.0108672243598407,1.5245774434955577,1.537228642386283,4.3883225098158585,4.011955298435781,4.513181595122153,4.4629096998986455,0.2784912283525709,0.4425668736802367,1.1307214295232995,0.36366141030725674
2014-03-27 01:00:00,DEHM_BD,1.1411493420676944,1.6011355237363207,1.8493107743692514,4.2629071640001195,5.05954905478051,4.969292429645418,4.471694240585824,0.2928409534873533,0.4601706516430713,0.7233393775556561,0.36657627644853874
2014-03-27 02:00:00,DEHM_BD,1.0482714331584895,1.3126383459819015,1.9971328364670802,4.038400481498336,5.2710980116856,5.039977039853227,4.278501921408281,0.2894983248697919,0.5284568887617741,0.5961053639097231,0.3686964509260078
2014-03-27 03:00:00,DEHM_BD,0.7120619868646816,1.017686244183518,1.8810845182044702,3.9318783198101968,5.114894781330025,4.894268859631531,4.168541518344106,0.29904409860086606,0.6693989433140772,0.5328170455026624,0.3751048651043185
2014-03-27 04:00:00,DEHM_BD,0.6948718849808257,1.1535809577032736,1.7637708739345566,3.9358167505627004,4.813873776585697,4.690537092741891,4.153718020351194,0.30779150976399877,0.7959786321154678,0.4810134263868675,0.3929497254490548
2014-03-27 05:00:00,DEHM_BD,0.6717154496508976,0.8506832230631565,1.3190976981318556,3.9272488340179,4.590767754572437,4.575171497760342,4.071155271272705,0.29930448297659856,0.845493019246452,0.44163372027499115,0.410933373088357
2014-03-27 06:00:00,DEHM_BD,0.5596058648215373,0.705995557411448,1.4196214303313848,3.7156139388244918,4.3756304447396595,4.326478401378515,4.030953880135659,0.29189732918734185,0.7678832694166038,0.4841680188665608,0.41254585282461004
2014-03-27 07:00:00,DEHM_BD,0.5424855420293797,0.6683268843678174,1.1756398125819023,3.50632816545513,3.9935695426410622,3.9191354820685502,3.8549526280646393,0.31341564176743836,0.6969421937887184,0.6261874121441376,0.4114087708966573
2014-03-27 08:00:00,DEHM_BD,0.557883225375039,0.7332051118167908,0.9572281856883516,3.432810448455305,3.9069060489737684,3.8022343920034305,3.6968670793784084,0.32408170244375234,0.7503128494656085,0.6966793128526385,0.42835390568087794
2014-03-27 09:00:00,DEHM_BD,0.6350721744106058,0.6919846011721179,1.0200132917959912,3.4995878256572626,3.9247222032886864,3.8038658553215967,3.7259466427989016,0.3353390718586742,0.8872631276825442,0.6851406145281542,0.4389636934055854
2014-03-27 10:00:00,DEHM_BD,0.7412160905698709,0.7375953794264186,0.8639128657935111,3.508962127125323,4.052091455437686,3.928856722694684,3.84328179068,0.3664969765004886,0.9660152310296147,0.7639806375704041,0.4484332921565138
2014-03-27 11:00:00,DEHM_BD,0.7366052717069838,0.7763488899549864,0.8845642210791829,3.496431163881978,4.211155750889909,4.133588533104652,3.9903605858776254,0.4159634972412139,1.0291048555674032,0.961702129229775,0.44969385611861945
2014-03-27 12:00:00,DEHM_BD,0.7470613264660444,0.8245071158322715,0.9461287510569878,3.4531074370002304,4.39720047499564,4.07034192493713,3.9610517963140457,0.48858395192742327,1.0674032968905753,1.155849025468025,0.43482029697236585
2014-03-27 13:00:00,DEHM_BD,0.8411648984820639,0.7698901828445017,0.9317834590119438,3.207818361657082,4.546880013998514,3.9376630580946705,3.7100400908493603,0.5571041954196988,1.1113239799999817,1.4194727308008606,0.4084244563235341
2014-03-27 14:00:00,DEHM_BD,1.0067378757376257,0.743481570944916,0.9335102397529329,2.8338546779009315,4.598331286813316,3.7883791798125666,3.7949680370403116,0.5602000018439814,1.1129394260806962,1.73646326078789,0.3749729757839091
2014-03-27 15:00:00,DEHM_BD,1.2035023412704204,0.8021583923120064,0.9168953206988923,2.6328680972321967,4.370481249226306,3.731160426892291,3.5604905442701726,0.5134653624120913,1.1164309011393367,1.9053899870741502,0.3233585158451994
2014-03-27 16:00:00,DEHM_BD,1.4014688681557608,0.8826901181119178,0.8954245203101543,2.618350149654916,4.182459670963437,3.680382500462418,3.542643829217979,0.4677769808137043,1.142180044607625,2.0593419143951466,0.27353108494337613
2014-03-27 17:00:00,DEHM_BD,1.6479782238270797,1.0110449307811078,0.9083658416400507,2.7136488342550016,4.02192374897358,3.7513467439261894,3.394385003240298,0.4430315303063111,1.191846023357897,2.243263106500524,0.23994743750580105
2014-03-27 18:00:00,DEHM_BD,1.8964127111318239,1.1746377996275779,1.0425466235099003,2.8691421285634786,3.9312919121428775,3.706721654439466,3.3262024229513707,0.41014919072222183,1.2911250805972516,2.4480118305776184,0.23641088711256686
2014-03-27 19:00:00,DEHM_BD,2.161281108095581,1.3559724559236201,1.1665937852712833,3.127208606041199,3.744851463446725,3.654202697808871,3.442817670995661,0.39409353822514404,1.357099441285953,2.486678883819776,0.231521100100865
2014-03-27 20:00:00,DEHM_BD,2.397307260953945,1.6129015717944748,1.3101108116812568,3.2313060405568304,3.6630296437161034,3.7321625330427155,3.5104978577287733,0.3971074843123694,1.3499430738370122,2.5225011213418655,0.21688766746107196
2014-03-27 21:00:00,DEHM_BD,2.5318270027877565,1.8647703508889615,1.456867011900985,3.34512264913975,3.7861360824883317,3.808903583327568,3.6038760528113585,0.435137107453969,1.3192737823688239,2.563626664278321,0.2004644988397339
2014-03-27 22:00:00,DEHM_BD,2.557651848379844,2.0614635785350464,1.623395012243341,3.4192960512637938,3.9188212724349323,3.914534362931127,3.628125120726918,0.5031653984366402,1.1623584634937347,2.5743893452307582,0.1841850111043124
2014-03-27 23:00:00,DEHM_BD,2.5484031588663507,2.2473816666909086,1.9100186433236404,3.5152651963606054,3.95419591407907,4.001973639580022,3.733176326472088,0.5591295865941233,1.0509965204615006,2.595017080479786,0.16820723536710755
2014-03-28 00:00:00,DEHM_BD,2.5207178769399787,2.449394301325272,2.172621687845828,3.6406425145883414,4.007557004738417,4.097178458645166,3.8478361237895284,0.6034203587538376,1.063793953218273,2.628098879385162,0.15527504161511435
2014-03-28 01:00:00,DEHM_BD,2.49565541243281,2.662112250889544,2.376588185367461,3.7740970850089886,4.058071343713563,4.19953694153817,4.002441301462632,0.6376618247969448,1.164976196598273,2.5993554736778695,0.15193763528115134
2014-03-28 02:00:00,DEHM_BD,2.4587102870355113,2.7774974994899653,2.5593408736757115,3.870643282343782,4.079572558074652,4.306142721313179,4.170945807193569,0.6819240539105236,1.2568737502980936,2.5615093809597473,0.15857167461545138
2014-03-28 03:00:00,DEHM_BD,2.4683882897413323,2.7756968102935793,2.7993672067425868,3.9284485241772664,4.151607159807421,4.427189780182019,4.287170366834411,0.72356232435666,1.3415982627360763,2.4854388870418997,0.17369529678533546
2014-03-28 04:00:00,DEHM_BD,2.4832300668017964,2.6779333093880906,3.0676166179759115,3.940835464735836,4.231304076753846,4.5158208986767425,4.340420194728913,0.7522305491410195,1.3884225227971456,2.3447705586927383,0.19567158236600674
2014-03-28 05:00:00,DEHM_BD,2.5136188811240596,2.4361419144704386,3.2347249817060004,3.897003606069399,4.299001621105769,4.5818259379468005,4.402832665474709,0.7659320519042014,1.3923408982837828,2.231527961142473,0.2203609632759983
2014-03-28 06:00:00,DEHM_BD,2.4934734492215678,2.1418505093104536,3.2650399022501144,3.6838787608043315,4.359707356781106,4.362346846771586,4.23586861320419,0.796634727636287,1.3109785025279292,2.1173067843578384,0.24949707145441422
2014-03-28 07:00:00,DEHM_BD,2.4235985841173635,1.9901412708550372,2.9893449276157784,3.3112938538305414,4.216067348589383,3.9088909615072933,3.837408244959869,0.7999867944986325,1.2226103816224447,2.024367594226599,0.2597433046560873
2014-03-28 08:00:00,DEHM_BD,2.4315742650671233,2.026735389257205,2.607832858285383,3.217216383809777,3.9934639150439737,3.723610043480457,3.7148644543974085,0.8056220820215111,1.1303183315393048,2.022725889598355,0.2599845813308329
2014-03-28 09:00:00,DEHM_BD,2.4470378564046786,2.1075146549727686,2.1685286835159876,3.3140317026174535,3.876804912602277,3.716970375386076,3.800107802408011,0.8148577063811568,1.0155892213091535,1.9090582909763278,0.2635908902432396
2014-03-28 10:00:00,DEHM_BD,2.421113283274895,2.172137865828101,2.120100355819309,3.5229823750829117,3.9383680864330337,3.901747978452584,4.015463956890225,0.7882809136285631,0.8793621590841002,1.858711133890897,0.26547526060975146
2014-03-28 11:00:00,DEHM_BD,2.47556179532242,2.226619326659133,2.271971406481621,3.6966549874667685,4.129476944879832,4.22334298254602,4.316722964068414,0.7378371259456873,0.7367441672718711,1.761336818718519,0.25404313613010093
2014-03-28 12:00:00,DEHM_BD,2.426428684553616,2.229890244147451,2.3866040455468203,3.856072772315014,4.468725532086573,4.566172388512439,4.543741843743024,0.6676331311761216,0.6353113552011362,1.495915329848528,0.24390941647826675
2014-03-28 13:00:00,DEHM_BD,2.2848988993267154,2.296730835562589,2.415960072870883,3.828999356706437,4.900261611408214,4.754767933160263,4.486855049061048,0.6470284215190261,0.5423233763193664,1.207792371519967,0.23791155698595323
2014-03-28 14:00:00,DEHM_BD,2.069314103508722,2.2713572645798736,2.508153159414209,3.5815176682479333,5.2044687728224925,4.7604022354413384,4.038184095389286,0.5846019911378993,0.47577582081198677,0.923937801454151,0.23057192764913184
2014-03-28 15:00:00,DEHM_BD,1.7129485924868169,2.2353562259960364,2.648748898144868,3.1044197343936535,5.162041215365744,4.407842882390901,3.671335033343575,0.5172033721168152,0.4245956700988806,0.7148096032531256,0.22315336995989601
2014-03-28 16:00:00,DEHM_BD,1.3373552686317265,2.210846981382514,2.686042033970499,2.7582371249077413,4.748336564974774,4.00807666373311,3.4774718164489204,0.47057456132341413,0.3826644477319374,0.61749391653104,0.21743907009009955
2014-03-28 17:00:00,DEHM_BD,0.9671177297547656,2.325851838116403,2.731941567413924,2.882146921472136,4.168979500456551,3.782486711038257,3.4883203811327306,0.45683631280856507,0.34458775787491314,0.5829792972983053,0.24634034908882685
2014-03-28 18:00:00,DEHM_BD,0.83181065596806,2.3854816292620646,2.7606276144567277,3.040481833616326,4.049626649245408,3.795544416492721,3.4693275612827543,0.41775075566376185,0.326000436947108,0.5386115035220278,0.29510049087804324
2014-03-28 19:00:00,DEHM_BD,0.834267570491422,2.3154832523700817,2.713710501906201,3.353855456415559,4.152107840746552,3.9349169841699645,3.953136505875011,0.37768368152009313,0.35593374437649794,0.5826574376719842,0.3571220033870776
2014-03-28 20:00:00,DEHM_BD,0.6549984140741609,2.236502489933436,2.7646600517818327,3.956094176265253,4.354017227656497,4.353943978722565,4.663356557580947,0.34930291752410814,0.445899198115897,0.628668755748857,0.4464856473446597
2014-03-28 21:00:00,DEHM_BD,0.7013160154161171,2.0299313509105774,2.8356785435199225,4.2848377308291425,4.895366591391381,4.982595983711389,4.874972124315956,0.34541422915947473,0.5472688422694565,0.6809515683897804,0.5473997821199439
2014-03-28 22:00:00,DEHM_BD,0.7316387123556866,1.585588419020508,2.8635728819231563,4.443066884607318,5.330080361465395,5.320901664846418,5.0422283199771245,0.35621608488627754,0.5951934154780096,0.7403504875155638,0.6498417594230254
2014-03-28 23:00:00,DEHM_BD,0.7214705604374385,1.1907159545815524,2.735395948193303,4.592658478722271,5.574335230464614,5.524605497065399,5.2306560615875535,0.39102833876871,0.5923256450668467,0.8182751383830036,0.7467183846940213
2014-03-29 00:00:00,DEHM_BD,0.7701578916738274,1.1251017744733287,2.6021084811811397,4.627099177609808,5.790715764749385,5.677428803158727,5.430934802353379,0.44743257567046607,0.5654003361945443,0.9077124894681785,0.8318589382165463
2014-03-29 01:00:00,DEHM_BD,0.8585993946321901,1.1883401295401266,2.5122274556752506,4.616205077504025,5.767639483907805,5.742418549981665,5.47061655157424,0.5076525609535739,0.6040881546505081,0.9573659122204667,0.9128255819131099
2014-03-29 02:00:00,DEHM_BD,0.8915116961680202,1.2202217265258062,2.4360568277802397,4.50261580326017,5.568946450041281,5.825668297190464,5.071564634189084,0.5614601018456675,0.6467940082293873,0.9936219633010501,0.973905704172689
2014-03-29 03:00:00,DEHM_BD,0.9615940396694793,1.2721904564682194,2.2093368173300574,4.342792946466487,5.30092560335733,5.741213195324857,4.932764819825403,0.6063019346224161,0.6749149495179789,1.0274824467882542,0.9939585462968329
2014-03-29 04:00:00,DEHM_BD,1.0491471140907076,1.3662997407461113,2.025920831403413,4.056887164834365,5.266532098374366,5.4608486233675855,4.80948615548037,0.6432970596644152,0.6795012103493272,1.0786046853737845,0.9485046278509217
2014-03-29 05:00:00,DEHM_BD,1.1276755269708607,1.421369884665527,2.019699448943646,4.041095854387656,5.390430841504186,5.436049588077887,4.768461174805574,0.67285144563512,0.6830836782861807,1.119652916202348,0.8443800060543325
2014-03-29 06:00:00,DEHM_BD,1.1807559750238281,1.4023567912534038,2.0703891240772876,4.077407249869666,5.390109699959457,5.33746106293207,4.646867554837224,0.69556475566498,0.5747534495237865,1.040255919388302,0.6660679807934536
2014-03-29 07:00:00,DEHM_BD,1.1935878435226936,1.404031334417516,2.1835607249731557,4.059021296071261,5.280283648571558,5.07350518630676,4.421896974718106,0.6985119323786835,0.4250015075179073,0.9412268260110821,0.5335995890396413
2014-03-29 08:00:00,DEHM_BD,1.2081138727058076,1.4503594704030716,2.276196083764904,4.11886432940634,5.07950867528622,4.741838288686322,4.237233287839741,0.6406136851988034,0.30107521303458123,0.8897453251684551,0.46058305805274863
2014-03-29 09:00:00,DEHM_BD,1.2364031298592617,1.48827019194662,2.490347401876438,4.448716590186262,4.827710891093728,4.491618212719251,4.132384077539832,0.5656263560903956,0.22588814912224633,0.8712967712755222,0.4165129782101126
2014-03-29 10:00:00,DEHM_BD,1.2944296518774983,1.4526975562119309,2.686685929336629,4.757436618305286,4.775769008430045,4.776454550971337,4.6766344129599045,0.519652115333341,0.1859919559850775,0.8529654548961761,0.43057471641465095
2014-03-29 11:00:00,DEHM_BD,1.3023126996061556,1.5612202102812982,2.7701265467124667,5.014516259808268,5.048557107141868,5.240899251945303,5.214717605538835,0.48800030996337523,0.16708452468142368,0.8615176993896065,0.46371662899430144
2014-03-29 12:00:00,DEHM_BD,1.2658190776995824,1.5758522600743103,2.8190189118713302,5.045099151335517,5.4001811080822835,5.55784307247941,5.384480476126894,0.4688451321730808,0.1554275781304947,0.8448304084515944,0.5212555817249812
2014-03-29 13:00:00,DEHM_BD,1.166580749863512,1.7389118166111515,2.8202073511695573,4.66489788162135,5.6720301918186795,5.676360466926007,5.258856726912889,0.4618733755466574,0.1515595347340566,0.8325721100153191,0.584042872496601
2014-03-29 14:00:00,DEHM_BD,1.1452783269755007,2.000196303486553,2.7333395483980705,4.1088031939243255,5.782649900097462,5.259837807130412,4.3867306568314985,0.4669308035829314,0.1471158719920994,0.834018261304004,0.6289152556931634
2014-03-29 15:00:00,DEHM_BD,1.2047683986352877,2.433384414218884,2.618953737239123,3.2410269284964484,5.527907973746203,4.540376872777424,3.833385770519148,0.4662069886005541,0.1446136526778246,0.8399735451061703,0.6531833976057608
2014-03-29 16:00:00,DEHM_BD,1.2795591251804934,2.6870692817861075,2.661266468429916,2.7406299101939022,4.937671263923161,4.063929777718563,3.431360951477981,0.46721781988605393,0.1430779014231,0.8618070641569939,0.6797938528071193
2014-03-29 17:00:00,DEHM_BD,1.5003843003444863,2.796389561886853,2.74672535473895,2.705157488788605,4.476224707795931,4.297799270930965,3.3837935208314245,0.48752715021096854,0.14701552176467378,0.9705678496427659,0.708102155733629
2014-03-29 18:00:00,DEHM_BD,1.7503249142894322,2.84292624494395,3.051765984291758,2.6173492566478886,4.433019116995497,4.689281216422577,3.1133649385029187,0.5249655528586734,0.15898765144037993,1.1445190979465623,0.72763140659909
2014-03-29 19:00:00,DEHM_BD,2.0342403301173895,2.929897791909409,3.340780933412221,2.6516508673974655,4.746359233163082,4.499254921635099,2.773818565270238,0.5500637863178742,0.22416810377247967,1.3161767014934842,0.7310126307362548
2014-03-29 20:00:00,DEHM_BD,2.1894653626507052,3.1173337379767903,3.6335350841936704,2.667883936165631,4.738487588825242,4.202639645584402,2.735562152405429,0.5525500883603892,0.345780169447085,1.4433893937060893,0.7133168583437628
2014-03-29 21:00:00,DEHM_BD,2.3121218242149433,3.467369669365596,3.9586888060019847,2.826302852049303,4.609595969191163,3.9878989060949794,3.1884556839164384,0.5245693526244586,0.48284930894279027,1.5758287793475998,0.6734991016403624
2014-03-29 22:00:00,DEHM_BD,2.2329491227546665,3.791610507403684,4.275202169744764,2.8530805733565603,4.535123202625952,4.044913765154411,3.487519849640609,0.49389444741782307,0.6378801655670077,1.7504020281735753,0.613722229828673
2014-03-29 23:00:00,DEHM_BD,2.3790526488612147,4.097229327283102,4.5287770214462,2.7952691702138526,4.657483892899122,4.3650733954396905,3.4840336731002006,0.46151642834727014,0.8144901806572478,1.9324847101881233,0.5427851182582897
2014-03-30 00:00:00,DEHM_BD,2.5978967104091133,4.47894618998043,4.923509185010885,2.9108002252031913,4.965642492748067,5.003173926972651,3.4745796508173044,0.43964586025741315,1.017691195472749,2.1127966880595066,0.47294121829020314
2014-03-30 01:00:00,DEHM_BD,2.7842536331131083,4.999721349724669,5.193808049388078,3.219815157860644,5.5673178301480535,5.793305054516202,3.7069828393816056,0.43947699832623716,1.2533383253843062,2.2817358820345826,0.4079995880039505
2014-03-30 02:00:00,DEHM_BD,2.963841165562764,5.539801529347008,5.4653184516270965,3.5963450720925856,6.469898628709645,6.49613933979759,4.051590681575373,0.4363432345715933,1.49993577609974,2.4442428797797238,0.3492653581381214
2014-03-30 03:00:00,DEHM_BD,3.1363005634694243,5.993680800824307,5.832393719055802,3.9295593354084533,7.474953371456859,7.053867646965297,4.480853757074951,0.4237452661568033,1.726043809154941,2.5519891023488355,0.3038477976100668
2014-03-30 04:00:00,DEHM_BD,3.2690891368720854,6.2780430432673064,6.0238254779869855,4.198125244085174,8.329124541852664,7.4754514699867975,4.906559531540099,0.4342212923139771,1.8889399853917896,2.6124210844418334,0.2704159232293569
2014-03-30 05:00:00,DEHM_BD,3.312673228045705,6.398078209924902,5.9412775398846,4.349222498846885,8.789918952763804,7.669239294449628,5.2262543411994535,0.5098796368066654,1.9942130473012047,2.6030093954156026,0.2336996035776074
2014-03-30 06:00:00,DEHM_BD,3.2501570399779958,5.962619864416234,5.6767083415488075,4.234209086239832,8.44823643206531,7.251943364882492,5.031922047915119,0.6675973615606681,1.8034200442372565,2.2904919699591457,0.18966723863265925
2014-03-30 07:00:00,DEHM_BD,3.119094051989019,5.430630815166027,5.334600205841126,4.18478397279361,7.458499254351812,6.332111500170638,4.717764296506277,0.8029425153682963,1.6068144597238987,2.0397115891452415,0.15320080544391743
2014-03-30 08:00:00,DEHM_BD,3.0723480945674844,5.5453282110095445,5.07876042800031,4.499875060462191,6.65854994334312,5.7510068542876525,4.809710973942206,0.8230068861328437,1.4524795582604,1.893532759694613,0.12710459797357188
2014-03-30 09:00:00,DEHM_BD,3.089655776976283,5.548456151486618,4.980562575813714,4.803220198197644,6.0691565508903285,5.436499837602435,5.069741864807098,0.8006459724183752,1.2564172301077166,1.829433228656589,0.1058110656271548
2014-03-30 10:00:00,DEHM_BD,3.128758658020306,5.6078949532571025,4.8694674944943515,5.172954220227149,5.722867629942084,5.5380636861544446,5.434449790260313,0.8038880037370137,1.0675926861917158,1.8363833891769032,0.08930794045211728
2014-03-30 11:00:00,DEHM_BD,3.231267979891622,5.688056153177898,4.864007648313494,5.544694457342704,5.686480779871086,5.764602461644677,5.833293281598115,0.8183484918443206,0.9889230138058215,2.0661226760434497,0.07677800361935967
2014-03-30 12:00:00,DEHM_BD,3.2891965650179538,5.4771106946392845,4.885259389977059,5.401877788955458,5.914307010310815,5.719526422081233,5.618896768661994,0.8205846560449478,1.0038082620044613,2.4374574529471853,0.07330567651140962
2014-03-30 13:00:00,DEHM_BD,3.3630837726450062,5.120414963037484,4.958696628926745,4.966694600199385,6.190251790940036,5.650537836836732,5.323745306699504,0.7718184589148126,1.0379325130406767,2.7521077095876296,0.07180663583516836
2014-03-30 14:00:00,DEHM_BD,3.5196132426914972,4.78294181368873,4.868970313277291,4.965897182809085,6.363559844068499,5.486557983270416,5.338687096109191,0.7188485416607209,1.0922843113678693,3.0000761828355573,0.06991237130795594
2014-03-30 15:00:00,DEHM_BD,3.564243280861569,4.274854067429847,4.390158005715678,5.0470360178610285,6.191344940661866,5.414377126559571,5.330314037509202,0.6647892153527796,1.124759008410538,3.2629213455805224,0.0672155027579079
2014-03-30 16:00:00,DEHM_BD,3.5750470435402733,4.182493878400219,4.323045286922802,4.828600637012006,6.342182917883406,5.25951414288223,5.482988225606479,0.6013488664458737,1.1072538309591833,3.4226663265075237,0.06397283025735105
2014-03-30 17:00:00,DEHM_BD,3.530719153870368,4.5096588136312254,4.683492577000967,5.506215970962609,6.695755581230853,5.300871981121399,6.185893793008584,0.521803812605749,1.107878266473941,3.5558050012654125,0.06098163622761045
2014-03-30 18:00:00,DEHM_BD,3.588044013043349,5.3605029422570745,4.904780136700021,6.149549757453123,6.895537052885495,5.37788379191379,6.766672688224519,0.4780161199188453,1.2691832822681968,3.685002823896016,0.05870346394050131
2014-03-30 19:00:00,DEHM_BD,3.629727568427387,5.65710324662411,4.868999244115167,6.665299825307447,7.038492688940174,6.596003334091727,7.181889931662024,0.545313346403003,1.3902260205300732,3.673803471880383,0.059189538167105774
2014-03-30 20:00:00,DEHM_BD,3.6417326787966164,5.775733917191264,5.097324983178265,7.061288438232063,7.481659536945848,8.081752351280384,7.036169670129167,0.7612766938620689,1.4388842974297849,3.7994466663761175,0.06125136545354028
2014-03-30 21:00:00,DEHM_BD,3.680973748308679,5.7712640068317755,5.289578887125989,7.2552439981488295,8.180244078585693,8.79389363567891,6.562157337085192,0.9347517131335521,1.4698750040968893,3.9131851272867135,0.06430430839237136
2014-03-30 22:00:00,DEHM_BD,3.6937812004778947,6.075641111700344,4.9707258100511975,6.926940178295975,8.67974148222476,8.689223458952041,6.1357896578033895,0.9580699078361679,1.486241923593686,3.953981302094468,0.0731730680695095
2014-03-30 23:00:00,DEHM_BD,3.679311767857801,6.61505568534275,4.522422940258385,6.603566155056474,8.940735282971643,8.329331619258257,6.037664145741235,0.9376906173034403,1.573359468773033,4.01049812425868,0.08596352236674212
2014-03-31 00:00:00,DEHM_BD,3.653946545236605,7.204259409754929,4.182082286499041,6.41031649572551,9.156347120161106,8.114372051065777,6.421692454995835,0.931028934565149,1.7608343608637167,4.008291690198262,0.09386789605859919
2014-03-31 01:00:00,DEHM_BD,3.4116834406313674,7.132158845099537,3.8892947253134196,6.414046053713912,9.362754630026362,8.028730712865558,7.385047757762359,0.9462804695569071,1.966289834655173,3.9678890619790708,0.09358178206425005
2014-03-31 02:00:00,DEHM_BD,3.099480097149052,6.580906590789395,3.5357744061271097,6.717379422933695,9.219395604513902,8.037227870576238,8.55623312043367,0.9398392488692464,2.09750446686356,3.9564011702892157,0.08636620947410054
2014-03-31 03:00:00,DEHM_BD,2.7850724917055483,5.6395039154676505,3.0298970613417495,7.337003910042715,8.822582123815204,8.212564738024065,8.817701837226483,0.9329261696697727,2.188595336087701,4.166229039260905,0.07973117486253986
2014-03-31 04:00:00,DEHM_BD,2.5245293845362964,4.792203807386149,2.6412917827531883,8.063205183732142,8.418782545928071,8.296986303602024,8.32234104654325,0.823459085892091,2.2436446643377086,4.948876647787865,0.07026855741900762
2014-03-31 05:00:00,DEHM_BD,2.416177072657384,3.6820937498814494,2.302161379100661,8.721079958428874,8.140362694107509,7.937266016267217,7.736134671986697,0.6040997106314115,2.2442731913714975,5.57092297875316,0.054966658762521256
2014-03-31 06:00:00,DEHM_BD,2.3164338602908328,2.465429028028278,2.4064204498882313,8.366977784323494,7.923724261573843,7.555178020025511,7.652946229358829,0.42497113974447553,1.9664187523064924,4.936471914094498,0.041211609173351184
2014-03-31 07:00:00,DEHM_BD,2.196247132875435,2.0206004647503035,2.84343491588071,7.796344010485725,7.5039601755902545,7.218208932073187,7.321261997440718,0.31139338578946874,1.5806122680530672,3.435970886380272,0.039407129976345365
2014-03-31 08:00:00,DEHM_BD,2.1897922358774764,2.054114072871146,2.8782691204589232,7.4290424256022485,7.106930882954579,6.933230689668548,6.889998531569804,0.2377870728860701,1.2915650402676362,2.8863970527511604,0.04022689627769797
2014-03-31 09:00:00,DEHM_BD,3.876952039214261,2.136516066612446,2.7542284749025256,7.287169275152972,6.784110207896834,6.560797944521774,6.669049306813299,0.20483164569156237,1.0463688127747177,2.9836213841004016,0.043068049865896914
2014-03-31 10:00:00,DEHM_BD,6.899254651468517,2.0313761644947803,2.121104643438505,7.49044649154405,6.5129693601602545,6.48267871529189,6.581571654972877,0.20086239217202867,0.8520911051857913,3.1776338670451194,0.045579096723730714
2014-03-31 11:00:00,DEHM_BD,5.202014614571034,1.849739082645296,1.5408183908529953,7.537903024073813,6.216884395162056,6.747639484869843,6.851561101910665,0.20132220038303156,0.701709785177512,2.8305237647172627,0.04879868550156576
2014-03-31 12:00:00,DEHM_BD,3.7177727942162635,1.7593504556940736,1.3156641315142195,7.065412958990159,6.529599311158434,7.287220870124003,6.990568406524725,0.20352879803520155,0.5823588426471781,2.483016980643086,0.05127297739858492
2014-03-31 13:00:00,DEHM_BD,2.9889549818868866,1.717925391128803,1.1817528754804965,6.756995103002036,7.037026967346438,7.707199317847061,6.511248081514461,0.1943701992845115,0.47473023931848346,3.223400836362094,0.05437020051922631
2014-03-31 14:00:00,DEHM_BD,2.7424894844831407,1.5144709008163053,1.201212670383478,6.307651535716052,7.391737936803107,7.367823744526012,6.050163952057741,0.18341785915770792,0.37513285485942427,3.5270073058860563,0.05622533418808817
2014-03-31 15:00:00,DEHM_BD,2.580675403210211,1.621573644692767,1.2701003894633667,5.999962736452638,7.359467075852947,6.796511901849792,5.8298491677836575,0.16564877866598998,0.30345763016692634,2.7650210039140233,0.056710524980518755
2014-03-31 16:00:00,DEHM_BD,2.081336992570666,2.055711383783039,1.158117818265726,5.181365632198043,7.281908394465399,6.510273932925422,5.547406450660558,0.1527241013055589,0.2266390818428708,2.3476727719203287,0.054369907304365445
2014-03-31 17:00:00,DEHM_BD,1.097390722343959,1.8638874898781415,1.043324225637161,5.046836360504233,7.1497784146152945,6.690496860074386,5.6877335707791135,0.14318866084011883,0.14672677775931944,2.2330796031245628,0.054101510633583434
2014-03-31 18:00:00,DEHM_BD,0.8744701850308896,1.281295104595743,1.2967765591803793,5.137869235357077,7.2686279162689695,6.710359319608236,6.044667224001457,0.14494219612058118,0.1022262479679634,1.940783926020167,0.05453144616990706
2014-03-31 19:00:00,DEHM_BD,0.9335273597515699,0.8297804618347746,1.467482980159834,5.129598082281945,7.297364027481255,6.711371846041948,6.175793225099107,0.16178656108619166,0.09236841872722784,1.9160652483462184,0.0581822104213147
2014-03-31 20:00:00,DEHM_BD,0.6242598872175207,0.6718128415386038,1.3197501364457642,5.523670175521831,7.466760528845853,7.066975002200788,6.076241673701846,0.20331939985049868,0.10824500084164439,0.7988464932837144,0.0647649904594735
2014-03-31 21:00:00,DEHM_BD,0.7045106122348608,0.6635055087906792,1.5512362793631125,5.960108058616542,7.878794902419383,7.190511214402127,6.604859416207732,0.25084103959377835,0.10875249025780931,0.4754582525319831,0.07258566392429947
2014-03-31 22:00:00,DEHM_BD,2.018075226113696,0.7046784440431567,1.568685567147989,6.711362270047214,8.161822808671387,7.2686610302540355,7.194593528982676,0.3030659136592782,0.10655819286679499,0.40344161909983256,0.06840853381947692
2014-03-31 23:00:00,DEHM_BD,1.1162468530359795,0.6360000509971515,1.2133340262509211,7.683039587043633,8.243403630256246,7.775524855222486,7.783695832341744,0.35818490077074505,0.1303322070772902,0.39984582178604217,0.06098279896637697
2014-04-01 00:00:00,DEHM_BD,0.8435285285442944,0.5946822808766097,1.1796308033456622,8.397009217898868,8.739242219184346,8.776935203844968,8.605750136310846,0.4092291460581283,0.19203276676197142,0.4017390744191835,0.05278133660824167
2014-04-01 01:00:00,DEHM_BD,0.862043129206028,0.7271488862365942,1.1577455548406677,8.31528362327733,9.594804039729457,9.922744238777845,9.47903099177394,0.38217135802905416,0.2795761779549302,0.4993305377505705,0.03987553883873784
2014-04-01 02:00:00,DEHM_BD,0.859589359768949,1.3399145069281053,1.0935095320772534,7.607688049681367,10.3781687298466,11.004095588570996,9.847680502799351,0.350408716199464,0.3655264066942327,0.6186034414482038,0.03550959704439025
2014-04-01 03:00:00,DEHM_BD,0.7859111076489007,1.8677358605227505,1.036511650156616,7.353860628311615,11.410944789810435,12.17970299421398,9.45440341348857,0.3412734451551186,0.4334196869131501,0.8016660453084914,0.03885007365770626
2014-04-01 04:00:00,DEHM_BD,0.7895419063915404,3.1868113857108726,1.0559754818858977,8.325320626565395,12.743790217709948,13.669313905044703,9.097584595578441,0.29697477898617713,0.4804160366827014,0.9889627379158046,0.04218646257016793
2014-04-01 05:00:00,DEHM_BD,0.9140139685669857,3.883652730243048,1.1817317817119806,10.449220965088678,13.698374755760813,15.28080314342803,9.64041788954842,0.25861768848161254,0.4755857011262996,0.9736674621909576,0.04574416571976138
2014-04-01 06:00:00,DEHM_BD,0.995412854748001,2.9473382767727507,1.449654166758981,12.75809015379328,13.832802789879379,15.408042886427022,10.13441638387009,0.22892791468982332,0.3950161975455505,0.7558158330029294,0.051239074358814196
2014-04-01 07:00:00,DEHM_BD,0.9845858921756094,1.9875764475908422,2.219300924592186,13.610384981055923,14.141995800824494,12.486147968168694,11.048997821576325,0.20849842368856142,0.32411405701501567,0.47662262666822053,0.05657078287737893
2014-04-01 08:00:00,DEHM_BD,1.0260323918309155,1.4771178056373138,3.5152212960375286,11.773626905583784,13.198653291895193,9.072279681799754,13.2170510008292,0.19562247717548378,0.26526013598349424,0.32985732432033854,0.059890596471782576
2014-04-01 09:00:00,DEHM_BD,0.9924587871323175,1.1605168214236374,2.77027616969494,8.565560094036796,11.68429611010476,6.6512752586762565,11.44416916075972,0.1842496374022657,0.215311772942606,0.33193214744660055,0.06328691343006199
2014-04-01 10:00:00,DEHM_BD,0.9391248077549971,0.952146060394342,1.764329873374727,6.048184803499224,10.419626266766265,4.9618514115245835,7.557875142263468,0.1722448355335508,0.1589641291763626,0.3447445680723501,0.06660382162413077
2014-04-01 11:00:00,DEHM_BD,0.8351242256546183,0.7953203939710696,1.269184552500597,4.24890802499368,10.140075143663083,4.157518340113533,4.265267776424111,0.1495575094617715,0.10951885965123734,0.34934759237822477,0.0649960034490514
2014-04-01 12:00:00,DEHM_BD,0.8014268373425071,0.7514095046052219,1.0469152649733886,3.312463548110921,9.54981553932717,3.8467642068542163,2.7696905077118448,0.12722442106459272,0.0781448347078525,0.2953450450945982,0.06309938453856377
2014-04-01 13:00:00,DEHM_BD,0.7770898044077026,0.6429911465702298,0.925140604626088,3.0181059952191545,8.480737673890964,3.6511339648947634,2.4037597177014436,0.10711230251868942,0.06186405532285659,0.26501366997722176,0.06212179473579849
2014-04-01 14:00:00,DEHM_BD,0.7051592234769347,0.5640220735354798,0.8647073605906221,3.1247191532021246,7.915402551640907,3.4019611088318027,2.3256131506425572,0.09793215525561111,0.05663661927912825,0.23239393455856439,0.061050904057893124
2014-04-01 15:00:00,DEHM_BD,0.610692421697066,0.5656196700571627,0.8435441059737478,3.0374060047766935,7.855320430924985,3.520360102575136,1.990981819409871,0.08809440328906168,0.05750767607251554,0.2047286139490016,0.05974401266553949
2014-04-01 16:00:00,DEHM_BD,0.5382817061012272,0.8225193511085591,0.8753168347857595,2.8161641742908445,8.38535089646221,3.842802065413702,1.9967383108231156,0.0760157024966386,0.055674235718751304,0.18486750063677487,0.06051613097593405
2014-04-01 17:00:00,DEHM_BD,0.5096386745417362,0.9319577612373041,1.032846344730729,3.008759846398192,9.408575198106025,5.015220962301161,2.9859526593405636,0.06552993575993682,0.04601996589318656,0.22439667643824376,0.06196488650198442
2014-04-01 18:00:00,DEHM_BD,0.5434695726908335,1.0215339599247184,1.1369531549463123,3.445331497363476,10.361125631081318,7.48020422805568,4.877352267408555,0.06166361055588599,0.04349168747463901,0.27493345727782725,0.06741226385286028
2014-04-01 19:00:00,DEHM_BD,0.6934088966841288,1.0164494314859835,1.2334243528151672,4.1067453652256525,11.366021772392003,11.196532805721953,8.591147126455574,0.07688758497312423,0.04538872710412702,0.3435848277417438,0.07407953544564477
2014-04-01 20:00:00,DEHM_BD,0.7453630147398697,0.98732428015855,1.3304562447453092,5.095350960769046,12.613853930972956,14.436618584069127,12.053799694791385,0.10034148074835056,0.05356674139245479,0.38403312254948174,0.08028112052662745
2014-04-01 21:00:00,DEHM_BD,0.7186627504966641,1.0707671085073285,1.3724031180468748,6.8320077497022265,14.15442100378222,16.13432923342907,14.134531597130698,0.12113153732116788,0.06274927569962198,0.4019103327918687,0.09769136741271577
2014-04-01 22:00:00,DEHM_BD,0.5938340982870471,1.3386020385233246,1.3873097197747366,8.842585925256547,15.305092425597163,17.146183732708934,15.468141093439831,0.1375743827660148,0.06945445989038743,0.38846197154413575,0.12938506087678453
2014-04-01 23:00:00,DEHM_BD,0.472617028397851,1.6510377717889562,1.273116252837603,10.255468587739635,16.005877398533638,18.107943101227313,16.44971982168685,0.14817505364378958,0.08445784017174432,0.3790552798983155,0.1642175595243046
2014-04-02 00:00:00,DEHM_BD,0.35909675596860285,1.6963591226417727,1.1406500011044534,10.80037123394844,16.498139583694968,18.970160431386123,17.133548429034313,0.15326051469238175,0.10457346953880738,0.48603433501510795,0.2115567865198616
2014-04-02 01:00:00,DEHM_BD,0.38994380579260257,1.5326449944344385,1.1431311613472699,10.631801541307155,16.962959625783434,19.57696713985766,17.394114919222513,0.16050318578156691,0.17034080280759292,0.5275695842428075,0.2510656018491328
2014-04-02 02:00:00,DEHM_BD,0.4507467396539495,1.2781541706790245,1.1789999906965083,10.160812074936883,17.462957282790516,19.84923302882373,17.243250829651494,0.16530578215363656,0.43833055476461225,0.43500874366729547,0.2586953555971855
2014-04-02 03:00:00,DEHM_BD,0.5106955698048794,0.9570191166728313,1.1573510131857356,9.673343494243111,18.032000452456995,19.889115727055817,16.62359937930583,0.17059154975431523,0.7173542142334376,0.40671748100915295,0.25484515012455966
2014-04-02 04:00:00,DEHM_BD,0.7193900783810778,0.8723916470701568,1.1260646516990909,9.770915428003772,18.723312706910807,19.595237591461114,15.463037337838468,0.18012267808300764,0.5278233627244171,0.43457367075394593,0.2568361447580656
2014-04-02 05:00:00,DEHM_BD,0.9773248482575159,0.8775957789603377,1.1579218077167142,11.094033972967638,19.482949113824798,18.85280481984631,14.015418753231094,0.19174243609723662,0.4204053531197012,0.5076992476218235,0.24598327153724156
2014-04-02 06:00:00,DEHM_BD,1.1850513774437532,1.0523404221179813,1.3765170478862714,12.366025627378248,19.02183391793781,16.968134849181975,11.736592863297405,0.21069149882438656,0.36898433899464395,0.7017261699092544,0.21854490554608708
2014-04-02 07:00:00,DEHM_BD,1.274934571201232,1.499940611851694,1.8425772288981317,12.213378962638648,17.85337421194877,13.21918258206475,9.834570369021503,0.21567839104282222,0.2535813480440384,0.7668388230225576,0.1887051398568412
2014-04-02 08:00:00,DEHM_BD,1.3360395677775445,1.8598579778907935,2.2326003401894075,11.719091099389994,17.258273229577092,11.993079127596543,9.649759874625909,0.21241961440420232,0.184658758481678,0.751724664430435,0.16932734441733088
2014-04-02 09:00:00,DEHM_BD,1.3462319905603894,2.094224107174743,2.593251263769079,11.640104265951376,16.682337038150656,11.315170566011377,10.224011233626296,0.2072117287650494,0.18332183316880118,0.7555467345836595,0.14934583998216072
2014-04-02 10:00:00,DEHM_BD,1.2475953283183048,2.2443614228400683,2.9492238992813022,11.670340752392866,16.181993971444022,10.92527179825184,11.0725511822047,0.2516487602177727,0.18896120148863982,0.7257757795002766,0.13841895812935529
2014-04-02 11:00:00,DEHM_BD,1.1594443021041347,2.4898209999701324,3.3765194774128218,11.750451103410883,15.67409373697224,10.197107260693322,11.062632518176859,0.2879072241639531,0.19244051477231017,0.6800282950440316,0.11924554225259337
2014-04-02 12:00:00,DEHM_BD,1.1346445165811945,2.5142692917324054,3.0918199267293875,11.30596501654902,15.532726821945985,8.500799409024843,9.125952582022927,0.2924001718048005,0.20727461231189936,0.6422299904324796,0.10153521214904243
2014-04-02 13:00:00,DEHM_BD,1.1249365285712107,2.020962926512012,2.894072017549535,9.443924189815428,14.70695022039578,7.735712492559166,8.577115838285447,0.26963283743463445,0.23622620289841745,0.6216045984708749,0.09017777840288867
2014-04-02 14:00:00,DEHM_BD,1.2840372850423214,1.4356447875460092,2.8629482994106024,7.16508339253159,13.699988695636176,7.013558098759195,8.229195064071986,0.26632312675743347,0.2753415732316817,0.6115971800756687,0.08858152554299353
2014-04-02 15:00:00,DEHM_BD,1.356813786862269,1.769893579282182,2.756838052564082,5.38857832464425,12.446542830665635,6.561441125068941,7.536243845728068,0.266904022663026,0.305236190627156,0.7295260738304536,0.0898160027663715
2014-04-02 16:00:00,DEHM_BD,0.9181673800394637,1.9656484123119649,2.6850344000607307,4.938936418904823,9.734943700801807,6.609599187672363,7.213196741881625,0.2983143115277474,0.3068504097779898,0.7221586647679341,0.0736290990472431
2014-04-02 17:00:00,DEHM_BD,1.0472629096075148,1.9497327078385394,2.5245607697749173,5.84367533327258,7.826605810927082,7.163467714942808,7.825717497764808,0.3227909981189856,0.27710279826588446,0.6716574901642254,0.06395463279113182
2014-04-02 18:00:00,DEHM_BD,1.0119911142026146,2.087519505059661,2.476307194629249,6.785759886751083,7.981138751425483,7.11804378001144,8.028017569973066,0.3697555406091967,0.32310902164096694,0.6497905855517879,0.07261274462045712
2014-04-02 19:00:00,DEHM_BD,0.9447443211740044,2.399425110440929,2.6127038772887303,7.844259208890888,10.860444532338363,7.471958130687932,7.6230045237433774,0.433696328836195,0.41936048337751175,0.5291003045559022,0.10571270127416481
2014-04-02 20:00:00,DEHM_BD,0.9999864598733559,2.3103586424520657,2.8168311174826823,8.352475188247075,12.957047658674915,8.036130057795953,7.062308318572569,0.4692525531685352,0.5043979143240722,0.5759687593393585,0.1398327041921497
2014-04-02 21:00:00,DEHM_BD,0.9557257426263182,1.7966194515205804,2.9379622059455484,8.504298559613584,13.694187996684112,9.38414366221159,6.8470164867825485,0.5794487043768166,0.5278604950930831,0.690264592765197,0.15634091308369505
2014-04-02 22:00:00,DEHM_BD,0.9938867532528843,1.5068827370656859,3.1467603738779157,8.388850595329647,13.859986254118855,9.94795583295404,7.004887932501287,0.6152929213437437,0.4742172796515371,0.7220664426607893,0.15880979908427278
2014-04-02 23:00:00,DEHM_BD,1.123557422319915,1.4294433718485657,3.3486011306508723,8.322991543943793,13.352436680836927,9.759901990311194,7.8604726550100805,0.5646833590091764,0.36694667338421305,0.6572143380633042,0.14396132383271043
2014-04-03 00:00:00,DEHM_BD,1.1311034507164248,1.3250037359148434,3.3915127194901205,8.719735826369485,12.469557738713652,9.79831454542275,9.057422479841401,0.47378177953094236,0.2784856253731415,0.7261270894771212,0.11082662136144425
2014-04-03 01:00:00,DEHM_BD,1.1422513062243138,1.3296950785470212,3.2557010890395466,9.110777491563075,12.275471217431868,10.297436797521781,10.460175809239585,0.369274119153167,0.24984625499785118,0.9022737795366311,0.07571227815897308
2014-04-03 02:00:00,DEHM_BD,1.2063471906685468,1.4763909404634887,2.825389777489015,9.11952630506139,12.650280218858066,11.174123168286243,11.501295149063225,0.33348578933960626,0.2511593991377316,0.9957501922676892,0.05539935330210227
2014-04-03 03:00:00,DEHM_BD,1.3873960722836973,1.531873566398044,1.8248891879037514,8.555180935119369,12.882696133554019,11.989971489674735,11.945882544921117,0.3406219228817211,0.27203500891555743,0.9650662157504277,0.053816623880868976
2014-04-03 04:00:00,DEHM_BD,1.3714090708294626,1.3680700234668057,1.6401578663793828,7.617951571161941,12.9722113514224,12.545411187230213,11.85039788368925,0.39750460512714747,0.3365526074643085,0.924186233967818,0.05418609986698601
2014-04-03 05:00:00,DEHM_BD,1.3907443803423958,1.146980041301596,1.7364630506452152,6.447390008765672,12.756892802124206,12.817001746618105,11.539003953129667,0.5090223984361937,0.4274403649220508,1.032100374815692,0.04955103910727121
2014-04-03 06:00:00,DEHM_BD,1.4544803763695167,0.9132716284903122,1.5675938658072799,5.022254237715856,12.111782486652434,12.137683962816967,10.117078186101478,0.5738521230958241,0.5815362930764585,1.2007403881214234,0.043120375757604974
2014-04-03 07:00:00,DEHM_BD,1.4184034965527268,0.6512053057378795,1.0623174239470228,4.011154318422461,11.600846747488411,10.408688712940616,8.20320490736106,0.5358736639690742,0.6817372718758326,0.868538315220801,0.043341365675674676
2014-04-03 08:00:00,DEHM_BD,1.1684486639005829,0.5133036016931443,0.8754203628061282,3.3323937752717776,11.092926682331203,8.181906151207873,6.514861567923521,0.5233971067607734,0.5320640381283767,0.5062414475034875,0.045039111034412466
2014-04-03 09:00:00,DEHM_BD,0.5884777544516231,0.41573556089228014,0.739363058019239,2.469187236262224,10.482312003859752,5.877774497808963,5.350059777654862,0.5431129579450353,0.38092991633515205,0.31659441860593374,0.044176628065392125
2014-04-03 10:00:00,DEHM_BD,0.42101823881689915,0.3981695608618453,0.6675030456167445,2.013002726979842,9.88256604758465,4.268437358293796,4.3997028049728675,0.5925779972653928,0.327821593796223,0.22613279325339408,0.0456606202370475
2014-04-03 11:00:00,DEHM_BD,0.477987222573487,0.4213473957526432,0.6095596322329985,1.6285807304381439,9.025788017068344,3.456556090197429,3.61671346500354,0.6428432576475036,0.35593699951840674,0.23264270529185296,0.0520070482021628
2014-04-03 12:00:00,DEHM_BD,0.5085290401068306,0.47658446683828076,0.5956343792561668,0.9820482930375929,7.61680043018366,2.8996997250086083,2.8383258961495184,0.6844120829433062,0.37911361543390454,0.2792741711503836,0.06117386265604405
2014-04-03 13:00:00,DEHM_BD,0.42384203764169465,0.5366327248245425,0.5750439469063081,0.7284833915507485,5.7063963287379,2.0679619095724573,1.8005454094523272,0.6925617082032887,0.33402195100073634,0.2838070748850056,0.06435119467344129
2014-04-03 14:00:00,DEHM_BD,0.47146429337619095,0.5892477558349486,0.5508016171721154,0.5925202813599757,3.88307805999313,1.3973618142199031,0.9563693604278526,0.6752875967655774,0.2588889664721619,0.26513631859052106,0.06331849728670938
2014-04-03 15:00:00,DEHM_BD,0.5098187249192407,0.6639591368890557,0.559850756273909,0.578844051066502,3.04970418681046,1.271301174001081,0.6714886984665207,0.6119314774914155,0.20275068984790795,0.23797856920719118,0.06008162144031146
2014-04-03 16:00:00,DEHM_BD,0.5103557090542372,0.8399261907799049,0.5755255177232353,0.5548704397477557,2.843489931529616,1.1677087326346827,0.6434077626531556,0.529740206129242,0.15146834738581763,0.2067380698799665,0.055272587431730295
2014-04-03 17:00:00,DEHM_BD,0.5500758189382425,1.2184756379132373,0.5977276216313965,0.5098137515895296,2.8753571532779367,1.1428030518355716,0.6298310564762912,0.4872720470126931,0.1022174957604536,0.23497929734260029,0.053311953761611776
2014-04-03 18:00:00,DEHM_BD,0.46389279324740385,1.2930968396469962,0.6689710709594892,0.727818393784347,3.2988730851728945,1.5420546612269832,0.9234736085432358,0.4679987584121708,0.08548110139322036,0.4777311032067941,0.053396071551269006
2014-04-03 19:00:00,DEHM_BD,0.24860063027487822,0.9595436135220055,0.9737400954314198,1.05300531355713,3.7931769620085647,2.1252197012353347,1.4390708100373062,0.47343763726555976,0.07718262889955964,0.6901875069418779,0.05493089308768139
2014-04-03 20:00:00,DEHM_BD,0.6605173575013046,0.7971939939642886,1.3298599507817965,1.4192487077919653,4.0569138067896615,2.830131777144927,2.142486206811869,0.5129531780317704,0.07877225781164851,0.9067577947524392,0.056622539448077915
2014-04-03 21:00:00,DEHM_BD,0.8490689658427397,0.572412860938378,1.1811152892116938,1.8343609582337579,4.283898975469265,3.53858968215352,2.967006639236198,0.5550500378581602,0.08385782746766625,0.9794595290640805,0.058633501175011246
2014-04-03 22:00:00,DEHM_BD,0.9319775669931954,0.404517696189403,1.0407377447604402,2.3259852866673043,4.554190649792841,4.182181112667539,3.814511472234275,0.5378143120551947,0.08391696572126402,0.9939678346973122,0.0587495491670368
2014-04-03 23:00:00,DEHM_BD,0.8695904410709976,0.5011193703993542,0.9859160368887574,2.97053816060579,5.005889302851333,4.796056269976697,4.681347937835306,0.5011901642955466,0.08655681392332942,0.9424315090729698,0.057729532994569316
2014-04-04 00:00:00,DEHM_BD,0.6489823343290017,0.600777657690949,1.1071462148513018,3.823110255866139,5.687949387875133,5.459725323154865,5.504287894791052,0.48138416601701983,0.09638127244501488,0.7184070955171814,0.05719134199844972
2014-04-04 01:00:00,DEHM_BD,0.5323007465912286,1.1834506942784653,1.5303643916012906,4.6533260069054485,6.443789325466681,5.975923242566125,6.150781443830649,0.45714659861712476,0.11985929339217384,0.544395252310781,0.056080444550028655
2014-04-04 02:00:00,DEHM_BD,0.49853714812102956,1.5865254425154567,1.711228002824791,5.242249889339547,7.021155954120236,6.116647282702457,6.607018377848548,0.45485151238888966,0.1953726630799856,0.5144403682150703,0.05530790935553132
2014-04-04 03:00:00,DEHM_BD,0.45371257537160814,1.6543306382184952,1.61124883411392,5.461466053580139,7.034651999592573,6.385098338746011,6.903376360773175,0.4888127100339444,0.28604819092495054,0.5233236408685946,0.05517755071693241
2014-04-04 04:00:00,DEHM_BD,0.41596030053969113,1.4420790816152294,1.4640817626522378,5.519462445837777,6.64202353676098,7.089599055144898,7.000263425227948,0.5351519472484406,0.31835809550666827,0.5205131139872128,0.05476403431424048
2014-04-04 05:00:00,DEHM_BD,0.3945688844052602,1.100113012483246,1.279274451252455,5.530571617594294,6.694184636815349,7.3923963111516295,6.933875643276534,0.546399279725814,0.3109269943593206,0.44554945939715285,0.05442740807688658
2014-04-04 06:00:00,DEHM_BD,0.3825390593200729,0.7266120313507235,0.9344235123264822,4.990040683938459,6.125271261758729,6.758905883667987,6.550523517862359,0.4679279353567337,0.27615315793831696,0.2685464137659709,0.05513352271711909
2014-04-04 07:00:00,DEHM_BD,0.31948110180604666,0.4441399871687862,0.5584131781666657,4.5546630241167065,4.5319368174457315,6.026641232915234,6.39651665258392,0.34551267964838883,0.2338304719781828,0.15506749444536388,0.05676870547810552
2014-04-04 08:00:00,DEHM_BD,0.20826260582159495,0.3426013955861637,0.39053006722087874,4.764915225844991,3.329988865453703,6.005688315815857,6.8103542841817735,0.2656153588502759,0.1902494229343661,0.12882992635743098,0.05780117349913221
2014-04-04 09:00:00,DEHM_BD,0.15715572206913472,0.2970260984675558,0.30043881125612704,4.588055844004228,2.575743315809774,5.018611113255568,6.8176191601861955,0.25638382404690596,0.1463084840193046,0.12551538272125168,0.06149678521994655
2014-04-04 10:00:00,DEHM_BD,0.15431824823930906,0.2538045606304079,0.268554282270163,3.788672744688072,2.1164320508772323,3.6726617848880343,5.484086606333468,0.3336603896276559,0.13157709460546957,0.14338833782932536,0.07209746804145849
2014-04-04 11:00:00,DEHM_BD,0.17735070001463168,0.22934736297886013,0.2512883522815401,3.101779917394831,1.9568310212800233,2.6210197437558684,3.8967721263630852,0.4964012838513403,0.12841178530998226,0.1640221177376529,0.08494401712775568
2014-04-04 12:00:00,DEHM_BD,0.19074120441940745,0.22293563952240109,0.24638379328994903,2.918118088810615,1.888939233101942,1.9256343764194543,2.5174272676208114,0.646098905499503,0.12509307829332295,0.15402573862835342,0.09595561900122845
2014-04-04 13:00:00,DEHM_BD,0.18218033363525019,0.23615111101522435,0.25795104731195495,3.1860278809964773,2.1279135066844614,1.5587402185486074,1.7100933024869183,0.7088326837208121,0.12404255928999275,0.13913960107437207,0.11168483984029608
2014-04-04 14:00:00,DEHM_BD,0.16754558830950106,0.2673418640859717,0.2723609841670972,3.2259905233110255,2.507352444288209,1.45594440337652,1.1692934173412457,0.6831827967634052,0.12085900991022352,0.13294625822641232,0.12790744320121292
2014-04-04 15:00:00,DEHM_BD,0.15360198984318202,0.2827922127781103,0.2802398709079053,1.9288582170144974,2.8116509202668443,1.6830216039178316,1.6755806285331818,0.5065896350539242,0.11575163789371645,0.14085640060842047,0.13217926030892466
2014-04-04 16:00:00,DEHM_BD,0.1693446727625515,0.2703610639083486,0.28299290610091543,0.7694164372696999,2.885372044862509,2.1208974987603955,3.138834812957693,0.3243570835793833,0.10337024291624715,0.16274530810549467,0.11170203130071094
2014-04-04 17:00:00,DEHM_BD,0.1776340037701982,0.25890374302318414,0.28189570918898843,1.4295394514783037,2.999793240856994,2.8424744837049625,3.420435053879937,0.25760551579642915,0.08495516310040331,0.19892398207168402,0.10273732393669296
2014-04-04 18:00:00,DEHM_BD,0.20558343091259934,0.25811454841850007,0.2912844195779938,2.9124201135989725,2.990004596583629,3.889853498615455,3.4397851679807148,0.2743081281068175,0.07915390000255434,0.21491545354394043,0.10812622856971334
2014-04-04 19:00:00,DEHM_BD,0.19232230414188456,0.2911142132973039,0.3392282692986702,3.801133118566328,3.1074944173696872,4.5189932199793015,4.084918652233341,0.29443500488307317,0.07829908651005132,0.17352553639953222,0.11955880593134213
2014-04-04 20:00:00,DEHM_BD,0.15458942908451523,0.33692642366229053,0.38992029648673643,4.40255186712079,3.4642523622925996,4.9944632001337865,4.811916954015146,0.30349965481951824,0.07826255860456446,0.1621632415356807,0.14022934113489186
2014-04-04 21:00:00,DEHM_BD,0.15138183873119745,0.38155520301350176,0.40817343469081646,5.034963739116339,3.8277507912551476,5.473735586636143,5.512682268161301,0.32346245060741885,0.08345663750510358,0.16377269930365967,0.16434196632322548
2014-04-04 22:00:00,DEHM_BD,0.17915999861740856,0.4191495750708496,0.4485597653776856,5.7974904235725395,4.212050937088178,5.919035273139618,6.244726980445055,0.3887782990843801,0.11041785186244196,0.17937079363844746,0.18859718300125888
2014-04-04 23:00:00,DEHM_BD,0.2688615729363925,0.44690561419436237,0.5055245402703448,6.635466019956413,4.6567932854927285,6.3075732015963775,6.950073810953705,0.44844546082243314,0.18146555422977817,0.23479178860696742,0.2137730683658906
2014-04-05 00:00:00,DEHM_BD,0.5017692985150273,0.4866012696125243,0.5778606324231373,7.403438992757234,5.223852058885948,6.680161369426667,7.494381354841887,0.5011166585335134,0.25343356302829156,0.3715263805491286,0.238066329095018
2014-04-05 01:00:00,DEHM_BD,0.8307962033354475,0.5855536137579682,0.7489191157980585,7.893809221380455,5.5735967475116714,7.1271666254657555,7.333062104057491,0.5389225270235538,0.31714175123288735,0.5591423115240619,0.24579852406777916
2014-04-05 02:00:00,DEHM_BD,1.0395582517964421,0.7709930307084842,1.0093042954381002,7.785657765195851,5.724529273521757,7.485300720764612,7.090195485854061,0.5644849410885571,0.3451980189029941,0.7143914348093526,0.24491043943465246
2014-04-05 03:00:00,DEHM_BD,1.173255100956486,1.0768060863410898,1.2576473769098147,7.864791480192725,5.5513198987202905,7.696754662621266,7.186532901007352,0.5719282161560655,0.3747737484075792,0.8766508944500345,0.24289156860647151
2014-04-05 04:00:00,DEHM_BD,1.2708680125781002,1.4015060252589766,1.45542852493382,8.00232103101123,4.992149525023587,7.733708029982443,7.386483625573274,0.5560488109141588,0.46148859376777257,1.0202840573673742,0.25533558078772006
2014-04-05 05:00:00,DEHM_BD,1.3591993921536463,1.702450757374856,1.6288365667559606,7.927324638323747,4.387184030414578,7.104435902908473,7.508531421434884,0.5299444035936892,0.5923491115339143,1.0937674261581245,0.26754193980096047
2014-04-05 06:00:00,DEHM_BD,1.4703552282407444,1.920096421154053,1.8729844689811372,7.5787318820492064,4.084778937905431,6.006936894208712,7.458085639061623,0.41438044892694786,0.7946429001579712,1.1191941371289706,0.2522574235957298
2014-04-05 07:00:00,DEHM_BD,1.570990082771281,2.1627565631424615,2.2747045714671117,7.150205767956015,4.02420101871891,5.315151254811481,7.350566686548499,0.34776361874364314,0.8520245212746012,1.1624074666749051,0.2493667922968978
2014-04-05 08:00:00,DEHM_BD,1.7304316107590776,2.3859230079691205,2.8029622513285632,6.947052670769196,3.872742979083443,4.9370670288766485,7.1178272185186655,0.3777903109240157,0.9059341184343563,1.1938704337305854,0.23279233311784006
2014-04-05 09:00:00,DEHM_BD,1.9963147951835316,2.441195087962466,3.3334092811117957,6.747862055447445,3.70611582120616,4.725743259862934,6.973991725937867,0.49364955398462707,0.9558806602592257,1.4265211858650062,0.20471793707547195
2014-04-05 10:00:00,DEHM_BD,2.2347862642710337,2.2944783149189263,3.8914480624435566,6.603936957095944,3.6205890394871263,4.4378916519586395,7.113898110048177,0.6205694765842705,1.0361318074345967,1.7114578916457854,0.18592593469596172
2014-04-05 11:00:00,DEHM_BD,2.4056111863819507,2.379314605694869,4.509639109912194,6.540275892821583,3.810316753299222,4.513354233334784,6.594688905014692,0.7496802688329668,1.1301350837795967,2.073627390488265,0.15918233128036136
2014-04-05 12:00:00,DEHM_BD,2.5016879259532505,2.7003431416943044,4.986131723820445,6.157238110105498,3.7720420554694263,4.653158388503536,5.457093801213297,0.8701561999640799,1.3564361323671517,2.217260863826939,0.1510555810642672
2014-04-05 13:00:00,DEHM_BD,2.510262620322872,3.4023932909341488,5.0869351602048205,5.531930800548741,3.5437808767925856,4.195762801113041,4.916864199969324,0.9285281013910285,1.8221956916742492,2.3171467221802655,0.16310743760920188
2014-04-05 14:00:00,DEHM_BD,2.5302114096282047,3.8669909434457024,4.814616777362892,4.5798373091279085,3.076405445384877,3.7533901927128133,4.223361477854327,0.9428478488504514,2.002748619727129,2.3944204945705367,0.21150772433466675
2014-04-05 15:00:00,DEHM_BD,2.593594845376761,3.892444983942539,5.321950315369023,4.202280037003159,2.8910428336939353,3.4593213557960514,3.7228247242371117,0.9755749640551395,2.0659335667470002,2.474835147473747,0.27582161150975903
2014-04-05 16:00:00,DEHM_BD,2.7629244707673966,3.662721570967025,5.15157405369066,4.007596516475983,2.5739115725518764,3.1096734542466926,3.5381444343647033,1.0852451224732584,2.1930608925475457,2.5621775264340245,0.3272812190012676
2014-04-05 17:00:00,DEHM_BD,3.254742544215349,3.889094457237599,3.80220537857772,3.7747233654352246,2.4154566019645287,3.0273329313320954,3.8267965535510475,1.2337782892020699,2.4061240975697387,2.7286537930899337,0.40548051076610037
2014-04-05 18:00:00,DEHM_BD,3.6012334650705,5.331302507352003,4.6547729548727865,4.062323250258876,2.432499710291703,3.309338143628376,4.073438878586913,1.373311173347812,2.8507964915150463,3.0322314241868025,0.5362433702739575
2014-04-05 19:00:00,DEHM_BD,3.969568850782575,5.497916365283705,5.486187060691382,4.652716784062871,2.6330643706263515,3.6501246180306675,4.518363173505184,1.4782416720834375,3.360093387063439,3.368496579310703,0.6796584009143904
2014-04-05 20:00:00,DEHM_BD,4.494503421553913,5.0697856461415585,5.568439474114117,5.45893584000327,2.956673770225814,4.098053987210056,5.30664604728794,1.5520564695446937,3.7365887045291233,3.75373410630288,0.7595371406319396
2014-04-05 21:00:00,DEHM_BD,5.040244245837416,5.207761461352971,4.96605259363678,6.1783649572547805,3.5037356469775323,4.635688857113278,6.0631917667207365,1.6284932599966226,3.9979669702103733,4.243246725387982,0.7669491709124641
2014-04-05 22:00:00,DEHM_BD,5.5395739085094124,5.4871173438284835,4.463300419350201,6.634075850541983,4.140584504061407,5.1456543930648,6.466835083919423,1.7117713909938184,4.101063121780828,4.8253762407678895,0.7382866452377891
2014-04-05 23:00:00,DEHM_BD,6.114339073382949,4.729864692108922,4.164078924565343,6.631598393808149,4.467731152763801,5.487494849435189,6.48154615215959,1.7733428246091305,4.2060680179509475,5.382171004223477,0.753155527433657
2014-04-06 00:00:00,DEHM_BD,6.614251250997093,4.506353402718238,3.9409085791247342,5.924420367332177,4.392794224525639,5.721444341724963,6.565119961752825,1.8032377902111412,4.273231508197852,5.71816985636289,0.8039047397086909
2014-04-06 01:00:00,DEHM_BD,7.1123677422872955,4.571581054023881,4.0467693318371385,5.074036875077201,3.782216341264705,6.116306990334641,6.364778583209074,1.8576823354536298,4.062276751667066,5.999208618628494,0.8624038995740549
2014-04-06 02:00:00,DEHM_BD,7.090277169572243,4.588100566109701,4.377011232443028,4.730001646495077,3.4119452660914646,6.61872100468322,5.911280466440191,2.067365029914379,3.9125156440166666,6.538800404853914,0.9368905685909346
2014-04-06 03:00:00,DEHM_BD,6.939786693455566,4.840166043338862,4.580204532285417,4.961554315457116,3.8206965232026606,6.794279340825013,6.019585716518928,2.2833401125395296,4.5070220519351585,7.121056948668394,1.032574326752208
2014-04-06 04:00:00,DEHM_BD,7.4399242495603435,5.514236225067135,4.669108967889792,5.286976443748102,4.175743203259078,6.698800164261941,6.567144910014386,2.3143211932611467,5.2058880462325545,7.383666933185721,1.126006658420553
2014-04-06 05:00:00,DEHM_BD,6.817073287678398,6.105266794971298,5.011188901506628,4.842642681288097,3.6986834627919793,6.4186168190911905,6.791888915600364,2.234420774849653,5.031684519876419,7.739180187562918,1.1751025240455788
2014-04-06 06:00:00,DEHM_BD,6.1898762140791215,5.684494120354588,4.7299944822032005,3.674308399249797,2.6984165873252306,5.000346736433974,5.799473287601981,2.1204985709291697,4.377205438401327,7.084562263803743,1.0704592123032315
2014-04-06 07:00:00,DEHM_BD,6.02015703000485,5.035266699203794,4.120371521072551,2.842502043117687,2.0043047371236047,3.333479836078232,4.083075889922261,2.0320061821192503,4.044231614200249,6.015752943353383,0.8826601367656279
2014-04-06 08:00:00,DEHM_BD,7.034421608719379,5.276971543791037,3.5011843907689686,2.3143014642592994,1.390173486151546,2.330279729281962,2.83140823889363,2.0031177877289057,4.1834372320114825,5.943833223421925,0.7049336668485681
2014-04-06 09:00:00,DEHM_BD,8.224053477888479,5.92979813247304,2.7152847129468665,1.8391706993014318,0.9635246815576406,1.5877800975025724,1.7334494526253696,1.9899871177205442,4.406895175805278,6.754004960515216,0.5173270562969916
2014-04-06 10:00:00,DEHM_BD,8.523543333096516,5.673812693252595,2.1697224606323253,1.221721117971924,0.7374404958750166,0.9457034070396733,0.9929330507926034,1.9611597581738234,4.470356634421684,7.585980342726846,0.41292022479201185
2014-04-06 11:00:00,DEHM_BD,7.989523431134909,4.206993950686469,1.889911989546597,0.7225172687424901,0.4915346599053648,0.653894900341714,0.689640963596701,1.8574696060363949,4.4853539623725975,7.986637350062248,0.36319682656041563
2014-04-06 12:00:00,DEHM_BD,8.014052849699791,3.2366553960331776,1.7017342497977686,0.5563690040623058,0.28929055132674275,0.579124025073874,0.7690926299911667,1.7460714835260807,4.62157242037781,7.452636052654445,0.3368391826557834
2014-04-06 13:00:00,DEHM_BD,8.092748711462667,2.9735431415915214,1.545210457862336,0.6406254424821607,0.3593230018084169,0.6760934648093769,0.9002178535857306,1.6530279031999782,5.012537396643795,7.245973419024996,0.3309396883125648
2014-04-06 14:00:00,DEHM_BD,7.859845563574757,2.4194797420657883,1.5467781551959585,0.6800927624143392,0.45214072891485635,0.7307775705954138,0.8822138946636684,1.544259391575325,5.546298573235456,7.420972903205396,0.32561182685962053
2014-04-06 15:00:00,DEHM_BD,7.588888691982461,1.947578891793349,1.694674579094479,0.691514206018359,0.44980089416404256,0.7490188414583537,0.8827707908993385,1.4565744107810685,6.124731862326535,7.682507851833986,0.30757150207159334
2014-04-06 16:00:00,DEHM_BD,6.681078963346382,1.9333805461939995,1.391117327481676,0.6503188602095256,0.36359586034268593,0.7305678191125529,0.8597072556346552,1.3951635306093468,6.353884475800267,7.869803934709855,0.25014574951000335
2014-04-06 17:00:00,DEHM_BD,5.833010850624229,2.24500738553553,1.0324836771536854,0.5813347033153475,0.29232683297893025,0.580737392218355,0.9010980008013951,1.3008785455942153,6.504157165653914,7.943166782954456,0.22988416800095013
2014-04-06 18:00:00,DEHM_BD,5.354440251551136,2.3179950159691805,0.8774570399666026,0.6562616938502717,0.2566579181067923,0.6940551298517826,0.9164786022740947,1.1848877231462671,6.625927654862213,7.85608239422398,0.262478524281497
2014-04-06 19:00:00,DEHM_BD,5.065709679411299,1.9134050472040098,0.6669068883168965,0.9074582147667429,0.24422876943111416,1.1058428459341376,1.1280488960127817,1.061108916124217,6.5837556922649725,7.57572119202405,0.3044303913310409
2014-04-06 20:00:00,DEHM_BD,4.419556364267308,1.5039374542824584,0.708627874444314,1.2321317342289,0.27312965640083636,1.4093277991719135,1.4314997146725124,0.9415338544080778,5.827939942143294,6.862079747301602,0.34143597028672057
2014-04-06 21:00:00,DEHM_BD,3.6732029571626024,1.1062889111302796,0.8153474925860158,1.456836952684162,0.4921754486728039,1.6105581082921212,1.8996932880959019,0.8371565203953535,4.8120820223402045,5.813998862944662,0.3724845708135888
2014-04-06 22:00:00,DEHM_BD,3.4047451605005534,1.0453368059295118,1.035983721785404,1.602129053139011,0.8777611143714446,1.863367019124103,2.4457220291650046,0.6926676969603448,4.092528086900739,4.893085262794846,0.4038634410938793
2014-04-06 23:00:00,DEHM_BD,2.872346954356982,1.0437364424197864,1.401585549864869,1.677345908179168,1.293487849791334,2.2849366889364053,2.85651163220365,0.4913462085759266,3.7693443239973203,4.329358644121229,0.4415001735717491
2014-04-07 00:00:00,DEHM_BD,2.367253854107325,1.390592411038022,1.5266523321484065,1.7347441627435667,1.7374757790183741,2.668012445571346,2.917116500899933,0.3328720273850485,3.5728379900693614,3.255744210652434,0.4906507663227714
2014-04-07 01:00:00,DEHM_BD,1.643322466265217,1.7296802846383779,1.4764291121133808,1.6829734000954264,2.1950613482712535,2.7475183203455993,2.788789482374793,0.24246860143382093,3.1430301759187445,2.5272025268483898,0.5550439808732516
2014-04-07 02:00:00,DEHM_BD,1.539018910537121,1.78884039263267,1.352473211884738,1.611959833242476,2.6300022262441503,2.62862195721849,2.4643671067754305,0.17537610066935413,2.0842082949429286,1.924786025428539,0.618842455804587
2014-04-07 03:00:00,DEHM_BD,2.067412690370103,1.724415001811007,1.2789001793826202,1.688636009860687,2.9529870214353315,2.519612205785887,2.1530295495705722,0.1503608477008156,1.113738649322614,1.3155012143110023,0.6726047647084621
2014-04-07 04:00:00,DEHM_BD,2.351546100042852,1.628965894991579,1.2820014214974234,1.927706247646575,2.9430982581993566,2.466165881565092,2.056739193858806,0.15666552051655933,0.758010153425443,1.7028806657130724,0.6917309689948149
2014-04-07 05:00:00,DEHM_BD,2.1289136895588143,1.5064311412448144,1.290029936180722,2.1343106396460727,2.5722259442438187,2.493509730020768,2.2451147560317772,0.20890451152693462,0.9897528940145135,2.212488145793978,0.6556277959297969
2014-04-07 06:00:00,DEHM_BD,1.80919684094629,1.3937969340073073,1.2935567502093097,2.0364878767447276,1.9013125080782176,2.3263272166488145,2.3336179278377895,0.2377980174225009,1.4114377498784325,2.257210412120732,0.6004830096818133
2014-04-07 07:00:00,DEHM_BD,1.6402376806136174,1.2903255356468066,1.2895948130291361,1.8299085273379128,1.4343828811432422,1.779575823673746,2.001622255283785,0.25250781730187116,1.4533442163099328,1.9248415602287177,0.5956869370367378
2014-04-07 08:00:00,DEHM_BD,1.567221323022344,1.1973369249411316,1.2320046757590843,1.6879718891528743,1.2409716093997658,1.1984281020057073,1.5673644614045652,0.2601699178389342,1.4514010364147694,1.614037164353952,0.6615163749400572
2014-04-07 09:00:00,DEHM_BD,1.4966775813602966,1.217239378918809,1.2306330318003273,1.6010538487947137,1.024316886851471,1.03886867968077,1.3689018973648186,0.22548638735246365,1.4065796542526094,1.4010820138332174,0.6877734813162312
2014-04-07 10:00:00,DEHM_BD,1.4437437248027842,1.2576265915765499,1.207154062902103,1.4550306535817987,1.0012362022401273,1.3196786529621853,1.4409718632538047,0.19025786761383984,1.3058542608037627,1.2403682985344273,0.682786502808826
2014-04-07 11:00:00,DEHM_BD,1.3059512350813782,1.2983148268053128,0.9904729066037812,1.386797278632049,0.80795643598643,1.5702012891388417,1.4587491712371132,0.16918224667863913,1.2153867508694984,1.1313853677234313,0.674767792712515
2014-04-07 12:00:00,DEHM_BD,1.1255661140917272,1.273983862042962,0.7475251854188747,1.1010264831181948,0.770777462470075,1.440752458525948,1.287214640217969,0.1634609601067005,1.1025292608594464,1.0510305225764687,0.6611584071259153
2014-04-07 13:00:00,DEHM_BD,0.9831462403769349,1.1070201309081624,0.6390197552196601,0.851940835785227,0.7563817861543363,1.193825896907294,0.9463116087650093,0.17370571381246647,0.976902551328942,0.902007300223989,0.634056963389525
2014-04-07 14:00:00,DEHM_BD,0.8581537613609319,0.7342570721525952,0.5541140886939717,0.6350108298011133,0.7553651448189653,0.8796151991456771,0.7030000638057325,0.1785738071919231,0.898468311829454,0.7266945713082089,0.6060093612442212
2014-04-07 15:00:00,DEHM_BD,0.7972603919455161,0.5559641338033516,0.5820037941266492,0.4738540710495398,0.8125033156150532,0.7347910173864378,0.5155882041788977,0.17076795388969584,0.8403964434027671,0.5791683602020523,0.578495579161921
2014-04-07 16:00:00,DEHM_BD,0.7620144770664948,0.511488908659784,0.757911220212063,0.621445092175984,0.8543472827229928,0.7558732763728064,0.47892323247468516,0.15394388607112225,0.8697849544068488,0.5518678781416888,0.5666765077979221
2014-04-07 17:00:00,DEHM_BD,0.7331784537042243,0.7328885072357432,0.7679726201552973,0.46220978332699825,0.6242337812805733,0.9146899202566869,0.6705690340484262,0.14743372819793393,0.9829336305071015,0.643357495978568,0.5502582210151339
2014-04-07 18:00:00,DEHM_BD,0.761528661721901,1.103807571030905,0.7527848237166995,0.3680860841593928,0.2169288356629291,0.7175261528510029,0.8825361182082788,0.13711980924296643,1.1606529422443883,0.8225010452371768,0.5220872625555912
2014-04-07 19:00:00,DEHM_BD,0.9351134833429611,1.341932313454107,0.7885742748132994,0.3046969624196302,0.09784640428936095,0.17447104356787735,0.6511324326853918,0.12024336057768654,1.2914104541273683,1.1043758882056887,0.48527042066966636
2014-04-07 20:00:00,DEHM_BD,1.323214364410372,1.4261410040289606,0.7888609679057584,0.12820192229902477,0.23969096712031396,0.41774558722136934,0.16005696273435535,0.1119421840344182,1.250272699850297,1.3935178746407897,0.4356073975282999
2014-04-07 21:00:00,DEHM_BD,1.7694885626800874,1.5880446902085301,1.0736339926488667,0.10450964816426611,0.3339679848688886,1.2331571460784272,0.15276368464405954,0.11065912221405635,1.1691524642260163,1.5297166547480754,0.39442830046283067
2014-04-07 22:00:00,DEHM_BD,2.09192432206547,1.7271046790986837,1.2460552269446268,0.4108283384171235,0.4170326175966672,1.6289052595684423,1.1131603446729084,0.12383195789460086,1.1393084490356036,2.0759617609966408,0.3620263296117166
2014-04-07 23:00:00,DEHM_BD,2.720613077979565,2.0182475702349953,1.766424362527455,1.3469050716178754,0.4717283816048874,1.8654820124198763,1.884415740287785,0.15317736495383066,1.2687115112783458,2.4306304711211704,0.34094430693701827
2014-04-08 00:00:00,DEHM_BD,3.723367555236995,2.649295077868947,1.985612541491032,2.1375724501578692,0.49728744590040275,1.8953615093204077,2.1707257066329495,0.18479671539310352,1.8031811731004062,3.062268053452838,0.3601549003188125
2014-04-08 01:00:00,DEHM_BD,5.113472266006563,3.219011237183192,1.832930732032796,2.212119040617639,0.7314955939289554,1.2809260922325536,2.233665007451628,0.21106456964828063,2.334792188294493,4.481183804236036,0.3910129043511672
2014-04-08 02:00:00,DEHM_BD,4.641661711214651,3.1648047614717862,1.3860293360377216,1.6937082168616493,1.1980905040538683,0.9873246942328218,1.5065209121523537,0.20463842212289568,2.14931424038792,4.894665346248988,0.4263001502021402
2014-04-08 03:00:00,DEHM_BD,3.4483342854048686,2.9213151620734847,1.0470791994826822,1.3082786916287674,1.8441129218613357,1.2889617993756173,1.0948016326573908,0.22469193853313088,1.9248812359984968,3.6739299418997393,0.45581058380708084
2014-04-08 04:00:00,DEHM_BD,2.930861789272595,1.714588226078393,0.9155567298857136,1.4258263322831812,1.7710815400714985,1.6063734816557593,1.3644919337625876,0.26719817940507073,2.264311691041533,2.540095061358959,0.4595446464173867
2014-04-08 05:00:00,DEHM_BD,2.5309686309928305,1.3532374621817642,0.8465669786740662,1.6700678127156274,1.0673525669375805,1.4581895108666507,1.6511372378044413,0.25195098999403404,2.6546464400829746,1.732394338046992,0.49275165621285316
2014-04-08 06:00:00,DEHM_BD,1.4906194508971082,1.0452162584436118,0.7328062502802095,1.6811232055135001,0.7455601799467206,1.2001357405154511,1.4398682589692338,0.17989734999619408,1.8859704718461514,2.445480707014091,0.4843695047569647
2014-04-08 07:00:00,DEHM_BD,1.8860942617508383,0.853231540740783,0.885703868434907,1.1673245653541648,0.6688948650721459,0.6840326995771493,1.096928127026534,0.11352764132450319,0.938722161958816,1.7741032459632586,0.39423508835462845
2014-04-08 08:00:00,DEHM_BD,1.7079911140282653,0.8149564906397821,0.8285689807673889,0.8575912912996835,0.6415398253866378,0.5129806686051178,0.6960668470351863,0.07990553336866187,0.7337441463048195,1.3425221176701911,0.3443588384049663
2014-04-08 09:00:00,DEHM_BD,1.101427299878618,0.8540153906439577,0.21940239379680826,0.5876300590458756,0.5781924304945952,0.5327365972190954,0.4892798352639097,0.059217548110708465,0.837955099969951,2.105849318366301,0.3510935075015946
2014-04-08 10:00:00,DEHM_BD,0.8828314267830948,0.8525341761888886,0.10469947000732573,0.44328705189824213,0.5945222629187442,0.5765672235328587,0.46387261155505366,0.046861676954319594,0.8462420921690761,1.32304228857656,0.37152101959973566
2014-04-08 11:00:00,DEHM_BD,0.9408779813566209,0.2538974121995712,0.12214917008164211,0.5002521741859601,0.6383263491959495,0.6469816497411996,0.5147714564391788,0.03954852434534559,0.6938338225746392,0.9596830235375842,0.4111686681255697
2014-04-08 12:00:00,DEHM_BD,1.2546036119885764,0.14176091027369342,0.1408138156487163,0.6089300999695539,0.6570000734616257,0.7117200541043538,0.6540566838230164,0.03272035950253242,0.6559178751628613,0.8209630428684899,0.4487772067487239
2014-04-08 13:00:00,DEHM_BD,0.655833379510127,0.15893370743928892,0.19386279905263681,0.725276019765014,0.7460565956254674,0.7784882291445065,0.7472595412525201,0.02639217102192325,0.6973216741675342,0.874715261253046,0.47085507626384493
2014-04-08 14:00:00,DEHM_BD,0.19381508858251434,0.19664450817397555,0.19451275602766646,0.7972377285858125,0.8110182491974532,0.7903489436163031,0.7641366362301749,0.030548189914030716,0.6800227350618397,0.8717109191860506,0.48293026566445824
2014-04-08 15:00:00,DEHM_BD,0.1553114341031427,0.17365887726316748,0.1796225439851584,0.8606417180473753,0.8289456950815581,0.7696132583692018,0.7402718791238585,0.060064409897115395,0.4651574632013687,0.28971368215944254,0.47500647679589686
2014-04-08 16:00:00,DEHM_BD,0.15064764694550298,0.1535202249977695,0.15430009621419816,0.8229158830117864,0.7637134795510208,0.7842356857387907,0.8049285104194934,0.08112210423229707,0.25684505502537985,0.2122129150207991,0.4696336909350379
2014-04-08 17:00:00,DEHM_BD,0.16924553065567033,0.15080843511934014,0.1275030514641137,0.7350126908364234,0.6833630526094325,0.8379149111372715,0.944718577566372,0.0973749437201697,0.20571396585292523,0.17613439308687345,0.5004578287426382
2014-04-08 18:00:00,DEHM_BD,0.17426216141906495,0.16967085369647295,0.1507424968560248,0.794281972443722,0.6053507769213057,0.9272987410848781,1.1139923412919563,0.1039477219680742,0.1766931629261746,0.18960750842656124,0.5374625050001218
2014-04-08 19:00:00,DEHM_BD,0.17341603427172977,0.1475468513557017,0.11853420615830856,1.0168726078520234,0.5207641761850286,1.0554536361317848,1.349317395325178,0.0986248465334437,0.1357323420046549,0.22243233599125395,0.5714962110490723
2014-04-08 20:00:00,DEHM_BD,0.17258942182289183,0.13266571982784334,0.11720660880482045,1.3201246838416578,0.40668714760336083,1.1304779453046367,1.6349896201372731,0.08482692546756457,0.10349808648990463,0.21820180814950024,0.5965311060109734
2014-04-08 21:00:00,DEHM_BD,0.15740488169662878,0.13283434793453766,0.1363541912111365,1.5637928764880173,0.271445207985565,1.1674747082020327,1.7929044999709771,0.0707963943925033,0.0794415867735909,0.2066710290318389,0.6062393433205782
2014-04-08 22:00:00,DEHM_BD,0.15052292606793674,0.14573594909209803,0.14791817323602324,1.7558650341090645,0.2281803636929298,1.1858612230173573,1.8556867733482412,0.06205432739582836,0.0657920505716813,0.2035384435133164,0.6440964414674788
2014-04-08 23:00:00,DEHM_BD,0.16673077666552255,0.15515908307868034,0.129460330630183,1.9279312498587928,0.3150085890578711,1.2072062588042698,1.907209069271761,0.0623706868546501,0.06079542516654808,0.18270820111101363,0.6997854583849757
2014-04-09 00:00:00,DEHM_BD,0.17505169487712655,0.1518958477120633,0.09635155636966979,2.284886730317759,0.5583592102732462,1.2976353330505548,1.9729982105931079,0.059399466725145365,0.050678384460224705,0.18391232103869834,0.7507389506383984
2014-04-09 01:00:00,DEHM_BD,0.17434654396875165,0.13991729606467368,0.12572960122649135,2.5836702193723817,0.8335144983284035,1.4182886064872378,2.062532936370438,0.05435452586595189,0.03821324091659853,0.19538991142026374,0.8444948579272628
2014-04-09 02:00:00,DEHM_BD,0.16369244145862166,0.15347817005919584,0.13115212147722002,2.816324841602304,0.9260634984105638,1.5581912379642546,2.1359636120694145,0.06472552654647713,0.03206278314817694,0.18538502261622392,1.0055338385919481
2014-04-09 03:00:00,DEHM_BD,0.15299242387490228,0.16735462909139573,0.12057564696239355,2.922854013654604,0.9487515439716818,1.7206915610221467,2.198724412424059,0.07638002269822156,0.031588029542248514,0.17354908751104017,1.1516702747317402
2014-04-09 04:00:00,DEHM_BD,0.15554004143724318,0.15802205572130848,0.1088932634920742,2.972087526059496,0.9708415805303072,1.845151300264155,2.3039762818651597,0.07359590162375931,0.028526326836682683,0.1600552598931545,1.2458512906895578
2014-04-09 05:00:00,DEHM_BD,0.16046487366897969,0.14258835060462782,0.09499039752068918,2.912875895311065,1.1266374138642008,1.9102793033276417,2.3312344897122568,0.0654958668635459,0.029674418491087786,0.14449705090933934,1.193196796536371
2014-04-09 06:00:00,DEHM_BD,0.15146931353943174,0.14071531171624452,0.0942255591240617,2.435228126432458,1.4930722026742853,1.91507803646927,1.9862884454559466,0.05945060816749691,0.03662899740016067,0.13238674716345028,1.0544759886815025
2014-04-09 07:00:00,DEHM_BD,0.1440428698381594,0.13219666786985929,0.09767864086737371,1.9812541921572955,1.862017782414844,2.006780756228257,1.666405246398321,0.05624287473960074,0.049856682518357266,0.12119730908197096,0.9014679596841707
2014-04-09 08:00:00,DEHM_BD,0.14329055721138123,0.11299586447763135,0.09769730395757108,1.947373101907399,1.8825863660645208,2.1130328786150008,1.9610243015551632,0.05663364493154337,0.07610793642885963,0.11732331447691416,0.7755461018700153
2014-04-09 09:00:00,DEHM_BD,0.14061266355296934,0.1071656231277953,0.0983933598051149,2.155209015677785,1.6839202856570017,1.7995493343810272,2.2920625492276834,0.05890388324181066,0.12809653948813654,0.11915368146075378,0.6917434610391408
2014-04-09 10:00:00,DEHM_BD,0.1324088661963992,0.12561854793874155,0.1046122619008411,2.0027587492502144,1.5872184674316645,1.4840460226518755,1.9221028941221276,0.06201861679572595,0.1892834707240852,0.10785989755919187,0.6362589840704854
2014-04-09 11:00:00,DEHM_BD,0.13513065868060556,0.15043940807998163,0.1102271386817329,1.8042645871059084,1.5321026102955824,1.3779737890224715,1.405576289425178,0.07134769754935984,0.2257676562326656,0.06812565973585924,0.6179891744504542
2014-04-09 12:00:00,DEHM_BD,0.13335471755461642,0.162444768445694,0.1127967716754599,1.4926868931002366,1.455211865668958,1.2793207960716169,1.1108857729004114,0.091133714568531,0.23822329236311707,0.057577436487022585,0.587611842111214
2014-04-09 13:00:00,DEHM_BD,0.08987376194626073,0.17800807165989285,0.11212354320904465,1.1763366652898646,1.3982923638138827,1.2157283264654872,1.010668944793262,0.11547679403747424,0.23819545670724582,0.07015992431296021,0.5479991592898126
2014-04-09 14:00:00,DEHM_BD,0.07898231521954745,0.17458016094111417,0.10827298190539458,1.1756771189524355,1.4551815958898326,1.2413960209307378,0.9769855272705854,0.1415502630056999,0.23719325321406987,0.07601552167717585,0.5103292099059932
2014-04-09 15:00:00,DEHM_BD,0.07968012923005956,0.14321581065989958,0.10320416206390125,1.1457761553269308,1.5672545413381977,1.3304323474951973,1.0589274117026373,0.16585459077816442,0.21220746334344828,0.11614526666140987,0.49203659581713255
2014-04-09 16:00:00,DEHM_BD,0.0863227212962506,0.19726460978691956,0.10122317870918943,1.029347024395725,1.6214782906879344,1.4980890083090062,1.2626280627635662,0.1762355899372323,0.1738600313826183,0.14460643059388056,0.48451828882998893
2014-04-09 17:00:00,DEHM_BD,0.12066696326566857,0.30301048966875965,0.12250895047222637,1.2091156209745353,1.6178363404905236,1.7076583505089544,1.6153198654221073,0.17758898321261155,0.1410516354573143,0.16357177976073603,0.4816805199061484
2014-04-09 18:00:00,DEHM_BD,0.1528605557408182,0.3867755346407248,0.17560983151066484,1.453053969693031,1.711379938084404,2.099626247606458,1.806422872898358,0.1753149912054209,0.12225422618299478,0.21115733477960924,0.478480400871672
2014-04-09 19:00:00,DEHM_BD,0.1770890860035548,0.368031811383531,0.2682602023297618,2.019011345840749,1.8122461116886697,2.495342483220229,2.1161284728340695,0.1775171949647118,0.11612926925107941,0.22538385385532084,0.48690380453470855
2014-04-09 20:00:00,DEHM_BD,0.17626884627196915,0.3544598594814769,0.4761646451105923,2.7112663910086763,2.0219545074836445,2.9350253740215884,2.6847844768663087,0.1883969939016731,0.12759382782892192,0.22263137817277823,0.5084162084428046
2014-04-09 21:00:00,DEHM_BD,0.18640442412419927,0.42376329128725915,0.6615683283357918,3.4992332292250348,2.2597643947370023,3.4118953303991413,3.4951819262222372,0.23668631136193863,0.1462088796427671,0.2098383765381347,0.5273524266467684
2014-04-09 22:00:00,DEHM_BD,0.18652163645583197,0.4708667273383404,0.8394825219402883,4.231754972408463,2.5303033515666913,4.029975161726332,4.25940793006897,0.292011231740294,0.16145925376844,0.18892469040788934,0.5260357723151694
2014-04-09 23:00:00,DEHM_BD,0.17282375533749336,0.4704817148798529,0.9606194960080232,5.005143784118191,2.8113541587545394,4.784556802580623,4.88176924629451,0.3088634440777078,0.16572471014578577,0.18108499722789378,0.5113851412085875
2014-04-10 00:00:00,DEHM_BD,0.15064422901731908,0.4629430995743086,1.004883385743096,5.749706247408291,3.0819720438028804,5.4598240882079905,5.562946972074434,0.3168989692988432,0.16350902845312598,0.19527114980298316,0.48888067141658686
2014-04-10 01:00:00,DEHM_BD,0.1372482922337343,0.526468677038417,1.0107770111183132,6.2970186579278264,3.349159972564671,5.9573935703737,6.292756095750326,0.3187754277335106,0.16479914764130246,0.21307657958268988,0.47484274177894215
2014-04-10 02:00:00,DEHM_BD,0.1312452703372388,0.6225703113749216,1.0234285420127276,6.74610455060039,3.6372234520838136,6.239279292098554,6.969147731036004,0.2951044326694075,0.17721781858735935,0.22178407479387807,0.47249036118736387
2014-04-10 03:00:00,DEHM_BD,0.12400153165573702,0.6510820162252902,1.0355873174246109,7.052031719680499,3.877522061589975,6.345570442317052,7.438705940469815,0.28263896267514194,0.19191568127975434,0.21332440303912148,0.4775367522721103
2014-04-10 04:00:00,DEHM_BD,0.1244005387889755,0.6794508179188226,1.0275089410269125,7.283027187405764,4.033452053778693,6.470726358113643,7.710437210949913,0.274633811991097,0.20701060229137996,0.19678704626798615,0.46805737516036244
2014-04-10 05:00:00,DEHM_BD,0.1414586711378009,0.6981652054204286,0.9031642733284223,7.1124521935080764,3.917455741008846,6.359889534632508,7.840124068151667,0.24119422116554445,0.20775114693700095,0.1844713437978504,0.4259847676788736
2014-04-10 06:00:00,DEHM_BD,0.18934707285845295,0.685121603889448,0.765663490724407,6.302152234778487,3.6656995639289724,5.465745791669191,6.69922436301651,0.19822796274789828,0.1856735427730552,0.17348182784020885,0.39431060784453514
2014-04-10 07:00:00,DEHM_BD,0.21699548783853112,0.6595869644747018,0.682844021909029,5.7394992882560505,3.5885633943019273,4.7711363799753785,5.398916506648391,0.18577561986993052,0.17454401180133444,0.17679084880111495,0.37839985819784455
2014-04-10 08:00:00,DEHM_BD,0.22237248785369737,0.5814754235131419,0.6159541429939045,5.051389532074005,3.4929946185187597,4.265483739791536,4.536856225363271,0.17024773185761638,0.16373008683193696,0.19061124097265986,0.37179477357379154
2014-04-10 09:00:00,DEHM_BD,0.27625182739057447,0.4418757771092039,0.6257407780085886,4.514689835129063,3.4347637657741967,3.9089665344150024,3.941227317163902,0.1652649385599419,0.1432063404371402,0.2087100249253352,0.37116560063431026
2014-04-10 10:00:00,DEHM_BD,0.37883924261850066,0.3459553843179126,0.6065656903454748,4.239136401457134,3.308285495058456,3.700444840860707,3.4810442699724495,0.1775388062960654,0.12401126880462264,0.23662881174366213,0.37310064389313086
2014-04-10 11:00:00,DEHM_BD,0.39948627533067826,0.33929595267093016,0.5099125470265304,4.064951931223423,2.882016926789582,3.5533156793770315,3.310953234426063,0.1749241985391452,0.1162124995192419,0.2747568385861339,0.37373119673984456
2014-04-10 12:00:00,DEHM_BD,0.3469335226933272,0.3625898070962252,0.4888595171818233,3.6941981693196126,2.755363086176994,3.196341559713185,3.511169888592835,0.16977408756941542,0.13078103997485474,0.31296900298281777,0.37258714572762486
2014-04-10 13:00:00,DEHM_BD,0.26257678034151194,0.38858180590475255,0.5198240300154287,3.5618525858251817,2.83990531133906,2.941122458284129,3.8796309279589973,0.26093124065179374,0.15774909708288137,0.3399213158754418,0.3647118981999135
2014-04-10 14:00:00,DEHM_BD,0.21894719691251857,0.28164402714471454,0.47040753241806244,3.7346530785255334,2.761456409491366,2.6948330548173236,3.837234254195068,0.5556922649225173,0.16906573859599872,0.34669157215427526,0.3838188007168121
2014-04-10 15:00:00,DEHM_BD,0.20464718383782304,0.33395239574407654,0.48280170400732136,3.7798223069236228,2.7978466586990094,2.291893215394132,3.626373748780638,0.6341434382204572,0.14575318065550857,0.40133108975959847,0.41872125551934347
2014-04-10 16:00:00,DEHM_BD,0.21584702332637262,0.3608930939737749,0.5075678062330846,3.6930198985795206,2.7853191525202985,2.1864209376524535,3.2186744306312227,0.5105641183596477,0.11186116440182303,0.4190115071340172,0.46264542717082713
2014-04-10 17:00:00,DEHM_BD,0.2527876449337402,0.4983936864814893,0.5409498013092966,3.585869298114172,3.1943314922843506,2.4511703620310246,2.835734183728543,0.3988306634880602,0.10972531449007641,0.5311213488572823,0.5126096117841742
2014-04-10 18:00:00,DEHM_BD,0.39721956124483404,0.6018578081158802,0.6091315372991524,3.86203403498992,3.7467509884393073,3.0879914164175726,2.919289771944353,0.3214475275316833,0.12621724426705588,0.5365424390429082,0.5673814872739732
2014-04-10 19:00:00,DEHM_BD,0.8420098398505037,0.7031094838842576,0.7347220595809201,4.19418199707896,4.254591799747059,4.444792484853588,3.199812494920004,0.27189633190881457,0.1952384381768723,0.6607726195682997,0.6161014137519183
2014-04-10 20:00:00,DEHM_BD,0.995409919518528,0.8236177373923732,0.9539258284956192,4.1684543358866675,4.509023387085545,5.60507612091044,3.666737359494792,0.21350211516257359,0.3180949546138895,0.9157245403729771,0.6327994980709905
2014-04-10 21:00:00,DEHM_BD,0.9986327323081811,1.0254427737249423,1.0856457716459642,4.327965533278924,4.7617744045647665,5.867060886083155,4.397703391766856,0.1600855061990394,0.4527549324338602,1.1008162338823577,0.6090710835892087
2014-04-10 22:00:00,DEHM_BD,1.01789320411989,1.2237927524855465,1.1220331956765242,4.627561358620764,4.996286686316907,6.0489230251635,5.121363238252108,0.1324779718736232,0.6623124515250557,1.2435490175937116,0.5433951265019008
2014-04-10 23:00:00,DEHM_BD,1.1143727644633339,1.4309959060902178,1.1444681904545333,5.001513740931266,5.210769507605181,6.335042134594946,5.866837289693661,0.12062906789371258,0.8700310103466141,1.4649698450533302,0.4457066224766265
2014-04-11 00:00:00,DEHM_BD,1.4800898490454202,1.6260151823060447,1.1163882793958997,5.3104525030696745,5.481674377276398,6.631664860877941,6.556627773398879,0.12482891612391907,1.0553656871813535,1.4652513543789087,0.3551850754179859
2014-04-11 01:00:00,DEHM_BD,2.0322692294478117,1.679016600743729,1.0658326463997387,5.562108610513104,5.801895589848518,6.856129089200273,7.069591845751498,0.12675580805836226,1.365529897417197,1.358829430704564,0.2760345914186153
2014-04-11 02:00:00,DEHM_BD,2.4724521266443933,1.6840363833333338,1.0044099109988962,5.741033597507328,5.928731358853181,7.110106141582591,7.404877753551184,0.13061831983035418,1.6714401872428555,1.317343448843099,0.2210952261955356
2014-04-11 03:00:00,DEHM_BD,2.855754313250322,1.5359174696160531,0.9582775718014704,6.042682649338583,5.932190104421885,7.359435644762218,7.639243455262398,0.1430354920445288,1.8015588589221379,1.4633003945025802,0.1989414608031385
2014-04-11 04:00:00,DEHM_BD,2.9254261786903806,1.3315506403368829,0.8511010746950434,6.301976250653378,5.821208009629527,7.410925941436876,7.923275312998091,0.15633400738958253,1.8095449532960586,1.5633514624216964,0.20734052280214255
2014-04-11 05:00:00,DEHM_BD,2.8111479227173692,1.1890497571123304,0.7074441762296053,6.466776944227625,5.522364421053613,7.084881312389783,7.5632831744396976,0.1700243352333827,1.6972482020814275,1.73249125049592,0.2581198568109194
2014-04-11 06:00:00,DEHM_BD,2.470715555365841,1.0427701228899697,0.537005914482795,6.285627330838637,4.78341773121356,5.999788494982086,6.384874683514843,0.1660111945728956,1.3924155171261658,1.7938670121109905,0.33832150336443734
2014-04-11 07:00:00,DEHM_BD,2.439947608293097,0.8576096103289172,0.3148472451286377,6.026442565343327,4.030057229701246,4.7350295134456,5.188310318037555,0.1539863348374887,1.0786582543782632,1.9681969469239722,0.41514685388190375
2014-04-11 08:00:00,DEHM_BD,2.4393769145417146,0.6246329210796909,0.18770350223704235,5.55419675776519,3.3197668867975474,3.640771317348074,3.7447432359725124,0.1435332849811389,0.7619110765664465,2.026426705366778,0.4810646821059286
2014-04-11 09:00:00,DEHM_BD,2.3391041327815953,0.48650963514247403,0.27075331707619243,4.203511636961729,2.7812436142565025,2.8776681754373246,2.680613157008226,0.1370793222181498,0.4828008331120758,1.93777113249224,0.5048880236222821
2014-04-11 10:00:00,DEHM_BD,2.1398656817034585,0.3717762063031739,0.30209447492424035,2.9806201317116234,2.360783570995722,2.374656053118389,2.240761192357792,0.13640590601759017,0.36510962265864,1.809102954726634,0.45873687174021544
2014-04-11 11:00:00,DEHM_BD,1.812238251840235,0.31506056595988235,0.2373290341949415,2.812041589267115,2.264266573678404,2.1238714203427262,2.4398753779047078,0.13890848407546977,0.2948140399995444,1.785394213876389,0.36207104145735725
2014-04-11 12:00:00,DEHM_BD,1.5257831541020515,0.27038401459734324,0.24914931606186774,2.956482973665075,2.2108596912662777,1.982430178387994,2.749913211277652,0.14075151509690087,0.2215134998128562,1.690807964044452,0.26534815389304167
2014-04-11 13:00:00,DEHM_BD,1.3587630167650926,0.2552239700380176,0.29422631891273066,3.1081302656801992,2.109620015015714,1.7739351825325473,2.8987592722281654,0.13353448998133874,0.17908841877434392,1.4475166564369362,0.20402767842145395
2014-04-11 14:00:00,DEHM_BD,1.3371498625462024,0.23678970454278037,0.35642030695006177,3.253312973398911,2.0681870336599832,1.6854112946878723,3.4107288953458346,0.13016060725330014,0.1761820648736133,1.401172627898259,0.16564577420556006
2014-04-11 15:00:00,DEHM_BD,1.4214859936388953,0.22739265799124808,0.33556218720746883,3.3025678408216104,1.7842285564647848,1.436889982615372,3.066657184042863,0.12793160275346002,0.18525458663027725,0.8603727528387446,0.1439049600371823
2014-04-11 16:00:00,DEHM_BD,1.436420103311961,0.22532951713429616,0.2917590021031303,3.259616666242465,1.3747149068513558,1.1629470360939198,2.0304195412827086,0.12727280916488012,0.20659643356776786,0.7050894610786366,0.12741994361062603
2014-04-11 17:00:00,DEHM_BD,1.3568989642055211,0.22985738361615787,0.2453831194742826,2.5632336935714886,1.0980936419913823,1.0555167945766015,1.5253253093488635,0.12274390095980943,0.22940212921919284,0.8118956652875695,0.11735739184001447
2014-04-11 18:00:00,DEHM_BD,1.1856381521555313,0.28772301078055856,0.28799204982445037,1.9180903442483674,0.9761696570999664,1.3071006916594077,1.5145667935233758,0.11213337692830841,0.2539276624234159,0.9513283156373656,0.11148384739063112
2014-04-11 19:00:00,DEHM_BD,1.1235237218921807,0.3336101143724176,0.45167769028867344,1.7189773309481753,0.9317221096527879,1.4660786004995225,1.8598319614639143,0.10947224568133124,0.3039105094322561,1.2417843713719319,0.10608718362027279
2014-04-11 20:00:00,DEHM_BD,1.4201787944687787,0.39130150976704736,0.5184466816487877,1.898995421283544,0.9585755736372106,1.511432373376941,2.099034038196055,0.11190584245074392,0.3689837683209032,1.5052396962463557,0.10102862022510606
2014-04-11 21:00:00,DEHM_BD,1.6125577282174468,0.46250099925806804,0.5272249139249832,2.1049287702065937,1.0517185343990962,1.6456524373424957,2.3421578750031413,0.11595359603745509,0.3357679020027816,1.6325704573022088,0.09850893032165707
2014-04-11 22:00:00,DEHM_BD,0.4759247060961009,0.5518030100851357,0.5423821926828729,2.3445806040392494,1.1305572390478116,1.862194891774392,2.725801159005745,0.13247437915286056,0.335977772655487,1.5985697591236507,0.09835029362456474
2014-04-11 23:00:00,DEHM_BD,0.32132349855376874,0.6379556052735168,0.5409639513704808,2.58018480605155,1.2477821314357627,2.1932122451367553,3.173285102652054,0.15162592811502534,0.35870591720804557,1.6885846439205499,0.09865761526015357
2014-04-12 00:00:00,DEHM_BD,0.3353570014101079,0.6796177785063651,0.5745219132254971,2.803237006186597,1.3772864803916776,2.546174530058097,3.6052795132141053,0.14779645921583273,0.3595410597547888,2.0236295730061036,0.10183210864110949
2014-04-12 01:00:00,DEHM_BD,0.4247223829613684,0.6868710744385281,0.619253779572537,3.0325033640156684,1.5024920113338625,2.8880941119016446,4.034046283261541,0.13407936248864033,0.3274447372122108,1.851048400180433,0.10804408789571533
2014-04-12 02:00:00,DEHM_BD,0.5325988239253673,0.6619402874489233,0.652170091925729,3.2783737195270715,1.625166062661434,3.1862943206225145,4.44472266760277,0.11979003379438052,0.28369971803069105,1.287180253901286,0.10872796857473425
2014-04-12 03:00:00,DEHM_BD,0.6995734802020487,0.5824549931995965,0.6381478497523976,3.5834513578256892,1.7550165792954457,3.3945633153251045,4.395871836030053,0.11045724323317403,0.29847614276781664,0.9137990045749302,0.10715646257921223
2014-04-12 04:00:00,DEHM_BD,0.7984250111861803,0.6205225571494061,0.6114283379719847,3.910406188695843,1.881376674465488,3.4547631597613635,4.094708871013142,0.11124199121810481,0.37385826174840314,0.8190820190093759,0.11378718536685786
2014-04-12 05:00:00,DEHM_BD,0.7783664193112088,0.6083301974187267,0.6048728344842942,3.8140364972673826,1.8903627401870724,3.3418554753679124,3.9101497922510635,0.15007997809007748,0.40142044566974044,0.7503712393237882,0.12573091095995378
2014-04-12 06:00:00,DEHM_BD,0.8459092084378643,0.5954178908454276,0.5890601825945596,3.532617091459176,1.7677614227575276,3.147623624048657,3.682481443594558,0.28336827477112403,0.364469806468673,0.6254478916070868,0.1434540437054027
2014-04-12 07:00:00,DEHM_BD,0.9433242681675742,0.5906707117692567,0.5144363790257751,3.3934816019213523,1.430030306069157,2.9380699784563666,3.618252833595725,0.3811627166242897,0.2917983544761641,0.5876898047490589,0.16047364546359266
2014-04-12 08:00:00,DEHM_BD,0.8494583996349284,0.5676350445267639,0.43945468125130627,3.240914570146152,1.0490670810246001,2.5636928159776837,3.3461193592452663,0.41794039477206746,0.25260100233829563,0.6761699025927297,0.1651886427271272
2014-04-12 09:00:00,DEHM_BD,0.8069819044761315,0.5336904581517964,0.38508319891623977,3.149438519411425,1.3473661314833303,1.8313509047444139,2.4789331041265825,0.43384291936079034,0.2426650173286673,0.803050221930744,0.1638035747991827
2014-04-12 10:00:00,DEHM_BD,0.908240339419647,0.46617707134559583,0.3500266924891141,2.3481415601549465,1.6928106321469603,1.8064630643847217,1.5707885795165042,0.4301027048284001,0.32552308851360623,0.9721763204931293,0.1574586350029915
2014-04-12 11:00:00,DEHM_BD,0.9463459107786711,0.35309290463070153,0.595344592060526,1.747214590844996,1.7324356445985754,1.988129591740138,1.6199864561476416,0.3168217579406126,0.43529679442431185,1.2493982363982548,0.1493432727777153
2014-04-12 12:00:00,DEHM_BD,0.9722933475609172,0.3639068543030958,0.8549140110733107,1.8628015550499581,1.5355895437309517,1.996820084607992,1.8180644116282891,0.1646241555486247,0.47000293580844066,1.3689289015048793,0.13652436075029917
2014-04-12 13:00:00,DEHM_BD,1.0447833312390191,0.8236158667571467,1.2234737354832048,2.017290257006741,1.7024952256899422,1.7234805018853303,1.7872221600668843,0.06000218273369579,0.51475283300673,1.040727397370409,0.12048004921125965
2014-04-12 14:00:00,DEHM_BD,1.0411929333196042,1.482464408032651,1.656523336986098,2.108004909375733,2.242437903539948,1.5369208281954607,1.8311157064825385,0.034573259537229194,0.5947975009462212,0.5893601401827216,0.11909955173358094
2014-04-12 15:00:00,DEHM_BD,0.7647417008701938,1.3432032938910323,1.5423466798599486,2.1005541694013754,3.0587691073105203,1.7827684519290292,1.7742244537791358,0.0368692083897906,0.5781961792919109,0.3987849990878589,0.14080316145987293
2014-04-12 16:00:00,DEHM_BD,0.43009541957813846,1.388046201411645,1.0278626738968561,1.974014998618972,3.6526464646265384,2.7244793811944437,1.5765976048368695,0.049884248180184436,0.6009903984100744,0.3685060952042667,0.14753832872856507
2014-04-12 17:00:00,DEHM_BD,0.511018162472668,1.2921994493017404,0.6615172085421381,1.900272534714017,3.4165339123385534,4.005301525728607,1.6915372378777576,0.06994490863662664,0.7287152747945347,0.4623234839684165,0.14607388943178481
2014-04-12 18:00:00,DEHM_BD,1.0375358884758619,1.1664689135943285,0.9425534736756651,1.9440205215193762,2.808200174939423,5.167726838422139,2.758156507007359,0.08689158078001802,0.7514160485476814,0.6543589064056087,0.1518563875072134
2014-04-12 19:00:00,DEHM_BD,1.7030476837647475,1.0016719143931359,1.4539136455030532,2.5586210917709002,2.5894187882681705,5.810398602252455,4.409342144067271,0.09843403069789518,0.6757226815099361,0.9370863002516095,0.16809244465944403
2014-04-12 20:00:00,DEHM_BD,1.8564167477693176,1.3715617978977177,1.4320483242124622,4.171583164842611,2.2883028198198834,5.703825818361692,5.951760093958028,0.10028963999329124,0.5861428400199394,1.2957750566913653,0.18868485368699642
2014-04-12 21:00:00,DEHM_BD,1.6551541252665878,1.844739607032147,0.813182422627949,6.036921174376246,1.8876561531243379,5.115711901951229,7.347358470029232,0.10106073259319638,0.4127106244612857,1.7697521749715739,0.20635049738144198
2014-04-12 22:00:00,DEHM_BD,1.8959558338957687,1.6492154953574252,0.6136875497086801,7.205460454348316,1.550582712603374,4.696843688909217,7.9308528842005845,0.09601325398329633,0.352372107300586,1.982202658084987,0.22728729511751206
2014-04-12 23:00:00,DEHM_BD,2.6896733058688347,1.2619142649390804,0.44965331464108976,7.5802413110097255,1.2870511752943017,4.597736288086706,7.560810692584098,0.0785557693324097,0.6003360301227774,2.06921090528846,0.2271651601151102
2014-04-13 00:00:00,DEHM_BD,3.3183431628093194,0.9299695883375647,0.3011072509611622,7.030105852378675,1.1195441624895832,4.424510935935038,6.999849116069958,0.05757018995250567,0.7614713949849223,2.2462340271434114,0.20809625039490248
2014-04-13 01:00:00,DEHM_BD,3.0485755768194185,0.6324591686254856,0.23190484481451196,6.230914214527604,1.2057896019043237,3.9748648706791525,6.410856733800975,0.05191582911003364,0.6556062776133161,3.198030337202398,0.18292810289876021
2014-04-13 02:00:00,DEHM_BD,2.0822635050164777,0.45699621457766615,0.18438699004711118,5.521592735500885,1.4726100405867957,3.404671471316073,5.5403554626147855,0.052509430424803695,0.5140811599194584,4.06061433048021,0.1598358070106355
2014-04-13 03:00:00,DEHM_BD,1.357629841056189,0.368248844155544,0.15556100002346465,4.953521836970896,1.3368514271243288,3.118960897867633,4.8828837943269585,0.051029123379299324,0.4734959567989466,3.73056759422043,0.14195355217147093
2014-04-13 04:00:00,DEHM_BD,0.9696623299787566,0.2999838413114711,0.14523072365136497,4.208625425502855,0.7522317623278358,2.8609698983313203,4.604638699091061,0.052844845011457545,0.3977408641225494,2.771173724084274,0.1276238271954544
2014-04-13 05:00:00,DEHM_BD,0.5436019114892778,0.23472621046911468,0.12350895117276664,3.7116263944295893,0.3824575895233685,2.3948219019569548,3.9826162091744033,0.05372220998039449,0.28255484296965405,1.7308971841014895,0.11966926501655595
2014-04-13 06:00:00,DEHM_BD,0.3166112216230538,0.13105761985899367,0.09475151421033182,2.7944004055068823,0.2943243418789375,1.2400115179160973,2.338920899160846,0.054633952752649595,0.13651078083130985,0.9768484072233306,0.11869799208716819
2014-04-13 07:00:00,DEHM_BD,0.21381333380051282,0.07696612031165016,0.06584394660104399,1.9563152923799878,0.2775531716980738,0.5188822836347913,1.0115126409952921,0.05944105450686052,0.07808640121274617,0.5005484955318573,0.11381949332227223
2014-04-13 08:00:00,DEHM_BD,0.1553172300043456,0.07979217752862273,0.07027325779732681,1.276830668188102,0.3112551422456139,0.38524058583264004,0.6555541460230817,0.06349638748856248,0.07819425018958731,0.3101615993556368,0.10329275328361427
2014-04-13 09:00:00,DEHM_BD,0.17802387581296364,0.08912118567702121,0.07467010996804446,0.8905743974014586,0.35771604762118314,0.3987640470271662,0.598769345970964,0.06644545454028986,0.0791664331040158,0.20704359951433593,0.08692643742018141
2014-04-13 10:00:00,DEHM_BD,0.22827874184723573,0.10937568148424626,0.07582629735753345,0.8173529551397724,0.41705899689330705,0.4755780917619354,0.6080301553571037,0.0673185925309359,0.07989783580273377,0.20269027480246904,0.07046977944041585
2014-04-13 11:00:00,DEHM_BD,0.18880674439941525,0.09706353524455588,0.0822799355641391,0.9132745689624298,0.4830726266563218,0.5493154547310992,0.6924863196845706,0.06743874390212806,0.08437487811394026,0.1730024483403505,0.06020828116762445
2014-04-13 12:00:00,DEHM_BD,0.12603816349187624,0.09234750486502666,0.09112125949455874,0.9706789434525993,0.5596111165793705,0.5954272616909443,0.8138665838151576,0.06834485530592482,0.08576810855057074,0.14056071505832532,0.05604128713757484
2014-04-13 13:00:00,DEHM_BD,0.08430950737446408,0.10714470881684107,0.09983872399376172,1.0452013486420368,0.5904034687197859,0.6416555012048268,0.8317862938900751,0.0735872136251627,0.08524432666350147,0.13231717891236702,0.0551732451011286
2014-04-13 14:00:00,DEHM_BD,0.08379234445792497,0.12250620354862635,0.1131798069729812,1.1315596966668622,0.5935277949931193,0.6622578398834111,0.8169727469696849,0.08759629329973818,0.0920217523366211,0.13483221123732625,0.05656351297317997
2014-04-13 15:00:00,DEHM_BD,0.09363020359880278,0.13877876317655063,0.12839654115766339,1.08428186269112,0.6211078918275051,0.6383918389585626,0.8095201693620637,0.10084476873602705,0.09676189128745331,0.12447229987868136,0.05941836164811156
2014-04-13 16:00:00,DEHM_BD,0.10127984987310125,0.1569758836951202,0.15585471715276175,0.9330036404180974,0.6339649436268908,0.586754099002158,0.7780729919634337,0.0984222282145264,0.0997285262646339,0.12583112903120203,0.06262024928985391
2014-04-13 17:00:00,DEHM_BD,0.11223605982248655,0.180272115232605,0.1711937672617881,0.8376585360309186,0.6976866409123409,0.6315513980360228,0.7674762688057423,0.09360158951159546,0.1084428862767665,0.1299620012932551,0.06451941371792913
2014-04-13 18:00:00,DEHM_BD,0.12639731735190016,0.2107525478350169,0.18086867622094852,0.8495804990499127,0.8849444509339703,0.9176322210675719,0.8624362958054659,0.09105318982433509,0.11228751958614204,0.1426166233449651,0.06413579827754451
2014-04-13 19:00:00,DEHM_BD,0.1464470386957836,0.22758460254554555,0.1805111035042689,0.9848239627832683,1.2653591649636207,1.4428458743852526,1.0502601847253847,0.09232979753916135,0.11646480350811016,0.15560812616874364,0.06346544090450337
2014-04-13 20:00:00,DEHM_BD,0.18786271616118133,0.23169240122874707,0.1720642940173244,1.3245061464748318,1.7677191609313572,2.0821659962900703,1.5061538703299435,0.08906902114658133,0.12620939948637022,0.1825173500968877,0.06321317209744858
2014-04-13 21:00:00,DEHM_BD,0.2209972520679083,0.23819800306597586,0.18193119021249052,2.062705458487076,1.7717678620322466,2.753928984377912,2.325585261489057,0.0763505229794606,0.1312993976965918,0.24607626183530543,0.06602488055619395
2014-04-13 22:00:00,DEHM_BD,0.2262319699682026,0.21327806945011432,0.19016212901139726,2.9068615169874934,1.724609334747023,2.9922035358581005,3.4558173280164843,0.0686283737709845,0.14226370108120132,0.28516577521301734,0.06972295171597953
2014-04-13 23:00:00,DEHM_BD,0.21598736663788312,0.1877611870304376,0.1694659040484328,3.0879250881759255,1.3035952353670355,2.9548209727851433,3.482444512021336,0.070223802875478,0.15387174800505848,0.30697874464948205,0.07399516512124454
2014-04-14 00:00:00,DEHM_BD,0.21097740460052136,0.20043692315782113,0.13838428472879327,3.8664200650529046,1.1267317155710002,2.542222090913669,3.6841176851238213,0.08826794015302086,0.15158448632262636,0.3289113066936945,0.07726622416204794
2014-04-14 01:00:00,DEHM_BD,0.19278995087907647,0.21639374329554814,0.10534724150716786,3.7481925526857274,0.9256842510683834,1.7384650210412498,3.525786605266064,0.11178364186134682,0.14101241691950694,0.29689466197303077,0.07908360918504513
2014-04-14 02:00:00,DEHM_BD,0.15653438270229833,0.18801014747141326,0.07897326553294319,3.0614580982453936,0.5601502632902005,1.3171888967908094,2.460168578075744,0.08243506288341698,0.1331347518637775,0.24965513152261753,0.07780023271430943
2014-04-14 03:00:00,DEHM_BD,0.1306369698031524,0.11782981980498153,0.05449331970087863,2.3629072504681115,0.3331912448144517,0.8305899747329076,1.8369104652463246,0.07568344141254656,0.12714807448815535,0.20637381472115773,0.073900360803393
2014-04-14 04:00:00,DEHM_BD,0.11996629494363893,0.08661565533057738,0.05753594632637208,1.8099090947018832,0.22326836313396684,0.5101668775532324,1.1090702497703147,0.08930200690020801,0.12066873687610025,0.16847640217052887,0.06811658868008418
2014-04-14 05:00:00,DEHM_BD,0.12482771722816377,0.061539904065883236,0.1285657093840517,1.1166435553192262,0.18557201705569387,0.3431049244248209,0.5055517591434961,0.08035598642324789,0.111852594269961,0.18379239232241049,0.053488459598905726
2014-04-14 06:00:00,DEHM_BD,0.1259565427026897,0.08632394272243335,0.10519612652950228,0.43525471200446353,0.1595421558450812,0.21117884490796351,0.2434454940317235,0.06476220883517504,0.10702085327661578,0.20787597545382946,0.04231258347766082
2014-04-14 07:00:00,DEHM_BD,0.1027553268333733,0.12087423951258527,0.09262655272793048,0.21894247347519263,0.13308669137053183,0.16550562771328722,0.17177810855903997,0.055172248972747355,0.0997221677780336,0.2820341104010675,0.03505711854688523
2014-04-14 08:00:00,DEHM_BD,0.06128018587225673,0.0883187965594685,0.10423562218540688,0.1877530377516086,0.11837393469133403,0.13593659737497552,0.1408936557250899,0.050373509940155596,0.08462915376600973,0.2513913227714565,0.031141184208214347
2014-04-14 09:00:00,DEHM_BD,0.06325027541258584,0.08096614920513799,0.11575525700461492,0.16865638353498053,0.11594471133828149,0.1288352614538975,0.13067298696636384,0.04528566764350975,0.06425195564235728,0.13214587387245808,0.02772809810073111
2014-04-14 10:00:00,DEHM_BD,0.1103174268786515,0.0665959508653857,0.10853185856555228,0.14877673904763705,0.11747686062318267,0.1322858866190398,0.1306690682857856,0.0438989942149583,0.04677687882903357,0.06218554273003447,0.02461650288885738
2014-04-14 11:00:00,DEHM_BD,0.08992681084829374,0.05598416673294952,0.09350877487772717,0.14621093751672937,0.11588461211040609,0.1409826955684809,0.14868831898840718,0.04878803155867371,0.04069593345056099,0.06941232047862234,0.02331201351664952
2014-04-14 12:00:00,DEHM_BD,0.06930016130567511,0.04908330809079041,0.08008771010244489,0.15017317067332148,0.11656434454573311,0.15071868000877303,0.16305172191998216,0.059350724541381794,0.038222163028406385,0.13709183673465145,0.022182041659114058
2014-04-14 13:00:00,DEHM_BD,0.06644746239985325,0.040970191342015294,0.07185729668018172,0.14839803407538857,0.12017006348585701,0.13938995951995237,0.15985075125347345,0.07515126356160719,0.02857723297058619,0.1996986787568089,0.020477306694283492
2014-04-14 14:00:00,DEHM_BD,0.05849688966644915,0.03545280803747605,0.07673658883197464,0.12882044669359627,0.12269435118438661,0.12662529658264693,0.13735632105702053,0.08507416096247253,0.01810921065388818,0.26762834190583895,0.018230017403131155
2014-04-14 15:00:00,DEHM_BD,0.046720663930547864,0.03670450560220039,0.08876359507655862,0.10020519725027661,0.10748161828106252,0.11938167493941251,0.1124367763946949,0.07890771439632846,0.014653494971362974,0.20830019513528897,0.016275861416425706
2014-04-14 16:00:00,DEHM_BD,0.04149327147628166,0.03615437114734923,0.10563922442866129,0.10304219269632524,0.10106602957153686,0.10563137161141127,0.11560360045420151,0.07167279599203709,0.015741840139424174,0.11553740308557768,0.01582651313486319
2014-04-14 17:00:00,DEHM_BD,0.04098186023718788,0.041742749640826256,0.1086057093831411,0.09906790163385205,0.10230976901952163,0.10855884960763137,0.11453003662512097,0.07525144234646099,0.018180007386070927,0.10391946111376174,0.016081659519558977
2014-04-14 18:00:00,DEHM_BD,0.040815785878817464,0.05747042406259847,0.10782735388217476,0.10123692396997344,0.1028611585440951,0.11405372470670319,0.12765126677707025,0.07775218621223685,0.019453359224371074,0.07947845985572138,0.01637878806445642
2014-04-14 19:00:00,DEHM_BD,0.053066285279178844,0.06940049693837633,0.10318704925016856,0.1359408479602697,0.10368851695007622,0.11319875670855267,0.16749470463051366,0.06567314776113357,0.020162175386468795,0.032665348667474475,0.01670115309574943
2014-04-14 20:00:00,DEHM_BD,0.06132979947418202,0.06188951041998478,0.09888564371027281,0.20195911364943595,0.10702485826018718,0.1117449086435725,0.2106509173014387,0.04903032232055548,0.020622470008104597,0.020454795375051703,0.01721527216837813
2014-04-14 21:00:00,DEHM_BD,0.05310435811573626,0.048655501657739915,0.08515669268814283,0.26697982914997404,0.11323494361694887,0.11387557480300176,0.23357164327851543,0.03869007298519613,0.021078594743418808,0.018587011101459862,0.018703011948584904
2014-04-14 22:00:00,DEHM_BD,0.04450661378343569,0.03985616799851874,0.06751906115355796,0.30865124618050377,0.1099959481822466,0.11496694681089767,0.23982202464228478,0.035497514651259374,0.021401869458785982,0.019368168900921245,0.02147605917667728
2014-04-14 23:00:00,DEHM_BD,0.03895974125836966,0.03407349999398127,0.05158669281423661,0.339878211367491,0.09880731580248553,0.11093440490447036,0.25189230303323784,0.0395255446858848,0.019368572493746797,0.020463279352044478,0.025418818432472005
2014-04-15 00:00:00,DEHM_BD,0.030488494596330813,0.03043169360900254,0.04143323267689803,0.3492706921698781,0.09663738214369387,0.10653832893426772,0.2582263868559379,0.046443804636639344,0.01901535017055819,0.021255328265380593,0.029855960567132446
2014-04-15 01:00:00,DEHM_BD,0.02534508293041308,0.030882940700691915,0.035697234250707824,0.3620096011998038,0.10158862764785981,0.10814220687567391,0.26192043089762007,0.049272022380930626,0.019052754141660036,0.02474786237040864,0.032571634397394904
2014-04-15 02:00:00,DEHM_BD,0.02423350999419166,0.03456262365422336,0.03373319868858751,0.36884737951902463,0.10407509747064658,0.11533671708683356,0.26744119874569955,0.04796564369441715,0.01970033829111721,0.032024465611161575,0.032544689671816125
2014-04-15 03:00:00,DEHM_BD,0.02452384769611161,0.042283229615531756,0.03434430781584829,0.37445885363581116,0.106563160332511,0.12636093182493893,0.29046078241078926,0.05017411603758153,0.02022596290954452,0.04071671880162509,0.031355188839440135
2014-04-15 04:00:00,DEHM_BD,0.02425657261688656,0.052652686448304606,0.036362372060986095,0.38732234847778124,0.11032642042634763,0.1370031509617918,0.31231267277382235,0.053260560871880705,0.022783948711407445,0.042966242968766936,0.03090448777971303
2014-04-15 05:00:00,DEHM_BD,0.0241634742308072,0.05873662825657584,0.04134713328458947,0.3515342270501779,0.11608583439286778,0.1396127863377468,0.30013955194724623,0.05364942368181061,0.025715230690790337,0.02840935294236458,0.031399444096034616
2014-04-15 06:00:00,DEHM_BD,0.025514908917235082,0.062128745929270764,0.04738165664460875,0.2113195079560763,0.11939478512390961,0.1288632643868115,0.21507968806087996,0.052944579409898655,0.02898037959683067,0.022320699563914317,0.032653867303104926
2014-04-15 07:00:00,DEHM_BD,0.02682322478091917,0.06402059959827416,0.04728358577832075,0.19003949758555846,0.11785366868144813,0.12741077398126457,0.18458694336899983,0.05312009674222086,0.031599209613661396,0.023869548100404987,0.035872286095241936
2014-04-15 08:00:00,DEHM_BD,0.028379295032427112,0.06935170570891658,0.04839605224997623,0.23221618083699191,0.12009075320569783,0.13226565044201904,0.22095875291803874,0.05556021318906212,0.034070042228170026,0.02591613065524068,0.03910344357332672
2014-04-15 09:00:00,DEHM_BD,0.03054989165492349,0.08428022826317134,0.05125120614715109,0.3133622379405172,0.12928411972617251,0.1368403245534141,0.24841363091422622,0.06010501752433476,0.03647669694079078,0.026535854786979434,0.04224177536268231
2014-04-15 10:00:00,DEHM_BD,0.03350285397008273,0.10506834293234743,0.061451865493735346,0.3377473269867521,0.14542833484358128,0.1466718176910769,0.28995543601841367,0.06537969897029453,0.037675772447531265,0.027616747242194414,0.04412225483247533
2014-04-15 11:00:00,DEHM_BD,0.03698354528398942,0.1109923360031923,0.08485488316271153,0.34474197086940556,0.16480721237358614,0.16559251462040683,0.3000631845965597,0.06968707433505199,0.0386349123092041,0.02977928533943948,0.046115984238727176
2014-04-15 12:00:00,DEHM_BD,0.04358233134292926,0.11812743249139582,0.11179270723759012,0.3322087310636968,0.18540533909847956,0.1866666474902419,0.3126891124025354,0.0737174603322187,0.038370641317167234,0.03354032612469154,0.047345216706330975
2014-04-15 13:00:00,DEHM_BD,0.05328166941634831,0.12302786022287492,0.1463408058170269,0.3409542012250094,0.19109984045931594,0.1943546468301652,0.3697757577357843,0.07645306680979133,0.036916498343714424,0.03726388352787694,0.04764087128275181
2014-04-15 14:00:00,DEHM_BD,0.061564868685014026,0.13325151424920495,0.1568993348194792,0.3931308069835743,0.1792134994569884,0.2079847795251092,0.4360127338065881,0.0790394766419345,0.03724128390406227,0.040692956249726055,0.0472595623773406
2014-04-15 15:00:00,DEHM_BD,0.06316467463192506,0.13878198169653666,0.15504703727684588,0.43988293937001965,0.17819746549171384,0.21287714913694053,0.4343634438805237,0.08232886628893953,0.037005126078555606,0.042731158404658326,0.04724076796644481
2014-04-15 16:00:00,DEHM_BD,0.06828694010773424,0.1423697316704629,0.16153094489904357,0.42198834797517226,0.16697718852584706,0.2323551699884805,0.3567040782610789,0.08495440647708057,0.037472255636399665,0.043943142717930886,0.04629176163966684
2014-04-15 17:00:00,DEHM_BD,0.06903615134556478,0.1537252399528737,0.1469581481025541,0.34711904451705244,0.16035292950918886,0.23522310902941784,0.3533329399388762,0.08757213782335074,0.03658916188721425,0.043153523156441866,0.04401891219784818
2014-04-15 18:00:00,DEHM_BD,0.059404282260420604,0.188365668030609,0.16633951569785219,0.35946104079420027,0.17225761215639762,0.24852199693233723,0.3746027179937961,0.08897410725934358,0.03500891550656182,0.042855129416560195,0.043191747523230024
2014-04-15 19:00:00,DEHM_BD,0.05189189420619032,0.2314753255414801,0.1899215210416455,0.40562519706829336,0.20116505161214832,0.3092242254919657,0.44977302038033645,0.08853245895602671,0.03549356382118723,0.04324687673634224,0.042112893475692345
2014-04-15 20:00:00,DEHM_BD,0.04772250074495548,0.2769443041606373,0.2626890383334574,0.4987855516987496,0.22887217614817412,0.3934337322257798,0.5482673231645168,0.08825294328363074,0.03629523574170966,0.04265498358659218,0.040392204743121295
2014-04-15 21:00:00,DEHM_BD,0.04510564368203033,0.3772266210158506,0.2825409659662519,0.6503839201346039,0.2580802907440205,0.5175478884502904,0.6772545253029105,0.08906273033971951,0.03597616446451144,0.041049796571908624,0.03851134478838979
2014-04-15 22:00:00,DEHM_BD,0.04473024738383937,0.34766925090454864,0.29205408360953866,0.8575237370326728,0.30169646215026025,0.6807929078106078,0.8494667575443176,0.09054839620061254,0.03593960560881281,0.039094941749160714,0.037079421625055176
2014-04-15 23:00:00,DEHM_BD,0.046265634422544166,0.3312541929234247,0.30975825234359217,1.068573932520441,0.37182976142246504,0.8956946811484047,1.0505785197006436,0.0927656854043687,0.03730510130616738,0.03920054408082782,0.03652091149353514
2014-04-16 00:00:00,DEHM_BD,0.04728992013796805,0.3249161736969458,0.3464321041681591,1.249759101722605,0.4712017898328602,1.1278917606122605,1.2272176227719096,0.09436420367926555,0.03882407446386364,0.04251397214721012,0.037018227147215636
2014-04-16 01:00:00,DEHM_BD,0.04818272709894331,0.34281599164609733,0.41408230020007025,1.4054751472048488,0.6105916089966426,1.317314646783887,1.341108476499125,0.094654089802587,0.03901806248604229,0.048052059222111046,0.03830171446482771
2014-04-16 02:00:00,DEHM_BD,0.05002268425639011,0.3893764186002858,0.4941379516260913,1.5224177033640751,0.764607131540022,1.4672840819290893,1.45427042488893,0.09622257100463166,0.03984254519387329,0.054269891566435774,0.03911506836448098
2014-04-16 03:00:00,DEHM_BD,0.05319981981484669,0.4548382002816667,0.580525086387529,1.6073643748018471,0.9358498242785723,1.6104603213258308,1.5926982935563618,0.09730060707122794,0.04292884098482695,0.06043234412990835,0.03963022431896308
2014-04-16 04:00:00,DEHM_BD,0.05643749283449597,0.49686380488434645,0.6562549566179885,1.6757935289668886,1.1879954695190826,1.7418908493270806,1.729739749852519,0.0979233769117376,0.050960935292321874,0.06723103853274236,0.040345104077527
2014-04-16 05:00:00,DEHM_BD,0.0617411730008711,0.4791785371964199,0.6435539979625483,1.4665765309347378,1.376838739333459,1.6923878233852419,1.6548914543426554,0.10218197885692513,0.04960906692901218,0.06663389701548371,0.04150753044397054
2014-04-16 06:00:00,DEHM_BD,0.06522499614558408,0.4244990158717787,0.6045729121637051,1.247345721096784,1.4169071952122738,1.4878081716664129,1.4842232472579142,0.1521334662343885,0.04399654245645199,0.053437985717820866,0.04252585720439028
2014-04-16 07:00:00,DEHM_BD,0.07452974610881861,0.3991792140290753,0.4764813268415795,1.4012987086617645,1.297337484152253,1.3761053120030295,1.514473508041223,0.16689374127799705,0.05240553749586847,0.04499933483238989,0.04455278959985117
2014-04-16 08:00:00,DEHM_BD,0.11857341574262807,0.3641893460042826,0.3036765124760267,1.5752969147520974,1.2123286371102069,1.36550252717549,1.6507614746840107,0.1130332883200825,0.07016982995138488,0.053251960992864174,0.049021249076030185
2014-04-16 09:00:00,DEHM_BD,0.16436639741426323,0.33982027127752557,0.25955450970473026,1.5593125064221156,1.3300921961725907,1.5834564800167954,1.731961482300402,0.09601318544488618,0.10672442570567585,0.08578440955965072,0.05677986532973815
2014-04-16 10:00:00,DEHM_BD,0.6184080165581591,0.29098802647946526,0.2388375445567329,1.3844154672333613,1.589766909405277,1.8695168167626528,1.6367711401125027,0.11229251446733,0.21234664781904994,0.07623770559139328,0.0635631093503469
2014-04-16 11:00:00,DEHM_BD,1.0109372756720894,0.26267391518968436,0.22494375530770996,1.3087434732455323,1.8137016701373552,2.0322425497713628,1.5309141770123738,0.205032070298083,0.22594822254681712,0.07608300619921284,0.0692162853205989
2014-04-16 12:00:00,DEHM_BD,1.2635812454318067,0.2488400802876192,0.22095493827267423,1.2561898929952287,2.0620178849441513,2.163868562817016,1.433104607143335,0.5020762135349772,0.26939008688634086,0.09930894550928379,0.0744721970219824
2014-04-16 13:00:00,DEHM_BD,1.4387445849605323,0.2369152751473353,0.24037004374825421,1.3374582180313246,2.3151298563184843,2.2723182465040894,1.4573927035864296,0.6633981029446049,0.36410339428465377,0.1763721675886655,0.08064472149830709
2014-04-16 14:00:00,DEHM_BD,1.4115346428670081,0.23120169627063214,0.27826889858280013,1.4683668185676373,2.5376887475261163,2.4265011379205292,1.5639471208056939,0.8231697754745325,0.37248617651861565,0.23030420184485595,0.08742437815082879
2014-04-16 15:00:00,DEHM_BD,1.1736303986196026,0.23388868627248932,0.3257997876414831,1.5128560099553958,2.78294840823237,2.449235088389253,1.6311616671541869,0.8769843379852641,0.35759138352760766,0.2911468691515456,0.09324654411480907
2014-04-16 16:00:00,DEHM_BD,0.8990845747455919,0.23107508054809392,0.3997171526366204,1.4765994377582223,2.865419552118445,2.3080717544795863,1.6440222782584086,0.6598032858058065,0.3415937887671683,0.36728440091594433,0.0959136096396834
2014-04-16 17:00:00,DEHM_BD,0.8690075726904571,0.2826874548961329,0.49946087344828394,1.4114721026378743,2.7997931121101485,2.232964730205003,1.5879512244360334,0.4751350163640779,0.32303429137836065,0.4718796280968841,0.09612822565065787
2014-04-16 18:00:00,DEHM_BD,0.7554085569245305,0.36580099907902613,0.6843882921327704,1.5644910853397924,2.6882898963727904,2.2785686650070347,1.6775368914988762,0.2775037615107627,0.35248726808125247,0.6190266877103745,0.09669532410849811
2014-04-16 19:00:00,DEHM_BD,0.5835344958965849,0.4480788429940578,0.9297591212702454,1.637856016598779,2.664037852153903,2.4204637614523197,1.84353093207631,0.1311345775255396,0.4958564841532894,0.5894865569042838,0.09719484804341018
2014-04-16 20:00:00,DEHM_BD,0.4561769073030274,0.5516681878840606,1.1913075634839525,1.6829614826654546,2.845490461431352,2.67317106046621,2.0029068228812377,0.10468527137643649,0.5915129108432114,0.6273048961568566,0.09751867429524698
2014-04-16 21:00:00,DEHM_BD,0.6648728946987669,0.6211399401172087,1.537628891908597,1.8576124338787563,3.1175890940238546,2.915559094702279,2.0928273355808096,0.11050758656809082,0.566156644778052,0.8831137115105886,0.09964797425437064
2014-04-16 22:00:00,DEHM_BD,1.29831017604334,0.8534691102441108,1.981293940658386,2.0611729593813144,3.3748077125965104,3.190037774633064,2.322682537431005,0.11386373125009219,0.5342049927277492,1.2989196609311802,0.111140005657698
2014-04-16 23:00:00,DEHM_BD,1.392967003195228,1.435312817116,2.3558087278829944,2.4055512308866818,3.566575581988054,3.5747430486032985,2.8967668091390504,0.11241915489502233,0.5365855026700962,1.5976960774218698,0.14469460889815103
2014-04-17 00:00:00,DEHM_BD,1.0659883273622528,2.105422171854792,2.742334696426081,2.7303950597964963,3.6964553149834316,4.147466139820813,3.5703277438825727,0.11509395853433742,0.5685206308037888,2.0021926995739383,0.19923120866815686
2014-04-17 01:00:00,DEHM_BD,1.0774099154356533,2.3830603679307667,3.3279731576570764,2.7406459109925345,3.7444420577068085,4.528869090874533,4.341316333684006,0.1313651059243082,0.5941902163946731,1.8467944072649978,0.27363474495271867
2014-04-17 02:00:00,DEHM_BD,1.1561538962772506,2.4288038589102903,3.2706460239436828,2.4210054091668005,3.5186794792236364,3.7730498403738335,4.129232122643314,0.18498970491975536,0.668667535934701,1.6212839749299401,0.3380618271632083
2014-04-17 03:00:00,DEHM_BD,1.304791955418779,2.1982965281781874,3.1113047003237804,2.063199676219398,3.4222173294799196,2.8684843376317746,2.975687220775847,0.4429375058253853,0.8909149105593872,1.5514635803192185,0.3820620494147106
2014-04-17 04:00:00,DEHM_BD,1.7572302794259067,2.327908717146128,3.485445085847317,1.978470655752062,3.697741253479613,2.629891067824115,2.2933009860965434,0.9304799257729947,1.2306581935712153,1.9860546922580868,0.3858452410156361
2014-04-17 05:00:00,DEHM_BD,2.1491163868935566,2.9365196476157567,4.2799206799410126,1.8708089507757746,3.7483371370076934,2.705215135783179,2.0731716516784817,1.6540018667668104,1.6369078874605776,2.117467497223943,0.3437889878779674
2014-04-17 06:00:00,DEHM_BD,2.6329868531149305,3.7181302901325135,5.501382963079591,1.7921296866488736,3.1793834389541544,2.8513008521381185,2.08315308171006,2.2902283476483825,2.0050254081248613,2.032958507572743,0.34264808876531155
2014-04-17 07:00:00,DEHM_BD,3.0031596028127336,4.831385351219978,6.186265936918333,1.6910182772853213,2.787568769002013,2.749699561144135,2.0607452379265725,2.663363165231198,2.4272496023144976,2.4822046276843146,0.3870304605770655
2014-04-17 08:00:00,DEHM_BD,2.8475508901290487,5.354529057946355,6.1900219638474745,1.5395936676283195,2.4098365886000197,2.331844936914094,1.8266071085591635,2.4146987492387737,3.159323916272428,2.9610679282916332,0.43525017517184783
2014-04-17 09:00:00,DEHM_BD,2.3149108744735676,5.174171761350058,6.114796782611615,1.4117792529382251,2.0846888846091494,1.9533788371443639,1.6105037961478814,1.5273111976410447,4.034526312417848,2.162186613061577,0.5028595810182934
2014-04-17 10:00:00,DEHM_BD,2.8607603045927346,5.069038546705734,5.812761096349004,1.444861201226613,2.1678253743713465,1.8731333358313145,1.5944431431321544,0.8072300878099166,4.3720395336214235,1.569877415127159,0.6989147907285089
2014-04-17 11:00:00,DEHM_BD,3.2355106165339027,4.872952638198696,5.473197880869442,1.517399079501697,2.6575451588462404,2.0309144887652817,1.7675075003059906,0.28165284566547716,4.222627388401606,1.4839940492454997,1.0226249102465292
2014-04-17 12:00:00,DEHM_BD,2.8630266563665243,4.082456235349415,5.286546789768766,1.5057777788354918,3.2759303165587736,2.1073725975041433,2.024285079944049,0.06673841549333179,4.155793026279631,1.7666785121346416,1.3119270527931617
2014-04-17 13:00:00,DEHM_BD,2.354491806325247,4.561741255415142,3.692806505547026,1.6335141622241984,3.624122338337107,2.3416266051529115,2.149901659194197,0.04538878123928776,4.231484725983767,1.6575091928802355,1.5908668517036086
2014-04-17 14:00:00,DEHM_BD,2.1910475353160175,4.316292847832368,1.5826163164425222,1.7912699517469104,4.143555012908577,2.5936252252945744,2.324669060373912,0.05152995385678005,3.7086576102075632,1.6788926689534978,1.9537038394322455
2014-04-17 15:00:00,DEHM_BD,2.258235258018135,2.180882827821805,0.43295820750060365,1.9009248483872845,4.727155215145095,2.956903200510581,2.455219513612092,0.05232089278805754,2.910997451094193,1.6886302039245658,2.2236766119872957
2014-04-17 16:00:00,DEHM_BD,2.721732042027558,0.6038027621896978,0.1891697635642851,2.045766457100389,4.902156328968967,3.9343785848682535,2.657909020971205,0.046978422058436664,3.081519485371224,1.7397668775910036,2.3138983252494527
2014-04-17 17:00:00,DEHM_BD,2.7063305780403715,0.26715207546250946,0.11660100288223291,2.3408894355552796,4.648919510470732,5.0835091133724415,3.287662203069467,0.04051512214740729,2.6916805797447356,1.804703991530598,2.2560929308943813
2014-04-17 18:00:00,DEHM_BD,3.2852217125610057,0.1587728476893282,0.09022522293500478,2.754828532855697,3.255192151898872,5.063142274556667,5.0976284593275,0.04196847523337456,1.455070635258816,1.9477150572175717,2.2508593621089896
2014-04-17 19:00:00,DEHM_BD,2.6665065050191408,0.10463214745712014,0.07907914231692516,4.381796072936518,1.3584766787134854,3.670337152952473,5.732396969725279,0.04589645440799175,0.5934473152795736,2.1043339618289774,2.3125317689294786
2014-04-17 20:00:00,DEHM_BD,0.8372593368302635,0.09094824298250255,0.07541710246470426,5.360302655890788,0.563625361138028,2.208660127525942,4.646282186960022,0.047222452068774116,0.25522966317906964,2.6664380092923436,2.398347979798489
2014-04-17 21:00:00,DEHM_BD,0.36273848035257766,0.08666406590034381,0.07610876875479883,4.528612688831126,0.38823900235192843,1.3508002319186994,3.4269210666019703,0.04491943300283972,0.15345389648104474,2.5909006365735454,2.2912676885996888
2014-04-17 22:00:00,DEHM_BD,0.22491469457953694,0.09270729949678054,0.06926106983026577,3.4386408295183855,0.3048203128315786,0.8480644294384784,2.3197263121644456,0.04159530129874097,0.09532211158820483,1.3637159487309702,2.0817712254494465
2014-04-17 23:00:00,DEHM_BD,0.14479913012892695,0.11828335801168854,0.07022729423304962,2.599915680096746,0.20620292533451684,0.7288918260540591,1.2500884794257394,0.03670273050743139,0.08102527813814157,0.7560319852846324,1.854217605278719
2014-04-18 00:00:00,DEHM_BD,0.10286425900533197,0.1501962684238934,0.0746543111239604,1.6027124576295928,0.1725077411079033,0.6737428271382631,0.8183903172386586,0.02736680079729046,0.07798104227854485,0.5456619657359307,1.5901245036691187
2014-04-18 01:00:00,DEHM_BD,0.0897638290289415,0.18089552102182727,0.10837112003664785,1.175952128205488,0.1464423629859414,0.5719647338343499,0.7397922174337951,0.0244449703958376,0.07978487715020299,0.46998558270952306,1.298644511275707
2014-04-18 02:00:00,DEHM_BD,0.08245647990250946,0.22801544008212482,0.12092663085766053,1.0016173871839602,0.10870785383721339,0.45986851482558844,0.7040721135622617,0.024423379498932404,0.07818441887158413,0.302419593504175,1.0630214922848666
2014-04-18 03:00:00,DEHM_BD,0.08462483154256464,0.24821291076709512,0.1082849239167357,0.8573420080234436,0.08966333059378423,0.3309510025352727,0.5998600430401348,0.024165265391153858,0.074404808526642,0.28650809712419223,0.8924846458364946
2014-04-18 04:00:00,DEHM_BD,0.09719224685562408,0.24766285456572762,0.08552747056263299,0.688769385320898,0.09231405082649077,0.2708136461023454,0.47193177365725636,0.02722016176205094,0.08412670867747847,0.32259994666781955,0.7387009428581857
2014-04-18 05:00:00,DEHM_BD,0.11474819435865422,0.1997377810848166,0.06266473442401288,0.4611770520761256,0.11406205942008626,0.212432266957597,0.2989159702038155,0.03442746171777131,0.08305845388482135,0.28491269823070847,0.5145087768422298
2014-04-18 06:00:00,DEHM_BD,0.11975934078927838,0.1659175788456585,0.0803707330766325,0.1709679963182057,0.1104156084014195,0.1400999978072521,0.1733496243278873,0.04146066318852291,0.0671496346316857,0.19127768234146048,0.34281451677350727
2014-04-18 07:00:00,DEHM_BD,0.1817119475362915,0.12422697921551933,0.05520422817766252,0.14040227817179868,0.09291161432068779,0.10905181134575626,0.12623014001012528,0.04597575831930841,0.05521308640471646,0.15431015157219952,0.26987733948579606
2014-04-18 08:00:00,DEHM_BD,0.3538596609582762,0.10805356365884991,0.03917495489955579,0.14784513023339146,0.07857573107963417,0.0917126260705408,0.12166415450573254,0.04683672847681722,0.0472882235145871,0.20474167509103874,0.2431984399258495
2014-04-18 09:00:00,DEHM_BD,0.4646278855770639,0.09860930858590511,0.04720157203457597,0.18064655587487663,0.07206642587190472,0.08706228020385136,0.16780593399753607,0.04574420876769953,0.046615990900397204,0.2504187130216089,0.2293361894823278
2014-04-18 10:00:00,DEHM_BD,0.3997189687820523,0.08625522206676162,0.06380419060605097,0.26636009718015774,0.07276935373496253,0.09997142956590269,0.2262580904594219,0.04526242095867923,0.05352759355106368,0.260441643043257,0.22643264374058156
2014-04-18 11:00:00,DEHM_BD,0.2403305670112743,0.10923355037264396,0.09274909835022974,0.31202584700631486,0.09022058887721957,0.11184961000989409,0.30302393258859744,0.044456338840221085,0.06695730156181824,0.258732481896897,0.23619920806135386
2014-04-18 12:00:00,DEHM_BD,0.15234826745688906,0.12720053080737062,0.11162894325879921,0.33261829548530797,0.10046502369211041,0.10273754317848471,0.37525439030391766,0.044048653908889825,0.07430025629738103,0.1692075004592897,0.25837567047641147
2014-04-18 13:00:00,DEHM_BD,0.1174149224049969,0.07171718061035012,0.12234746928979985,0.38468778616393473,0.09906282343992015,0.12147132933922795,0.43975662801968274,0.04413470488386451,0.07155062302253194,0.10718485905567286,0.2870870418986573
2014-04-18 14:00:00,DEHM_BD,0.1048878750590979,0.052620880567812056,0.09794368776219538,0.43877852085418495,0.09994503722090255,0.13021661250640748,0.40503932471167436,0.04429832374927087,0.07714179161052272,0.0909822085618466,0.30999904841695436
2014-04-18 15:00:00,DEHM_BD,0.14397237652134146,0.06609495689074438,0.09640619096244796,0.4012411606320621,0.09900156767168064,0.12188378887437148,0.3229430315608067,0.04492021747373471,0.08296380856041807,0.14991052723767606,0.3206979031950258
2014-04-18 16:00:00,DEHM_BD,0.2301315080758321,0.06490021287430875,0.1094572673181534,0.29126334140081733,0.1103719298098515,0.12305682996850914,0.2769785115774635,0.04546867246704554,0.08641861202060941,0.2418904445166649,0.3099993748805385
2014-04-18 17:00:00,DEHM_BD,0.1616109828183729,0.08031690146608547,0.1522203747706538,0.2702177317025322,0.10641236726941065,0.14105297294011684,0.29299240562640294,0.04455506617192344,0.08442614837271045,0.418612779684007,0.28649134043112373
2014-04-18 18:00:00,DEHM_BD,0.09476433081535608,0.13720151356064358,0.1704825478222807,0.30106102471422663,0.11139358761833965,0.2101513445150025,0.36021010159509637,0.04223222841338634,0.07601216627562049,0.49506230456628025,0.2726447303608841
2014-04-18 19:00:00,DEHM_BD,0.08841443901116017,0.20497968207823342,0.2051567081325887,0.3679514646449215,0.11740088375028218,0.20758241936029276,0.3932693306831427,0.039732674800822765,0.06937612289615852,0.5712392536181177,0.27515524745702286
2014-04-18 20:00:00,DEHM_BD,0.18642714764486873,0.24536641968009004,0.2620677751656568,0.4115920667301227,0.17281830857916716,0.26785703219885876,0.4084603525326759,0.03841710942990205,0.069369437432497,0.762373449403722,0.27910419015117927
2014-04-18 21:00:00,DEHM_BD,0.6411842767941255,0.2633454474561215,0.3567675564255077,0.4751874667847784,0.2186179491948801,0.37845274437509,0.41824593400770427,0.03708544103767696,0.07254860608478984,0.9313344742518311,0.29406190408495136
2014-04-18 22:00:00,DEHM_BD,0.7948683769082813,0.30127976033553083,0.40992157243974137,0.47383302511853853,0.24403622423909585,0.387330260305528,0.4563481590707623,0.036627463376703716,0.08176526606316951,1.0272414716025249,0.3316546688070364
2014-04-18 23:00:00,DEHM_BD,0.9820353174682462,0.33500291280865313,0.4426200336535226,0.48085911665263575,0.2366313125930539,0.39311508831797387,0.4893681183800822,0.036653159167856754,0.16845275070795146,1.3179995814205705,0.39565054476283307
2014-04-19 00:00:00,DEHM_BD,1.1561599286282016,0.4296742759256815,0.4810174584804945,0.5496889129529953,0.2368428971375059,0.40545373545345675,0.6467780645750427,0.03797174958359979,0.5329816527551889,1.8365139385722578,0.49367224870904575
2014-04-19 01:00:00,DEHM_BD,1.412208161551563,0.5406764527715543,0.5818321300030649,0.7883953462312322,0.33035455445148965,0.5050207340551961,0.8923353485829875,0.03925733650436064,1.032288018276776,2.3070973515683413,0.6121016426519988
2014-04-19 02:00:00,DEHM_BD,1.7123356541064334,0.8576773071207567,0.6820232550845351,1.151574604387237,0.612069077178093,0.856161178842537,1.3876190158700759,0.04183884586040609,1.4445077876674417,2.6410956065270303,0.7512011241780461
2014-04-19 03:00:00,DEHM_BD,2.025050392448354,1.3717862443170536,0.753973040393193,1.3393525101676416,1.0979112045838124,1.3845386337789647,1.8263876846881024,0.044418209240978,1.7581665840864427,2.7454337703292073,0.9094343813370063
2014-04-19 04:00:00,DEHM_BD,2.4928605716386034,1.7840350134594034,0.9613392800323092,1.3208817202531145,1.6455280107110597,1.936212812477344,1.80522927052282,0.04538745028066547,1.9685508686283688,2.6651828881533444,0.9925580093427105
2014-04-19 05:00:00,DEHM_BD,2.907936678187845,1.8779577854407195,1.266645213546711,1.2803109418832883,2.182923596583564,2.086936488389944,1.6087117481999402,0.04251519272604773,2.1003997509577776,2.454079730154723,0.9981824153584765
2014-04-19 06:00:00,DEHM_BD,3.0738579682304854,1.6597866888203325,1.4146976745289495,1.1417426554426104,2.221537390337654,1.875086720622828,1.3270686321149543,0.03953795041211551,2.1568213481021954,2.1807386167071012,1.0390452600704134
2014-04-19 07:00:00,DEHM_BD,3.0877385949117135,1.440589740094476,1.5355433045367874,1.0743677186816745,1.8894598405870668,1.4979319197141912,1.1469446961715408,0.03916537187579421,2.1502198641006274,1.9677791793728876,1.0242535832328605
2014-04-19 08:00:00,DEHM_BD,3.137278596767569,1.2691894530335976,1.5528395881674335,0.9948876969752176,1.736005313456857,1.1473909626356174,1.1017619187267362,0.04311615520856559,2.1544186587620526,1.8987484970291333,1.0032571599235247
2014-04-19 09:00:00,DEHM_BD,3.0993537285449353,1.2921990687677192,1.3482460047837546,0.9689202068289129,1.56116348764454,1.0331935137350847,1.0471331427135577,0.0494226790964347,2.136430875396682,1.908259131975146,0.9946640506587038
2014-04-19 10:00:00,DEHM_BD,2.9315034627481924,1.6185411859274679,1.2300817407522542,1.0521287305054563,1.4721138387216532,1.1372236131785722,1.064632567159546,0.05465482224977913,2.114332110900432,1.9369108398829122,0.978627209978965
2014-04-19 11:00:00,DEHM_BD,2.7032752088120486,1.9880434050173428,1.1507846491627247,1.1693117378904154,1.462067792313234,1.1979329638321812,1.233241618193197,0.05879625037411914,2.045139557211455,1.956637051693804,0.9221180957917402
2014-04-19 12:00:00,DEHM_BD,2.6006218696356007,2.307944385831286,1.1787740356092116,1.5977783532478231,1.63133008643534,1.306549277049966,1.6322034496698512,0.06102564598172574,1.9341099857881874,1.8608900712978889,0.882924443856402
2014-04-19 13:00:00,DEHM_BD,2.4627232374333032,2.6000583515912528,1.181400089362606,1.9867120523121549,1.728896038195474,1.5596726280980822,2.0835135794864525,0.06280875507807286,1.8437757874283263,1.76592392940145,0.7965977948225266
2014-04-19 14:00:00,DEHM_BD,2.391299133899496,2.813570435001942,1.2415753630053699,2.22855965935379,1.9197176563854503,1.9106391662553606,2.3978775143339606,0.0644826460118784,1.7244531349681829,1.73670609057563,0.7114095624939428
2014-04-19 15:00:00,DEHM_BD,2.3338610536569635,2.9785180050298794,1.3686805733187632,2.4893074443081322,2.070975266331404,2.289294283740304,2.4830692513295296,0.06515300229917434,1.5965657040118657,1.7051268021962789,0.6546776865861739
2014-04-19 16:00:00,DEHM_BD,2.2491603081273452,3.1141001731428744,1.5497168789026357,2.4599360739118907,2.175460250514705,2.3932021702191637,2.5549574897362337,0.06466465874439521,1.4577071639824317,1.5955133315804566,0.5997144251242948
2014-04-19 17:00:00,DEHM_BD,2.1991690737672434,3.238406146157569,1.8208335338021062,2.3785591379927356,2.2182136202077567,2.5126630615457737,2.5882972398703425,0.06694172040095846,1.177424704695237,1.4356479882447788,0.5513273269802825
2014-04-19 18:00:00,DEHM_BD,2.2177964372266574,3.467283661885425,1.9192968180817178,2.3450920793065686,2.442468834770399,2.6527816826131474,2.8023498046332804,0.07211615296832286,1.205103428970066,1.3520957507710698,0.6080668860237619
2014-04-19 19:00:00,DEHM_BD,2.2930167389799223,3.7051550782170937,2.558396567043605,2.489369871172086,3.280157521047065,2.9845460466164675,3.125617407103733,0.06920443672353156,1.21734370069635,1.4113921225904384,0.7131328297271866
2014-04-19 20:00:00,DEHM_BD,2.344402151418124,3.7667919032253128,3.404586213444963,2.8953776951531394,4.300746150514005,3.654848271109864,3.618369202260694,0.05590343657848274,1.13224390718698,1.486912684920726,0.8267540995365685
2014-04-19 21:00:00,DEHM_BD,2.3773285494589875,3.6618698699752334,3.72951169317941,3.5757844690420715,4.644008793544195,4.436906181369222,4.457489975401466,0.045476104929906995,1.0949237616722827,1.5300414699402878,0.9460208416133595
2014-04-19 22:00:00,DEHM_BD,2.1828116187694464,3.597124470957514,3.8917253683561817,3.375326275955052,4.676978223812473,4.66526572929003,4.340743794693211,0.043881788867468144,0.9727608979117897,1.464348928727333,1.0559892575960914
2014-04-19 23:00:00,DEHM_BD,1.929641147290372,3.8595038704007654,3.9302915509377003,2.9456251588363163,4.193710886281547,4.462268168141659,4.018947287613602,0.04500730135232825,0.7635633396780301,1.3132620098538266,1.1589894959392675
2014-04-20 00:00:00,DEHM_BD,1.7716786275076681,4.412629220058044,3.9469535456775087,2.7344808360209027,3.924998080797053,4.192422638031451,3.8172125876754937,0.04569891664057833,0.7071120491352678,1.3322815781429367,1.2569794276339643
2014-04-20 01:00:00,DEHM_BD,1.5283334897922811,4.635017022065232,3.860676782489031,2.6030128464824784,3.860211297912765,4.061760298136448,3.651227860004262,0.05147002462354651,0.7809706483253837,1.381130442467272,1.342229985867297
2014-04-20 02:00:00,DEHM_BD,1.3769271182670537,4.77479078495038,4.1316628162403815,2.539964106696382,3.8586466593675572,3.989292724339415,3.5068899699572404,0.05602424241703869,0.8540486736360191,1.3750203457955572,1.4151014237459616
2014-04-20 03:00:00,DEHM_BD,1.325792522313296,5.03697166836382,4.674083937825708,2.542906196918536,3.746643090099623,3.9105262413068282,3.4019774391845905,0.05670856857451957,0.9551062353990254,1.3517901924768418,1.4823489084789718
2014-04-20 04:00:00,DEHM_BD,1.301109576786342,4.474561866088022,4.931973386540509,2.553310558532111,3.6570773405969237,3.8283662844388564,3.259282180083958,0.05844206811810266,1.064473288925632,1.3305732968666821,1.4950280717091675
2014-04-20 05:00:00,DEHM_BD,1.2957394682038925,3.1136930320658123,5.022850637595355,2.506231487993163,3.456860260364948,3.557668367317922,3.069056476338023,0.08093538378034265,1.101728970422186,1.256342997229699,1.3297552720688777
2014-04-20 06:00:00,DEHM_BD,1.297877149172943,1.9471333112915752,4.185904200188447,2.3875406240646146,3.1697008720148085,3.0027644665052993,2.7975934221860435,0.11382772234566436,1.1379513347338233,1.1477248280315522,1.2345130266888253
2014-04-20 07:00:00,DEHM_BD,1.2777686134806276,1.500319552657734,2.9154300329068166,2.264592135100545,3.0463285765813737,2.7594934712981116,2.731730094681815,0.1733426286420528,1.236201931464274,1.1255658397007653,1.1689969710780121
2014-04-20 08:00:00,DEHM_BD,1.1663618316056183,1.3712466198160196,2.215720641298547,2.2358996410092793,3.040874953057312,2.734004642890458,2.5619344807571967,0.4348021815594692,1.3089411055677105,1.1350363245320005,1.1029962031318992
2014-04-20 09:00:00,DEHM_BD,1.098421232567285,1.3001464104354672,1.8381971929590195,2.21962633335628,3.202548043273799,2.620514684910688,2.4483777170203824,0.8677739446320477,1.3125102602066891,1.1124981996233865,1.0336599374279938
2014-04-20 10:00:00,DEHM_BD,1.1133924422750598,1.28392669291529,1.7540874156938342,2.211061751543423,3.3329724364428968,2.5010883210034143,2.411414090411947,1.3015885247841803,1.2620604762500245,1.0781051240022363,0.9916351938513619
2014-04-20 11:00:00,DEHM_BD,1.1054025802216725,1.2931190503194323,1.7803445318303885,2.157179589068913,3.1408415157747456,2.441362776518193,2.3723149284957534,1.4915918360826932,1.1917765089356143,1.021586158613793,0.9786529246031865
2014-04-20 12:00:00,DEHM_BD,1.0875977235255971,1.2846602092757506,1.8431856820298556,1.872847451119608,2.7019529617996882,2.1194030665651686,2.2094644180708984,1.4388120850940003,1.1187216037399206,0.9805039796757047,0.9656229332906612
2014-04-20 13:00:00,DEHM_BD,1.0744295853755155,1.2238156411284884,1.8528468968423994,1.5385510203082091,2.2284698565567305,2.148847415800975,1.9547634466127386,1.374905547310731,1.0675222950697922,0.9381059751494822,0.9587455150652351
2014-04-20 14:00:00,DEHM_BD,1.0260440808919318,1.181625140863235,1.8690050346506748,1.293362744202891,2.0448315326342987,2.025296147079521,1.6887237743574026,1.2971829484621924,1.0710839000760368,0.8840295801841449,0.9389986749016097
2014-04-20 15:00:00,DEHM_BD,0.9958478780951653,1.1918662107998967,1.7544243249994818,1.1109737018597539,1.8625952164662258,1.7424809555006213,1.491888606106205,1.1975320709778985,1.0865968314918573,0.8532788340107337,0.8502634660513863
2014-04-20 16:00:00,DEHM_BD,0.9505192349871969,1.260243818758324,1.563138992115164,1.0510137596051714,1.6745222777435895,1.4426236031507964,1.3835467595795263,1.1156443617664464,1.0878406478664837,0.8113322838324545,0.7725052863096585
2014-04-20 17:00:00,DEHM_BD,0.9050544061230374,1.4112985611094715,1.4079551524532612,0.9724122012383914,1.4212162621433102,1.255833804189173,1.2642458045520062,1.00708199273098,1.0512328437431477,0.7834533375995485,0.7529554174397546
2014-04-20 18:00:00,DEHM_BD,0.8573748256027565,1.5292760547102167,1.4337890758308025,0.8997557698738379,1.2775798708413715,1.3133375940455942,1.2483481762050825,0.8778778509627365,1.0209785373743574,0.7634565707836212,0.7673215915987945
2014-04-20 19:00:00,DEHM_BD,0.8341454091938131,1.6532737021482133,1.6079302638174247,1.1069184648518906,1.2804950536319206,1.5681378476178347,1.3331804597828136,0.8369057436278533,0.9860390915345052,0.7376797987489161,0.8071754629990935
2014-04-20 20:00:00,DEHM_BD,0.8298575217512305,1.7848135769639164,1.8231373910827857,1.425282425256364,1.4782591708405002,1.7740434754670047,1.3992938234750203,0.8223288031958865,0.9408551573432984,0.6915066897993943,0.863013439132782
2014-04-20 21:00:00,DEHM_BD,0.784646409233632,1.9835459076060897,2.008605376900541,1.695435268985013,1.6941888887705105,2.0029785909837896,1.607251716945786,0.8187818597859708,0.7938850621644798,0.6059182290876275,0.9404696893922977
2014-04-20 22:00:00,DEHM_BD,0.6824047478255477,2.213450515548724,2.1699788106881948,1.98014922725001,2.006615334952392,2.339442506129214,1.8471284216322055,0.8466610773686192,0.6480191235817718,0.5449456212812449,1.0040367890694644
2014-04-20 23:00:00,DEHM_BD,0.5998332592756143,2.316931895728346,2.27847305998254,2.2124978048533475,2.319704710129617,2.6715198390230896,2.1004434513138723,0.8433851794455117,0.5667273263220819,0.5231997828697337,1.0384539781275448
2014-04-21 00:00:00,DEHM_BD,0.5661266077022336,2.145257755842052,2.3788514801284313,2.376715955085631,2.621706259180993,2.918830375334895,2.3256618385347436,0.8404269601789569,0.5127799040616317,0.5262292055023139,1.0326725077582626
2014-04-21 01:00:00,DEHM_BD,0.5578782287721922,1.6778775604571345,2.4585168061953833,2.488077993132709,2.9182837565641337,3.0929239921369214,2.4387781119150036,0.8696591980972472,0.4866424100227015,0.5520360973981817,0.9942909175719314
2014-04-21 02:00:00,DEHM_BD,0.5867149169298569,1.2998126825893774,2.3294678228046375,2.543760450847983,3.150540223337078,3.192667881711853,2.4918629314782095,0.9467882268819245,0.505878865436298,0.5817335924297502,0.9384124021800728
2014-04-21 03:00:00,DEHM_BD,0.6299202888164348,1.1859176042818955,1.9319515332343298,2.6018569827518667,3.2616009171186304,3.199045296643415,2.598733496680306,0.9960999992861739,0.5183881304851642,0.5988710235263321,0.8841396752890425
2014-04-21 04:00:00,DEHM_BD,0.664433848170876,1.068327814999827,1.6154518678955903,2.641314584882245,3.3842985988106404,3.2272915091996177,2.7384733081868267,1.0294011819876625,0.5382296888470327,0.6354476110799925,0.8251650741467338
2014-04-21 05:00:00,DEHM_BD,0.6875264258662552,0.9247398668545748,1.45084968253155,2.4911912964251925,3.3597981824310654,3.199268702168279,2.7490963273899016,1.0106333076851137,0.5535700192508849,0.7134628510423563,0.7444510975471987
2014-04-21 06:00:00,DEHM_BD,0.7114700300014268,0.7549938647217669,1.2585179653058,2.295022178951742,3.1383968810484255,2.9554185170983804,2.7003983777797,0.9032719708715793,0.5560911297524718,0.8095591107516666,0.6939810014793066
2014-04-21 07:00:00,DEHM_BD,0.7491645892957748,0.7002727709663271,1.0206067230646099,2.239633150990898,2.903840529409253,2.6912673450122995,2.6131675564204655,0.748966251710595,0.5602338331916645,0.8533139881251373,0.6462805742792669
2014-04-21 08:00:00,DEHM_BD,0.7522335397699289,0.6835619583203847,0.8157049442572029,2.1709111153029266,2.685097309208623,2.5604056299755142,2.3481826157790993,0.705684143885204,0.6046254555216095,0.9366520392308297,0.6070337614175817
2014-04-21 09:00:00,DEHM_BD,0.7714692057267244,0.7203981458715861,0.6991918080342181,2.1406177329326193,2.6665883993406174,2.172086154606278,2.053703101529738,0.7193641499065746,0.6392369019083555,1.0566768021129955,0.5859914338737702
2014-04-21 10:00:00,DEHM_BD,0.8395542809332056,0.7173895261517161,0.6945561611268701,2.0697724066330236,2.667902866276883,1.419688550394687,1.6001724401329336,0.757411377624676,0.6650938222757502,1.1178737192893675,0.5505801438735749
2014-04-21 11:00:00,DEHM_BD,0.9240828713572042,0.6632655253749783,0.7564888397281277,1.818560672720214,2.6110717881185272,1.1606969671460792,1.454273653565731,0.8081101932106352,0.6808852964197252,1.067360358520525,0.5581468687599395
2014-04-21 12:00:00,DEHM_BD,0.9831384388987685,0.6697325643391239,0.8043469624648217,1.669544935972243,2.6168190375528346,1.1078919125759257,1.4062537687573582,0.8640674594029295,0.7152986021796855,0.9932339272561881,0.5604801727978815
2014-04-21 13:00:00,DEHM_BD,0.9747116581937042,0.6713605553954585,0.8668662298608395,1.516933856829648,2.5242197450951265,1.1076178490625352,1.36236858075594,0.8672840515972464,0.7584638070412599,0.9298505147060652,0.5634400601332029
2014-04-21 14:00:00,DEHM_BD,0.9480276546559384,0.6887890997274814,0.9707563940426315,1.5691180414265773,2.372332442277416,1.133278572409027,0.9119905152962586,0.8525958785031654,0.8076810532273053,0.899781520625922,0.5642426538131421
2014-04-21 15:00:00,DEHM_BD,0.930611700790805,0.7360972487751315,1.0042510939634564,1.339215737550235,2.782446598342562,1.0650422125832537,0.9838506729717904,0.8186925660761405,0.8477808909634521,0.8681988428274247,0.5170144715984426
2014-04-21 16:00:00,DEHM_BD,0.9258483105532653,0.7722402253632547,1.0007456253034046,0.7338652833126313,2.4747072944460693,0.6253777298217429,1.1371827320622123,0.7694002980425941,0.8311160903627661,0.8303158917791217,0.4644178725725316
2014-04-21 17:00:00,DEHM_BD,0.9016079880745452,0.7991446474474088,0.9560726303598196,0.6370941340410723,0.8725841102654859,0.6352785372572115,0.8829617772686259,0.7303418149273758,0.7472974980534932,0.7907549999173639,0.42662415388459846
2014-04-21 18:00:00,DEHM_BD,0.866864902535931,0.997825224002667,0.9200240828833915,0.5152767217733637,0.5283647375835128,0.8499490304360497,0.860377516259327,0.6763526569664446,0.6612335176889966,0.7813860530236523,0.4052314775224812
2014-04-21 19:00:00,DEHM_BD,0.8351434488232364,1.286297969505871,0.9714438010949107,0.5359799713451647,1.1151705111726258,1.1762237433487917,0.9147402697948608,0.5982245569438795,0.6310148199004388,0.8190818419525355,0.3982666741563834
2014-04-21 20:00:00,DEHM_BD,0.8110861042644391,1.4472038843003556,1.1271088228943382,0.9282981867031517,1.7606509484968311,1.5491720589393632,1.1656067669593033,0.5110543751992015,0.6456859551848559,0.8678819831248312,0.4097330871369407
2014-04-21 21:00:00,DEHM_BD,0.8102322109264671,1.618465440369544,1.3171406960239165,1.2418312049142615,2.345422395822548,1.7369446979912713,1.6815371756045234,0.44584005496896184,0.6766352971493617,0.8882918639726278,0.4395876193778887
2014-04-21 22:00:00,DEHM_BD,0.8041297307441511,1.7842643210174722,1.4932890467596327,1.4657080973557954,2.4996381186735537,1.920719641040281,2.0492595120262322,0.4352193367243473,0.6929215829670058,0.8087004505497274,0.4760251165966808
2014-04-21 23:00:00,DEHM_BD,0.7603835141641582,1.86342660238243,1.5632267871795458,1.6834449070728108,2.3724342580446347,2.308649108614616,2.281267997245724,0.46218822095693,0.7048838675490127,0.782045408848322,0.5047207880305178
2014-04-22 00:00:00,DEHM_BD,0.7773829414273076,1.801884465534851,1.5901163221040662,1.9708571653153992,2.6335641571659827,2.728687356872341,2.4670962361628934,0.4593955150431535,0.7095598956009248,0.7843953149453832,0.5128077778172907
2014-04-22 01:00:00,DEHM_BD,0.860400630664465,1.6739991892016743,1.8116853868094505,2.2768127994794183,3.219811527944072,3.088032509272594,2.6917974262584297,0.4704411703767456,0.7560662280744779,0.8780405335488723,0.49760686883123
2014-04-22 02:00:00,DEHM_BD,0.9157525494375469,1.3738249753375231,1.9839181992572885,2.4833638784646332,3.6492473919961297,3.4181342754167856,2.874417896460173,0.4938554715858111,0.8352815684508195,0.9547773670040238,0.4622413848689414
2014-04-22 03:00:00,DEHM_BD,0.9572838056437508,1.2969866355111512,1.933369692084155,2.6186079528722455,3.959505357435134,3.784559062853007,3.1197161472395045,0.5067834251742216,0.8704809412235406,0.9700932655324304,0.4117574349813825
2014-04-22 04:00:00,DEHM_BD,0.9960948505905369,1.3621532843122512,1.8351452805731123,2.864396907468392,4.3023991203127885,4.207297712642901,3.3698784657688416,0.5304871245864903,0.8830702050275083,0.9465140471857023,0.3468616154773062
2014-04-22 05:00:00,DEHM_BD,1.0239638580314931,1.3462566014719828,1.6108102377373288,3.1394830598834242,4.638761665160455,4.368914225109481,3.2855101141736576,0.5888293803830305,0.8496799707546382,0.9689791140875808,0.27373333662020205
2014-04-22 06:00:00,DEHM_BD,1.050200900733074,1.2014440781301778,1.4898158773798207,3.5823462160934922,5.038952533961829,4.8289475061370855,3.338741735146302,0.721544009898214,0.7585108466486518,1.0344473916920047,0.2201021444661594
2014-04-22 07:00:00,DEHM_BD,1.1073737065888394,1.114432432424353,1.4498850735796105,3.6004491345144323,5.329495214141726,5.086461330977473,3.896941664009843,0.8468592895100406,0.66969694180898,1.0185155553559866,0.16526729529917122
2014-04-22 08:00:00,DEHM_BD,1.1474696752715412,1.077402915602628,1.480418231530355,3.169021060650711,5.543817388757947,5.3661916528757505,4.7704149653907315,0.8626605228549102,0.6184626231475556,1.038888284820282,0.12512059924811983
2014-04-22 09:00:00,DEHM_BD,1.1257802199167828,1.0688949079151344,1.5520617128538863,3.1923883242466253,5.821296958695338,5.712298055489842,4.697687143179376,0.8009434979501366,0.6001559162774494,1.0412488859671947,0.11025489508952814
2014-04-22 10:00:00,DEHM_BD,1.079725968531277,1.14361578596293,1.5793197412784805,3.8914845646425547,6.207930667384677,6.149404033946805,4.237094090833571,0.7216689597002836,0.6050771376613857,1.0594816316598838,0.11379611251635113
2014-04-22 11:00:00,DEHM_BD,1.0280407811646954,1.231884027177519,1.5540169746545929,5.1156302443125075,6.188505792935416,5.720318601020956,4.1735897655926,0.647852698691116,0.6475641190874402,1.052083142292425,0.11713763658850201
2014-04-22 12:00:00,DEHM_BD,0.9291649410705501,1.277552764728635,1.3153915968110366,4.929003296216307,5.885151004461944,4.8512991648016035,4.711228529429175,0.601170775333147,0.6834136617442778,1.0102079418115806,0.11482769038377316
2014-04-22 13:00:00,DEHM_BD,0.8458272604903893,1.2447004372185586,1.1466999781040008,4.158394681088247,5.462592234169543,4.513888512972769,4.5475754015318355,0.579554979977734,0.7077835941428958,0.9085551643865719,0.11077187315429907
2014-04-22 14:00:00,DEHM_BD,0.7896341877858772,1.14744092108706,1.157153811660221,3.6221048041783632,4.756093454978764,4.423510522279681,4.405176369150599,0.5394445592027678,0.7021005238218941,0.898719760391306,0.11172363764615838
2014-04-22 15:00:00,DEHM_BD,0.785998349864938,0.9985459370707532,1.198694814637613,3.139607972578141,4.158067171555431,4.248977296484106,4.20582971222254,0.48760059414107754,0.6587385804233024,0.9497859631637491,0.1178409654167928
2014-04-22 16:00:00,DEHM_BD,0.7469476578903832,0.8876290835353348,1.276115964484235,2.913114453137328,3.8960504943677967,4.043491996669957,4.190976114965904,0.44185363200326677,0.5673040637507122,1.050224772211704,0.12389497920866056
2014-04-22 17:00:00,DEHM_BD,0.7488483161226863,0.9108646336400816,1.3358716703434188,2.8449079950980143,3.9953971626862,4.94933543131749,4.369846043516247,0.40884778820707335,0.47189502041971837,1.1418204413413018,0.12837783526547908
2014-04-22 18:00:00,DEHM_BD,0.7844467010032254,1.1091925172395694,1.3835428761600483,3.4982093469127813,4.239967031612126,7.470388456938478,4.971699144560537,0.3829196439969995,0.3928082257751714,1.2937798336079067,0.12575382259771783
2014-04-22 19:00:00,DEHM_BD,0.9978323729215131,1.2720850717633447,1.3785796860629973,4.297964971506029,5.054812148828425,9.413975670353011,5.628923748778767,0.36106375586199807,0.33537281214507103,1.5004484724104263,0.12118012008268661
2014-04-22 20:00:00,DEHM_BD,1.2966787037889456,1.4076614776974241,1.4079261592500283,5.103155786197115,6.882892209889308,10.49873239335406,6.408007804385274,0.3481205609368305,0.2893650636336772,1.39669176971382,0.11588434929479371
2014-04-22 21:00:00,DEHM_BD,1.37946111156583,1.5978824351314893,1.5502137144992885,6.137141047494495,8.748163950945827,10.743725474938934,7.12027624101713,0.3022184084795493,0.23733565801491793,0.816508029448836,0.11341151190751739
2014-04-22 22:00:00,DEHM_BD,0.9530936849746469,1.7958994625075724,1.7906389043792412,7.2374144639838445,10.986271664555243,10.50623654747019,7.761202224120242,0.24807398463953106,0.17504981969760064,0.5934178000169373,0.11189824071949765
2014-04-22 23:00:00,DEHM_BD,0.7261502638199273,1.9971618880235922,2.094810979431669,8.094772395313484,13.371244892159929,10.416668925328246,8.518218456925199,0.22426081039330448,0.12605961742900376,0.44742972104234024,0.10992770239529888
2014-04-23 00:00:00,DEHM_BD,0.6386274959065417,1.8543890532767031,2.393718256774362,8.540094654490504,14.38542128423158,10.756430303058076,9.433961720975034,0.2032554338809044,0.11453477226878837,0.39221191135260125,0.10734245296161002
2014-04-23 01:00:00,DEHM_BD,0.556417515552443,0.9395068604708721,2.5755824985981848,8.804720554814208,13.836073715371896,11.311319231389042,10.416926591968748,0.17828766136199162,0.11598472049657375,0.3605405154458712,0.105254264310322
2014-04-23 02:00:00,DEHM_BD,0.5482336246515345,0.7179422883778521,2.6669412143990394,9.064637899781058,13.125926209707945,11.72807830060828,11.328152863081703,0.15622452209271914,0.12004096739718778,0.32888109145128863,0.1027808680231415
2014-04-23 03:00:00,DEHM_BD,0.5412614912062481,0.6012181830912389,2.639659570907257,9.31734985963674,12.87801085421114,11.874875109276411,11.995682703224682,0.1399601803481066,0.12248000973184753,0.30856653724206984,0.10119742735193567
2014-04-23 04:00:00,DEHM_BD,0.5215510576545086,0.5959303979558361,1.8455377407786044,9.518049624884235,12.953289469361952,11.702136379057777,12.274860532497673,0.13306521448820377,0.12126198958169686,0.2720673572948905,0.10222103900132977
2014-04-23 05:00:00,DEHM_BD,0.4793753042454416,0.5973987761810222,1.4071187482883445,9.05870415008803,12.215496290569323,10.780054669765473,11.594131079764166,0.13287840222740066,0.12034897189345065,0.21673615939832136,0.10372018161356958
2014-04-23 06:00:00,DEHM_BD,0.4344391073058381,0.6601122047662811,1.2730666842252687,7.028706735658078,11.441012156378687,8.702984954094008,10.02252322288064,0.13626279465009097,0.12318175646993558,0.25544001395447047,0.10110017556797576
2014-04-23 07:00:00,DEHM_BD,0.34506582167591315,0.6458185656634048,1.261413847771319,8.318862913087642,11.161677828012028,8.34219897152169,9.574450673589306,0.13615732334853842,0.12922005925952565,0.32643312638212224,0.0994288111196632
2014-04-23 08:00:00,DEHM_BD,0.40870949345277385,0.6366335977345948,1.230681153192393,9.233479810812282,10.10472044738668,8.269426838201234,9.79678416822457,0.1390175439263227,0.12857427624519374,0.3849047557523706,0.09757410437036183
2014-04-23 09:00:00,DEHM_BD,0.4119584152030641,0.6523054519718536,1.164279715655307,7.925622546877284,8.913999928393613,7.702349597607188,10.15681373371113,0.13869981882543986,0.13414516781962937,0.4945683189838752,0.09504035579953443
2014-04-23 10:00:00,DEHM_BD,0.479143078122984,0.6646937165366078,1.1136151048125331,6.859846251943688,7.696490583522969,6.648163903370392,8.369090436093417,0.14678761290348705,0.13968081242066566,0.6133528368095658,0.09427959267675173
2014-04-23 11:00:00,DEHM_BD,0.5815518224405148,0.6130395455837394,1.0722811225446605,5.599365161008759,6.124554242469315,4.845103745698062,6.06126309236099,0.1490545384103052,0.1398312410012992,0.6022856276493397,0.09351775840614683
2014-04-23 12:00:00,DEHM_BD,0.6179313816539937,0.5230535957702208,1.0479604247052956,4.635023124373667,5.072385231749509,4.232046472419812,5.206297834745944,0.14082768130478604,0.1477258383409386,0.5265717655773741,0.0899426648776855
2014-04-23 13:00:00,DEHM_BD,0.5855801260635245,0.5348218591499603,1.0658006094750314,3.888322694250145,4.79007152903365,3.725322293705258,4.963274177129315,0.1334706540207028,0.1461125563505995,0.5162154774320509,0.08691833504872902
2014-04-23 14:00:00,DEHM_BD,0.5695286643640167,0.49688198962164537,1.138923742784243,3.583068142936304,4.90497965989959,2.884099505146549,4.369526332554412,0.13237546519918825,0.14228675060807194,0.40619755399261037,0.08748459650647816
2014-04-23 15:00:00,DEHM_BD,0.5556155158274707,0.5147756833786354,1.1535743545426613,3.2262708760207284,5.470685955422026,2.426227178892185,3.342508029195299,0.1303526887193716,0.12935195690452128,0.33116282515836026,0.08690213188940535
2014-04-23 16:00:00,DEHM_BD,0.439668045792292,0.45308447374823146,1.0254693824007717,2.563074432284478,5.8573261333709485,2.315058903633803,2.965126476945869,0.12780680401722647,0.1122016508707394,0.26641362034304844,0.08737271275791948
2014-04-23 17:00:00,DEHM_BD,0.28852376598447377,0.5010087906054825,1.0636568769999593,1.9232076275547838,5.247411453638712,1.9392514715610263,3.101153190747796,0.11967549908203705,0.09757505610346681,0.19458879305613935,0.0888067414868323
2014-04-23 18:00:00,DEHM_BD,0.19041278009255871,0.6756096815613305,1.1184416037221272,2.1838867344057142,3.84260504316924,1.8580739216384077,3.8969405607745546,0.10852987709720321,0.09268783612091613,0.15086238966343274,0.08649190140165196
2014-04-23 19:00:00,DEHM_BD,0.13833032963292824,0.8724293362551533,1.196446545757221,2.637002526109803,3.297527151408541,2.5436881477702173,4.661137827140454,0.10416131071194683,0.08751081405026961,0.14042056507904652,0.08425843523210869
2014-04-23 20:00:00,DEHM_BD,0.12470861942575293,0.7504662104839528,1.343285699303485,3.094049180206847,3.568904913982629,4.431349090540227,4.574374341816742,0.10525198637661848,0.09784114345776115,0.170322479081149,0.08329162058843743
2014-04-23 21:00:00,DEHM_BD,0.1307744622723523,0.2649417284709603,1.47539536011689,3.6504585276325607,3.9788136543313186,5.545161978241321,4.69607796257848,0.10638520476830891,0.11414145997513508,0.1607797720555837,0.08580961838192629
2014-04-23 22:00:00,DEHM_BD,0.1363626688610202,0.16801036567443806,1.5349447250396233,3.883419873917482,4.993162666421141,5.730864042554881,5.026331114633419,0.10273323093885282,0.13807249870698043,0.1514043350260992,0.09049581846374198
2014-04-23 23:00:00,DEHM_BD,0.13994165253971683,0.18159681466192065,1.4911278923201068,4.5646169604131694,5.738845999992394,6.069328065308091,5.583628665179805,0.10065482728785395,0.16634057593455476,0.12649666406485646,0.09513340946995381
2014-04-24 00:00:00,DEHM_BD,0.13324602063285412,0.2582782743848809,0.6180793969996987,5.5698544812168835,6.184968457982561,6.559463574832329,6.0749058592848835,0.09318171181237123,0.17539880024227522,0.12148436723597457,0.10056800327035649
2014-04-24 01:00:00,DEHM_BD,0.13889526324743748,0.2848921957316522,0.41143503429417255,6.48630222047748,6.468421132908302,7.0094034574151305,6.565917531077072,0.08895069476778417,0.17413129076218367,0.13053308096045968,0.10803244549855204
2014-04-24 02:00:00,DEHM_BD,0.1544059587939572,0.2765525336898863,0.4764099823889468,7.034447909299757,6.639232745441627,7.2832350981364735,7.167880045048152,0.08535955493944285,0.1747691452608968,0.14838141408967404,0.11930936125392091
2014-04-24 03:00:00,DEHM_BD,0.1958947357401564,0.26663660206589124,0.4972463113453214,7.29861862255376,6.934626297305825,7.675170568631096,7.8776288997105866,0.08792008346200722,0.1754948227847632,0.18556969594891906,0.13627359697277266
2014-04-24 04:00:00,DEHM_BD,0.2671093307909205,0.28558905082523367,0.4910760426463238,7.406656748602926,7.345851444205348,8.457933502487782,8.576570808821346,0.09509641283939986,0.18039451698206316,0.25463276962798276,0.15152784236437283
2014-04-24 05:00:00,DEHM_BD,0.3573478908586861,0.2672928987953145,0.45541018384338283,6.945228922979184,7.603112289683414,8.671921846436815,8.539289382729578,0.10961434401885296,0.15854475328220824,0.3063434952938662,0.15944093875120988
2014-04-24 06:00:00,DEHM_BD,0.422927898001325,0.26282920901039547,0.4100811198395017,5.180184285222912,7.5913385970726095,8.587114839724629,7.882363384213996,0.11585000150130151,0.13869707521786667,0.32343479703258915,0.15987071405354172
2014-04-24 07:00:00,DEHM_BD,0.43987366988553667,0.27142858841354484,0.40342517464940486,5.919603022758739,7.59252168239222,9.14746162963034,8.663178664112788,0.11951206217955074,0.13028343812724996,0.3373364686275728,0.14584583095511935
2014-04-24 08:00:00,DEHM_BD,0.40576157743986985,0.3086160784185037,0.42758753871244287,6.787210882351877,7.56738798571347,9.176021612422353,8.905148814219046,0.12339508726813816,0.12606944940125875,0.3353650723753139,0.13126897249462616
2014-04-24 09:00:00,DEHM_BD,0.34649295761182664,0.36753451370370777,0.4529762743297183,6.205254688527806,7.875554143255446,8.753061074492937,8.273969421035936,0.1272696383011818,0.1362514087574097,0.35678382011553333,0.12005033146043745
2014-04-24 10:00:00,DEHM_BD,0.3082797989853324,0.4008719011817339,0.46447633416864487,5.08506675951548,8.038777304955621,8.391339571341556,7.324960600139952,0.1280303225210832,0.14469143316612845,0.36541659710817453,0.11272956389170893
2014-04-24 11:00:00,DEHM_BD,0.28619876293007684,0.38796465958788173,0.5398493176930678,3.6298421184361715,7.821501901361326,7.901734484817269,6.322251130392828,0.12414861032017491,0.1534103746057188,0.35283580954310745,0.10674720073694745
2014-04-24 12:00:00,DEHM_BD,0.2945548391972371,0.36056318543803256,0.6285030230901024,2.6722433697149675,7.5877608939541075,7.496305380495186,4.470042757913908,0.11687509390009089,0.16411836391763662,0.3342459667338439,0.10012111523897252
2014-04-24 13:00:00,DEHM_BD,0.29175851429014404,0.33212391055361257,0.7001754219793119,2.418510325269944,7.5090182057496655,7.259221823753003,2.9095313585628504,0.11332040375665398,0.18619019865681383,0.30719081524588804,0.09770787036879285
2014-04-24 14:00:00,DEHM_BD,0.2934190562326716,0.3083220746840152,0.7126415400270282,2.2879591514982107,7.071362036551695,5.113068230978577,1.843824484696864,0.11158910240288565,0.20895837288139985,0.2988248576830027,0.09664506534520709
2014-04-24 15:00:00,DEHM_BD,0.2770060848961408,0.31478527451231025,0.67187329642167,1.9406091286577591,7.572351755140694,3.3346685799967686,1.5715820315127516,0.10631699222981461,0.22490546269646663,0.286600533652808,0.09620633312357427
2014-04-24 16:00:00,DEHM_BD,0.2617218465478426,0.3254566200031659,0.6234504829154865,1.0450533145832726,7.085809481235161,2.3805941094779066,1.1050772756351854,0.110000672368753,0.216348964115364,0.26622730886861984,0.0961499933438893
2014-04-24 17:00:00,DEHM_BD,0.25624759200441877,0.3630171759723244,0.5510609707878069,0.4389443575557045,5.4626377408087485,2.4580233651026213,0.5258013655578012,0.09405726612268545,0.17585274711758583,0.2486561889501256,0.09651322918694079
2014-04-24 18:00:00,DEHM_BD,0.2321670269524398,0.425242531475604,0.5059972767583447,0.44580954149261787,4.819345906611004,2.838725120141627,0.8497494608649653,0.08908930456066691,0.13659053510306537,0.21904014618715736,0.09848077269189022
2014-04-24 19:00:00,DEHM_BD,0.20321603975549152,0.4871180665517417,0.5560488288176286,0.9545809731376904,5.378014604176537,3.310488724261789,1.6519609978834822,0.08207304793217059,0.12062151709864327,0.20701218649697894,0.1002093489728839
2014-04-24 20:00:00,DEHM_BD,0.18695538332904452,0.6237716447193701,0.6273340087613226,2.027423072470648,5.366167469552533,2.679159966735503,2.685194587172366,0.08314553708961123,0.12104239724941356,0.21256410231571282,0.11062615019894427
2014-04-24 21:00:00,DEHM_BD,0.18940034111446571,0.7029788617329149,0.6928245636804494,2.5809439043476994,5.035947663207557,2.8199519055301714,3.827204595656427,0.08268394377143957,0.13722790234771093,0.21677097705359633,0.14080425896546883
2014-04-24 22:00:00,DEHM_BD,0.20465652051337807,0.5254686138317441,0.8673033540988908,2.630519064334623,4.997751592560733,3.7227339310246443,3.887973368957354,0.08403494322171032,0.16964280533809226,0.22782693275927246,0.19097142742549275
2014-04-24 23:00:00,DEHM_BD,0.21748927880770863,0.44874750328849256,1.0771407862867726,2.480500931499637,5.011465583303572,4.5687170887425745,3.6170731708320663,0.08624911022235632,0.19159434730690683,0.25115987080828045,0.2464993958297731
2014-04-25 00:00:00,DEHM_BD,0.2440273843073617,0.4307382913820771,1.1568553855834154,2.363818522297692,4.646515370864044,4.545622789783383,3.3111619933231027,0.08830665409017022,0.1961643487580393,0.28875606689687167,0.29179242913449516
2014-04-25 01:00:00,DEHM_BD,0.30919476900452747,0.3977122107635106,1.0342411963395368,2.362486502107828,4.28364173233521,4.225849012426968,3.1445361261957308,0.09806018375385162,0.18860031994553156,0.32826575076947984,0.32886845593945563
2014-04-25 02:00:00,DEHM_BD,0.4200275605725886,0.4317973578902954,0.8681672180809804,2.43897782924237,3.9542549917894934,3.9197390866891952,3.054999839352983,0.125612084615715,0.17579432108556217,0.3492176389866891,0.36507789352248315
2014-04-25 03:00:00,DEHM_BD,0.5503687891274007,0.46208247276795655,0.8489911861348994,2.4928232164898994,3.7679079437556418,3.7300367812035797,2.993680535505689,0.15573128661377184,0.16480828094512306,0.3696695283266389,0.3947932014059742
2014-04-25 04:00:00,DEHM_BD,0.6226635929277876,0.48870310464923417,0.851113238447332,2.6673398437703324,3.6400727458163957,3.547349306301528,3.0781271437895983,0.1835713081958495,0.16674959399411116,0.3846651351077258,0.38255118357183837
2014-04-25 05:00:00,DEHM_BD,0.6447126182747958,0.4507347283126777,0.8558489118234457,2.542680362274663,3.3521897502306865,3.304157290364054,2.9233941952030875,0.21566187172074025,0.16181121476740967,0.3694747486505486,0.30966567063336176
2014-04-25 06:00:00,DEHM_BD,0.5946680936395733,0.5701009547002737,0.9819659982729904,2.204784827463522,3.127365244017758,3.011722032800414,2.5502597177147317,0.22586543090031586,0.1429106224462933,0.3959428761567705,0.231034555587457
2014-04-25 07:00:00,DEHM_BD,0.55477409949628,0.6512760463025675,1.0984958849927986,2.0600927322042266,2.871125540264826,2.698694695266082,2.499052380126271,0.22425003230113405,0.12695276267540345,0.4490616400720027,0.1679500783440308
2014-04-25 08:00:00,DEHM_BD,0.4707145260728283,0.6937112455158889,1.2216503720944736,1.9759759714946745,2.464616625839076,2.566736330511938,2.3686300007023067,0.2306247248567553,0.11862652383260941,0.5575949338881298,0.13250541278639622
2014-04-25 09:00:00,DEHM_BD,0.4829181480269471,0.7121080120036051,1.2657570922932795,1.92269273307343,2.553352357365873,2.601922386161865,2.2287000822801457,0.23727515595182502,0.11440215060761628,0.6551926786680962,0.11296759779869753
2014-04-25 10:00:00,DEHM_BD,0.6153420524929092,0.7881925056899827,1.2826958099940977,2.077230307241273,2.5684563380040926,2.5837017050373148,2.3705707677597854,0.24235900605867877,0.11694519937338994,0.6831908350473016,0.10361483811604427
2014-04-25 11:00:00,DEHM_BD,0.6935372223157295,0.8944785335760096,1.2905442612558462,2.2632411619982378,2.6041694120651364,2.5874741329892323,2.7356481593076687,0.23906754483132375,0.12131837289771638,0.6890067644992334,0.09957285016343216
2014-04-25 12:00:00,DEHM_BD,0.7012831950364122,1.0138512578409093,1.4189898172018525,2.393005231546343,2.7262789404865533,2.804113868056894,2.986636962639311,0.21726652202344898,0.12267663976364909,0.6922006038173067,0.1015427510634809
2014-04-25 13:00:00,DEHM_BD,0.7085673823743381,1.0760018551920074,1.7390570951800932,2.6910419735657936,2.973997637425263,3.0744211998883553,3.1248395102079654,0.18946382881678636,0.1392025533494894,0.6871608497643253,0.10080996201101915
2014-04-25 14:00:00,DEHM_BD,0.6837812661866051,1.1958893361074057,1.9991300608381886,2.6613421074068153,3.1083549638050014,3.237861048628621,3.2610026907815475,0.1635983275366671,0.146028815744417,0.6719292730602932,0.09916716288684566
2014-04-25 15:00:00,DEHM_BD,0.63956340467324,1.2267913604827236,2.0284104264995877,2.2438824696254756,3.329406956902163,3.512132457804322,2.7261503152194697,0.14880190828093337,0.14090762033122403,0.6601910867153572,0.0999463086420669
2014-04-25 16:00:00,DEHM_BD,0.5537823940474341,1.0918904506735572,1.9547583754435192,1.7116168604212696,3.542415088886828,3.34027587641181,2.3120716176051794,0.13876033769088544,0.13269816562867545,0.6089482233232774,0.10002571836958636
2014-04-25 17:00:00,DEHM_BD,0.5031490339958745,0.994749499331472,1.8039127405745838,1.3193678502989767,3.4075668592513333,2.8138473066710805,1.9866826658334402,0.13243557357290317,0.11309941546585382,0.5913806194729025,0.0983040619065625
2014-04-25 18:00:00,DEHM_BD,0.4667595240658564,1.003311690026942,1.670782460302161,1.0388232050227755,2.9301399625513516,2.859024911428137,2.0003999233933216,0.12621718439653892,0.10133839729837384,0.5941124769042418,0.09709654099705746
2014-04-25 19:00:00,DEHM_BD,0.5152763362836412,1.0534125065789846,1.662872935115084,1.0715774180069841,2.69212832889777,3.101259295428788,1.9921396275408525,0.12591543076831196,0.0929121271225353,0.592211335807642,0.09791346625423572
2014-04-25 20:00:00,DEHM_BD,0.5692083403892312,1.1671429560126154,1.7870514460615408,1.899773854507257,3.079092750544113,3.129625588566456,2.2042072142285773,0.12758911244450996,0.08755687520001325,0.575246826061901,0.10353975813721439
2014-04-25 21:00:00,DEHM_BD,0.5728454470884374,1.1670902906359315,1.8673948364060577,2.459893614189907,3.726141650886153,3.70243494982814,2.7752738472535565,0.13067583694218174,0.08627716478773566,0.5655068333000316,0.11920625364781046
2014-04-25 22:00:00,DEHM_BD,0.5694104921494476,1.145071136288869,1.8557068890312718,2.8423834982799887,3.6710620296588563,3.9448896506387445,3.449619753351036,0.13513129586891776,0.08405381943549373,0.6024200408557638,0.14656550415811503
2014-04-25 23:00:00,DEHM_BD,0.6310094412007561,1.181240670493939,1.8705301437417374,3.9807603960016165,3.8952223791569285,4.251273595799914,4.160234436302471,0.13877736369505866,0.0945465585101925,0.6723116900393151,0.1871947332986944
2014-04-26 00:00:00,DEHM_BD,0.7269484323280315,1.2259837160216276,2.04770898298965,4.032817299395618,4.071689625261313,5.285900548169733,5.200478446517966,0.15048635864325136,0.12208701591503805,0.7115067038973761,0.2144112543004752
2014-04-26 01:00:00,DEHM_BD,0.7549031872142519,1.2669829622569466,2.1147629641684507,3.5186255446231685,3.4735704338548334,6.214060136080521,5.728250549555741,0.16427748476705012,0.1600855850447479,0.7261039289716338,0.23972833486862444
2014-04-26 02:00:00,DEHM_BD,0.7284046760054804,1.2785384126513177,1.9730591863104059,4.57313156320907,2.5870204052665833,7.095008810398831,6.533789400704999,0.17120026469684485,0.22423596655240985,0.7463168835564941,0.2756913541841899
2014-04-26 03:00:00,DEHM_BD,0.7214961306667118,1.3446116649032296,1.9286751333352745,6.930056752097464,2.0267912201093137,6.072368934069425,7.9414755464496745,0.18274937135329541,0.29110787538376914,0.73743868389862,0.3162569637265157
2014-04-26 04:00:00,DEHM_BD,0.7236153475114824,1.3351504384778845,1.8683981030924754,7.562701091821567,1.9556523300819846,4.853484438499175,8.25599640164841,0.20542475587138637,0.35209212295463244,0.6948935032149947,0.3281586755891961
2014-04-26 05:00:00,DEHM_BD,0.7196991124952724,1.0965944720591385,1.675098233330333,6.576100472097136,2.214953232953176,4.191745781396013,7.015064033569303,0.24289354690765896,0.3306180092867236,0.5373673220705524,0.2740040469240237
2014-04-26 06:00:00,DEHM_BD,0.7260497510505595,0.913198652822224,1.4232610421064606,5.589368972867648,2.437006459611095,3.811587471716101,5.99951753949509,0.24930285290945375,0.2492082729757163,0.40941883768295506,0.21569491691389517
2014-04-26 07:00:00,DEHM_BD,0.7149617086429638,0.8773482191919442,1.288007706398716,4.608636714150959,2.494019370050691,3.83908084141674,5.183619792030082,0.21941404735454814,0.1935004760225259,0.41648649603681864,0.18185773849931947
2014-04-26 08:00:00,DEHM_BD,0.7512430903336185,0.9184913957961858,1.1703930828376463,3.751005209030814,2.5442406346590722,3.8304436936517137,4.601712414772762,0.19708403434884025,0.16383925720550696,0.46293300016514705,0.16366838312177917
2014-04-26 09:00:00,DEHM_BD,0.823237171048522,0.9809901168539584,1.0820126319912726,3.069936028569609,2.8309828201794156,3.4656751580651917,4.1609504579403325,0.20255510032870677,0.15476463783865435,0.5940732810322427,0.15062077317685493
2014-04-26 10:00:00,DEHM_BD,0.8653233380717249,1.0163002585036516,1.0416583124835181,2.563702409884788,3.1779227809526143,3.1813697733188087,3.7351898607086786,0.23238117587937038,0.14777101048215346,0.748906135999672,0.13995557885944243
2014-04-26 11:00:00,DEHM_BD,0.8215947714225039,1.0809904403909412,0.9513508848969905,2.108066940400596,3.168886673233837,3.219022326800645,3.274278467348325,0.2539526739636772,0.13864971889594446,0.807200847297865,0.1375738584713409
2014-04-26 12:00:00,DEHM_BD,0.8219232018744014,1.1544541646638233,0.9431687943245842,1.8473559574182736,2.7703543201985346,2.966206130238366,2.909396521987247,0.2554411842335841,0.13582290035527017,0.7955777071839663,0.1467880717492434
2014-04-26 13:00:00,DEHM_BD,0.8257295941856153,1.20389783320392,0.9066749087496602,1.9443474534389569,2.3646525271301284,2.5819197077640537,2.2879151544472607,0.23068662554796077,0.13558938457673753,0.7721957063023885,0.15591789965333494
2014-04-26 14:00:00,DEHM_BD,0.8591545506366784,1.2239499664793523,1.0462420984580973,2.1211627839528355,2.2110441232434144,2.4124258803463126,1.7108580000322369,0.20881562161886702,0.1417523022216528,0.735646205686775,0.16394247669192047
2014-04-26 15:00:00,DEHM_BD,0.8644600800370168,1.216759019383115,1.310810462846614,2.3044141102526905,2.3784438246947968,2.2209550625109973,1.7592092372039365,0.20435704218060996,0.14617812721778883,0.6795275182205965,0.16972551194857305
2014-04-26 16:00:00,DEHM_BD,0.7689658614617167,1.0696966532186594,1.5679427350482347,2.3023904290002726,2.3399345969087175,1.9627309962011628,1.9775428283840792,0.20108205361256304,0.1439729799163048,0.5904383827787747,0.16513837585283897
2014-04-26 17:00:00,DEHM_BD,0.6053964496682072,0.9931422123247564,1.5926212691690718,2.158728916533941,2.324452236074695,1.813072777444201,1.974576593594365,0.18262573521181755,0.12411586229867536,0.5486141138511095,0.14256477130042053
2014-04-26 18:00:00,DEHM_BD,0.5034683595898833,0.9944100845152252,1.5938933545602474,2.4661604356179727,2.5580703301042687,2.1676224354922136,2.3438699021927842,0.1579685044669844,0.11261611178441558,0.621303585524313,0.12764650056688323
2014-04-26 19:00:00,DEHM_BD,0.47312877492241157,1.0587126506742854,1.549873153606527,2.8541616111797405,3.090311349527113,2.654577149669407,2.6962121471923317,0.15230018308264165,0.10506209915233199,0.7413953728052691,0.11876892794037125
2014-04-26 20:00:00,DEHM_BD,0.5410566417558276,1.2190597923695365,1.5351671242426137,3.4558200714223344,3.7680312841736643,3.221701890082279,3.5368463531482996,0.1503099495080085,0.0995492758143871,0.8359798822692949,0.11246223947660826
2014-04-26 21:00:00,DEHM_BD,0.6911475175933502,1.4488610708397096,1.6832096161018835,4.1216110999857545,4.300233398314272,3.9300839833302645,4.612822014037828,0.14986382141523247,0.10136786071856256,0.9540890610339363,0.11528264414904515
2014-04-26 22:00:00,DEHM_BD,0.7785204350452617,1.6012278821786567,1.9715823053967187,5.1113371485267995,4.640074862587073,4.7217664146443745,6.002989094076691,0.1519312690690665,0.11486996140641596,1.0029379180817086,0.12688161952846078
2014-04-26 23:00:00,DEHM_BD,0.8773919528809032,1.629662685615194,2.1595045708358533,6.361001484980896,5.2808830100598785,5.445392313528456,7.007489922305729,0.15515645943894477,0.17698452610530788,1.0333989980416294,0.1427248341697362
2014-04-27 00:00:00,DEHM_BD,0.9483491946438221,1.5925336515486608,2.49818556145584,6.600882342886126,5.926103801798391,6.072953322223622,7.582109697349753,0.16937392852708544,0.3201153680252778,1.0878674371716153,0.159145214214069
2014-04-27 01:00:00,DEHM_BD,1.0003642409945235,1.4942676905335468,2.9178476033252334,6.320535125133475,5.97188338389154,6.704896946377168,7.918061872991014,0.19161902374360298,0.2874861369218405,1.0894271414253642,0.18020619358502155
2014-04-27 02:00:00,DEHM_BD,1.0537458152017378,1.526219288337849,2.665779171561586,6.0025017947896515,6.251226302942088,7.377687761736867,8.083326315363763,0.2040027053668972,0.20985673015749678,1.031302326994671,0.20562989459929065
2014-04-27 03:00:00,DEHM_BD,1.032699808397928,1.7174820601754792,2.2477259519913604,5.5710201702639655,6.063803605022204,7.931299274378131,8.133829135048966,0.2125564038029263,0.1854219137326205,0.9760932045843507,0.23466453732001546
2014-04-27 04:00:00,DEHM_BD,0.939312856643495,1.5939292456000982,1.914989005124681,5.064744934467745,5.971173703916352,8.050057909694152,7.8217872652691405,0.2294615330048562,0.22001088116645387,0.9097976165255361,0.23863294409471886
2014-04-27 05:00:00,DEHM_BD,0.8594526930659102,1.2265403160511088,1.5638473631562315,4.419368051609059,5.748101824162799,7.410139106508273,6.824797707379744,0.29408255180256876,0.26121818342197,0.7148930229619888,0.1997188514999865
2014-04-27 06:00:00,DEHM_BD,0.7719240390303683,0.9022555906706146,1.3491204627579882,4.070499311417722,4.7695689015995715,6.024911993588551,5.690346420019781,0.3369507157879153,0.23819014847555772,0.4421517090871393,0.1810661987933221
2014-04-27 07:00:00,DEHM_BD,0.7015298804980655,0.7571015425185137,1.2084084207778378,3.071850205994679,3.8320113324826535,4.610879602330349,4.814536604508029,0.28964541416622686,0.20284961580141153,0.35453376272416437,0.1727170510047435
2014-04-27 08:00:00,DEHM_BD,0.5831903407317074,0.6964360769907838,1.0601672518138923,2.1535145905139785,2.990437106227214,3.794469050567094,3.4252934101320824,0.2412570563635602,0.17752576779988005,0.3220865637239936,0.1700332538867711
2014-04-27 09:00:00,DEHM_BD,0.4286120522110699,0.6668757172101061,0.9583501463878223,1.4941790914563393,2.2637391974859127,2.712019595223775,2.346887364982424,0.20725168274019132,0.1612634585034817,0.3317246156822429,0.1745717415255784
2014-04-27 10:00:00,DEHM_BD,0.36394332046430555,0.6519800162739422,1.0013596019280817,1.1921488970948941,1.9312148404460632,2.2206213585944528,1.7414308172815782,0.20132967916455105,0.14655963595965515,0.40765364640357893,0.19456354449979488
2014-04-27 11:00:00,DEHM_BD,0.36989908743119554,0.6926138409930747,1.0147327520548843,0.9345779283744828,1.530711208165486,1.4207835413398053,1.2427042432903435,0.21865630688611404,0.14464972492979702,0.4719353129850269,0.21382868549824446
2014-04-27 12:00:00,DEHM_BD,0.3852441394050861,0.7192520777485845,1.053321806877607,0.7938318773463439,1.326022611542407,1.1701395113304713,1.0719944578153406,0.22883602340542467,0.1555379037585784,0.478141573873477,0.21325499554953053
2014-04-27 13:00:00,DEHM_BD,0.3895170536537817,0.7092456284961627,1.2838060689293873,0.7963982603577443,1.313233654206855,1.056361942710741,1.0061482221030262,0.22714016468681222,0.16784317812299027,0.4917645352777215,0.20601230304964344
2014-04-27 14:00:00,DEHM_BD,0.35384010447827396,0.640785783662286,1.2930828682006128,0.7923689928950038,1.4332091563909768,1.0278691908661244,0.928706198418451,0.2134055767882108,0.17854415021323847,0.46871573957051416,0.1973294362427905
2014-04-27 15:00:00,DEHM_BD,0.32668805033844767,0.5506852792273188,1.1813412974259403,0.8812854525179268,1.4683224942332653,0.9734387277550854,0.8753344274217605,0.19384699129228122,0.18895447534809628,0.3782966498428817,0.17866963686859696
2014-04-27 16:00:00,DEHM_BD,0.30850439493249976,0.5035422761551989,1.0937781258091115,0.9402527550045532,1.592326507519679,0.9566203919626692,0.9844165886372089,0.18131695310442292,0.18905816481495322,0.3028283478136661,0.16545082514660453
2014-04-27 17:00:00,DEHM_BD,0.28268997853565725,0.5833283458021102,1.0210195207088049,0.9024372671201735,1.765729365286378,0.9503874306440172,1.255838880998011,0.1658473843883093,0.16879863842073173,0.3094467232526309,0.16127677534418708
2014-04-27 18:00:00,DEHM_BD,0.242265388245171,0.7159596311866555,0.8790477879770258,0.9653012688999971,1.9931670411232767,1.2634538320689257,1.6909914856956685,0.15852202329547546,0.16091325132719608,0.4075357116902534,0.16555923689222768
2014-04-27 19:00:00,DEHM_BD,0.23547663121042595,0.7411082920108749,0.8418138829451548,1.4493643333196544,2.4061479432062294,2.171917228431501,2.365943162766811,0.1592719722118441,0.1470637246143311,0.6009083115465383,0.168560596001727
2014-04-27 20:00:00,DEHM_BD,0.341828221962676,0.7899687042206571,1.0420915010045535,2.0584474465130924,3.141793057279451,3.2721080148850734,3.072430528378135,0.16571123689776082,0.13157412342963057,0.6845912659870039,0.16834756925642058
2014-04-27 21:00:00,DEHM_BD,0.5254889508277348,0.9142381611455016,1.232100530969649,2.6513244367836695,4.182991400302885,3.924109477623217,3.679491000775393,0.17732017615568002,0.13115136468204155,0.6811084822222213,0.16988749394272437
2014-04-27 22:00:00,DEHM_BD,0.6657322585369101,1.1214140660218592,1.343588204366057,3.075179606032969,5.041834257917792,4.253941568278049,4.116156795218311,0.19329039022687897,0.12695172071069294,0.7255243243907148,0.17591462941422803
2014-04-27 23:00:00,DEHM_BD,0.7129694463012942,1.3801904990501797,1.416128631874156,3.340656619131011,5.513279241490122,4.6785920915480785,4.5339686358717,0.21361364675009412,0.12586474664483707,0.8175772615089612,0.18555948392591587
2014-04-28 00:00:00,DEHM_BD,0.7731617830502917,1.649393711621574,1.5321941358529256,3.6135180661523907,5.7277987968721895,5.138332124016654,4.924626779726065,0.22901902768743626,0.16626380129536925,0.9028327514318142,0.19316087787498548
2014-04-28 01:00:00,DEHM_BD,0.869296013694141,1.8844343480572934,1.7204459136304366,3.992180708713779,5.860997663855567,5.442921968308386,5.177761018755852,0.2390335632875335,0.2864210177474231,0.9361594348994555,0.19693420892746685
2014-04-28 02:00:00,DEHM_BD,0.9639812700296886,2.040693790738845,1.9722747371769882,4.468163548804883,5.990679148192238,5.636180895484159,5.280763342138195,0.24588064395026815,0.46821278725462556,0.9057734406934991,0.1937598177052678
2014-04-28 03:00:00,DEHM_BD,1.0299355077954393,2.134171875313428,2.2598157010977458,4.958453213892116,6.059030653260062,5.656747209064369,5.545330376310259,0.24119708020272357,0.6219378877745905,0.8497534303927923,0.18500616649184065
2014-04-28 04:00:00,DEHM_BD,1.0376452043360582,2.1653734199114316,2.5197327747660907,5.403073147258289,5.9306103071169005,5.474809649521848,6.155451206652605,0.22589887559702,0.6893688055764606,0.816439332519098,0.17444355982507037
2014-04-28 05:00:00,DEHM_BD,0.9975770112043558,2.0712691026707284,2.6663482946407546,5.577465474915748,5.583154162899898,4.869425649231901,6.8663169775172435,0.21730086009593447,0.8393454815620853,0.7005582995595265,0.17056501005216493
2014-04-28 06:00:00,DEHM_BD,0.9515067429934743,1.7758633216565647,2.557450559448913,4.721680226122253,5.058542886782159,4.2364155777813055,7.123688567996134,0.21608156515951052,0.8508775375938216,0.548213801620805,0.17112638484079584
2014-04-28 07:00:00,DEHM_BD,0.9234425828804617,1.812510956618695,2.513668419635347,4.822093056989823,4.573235600749778,4.0728015603758285,6.734136778352056,0.22402607612058684,0.753001764250528,0.3999171139298098,0.18193088367527113
2014-04-28 08:00:00,DEHM_BD,0.9503828033962763,1.7307014007284893,2.420387447414799,4.825855481754527,4.300161067327514,4.273130660743872,5.867937622025342,0.2382697662681114,0.63778264903893,0.3047661356304241,0.19923675165867827
2014-04-28 09:00:00,DEHM_BD,1.0117616384956172,1.3911841416552686,1.9512167975816375,4.809994110874876,4.227276393790929,4.310108134121911,5.074066303990055,0.2633433449274474,0.5772979160279756,0.2588884360869589,0.2106663446367252
2014-04-28 10:00:00,DEHM_BD,1.0869954018502264,1.2596139243813114,1.5825820597680285,4.400740319293991,3.899520396362075,3.6765062123993344,4.69099731165909,0.29549041626202166,0.5315622320011908,0.2365434362457005,0.2236385948597216
2014-04-28 11:00:00,DEHM_BD,1.1577891775611229,1.1785190635197982,1.5610901058850775,3.8196827694383173,3.3466603738392044,3.0077003966887843,4.539324329929857,0.32864599178646214,0.5169887667906958,0.23122699722537648,0.2479098971572005
2014-04-28 12:00:00,DEHM_BD,1.1061226759640315,1.0028435561369486,1.559875551282182,3.515700555582225,2.971662358519742,2.9718612560323203,4.324730502464283,0.36643384570361104,0.5299103013075306,0.2332976485915568,0.26630533524720773
2014-04-28 13:00:00,DEHM_BD,0.95140042574913,0.8919138955152499,1.0116518122542513,3.1493321994125347,2.760541811069964,2.6793185492111355,4.029012731499946,0.4110005995169373,0.5355093385011143,0.22791651585567355,0.2782470498114212
2014-04-28 14:00:00,DEHM_BD,0.7152541932618222,0.8270989501404219,0.6591806517754142,2.7032704306289985,2.789210202643778,2.8998190636684718,3.8578097461380647,0.4555250111427646,0.4848413985800393,0.2305248248727258,0.2841382617986643
2014-04-28 15:00:00,DEHM_BD,0.5196388249917234,0.7402788897825137,0.4436676144322764,1.9967493869056998,2.936365589506086,3.7854532226525563,3.7892095586269727,0.468562897558892,0.3698140396352041,0.23372979634702853,0.2735384881790328
2014-04-28 16:00:00,DEHM_BD,0.4181835027047619,0.5898039930496847,0.38213387955360656,1.424792027043125,2.9993003426951055,4.528859286147309,3.435873168821851,0.4542763169769964,0.27298918400807815,0.2855455489916969,0.244375088225983
2014-04-28 17:00:00,DEHM_BD,0.3575366844832012,0.34149340140757883,0.6404196094910997,1.049269289718212,2.9580839782704205,4.212948431869937,3.06538573978722,0.44357939278665226,0.2396088620261822,0.27201774460395595,0.21506924649364095
2014-04-28 18:00:00,DEHM_BD,0.41035335555659946,0.47907382613174515,1.1111784608378767,1.1747574656010678,3.0122966827874027,3.7274383385698413,3.1528371796155965,0.430275276806257,0.2419778667269336,0.6158125911184901,0.2020821861068264
2014-04-28 19:00:00,DEHM_BD,0.6327163763892184,0.8474275692123202,1.8822105719029947,1.9027787026297007,3.4642995230703475,3.7527149593619815,3.170226304145113,0.4259959998606644,0.28680427019304905,1.0171306293575448,0.19497003709353122
2014-04-28 20:00:00,DEHM_BD,0.8593439480196899,1.6852983185080799,2.4803866093350053,2.5277052075662922,4.069061377342455,4.078071249794928,3.2929888724696017,0.46142670678942704,0.4643469956154796,1.3776047432220504,0.1933440686117971
2014-04-28 21:00:00,DEHM_BD,0.9771214001163997,2.3885517939990715,2.794525443516988,3.0099175638600064,4.7181164867253225,4.712391177582143,3.791302213597305,0.5040877093458209,0.8598829164258546,1.9487767255149704,0.19812751619766375
2014-04-28 22:00:00,DEHM_BD,1.0052394367702875,2.6466833369438643,2.8804975118170386,3.5140983910406627,5.425239202735071,5.851675179358651,4.207417884469037,0.5155700131734156,1.2633009808454592,2.4636457000020955,0.20260227466937047
2014-04-28 23:00:00,DEHM_BD,0.9304625108939322,2.7040550779764567,2.8587960257129748,3.94618624902164,5.872142545532584,6.790784590980727,4.3611585360076885,0.5017517042969962,1.452452808073347,2.8187729610452426,0.20947676967378484
2014-04-29 00:00:00,DEHM_BD,0.7979510561644867,2.766461346126124,2.7402706696095045,4.30362864362986,6.042952385141551,7.227361058181384,4.459064447820197,0.4681825362902302,1.4429812196494924,3.098735017519191,0.22011740667216184
2014-04-29 01:00:00,DEHM_BD,0.5711459065834327,2.80550931548445,2.5759167812097976,4.615159638179773,6.042907162977308,7.535552574538132,4.426525012730338,0.4495222788867468,1.3945930811355418,3.3789971044254763,0.23204737150846735
2014-04-29 02:00:00,DEHM_BD,0.5255024740441778,2.7354243174936355,2.3825084092792217,4.822922783326893,6.021895836179685,7.6297181413756405,4.2518666370880425,0.4468688032734396,1.3458048415641528,3.594573137361757,0.2423322624753621
2014-04-29 03:00:00,DEHM_BD,0.8250456112685526,2.582359611863752,2.1489231601385814,4.901432114902667,6.106193691411708,7.520475500809411,4.167603975181845,0.46296929076841675,1.2976439567970885,3.717366883994054,0.24567594597829892
2014-04-29 04:00:00,DEHM_BD,1.1475893613202615,2.3622628827930914,1.962628804830814,4.4295847193647395,6.135504304915108,7.360369714559102,4.072281200861324,0.5005919389940472,1.1814850901786758,3.6785363944572773,0.24469797047222197
2014-04-29 05:00:00,DEHM_BD,1.3844023044476625,1.9399797696680368,1.7990002706516741,3.448380501686734,5.925326590466872,6.984666705584717,3.6904511254054135,0.5293028416472675,0.8854824971079633,3.167209151241081,0.23121031221738372
2014-04-29 06:00:00,DEHM_BD,1.9891234567529932,1.4499237685821726,1.4035583916814736,2.7811920692297534,5.946049228406693,6.484936505457968,3.442459902294144,0.5261728565182682,0.567804703490585,2.0551892559525275,0.19215990491627818
2014-04-29 07:00:00,DEHM_BD,2.4497033360414,1.1118001538491447,0.8061582131803733,2.525450558010831,5.7384679351147,6.28190000007861,3.439866783460375,0.5319718015629671,0.45759842502887355,1.5006868191846425,0.14423930701857476
2014-04-29 08:00:00,DEHM_BD,2.47012744369121,0.8435473368622222,0.5718650600736751,2.6071887930467774,5.601281252059552,5.91246867863212,3.553632939688337,0.5623174271411401,0.45508818937861345,1.644207430177953,0.11829925849916449
2014-04-29 09:00:00,DEHM_BD,2.3848560680533266,0.7403823205604532,0.5471794415271515,3.025449701289347,5.714395764939229,5.166062311507086,3.7761760625104634,0.601962860457577,0.4646684019089116,1.6094270936315647,0.11503753692462788
2014-04-29 10:00:00,DEHM_BD,2.2156504536602766,0.6973252086356105,0.5561808827907916,3.6108106975758396,5.725212700265414,4.079293400959779,3.768549359989982,0.6528684306063142,0.46852816938294084,1.41551520537955,0.10461415823662301
2014-04-29 11:00:00,DEHM_BD,2.073508588103489,0.6766445267506409,0.5661220136525156,3.5594387682144073,5.562884414381683,3.459489936414741,3.8953574637333577,0.6536900592547142,0.4510302287057227,1.2218813257903873,0.10173887211889364
2014-04-29 12:00:00,DEHM_BD,1.9033939134808118,0.724280148827843,0.6197982533799461,3.3641236810705295,5.5654782998238685,3.3208048844667806,4.165483968212269,0.6267665801344485,0.39983668024797914,0.9524185475944174,0.09958954971706716
2014-04-29 13:00:00,DEHM_BD,1.7635536658057873,0.8047446042084228,0.7482137126878647,2.790634624520786,5.493201596245654,3.4136299164974226,3.7481549059661523,0.5871325762580847,0.3786329444031323,0.8028961959681404,0.09669112977160366
2014-04-29 14:00:00,DEHM_BD,1.5806066036926245,0.8429616246403515,0.7657563710272546,1.9075535096926042,5.331103225505027,4.175307154752657,2.514419868858954,0.5517253272366395,0.3705134719703066,0.7151869353773737,0.09214707071602975
2014-04-29 15:00:00,DEHM_BD,1.2997598054276471,0.8550246996914332,0.7048898590851389,1.2394601538107994,5.140738243454173,4.816512554371525,1.7667254792492562,0.5206074195208189,0.38162509167728353,0.6271575971098664,0.08572110523986362
2014-04-29 16:00:00,DEHM_BD,0.8685942001476616,0.8610038608987911,0.6546847428148461,0.7009077891741701,4.748190934281335,4.9276237228259525,2.6130538944326296,0.48140716031489383,0.3899028376353959,0.5224569589318117,0.07973283697615836
2014-04-29 17:00:00,DEHM_BD,0.580067464112198,0.9529365376967307,0.6161250670718049,0.6083521332676292,4.50408190519807,4.557729774299808,3.120281955093064,0.42501299094211825,0.34768885885254325,0.5174194579194104,0.07477510942725968
2014-04-29 18:00:00,DEHM_BD,0.49253461214218563,1.2872843251880142,0.6478525412672249,1.4738910606494733,4.354575680417195,4.4918534507648165,4.0599613529791725,0.35894396929870503,0.31036593453875055,0.6432958878149354,0.07066749331700223
2014-04-29 19:00:00,DEHM_BD,0.506149048518572,1.6944925794183456,0.7893039195070836,2.2530078590224285,4.596008217289432,4.788096836572099,5.469266944531465,0.29674098039770724,0.2950965673291407,0.9044863405567687,0.0683821667670014
2014-04-29 20:00:00,DEHM_BD,0.4510394052670255,2.0845188026000394,0.9264136184294995,2.957548613987501,5.103787131698804,5.438228523055572,6.406831218111776,0.2519517367699362,0.2712109369463521,1.0671574367166645,0.06812602190946564
2014-04-29 21:00:00,DEHM_BD,0.38450380078029933,2.382146855271329,1.0418837530083402,4.142233041959217,5.584923008626245,6.117683799282764,6.603964025573826,0.21342297356369855,0.24478027856943096,1.2633170838902261,0.06798254572708115
2014-04-29 22:00:00,DEHM_BD,0.36493120778779264,2.580603118316385,1.0249747016428712,5.433164760698485,5.9901401810344375,6.759399601271424,6.899256412999291,0.1809597749139826,0.22789417944013016,1.5079992427472386,0.06662435183746798
2014-04-29 23:00:00,DEHM_BD,0.3676558178634289,2.7278910101959424,0.9932618484734231,6.128776454166463,6.24150933894619,7.276033271075983,7.051153881587689,0.14713103736478242,0.2213349976600651,1.7320388492475978,0.06403515876400506
2014-04-30 00:00:00,DEHM_BD,0.37306193576022506,2.802277250345456,0.981761634173347,6.197440398854511,6.3328305309808375,7.677680400563194,6.938815217559238,0.1180326462957274,0.21326908306224215,1.899085410895531,0.061742139630746096
2014-04-30 01:00:00,DEHM_BD,0.3834048745442647,2.8333825323446127,1.0264036598355115,5.765663678564391,6.499249061104866,7.9748129001439265,6.7394277738392745,0.0975581923164357,0.200918253620255,2.023387248668238,0.05961366762653352
2014-04-30 02:00:00,DEHM_BD,0.4009272825536503,2.8407438880208784,1.1129758717049782,5.132239132021247,6.606602252118217,8.179631789578051,6.663804245481925,0.08576052062387704,0.1918870458627502,2.112468930865331,0.05826027924968301
2014-04-30 03:00:00,DEHM_BD,0.41981238526527526,2.6122559178333686,1.2520177819128404,5.113659156667557,6.640710682958438,8.35115527916353,6.740672232812736,0.07806132902285269,0.18608581260105098,2.010657835883629,0.056832641627191795
2014-04-30 04:00:00,DEHM_BD,0.42703981601654306,2.373479482865701,1.413939975498983,5.184751132248086,6.465849884062442,8.380029223301928,6.838625759266618,0.07217479404964036,0.19885030843498988,1.461764599229327,0.056865822674962097
2014-04-30 05:00:00,DEHM_BD,0.42472922635161076,2.163546647716826,1.371351586778389,5.218270750167878,6.0520777433156425,7.758328390841838,6.28839576775834,0.06613784752036624,0.23710806474691837,0.8190691396848995,0.05571578443521248
2014-04-30 06:00:00,DEHM_BD,0.422454229696202,1.97550966256822,0.9506113542306325,4.845575740939344,5.53317023008109,6.701356995111606,5.61539495417815,0.06806623527519018,0.2325086814081609,0.698963342349689,0.05470662396978895
2014-04-30 07:00:00,DEHM_BD,0.5166565527803753,1.701488733010073,0.5928620010326866,4.67904991241541,5.126132434431162,6.050210838817767,5.357370045552531,0.10125021500198035,0.22966557843206786,0.8261938562066696,0.05604576245649288
2014-04-30 08:00:00,DEHM_BD,1.2543590348640374,1.1731382137033437,0.47395724363423986,4.773127579210105,4.936800198239931,5.773894611004164,5.322870778294762,0.14370686130948354,0.2315736242454475,1.0141659992599266,0.058474462739234095
2014-04-30 09:00:00,DEHM_BD,2.2687696070457575,0.6954167758751393,0.3902038751285383,5.065173461955915,4.885163787611103,5.692968216337922,5.433359856717616,0.16461429944564115,0.26071578275514407,1.1582477000081213,0.06171011638923361
2014-04-30 10:00:00,DEHM_BD,2.561094283787493,0.5975645345211846,0.32315937270500933,5.144019408686135,4.866685912292479,5.582840222979853,5.358566901254469,0.1692406342067545,0.3680464992885511,1.0873673666540813,0.0664804755859073
2014-04-30 11:00:00,DEHM_BD,2.2415842814818707,0.61143715092028,0.29598422485770404,5.04757046024106,4.835455117508881,5.591274983438894,5.175293382098539,0.1627692019160649,0.4081693692368174,1.1962418560240788,0.0705625775006232
2014-04-30 12:00:00,DEHM_BD,1.933192658145202,0.5993754980002163,0.2565046917489053,4.641745231998682,4.760604125744607,5.488157644369312,4.969378507365432,0.1702960335729269,0.39708007170987764,1.2016651338952173,0.07418170045929835
2014-04-30 13:00:00,DEHM_BD,1.701103966021703,0.5355829312953643,0.22673066464832972,4.147674301201988,4.418009777174731,5.242973495463752,4.833065917135393,0.18593879192608856,0.48512333886395664,1.3040530918730249,0.07989978525966694
2014-04-30 14:00:00,DEHM_BD,1.4141507090672727,0.5083949299417203,0.24639330893925382,3.7842839925350105,4.077603780645314,5.400268263723487,5.27470527226531,0.21087974761837847,0.6202757315214396,1.2506702155525216,0.08417255564415116
2014-04-30 15:00:00,DEHM_BD,1.2813278919004008,0.4948658862065278,0.21512800617941175,3.7285624257561176,3.834854623003033,5.512321477168968,6.043250714260713,0.17670644713627112,0.6276616149562071,1.0108724900333357,0.08602381330281589
2014-04-30 16:00:00,DEHM_BD,1.2475462586634198,0.46803242090084884,0.20709983614282904,3.281407931061402,3.6322069016774328,5.18282846683455,6.1292614806769565,0.12552909499301756,0.5491135204500238,0.8867630845898873,0.08311160587494011
2014-04-30 17:00:00,DEHM_BD,1.1334247479804525,0.33356123996748294,0.1844797879854216,2.9563829583385477,3.5599358711326774,4.900925553407646,6.245367222791917,0.10523899946951318,0.4099623022575286,0.881750509849799,0.07683091345970271
2014-04-30 18:00:00,DEHM_BD,0.7345455058144189,0.2265936858957431,0.15931772713180725,4.146964342929744,3.7868238371106937,4.934242930940635,6.48837911814144,0.09307580856742796,0.29410758003299436,1.000263727838969,0.07103175147846566
2014-04-30 19:00:00,DEHM_BD,0.4358597024535091,0.2261424896088946,0.1683846530394701,5.555292994046619,3.8584285350229823,5.292437610575968,6.869628858715151,0.06834803969963801,0.2329892608129299,1.2969106491342042,0.0682442465551674
2014-04-30 20:00:00,DEHM_BD,0.4192814221717881,0.29964962870359263,0.2114444306528097,6.535979650890274,3.6225885792366648,5.475795956806075,7.067852597996036,0.06187375826618245,0.20769019108727682,1.6396826292451303,0.06434380198348291
2014-04-30 21:00:00,DEHM_BD,0.297092635292569,0.39400645206624263,0.15485305060079158,7.289372126931194,3.348042545134759,5.359412926650269,6.932224138981945,0.0612235374782512,0.2014236040346884,1.8113087467904876,0.06094742057735085
2014-04-30 22:00:00,DEHM_BD,0.2135111758161219,0.3521493245355699,0.11463977917510759,7.6258544450388674,3.2395978092011664,5.295240633068451,6.4703421804551695,0.059082663897156336,0.21015377619991413,1.4866663437221634,0.06055457932932282
2014-04-30 23:00:00,DEHM_BD,0.2884487052367649,0.2438134963438581,0.11160064856030265,7.8088181881341905,3.371319074490408,5.498200517396269,6.074676175260967,0.053078762373337494,0.15490807814381302,0.5673108521387619,0.060765254838019526
2014-05-01 00:00:00,DEHM_BD,0.20716948419861483,0.15301380821160654,0.10790543820924611,7.994123279792364,3.6193578040099443,5.912831358923656,5.994424964124252,0.05121332518599574,0.05345221006140136,0.35837270698385415,0.0628508486606551
2014-05-01 01:00:00,DEHM_BD,0.1536073160832467,0.09561445726349474,0.09618970568812643,8.080380904040002,3.843790326438511,6.44825157098497,6.187209675746399,0.05402913320411267,0.04449600476763549,0.4708212549303479,0.06730791248269359
2014-05-01 02:00:00,DEHM_BD,0.17089697593652628,0.06377133946949722,0.061661234467414346,8.296308315114116,3.9887845053531463,6.976224006423983,6.575530580203944,0.05617354536325836,0.05135085783909648,0.4925729543912152,0.07667237838685508
2014-05-01 03:00:00,DEHM_BD,0.22543597563447423,0.06380671319407981,0.05350578004172936,8.650620275813512,4.114879145513289,7.490643265026099,7.130953538254353,0.0572650442712028,0.05775919931940073,0.5381283459108783,0.09324431298438456
2014-05-01 04:00:00,DEHM_BD,0.1251614421902595,0.07593642603477396,0.06302603900620755,9.032014410924372,4.283930590873473,7.455416149056293,7.700550374951119,0.05835768156442698,0.05836253023623706,0.5604548101460548,0.11057708365296932
2014-05-01 05:00:00,DEHM_BD,0.059695914731612294,0.07292863790406802,0.0657630657415776,7.945949550522069,4.533687201554775,6.688113381143064,7.414957038511418,0.059345868081116034,0.05524125431912819,0.18656020481076904,0.1251574012028797
2014-05-01 06:00:00,DEHM_BD,0.04820833289190185,0.06357186936519038,0.05629933103922135,7.247553946499321,4.555686945981262,6.096856084210602,6.7468325883507605,0.059335787379350434,0.0557210642163838,0.0659659624638057,0.13473774014348142
2014-05-01 07:00:00,DEHM_BD,0.057127556317581166,0.0609546573860069,0.050080245962250455,7.001497039343188,4.675588599935677,5.779088816861655,6.321789745054066,0.06000855327190652,0.051129795378357955,0.048095827514547634,0.14046449390927312
2014-05-01 08:00:00,DEHM_BD,0.06299237044965376,0.06025818157457621,0.05698008722929382,6.770605884564682,4.765899606733988,5.711054373654854,6.383994630205626,0.06316844855941581,0.045458323587822806,0.05774382510202921,0.14378157539108755
2014-05-01 09:00:00,DEHM_BD,0.06196416930279677,0.05874301639594117,0.07247827756015188,6.467314728162589,5.0826437481440765,5.7848679307020605,6.699312249327047,0.06778083921464612,0.04552493473703328,0.06303890119527215,0.14764938134534267
2014-05-01 10:00:00,DEHM_BD,0.06199160807104771,0.057506864206914206,0.08647089762809446,6.227842677712273,5.28307440366704,5.888829691920311,6.805535069312642,0.06998574738033567,0.05118966592768136,0.06934616880514877,0.14771719981737413
2014-05-01 11:00:00,DEHM_BD,0.06496801851372691,0.05654417704670904,0.09690738463438772,6.17065104491964,5.28952706987869,5.809005971364023,6.402023003022634,0.07274938856168055,0.05811188996074887,0.07277560023176825,0.14173393227512004
2014-05-01 12:00:00,DEHM_BD,0.0664002765609695,0.05727989623270685,0.10076194661314768,5.5627454625845765,4.899761585993842,4.948496512401004,5.8288813387464895,0.07293966289675637,0.06503992111384746,0.07777289307087751,0.12978408887380719
2014-05-01 13:00:00,DEHM_BD,0.07030565896178587,0.06143972847354115,0.10848396717025131,4.877035948072686,4.799628346441076,4.172833774760824,5.314454543385242,0.07359755259621835,0.06846344432261313,0.08019429967952765,0.11669426425415313
2014-05-01 14:00:00,DEHM_BD,0.07178454194102415,0.06535355947179122,0.11545312336939584,4.2107783700371115,4.4167095027723535,3.7814856462065167,4.975727621363957,0.07445796567634305,0.06977108091052416,0.07939286141806973,0.10857281895587798
2014-05-01 15:00:00,DEHM_BD,0.07386106145766089,0.06926792523705962,0.11758368370938597,4.08649462445298,3.709623865783587,3.6758210997996743,4.374862356823482,0.07463143458231818,0.07118330455137045,0.08203793148646586,0.10534165433226253
2014-05-01 16:00:00,DEHM_BD,0.07723655399261035,0.07259504792389207,0.12189091302657576,4.086303971711145,3.3117344839834026,3.75639797736784,4.000949682635594,0.07434734123207491,0.07396923526272633,0.08269703244936241,0.10169494166031876
2014-05-01 17:00:00,DEHM_BD,0.08002732286136113,0.07651972149452729,0.13380345078711864,3.4499971831643075,2.5285665950976486,3.4126589947669776,3.574448560327623,0.07328786454354289,0.07415624725211122,0.07702057972889921,0.09697756756830161
2014-05-01 18:00:00,DEHM_BD,0.07946265614708865,0.09396359933575664,0.14422015678528455,2.962975283143185,1.701943799177755,2.8159172394788694,2.8426743016263827,0.07213985167638766,0.07060760364389179,0.07165476316319984,0.0983035357084636
2014-05-01 19:00:00,DEHM_BD,0.077157518107728,0.1380530371390734,0.16619062896985354,2.8181741690152005,1.2783758065178885,2.409197663296117,2.3338279104004633,0.07240791476765747,0.07370138988084474,0.07035509194785919,0.09566797572418609
2014-05-01 20:00:00,DEHM_BD,0.07889639955227015,0.1636849917683866,0.20588540055821605,2.6004463202282175,1.2194515039387426,2.0830061543272045,2.1667357720505285,0.07285854776590936,0.07593489774505505,0.1325885924921632,0.09232457871074633
2014-05-01 21:00:00,DEHM_BD,0.07881479709292286,0.21340252143367486,0.26289061504944433,2.4130891622298947,1.37910470400374,1.859532441187831,1.9724451696753693,0.07044295665783597,0.07913469104786801,0.4213081275103031,0.0860357144007629
2014-05-01 22:00:00,DEHM_BD,0.0919177121562515,0.3142180721492434,0.338139431836294,2.2923171712163044,1.644786720919503,2.0070924481281462,2.117038624121702,0.06261442276502568,0.08199733030467914,0.5191906233489649,0.07843285093919486
2014-05-01 23:00:00,DEHM_BD,0.33008677353687804,0.3957227943990639,0.4280228435776263,2.4859952096836975,2.082255951983576,2.398217591872276,2.482976579886743,0.05575813221055093,0.08175755216211526,0.4597906637490112,0.07088484520426701
2014-05-02 00:00:00,DEHM_BD,0.5662218558725249,0.4927385520331259,0.5163898090395491,2.8152269619200467,2.483416756878773,2.745025898789929,2.599183637669163,0.05327614219313482,0.08301480522739946,0.5132224346227635,0.06338514795532067
2014-05-02 01:00:00,DEHM_BD,0.43458934615882794,0.6534132824116416,0.6106411481109425,2.921219752269005,2.323106049196317,2.7258441522515073,2.486564317848972,0.051510305618090266,0.08434036715661604,0.6169845902547264,0.05616522668524824
2014-05-02 02:00:00,DEHM_BD,0.4045418383317009,0.8125808052617098,0.6706502751210021,2.538300163691668,2.2493422359671107,2.479483206051147,2.5504236534235774,0.05386002539583336,0.08465642607806653,0.7042725143945079,0.04949254655690091
2014-05-02 03:00:00,DEHM_BD,0.4109245759996013,0.873793047449565,0.7321059280909858,2.161647293828633,2.163911654241008,2.363481695590667,2.489037888145571,0.05821537689458658,0.0848557853919283,0.7795484541991962,0.04531996934433866
2014-05-02 04:00:00,DEHM_BD,0.47646611683548995,0.8192315942449485,0.7887028892482807,2.0799912488403156,1.9066498219720787,2.2199458825436906,2.2190717246838974,0.06928311002667548,0.08177057297219555,0.80568443440647,0.04461185622305173
2014-05-02 05:00:00,DEHM_BD,0.54547715079115,0.49198551875683105,0.7804002894569654,1.709806704117506,1.6263229835594815,2.0284944972003713,1.9158614143440256,0.07337885150139704,0.07596911447081185,0.7253672137415309,0.04575638590167681
2014-05-02 06:00:00,DEHM_BD,0.4815220162201299,0.18983332344611453,0.7680011973778668,1.4315326908989998,1.3913211316935647,1.7730837327459594,1.598866784444879,0.07044229006662027,0.07840253240293474,0.5524367902056226,0.04503087055055584
2014-05-02 07:00:00,DEHM_BD,0.4242691845646057,0.08817611034240677,0.5610887245172151,1.4176702584213614,1.2681192115202382,1.4994885610256268,1.4830825000816321,0.07172614025129574,0.08021815751325778,0.3865054517061786,0.04474571983068117
2014-05-02 08:00:00,DEHM_BD,0.45979828247813026,0.08924259590428998,0.36607842392484885,1.5195433160807885,1.1287418145506316,1.2971600379689645,1.2476718838324714,0.0812941895956405,0.08540103244385291,0.3512093628382938,0.04489804775029067
2014-05-02 09:00:00,DEHM_BD,0.4168204308945591,0.09679646775032848,0.32203415217653253,1.6209500095416152,0.9689196910195566,1.2800262766797763,1.0789328933592863,0.09719613211703942,0.09633558375726439,0.351662492843354,0.047372054473328165
2014-05-02 10:00:00,DEHM_BD,0.36161262375969433,0.10532706454829996,0.3915107509310357,1.4646023030567261,1.0419495975507516,1.3031025470339104,1.254069892240235,0.1085947563473693,0.10809987869229278,0.36539831662532407,0.053387415061398505
2014-05-02 11:00:00,DEHM_BD,0.39536138344835475,0.11251288928294186,0.6155709812421211,1.3394039548937524,1.1362753823025897,1.4123737136303336,1.4786926330510506,0.11045270447501893,0.12191448525375208,0.3577502060877811,0.0605193746638506
2014-05-02 12:00:00,DEHM_BD,0.3293042188328504,0.12156663959278827,0.5657593796774802,1.4963519780703525,1.1974562919274578,1.3498113515304344,1.7894008197701234,0.10384071840760283,0.1417015648512867,0.3583348851203033,0.06580273216466988
2014-05-02 13:00:00,DEHM_BD,0.27345201815709463,0.14231352346551823,0.38986661454412147,1.7129694949446477,1.0808701108820178,1.2690658791086122,1.6700013819457566,0.09458564287823142,0.15425531093701242,0.36267209396395944,0.0699035807520104
2014-05-02 14:00:00,DEHM_BD,0.3203508305372109,0.16287616446308953,0.34054294546365377,1.8560469091750331,1.0699588852231994,1.3021351648264867,1.3706672406582374,0.0878224072277079,0.1601449872177047,0.44103769750561317,0.07234191142893615
2014-05-02 15:00:00,DEHM_BD,0.24531445982314626,0.19525593330939056,0.4112534149937558,1.7578308238857188,1.1216135430171155,1.212350836741806,1.4071556979373585,0.08531621030380242,0.17245907840522232,0.612824744942137,0.07348635456508948
2014-05-02 16:00:00,DEHM_BD,0.1622946135893649,0.23642448573787334,0.3102511571464337,1.6881777677452359,1.0869255350445512,1.142891996980187,1.3929515668913508,0.08277469616368865,0.1626466009051166,0.40804966630052486,0.07408480462718112
2014-05-02 17:00:00,DEHM_BD,0.14840902387116084,0.3146766002849427,0.20813907551843397,1.6480029225669948,1.0151904950090729,1.1074927861045605,1.2250383643931657,0.07712496723879464,0.1317708601039449,0.3020407076288619,0.07392931038783576
2014-05-02 18:00:00,DEHM_BD,0.15163134885214258,0.4156220538418547,0.2313322974673075,1.4673310473956687,0.940274768379873,1.0495040939187485,0.9137510347794378,0.07130808890592932,0.0990088673057743,0.36393453359924655,0.07449375684787467
2014-05-02 19:00:00,DEHM_BD,0.18140179733639575,0.5959786480386478,0.3935741372117194,0.9486946082300467,0.8989530113321402,1.0082967379487777,0.8033536970195831,0.06846800582802096,0.08838339169065415,0.5387422710955427,0.07375232972462999
2014-05-02 20:00:00,DEHM_BD,0.21059582629652682,0.7347364764617055,0.5762100279260303,0.6690261834879656,1.0040782938992723,1.1154117646470505,0.8939447403076667,0.06778268557486343,0.09403871084003287,0.5405013265912266,0.07222605876695674
2014-05-02 21:00:00,DEHM_BD,0.20688733253471542,0.8616801217583611,0.7168043450426541,0.7541344400764962,1.1640026952406881,1.4347562385747548,1.2000153816444812,0.07529175377288508,0.12730605919765625,0.48405461961639884,0.0700324448188627
2014-05-02 22:00:00,DEHM_BD,0.21341103539966028,0.9671092637255384,0.729563845985966,0.986904850305338,1.1499222908996092,1.706610491164001,1.628013582354249,0.07727860492638594,0.20861821413818604,0.4847385286809408,0.06769829738340072
2014-05-02 23:00:00,DEHM_BD,0.22614558812409624,1.3391275136060994,0.8080358914015485,1.265222480798044,1.0336809183453466,1.7459898898508603,1.8821480545694396,0.07531584066596013,0.3182365602765732,0.5297398947765563,0.06494243856398632
2014-05-03 00:00:00,DEHM_BD,0.2189680155020578,1.5378615895608287,0.6394798321962996,1.45665305624318,0.9807732983809802,1.6822622927746225,1.9480413746959584,0.07452148235560223,0.43696780279241276,0.5914963570790573,0.0622805873034056
2014-05-03 01:00:00,DEHM_BD,0.19124023173563165,1.3444641826492703,0.507028893642343,1.6053119690012636,0.9352672311972874,1.6756193337308538,2.0198358967317493,0.07695973267767138,0.5711390879479662,0.6491824398128542,0.06116626602504973
2014-05-03 02:00:00,DEHM_BD,0.166006169642508,1.2273049461521228,0.4291439742588387,1.772668664974585,0.8872445545155696,1.712692666607154,2.099662582089909,0.07696902863103786,0.7023436083859851,0.6763628349416531,0.06083347098946187
2014-05-03 03:00:00,DEHM_BD,0.15911619848040845,1.2212190433625392,0.44351692157218914,1.9430516179363755,0.8864741784018092,1.7035128728558233,2.1582610427460063,0.08368263013893285,0.7976994404733788,0.6830198661865224,0.06088430838646826
2014-05-03 04:00:00,DEHM_BD,0.14713216188590966,0.873452808609312,0.42099875843722845,2.0342229157647487,0.7923521479701668,1.5800920990493683,2.066376535303858,0.09128154852439298,0.8130996107042249,0.6517696269210096,0.06230054916713325
2014-05-03 05:00:00,DEHM_BD,0.1562494744169851,0.5402266633716019,0.27134915446737995,1.8658909408234663,0.6071640924600208,1.3069603655990032,1.5910790333885274,0.09568505867372189,0.5546559531669992,0.5840469722835853,0.06283624707534842
2014-05-03 06:00:00,DEHM_BD,0.6844768062096904,0.43047538271823194,0.14909949217271512,1.759907466259311,0.440180871760135,0.9329225295591697,1.1922867349885766,0.09894301809945877,0.37448201257646063,0.7506946399607928,0.06317895518992515
2014-05-03 07:00:00,DEHM_BD,1.29381368600141,0.2917322646702126,0.13889928850256827,1.6791215270907043,0.4017669339646864,0.7701761228305113,0.9893316967036958,0.10271007560697124,0.31001204983059766,0.5297516052013496,0.06481412810504154
2014-05-03 08:00:00,DEHM_BD,1.0987217417550226,0.22486055180724002,0.1338312544277985,1.5599103593448198,0.43170129311822336,0.783671249817388,0.9594128650253527,0.10815279201047251,0.35041417676935427,0.31751343287028355,0.06936839805876936
2014-05-03 09:00:00,DEHM_BD,0.5668986997875384,0.23291876061864653,0.13566147097578257,1.429937322717058,0.44165725392450095,0.8382839838523626,1.0467478877482335,0.11343465637156376,0.40924511344730596,0.4272669381719686,0.07636079431716344
2014-05-03 10:00:00,DEHM_BD,0.32155963662550774,0.21144623154117476,0.14873758732658104,1.3849074491492404,0.46849476751411323,0.8419520730304846,1.1603480014339898,0.11753702015657432,0.4380300021869781,0.7751428895230126,0.08431679023209476
2014-05-03 11:00:00,DEHM_BD,0.3386933645020052,0.16118209829746852,0.1713777749029312,1.3744674143028903,0.5080643533625173,0.7565585832183853,1.2406398228958366,0.1224847301419776,0.3421977783214486,0.8152171240476099,0.09151171130478834
2014-05-03 12:00:00,DEHM_BD,0.38355578524972295,0.1366599108412151,0.18681930179145173,1.3457951270514106,0.5395615292443894,0.7070513728408073,1.2018999985738674,0.12289572397174296,0.1993338862274585,0.39362004642670734,0.09651350684646508
2014-05-03 13:00:00,DEHM_BD,0.37754793853221447,0.1338302966203453,0.1825946721018897,1.3475347304836383,0.5567753421560581,0.6590472258833096,1.1893718446588537,0.12525133607125832,0.13676760901974627,0.2678521642155618,0.09846489224431551
2014-05-03 14:00:00,DEHM_BD,0.2820196481169293,0.1428375153000116,0.24242809507810026,1.305799473645709,0.5665502389809675,0.591350256755225,1.1732052153497574,0.1407583845407142,0.12931700993876785,0.33611671699638695,0.09795860396227779
2014-05-03 15:00:00,DEHM_BD,0.19435642052689553,0.13760161499132448,0.1981882598328705,1.2032977510601501,0.5312710028209815,0.5768855533285788,1.141897177160915,0.13037683731600164,0.12132581944667958,0.40134792569750677,0.09540832926363915
2014-05-03 16:00:00,DEHM_BD,0.15654615819144052,0.14416266379906142,0.1753228029423427,1.0664200353240194,0.47720853303191246,0.569589726577266,1.0831221711416505,0.12064103579438744,0.11579763199639909,0.3436626300007771,0.09056010207719575
2014-05-03 17:00:00,DEHM_BD,0.1430121971834612,0.13129766139307852,0.16408319877695887,0.9555406924777267,0.45508125662609,0.5074771532996576,0.9691305220902502,0.11847323923605944,0.11173918881950866,0.25686668477988306,0.08365832921289923
2014-05-03 18:00:00,DEHM_BD,0.1449654706065309,0.13394208305419966,0.15845935262332755,0.8887110265982077,0.4550847585919266,0.4813745123556328,0.8975289221764498,0.13116018619224418,0.10817099572930057,0.2528758553172522,0.08124419873287528
2014-05-03 19:00:00,DEHM_BD,0.14469533120082684,0.14023437137750255,0.16825001402203704,0.843057784202352,0.4733812124110198,0.5682877269348652,0.9063867470548841,0.14426524744760227,0.1058363616715044,0.24625681075825068,0.07698214617748396
2014-05-03 20:00:00,DEHM_BD,0.13354705815835838,0.14333164208215635,0.17649304304460114,0.8802274831393658,0.5198381293205845,0.6613869463628078,0.9373464920766527,0.16908777240900313,0.10627174062315907,0.2910939558862237,0.07006817576360869
2014-05-03 21:00:00,DEHM_BD,0.1321471498264604,0.14037531250908186,0.1532943492336554,0.9399609377819154,0.5557760554675872,0.8002941270876811,1.0134386028166067,0.19635849089886975,0.11191736786034044,0.4626587825107211,0.06197105268168925
2014-05-03 22:00:00,DEHM_BD,0.12721510759043722,0.14730931673834505,0.15290034432346503,1.0729401143623825,0.6003929787412541,0.9444050367421155,1.1310833394227606,0.203869417743883,0.11949930149283372,0.7146733990987979,0.05438479780901652
2014-05-03 23:00:00,DEHM_BD,0.13511580781725227,0.15953803716515907,0.1520425604318112,1.288114308531717,0.6663238791050039,1.120422019991505,1.306705462559859,0.19381981444914814,0.11877503308425723,0.779654561767283,0.04799720145218676
2014-05-04 00:00:00,DEHM_BD,0.14015952734303413,0.16571927692340738,0.15636298807896798,1.5251530106508728,0.741274470417404,1.3465097964995563,1.5384253389651905,0.17152591669804393,0.10389899212717901,0.794018867131551,0.042240591931650306
2014-05-04 01:00:00,DEHM_BD,0.13841952339432653,0.19598560766996337,0.1729472359239859,1.7808838622622043,0.7969046366417802,1.6118650328754858,1.8200945321892545,0.14288683197407503,0.08066024562726985,0.8191486375851943,0.03862958272776237
2014-05-04 02:00:00,DEHM_BD,0.13344923905551875,0.24175109757732938,0.19640774352636933,2.0343763464053604,0.8358041941944986,1.8818665773577559,2.1082771789337786,0.11898827123112032,0.06240137000012841,0.7866878330714644,0.03711477697772805
2014-05-04 03:00:00,DEHM_BD,0.18893056132421815,0.29596008078096747,0.22637327355099363,2.2716306631670733,0.8765258358357149,2.1260943564570636,2.3474731160111917,0.10177235080217464,0.053137909975981376,0.7310059814463024,0.03694020966494269
2014-05-04 04:00:00,DEHM_BD,0.24365963834814722,0.32925838943658847,0.25383075484173356,2.3914948070159565,0.8910768386739701,2.331504980591441,2.4883509021812187,0.08784239680625605,0.04920001191123802,0.6726418317989203,0.03802254787328148
2014-05-04 05:00:00,DEHM_BD,0.16905578860005355,0.26607933521191846,0.2796509919377042,1.9495978785050134,0.8469357851415547,2.294049325845555,2.2898957539486893,0.07503482773685001,0.047984060837697,0.5942315027826375,0.03910967520087017
2014-05-04 06:00:00,DEHM_BD,0.17609836081707844,0.2082446889215474,0.28859601899606163,1.6203041934468425,0.669494307461162,2.139623644495723,1.9115445281033592,0.07006441910852874,0.04660585048857632,0.5257354859074693,0.03959456722727728
2014-05-04 07:00:00,DEHM_BD,0.200023981822282,0.19611196543496554,0.2688762098739527,1.2260963608727478,0.5002165278352239,1.604600444217076,1.5062573686657243,0.06999576794271004,0.047115066981846865,0.3641926263162796,0.04079712258150314
2014-05-04 08:00:00,DEHM_BD,0.23119615888467054,0.21542383110942306,0.25169137195919283,1.0287165814978423,0.39942748974991027,1.1731779045365565,1.2358314371553738,0.07817792752816906,0.0512662120913864,0.199890033928891,0.042309969061366116
2014-05-04 09:00:00,DEHM_BD,0.12754077082344317,0.24200175692914044,0.24415967976229486,1.0494597717526315,0.3857253011193543,1.007504382317905,1.2466082377106857,0.09269485254594113,0.06149580421109374,0.12463164498544083,0.044285155945303724
2014-05-04 10:00:00,DEHM_BD,0.10521631933604352,0.26655314632193633,0.23440263832373529,1.1101410440374946,0.4424949004791675,0.8303302750573596,1.3727819146801854,0.10419487304561531,0.07009558623209591,0.10344703066662908,0.04597767827503835
2014-05-04 11:00:00,DEHM_BD,0.09198022789813562,0.2818065817378762,0.2344808804333767,1.1028034515716947,0.5695907490094844,0.7028112714875638,1.2198654095894645,0.1072053824346942,0.07479137588019148,0.10279308646074468,0.047736387203321594
2014-05-04 12:00:00,DEHM_BD,0.10623388741565849,0.2554636551235032,0.24082247886557118,1.1202860885580574,0.6935404344560857,0.67748168857642,0.9655376938867937,0.10492023561355653,0.07769011738315937,0.10845193989912986,0.049914055743589876
2014-05-04 13:00:00,DEHM_BD,0.1161409168714702,0.2551771850306039,0.24581822103825382,1.1958110348637527,0.8613423971567395,0.7426863469056366,0.8502051829123092,0.10961352936364693,0.08115981608795654,0.11262129355509957,0.051970191823141554
2014-05-04 14:00:00,DEHM_BD,0.11049372915785982,0.300378926510671,0.2510793699798755,1.323569946176096,0.9402662871701688,0.8473295565113411,0.7887941541795704,0.12597639830253998,0.0842956257747136,0.11407544737198114,0.053399305578048624
2014-05-04 15:00:00,DEHM_BD,0.11594240494893727,0.3054480047304065,0.2525785557759738,1.2791914854387707,1.0184031941319445,0.9900802720712916,0.8410077334730057,0.13459057659566392,0.08979536334259662,0.12318048520195152,0.05411777240696929
2014-05-04 16:00:00,DEHM_BD,0.11714069857347342,0.23453371405472737,0.25097246811376633,1.102721730261808,1.0674578961311,1.2056306297265142,1.0061317194182504,0.13101195978990737,0.09335694675691178,0.15410332648829925,0.054732097507865875
2014-05-04 17:00:00,DEHM_BD,0.10412288667321054,0.2287363847985164,0.2423893569822934,0.9890336266984723,1.0518136392876922,1.4269926665676793,1.197240400803893,0.13193835504211468,0.08950767078685164,0.1468031076822693,0.055114777815774924
2014-05-04 18:00:00,DEHM_BD,0.09723761978365826,0.29324488158588335,0.22908756888069204,1.0118179220231267,1.0661521664440865,1.604822846180006,1.4651102336727253,0.14649764065489387,0.08019654478602313,0.15827713744564093,0.05584392929697225
2014-05-04 19:00:00,DEHM_BD,0.09775799490527771,0.4906778635208544,0.24282044487241639,1.3213142407660174,1.1674697439935524,1.748628331656516,1.7551495304132154,0.1688408611339138,0.0746725641500777,0.25689602812112455,0.056715628119083636
2014-05-04 20:00:00,DEHM_BD,0.10159784672852129,0.5515908001485919,0.29827960844529444,1.7656336147935954,1.378062418360311,2.002766802316535,2.172332310676242,0.16526552923555887,0.07515710262725145,0.26085083812243726,0.05622085139786222
2014-05-04 21:00:00,DEHM_BD,0.10678531663762383,0.6101081001525028,0.42241968700766297,2.2467124405079946,1.7111879155689595,2.3452757142291154,2.7011249792368996,0.14271178418207292,0.07652163573512732,0.22890936746827623,0.05575485173890151
2014-05-04 22:00:00,DEHM_BD,0.11392213239613914,0.6300175849509034,0.5963537759695247,2.712616607322007,2.107375845784228,2.699221121629973,3.163920192362558,0.14411348096777524,0.09137721059932535,0.23041611398972509,0.056414934178821236
2014-05-04 23:00:00,DEHM_BD,0.11836813286572681,0.65606248977027,0.6764076860962831,3.079354232185962,2.5316660385883485,3.0999701637218644,3.440355752374952,0.18700412680944564,0.13435309038539323,0.2598851278292629,0.05776287857292674
2014-05-05 00:00:00,DEHM_BD,0.11825539282500735,0.7188295193679175,0.7461055741376215,3.2774324620891244,2.94868080507908,3.5780543849771544,3.6933477164828616,0.23513859889900168,0.18532547055432946,0.3076514458674491,0.057980212486334386
2014-05-05 01:00:00,DEHM_BD,0.11935793286133545,0.8021294633575998,0.7979958802447943,3.3668886833430287,3.2566020260970423,4.008509909489856,4.0120875676863905,0.26563359475770204,0.23494190232849216,0.3852513316129673,0.056869674901243374
2014-05-05 02:00:00,DEHM_BD,0.11570659809691822,0.9060751252219698,0.8812923922600365,3.4706150714693393,3.532629273048322,4.281800569738411,4.293191232397626,0.29483185242425486,0.2823467537951229,0.5052899678058956,0.056993674511717864
2014-05-05 03:00:00,DEHM_BD,0.11831141985990096,1.0033887771884302,1.0572470167267685,3.678353913006638,3.8758663154419,4.411250084795828,4.351023981418033,0.31762154686820765,0.32330838878987195,0.6377055993100329,0.0563052427769824
2014-05-05 04:00:00,DEHM_BD,0.13064123178418713,1.0709041009166809,1.160734347658099,3.828954977878766,3.9782160877907775,4.463601238009312,4.219714005381314,0.335714965184393,0.28240159001667187,0.6889665962029425,0.05519896482775938
2014-05-05 05:00:00,DEHM_BD,0.1357187241422942,0.9395931049706324,1.1102010598026824,3.377356162688671,3.9209409614240855,4.150863781840818,3.7985907291731555,0.34324170705071677,0.1876793529715976,0.6424521332550424,0.05749391439988028
2014-05-05 06:00:00,DEHM_BD,0.12450684728263392,0.7951619916428485,1.1338796257365455,2.791750473483152,3.7360050636869575,3.892261038304839,3.383645199674758,0.3365484705772529,0.12908207098931795,0.493553309773332,0.06353513549145759
2014-05-05 07:00:00,DEHM_BD,0.13852877810759445,0.587573358954647,1.000790975298644,2.597291459769554,3.6194446371616182,3.8006540717316923,2.9645698253442982,0.29996583841910573,0.11270494698235758,0.2943491195098682,0.07190561418815039
2014-05-05 08:00:00,DEHM_BD,0.18457235146424722,0.5904744741674792,0.9549023516985029,2.449092641442827,3.444114740424788,3.413626832504131,2.5083923967627357,0.2749527198585121,0.12376283539344954,0.2731729435221835,0.07822981746484524
2014-05-05 09:00:00,DEHM_BD,0.22012865715898094,0.7000928775423858,1.202236346532504,2.3227642811380953,3.131193864788645,2.9417866645872857,2.1677982622791903,0.27690688217522563,0.13989181869493553,0.33831615211070065,0.07986213921753672
2014-05-05 10:00:00,DEHM_BD,0.30812331389011804,0.7656411877501407,1.471962620016213,2.244633545360269,2.857158440064406,2.569007557485751,1.881699539024813,0.2898342925619332,0.1510891796552464,0.4041299175333148,0.07844218929487737
2014-05-05 11:00:00,DEHM_BD,0.5678526342596578,0.7487020712976507,1.5954604083292987,2.168631511736061,2.8130460716430097,2.558056723666775,1.8661707058812427,0.2999866380574553,0.16947962698698493,0.48519108068550226,0.07682279215000559
2014-05-05 12:00:00,DEHM_BD,0.5710668375339685,1.0263463230218488,1.5641223192234088,2.2422521432362985,3.169053295994417,2.9124903141788083,1.75780169221356,0.3247631332370638,0.20109663517657655,0.5209528907858441,0.07455912107421066
2014-05-05 13:00:00,DEHM_BD,0.39799306370727716,1.1734448406129994,1.4409816471463692,2.299360630842636,3.7299007840822753,3.9057592684292897,2.077285068611124,0.3656115534442661,0.23634919489631423,0.5095841960762114,0.07489637879351149
2014-05-05 14:00:00,DEHM_BD,0.3788248255440824,1.4192284202572527,1.1950740061967162,2.6110916002885673,4.370982012011104,4.67006005127365,2.4024885480072022,0.39107815471261725,0.27166522591299364,0.4652504281545896,0.0779940500286685
2014-05-05 15:00:00,DEHM_BD,0.4288807728147272,1.6378264011807286,0.9978529001257234,3.02579182802645,4.662796428966801,4.899290864266467,2.8567237492260484,0.3888612369467318,0.30769149221959524,0.42638890893621706,0.08358448688585296
2014-05-05 16:00:00,DEHM_BD,0.42201107631885904,1.6479996087301192,1.0080136641727158,3.099003885939034,4.662546202428751,4.962951065131184,3.446927242567082,0.37780439127825194,0.33680544504194854,0.4822369374419725,0.08712831902454359
2014-05-05 17:00:00,DEHM_BD,0.4570671404382911,1.7080292198222877,1.2502574607448327,2.727293190371209,4.540819061698,4.7596934211853625,3.704943943487242,0.3712951270796544,0.3388118475816724,0.5769765801278357,0.08879903102033063
2014-05-05 18:00:00,DEHM_BD,0.5948585163112892,1.8415449264292532,2.019807580646283,2.745251236720186,4.242691575358599,4.87436391357888,3.8000618480868615,0.35734971981246,0.2784123642597701,0.711938068505761,0.09198779540764099
2014-05-05 19:00:00,DEHM_BD,0.6236254520090272,1.7408218465670604,2.7800385494340745,2.7350162752811924,4.315684060599626,4.828963751794193,3.7475223505122286,0.3210547185938804,0.2811194351501098,1.0270308312218401,0.09758818559189956
2014-05-05 20:00:00,DEHM_BD,0.9493362694674123,1.6882501983853926,3.168401475945273,2.8190890546882246,4.91580102226166,4.679149998376327,3.4992362073967294,0.31898976741503915,0.3767991488914735,1.487959007518825,0.1013080545205453
2014-05-05 21:00:00,DEHM_BD,1.4046961040514743,1.991030697058827,3.9257283686721887,3.319406112787716,4.912392101105294,4.917076247804454,3.529755087732798,0.36946257133696214,0.5169593866312021,2.0040734290753406,0.10512667552272431
2014-05-05 22:00:00,DEHM_BD,2.1567730323288297,2.538176526157006,5.194531015807589,3.3929599536752484,4.983275411832765,5.093674851710835,3.989594936159078,0.3866940145162492,0.5930507293436651,2.1255176705287875,0.10847023908721913
2014-05-05 23:00:00,DEHM_BD,2.457985419399119,3.183505139494103,6.3363859955945,3.225574423038535,5.240260371862985,5.608793264706982,4.383158631375301,0.49680251609243453,0.5900998316407768,2.3219102066807724,0.11138053166824669
2014-05-06 00:00:00,DEHM_BD,2.4841464917778686,4.365750280649162,5.904480020963083,2.994595249647145,5.18407759434913,6.512238576159953,4.742627421312914,0.6425404130621999,0.556511697284393,2.3065906199175408,0.11123367298776923
2014-05-06 01:00:00,DEHM_BD,1.8799835752373677,5.438609843218646,5.223765309120372,2.9721409249587625,4.925610167856103,6.955114545382862,4.978923458487799,0.7315598493011668,0.5519701494149049,2.580023015355678,0.1151253336959704
2014-05-06 02:00:00,DEHM_BD,1.1450358017832598,6.115564317712483,4.9834257704847715,2.8640938160321934,4.576041573857709,6.3799737402361405,5.014549889541204,0.7310267871994524,0.5675904186950157,2.360757654235725,0.12309680427346215
2014-05-06 03:00:00,DEHM_BD,1.1550762337032425,6.359450954826206,5.196899491659793,2.861138915669864,4.183917908994706,5.698695937037252,4.5180587378484125,0.6336414507883786,0.5340059163892082,2.0039853607050686,0.12588855083072437
2014-05-06 04:00:00,DEHM_BD,1.0618678780641406,6.399489743808461,5.781442041972905,2.816679482973491,3.756587145166163,5.308956753668059,3.982258114260647,0.5056335719386116,0.6386115253178402,1.424311490245631,0.11121430371548915
2014-05-06 05:00:00,DEHM_BD,1.1175589062241094,5.312356099898717,5.129050230446007,2.687845885792836,3.4773684589223772,4.455824245379821,3.7539401714417,0.4655824721219949,0.8777952179693429,0.9253683218947705,0.10781589114915044
2014-05-06 06:00:00,DEHM_BD,1.308945571489781,3.0705040512625597,3.5359326107709492,2.4134338781064093,3.3605105475551027,3.16668154365163,3.25374127612649,0.5575100933125241,1.0956178296411037,0.8652514720363541,0.11142882375693985
2014-05-06 07:00:00,DEHM_BD,1.619674805000145,2.4136662494857237,2.969515935606252,1.7792656103754931,3.462426051829902,2.9093054162020455,2.5459186762540114,0.6272444147757812,0.9568553595460205,0.9328783881003269,0.11212265191629742
2014-05-06 08:00:00,DEHM_BD,1.6472826610815527,2.129101409783112,2.496446306962339,1.5076627979900714,3.1748185757338647,3.101397521270626,2.406932779123041,0.6857637193156778,0.7710416510986535,1.0228537910158337,0.10975104565128208
2014-05-06 09:00:00,DEHM_BD,1.9154112516650743,2.084298610246262,2.3013710512233554,1.6146864802614087,2.3861339588223793,2.83818324500424,2.39100338661672,0.6258959277873672,0.6925107659210263,1.1289362672541103,0.10898801298545424
2014-05-06 10:00:00,DEHM_BD,1.960979420723766,2.037221525390274,2.424413096160379,1.821423254936835,1.0899538586123612,2.239007488696742,1.943304203241675,0.5952567404738813,0.66655590785807,1.3492805634420366,0.11091602077906469
2014-05-06 11:00:00,DEHM_BD,1.765045574297575,1.875830926474764,2.8028787777385813,1.1648645893161593,0.4229449728938004,1.3949556410118356,1.109830686265546,0.9158898111138774,0.7063523669247329,1.281149665065743,0.11596415361924312
2014-05-06 12:00:00,DEHM_BD,1.4716712725981849,1.8515917413284797,3.0983085829260983,0.6265690015224101,0.394652242080476,0.7030508943193405,1.166024773175855,1.3402180846422538,0.7019835818176343,1.070150694011338,0.12224769475384362
2014-05-06 13:00:00,DEHM_BD,1.169536947731859,2.1001478356236363,3.6545986251364617,0.8431327947263876,0.4191688784087821,0.3937199791222507,1.3713216124827012,1.2826154434181192,0.6536866566359159,0.9830651887102704,0.1297824217904638
2014-05-06 14:00:00,DEHM_BD,1.0426745073397337,2.251171616876365,4.032294448747875,0.8353894074731081,0.37652101892072704,0.38773236117733634,0.4768145056797508,1.380773025690112,0.670536443842398,0.9726421820278195,0.1361294117498304
2014-05-06 15:00:00,DEHM_BD,1.0206837648275995,2.372000441178879,4.445731565377715,0.33191480099807497,0.362896853028573,0.42664622070792585,0.14045483779916126,1.6170007998652385,0.7678204689710656,1.001211659451632,0.13576511354793783
2014-05-06 16:00:00,DEHM_BD,1.14079718911889,2.602307962739709,4.631399891815848,0.12356661771803668,0.3718987262688762,0.34330075691039896,0.16737096616631142,1.7738402054522933,0.8245790351355011,1.0470375158762635,0.12872672550505937
2014-05-06 17:00:00,DEHM_BD,1.3357165340717319,2.6203452284639743,4.4043763540233805,0.1289758907764869,0.40571694134289393,0.2612831821472622,0.3192564034180337,1.9419572736229376,0.6951674872084684,1.0560343375109877,0.12112907066331224
2014-05-06 18:00:00,DEHM_BD,1.5443022207635246,2.4842477892007073,4.548377992531661,0.17737145045734096,0.4598119928181543,0.2816614240216031,0.6099099269220767,1.8325041407773643,0.7744658177277095,1.1189485782318358,0.11377036650530045
2014-05-06 19:00:00,DEHM_BD,1.7708168623279024,2.885416480966613,4.1190893871851975,0.3991463916601858,0.533153352141492,0.5818759889038545,1.1766986023340358,1.655566043148078,0.8143682485851087,1.1361249215530451,0.11218271405300119
2014-05-06 20:00:00,DEHM_BD,2.101672156043485,3.2067444863393963,4.388617635851711,1.077597170969077,0.5788040635039144,1.0464801190416486,1.5182735542923071,1.6675449273663014,0.8493387421111576,1.2571236967624144,0.117344822541112
2014-05-06 21:00:00,DEHM_BD,2.3661578807833625,4.080413830088024,4.811720185959935,1.612168589765224,0.6684154266561801,1.4917011269572646,1.6745265309318675,1.8706558938167988,0.9533478070091362,1.4443292752739638,0.1301526951747479
2014-05-06 22:00:00,DEHM_BD,2.558032779875246,5.1351474409974935,4.891581107731008,2.061460085799932,0.7765061651016538,1.7782179940486957,1.8385872149781002,2.0919658662749825,1.0465022328783384,1.4264955348956339,0.1475751225065252
2014-05-06 23:00:00,DEHM_BD,2.640379321656627,5.59328211231306,4.096484484419902,2.5735020581327976,0.8058602888796802,2.1746793209809105,2.224099329068535,2.3323246213341506,1.1933133194969034,1.3142625404171597,0.16325424339452277
2014-05-07 00:00:00,DEHM_BD,2.612825776530695,5.819674123480171,3.2493210642239885,3.150568699016308,0.7935976781847607,2.6945102990924976,2.975467076510389,2.5839893162231147,1.4335669629387788,1.3587322715038483,0.1747563232050322
2014-05-07 01:00:00,DEHM_BD,2.8644258501971467,5.5745660468765905,2.5556870204785467,3.416718958488281,0.8084535773421311,2.8924792639629575,3.590968393421873,2.7069049735325574,1.6335706858702284,1.6535674979728703,0.1788012649629078
2014-05-07 02:00:00,DEHM_BD,3.3559124936302216,4.9090821465825485,2.0551889756900197,3.2375194389985906,0.8652169650611747,2.8135369054348027,3.4696771181580486,2.6312284338395293,1.7920826691269316,1.8682689006873408,0.17265902521048201
2014-05-07 03:00:00,DEHM_BD,3.694515071940157,4.34213668174848,1.7196767236603185,3.008418308397143,1.0765380143806804,2.7735805139557277,3.1250703779503954,2.457410209609866,1.922732946807593,2.1040291446630097,0.15622029362361867
2014-05-07 04:00:00,DEHM_BD,4.887965260070376,3.4709030764796953,1.1509887473637357,2.8410315399374975,1.3048623685225935,2.595607002603597,2.8953668626928013,2.182856201242581,1.8549875157679616,2.2133020481735093,0.14040275238303457
2014-05-07 05:00:00,DEHM_BD,5.5727455019767955,2.509588397039815,0.7993209854100416,2.1838242915975394,1.0451049216878974,2.1477493947431445,2.6213684732361138,1.7348879828799517,1.9174599763451143,2.282849577874057,0.13632240113840427
2014-05-07 06:00:00,DEHM_BD,5.460514674546719,1.5624275245243475,0.7320290786266663,1.8677152792718354,0.6847581696042044,1.6051809258631242,2.14538222959796,1.4054703148383647,2.091909851667099,2.437779338179403,0.13721059065408986
2014-05-07 07:00:00,DEHM_BD,5.018484927532374,1.2074838213666015,0.6190811209788545,1.6621046022441541,0.6978715809815748,1.3597992991920047,1.825008130641596,1.2324947838065028,2.1641276891910284,2.9406962103431775,0.14984951684894027
2014-05-07 08:00:00,DEHM_BD,4.66376776125242,1.1693972103708312,0.5173909527271111,1.4869015304502207,0.7263492900426685,1.2784790694880486,1.6445104646893869,1.1311176513667032,2.153094045025706,3.5439888479250876,0.1652025886625422
2014-05-07 09:00:00,DEHM_BD,3.7893753479515975,0.5774896198251424,0.4664525189975508,1.2974877312467665,0.6551359003686904,1.0795286536458413,1.5334119940412232,0.9995559874308855,2.077754814693108,2.886052783471383,0.17697513205111
2014-05-07 10:00:00,DEHM_BD,2.773530595013977,0.4012853462456235,0.41045278261955814,1.1058090894198138,0.5771374628461897,0.8217901174381188,1.2707383488876536,0.8733146687560156,2.038801298607141,2.035484115638081,0.18475276175038885
2014-05-07 11:00:00,DEHM_BD,2.1931427023998764,0.3596179313076594,0.42973257086826006,0.8513520542667292,0.5200173514983056,0.5782263773568346,1.0142154713492795,0.7187403038392961,1.9923678868512622,1.6053121133509043,0.206192721102666
2014-05-07 12:00:00,DEHM_BD,2.0306723757786767,0.3673199090097262,0.43633557548705476,0.5386768844210157,0.4900363064859062,0.4941924292125831,0.9142854939208296,0.5655508686690777,1.9523461904440818,1.2432316994342452,0.257468773961761
2014-05-07 13:00:00,DEHM_BD,1.8563016779749653,0.3621643466388014,0.41958051713130895,0.24339789226557354,0.4757664166034011,0.4532101333482982,0.4617581749580286,0.4904084092640876,1.7274427257734446,1.367294193468606,0.32016074364933633
2014-05-07 14:00:00,DEHM_BD,1.5377603674397897,0.357474404211575,0.39194243120117456,0.19170454669660994,0.4361633416899851,0.39979138934683855,0.5449692257726988,0.44183281481176606,1.268985035369983,1.0121111170570178,0.3657268118357494
2014-05-07 15:00:00,DEHM_BD,1.3343844574198778,0.36868383053397275,0.4530570582892535,0.4254723454162467,0.4131097394160925,0.39073311211901585,0.727559258233279,0.3886169448580964,0.9016609922911227,0.7757650594973657,0.3988579002311056
2014-05-07 16:00:00,DEHM_BD,0.873134451899731,0.4402552336395741,0.772841593656137,0.461273775459752,0.33168857826473186,0.454946151661598,0.6391392849051538,0.336092523420886,0.6783666253978433,0.7426259153447881,0.4208616816579735
2014-05-07 17:00:00,DEHM_BD,0.5095929659895132,0.5105954397226846,0.8983045485842018,0.5114957064945724,0.2654495688029005,0.4671709512250165,0.6081769883745121,0.28424737575878833,0.49443568588967896,0.9488597145664366,0.41541599565331466
2014-05-07 18:00:00,DEHM_BD,0.46430364611690855,0.5375020234592762,0.9254715273123421,0.6962519914489027,0.24265153391964722,0.5733021299496647,0.8589145168096048,0.22895982748898425,0.38184773266166194,0.8998101083294658,0.3805508852143096
2014-05-07 19:00:00,DEHM_BD,0.2226473648195061,0.852977273175439,1.1707996288508036,0.8644517342062064,0.2293725161384883,0.8059146514590252,1.129936939211119,0.18904740859518285,0.33671328648515025,0.7910700954294307,0.30604457427094905
2014-05-07 20:00:00,DEHM_BD,0.19898331424454674,1.283779397673532,1.049118611069899,1.1486055672421245,0.19753880033520038,0.9454095468123354,1.057983948841563,0.16823522352245157,0.36315192596230644,0.6838705417292155,0.23890729556468418
2014-05-07 21:00:00,DEHM_BD,0.1976056883694044,1.3257423601667688,0.9832592923873755,1.2819789295722015,0.18651458447305472,0.9528929744606057,1.0160437927761357,0.14585587737689248,0.43769990069925774,0.7866362248181908,0.2203496606173133
2014-05-07 22:00:00,DEHM_BD,0.2368409202073886,1.3717262696464871,0.8915604304209351,1.3902655106778676,0.19068052032597343,0.9352753639070399,1.1877477811955937,0.12154476473331897,0.44935015264749517,1.165427016088912,0.21233152396708838
2014-05-07 23:00:00,DEHM_BD,0.9100631777089694,1.1884484968891251,0.806897014031756,1.228779934902165,0.20723987754704418,0.9251201882096936,1.36745172294395,0.09988753209677045,0.46892058742225157,1.4120118615971027,0.21000673884274298
2014-05-08 00:00:00,DEHM_BD,1.21293572554484,1.195116068280281,0.8206314871034937,1.1199424568669372,0.22232365433572776,1.0249553608208382,1.4112447196533242,0.09049840406706544,0.47966997064590444,1.6020266288221015,0.22802686685772602
2014-05-08 01:00:00,DEHM_BD,1.226979285890758,1.1331861520576378,0.7678882885994994,1.0800635436592732,0.2733864573965592,1.1752652257092175,1.4606642765714597,0.08463464162246305,0.49182613996446123,2.022747046029959,0.259209212527871
2014-05-08 02:00:00,DEHM_BD,1.0078746191244945,0.9512155649409169,0.8677155445992538,1.0851457070886683,0.3012574633466172,1.2547359526510724,1.556742863689583,0.08151415394884992,0.4925140727072953,1.931102089600749,0.2683829099571983
2014-05-08 03:00:00,DEHM_BD,0.9049477504886314,0.8920709364613286,0.9778861695506746,1.1353328006847812,0.30865882673621164,1.1769582870993296,1.6473566919537819,0.09270051865824713,0.5214049370348454,1.6063585813734678,0.2660721944342739
2014-05-08 04:00:00,DEHM_BD,0.7447520624178461,0.8368646226938046,1.167896480976168,1.0993715811049543,0.3208439015553518,1.0584030558689497,1.5692086200142326,0.1336978207062463,0.618406529045105,1.3714570114538445,0.2591668901372886
2014-05-08 05:00:00,DEHM_BD,0.7091645673107542,0.8397012049245227,1.0918083174773399,0.8530695425796531,0.32832734209880227,0.8653526681445445,1.3104808790991829,0.15899104730900357,0.7161571317221224,1.2672612150641531,0.24794271077971894
2014-05-08 06:00:00,DEHM_BD,0.9219595623585675,1.0279773941988217,0.5564217158126632,0.749893954853788,0.32745581326782686,0.7130091328238882,1.0665504353093938,0.170202766242083,0.7862346137342602,1.1380394243510998,0.2308149486272781
2014-05-08 07:00:00,DEHM_BD,1.3708781144672726,1.0872445186563162,0.1767600965347106,0.661426231069048,0.34205214578121884,0.5935425078476266,0.8159077296158416,0.18859520901069038,0.7704118831125273,1.0469416075817635,0.21450299452766772
2014-05-08 08:00:00,DEHM_BD,1.9806721658727826,0.638949618706075,0.058156314004612936,0.6006157399655807,0.3447754227666556,0.5547594241946422,0.6400367393390437,0.1965874651792643,0.7702202644921559,1.294266299595181,0.19835752742355672
2014-05-08 09:00:00,DEHM_BD,1.9664459566702739,0.22074152008843018,0.05815655243060068,0.557627346109607,0.3504204857895522,0.5438835000111535,0.5595911127011314,0.2036199983055888,0.7036069200160167,1.660421488110004,0.18322449984122052
2014-05-08 10:00:00,DEHM_BD,1.1125603751025277,0.11846441610236282,0.07089613398612454,0.6068231757716984,0.36204512511860565,0.5227296938198804,0.5262295181030266,0.21486748092971722,0.6104742514243349,1.722237344090436,0.17373444022603327
2014-05-08 11:00:00,DEHM_BD,0.24187591419464888,0.04864537784169412,0.0799246194604597,0.6599105151667689,0.36637502114173015,0.5077023300628177,0.5555371317262993,0.22218187851794047,0.4660361908048576,1.1748135474420942,0.16793488820929076
2014-05-08 12:00:00,DEHM_BD,0.12360695342243638,0.024821065892390796,0.10439697918187807,0.4942079649508756,0.32329937593068925,0.41165070575416074,0.5051327216296945,0.22654854247257103,0.46579770972400897,0.8155483610360766,0.15922048774033776
2014-05-08 13:00:00,DEHM_BD,0.10465890454132558,0.03498457534736247,0.12932407107783467,0.3007394984823522,0.19404914379682378,0.28625996397200953,0.37646514301207834,0.2196899007683246,0.6195995667079836,0.35954218484791445,0.14720393169825427
2014-05-08 14:00:00,DEHM_BD,0.06351043284005471,0.06089439093718292,0.14911420447491097,0.15835475431434798,0.17126125819042315,0.17588153771849108,0.24206674961136754,0.2131100576446204,0.7595198218011482,0.27825035904210516,0.14894587324214154
2014-05-08 15:00:00,DEHM_BD,0.08442386431584584,0.10252843547513238,0.18206845945721484,0.14434563985277532,0.1424943821423313,0.16201915528977104,0.18043818500689746,0.20381368236400174,0.6667362642247974,0.18269549489925838,0.15041700645338138
2014-05-08 16:00:00,DEHM_BD,0.09919313199292398,0.127090138647321,0.21421339218109833,0.1314590934737147,0.09995451820079225,0.1491494958446651,0.19957676541256175,0.18986427649933826,0.400088733521928,0.106640549690395,0.14396570273820586
2014-05-08 17:00:00,DEHM_BD,0.12364080404438993,0.12363819408757942,0.25962314959131166,0.10967300575670318,0.10617267873197783,0.1593989163930841,0.14740518339993539,0.16853345680693155,0.19046199907651853,0.10178141012672316,0.14425465907444582
2014-05-08 18:00:00,DEHM_BD,0.14314094855017312,0.12232407825856424,0.29346876484081136,0.09966960724021999,0.1693008363889529,0.2419749523008358,0.1289562591864301,0.15104180502505968,0.09983092295356107,0.11981063507360057,0.14951619825868984
2014-05-08 19:00:00,DEHM_BD,0.15379028091381752,0.13520652847734263,0.31066589431943825,0.1247295771330763,0.25703566392101335,0.3580857905318081,0.19958669278530858,0.13964689232827612,0.08174252400257759,0.14219155764412367,0.16553706712860086
2014-05-08 20:00:00,DEHM_BD,0.16452377225100603,0.16521001632719723,0.2993923551557259,0.23557017573693864,0.3457758212755154,0.47526740209174334,0.4298500087760074,0.12784640370177563,0.073273320489789,0.23592052380552486,0.2094931458349897
2014-05-08 21:00:00,DEHM_BD,0.17778641998630013,0.24794727424518542,0.26468308507019644,0.4223566802767315,0.46162524644619773,0.5233921372513968,0.5956503373272448,0.10944045032280486,0.058921730423313806,0.45228327215550446,0.2887649695944436
2014-05-08 22:00:00,DEHM_BD,0.2585887795042711,0.311884635400655,0.282045352212712,0.5613470659227668,0.5359339815024006,0.6077342487626534,0.6089767423597723,0.0954490693334395,0.0653910892577359,0.6227131197342779,0.3831864318783861
2014-05-08 23:00:00,DEHM_BD,0.3919842282830736,0.32716603319344506,0.3027442875302117,0.6903065256725857,0.5664027969990948,0.7509766715228219,0.7241039641629456,0.09220455571962503,0.16177582929326212,0.9511828439816041,0.47544281430364577
2014-05-09 00:00:00,DEHM_BD,0.43449787896662945,0.34081305732174105,0.31531001988097085,0.8244397398394518,0.5662352895389868,0.823513215695854,0.8900385445730927,0.09106241466974815,0.32333579728670414,1.3157774348523001,0.5680549409367889
2014-05-09 01:00:00,DEHM_BD,0.4648207493147626,0.3713856856336109,0.3554231898664518,0.9349154724004352,0.5618127145348861,0.796446966316559,0.9934625303017836,0.08938212873313568,0.43138846496678873,1.6325789652802796,0.6639524889663978
2014-05-09 02:00:00,DEHM_BD,0.4918502141198515,0.4400034122970981,0.4714542659768039,0.9637023972797474,0.6055644332553818,0.8187308459475415,0.9779622293835732,0.08673910881065512,0.5143396534911543,1.9089905580780657,0.7643357638538628
2014-05-09 03:00:00,DEHM_BD,0.5199471310924272,0.5138815760627066,0.5006270342252445,0.9988873111161799,0.6889014700732938,0.9211264761108358,0.9794717577483033,0.08272453988978629,0.5862297490713,2.0418840186998803,0.8492317677886784
2014-05-09 04:00:00,DEHM_BD,0.5101025386266409,0.3745848789836991,0.4377813102077057,1.0911610442703799,0.7526826507937721,0.9771831438475694,1.0279904040481609,0.0814562851275689,0.6077818608048184,1.7994758182717825,0.8802597792502865
2014-05-09 05:00:00,DEHM_BD,0.5027846872790226,0.26788850017903476,0.3408818403206567,1.0686813895985345,0.7823058744236266,0.9357324351856723,1.0496844275846087,0.08180352587794863,0.5623451561145856,1.4434423550057947,0.8793654929746315
2014-05-09 06:00:00,DEHM_BD,0.5052446312182349,0.253036346030468,0.25729603879526136,0.9450888605341246,0.7262587370468861,0.865730379137249,1.032345513257038,0.07876951054986553,0.5115610938487015,1.2044168639690476,0.8570022137098388
2014-05-09 07:00:00,DEHM_BD,0.4831919078261637,0.25943290042740275,0.23824660556265378,0.8498842369225417,0.5343622292708605,0.71925844502902,0.9228733431949233,0.07503432826599103,0.44699510728865854,1.170262733258251,0.8239699892526771
2014-05-09 08:00:00,DEHM_BD,0.47271871679037797,0.2514129060082754,0.23551669032756223,0.7779243701125069,0.4101838864326104,0.5891925763177975,0.7416950631542026,0.07501585093585557,0.4293457430847175,1.1784295004043726,0.7693342868461086
2014-05-09 09:00:00,DEHM_BD,0.47734851328488426,0.2163643239497125,0.24228583650550792,0.6959714730500522,0.361078117087148,0.5239266922986671,0.6452810708344062,0.07418034941358002,0.3605980552150121,0.9992133442598395,0.6949626597296912
2014-05-09 10:00:00,DEHM_BD,0.5053108689401205,0.1989934562334761,0.24130611394310236,0.6227558043856755,0.32634749080583436,0.46539025479591445,0.6352672534353703,0.07592911129409666,0.30701983464801663,0.7631468371148127,0.5874612482945014
2014-05-09 11:00:00,DEHM_BD,0.5116953966152015,0.18389978795503603,0.22854997273273056,0.6384328980659459,0.3043660775303094,0.444278165558218,0.5956191214298223,0.07876527617577804,0.24484528513333972,0.6795317754357866,0.46156623157847193
2014-05-09 12:00:00,DEHM_BD,0.5189051874333993,0.19113991125697832,0.2212780698821797,0.616548656523727,0.3005867168129234,0.4370248380579985,0.5555736407617711,0.08373730872731647,0.2209600330273224,0.7035844911967031,0.37354285423303946
2014-05-09 13:00:00,DEHM_BD,0.5177478197757246,0.2072710837013459,0.22906250758061286,0.6362297410385124,0.32404920650392754,0.5037416673177899,0.6069488941756844,0.08987331795682184,0.20344122348295518,0.4562518599120201,0.29729459018176874
2014-05-09 14:00:00,DEHM_BD,0.49867291083678594,0.26916150762520014,0.23724767238808786,0.6066462139979922,0.315144178744778,0.586679196245754,0.635495776494497,0.0957736416303365,0.19635236354601907,0.29835626812196553,0.24828574636811376
2014-05-09 15:00:00,DEHM_BD,0.48493428169190883,0.20219118086582266,0.22821631422061697,0.508450321119324,0.23815720287647088,0.4872874969319393,0.5710526831354664,0.0999340360035,0.18003896963063382,0.202240725972487,0.21209680853768703
2014-05-09 16:00:00,DEHM_BD,0.30932028028305597,0.1311333790094985,0.22364808901957692,0.4200042958383895,0.19251803610244755,0.31022771229826374,0.43274926811419295,0.1005737864166147,0.17007775143121942,0.22152191889614217,0.18551533965670253
2014-05-09 17:00:00,DEHM_BD,0.14970890067826953,0.12969845380668157,0.20907884391799786,0.3747585927588696,0.1795939988203904,0.23315045490392589,0.32348686721322356,0.10445062451133492,0.1656229650334526,0.38544710237233715,0.15406634040020736
2014-05-09 18:00:00,DEHM_BD,0.13398803736132567,0.19732262188773833,0.1897828800176758,0.4262404136401444,0.15641849241463446,0.21484462796103088,0.31313276438775045,0.10689173569714874,0.1619863728663822,0.5814706501655147,0.14181098752227814
2014-05-09 19:00:00,DEHM_BD,0.12393070084204885,0.2215248537761053,0.20802154388384994,0.47073001203188575,0.16048531706638625,0.2841358316753541,0.4224165219613045,0.10739289629727766,0.1677853655983822,0.6564230715109617,0.14755497685573915
2014-05-09 20:00:00,DEHM_BD,0.15365234645730794,0.30494786106958505,0.2094487103301218,0.5775593470340757,0.19088099222416977,0.4499249037808487,0.6593922649969169,0.10807627118392454,0.17366975223814415,0.6295959733786536,0.1527547291044587
2014-05-09 21:00:00,DEHM_BD,0.19653279289553863,0.35445700068863095,0.1998524461647976,0.7817378316144545,0.21275962936626736,0.5315470226056646,0.918072615318682,0.10837326462837624,0.19623870627521506,0.32431608278388174,0.17031125924222662
2014-05-09 22:00:00,DEHM_BD,0.26499899691503476,0.40470562888185485,0.44409568889661544,1.0368113864136144,0.24174506686173838,0.7542641969867752,1.1536789654809132,0.1046737254935571,0.22024505758509916,0.3182127880527498,0.20787586132706393
2014-05-09 23:00:00,DEHM_BD,0.2668821597214042,0.47097625836918827,0.8907715699232013,1.326210277998313,0.3321926021039764,1.2368774542781318,1.4090498592340923,0.09195529724131038,0.2532588667055897,0.373313081275639,0.2524088382293739
2014-05-10 00:00:00,DEHM_BD,0.19552437095694228,0.7184145399820314,1.1701053049246881,1.6200788770588934,0.5696808954867136,1.73173556156281,1.6700327690446541,0.07542467899889385,0.25130157274442105,0.41385090712090944,0.2966103680631088
2014-05-10 01:00:00,DEHM_BD,0.18335849711040025,0.9106258656290731,1.3745332023552659,1.7248501154460056,0.9091490424266829,2.0032414052692427,1.9103577671849727,0.06229805287754789,0.21796995384813317,0.43448524152629064,0.33845614534946605
2014-05-10 02:00:00,DEHM_BD,0.2928415013113617,1.1488065000119385,1.4686832785676551,1.9418613462302705,1.1343609574548945,2.0974396044675263,2.1190837660991773,0.05543163227086927,0.20213071808750616,0.4432581826689931,0.351638160482319
2014-05-10 03:00:00,DEHM_BD,0.3151866807746886,1.5206433306510272,1.4396395776199933,2.0895501600823634,1.278184327019616,2.163110973121002,2.3167807279547676,0.05584798363907251,0.22621457657211738,0.4569480482280346,0.3012690839468919
2014-05-10 04:00:00,DEHM_BD,0.3187451207423954,1.834439344520443,1.3441867831728314,2.0012865770028903,1.2764995682225189,2.1824377879702674,2.673386526582269,0.06003989856988175,0.25658475673042147,0.47597161366489715,0.2414366541303879
2014-05-10 05:00:00,DEHM_BD,0.320163325395109,1.887275187580871,1.269430681642137,1.6679198687323813,1.148878835322261,2.200451660530642,2.7692242819514274,0.0660864902353122,0.2590179104057439,0.5097050277053634,0.20978797650067116
2014-05-10 06:00:00,DEHM_BD,0.32350453149978065,1.4895923701789333,1.2121546518663633,1.381686153051303,1.1220181150860897,2.016448534094102,2.3632936029811016,0.07190014978174457,0.2345848837944155,0.4965880640500271,0.18908426603567785
2014-05-10 07:00:00,DEHM_BD,0.34390100092783554,1.0114877137709968,1.1721513425813104,0.9944690248715936,0.7446792913682386,1.439120241690874,1.659704422383271,0.07873078411301004,0.19643550649717906,0.4195093132311757,0.16771813544412595
2014-05-10 08:00:00,DEHM_BD,0.42461748228393487,0.7737092956757916,0.7289554334591185,0.7592912779785599,0.7355124026284552,1.225119046636764,1.3109102996988455,0.0810846759950857,0.15843806850797482,0.3730738162230792,0.16288924075378092
2014-05-10 09:00:00,DEHM_BD,0.738346438236963,0.5926529103862679,0.3365010621395589,0.5892719658632924,0.767370782179702,0.8941423484802385,0.9590870684220548,0.0866680963727691,0.1378116560105652,0.3694944927692273,0.1672617454719821
2014-05-10 10:00:00,DEHM_BD,0.5802148026651051,0.3856682335295201,0.1809507187544716,0.6895329209958307,0.8640289701407309,0.8904896634521846,0.7817792307256848,0.09956863745894272,0.14752795844942784,0.3535802918312837,0.1768348219991101
2014-05-10 11:00:00,DEHM_BD,0.40026678840646973,0.1931089738602982,0.20787509386213252,0.6899287825508835,0.5425767911448189,0.722246798242199,0.802653650901314,0.10788159725823428,0.16476531477961687,0.3440529911779775,0.18566579969320435
2014-05-10 12:00:00,DEHM_BD,0.288459121953221,0.1395096563991566,0.18843463281013875,0.6068917400800552,0.3132931625757039,0.415952492904114,0.6305987253519776,0.10472216199014328,0.16019767100729035,0.2443872477366913,0.1965524795570968
2014-05-10 13:00:00,DEHM_BD,0.22309589650306372,0.17604866650431464,0.22668596207979702,0.31388469975985744,0.33028347264672614,0.3630440311436075,0.3560068524731439,0.0971709047696739,0.12096117824206112,0.24023799794029432,0.20902478896323573
2014-05-10 14:00:00,DEHM_BD,0.19906630247080684,0.17817240612472512,0.5046937611254048,0.20994858572772698,0.40644353713620446,0.4512796178359213,0.3063113589385189,0.09441926820909123,0.10379811116234386,0.24305174838865168,0.22506431636245916
2014-05-10 15:00:00,DEHM_BD,0.21825788891395076,0.13056037710720025,0.7171948588277399,0.2506484170393104,0.36846744540117665,0.5002155802066997,0.3881346472202182,0.09398776408318425,0.10645956394740828,0.23703699171873024,0.23586266269449124
2014-05-10 16:00:00,DEHM_BD,0.23029578399564135,0.2462470310661393,0.4012367480684641,0.31755464044591286,0.30678427612368003,0.3845705636382707,0.4910808229782108,0.09511737359845998,0.11897923341220228,0.20578219124911346,0.255114582580123
2014-05-10 17:00:00,DEHM_BD,0.2392673730276804,0.4315380448775924,0.7999191348808927,0.32201147122268614,0.23952115983495473,0.33169927798907267,0.41203991765087344,0.1028423506101965,0.13980324958494378,0.28390847708684464,0.2714736151630616
2014-05-10 18:00:00,DEHM_BD,0.26838032003031104,0.4170104689524844,0.6706804918547571,0.200482398674218,0.1936051357173732,0.30557627305968504,0.25719945993818855,0.1268306706427316,0.2075165570959085,0.7732421834229901,0.2852972115009649
2014-05-10 19:00:00,DEHM_BD,0.674608245925745,0.30515901469021794,0.5045558677513808,0.13969224335802072,0.17451763083050023,0.22799868339876478,0.2672381404825939,0.14503785783413786,0.3595894714674732,1.674092859332677,0.29746620328422624
2014-05-10 20:00:00,DEHM_BD,2.052976575883229,0.5819944077611243,0.6253886795652202,0.15355422511923822,0.14420858414981494,0.261521706640661,0.2976922917432986,0.14198202799525098,0.5291828938837826,2.194626123746229,0.3069076663878187
2014-05-10 21:00:00,DEHM_BD,1.839228075716479,0.6718703020765239,0.8865358673376333,0.17192334874232984,0.12365166449138879,0.3148727324901447,0.4045708987535136,0.13846274774417267,0.47429047785890277,2.739624899125337,0.3123478861737995
2014-05-10 22:00:00,DEHM_BD,0.8855829875906975,0.6379664465848627,0.96723997753228,0.1921897620021802,0.12082188471944985,0.2989877849766925,0.4661583739813389,0.1514558767144381,0.30109544612210937,2.3432320992139775,0.3227181942383944
2014-05-10 23:00:00,DEHM_BD,0.6574775397802003,1.0013067151057538,0.9413429047157285,0.21057239251616228,0.1460359628002903,0.25430085825633886,0.40707906943174504,0.1449903082290662,0.18799289014865636,1.343840691189462,0.333148000063598
2014-05-11 00:00:00,DEHM_BD,0.4609242661026679,1.2492894007427373,0.9811814494912982,0.25066723018996406,0.15549698518859212,0.24687057166198725,0.38561499798933624,0.13118980776473876,0.15211318951263086,0.8055695950101711,0.34396498401045794
2014-05-11 01:00:00,DEHM_BD,0.5070622874596389,1.1623475300423691,1.0118655387038458,0.323043469450969,0.14530473697934287,0.23955412418674427,0.39823491360804697,0.12429276162989422,0.17971287949532727,0.5399495359800628,0.35381346537083375
2014-05-11 02:00:00,DEHM_BD,0.8988499148062408,0.7930817828296773,1.08488519695203,0.3238435430628007,0.1297958753401413,0.22469351515820002,0.3704240189115854,0.14148348895478985,0.39479578141174965,0.572454250395483,0.36400598600774997
2014-05-11 03:00:00,DEHM_BD,1.231691625206787,0.49583450590139677,1.1280362433137578,0.2801889442230503,0.118660066381227,0.2149334096850757,0.32768304597185915,0.16723416696891177,0.7767680268158264,1.266736796189281,0.3723494846999643
2014-05-11 04:00:00,DEHM_BD,1.015357562673858,0.35899453411971866,1.120583639857525,0.2581518807401245,0.10051605789972456,0.22467165023170874,0.3226098883704618,0.19807901839233918,0.7491553556651562,1.645865616231293,0.36411567949801676
2014-05-11 05:00:00,DEHM_BD,0.593509015296148,0.320687821745698,0.7586077022208176,0.24542975114620513,0.08978210246334771,0.21582824342228463,0.30505498645790025,0.19533666981328254,0.45773504045323804,1.4719355608758469,0.3437912135446071
2014-05-11 06:00:00,DEHM_BD,0.31938468280001536,0.4058747301177186,0.4248886154146021,0.23108219709199085,0.07964319795241571,0.1878155922588588,0.2744482097262166,0.1642476729399337,0.2635774450300144,1.02014576706285,0.31352929657414547
2014-05-11 07:00:00,DEHM_BD,0.17405903960345542,0.39556999078334193,0.22602502868313246,0.21681122577917644,0.07733936699283299,0.15855487514952182,0.23865923921401022,0.14026210914909817,0.2495875898185371,0.7112839981460419,0.2897745539934932
2014-05-11 08:00:00,DEHM_BD,0.10621961861962903,0.3803190165668661,0.08751770739342307,0.21071422717670313,0.08094502600715475,0.1354151095138862,0.2047137842126434,0.12496450971152612,0.34870140343648603,0.4072718656774051,0.2789609162260963
2014-05-11 09:00:00,DEHM_BD,0.08361530897651784,0.2643054435997071,0.05837448994716738,0.21424464911785718,0.09024480746207739,0.12903415566555096,0.17092839187428463,0.11443120719345276,0.34921426443296244,0.18672495275845727,0.27523026482993723
2014-05-11 10:00:00,DEHM_BD,0.08435668013909822,0.08349535940615446,0.06494426929011918,0.19458835963289473,0.09361238223139182,0.12979780691167322,0.1488546076134503,0.11083668250361446,0.1816225919519271,0.16634307484896838,0.2601792465361765
2014-05-11 11:00:00,DEHM_BD,0.07633371776172418,0.03371592488844638,0.08823625954584664,0.1668125047843751,0.09152139080615695,0.1308536876863915,0.14960332462738138,0.11133899507459234,0.07519082146033633,0.21375856266165144,0.24988788615921492
2014-05-11 12:00:00,DEHM_BD,0.0699909488432992,0.04099914316125669,0.10232674238160236,0.1605710552086529,0.1029010657453536,0.12349727225562075,0.1451286058994521,0.10923020803347208,0.0782482431991583,0.1902490165452611,0.2477033453100173
2014-05-11 13:00:00,DEHM_BD,0.07384738398017349,0.05440625251689902,0.10533769435345175,0.17024414699326956,0.1157464952875301,0.1226026918568112,0.14060475947861947,0.10211921525579862,0.12869121725809746,0.1558424213645746,0.24761982310205694
2014-05-11 14:00:00,DEHM_BD,0.07691124094238024,0.05314310069907436,0.11520695968033726,0.21822636250956962,0.1228618868814221,0.12771019562443123,0.14751835711740183,0.09456488241948167,0.17791686023108644,0.14269275397514145,0.25242208301715546
2014-05-11 15:00:00,DEHM_BD,0.0716708753976969,0.050461632178332556,0.1064020972089282,0.28587759882255803,0.14805655480166874,0.1553837530469207,0.16907593559602024,0.08543318676388804,0.17077572470594182,0.11238989185038598,0.26016400674194085
2014-05-11 16:00:00,DEHM_BD,0.07054724525892862,0.05502104486041339,0.09343594858833582,0.26046170382252937,0.15522685430919744,0.2155828452391776,0.2412655465828464,0.08428576899860032,0.1313909294574614,0.06997290180484515,0.26567312545940264
2014-05-11 17:00:00,DEHM_BD,0.0756427501877977,0.06323762269306622,0.08663115525707579,0.19226942697853597,0.13195498389987267,0.24406038560361526,0.34666811207115233,0.08571661537206714,0.09892212980755585,0.06542860174726797,0.2701604850882477
2014-05-11 18:00:00,DEHM_BD,0.08979792948556808,0.0677861126485498,0.08374670978600024,0.15211926954791635,0.10928257489979241,0.23179313588657902,0.3970755933176481,0.08115817148757623,0.07448373048000952,0.07548732515075558,0.26675471597383726
2014-05-11 19:00:00,DEHM_BD,0.0880666294057841,0.07023062912842111,0.09165498634096675,0.2218503390051429,0.0880945143468304,0.18938364436553784,0.3345844505502431,0.07411170372233368,0.06965274668852552,0.11996966005514419,0.25907547798638686
2014-05-11 20:00:00,DEHM_BD,0.0818652044579315,0.08172722519191221,0.1624060531597064,0.34080889496066424,0.0742337722963279,0.18345023855548276,0.2850799362016195,0.06905602125865778,0.07614309543046532,0.27608758861884053,0.25850653624271963
2014-05-11 21:00:00,DEHM_BD,0.09179575467886039,0.1366881775255427,0.29708326965706533,0.4107855140724376,0.07721694983258831,0.20546113716377923,0.3092214092187481,0.06413855957795175,0.08657831921720481,0.42615196128053284,0.2618563837447016
2014-05-11 22:00:00,DEHM_BD,0.15244383641662643,0.2577071351996355,0.444742513498236,0.5326365925763443,0.10983672038990995,0.2481254290679114,0.40830063276020534,0.06356315663828074,0.15633615469055004,0.39043436967678513,0.2700435081276297
2014-05-11 23:00:00,DEHM_BD,0.2863674159058927,0.4680480431751406,0.5614132628944165,0.6128035956948977,0.21870034813924677,0.27048629148428815,0.5548824642328556,0.06559425020197526,0.2570484906661324,0.453878428481473,0.27622000034317357
2014-05-12 00:00:00,DEHM_BD,0.33930881902390614,0.4727789728056918,0.6139371400113449,0.6919208647311175,0.4397844879341124,0.29956995160011507,0.6722901449360615,0.06703629466413105,0.3370202440481912,0.6029445707234109,0.2775594740214943
2014-05-12 01:00:00,DEHM_BD,0.3475834246874693,0.41454842439341694,0.675997370858104,0.7663675593006511,0.6374680541636979,0.3965750638931058,0.7780734472148501,0.06796813291258143,0.3657972264999523,0.7568314783997764,0.2694407495565711
2014-05-12 02:00:00,DEHM_BD,0.31345898262049987,0.39819861627509856,0.7897902309412462,0.806560728648291,0.7355568231124988,0.6123725113279184,0.8389066005669252,0.06872560085356566,0.36083123355276875,0.7556259653827362,0.25988680378943674
2014-05-12 03:00:00,DEHM_BD,0.23030670471363682,0.409189454085773,1.020643879761952,0.8282316924055851,0.775252466889778,0.8927236369694989,0.9229071106357386,0.07011701373647773,0.3761919359645247,0.7163464291842094,0.2528577833645045
2014-05-12 04:00:00,DEHM_BD,0.20188894572178356,0.37780482904339874,0.9647795295095443,0.7989657621398136,0.7557374164663999,1.008661214099623,0.9415671694194435,0.07197577490986312,0.35861891840605997,0.5775292907406203,0.24131520344629875
2014-05-12 05:00:00,DEHM_BD,0.20153703091418118,0.33309824214007877,1.0128368679690105,0.6369647775976517,0.6427045508696045,0.9066570403408398,0.8484569914692908,0.07186475316212272,0.30696356998108326,0.43870188095932816,0.2265951103438809
2014-05-12 06:00:00,DEHM_BD,0.18983537800620764,0.30519447208136885,0.6119377768979406,0.5615269569325028,0.5359778509866445,0.8437199736050793,0.7896292236270184,0.07065787493451485,0.3009339623269903,0.3490782671919184,0.211496297218725
2014-05-12 07:00:00,DEHM_BD,0.20681000353412693,0.30952208080981036,0.21338606491168022,0.5439647556533732,0.47384269576566285,0.7108626503821087,0.829319704853408,0.07352640640293237,0.3343468837715265,0.2667899655664012,0.19810813846595568
2014-05-12 08:00:00,DEHM_BD,0.2573941387916681,0.3475420472242624,0.13520030885933892,0.5475695406087941,0.42240593850933,0.5461426618084217,0.7313815664931863,0.07635416968544007,0.35334667437133366,0.2694555303626576,0.18529351044083925
2014-05-12 09:00:00,DEHM_BD,0.21437556096334465,0.4039760642414213,0.10682267975385293,0.47884998680715907,0.3793053013391978,0.47083619007430494,0.462277345302638,0.07569503664100999,0.290722808355661,0.4879126178809591,0.17413043034022666
2014-05-12 10:00:00,DEHM_BD,0.15812295050741618,0.3867013914135494,0.10522255510592358,0.3755326118375616,0.34520085260476907,0.4965484126725699,0.3218064347026211,0.073960479157213,0.1983378344104158,0.8503670783327054,0.16295813043404367
2014-05-12 11:00:00,DEHM_BD,0.16482135016822247,0.3145948858465882,0.1065032425734957,0.42412184122212215,0.3157081992890685,0.5335205124908218,0.30378651169446286,0.0698729074057469,0.14020314778655293,0.7100765935569068,0.15791970800310545
2014-05-12 12:00:00,DEHM_BD,0.17919736843904474,0.1595011599687392,0.12147424935855881,0.4436761839427879,0.31033231882665296,0.5343762817333637,0.4146241994741186,0.06344157132768055,0.12045176253044954,0.5360090772312786,0.1533364585128886
2014-05-12 13:00:00,DEHM_BD,0.18721636490888877,0.05646137479410024,0.12930315497078926,0.3859286082225408,0.35444214585553846,0.4650157492554188,0.42185320870587706,0.057771620214781626,0.10806590779587144,0.3455716571746765,0.15143644462966518
2014-05-12 14:00:00,DEHM_BD,0.21174413473321116,0.1489929689161664,0.126241171898078,0.40119344374131816,0.3678986680737508,0.392438630175311,0.391292546414989,0.055873279593887014,0.10116276869819953,0.11453448303074565,0.14855230988560994
2014-05-12 15:00:00,DEHM_BD,0.22980919531996347,0.16585718954203638,0.1190695338980527,0.3928337655960267,0.401282620743513,0.37890761421327934,0.46857875639512026,0.05544203249564791,0.10555301746019614,0.07208822942277639,0.1506528346610872
2014-05-12 16:00:00,DEHM_BD,0.23905312855085337,0.12924673872885745,0.14935331988556305,0.49547730147996727,0.4266663189451395,0.4034406447877571,0.5082702906379796,0.05339681494102672,0.1222814356211385,0.05961826809579445,0.15085364259770587
2014-05-12 17:00:00,DEHM_BD,0.24200137976939773,0.10623564646750323,0.252623243164569,0.5773904494381844,0.4369145037482678,0.45020690802071656,0.508267486839236,0.05252841154644601,0.1579589859532377,0.1320248400088265,0.1473177695358276
2014-05-12 18:00:00,DEHM_BD,0.2109968606029729,0.1177520374272759,0.2866137203416228,0.5835930907853215,0.47058255912244307,0.5330677569831901,0.5925461787637187,0.05295365587336471,0.20250962516262885,0.19681444390143277,0.13993520835421439
2014-05-12 19:00:00,DEHM_BD,0.20037675562966598,0.23800157817907686,0.28549754787571713,0.7951505587249388,0.5192799493154883,0.7477638416660832,0.7673228416081781,0.056732612311648487,0.2576574603450661,0.5068379062074015,0.13650719312342166
2014-05-12 20:00:00,DEHM_BD,0.19910115526204925,0.3539630379591945,0.2804559042646362,1.1106151849551706,0.5882689567331224,0.9978030188727632,1.056644809464904,0.05911427231236808,0.2682918807077329,0.8518655676086673,0.13950573517708217
2014-05-12 21:00:00,DEHM_BD,0.15672471388447073,0.4774536542437271,0.2644356598562746,1.4878143224774016,0.6625526368667184,1.2432671802846134,1.2814924743876337,0.050997092548222746,0.27836544437237687,1.2395192761295488,0.1461926028145768
2014-05-12 22:00:00,DEHM_BD,0.12492575477021736,0.4675818892583715,0.257081031067036,1.889779344832284,0.696447144942954,1.4284243885296912,1.3760956344649558,0.039338724200817785,0.2923801903814775,1.3971662267831966,0.1549383666999125
2014-05-12 23:00:00,DEHM_BD,0.16660358584212132,0.45043232878475903,0.27384542856216426,2.3161168086389443,0.7295308977884798,1.5785094234871397,1.584539946873765,0.0349028257617139,0.22325905278382346,1.1996777793895743,0.17220785209698591
2014-05-13 00:00:00,DEHM_BD,0.24188289313422506,0.4485419002510467,0.29250766985669724,2.5798542274874774,0.7690810296365619,1.737292399091162,1.8357174449920466,0.038132316464972824,0.15796800102382416,0.9706060109942591,0.1904325376916304
2014-05-13 01:00:00,DEHM_BD,0.3954128216028213,0.47841157680213675,0.30386919487215563,3.0378537067060125,0.8464158328101039,1.7992186746444179,1.9982368745686336,0.046520002865649196,0.12958642247659607,0.7377968976443073,0.19883370212707652
2014-05-13 02:00:00,DEHM_BD,0.5116325549534148,0.4832767820755136,0.3072055940023809,3.5096943679826915,0.8704390010082721,1.762365034743268,2.0222905528877453,0.05328430898223523,0.12084627963839667,0.43563845469656387,0.19089496494669453
2014-05-13 03:00:00,DEHM_BD,0.5224408585650007,0.5003542068476462,0.3101443877833149,4.071180647429195,0.8687570356303453,1.7257190310494508,2.0191065977574816,0.06049462660208323,0.12145733525778032,0.47638271592032144,0.174576431435868
2014-05-13 04:00:00,DEHM_BD,0.5069430178193002,0.537055850716643,0.3110473204961232,3.973536238606673,0.8012395673125237,1.6537010795247324,2.0208297961950374,0.06878540235963176,0.13094580309385068,0.5592370026967952,0.16211001215614357
2014-05-13 05:00:00,DEHM_BD,0.48586970799721774,0.5867551028887904,0.29747894207373254,3.454396441938711,0.6683463606159388,1.4077629951112345,1.851842348791053,0.07166099794873554,0.1317033591161201,0.5844386994027344,0.1483302286215125
2014-05-13 06:00:00,DEHM_BD,0.4797309501202962,0.5678084027179399,0.2802382520946487,2.7651611845870447,0.5719819770567118,1.1743367139689858,1.4939875842389312,0.07036135093127462,0.11727369790631442,0.5892808833645935,0.13400580736376322
2014-05-13 07:00:00,DEHM_BD,0.4904966317122894,0.44702107332681884,0.25841002435773586,2.1125271652461266,0.5345565809358469,1.0633982542218825,1.1601263099896513,0.06755770095678874,0.09990324074309417,0.5612532102420553,0.11639058084569852
2014-05-13 08:00:00,DEHM_BD,0.5255253758104517,0.34426255372714243,0.23965972596326832,1.702200635439433,0.524207237650752,0.9309941908317034,1.0086246891636197,0.06403420153158436,0.09357767964731364,0.5390958848436456,0.10273430376774607
2014-05-13 09:00:00,DEHM_BD,0.5797144937423151,0.2946801107855024,0.21307552229443563,1.4255883947502415,0.5217879220072925,0.8258489514536316,0.8977728175187785,0.06039398605457785,0.08972025249419022,0.5339626121958252,0.0942288007267866
2014-05-13 10:00:00,DEHM_BD,0.57650898505982,0.3021727855809218,0.18272888860423106,1.2810790129679872,0.5054578630663733,0.7319229296561144,0.8621938780496857,0.05729363422282735,0.08393442600603905,0.5646845614259177,0.08992078846052516
2014-05-13 11:00:00,DEHM_BD,0.5300380529860407,0.3035814586050517,0.15794634892713258,1.127513698557073,0.45277910945727484,0.6623020562969706,0.9086124569656897,0.05493806548408287,0.06880982916594006,0.6306983546386286,0.08776028911129799
2014-05-13 12:00:00,DEHM_BD,0.5314359583946596,0.25764114386910564,0.14259687694206818,1.1124859216645064,0.42414230004973236,0.5887975389151204,0.9512323862360971,0.052537773706759223,0.05760686716684135,0.6202999133430607,0.08544440293403785
2014-05-13 13:00:00,DEHM_BD,0.40448093498137316,0.22822826905567184,0.13217101203229736,0.9786132609907342,0.3328499770026978,0.5663856457495491,0.9646521795988449,0.05018403925073209,0.05660747913351795,0.5002163998370245,0.08315642516243489
2014-05-13 14:00:00,DEHM_BD,0.270006024227771,0.21125237649056114,0.12863937049665006,0.8667771685511918,0.24035554619816116,0.5231045672775304,0.9356891761329702,0.048823425200991255,0.06588188114612728,0.4415009278389159,0.0817575991022586
2014-05-13 15:00:00,DEHM_BD,0.21908832031229974,0.18553232221822244,0.13495103526581056,0.8204515212749613,0.21409620651575723,0.42314099992680365,0.7631315091578476,0.04770773190310195,0.086106443189457,0.4017623409246629,0.08262358030038297
2014-05-13 16:00:00,DEHM_BD,0.18343931599501037,0.17811258682387174,0.1460762962824989,0.7107770188963786,0.17840808431943872,0.32467585065481996,0.5439611003261559,0.04533092799060323,0.09930161711076192,0.27635165660537303,0.08440473460815688
2014-05-13 17:00:00,DEHM_BD,0.17515516624996427,0.1755936200860852,0.16419845093552005,0.4889446100532323,0.15041045080019141,0.2887053653930452,0.3700703120601537,0.040277877495766286,0.11137050684541468,0.2043526662810052,0.08601476656073279
2014-05-13 18:00:00,DEHM_BD,0.17804336311594574,0.17897129299165554,0.17863408647336046,0.3540478741961342,0.1360387140139052,0.2595706108460717,0.3769912958345095,0.03600716825164933,0.11198105918277391,0.1772040481316763,0.08677035946256124
2014-05-13 19:00:00,DEHM_BD,0.16987493159625897,0.18089736004773566,0.18574443049209183,0.37926476124716657,0.1494758969054789,0.31426503999065447,0.503257188308226,0.03366547231005891,0.1254160117672663,0.16933604616330689,0.08860374895779066
2014-05-13 20:00:00,DEHM_BD,0.170783758668432,0.18582925938285644,0.19183606701250175,0.552699873512642,0.15659375305153878,0.4007489813316895,0.5375195570518791,0.03163995681173277,0.14631386465612303,0.1714888282661924,0.08782590620494912
2014-05-13 21:00:00,DEHM_BD,0.1844329534102047,0.20586228299184958,0.21128638265725222,0.6804336579584068,0.16859029501487957,0.4837067980292603,0.5573183861572601,0.03416727112140556,0.18228009149290805,0.17751522984241117,0.08498966161888939
2014-05-13 22:00:00,DEHM_BD,0.18801063434347448,0.3078162941726119,0.21324372697882343,0.715607159354527,0.18021495564244674,0.5874620629971717,0.5935563645577597,0.03945711541338467,0.2478746185245919,0.19821118385125866,0.08112886893843893
2014-05-13 23:00:00,DEHM_BD,0.1914394497658149,0.3923989150231308,0.2197400237999762,0.8006390717053147,0.18937355125186484,0.6983284738625015,0.6912173687433663,0.040964215798247904,0.33140675109141315,0.21274522915461092,0.07609278195812705
2014-05-14 00:00:00,DEHM_BD,0.21107672561103466,0.3848471994919568,0.22018300602978083,0.9828569087147992,0.20205648953089472,0.7854097409535052,0.8227088828235535,0.04547873451643048,0.37319813801132995,0.23179658711526535,0.0698271154631114
2014-05-14 01:00:00,DEHM_BD,0.30173834595370086,0.31991661494890955,0.22563844545062614,1.1671944820385534,0.21240684385678243,0.8499862830899708,0.9123849326105719,0.05326386787174372,0.3732572555431993,0.25787127303292967,0.06267661399421497
2014-05-14 02:00:00,DEHM_BD,0.421196265360955,0.2239834498356819,0.22156107151038928,1.2646835423561293,0.22422425558501374,0.8991464448698057,0.9801112216185236,0.06225005624963881,0.37239345157550274,0.30491510965115376,0.05668697752753561
2014-05-14 03:00:00,DEHM_BD,0.4605482989387214,0.17984940524997164,0.2164422383573837,1.361190364457369,0.24604081083888635,0.9405117086172422,1.048342091912031,0.06698983847841293,0.3832758943539111,0.3920539913059583,0.05245473504755173
2014-05-14 04:00:00,DEHM_BD,0.46385789149029166,0.16017207668774117,0.21337441286416703,1.3492796966128073,0.27869794803342307,0.8796507182263593,1.0053670476190637,0.06704324821463606,0.3663580226278997,0.4820520298383012,0.05191522771180581
2014-05-14 05:00:00,DEHM_BD,0.44102495479814696,0.14457880732552844,0.19867588669890526,0.9329571913315243,0.268165684396096,0.6892229735082935,0.7196902155427654,0.06262101265344056,0.32496337935418607,0.5128473958047106,0.05548493549079148
2014-05-14 06:00:00,DEHM_BD,0.3455724179838225,0.13587704011142815,0.16303124957799894,0.5952978094559911,0.19189602039561124,0.42540183074050564,0.46221736148629966,0.06281526027674077,0.29970709343670726,0.495819554473115,0.06158121146265405
2014-05-14 07:00:00,DEHM_BD,0.2970328415620139,0.14986335447951443,0.10780674782578349,0.5153285595921107,0.23010819075984873,0.32432984394533204,0.35618173112189444,0.06628048507252468,0.2758385853184354,0.4497882038053542,0.06842036514763948
2014-05-14 08:00:00,DEHM_BD,0.2829215928134321,0.2023388033241208,0.06921444868192758,0.5254725969197227,0.3155269409975967,0.3628164156876783,0.3397619516265565,0.06962538736683763,0.23296910363425832,0.41885528068025574,0.07387545417859205
2014-05-14 09:00:00,DEHM_BD,0.25622648346858085,0.2430861326125915,0.06948903328075987,0.5010092699256004,0.32719495376609253,0.4220537087978514,0.33085897437577705,0.07237843729265021,0.18589551629756798,0.38787553021824206,0.07732091733652621
2014-05-14 10:00:00,DEHM_BD,0.27661443224843585,0.22412103584186172,0.08250368431286872,0.39546046740718666,0.2879368249557259,0.41768693127416057,0.2648797283059655,0.06981843119261771,0.1524058927907648,0.33561406663512333,0.0803115315405511
2014-05-14 11:00:00,DEHM_BD,0.33407940567897615,0.10069989362203492,0.08506377208597016,0.30670451484015704,0.23989849452227335,0.3570041219990536,0.27719689260235386,0.06748079213044011,0.12919433291810117,0.28062841506320274,0.08001489926914673
2014-05-14 12:00:00,DEHM_BD,0.3710213506679422,0.05542338335563184,0.0880049933451599,0.35364135942525576,0.19365415550672438,0.26550425876059564,0.2837179587578983,0.06698152314987028,0.09790309582623324,0.27844987122996223,0.07974740212184828
2014-05-14 13:00:00,DEHM_BD,0.4292064073102734,0.06778778285806283,0.0911454614755511,0.36917835741944255,0.1797770015188212,0.2726049780085798,0.41502353791229707,0.06530691024240273,0.0680777227942735,0.3448817971493547,0.07875578253587225
2014-05-14 14:00:00,DEHM_BD,0.3954501436408795,0.06294531547408524,0.08908277332420451,0.4512415659569978,0.16932858742034046,0.27539018404728255,0.4895967826734677,0.0625733316888363,0.05349639285515335,0.39694166535925157,0.07883881848098644
2014-05-14 15:00:00,DEHM_BD,0.36279045124604353,0.06706541989409351,0.08147528763046706,0.4913881322666164,0.1560391562193352,0.2111073304361476,0.4686373452990435,0.06040135279344494,0.04515629198784574,0.49320423298297783,0.07898919819930848
2014-05-14 16:00:00,DEHM_BD,0.40805420945020376,0.13539091741409262,0.07764780040566158,0.4667267615860922,0.1442752773561234,0.17759421945394235,0.4413555421085905,0.05995274077660523,0.043131451506860825,0.48173796370644006,0.07732011809642156
2014-05-14 17:00:00,DEHM_BD,0.42228013284875077,0.17974562087722223,0.0749866005663375,0.39008049527633515,0.12528114560227369,0.14819089680817776,0.40754676422651326,0.06370791750789147,0.044245408418174294,0.2685274367708044,0.07565261351829566
2014-05-14 18:00:00,DEHM_BD,0.30276501143284124,0.1751444374882757,0.0790327683932645,0.3706845740227799,0.11691779483119487,0.15274390474756705,0.36074637349307903,0.07254969035702269,0.04471338515719619,0.10526426025815597,0.07458383678476119
2014-05-14 19:00:00,DEHM_BD,0.16513337974620973,0.2708768266126552,0.10431678599450651,0.3848589097695028,0.13095517142807586,0.17712004971682288,0.37499856392663045,0.08364379950127782,0.044011621067410425,0.04884801931407474,0.074424656588303
2014-05-14 20:00:00,DEHM_BD,0.11709610139720127,0.38868721513058746,0.2059353515459017,0.44455023976626085,0.14091818528723427,0.19751811953876047,0.4448473650404383,0.09532941449895135,0.04365557807462588,0.10889796630725238,0.07495304523580688
2014-05-14 21:00:00,DEHM_BD,0.09216148335901084,0.37023015228670086,0.28900843829336786,0.5388059379819661,0.15632067636676825,0.23256556885813479,0.5269500500560774,0.09659388085923235,0.04485051683211905,0.4047467244892643,0.07508457027420846
2014-05-14 22:00:00,DEHM_BD,0.08973066769178938,0.370192166170067,0.3403035602884581,0.6456961879686245,0.16966530018074893,0.3006570472043098,0.6187481279104539,0.08646689930678095,0.04553929792682644,0.6561389200192088,0.07548072135692686
2014-05-14 23:00:00,DEHM_BD,0.08876019680505601,0.5215909237587184,0.42706358688075774,0.737327143190273,0.1803659560812706,0.3563511517492627,0.6717393105449945,0.07246876743504134,0.045746486239165836,0.9669854125075286,0.07626290855506747
2014-05-15 00:00:00,DEHM_BD,0.08822479550863381,0.6892073232856354,0.5187182423066794,0.813997630597258,0.18853058174295573,0.36772705024212593,0.6881122587325992,0.06219691898207457,0.04566798455253968,1.3266472343360831,0.07750510648428546
2014-05-15 01:00:00,DEHM_BD,0.1189020542433786,0.7705795070531973,0.5951416234014725,0.8502618918243415,0.19622772981285813,0.3995066881708015,0.739994733188891,0.05596494386206204,0.04356921122734201,1.6575490832448911,0.07959178375230481
2014-05-15 02:00:00,DEHM_BD,0.512291282791032,0.822461371801238,0.6663566405437904,0.8783244103434041,0.2268775079762725,0.4464844212950253,0.7887961716484918,0.051445164721658915,0.04204573466751988,1.9176749399701305,0.08638479218139418
2014-05-15 03:00:00,DEHM_BD,0.9453933516636862,0.8691356909759996,0.7164251015607213,0.8891887509908216,0.2818772088607947,0.48253463943727076,0.8113984511874766,0.04908850246000275,0.04197756249658081,2.08546372076804,0.09350371065555131
2014-05-15 04:00:00,DEHM_BD,0.917287244727623,0.832183577709909,0.6942063814057362,0.7829773581605417,0.2753808024575805,0.4860938751327261,0.7411594503267754,0.05353773083024262,0.04159949807033715,2.0377541743349097,0.09221989432584718
2014-05-15 05:00:00,DEHM_BD,0.8220461245895618,0.642307861677867,0.579620834852794,0.5112926788696551,0.19679740041790061,0.3855918765605644,0.5301714602441031,0.062355746456418226,0.0394044437358184,1.6674705084952153,0.08796848859873241
2014-05-15 06:00:00,DEHM_BD,0.68146271486453,0.47324695803218864,0.3943106160256499,0.3862679204738877,0.13948103817824253,0.2151624635155917,0.3755065007960475,0.07258336085637555,0.04007263906592038,1.1868250484873308,0.08338634524182166
2014-05-15 07:00:00,DEHM_BD,0.5939552994687132,0.359654597894313,0.2699356646134946,0.3776974290224854,0.14286967389830382,0.19256701030883694,0.3605254548771347,0.08345010679573737,0.04192995895753226,0.6226680803295992,0.08307913604909527
2014-05-15 08:00:00,DEHM_BD,0.6186211460905847,0.3050289676394685,0.270975363134744,0.4901187331192036,0.1984519685890199,0.23126974521514945,0.4723925199812755,0.09407806004698376,0.04581993043275557,0.27943085377895727,0.08757341747916171
2014-05-15 09:00:00,DEHM_BD,0.6853470862124953,0.30874206529767706,0.3108549823518934,0.6601097487954382,0.26304641914560906,0.2810445749562138,0.6358029875771642,0.10546216065854745,0.04928393263624595,0.16994276700009106,0.09201414279534464
2014-05-15 10:00:00,DEHM_BD,0.6302699115268326,0.38585252299302014,0.31065220372455193,0.8307486821657901,0.3458893615466168,0.35127982156660154,0.7377846893759247,0.11333989071444128,0.06067459334753897,0.13260626782063611,0.0968180357230685
2014-05-15 11:00:00,DEHM_BD,0.5799156328328512,0.32629060684232725,0.2768129608384798,0.9249679760360286,0.45349946816896547,0.5616373502532694,0.9209151636359113,0.11038640634405877,0.10027986463135097,0.11988201272048037,0.10287936922210263
2014-05-15 12:00:00,DEHM_BD,0.3948294248650968,0.21160732868369658,0.2266342180741857,0.9715054877276389,0.5351067401864659,0.7241380412714649,1.0046017313035933,0.1063122922241977,0.15264913833964597,0.12767614361588245,0.10578666481400832
2014-05-15 13:00:00,DEHM_BD,0.19938626552078853,0.1855377445540227,0.18747626642625767,0.9533241234588228,0.5864962590997991,0.7916798436849249,1.0236993689929013,0.11290061252745792,0.14864272290062142,0.16388202018967532,0.10551697920990279
2014-05-15 14:00:00,DEHM_BD,0.14381294033495692,0.2146011695694048,0.16052050393707099,0.8514345276652806,0.6388233329616347,0.836509650729642,1.005775255148221,0.12866453156663088,0.11939475215781463,0.36215560393331536,0.10236694222599306
2014-05-15 15:00:00,DEHM_BD,0.11567959296226484,0.25991534378059905,0.14940089746866592,0.7980271998516533,0.6626512595483287,0.8169707423204323,1.0030712923721927,0.14979059541679327,0.10665651130403378,0.8864572548168059,0.09801414755197702
2014-05-15 16:00:00,DEHM_BD,0.11419844799111577,0.27762710168283355,0.1353750011676688,0.835924216651647,0.7101660929839079,0.7771138309564272,1.0242649604536034,0.1535748076473735,0.14610111574779241,0.6528413019868823,0.09230807814244578
2014-05-15 17:00:00,DEHM_BD,0.12350158491123918,0.20584822923702356,0.11564436189371208,0.8836091542378801,0.6949301180860865,0.7628826899441192,1.0529858176744413,0.1504551567947817,0.21829085308451313,0.3402792161684192,0.08512307557099494
2014-05-15 18:00:00,DEHM_BD,0.11447300745977315,0.1442842682587651,0.118490272723508,0.9741393711260097,0.7247377534128887,0.7851617498608128,1.0785387183662674,0.147203674174369,0.1998207112741369,0.24571233400576453,0.07994795384847936
2014-05-15 19:00:00,DEHM_BD,0.1085600880540708,0.18533043396454707,0.2618561010760785,1.0232873847488058,0.7984975352597586,0.9287142889680632,1.069002259038138,0.14903944347918816,0.16075994556104112,0.27092994835805373,0.07798706341282512
2014-05-15 20:00:00,DEHM_BD,0.11637067381183601,0.283315276937952,0.5780677687958082,1.072877052211249,0.9689542646690947,1.0852939042681153,1.1277894386283234,0.15445778169382013,0.18205143259480802,0.4081132648518795,0.07720708436511954
2014-05-15 21:00:00,DEHM_BD,0.12649438858176568,0.46286696302458225,0.781724764424498,1.1405079306811827,1.260043522359277,1.261920676995585,1.2447272789811845,0.1558103815477829,0.23444990797697396,0.5982528814151503,0.07571630005708536
2014-05-15 22:00:00,DEHM_BD,0.13786275749662877,0.7527162129877445,0.8709553401796577,1.2445752763903313,1.4424734846316045,1.5105635485564695,1.39719720086633,0.14449583826620463,0.2605769200945943,0.6986040791214626,0.07386607336773554
2014-05-15 23:00:00,DEHM_BD,0.194347766737095,1.0147887149126873,0.8159824066807062,1.3696787310759746,1.5716216460201773,1.879613203266013,1.5924271913632315,0.1298993380313318,0.21061763904629807,0.8694851551195882,0.07369330624375672
2014-05-16 00:00:00,DEHM_BD,0.17206032228031878,1.2648776562731114,0.7594284042479493,1.5298851294723534,1.7452347320008943,2.221593184826736,1.835717653778214,0.13211917331388678,0.20614774706546057,1.3027553510937147,0.07748701276471888
2014-05-16 01:00:00,DEHM_BD,0.14527754069311757,1.2313168297933468,0.7628007221134285,1.7173495177361566,1.9562203661641746,2.4636847772401778,2.095555978563033,0.14377750872122116,0.2518861936154099,1.7531535755359118,0.08693063321120871
2014-05-16 02:00:00,DEHM_BD,0.1513861464505316,1.195182908211602,0.7616543131451681,1.90215076437943,2.1967974353559696,2.6380337259717552,2.3412581641894517,0.15159001406363198,0.3155215373195707,2.026010914124999,0.09556215129167898
2014-05-16 03:00:00,DEHM_BD,0.3274440144435222,1.0673160748856887,0.7202819246457517,2.0717532961897023,2.456985057152963,2.764560146189737,2.564170329953087,0.14949026477239086,0.337310217617154,2.1357225251266274,0.10227952462515252
2014-05-16 04:00:00,DEHM_BD,0.6230613435263838,0.7781988406633212,0.6812390260502322,2.010158311969348,2.5767816279168705,2.730995442479728,2.5604105174520644,0.13921991833065625,0.28202359169036134,1.7098558932076038,0.1068868965721298
2014-05-16 05:00:00,DEHM_BD,0.5634937227914341,0.6436241049149259,0.608880382222384,1.619267746508221,2.4240509404763495,2.352520132277543,2.205955826320478,0.12909353458425024,0.23431557179454696,0.8493933390690823,0.09859633569828982
2014-05-16 06:00:00,DEHM_BD,0.46279078947106134,0.5398723801895509,0.48279724322514606,1.3651020095305997,2.2432874958165296,2.0102254214788613,1.8317021278756624,0.12051891960941234,0.18449790477046735,0.5511476922215264,0.08647482139597977
2014-05-16 07:00:00,DEHM_BD,0.44835724400090504,0.45262227345006056,0.2496601339544005,1.1613530601340318,1.7339812394764156,1.5513081917748535,1.3185174349983753,0.11491838249302458,0.16479048044068723,0.46438316848469885,0.07458289142373474
2014-05-16 08:00:00,DEHM_BD,0.39573041095588357,0.30734902053480984,0.17968444386515633,1.0993971788699783,1.4271226682166942,1.17756490514468,1.0001767497098317,0.11123099034589705,0.14823082828525438,0.30253961164369236,0.06622700133734252
2014-05-16 09:00:00,DEHM_BD,0.3558545851352064,0.1752530906630807,0.1760153319527709,1.3223444280920524,1.4427730248405248,1.067587328219627,1.0623582795642807,0.10896047868456678,0.13616969845815544,0.2808294011461827,0.05920804700596719
2014-05-16 10:00:00,DEHM_BD,0.331318998928936,0.13505506641502368,0.18154991298300896,1.4726424796406892,1.3716319812124242,1.0300682644768937,1.1962072606121714,0.10962119696667405,0.13054952197188496,0.2864808477168157,0.05452951771699347
2014-05-16 11:00:00,DEHM_BD,0.3079193350207618,0.13049219194777062,0.1880158737994311,1.5010755356320145,1.2665982932488598,1.0490865791159958,1.4783218671623681,0.11246562500718969,0.12125763707038238,0.31648982302021683,0.05305269645632349
2014-05-16 12:00:00,DEHM_BD,0.2576462498512118,0.14032312372979233,0.19128608066991426,1.613047328947838,1.1626412738236644,1.2898740647899267,1.8019017385558764,0.11623456345048483,0.11796458288377601,0.3606749757812171,0.053680349572525446
2014-05-16 13:00:00,DEHM_BD,0.24965522409467017,0.14968873811833602,0.19419715678252963,1.799151603201791,1.2041873160785994,1.4453375018636363,1.8645278738341238,0.11873357728666155,0.11701600203644934,0.4044797627691691,0.05592624740590663
2014-05-16 14:00:00,DEHM_BD,0.301001818977557,0.15177342721583542,0.19294533615373297,1.8896547220051183,1.2840999739899672,1.74129414203497,2.1167023934925906,0.12035792623242123,0.12417964726002874,0.353542364597856,0.0596315564157146
2014-05-16 15:00:00,DEHM_BD,0.3078338644302868,0.17310135358756484,0.19538051772285706,2.039115375552226,1.3394948207028259,1.80685594740131,2.390677928727104,0.12230145967600851,0.13407607229975962,0.27233164039112623,0.06269083817705576
2014-05-16 16:00:00,DEHM_BD,0.26661703302619505,0.19505649059412672,0.2090908589118614,2.132898678175217,1.4571039496874716,1.7482449363241457,2.0494891701125413,0.1244510442100696,0.14343960165614714,0.2037366196530868,0.06441239659899169
2014-05-16 17:00:00,DEHM_BD,0.2269956915477476,0.20919741108709705,0.23804052869907982,2.0414673018114686,1.4897687644439028,1.6750010422725956,1.5325923004637663,0.12671256040787313,0.15535994428585506,0.17495806808208397,0.06513056212403345
2014-05-16 18:00:00,DEHM_BD,0.20781250377825222,0.2004436426984037,0.3067147275012311,1.618320334173582,1.454741947636858,1.6126093966189439,1.4506542753280152,0.12758791532526007,0.1662203457341049,0.17499290050090532,0.065844041428189
2014-05-16 19:00:00,DEHM_BD,0.19892966118272853,0.25984896152029374,0.487176565979038,1.4566856092490847,1.6545443350792395,1.9608434467294285,1.8799434208065777,0.12419659445635023,0.1762187154250285,0.3445556905537889,0.06729634403055267
2014-05-16 20:00:00,DEHM_BD,0.1938891750267775,0.491395148027681,0.7515967463637585,1.7503926405081767,2.1440175730851316,2.5198459230448647,2.2042702063763806,0.1227659981246735,0.18704252736550275,0.6134241507399742,0.06948884775370436
2014-05-16 21:00:00,DEHM_BD,0.1926988805917579,0.749804008782585,0.9933198571654441,2.0062823029352406,2.703649611691637,3.1654032977570443,2.5037662117007033,0.1277444360143643,0.19684416340701558,0.7515961507225964,0.07266415877687937
2014-05-16 22:00:00,DEHM_BD,0.1925333164398022,1.0249897793894944,1.0966670846557434,2.2125120542580636,3.0902172535132126,3.8221808232556365,2.964604527721259,0.14162437261684313,0.24361501187482223,0.8287793205151672,0.075702170957041
2014-05-16 23:00:00,DEHM_BD,0.19799516800776581,1.242382546596466,1.2081842557884697,2.417333621463579,3.4877881567042373,4.327253189609817,3.474996400671272,0.18476513140592948,0.3372848391526452,0.8940536620663416,0.07823757560705161
2014-05-17 00:00:00,DEHM_BD,0.18794806885040236,1.3712367733353388,1.3369137025800841,2.6162031929522787,3.908830080262371,4.680937754093389,3.908468284612112,0.302664817010667,0.3876820986334888,0.917747014042396,0.08072155834184953
2014-05-17 01:00:00,DEHM_BD,0.18757205996104498,1.4311124596905564,1.4697372638277777,2.7857919471629558,4.3252539306044415,4.90357390456958,4.207811804873405,0.49670748385006547,0.41626239404858695,0.9954358815404962,0.08225578296432916
2014-05-17 02:00:00,DEHM_BD,0.1887985793190286,1.5443716463758377,1.634526772087832,2.920971218469816,4.688815625127883,5.075687890377591,4.327675824072478,0.7390466153814365,0.46561924550461087,1.2040807292350273,0.08282291706028727
2014-05-17 03:00:00,DEHM_BD,0.1965719668341893,1.6156268664721305,1.8306919300027729,3.083982106795963,4.968459121473085,5.224145555569855,4.420382686567046,0.8626455127877555,0.5119506830358185,1.242628108310983,0.08346482786156396
2014-05-17 04:00:00,DEHM_BD,0.21450025236991227,1.5767364663229477,1.9882870156436125,2.9303666127738266,4.919580791378911,5.133613070930458,4.283813554919078,0.8909502016982249,0.42369742189406473,0.9732776900491601,0.0830244765073695
2014-05-17 05:00:00,DEHM_BD,0.22693151577743687,1.3979772536967083,2.0262230149507534,2.4293830097492783,4.503712184625858,4.5220819651221245,3.772649786259639,0.9089954923624546,0.2899449425349686,0.5054761511823421,0.08360197543378205
2014-05-17 06:00:00,DEHM_BD,0.234275942267915,1.2544695414626066,2.0456683100059396,2.0890163356612765,4.027106615469559,3.8693560908404163,3.334109211216594,0.8415637748296558,0.290438434449022,0.25201886006404517,0.0844200813701433
2014-05-17 07:00:00,DEHM_BD,0.2444184394963736,1.1096683659708682,1.9849214567386033,1.8152828613385885,3.398015576834001,3.2431096058574163,2.911342499359775,0.7578737093125842,0.33730721380180656,0.17876503653621748,0.08576631049172354
2014-05-17 08:00:00,DEHM_BD,0.2651744536570551,1.032936834401081,1.6370781245101171,1.6112419341801096,2.625480328003031,2.56736552560429,2.6052402468322864,0.615735215462409,0.40545139627169346,0.16100905516550626,0.0872781827803293
2014-05-17 09:00:00,DEHM_BD,0.29352772630691515,0.9681041660695395,1.3142364237977846,1.5838117670595893,2.1927120654203467,2.294224934936565,2.6039051286460904,0.4769676898267968,0.49113470494511524,0.16034762699910315,0.08955575161961707
2014-05-17 10:00:00,DEHM_BD,0.32451000968690963,0.8806405644090205,1.1215270426072552,1.7242587889643897,2.0404990864679773,2.1725178809394152,2.3748295850676384,0.36786605939333306,0.542832241497191,0.16842370572092696,0.09371108669825941
2014-05-17 11:00:00,DEHM_BD,0.3861625368582642,0.8214453641349462,1.0400985071993338,1.8749561680862015,2.0158251749067055,1.975035256167763,2.082258825625997,0.27133707871061746,0.5621908144066935,0.17634531931911934,0.09923561391524267
2014-05-17 12:00:00,DEHM_BD,0.4757198615733346,0.8569072585019848,1.0339741168096102,1.8037210476327123,2.333042135952087,1.9360589351555835,2.1275140914879236,0.22316392426664922,0.5723194327581248,0.2194440576680679,0.10398779628672274
2014-05-17 13:00:00,DEHM_BD,0.5027191354417706,0.9883261700598592,1.0491291599441506,1.8791003346919732,2.572041241219793,1.955652397472622,2.3079234624880964,0.19401770264259183,0.5756134622708161,0.24972541002422677,0.10987576079861605
2014-05-17 14:00:00,DEHM_BD,0.4310153066522161,0.9790927742147093,1.2238403416914632,1.9903120961713823,2.7684220763307525,2.216698560913285,2.11141274174375,0.16766177030827134,0.591700689874934,0.3080135346189653,0.11657140092542798
2014-05-17 15:00:00,DEHM_BD,0.41011062858941955,0.8170788063794688,1.4237145962393192,1.781298003763168,2.9336868800921594,2.6680384762094604,2.0334040896831787,0.15285710998994054,0.6060906801865213,0.30925342597437544,0.12556823948575033
2014-05-17 16:00:00,DEHM_BD,0.4312441070235148,0.7968851979443714,1.618137800517096,1.5039448297649993,2.9824853935055318,2.964182731640009,2.0468398663938876,0.14588760520670319,0.6263068388480705,0.24693801732372947,0.137323641529703
2014-05-17 17:00:00,DEHM_BD,0.4609868654032469,0.8827863661893937,1.7837522148898262,1.3472710193499604,3.0144802342395156,2.9692586571247976,1.9255115423449025,0.14432013834313942,0.6228764460466262,0.2683396112092618,0.14555068080957423
2014-05-17 18:00:00,DEHM_BD,0.4669919639997615,1.0805211852308534,1.9740254765891505,1.3154681284215484,3.0835983893721157,2.7815578770716813,2.1929303641421876,0.14359376023824427,0.5577380671967983,0.31057501228621365,0.14574618590277863
2014-05-17 19:00:00,DEHM_BD,0.46527220497876043,1.8412054844510366,2.5461862512718434,1.7781123686889002,3.34509943525489,3.0976554047229223,2.4353328845185858,0.1397704735627594,0.5457359376453974,0.4686627449778574,0.14711654404736985
2014-05-17 20:00:00,DEHM_BD,0.4536006251061859,2.5533224671213226,3.508007923341458,2.232822244605939,3.7563934337769584,3.637251983734208,2.7801955894316768,0.1418786225373437,0.6844043267347295,0.7380319920273851,0.15235254740099358
2014-05-17 21:00:00,DEHM_BD,0.42948104581125995,3.1708890613909855,4.4697368205002155,2.388757674904777,3.912238360512976,3.9930247207382266,3.362076610475095,0.148058360170014,0.9034957341086436,0.8833590977513746,0.15878419599677773
2014-05-17 22:00:00,DEHM_BD,0.4252119206613627,3.643241290104129,4.95653177268358,2.5173908671204903,4.1197896447686695,4.410775025914798,3.5418033971399323,0.15378816310973825,1.0660389932146122,0.9101123266190769,0.16734941622783733
2014-05-17 23:00:00,DEHM_BD,0.48080927460948003,3.999261831090743,5.020894764663749,2.9207925415044897,4.569791311210716,4.6293900377912385,3.6107994262430347,0.1573898193842543,1.1158129067118243,0.8578610026420326,0.1785098885377365
2014-05-18 00:00:00,DEHM_BD,0.5784786689273232,4.207196128071189,5.1055655599055685,3.2048267283789373,4.8239823279875,4.751020802376734,3.678096957770366,0.1636460330758988,1.0926717020307641,0.7787802485082126,0.19279992222747205
2014-05-18 01:00:00,DEHM_BD,0.7995624441491085,4.358295198027428,5.345248156020197,3.4907534196678167,4.908579844056735,4.7120830029256515,3.7263906430877385,0.17240948847502463,1.0933566731189308,0.591617468995798,0.20808593488414248
2014-05-18 02:00:00,DEHM_BD,0.8186236412334813,4.485954313958909,5.663089693114363,3.902510321718186,4.987558856341089,4.654793803786602,3.777406199839663,0.1876804711910335,1.1094696766101624,0.3712428003617545,0.22272154079163606
2014-05-18 03:00:00,DEHM_BD,0.47444131738521156,4.474873812525862,5.838489932548231,4.357323171400715,4.876421097650161,4.6236273539047,3.8489149033607672,0.21661634504288427,1.055237932542529,0.27037329900675444,0.23347220451129846
2014-05-18 04:00:00,DEHM_BD,0.3819539219423266,4.101073413726115,5.7820626477990915,4.592644768412452,4.569001808151365,4.445411562115247,3.894870714551308,0.2694677951480447,0.9045755039724506,0.22862362802832617,0.24118286466403555
2014-05-18 05:00:00,DEHM_BD,0.32607696583489637,3.065070462229036,5.362642071253759,3.4874924539084295,4.269453741037335,4.002459417030867,3.632345244340713,0.32061591701723624,0.7057083380238038,0.14189202611037785,0.24267344239892408
2014-05-18 06:00:00,DEHM_BD,0.25385505387421914,2.0498403773713054,5.04629327696583,3.204637581272879,4.039139498893598,3.6747031621547177,3.5614902196662275,0.4153510580641635,0.5252403244721348,0.12973515009086772,0.24638049660169922
2014-05-18 07:00:00,DEHM_BD,0.21279565523270047,1.3096414719910745,4.582987784021515,3.486217778972238,3.9069798338731907,3.5977985297666173,3.4413912274793486,0.5711553628214914,0.40063828183831524,0.13806074503279575,0.2501180597754882
2014-05-18 08:00:00,DEHM_BD,0.1933364296981925,1.1268227984492958,4.187532106391606,3.3384786553543355,3.8601841359820432,3.385675208333306,2.9838642330895975,0.547309071013117,0.32444484340626156,0.15300870013783613,0.24911019053677547
2014-05-18 09:00:00,DEHM_BD,0.19034454788740482,1.093219499091853,3.8766640195854474,2.821147478893084,3.3121536419874187,2.666760298959001,2.402943187635038,0.5295199903540033,0.28410976540127947,0.16842797036211835,0.2404153884717228
2014-05-18 10:00:00,DEHM_BD,0.19066498737512838,1.1564435752958806,3.70039236080504,2.3361147521395047,2.381058814685822,2.230523694338518,2.353992325331478,0.4850600202293763,0.2655468999206958,0.2104272199694613,0.2326393348624615
2014-05-18 11:00:00,DEHM_BD,0.19509937430367316,1.103466328177268,3.329832282560512,2.455105618790423,2.017336149499202,2.2031919925210235,2.4849571309498013,0.4848827459508971,0.266311779380931,0.25541975638400743,0.22264669282895969
2014-05-18 12:00:00,DEHM_BD,0.20851710695754724,0.8686190004287588,2.5030099015390084,2.330690031363099,2.1420384207078977,2.065214643652654,2.781290574601256,0.48720119259267575,0.25827096983284126,0.16109930551182464,0.21645515307537502
2014-05-18 13:00:00,DEHM_BD,0.22551148449238378,0.6944734255852968,2.323629119585305,2.384466772817981,2.3593233546104075,1.9734341189688143,2.6763414095262883,0.4846071037272456,0.22923149894109673,0.10851358229191958,0.21355014860981364
2014-05-18 14:00:00,DEHM_BD,0.23141391806501885,0.6657557416930634,2.06299338348022,2.444307646246013,2.580986069929269,1.920013333332646,2.8159829498867066,0.4941564059955195,0.20166193454645792,0.12535081309252175,0.21399108549190898
2014-05-18 15:00:00,DEHM_BD,0.1468816616774907,0.5931710111838957,1.442253845229595,2.3931158807168003,2.513040866459487,1.9845912236626586,2.7398015211778244,0.4931876693756505,0.19246361940088666,0.17994613097984333,0.2187477230585342
2014-05-18 16:00:00,DEHM_BD,0.09800699218338342,0.5501917457518218,0.9802684579404943,2.2545645793413827,2.47087067679092,2.227291449499247,2.4669090494251575,0.5060321712998088,0.19095770519027477,0.20034930926713154,0.22705560782242562
2014-05-18 17:00:00,DEHM_BD,0.12055637558301899,0.6151612497894187,0.6368527456726445,1.9128428776342188,2.500682846276157,2.337722475922168,2.1683400921259524,0.5616668259615809,0.20754381988389495,0.19538194319579158,0.23867860693722887
2014-05-18 18:00:00,DEHM_BD,0.15741474873365477,0.8008097684484952,0.3833103878589458,1.6510935266626303,2.4354249205053713,2.447628502499427,2.0671746150030716,0.6323069059657456,0.2259125103588192,0.2082667128102037,0.2451405747634385
2014-05-18 19:00:00,DEHM_BD,0.20969489861268542,0.6665998198703024,0.3703074495978754,1.825900100626212,2.5570373987283803,2.8019894598363964,2.1651566348052977,0.6770762163178442,0.23211998865840588,0.25393081160025655,0.25597147470222953
2014-05-18 20:00:00,DEHM_BD,0.2265816067582298,0.38544136088946257,0.4663189203894295,1.9278306787401922,3.1413248499287856,2.974874336350172,2.3360689195944198,0.7240813448268947,0.2391710695885238,0.37221027043405913,0.271600769758278
2014-05-18 21:00:00,DEHM_BD,0.28367474762900957,0.2963101926473749,0.6166129230047357,2.114255856191095,3.4047510033482373,3.133184412772015,3.4094841077416134,0.7193658928313539,0.2409837895272036,0.49276138897776595,0.2913798155551325
2014-05-18 22:00:00,DEHM_BD,0.4215729958367091,0.3300843671408501,0.6437631853337391,2.0453845887772815,3.62152798485404,3.6923814345409736,4.108676631314848,0.6709651555534356,0.23136785922538292,0.5996431368628887,0.3180771545751968
2014-05-18 23:00:00,DEHM_BD,0.5140460026319604,0.34666111839553754,0.5850481561729821,1.5847326969377664,4.032674625423259,4.332830945142168,3.994909269820132,0.6083804467657534,0.21339247234850872,0.7005825218126177,0.3510291138292793
2014-05-19 00:00:00,DEHM_BD,0.6048645350972749,0.3452543482070981,0.5806510201270779,1.5274791000395016,4.428140573786781,4.685925953507567,3.1942363046881797,0.5520498062532952,0.2074373625767961,0.8248153604020177,0.38543354780196637
2014-05-19 01:00:00,DEHM_BD,0.6605872257589548,0.41543535181898306,0.4240122272544692,1.6687849747443277,4.648288368031448,4.600341967663403,2.5153376588708394,0.4965350485455826,0.22374681438474797,0.9112013547844067,0.41468220648763027
2014-05-19 02:00:00,DEHM_BD,0.698327800945323,0.6020213715815803,0.5198146491500959,1.7532648449562065,4.542755056658644,4.183067103565828,2.4894853850896403,0.4354525991019141,0.2563201760189012,0.9791182804901897,0.4464893886922418
2014-05-19 03:00:00,DEHM_BD,0.7938059791680703,0.7429388974487496,0.7911384006220961,1.7564893222154316,4.212838251673464,3.890944102529518,2.6162655907346575,0.38168746029286627,0.3263774585395864,1.0150268399564735,0.4577010419822318
2014-05-19 04:00:00,DEHM_BD,0.8725770778897683,0.7609033367282867,0.8149022766365563,1.5438771126414894,3.8568924758211334,3.7056758436136974,2.451726003193736,0.38839329064956846,0.4077436004865354,1.1185148312960564,0.39536185382361455
2014-05-19 05:00:00,DEHM_BD,0.9055506824855133,0.6959009170458744,0.7106667664560462,1.1829484730598971,3.613503834281947,3.516128657937218,1.9061695939447831,0.40877781005803476,0.4631006603566556,1.3522128667339124,0.3810623417149026
2014-05-19 06:00:00,DEHM_BD,1.0185578354256972,0.6993844180376221,0.693363562217258,0.9812998609193303,3.617002682276778,3.5228264401094074,1.6226039689122376,0.33735712716219013,0.4784021614610217,1.5248845003538578,0.38748887056609904
2014-05-19 07:00:00,DEHM_BD,1.2922871638908517,0.6418026565370103,0.6703487838243734,1.0377739254378235,3.8558801055108987,3.7594306189072664,1.6443884892920755,0.2969356200947797,0.5405509743798337,1.51656932267854,0.38448211412408856
2014-05-19 08:00:00,DEHM_BD,1.4843282353116805,0.5560124041943997,0.5952942872941063,1.5188184714645683,4.165284100413448,4.221218290485934,2.087512176990153,0.290941930709928,0.7254104957415908,1.3411378995857386,0.3831756723004846
2014-05-19 09:00:00,DEHM_BD,1.5721384839186352,0.4833936353010869,0.5130967998300608,2.6596181900494917,4.643979469572693,4.864056889653127,2.831072029297664,0.29547366898521776,0.869803494505249,1.1954975767341256,0.38455409410081737
2014-05-19 10:00:00,DEHM_BD,1.6572519799221306,0.5462689802212266,0.4786595233118532,3.4802562316648755,5.156645942994906,5.0274786073690665,3.8985789732824454,0.3032919370771943,0.802324799285978,1.0083455329225213,0.3863689153141435
2014-05-19 11:00:00,DEHM_BD,1.4778761911754217,0.5908987494673578,0.411702706921203,3.351717607660303,5.185492784295603,4.567858863980099,4.012858549349074,0.308902264398895,0.720571186216101,0.7939439171110466,0.38441736844715135
2014-05-19 12:00:00,DEHM_BD,1.1706694578233732,0.7286241104934363,0.38121623481853384,2.895014640428899,4.698004366263589,3.9119154971542813,3.6969591688013357,0.3268914033439009,0.650789463167265,0.6864309613636136,0.3813758441718458
2014-05-19 13:00:00,DEHM_BD,1.0920207908981758,0.8628694081493093,0.3294648857160529,2.4827589219822084,4.304144556892728,3.6643630063865427,3.532229502279656,0.35891862902034993,0.6501836149654537,0.6038368273372203,0.37499689078727727
2014-05-19 14:00:00,DEHM_BD,0.8817619521715677,1.0112089999702758,0.32321027001703034,2.273054008442452,3.994554577810499,3.6360509380761115,3.3595643405427733,0.39635923193483596,0.6205649016497097,0.5577496747360378,0.37255711103472844
2014-05-19 15:00:00,DEHM_BD,0.47846336255041866,1.0390912478765286,0.3578181319326278,2.241071855650793,3.6722112195674983,3.4803804256631223,3.2042416885046734,0.43373016095571204,0.599240655312779,0.5030515841844957,0.3924160421521961
2014-05-19 16:00:00,DEHM_BD,0.3938922394820535,0.9969859084110707,0.34365837578230857,2.2877692499022277,3.282198823773265,3.250318929888221,2.870185551477856,0.4625521269040927,0.5696958671722111,0.47934596612527036,0.40138652518037693
2014-05-19 17:00:00,DEHM_BD,0.3593258360382319,0.957434398493918,0.36097484874570435,1.8691270547744339,3.0671100094826285,3.225155524125803,2.5038061732539476,0.48245435467243875,0.4821655064986471,0.5129992849128017,0.4010840614311396
2014-05-19 18:00:00,DEHM_BD,0.30915793599518815,1.0065430033054241,0.38519265000889163,0.9468988727751899,2.9905720885353944,3.3465216948268264,3.1678830679653442,0.48346898505875363,0.3918356054159799,0.5704803440372203,0.39150528128629997
2014-05-19 19:00:00,DEHM_BD,0.3202883300486183,1.5780935905431428,0.5339085794465219,0.6594532357831892,2.8252990172484402,4.212033336709029,4.291963037445362,0.4735914108261047,0.37581513045854253,0.6381706247415987,0.39399321911863966
2014-05-19 20:00:00,DEHM_BD,0.4771756882642011,1.997256320807565,1.1693872812676611,1.0395744389840382,3.3965266184668383,4.932026992525589,4.337286825183664,0.46187053583687626,0.39355657465080784,0.8843947293859318,0.40447441642798465
2014-05-19 21:00:00,DEHM_BD,0.8775157636914448,2.4173772305092003,1.8711299894530191,1.5985122016295028,4.496681542355349,5.400332594854072,3.277387780134919,0.4229637441680207,0.4466063001068564,1.1594877545424656,0.4135567991548776
2014-05-19 22:00:00,DEHM_BD,1.3296272893752787,3.1272050861689262,2.302901558613407,1.81848141798512,5.402219766763696,5.224061614502093,3.2985659719529288,0.3670999489887104,0.5877104738002488,1.3796711748382633,0.4486907926375418
2014-05-19 23:00:00,DEHM_BD,1.4144843366197357,3.6289822175667483,2.6484204587359095,2.5370339932054153,5.807055939250263,4.956486444335823,4.546289993678674,0.32286446186785583,0.8490019542363798,1.6182783972187853,0.513209737304896
2014-05-20 00:00:00,DEHM_BD,1.3710560366934863,3.435107584298718,3.040902558687832,2.956792854512773,5.745536068629086,5.204431229611711,5.350054605602488,0.2881501635208097,1.0829438425716384,1.7232659200842306,0.5891950567057729
2014-05-20 01:00:00,DEHM_BD,1.2739628613157477,2.9561707924473657,3.42603057075236,3.0329902534004383,5.5068728058513985,5.395355964920069,5.533942317462039,0.2722172247752733,1.1221148073007912,1.513893281723298,0.661373008775711
2014-05-20 02:00:00,DEHM_BD,1.188512723627435,2.721215726736635,3.832281086303909,2.777524049282589,5.128214944465467,4.804813483889465,5.1126480657589575,0.27872405611057754,1.1407588968765736,1.23717197001189,0.7235875434538722
2014-05-20 03:00:00,DEHM_BD,1.219539693774674,2.5451238673167675,4.118203550581396,2.483685178256867,3.9151722389714734,3.558327624375709,4.2337652151401155,0.29981259488778167,1.3351957084192336,1.0968770342264325,0.7605824551194905
2014-05-20 04:00:00,DEHM_BD,1.102492390068546,2.4378273884203656,3.87327131393343,1.9152662309166697,2.2286867603704716,2.497205209770408,3.3003793053328163,0.3070422931540756,1.2981135017055272,1.0796023157810792,0.7660096141183376
2014-05-20 05:00:00,DEHM_BD,0.9470705265674739,2.361132149720807,3.097008310614845,0.9900161047884559,0.97818555365931,1.4877041205131663,2.1721820277828794,0.3123866518161445,1.1271296198934317,1.0999187734933198,0.7587421657725423
2014-05-20 06:00:00,DEHM_BD,0.9053828706327081,2.3049498983699923,2.649057839126608,0.27694790127454194,0.4894635857403859,0.5656579355490466,0.732677257581402,0.33610950744948337,1.057280763376951,1.0983598525634686,0.7474137441015243
2014-05-20 07:00:00,DEHM_BD,0.8789114006530121,2.1724131127218227,2.409790193265657,0.25176210310330155,0.37223676036560427,0.32650962402223804,0.34642422391642463,0.3980887533729755,1.0453557419608532,1.0923798257782122,0.7209103237277269
2014-05-20 08:00:00,DEHM_BD,0.7825521773405,1.9547385918081366,2.0217876955995115,0.257108299916426,0.33235402471333264,0.3001029981810121,0.30029386602014413,0.49856695708247356,1.0042850511545687,1.0295985615366976,0.6723800398094951
2014-05-20 09:00:00,DEHM_BD,0.6806361418973375,1.5993978077381663,1.5014422783906711,0.2540387500213627,0.3095875136670749,0.3063141519758174,0.29185864294841063,0.5483066696821851,0.8890135274979472,0.7557701151908585,0.6265066505527495
2014-05-20 10:00:00,DEHM_BD,0.6597019079180806,1.4221815611847863,1.007897087900096,0.2731115707221492,0.286967774648792,0.33435986144871843,0.31295367955437564,0.5009136033706879,0.7251905304908751,0.4525473580509004,0.5689966945230959
2014-05-20 11:00:00,DEHM_BD,0.6716082255800441,1.15919993588062,0.657821013360276,0.518418400909372,0.2925286488927387,0.3963028096822014,0.5105715396576176,0.43156089914938883,0.6822528272961079,0.3746439811975531,0.523352933483608
2014-05-20 12:00:00,DEHM_BD,0.6688925221665949,0.8944487115834653,0.4617053551962459,0.8837563633287464,0.3449088719184113,0.5151559419180249,0.8549669686416769,0.4152855616134032,0.6661548889473081,0.4028227932035695,0.49698489474786434
2014-05-20 13:00:00,DEHM_BD,0.6796945677432418,0.7209385201293322,0.5289301460349234,0.9804735030559077,0.4962220922578708,0.607786337999654,1.021325844726821,0.43298737332114945,0.6083632416054232,0.4951078269237116,0.4745551864887959
2014-05-20 14:00:00,DEHM_BD,0.6003614293425903,0.7056188436948974,0.7099741766028926,0.8543552292433474,0.6020269106201617,0.6210873420108837,1.1545284289221978,0.45273153851917003,0.5585540259144455,0.6005568336572772,0.44959181145278726
2014-05-20 15:00:00,DEHM_BD,0.5645289175141229,0.6463363808382978,0.7537232340102347,0.6740083058867719,0.5830476923307264,0.6308168253258055,0.9819702682258654,0.45188629253743207,0.4897323143007814,0.541468617519999,0.42954796629376707
2014-05-20 16:00:00,DEHM_BD,0.5359020059090853,0.621157825709714,0.679147709162478,0.5245881833552317,0.5589932561884028,0.6067901437984222,0.7186801247635686,0.441594029269181,0.39397872782735843,0.6600669984044043,0.40879135844995956
2014-05-20 17:00:00,DEHM_BD,0.5142358317629433,0.6024529806844356,0.5931069144318908,0.4233559790599619,0.5358005981792764,0.46559712921029656,0.4809521441616108,0.4419189958474784,0.3006678557059767,1.0767254083938171,0.3918074912138655
2014-05-20 18:00:00,DEHM_BD,0.49391960011871994,0.6159659687512175,0.6299354744110555,0.40281286886961504,0.43235176555525734,0.38129304290304183,0.40815037202402826,0.44292417015970215,0.2635282781251493,1.0007524264272516,0.3749531719632655
2014-05-20 19:00:00,DEHM_BD,0.4767775794139026,1.1772124658050824,0.8017609047446344,0.4073320401717514,0.5444956898368032,0.4993766803179929,0.5598796773158055,0.4577905997816586,0.28576584282651696,1.2510546124705852,0.37515987080298707
2014-05-20 20:00:00,DEHM_BD,0.5128005327487725,1.667324601616882,1.0115249020369348,0.41099042895667337,0.8940700833307418,0.9206609818288001,0.9333674073340446,0.5067681577808596,0.3050026059466802,1.7209732175295813,0.37610197513301136
2014-05-20 21:00:00,DEHM_BD,0.9330610298459068,2.0503952755606503,1.2966628185253652,0.5650052426605101,1.5146473512099345,1.439515940148437,1.4447636807991835,0.5287532543842868,0.3139389890640736,2.1874973931501307,0.3812919968940247
2014-05-20 22:00:00,DEHM_BD,1.571733699930312,2.5372545167055587,1.8731840996948348,0.9618602421947531,2.454263737024572,2.0181070550046516,2.1773973920449783,0.500431896904644,0.32538803830832247,2.782805951573028,0.39200376118627717
2014-05-20 23:00:00,DEHM_BD,1.7464923473097675,2.8607569369669714,2.286793648354663,1.5902946481789677,3.526079537794478,2.9126976970628444,3.088325966297406,0.45659085517321996,0.3195238111048862,3.147388581070465,0.4123414253143161
2014-05-21 00:00:00,DEHM_BD,1.9558359147355504,3.060854374027726,2.6228000864278114,2.1137645587699017,4.537135658923014,4.109039106548859,4.020764265738872,0.4227452889456843,0.3015505140945124,2.5896542426300027,0.44787200325879956
2014-05-21 01:00:00,DEHM_BD,2.331618973854552,3.2303262815785403,2.994038743225841,2.382585308639279,4.610318983265713,5.218478877702172,4.880600428552501,0.4321319252822874,0.2840815546417314,1.941943381362064,0.49960451783875925
2014-05-21 02:00:00,DEHM_BD,2.6677501525072542,3.3052972261348144,3.290340050415693,2.831810907520126,4.152446278117003,6.12459271065414,5.556344216853964,0.5165028477755002,0.2722223325049276,1.8183222417961569,0.545320052271987
2014-05-21 03:00:00,DEHM_BD,2.7260999392420775,3.2570388785997038,3.240445360913681,3.2980320573324633,3.9080108165688348,7.094748855744129,6.255043097054651,0.7131388068744913,0.27204593250541115,1.6654455033380142,0.5715045654946483
2014-05-21 04:00:00,DEHM_BD,2.055031588746651,2.9598491872582855,2.9940307001162303,3.627026361689178,3.458163509318792,8.070002263175157,7.19465177983472,1.1371451291003822,0.27757650321881977,1.4228714341764843,0.5583700564464436
2014-05-21 05:00:00,DEHM_BD,1.7168931217457586,2.002409578011351,2.486404800013251,3.378765995221839,2.2606163478174803,7.968357536240993,7.049439133180126,1.2262782755152881,0.29180535621585074,1.043317390144596,0.5424397651372336
2014-05-21 06:00:00,DEHM_BD,1.449817522553655,1.3519294564383126,1.7584036921458843,3.2504153913661473,1.5511996320971146,6.700365164514575,6.785683846834301,1.11773830598725,0.336885716974167,0.73336765774152,0.5408045124915777
2014-05-21 07:00:00,DEHM_BD,1.1690771009021974,1.006461368343837,1.1133961996806687,1.905921272411216,1.471288092236901,5.1089282891116445,4.1586201233751785,1.0672926420330349,0.5447962369614395,0.6595484397858171,0.5424809364760479
2014-05-21 08:00:00,DEHM_BD,0.9989439521316485,0.7947146818709035,0.812151873340717,0.8523915998127843,1.6567926494088305,3.836552743735132,2.0429983465682193,0.9699630626973299,0.6568952335470912,0.7897594656351115,0.5358667269749705
2014-05-21 09:00:00,DEHM_BD,0.8969608760782191,0.712210881185346,0.7456242127255153,0.5217626411741636,1.9212531062582228,3.0731840697929123,1.3603955479085819,0.8332835500477318,0.5953977318712043,0.829858025012759,0.5052461611039399
2014-05-21 10:00:00,DEHM_BD,0.8118976092537491,0.7087283385285521,0.6822800200591896,0.3870407436082391,2.188200009111967,1.8517507978244125,0.8232679514267207,0.6438982968029938,0.6260053966249153,0.7326453261643799,0.45327119927670567
2014-05-21 11:00:00,DEHM_BD,0.7162751275594532,0.7083555912653706,0.7011514785916722,0.33415253494360914,1.9815782762927747,1.072020803176104,0.5819044682324397,0.6148472335123036,0.7433161041939631,0.7442643574860272,0.4268844881477671
2014-05-21 12:00:00,DEHM_BD,0.6367577458823541,0.6546893729589862,0.8264426849089376,0.32717538695613846,1.3840208441981021,0.40383817532040933,0.4577876914687433,0.802006585613759,0.8370332142292767,0.7130513252486613,0.40963628894099025
2014-05-21 13:00:00,DEHM_BD,0.5935467363447741,0.604813223992801,1.0703988553184645,0.3125436583430742,0.8847378521057869,0.24698231103933008,0.33333397754650085,1.1137182590506738,0.8870447286147578,0.6543134881110336,0.3893200881916936
2014-05-21 14:00:00,DEHM_BD,0.5822079666855675,0.6185936165684865,1.344637772058067,0.32469601531828374,0.4537602842106856,0.2490619519554203,0.2918055325391524,0.9661708755627599,0.8398619508486845,0.6383084997296892,0.36838094903009466
2014-05-21 15:00:00,DEHM_BD,0.59499743578954,0.6746088406584785,1.3552653411712436,0.40681667303469543,0.36238007859416305,0.30192439718745406,0.3455280085913163,0.7992989570813183,0.7323315349671622,0.6478324551010387,0.34890775769421595
2014-05-21 16:00:00,DEHM_BD,0.6297256570302542,0.7143975305280744,1.1938296597680578,0.4625100456104421,0.4201495549599243,0.365171268389031,0.43135693092065974,0.6065725253776901,0.6175261710880686,0.6004480286679953,0.3307323624007589
2014-05-21 17:00:00,DEHM_BD,0.6553482688977982,0.6446230094599055,1.2198781859194352,0.4349198973899516,0.36008541169120456,0.4170981274053842,0.43980910054578953,0.6587274854148784,0.560617139934666,0.5693430733654287,0.3094832854159962
2014-05-21 18:00:00,DEHM_BD,0.642092395878416,0.6187399201634614,1.7436770536908328,0.3712025242691275,0.38488886174511616,0.4221780175690254,0.42976701776230003,0.8713433651399938,0.5267012391868918,0.5541490733636176,0.2886448115092142
2014-05-21 19:00:00,DEHM_BD,0.5860227851997082,0.8009003460825503,2.0576267559988795,0.38539502189519165,0.4053959797826874,0.6134313954023491,1.0416900187321871,0.9046833696103302,0.4928666024846713,0.5421094266269577,0.26710299754236866
2014-05-21 20:00:00,DEHM_BD,0.5473321020418661,1.5562058641518908,1.9781997125124666,0.3231876402836069,0.43370253945864023,1.2961236230455344,1.5663160543445553,1.0901979932576884,0.5066407993600316,0.5335490716122437,0.2501514936093461
2014-05-21 21:00:00,DEHM_BD,0.5255011811475875,2.1003642799195696,2.3753850694385967,0.31316556143660784,0.8655038407147116,1.6999199886919887,0.9277428846467806,1.3092980600282549,0.5552224748341407,0.5396193252924223,0.24620795986174993
2014-05-21 22:00:00,DEHM_BD,0.5289506442104157,1.9701776918397518,3.008995823956412,0.31451250292788596,1.3703097056265723,1.632060017484859,0.3675900547087614,1.212718963148743,0.5487867466122267,0.5738259366419408,0.2536441658981772
2014-05-21 23:00:00,DEHM_BD,0.5229538178470415,1.5372657569967036,1.1599659858545934,0.29910746713334213,0.9751085868578009,0.9021103938567254,0.3378551378562545,1.1664489225228132,0.531511143923245,0.6511381402422337,0.2791880983245837
2014-05-22 00:00:00,DEHM_BD,0.5116289431121014,1.343380122330584,1.0240419875442828,0.2884337725018558,0.434657864288762,0.2926006808027985,0.3082762406643016,1.0969924325425922,0.525882321724427,0.6514679206650263,0.33336274749775063
2014-05-22 01:00:00,DEHM_BD,0.4715285121922823,1.1584119010142053,2.9258893083775805,0.32780519625775684,0.29607939911317777,0.2615039405626555,0.26439514332594,0.9715997573938964,0.5220335026020727,0.5658264470813292,0.39252386839796555
2014-05-22 02:00:00,DEHM_BD,0.422090379358559,0.9460288696967522,2.3312992877834136,0.26500223621789987,0.30850086408249555,0.3044280270061577,0.22816526605850646,0.8249385269799828,0.5203879699607991,0.5860583845737593,0.4520087572568783
2014-05-22 03:00:00,DEHM_BD,0.42022457459925777,0.6884281302177034,1.8596679938871241,0.25363713701324125,0.3086407984245707,0.35669992012108614,0.21047104735721014,0.6988387522210926,0.5572936199048102,0.662259697416071,0.5084576498144975
2014-05-22 04:00:00,DEHM_BD,0.4205120659679732,0.48573053242871844,1.327504925460973,0.3004806900866065,0.28006375464873373,0.33483904794374086,0.30684631266194967,0.7896941092988847,0.5497021825872451,0.6202111339533951,0.5574415069893747
2014-05-22 05:00:00,DEHM_BD,0.4457472122831688,0.3848854593765839,0.7496822421665865,0.3486632026621384,0.29863149257371663,0.2582771578320881,0.3345680674430733,1.143487463901937,0.4699200950267083,0.6138983342660043,0.5828173350018273
2014-05-22 06:00:00,DEHM_BD,0.4929324002591322,0.40766347370869355,0.5009564002518981,0.2746414977470511,0.37878170951633705,0.1873783984179573,0.2324003620431153,1.2213942806723712,0.4155299741016392,0.7358905482471919,0.5982190918004291
2014-05-22 07:00:00,DEHM_BD,0.5664344504567049,0.3980140531423093,0.4659548593125721,0.19911573532878057,0.25074425676546513,0.15414618194365856,0.17420348563610508,1.363535634253621,0.4094172396126645,0.91558074599904,0.6225620306629361
2014-05-22 08:00:00,DEHM_BD,0.7016118137920252,0.4185689494764488,0.4489015689172048,0.1709230609028948,0.19097282720407457,0.15035471481621956,0.16092899434574406,0.9880841377711482,0.4003254984241153,1.0925022356634786,0.6351894329465506
2014-05-22 09:00:00,DEHM_BD,0.8619378667170717,0.44173948487123116,0.44923357632849015,0.19253055914525863,0.2118677949396147,0.2091074534313753,0.2318266337864182,0.7644038055287953,0.4255969840425427,1.194502000875867,0.6207105401013988
2014-05-22 10:00:00,DEHM_BD,0.9557336566163862,0.47989468713938016,0.5962077115529543,0.29426531626702623,0.31855584392295205,0.35873761899291534,0.307136781110682,0.6695361559684434,0.5599599666102392,1.321089917186108,0.5910496130709977
2014-05-22 11:00:00,DEHM_BD,1.072075571622447,0.5360744036046041,1.1095420036536106,0.3398651462309038,0.5017696180121507,0.5603253892493876,0.3457377297811838,0.49651173055646936,0.8049937905626173,1.3788521962723228,0.6048167245940398
2014-05-22 12:00:00,DEHM_BD,1.191449380592691,0.5814348365220938,1.355315796894008,0.33392446216725274,0.6683072418394034,0.6203077820737869,0.3700315588620781,0.4929239066828274,0.9566117545329406,1.3982260695836228,0.6708101173947157
2014-05-22 13:00:00,DEHM_BD,1.2785654172182874,0.6138085217042499,1.2108125420848903,0.4261460085949929,0.8571357689226698,0.5302737662870565,0.32430751173738837,0.7727018324809893,0.9591283050371893,1.3944869830785132,0.7749483670556824
2014-05-22 14:00:00,DEHM_BD,1.275699306876543,0.663416958903718,1.2421439863047574,0.43379617216082733,0.9281188534180399,0.25062018123372853,0.34373213568316136,0.8591176760572661,0.945304802902923,1.4013842862453405,0.920481982023355
2014-05-22 15:00:00,DEHM_BD,1.2377458244976633,0.6968386955424724,1.0491662944292917,0.32680389188461817,0.7235970404507964,0.1868692453606874,0.31070671950562495,1.0135432615352002,0.9724539698428054,1.4038603851417495,1.1200882254807651
2014-05-22 16:00:00,DEHM_BD,1.1911981568475254,0.6969969949034258,0.7051341829877817,0.34042865247390747,0.3777791742176888,0.26499800330873247,0.2940948659270675,1.1285468839337036,0.9988931642290914,1.3289026828355366,1.293402375679873
2014-05-22 17:00:00,DEHM_BD,1.1824098988631273,0.6749655501958236,0.7289643088380349,0.3295304223129583,0.22263978914183086,0.2727514879431546,0.33073580422073184,0.9350658894472506,0.9877732154008856,1.32517983724758,1.3996184980121185
2014-05-22 18:00:00,DEHM_BD,1.1697783662039622,0.6613106195471495,1.084292933565579,0.3062257177711556,0.1824579716474376,0.2319965359873783,0.3319445673614127,0.66113282201875,0.9946953636917609,1.2930370487184508,1.402672189311511
2014-05-22 19:00:00,DEHM_BD,1.1061554815952923,0.6626867114557382,1.1566602478210737,0.3369501245427271,0.24536168094092975,0.28306956914269576,0.3246804193952932,0.4313863185714182,1.0742849702497757,1.2550829927941072,1.3984589427336553
2014-05-22 20:00:00,DEHM_BD,1.0668711402475362,0.8089873746195871,1.620801754309452,0.4104051090334908,0.351908462906226,0.848428822223722,0.32337645730261466,0.3205512506410982,1.1777249678424768,1.2500001710255375,1.420254416218304
2014-05-22 21:00:00,DEHM_BD,1.1071491608286683,0.9180650510798967,1.9237487803718305,0.381837411201687,0.5435966339540295,1.6243072870658242,0.471617561580307,0.2832181703461243,1.196980158337707,1.262090638897701,1.440979019010742
2014-05-22 22:00:00,DEHM_BD,1.1471029394340388,1.6759576971465737,1.9278940558863547,0.32310643915410436,0.8755420818909723,2.1097942163665495,0.7377316475439109,0.2672194401804065,1.1748681121714744,1.2662616199007541,1.4193281832809652
2014-05-22 23:00:00,DEHM_BD,1.194949939894623,2.0421929737040774,2.12569058769421,0.22419372345359223,1.5927794857512545,2.0325787150454064,0.7277050777439098,0.270862716348376,1.1453742614475244,1.2845472747018658,1.349963064874008
2014-05-23 00:00:00,DEHM_BD,1.2491346994929777,2.2218558952754623,2.6041394123362847,0.1898308519425883,2.4944589700799646,1.803360268887241,0.40597979240668636,0.2632432888334244,1.1181692386268602,1.3297266000039596,1.2572687889585736
2014-05-23 01:00:00,DEHM_BD,1.2810613779366815,2.2493505022801616,2.85580195365684,0.1652086684173571,2.502595235053251,1.4974934693915054,0.39402488111981876,0.24647916279941784,1.1080172164986877,1.3423997368576348,1.1676194614299293
2014-05-23 02:00:00,DEHM_BD,1.3112620171154814,2.565526132733403,2.6068723039748924,0.1693781616808558,2.107122736352538,1.5137641759171283,0.5911670430241643,0.229746564572146,1.1032007067104999,1.259765137754033,1.0760740464870957
2014-05-23 03:00:00,DEHM_BD,1.335222819373326,2.9431909213402103,2.405919739077891,0.21795601525781433,2.1265995793824595,1.6922813984121001,0.9168502353825079,0.2165908127159904,1.069478064184829,1.1401494724753423,0.9551140503600117
2014-05-23 04:00:00,DEHM_BD,1.2989887750534042,2.9953329785017435,2.3813108299532937,0.32870616159586885,2.062600671101469,1.7473512098583068,1.0644026224936658,0.21085574386544984,1.0311553912252025,1.0627078741909313,0.7753399396613635
2014-05-23 05:00:00,DEHM_BD,1.209169807632946,2.611044979649931,2.0667020901387128,0.2811570825514441,1.7128413334477388,1.5483490994466862,0.8602664843682557,0.20600436494340993,1.0243001656886468,1.0299861784439825,0.6429914806583023
2014-05-23 06:00:00,DEHM_BD,1.1238986052914381,2.3814498439205063,1.4664911435858101,0.298039011374796,1.367754881425593,1.1916922617216719,0.9120106504908813,0.20866682787176102,1.0351853309934795,0.9755126057004696,0.5464358580116601
2014-05-23 07:00:00,DEHM_BD,1.0399902042224072,1.8921510317326269,0.5856471469372836,0.3714248089726498,1.0396051119743193,1.0233005078338766,0.8141736596397493,0.22461351801607496,1.067513582113618,0.9452074323460924,0.4887930351392109
2014-05-23 08:00:00,DEHM_BD,0.9974351215089903,1.2114745680983305,0.2513102434525382,0.3732789872385553,0.7553894953027227,0.891153359623359,0.623037846178413,0.2854928860750645,1.1094547228102851,0.9540772652260399,0.4612441009818529
2014-05-23 09:00:00,DEHM_BD,0.9944581361099983,0.9972768229462998,0.23608140846721704,0.3279829628572495,0.5536975558450421,0.7485787264525062,0.5083788509856114,0.42240865882920503,1.1135069511797837,0.9740896266251708,0.45499773383129843
2014-05-23 10:00:00,DEHM_BD,1.0377622076393476,1.0701969229014403,0.19836617981100385,0.31970482128010735,0.4336941119612333,0.5501229212745253,0.49789428988216455,0.7127059049688953,1.0500035530627705,0.929332392332959,0.48153790959740406
2014-05-23 11:00:00,DEHM_BD,1.0503525182678548,1.181713359380532,0.18197782002036167,0.35258237111712387,0.46785940159163675,0.4064693609778754,0.49332249379608484,0.8135862556682154,0.9001312473564316,0.8776667522037913,0.5476679021937538
2014-05-23 12:00:00,DEHM_BD,1.0360508463772293,1.2809526771832584,0.16773575655006076,0.4468019878501342,0.5875727660352643,0.5424866777156683,0.46407033865906977,0.7293208551597687,0.7524984051182213,0.8159860658946004,0.6174976634017378
2014-05-23 13:00:00,DEHM_BD,1.0013395008430117,1.3135703881190692,0.17517878443981655,0.7494305865720484,0.8664021341831842,0.9832700706607731,0.32289847273782457,0.6798423021740745,0.699316074351836,0.7723519678279327,0.6739346370374969
2014-05-23 14:00:00,DEHM_BD,0.9617494437227281,1.2232190963988157,0.18240202997272387,1.0247495057448668,1.2054046192382974,1.450990971754241,0.19689371498095676,0.6020847655905049,0.6416810172385303,0.7688583020471449,0.7088745801411196
2014-05-23 15:00:00,DEHM_BD,0.9570643674018025,0.6405712786044433,0.19426690233856186,1.0978777659948973,1.4495831706401752,1.6402022687709086,0.3703181971726757,0.5454762167762424,0.5730677618767577,0.7926185178150934,0.7656742823266354
2014-05-23 16:00:00,DEHM_BD,0.9358955112733854,0.23445643211280798,0.179980907621132,0.6070740594892853,1.498976488544487,1.3013979537866112,0.5829145322083457,0.49829011387463884,0.5668550800689285,0.7889706982763046,0.8058915001169743
2014-05-23 17:00:00,DEHM_BD,1.0144660308707794,0.17157402991978202,0.18077510103089733,0.28211296032955846,1.3623199415135547,0.9694353583886347,0.7354473107286379,0.4702193355505243,0.5282910514486125,0.7780838634642144,0.8240499962975757
2014-05-23 18:00:00,DEHM_BD,1.2957641630884145,0.1735052277202953,0.25232184434101906,0.3644106072507899,1.2650768000039085,1.0273538424596573,0.5510324307243696,0.44484232967330434,0.44691052635772804,0.8397440603496777,0.8173878391074909
2014-05-23 19:00:00,DEHM_BD,1.040447823967973,0.18693122559122702,0.27871102052265756,0.3494994064765838,1.312858161797826,1.1029115472591968,0.5124916641263167,0.44040071847098644,0.4387791959725191,0.934848943854634,0.7978809923957317
2014-05-23 20:00:00,DEHM_BD,0.827606958014234,0.22814669136728133,0.29658827751195976,0.45993424199370725,1.5899466604817065,1.4017764864462916,0.9005872943582115,0.4422379443968995,0.4591441545286065,1.2903761041453576,0.7813235742146358
2014-05-23 21:00:00,DEHM_BD,0.7839048313814029,0.3564277520146878,0.3231058837681743,0.6377809864916606,2.039553157182054,1.7559125489185088,1.4644864675579354,0.43834228456291935,0.5053333556858036,2.3151589618213784,0.7557694132891902
2014-05-23 22:00:00,DEHM_BD,0.5363468470469348,0.4677381283106611,0.4024954665797249,0.9736913811252307,2.2644100036865122,2.168303909308113,1.6307800409339301,0.41909633753932374,0.6784512736584629,3.343598864537875,0.720148791649203
2014-05-23 23:00:00,DEHM_BD,0.2467785787555016,0.46937934531685466,0.5427105809298625,1.5289481077229305,2.603462620472184,2.508918276696881,1.8937640585992628,0.3800352976456191,1.2666783883809765,3.3363846313201995,0.6793428431746029
2014-05-24 00:00:00,DEHM_BD,0.24102701287706368,0.6689295780136837,0.6966001579537886,2.059233879385863,2.8137361732269612,2.595971962743858,2.590364372502853,0.3353096389350899,1.9099710916668178,2.843065134053696,0.6359666652486472
2014-05-24 01:00:00,DEHM_BD,0.25387715615659473,0.8270347418125866,0.7899988394641211,2.349151203333104,2.8867634771626234,2.9371821242833214,3.2646208632918885,0.29281689231128427,2.0174599265885353,1.8725920318606497,0.5932744861219476
2014-05-24 02:00:00,DEHM_BD,0.2669367153638367,0.9472885613890364,0.7923911157828745,2.2216221420763214,3.361651947092218,3.7598729684286045,3.7781940443133952,0.2115331507844093,1.3708215734374523,1.2107757864466309,0.5567091818893936
2014-05-24 03:00:00,DEHM_BD,0.26059868513171436,1.0158062541005835,0.738174045238654,1.7851686042056183,4.181791159272089,4.291492221428053,3.8197333530654305,0.12636360183052706,0.915187211254835,0.9684105641323606,0.5482211899958295
2014-05-24 04:00:00,DEHM_BD,0.26001974257944016,0.8991157381356625,0.6579410035012662,1.2395789406100346,4.125205186343033,3.974511327290362,3.1014587315497533,0.11380332403949446,0.6629129541451111,0.6951634689090109,0.6124664998330828
2014-05-24 05:00:00,DEHM_BD,0.27529525793502796,0.6151335331394243,0.4814336563865901,0.6796473359330522,3.4150219198704086,2.7453488200852414,1.7061229323833083,0.13257564399255423,0.42765709874141955,0.48428437719510514,0.6407453797172068
2014-05-24 06:00:00,DEHM_BD,0.2624626822702747,0.47094847796173067,0.36855942452576346,0.5463653335841687,2.591937290434283,1.5814960583469309,0.973545357867736,0.1474162604479863,0.2759817131064157,0.3761093566882828,0.6694691880734427
2014-05-24 07:00:00,DEHM_BD,0.2405258492003869,0.38583645213388473,0.3378500353347253,0.5181590742404427,1.4616623245502798,0.9501597230588554,0.8723293368960388,0.14768799945146768,0.23212645228268572,0.33228996452715637,0.6961869698587758
2014-05-24 08:00:00,DEHM_BD,0.22554781364689114,0.3078651373625056,0.36189326146862455,0.21830078750354703,0.7008655519625404,0.42943170479233955,0.6155168513801065,0.14173748943759112,0.23149982026754484,0.3304208688929001,0.72560085847456
2014-05-24 09:00:00,DEHM_BD,0.21787857078959447,0.24042729212303168,0.37815618949634017,0.1317062491898099,0.38051812680568525,0.3493349750368483,0.369599652282286,0.13730293445100059,0.22847524358931037,0.3082921629322156,0.7634470738058442
2014-05-24 10:00:00,DEHM_BD,0.2143490535822066,0.21236969420896362,0.41031819306529127,0.2240049102867417,0.34347718052554865,0.3943494655503098,0.4461139119831,0.13479111711856895,0.21813509764462177,0.2950954847305628,0.8200216657170164
2014-05-24 11:00:00,DEHM_BD,0.2115879484342247,0.19068088543842068,0.4615915586871094,0.3507298066505219,0.4510944279492739,0.5566268581953167,0.6005039262117223,0.13019818206018646,0.21450948088301924,0.2735712099042463,0.8569727350652147
2014-05-24 12:00:00,DEHM_BD,0.22669397825181473,0.1829760251404449,0.4790527026263228,0.4507535786861087,0.6668477980171141,0.9274629695274692,0.5910268244552354,0.12706891374203072,0.21777308876111623,0.2651505446428153,0.9203133092204179
2014-05-24 13:00:00,DEHM_BD,0.27843586888973115,0.18018358306114426,0.4745706922900769,0.47850701317258515,0.9069401460193656,0.9857623746280221,0.6766577321829891,0.12584668259340764,0.21590365452105167,0.2433371670529768,0.972871861974662
2014-05-24 14:00:00,DEHM_BD,0.3395079451977762,0.1804572721903735,0.4835132478578527,0.5093331511030724,1.1281189638868252,0.7398808875456022,0.7893637725825426,0.12737864558103756,0.2086784579390007,0.22835679397033756,1.017214136909293
2014-05-24 15:00:00,DEHM_BD,0.3467181961777851,0.19367573517940787,0.4951588623567669,0.4700681393841412,1.2013202143376414,0.6564993518067779,0.6662960577660835,0.12992077937802174,0.1953274967470764,0.21709885470798457,1.0621969784871954
2014-05-24 16:00:00,DEHM_BD,0.32055817307014245,0.2251170678188384,0.5037574004988278,0.40755072692373234,1.0771426315145893,0.6279967910737242,0.5497199919483525,0.12638172868878605,0.18212471463129382,0.20882105264925918,1.0801167286694238
2014-05-24 17:00:00,DEHM_BD,0.29345633201463833,0.2568555520912988,0.517950626294799,0.31939626233182794,0.9696289251067348,0.5194253621759606,0.418796255467476,0.12425339226141477,0.16949001018503443,0.19834588260463676,1.083668426026484
2014-05-24 18:00:00,DEHM_BD,0.2686216401737008,0.2698558585032022,0.565196235919129,0.213792616358418,1.243848687388727,0.42921975103301707,0.34957636751579,0.12422973693724126,0.1620422892728429,0.18878440606453523,1.076639373343106
2014-05-24 19:00:00,DEHM_BD,0.255111216940308,0.2917482343344394,0.6175375363942002,0.20000513844281936,1.4736026294277447,0.7005813219718919,0.5446922535440255,0.11825630384455343,0.1556598694305683,0.2096129044247605,1.0658750577987777
2014-05-24 20:00:00,DEHM_BD,0.25712088069844624,0.4536420466275647,0.6685254567112913,0.2561839044645643,1.6286710462161198,1.0186260327386776,0.6238028974576981,0.10970633067084201,0.156709533952392,0.45104085164021884,1.047233230801737
2014-05-24 21:00:00,DEHM_BD,0.26225404877815855,0.6019099372096555,0.7416458660124381,0.31600259666526836,1.3669437823291708,1.348788939004408,0.6395254689393924,0.10615325125339693,0.15862287920578189,0.7519469686319973,0.998962168091135
2014-05-24 22:00:00,DEHM_BD,0.2645620330946298,0.7208742962723195,0.7204507477809861,0.5110954247902679,1.0734862340727425,1.4461660408188133,0.833235656199391,0.10396033921236489,0.15766138799207474,0.9596229094353225,0.9131984020382654
2014-05-24 23:00:00,DEHM_BD,0.29822176536690903,0.844210372143557,0.7532447376263234,0.8281300576395961,1.5616375786146985,1.3883937166527696,0.9710311762632792,0.10070227553809454,0.15939435290388548,1.085865622305924,0.8078362269763507
2014-05-25 00:00:00,DEHM_BD,0.2918423551861778,0.907105683050883,0.7679912113349637,1.0234801865078726,2.047899670640918,1.4173011141150447,1.1121263471054386,0.09754283778541072,0.16572529763482413,1.2881586903581328,0.6780385455429554
2014-05-25 01:00:00,DEHM_BD,0.278216100374112,0.9371637405774929,0.794682192921946,1.0628642424684795,2.3770952708421675,1.5065793611364549,1.33998761085221,0.09437596291216384,0.1777806840907254,1.3974499160698826,0.4990839673193916
2014-05-25 02:00:00,DEHM_BD,0.3107294409637559,0.9155536179750692,0.7625500715551832,1.113943502276761,2.6442213930775553,1.6866478201176034,1.5476577619416105,0.09224992013429457,0.19690770052854378,1.6573579598554167,0.35279713591888534
2014-05-25 03:00:00,DEHM_BD,0.32772508471594647,0.8904215560176596,0.7121373239094744,1.162956279270251,2.7117283450557266,1.89817707574969,1.6870834136066928,0.09379181057233991,0.20522504350619414,2.2004622268760605,0.27102017622599367
2014-05-25 04:00:00,DEHM_BD,0.3245010627146098,0.9029552969651855,0.6103517078365268,1.0030780519761273,2.574158290108008,1.9733144914403062,1.5655106214499737,0.09952880941946164,0.1886263370711609,2.1106490823424027,0.22044708799319326
2014-05-25 05:00:00,DEHM_BD,0.32574101220943946,0.8719452121553757,0.4263679021637805,0.7242564186913455,2.2280890063546828,1.9745831672764274,1.3438118590254953,0.10783180234062918,0.17016816775578536,1.2622073813721357,0.19071540190645483
2014-05-25 06:00:00,DEHM_BD,0.34487897955792485,0.7656352748926543,0.3554725731630948,0.587964879114464,1.8411808762400528,1.8105364386660159,1.2654954886660914,0.10686403416128931,0.1626054435984672,0.7361232754844985,0.16855300262904702
2014-05-25 07:00:00,DEHM_BD,0.4101872035466785,0.556806285073502,0.35142869596845216,0.652073222449228,1.5938977591498473,1.600068392824293,1.2041121606137768,0.10359339115670425,0.1616759809978259,0.6490234400463011,0.16106519640807057
2014-05-25 08:00:00,DEHM_BD,0.5964265827090293,0.4285852133567095,0.33556264841565153,0.7523713959449075,1.3920777579252468,1.3912732290060816,1.1022492557457158,0.10101373981740028,0.1646466887893386,0.6237723454592423,0.15558874249968674
2014-05-25 09:00:00,DEHM_BD,0.7551911952660978,0.35168916527071375,0.33887722166090717,0.7550634831469017,1.250362732171635,1.2043761405980409,0.9179609890012372,0.09975614069384395,0.1698516211323905,0.524067546739988,0.14787404488594957
2014-05-25 10:00:00,DEHM_BD,0.8264916131871705,0.32232540190445713,0.3563911155290133,0.7051288440898584,1.411879937167964,1.181477048435281,0.9318640722899534,0.09688651706819115,0.17417722177689177,0.4591669887658952,0.14104339567679208
2014-05-25 11:00:00,DEHM_BD,0.8590736498546228,0.3192234564683725,0.4024466861624107,0.8630283898868552,1.7805710404022133,1.4481640363608417,1.036376431026659,0.09435025280028449,0.1782055761866736,0.45153078982776956,0.1349955655649221
2014-05-25 12:00:00,DEHM_BD,0.8917035763855743,0.3353762757106929,0.5289151360195479,0.9530783937032496,2.189459170755073,1.5846526691196974,1.1450540315332751,0.09173264682017128,0.18379395711593077,0.5258396185698173,0.13434420658156848
2014-05-25 13:00:00,DEHM_BD,0.8051668105837935,0.37326059105398823,0.6814623051184066,0.9941839827068261,2.4514144876495094,1.813125784284258,1.3354301950104304,0.09613868908166699,0.1894657714345491,0.45464979754809287,0.13770896872162686
2014-05-25 14:00:00,DEHM_BD,0.6678478923576534,0.4263119240688671,0.7384300929651734,1.113554885254096,2.523666331823403,2.0697219537192817,1.4760911936806138,0.10847368593409003,0.188402365095798,0.37634333052941127,0.1401653281675767
2014-05-25 15:00:00,DEHM_BD,0.5258098923170262,0.5543657725933974,0.8302324742692568,1.1537049293745512,2.598751833030763,2.221114417025931,1.577849487260913,0.1257783435612776,0.1825894475367698,0.36763726577490624,0.13204239627964318
2014-05-25 16:00:00,DEHM_BD,0.4468888323997053,0.6585981547424005,0.8304284255924297,1.1269635065927828,3.046734540665285,2.3106855455166038,1.6037114912105135,0.13800379758798098,0.17545065740689333,0.37970477021135585,0.11715538026121315
2014-05-25 17:00:00,DEHM_BD,0.4072566149491269,0.7175644787195994,0.7710100508312339,1.0296583348770325,3.485740579917433,2.4037282332576377,1.524747772610685,0.14342615573095785,0.17303217046159228,0.39221844093529773,0.10243498421160088
2014-05-25 18:00:00,DEHM_BD,0.3644612166952317,0.7686013496652022,0.7207390965130447,0.8982433662097519,3.569589795488992,2.9450021011419807,1.5854691620625692,0.14681689539121565,0.16877491513500084,0.3879372902281743,0.0948566401359449
2014-05-25 19:00:00,DEHM_BD,0.3335586443923471,0.9711772923371595,0.9082200976973969,1.395523602578893,3.5858105282268187,3.4127083830322666,2.2856722915323497,0.14364015459095963,0.15857736044673573,0.7172915974884572,0.09432251363280772
2014-05-25 20:00:00,DEHM_BD,0.31567972557529095,1.206548841392662,1.3454123922461556,1.9159788531131416,3.7210121779259784,3.5144824899596823,2.8040393748319454,0.13706605680390543,0.15821375346516228,1.331535365888604,0.09259278516198216
2014-05-25 21:00:00,DEHM_BD,0.3039072694864659,1.3943069199541545,1.6069563193635923,2.4580655422422804,4.24294916508972,3.761916197835359,2.774416454150904,0.1333311137270216,0.1590852202953916,1.6681454961374622,0.09032701239407118
2014-05-25 22:00:00,DEHM_BD,0.32677185394913755,1.5191522939220563,1.6800800387260477,2.7827641723247503,5.438712246282887,4.643434992030708,2.909910899337796,0.13769076602624722,0.15720015956183894,1.9086944481336576,0.0910667781196899
2014-05-25 23:00:00,DEHM_BD,0.3643361609529051,1.577756006625087,1.7948722495334373,3.0998265896726336,7.047634090167967,5.91839899459244,3.099171035336218,0.14428083968563918,0.15578423073768058,2.15223573312894,0.09321863874578697
2014-05-26 00:00:00,DEHM_BD,0.446814034910429,1.6365073366683651,1.8672578067693435,3.2232071541332132,8.170850410222881,6.485195026186781,3.3524687506223065,0.14968855362470707,0.1585616941992222,2.2506853269934433,0.09477995019972096
2014-05-26 01:00:00,DEHM_BD,0.5605859931603271,1.661866322210369,1.9233677682045585,2.81561269229508,8.635457417992255,6.524707517633429,3.8271358306092536,0.15704846099340813,0.16985122144437792,2.2652132535158813,0.09490651626707855
2014-05-26 02:00:00,DEHM_BD,0.5794145116237539,1.723674722251463,2.0159132417942587,2.6036759536543874,8.718968217086273,6.59164027735388,4.011775836978794,0.1669925128237483,0.1836678231298733,2.205001557565103,0.09305816047050286
2014-05-26 03:00:00,DEHM_BD,0.5377345211604376,1.6648331222645154,2.030290883128008,2.7689250935584844,8.159814119674078,6.514100914516024,3.894344886153115,0.17658414660437488,0.19379261233830153,2.0391645114275927,0.08920157852663237
2014-05-26 04:00:00,DEHM_BD,0.46718094041350633,1.4427176924021163,1.946844751709732,2.7603165121035604,7.421194519670477,5.892399994718973,3.5513016263413757,0.19131628531079722,0.2083143447463716,1.6837639087350227,0.0810631043719116
2014-05-26 05:00:00,DEHM_BD,0.397720250198955,1.0703959502536156,1.5639061311536442,2.534462033802129,6.270341360433799,4.121095701492074,2.9951970464108078,0.2047096496170875,0.22115787871866713,0.9297522865423675,0.07454717785927281
2014-05-26 06:00:00,DEHM_BD,0.34165148654608735,0.8071942891333833,0.9093849054645351,2.1464476197858247,4.820402488924936,3.0517678299688678,2.6144745712781803,0.20956409116702382,0.22431741062401783,0.5462912628764693,0.07203637656864234
2014-05-26 07:00:00,DEHM_BD,0.3022592517474665,0.6113692381216357,0.6621336644825292,1.619024960149751,3.868703430548509,2.465379888017317,2.1540220662205196,0.2069444039130618,0.21929598223663854,0.4626168920771148,0.0705104333388289
2014-05-26 08:00:00,DEHM_BD,0.26836746470306994,0.4458925316454958,0.5707294003997161,1.2293025667957038,3.193095462328771,2.017188035240919,1.6419598469114323,0.19762900711794604,0.21309930331047608,0.39631416636817385,0.06976958368563263
2014-05-26 09:00:00,DEHM_BD,0.2636114195250905,0.3438439351330138,0.49272416497500604,1.03919886027741,2.6927654097044282,1.7184217359628078,1.3508402982870824,0.1836446222588535,0.20807319974399163,0.2906680984974907,0.06815789735785097
2014-05-26 10:00:00,DEHM_BD,0.2750748750159702,0.26652168528448905,0.39341610066152405,0.8819383693520723,2.285082208549421,1.4623284028616208,1.1819386556878573,0.16716895421642575,0.204198454892747,0.2435095224966632,0.06645171340369602
2014-05-26 11:00:00,DEHM_BD,0.3004311894733829,0.25161664038484677,0.33729851382495357,0.7200429207610388,1.9455738878056872,1.2599833169085162,1.0318071913598474,0.15133158109086792,0.20274516596121697,0.2057303161212905,0.065763891054131
2014-05-26 12:00:00,DEHM_BD,0.32549528210867185,0.23130778151284664,0.3167462977724172,0.6390565297931978,1.8251874671650654,1.0515792857388528,1.0153539423590927,0.13779073191441965,0.20219113466151056,0.18616243981323835,0.06949727439028189
2014-05-26 13:00:00,DEHM_BD,0.322420410777144,0.2196369066400627,0.2964905805735289,0.36645684300360043,1.5403966334723869,0.862814328560634,1.0059834347017396,0.12705290151853219,0.2055853779315947,0.17883456915026172,0.07890351582756258
2014-05-26 14:00:00,DEHM_BD,0.3322742456932737,0.21151592636652913,0.28965891694067025,0.17126524079566852,1.0873499289360735,0.808555570873839,0.6945304748798115,0.12337374682186278,0.20750132788404815,0.15289288857614147,0.08144111749628788
2014-05-26 15:00:00,DEHM_BD,0.31975548522971564,0.19390966980210206,0.26722103100160816,0.17016179501048598,1.0315819267133495,0.5398009707345964,0.33890338253775054,0.12435834237342785,0.2022012509377486,0.1317732454619733,0.06898174324366727
2014-05-26 16:00:00,DEHM_BD,0.2969164162915851,0.174398659567841,0.2392293461516414,0.19060586154240494,2.1261242862717156,0.35872757528523547,0.24884677673224814,0.12512863685025682,0.19825826019437975,0.1406322468880416,0.05340480816298959
2014-05-26 17:00:00,DEHM_BD,0.2780397049009612,0.15534935342298165,0.2339843300618105,0.1946209928501842,2.5967868936660934,0.3736875415783677,0.21111896794233345,0.12188507893301646,0.1979813321894638,0.16264775198304393,0.04691320639552767
2014-05-26 18:00:00,DEHM_BD,0.2609465025039715,0.16046885839501515,0.23528928473329783,0.2070594933252609,2.0453908888558576,0.4897377130899875,0.17903544191229,0.11121691163540563,0.1983325114329965,0.17539043310337726,0.043670733732504845
2014-05-26 19:00:00,DEHM_BD,0.24394720118079788,0.19501719247815072,0.25967801733399226,0.2127196794514782,1.658050993147585,0.5858406077172843,0.200949976227917,0.10077206301714825,0.19758606741727783,0.19182453441368588,0.04391404791472468
2014-05-26 20:00:00,DEHM_BD,0.2251184285332448,0.27308975401396546,0.34797125432477105,0.2101047754419836,1.5090205622859438,0.7662229543403558,0.2458106270134797,0.10375206630894579,0.19215567901240596,0.2502929493816089,0.04689527660245761
2014-05-26 21:00:00,DEHM_BD,0.2336819197810766,0.542135073251057,0.5066839684490587,0.21834190822818658,1.5161195243720247,1.140771052614951,0.38460499910852314,0.11530532913512984,0.1823975174234775,0.24799045144864793,0.050711192214433015
2014-05-26 22:00:00,DEHM_BD,0.22387967740774836,0.760076341721724,0.8094488939677906,0.2162644811579744,1.417412730961209,1.0092951712911087,0.5821661758624799,0.1274645031906094,0.1660910874640603,0.1733266069953454,0.05638552498737344
2014-05-26 23:00:00,DEHM_BD,0.19321621995457436,0.8015912560386247,1.0482941225787756,0.3953958217351803,1.134350483591454,0.8703766345415263,0.7091313991818962,0.13741843409246113,0.10332683885830338,0.1422698171186436,0.0619503684872387
2014-05-27 00:00:00,DEHM_BD,0.1641699734246008,0.9100500174129872,1.1384199379794036,0.8143368310605335,1.0205888153715525,1.0072484431741353,0.9473494295618654,0.1503406457613121,0.0647718881690704,0.12576665695090802,0.06431818101058691
2014-05-27 01:00:00,DEHM_BD,0.1450272283310313,1.149008869037707,1.338174355578356,1.114033852806136,1.183218698393195,1.441173602663835,1.2730405794274642,0.14583789054039623,0.09733087216433493,0.13278480313993077,0.06464024284441948
2014-05-27 02:00:00,DEHM_BD,0.15338315569845246,1.0238578009690333,1.6013478063939288,1.4366571300874869,1.5940314218045328,1.7765638460345565,1.4909973416758486,0.08993939416210155,0.09954947960197334,0.15985598970040973,0.06588736354364999
2014-05-27 03:00:00,DEHM_BD,0.16947752326684998,0.41548189873050134,1.838969576562338,1.569013442448244,1.8870831950919724,2.0826487926415367,1.6868759195278895,0.07463444366505348,0.07519493569587668,0.16345015688354608,0.06936394616023382
2014-05-27 04:00:00,DEHM_BD,0.16667668094326496,0.13258631460511489,1.3918436564413619,1.4423284856779308,2.016277806761276,2.2409862734696553,1.7507726345701655,0.06598452039043408,0.05107896219056965,0.13108098606371782,0.0764355945248481
2014-05-27 05:00:00,DEHM_BD,0.14164115798588367,0.1502055928493512,0.3250842370358301,1.1640556159535858,1.957134926683197,2.10172005193279,1.5486216887607511,0.053998930626846756,0.0432413280668283,0.09728695205189275,0.08614206405781205
2014-05-27 06:00:00,DEHM_BD,0.11339108060487066,0.17280170478254542,0.13576934497061058,0.9624692597095835,1.8527941181285832,1.8515777948170207,1.3844472655648774,0.04480130050292232,0.05014118646847426,0.08169544026150241,0.09716103378879823
2014-05-27 07:00:00,DEHM_BD,0.09690876853077661,0.16428932330545032,0.1453952240601949,0.9399617595481324,1.7067699356846804,1.6556258800495467,1.28697753766681,0.04209574032541818,0.06906991034852679,0.0798178927806671,0.1070341242873295
2014-05-27 08:00:00,DEHM_BD,0.09437650788723712,0.14195536418912913,0.16823737144476952,1.0138115312670992,1.584660804832644,1.5820492025771313,1.307573951368337,0.04483324661660927,0.08295275166095104,0.06862856224567934,0.11239437813031473
2014-05-27 09:00:00,DEHM_BD,0.08533551530891754,0.10805361520505039,0.18984353408564225,1.121304266720783,1.5260416642430936,1.5083014429435493,1.272654569494336,0.05067720959002134,0.08465237980226335,0.05309206946013493,0.11589255110551594
2014-05-27 10:00:00,DEHM_BD,0.07116053194293426,0.0851573460187575,0.14987961926040932,0.9099709085604152,1.4702636458764877,1.3655082244793744,1.2782468960897682,0.05977011997895072,0.08466327784528127,0.048965055437223536,0.12024653930319458
2014-05-27 11:00:00,DEHM_BD,0.060362043748820114,0.06113081376004018,0.11579629626977471,0.41325680527380665,1.4855070435911357,1.3718634310221787,1.1460351572517768,0.07408760763844927,0.08890370779152892,0.05804162933537143,0.12636543785216278
2014-05-27 12:00:00,DEHM_BD,0.0716185515555826,0.07507391426356959,0.0825541391672524,0.3130850081706989,1.4536731572271406,1.2786800181346618,0.6973002501194144,0.08824066675029688,0.0905509755130321,0.06535955855028697,0.1364496171265001
2014-05-27 13:00:00,DEHM_BD,0.07965158019479583,0.08714563885855707,0.07022046152172921,0.4812600839513945,1.3714364200887248,0.643057143488599,0.3313420484342321,0.09923614156262012,0.0908881003409984,0.06416807405218175,0.14830189904378718
2014-05-27 14:00:00,DEHM_BD,0.08033078322225247,0.08687293702072449,0.08474454558657588,0.5406610848804152,1.010570812236364,0.24840556885504383,0.3413999602787484,0.1031847416769141,0.09110941595027909,0.0644633327226297,0.1595828993840887
2014-05-27 15:00:00,DEHM_BD,0.07806494463433962,0.08653373711083943,0.08350682923832378,0.48013155542306885,0.35405837287260206,0.12071932875552496,0.49738569414930867,0.1042074107548867,0.09264507201648312,0.07130077957078552,0.17050222596885622
2014-05-27 16:00:00,DEHM_BD,0.07824394795861325,0.08644646208620244,0.08404279778242953,0.36596931176081593,0.217430310411821,0.13813448314970456,0.38477485422060964,0.10214819463668032,0.10250018389846711,0.0870978835929485,0.1802602728387945
2014-05-27 17:00:00,DEHM_BD,0.08455378311618887,0.08573195267086434,0.08581555544834948,0.2241381975508073,0.34896582327648296,0.2163608675754674,0.2938229862135915,0.10182017433651014,0.11346823563811155,0.0997332127941728,0.18896387185452485
2014-05-27 18:00:00,DEHM_BD,0.09511049289247263,0.08394409256543771,0.08633278850359992,0.1542180554848568,0.5697808714869339,0.21300021242401784,0.19979896374297343,0.10140557239528705,0.10807991847255492,0.11353585672025548,0.1990112689062952
2014-05-27 19:00:00,DEHM_BD,0.10650067848588216,0.08376340949322007,0.08752156697697014,0.13703679202035055,0.5973959269147413,0.16799532307861484,0.12102310521984412,0.09887129243711336,0.11567805822873153,0.11846494940122511,0.2038095532829313
2014-05-27 20:00:00,DEHM_BD,0.11440905977214914,0.08478036585462542,0.08654008427235634,0.31636004860856615,0.29266249935060723,0.15609341750560665,0.11310920707028407,0.09965699516900424,0.12743403091837824,0.12460466075340611,0.20386100745443236
2014-05-27 21:00:00,DEHM_BD,0.11255737694565225,0.0832180489234513,0.086432933033072,1.048029689308547,0.23781019309587306,0.23645783904643491,0.1144638615086115,0.10565837921337397,0.1301536625565002,0.13075058869127107,0.20657379190139458
2014-05-27 22:00:00,DEHM_BD,0.1280033610541004,0.0830669551910861,0.08820536405179759,1.9386675767440085,0.31934518986693106,0.49550206541637654,0.1288461510137555,0.11482623916857748,0.14843557780396335,0.13994414881096384,0.20843055753003792
2014-05-27 23:00:00,DEHM_BD,0.14826607029647962,0.08424294344162041,0.08720558043489507,2.7892927431697565,0.38368909910241134,0.9049306430119326,0.2991365660875148,0.13112379058723236,0.16534955682637725,0.14611044960138092,0.20570234560647507
2014-05-28 00:00:00,DEHM_BD,0.15699981918363715,0.09329807219249821,0.08937536184775012,3.2375673466331456,0.434353531103041,1.7136108420645337,0.519977421563818,0.15778071264334548,0.17752909531617517,0.15046070877277107,0.201139583491471
2014-05-28 01:00:00,DEHM_BD,0.1654132643411395,0.1416716991581705,0.09056380192320428,3.573938362956026,0.61321938503433,2.931884317915651,0.5508590595150378,0.19228652523529982,0.17725265364422335,0.15861985512858368,0.19557133096944532
2014-05-28 02:00:00,DEHM_BD,0.1726717441318751,0.16114998599410224,0.10246277003915487,4.206074943540681,1.1379902077662432,3.92812101030255,0.5350674926943733,0.2124856813064845,0.17269204857168943,0.1682989926188717,0.19071788254469615
2014-05-28 03:00:00,DEHM_BD,0.1775725490878207,0.15647521780647833,0.14807715924858963,4.448163136828803,1.7271472171798674,4.350833993681136,0.5570205937694903,0.21808650401971755,0.17403325206008716,0.1736228844793326,0.19049209593035266
2014-05-28 04:00:00,DEHM_BD,0.18035626278074332,0.1599582384856734,0.15966785387394944,4.39780685338201,1.8957425183292829,4.301721935768263,0.4809864963428515,0.2267894274047156,0.1809844938219327,0.17309833064195815,0.1910914032446777
2014-05-28 05:00:00,DEHM_BD,0.18382030647987438,0.1793980673976928,0.1604945804484741,4.006731050860682,1.891545773882812,3.8626910696701264,0.3510094689772732,0.23110086293511614,0.1802184938148938,0.17282744373004927,0.19200119414795166
2014-05-28 06:00:00,DEHM_BD,0.18486907545280795,0.18984438698410747,0.17531563587596344,3.656426350229743,1.8613688392939443,3.3706453728461834,0.18153369212382633,0.22992966382153787,0.181185891808503,0.17316392828654842,0.19108611168589434
2014-05-28 07:00:00,DEHM_BD,0.18520999742800304,0.1922739051507039,0.19333827560965663,3.3830812565403816,1.827613925870927,2.984489166751068,0.155099782856285,0.22895957094458913,0.18206547892525085,0.1740440732379512,0.19228690711665888
2014-05-28 08:00:00,DEHM_BD,0.18681808289705668,0.19398605918699863,0.19746776161073695,3.120247707081878,1.6077916439832864,2.5909646550914838,0.32033908325047683,0.22331282716000855,0.1779910179968923,0.17857597822502702,0.19473740323193361
2014-05-28 09:00:00,DEHM_BD,0.19129381730756892,0.19520730868168634,0.19748521379240314,2.7636516322830618,1.2840905142050327,2.411228644757593,0.39475593941777243,0.2195585052316914,0.17325139070229242,0.18639750668106123,0.20068970556579518
2014-05-28 10:00:00,DEHM_BD,0.19618020332720243,0.19455545420584258,0.19883913178100462,2.3677923579124203,1.1901992578990153,1.9841752231805654,0.44125503088828405,0.2199714009462435,0.17084083405535183,0.18950236587119274,0.20692906353771673
2014-05-28 11:00:00,DEHM_BD,0.19455530487460998,0.1943261452591744,0.2009752667006081,1.798830291206385,1.1178610050334967,1.523008216486314,0.5389356743617892,0.21777736251329055,0.16983093904147017,0.18546486859111216,0.21262174382384846
2014-05-28 12:00:00,DEHM_BD,0.1939054597944463,0.19235448258887264,0.20424474457163827,1.3223500086758961,0.9920207331266021,1.1907269865277568,0.6685731813236097,0.21422754102196526,0.17135595908038775,0.17638225671533947,0.21338121389038847
2014-05-28 13:00:00,DEHM_BD,0.19187973616299445,0.18938292052674568,0.20361642618755676,1.0987975775813639,0.7429944535215525,1.0878830616624686,0.6283231454199847,0.2091899852757062,0.17794009800557853,0.17551285644988876,0.215863729576785
2014-05-28 14:00:00,DEHM_BD,0.1914406024097936,0.18363440377046109,0.1956990324997935,0.9630895636573293,0.34729459186621225,1.023526230905425,0.6683424550009803,0.20540698639590976,0.18812924133509856,0.17940926419378947,0.22045506143873544
2014-05-28 15:00:00,DEHM_BD,0.18819676796226056,0.1770466060445311,0.18912129137025097,0.8356056268056475,0.23982130491130965,0.8394514041356065,0.6971645078661531,0.20309170227274756,0.20022827192782072,0.1838251519737356,0.222897880423609
2014-05-28 16:00:00,DEHM_BD,0.18580532383177303,0.17184820853942817,0.18156282434829674,0.617847075166883,0.2463228309836005,0.47118607749295294,0.4481309704818689,0.19829745463759624,0.20610243344295676,0.18959497653813548,0.22351123888869764
2014-05-28 17:00:00,DEHM_BD,0.1820232960720798,0.17058697599557393,0.17446212334708927,0.30936176636393675,0.14499744730446934,0.2748819160800423,0.2665592159916719,0.19285149711787902,0.2073234823385247,0.19663442415186835,0.2231640140863133
2014-05-28 18:00:00,DEHM_BD,0.1795857615641044,0.17519192592915928,0.17010777956218004,0.142248764926707,0.14450179678432168,0.2621878557525157,0.25462580350915415,0.189611820352467,0.20199400926639718,0.1986243441861443,0.22164006110466072
2014-05-28 19:00:00,DEHM_BD,0.18642190300667633,0.18328098935828113,0.16992050292495403,0.25738558397566397,0.1731403391383588,0.3619165349211476,0.40169068846233946,0.18850117137002095,0.19109582755568347,0.20017805449350573,0.21778016252567978
2014-05-28 20:00:00,DEHM_BD,0.19822424914318365,0.19694670305272857,0.1845684430224676,0.3819050801504714,0.19270578885271672,0.5181353967224066,0.5166977901851426,0.19256745214439075,0.1882079913556098,0.19746738151791807,0.21280794240396447
2014-05-28 21:00:00,DEHM_BD,0.20810038057412353,0.20448391455541676,0.21218368172817131,0.5103686015373742,0.26573163275282363,0.7741528854428963,0.6457417885914055,0.19347573631479087,0.19015742860287346,0.1944655244035586,0.20907014451071604
2014-05-28 22:00:00,DEHM_BD,0.21974574828039325,0.20716609846738898,0.2201666197597646,0.715911298030579,0.3496751422988203,0.9762675433388626,0.8413580804849725,0.1903315922563759,0.19058822684550714,0.1949718800370625,0.20741320312594988
2014-05-28 23:00:00,DEHM_BD,0.22116028535147716,0.20986975693216428,0.21544508911767268,0.9482227788710058,0.4815464025350985,1.209276981098255,1.0175156194360881,0.18603791082167623,0.1898943605081536,0.19630613547116965,0.2073819701845384
2014-05-29 00:00:00,DEHM_BD,0.21843088808536631,0.20875300740695502,0.21827645891753972,1.0481056864783573,0.7731280239912353,1.4356121617892406,1.05569012959874,0.18259956688901666,0.19144182936987886,0.2056034346794086,0.20734343048939244
2014-05-29 01:00:00,DEHM_BD,0.2192034512406353,0.21187346963432427,0.2231944409371233,1.0620357274698158,0.9384549755385378,1.496927774775836,0.9388562544003353,0.1795037740970936,0.19397604056445678,0.20876277767032902,0.20777727845287633
2014-05-29 02:00:00,DEHM_BD,0.21830986728088222,0.21295176853487127,0.2338858316726804,0.994536714385353,0.8968746360832499,1.4067418208547353,0.7130460422852263,0.177597542937797,0.19702267570374432,0.22320737133888807,0.20843816212640023
2014-05-29 03:00:00,DEHM_BD,0.21510610238399577,0.21634030539062737,0.24253769708367784,0.865086651120976,0.7821542426064144,1.1109813058520253,0.503105476513714,0.17623701933729613,0.20618667838643476,0.20760440959603793,0.21217888783175026
2014-05-29 04:00:00,DEHM_BD,0.21712639372077988,0.2245795577538082,0.23865796867524983,0.6768935498277365,0.6642735866023599,0.7458847670999349,0.39409703292894693,0.18420513931413587,0.22113256416702667,0.2105141182291723,0.21408299208245693
2014-05-29 05:00:00,DEHM_BD,0.24007244611178977,0.23623410341078935,0.23761349656635536,0.5754906301735824,0.5833992916821408,0.6216900207707672,0.3114720829434097,0.1936989439445992,0.2244416288959254,0.22417266311125125,0.2112688384121562
2014-05-29 06:00:00,DEHM_BD,0.24814019681269284,0.2412635246220788,0.24140226469400797,0.5085378983770339,0.5102660423458786,0.5867210328265582,0.27252781258282077,0.2004175045423843,0.22533839790040733,0.23131667718058205,0.20645212961294676
2014-05-29 07:00:00,DEHM_BD,0.2496821234357741,0.2489638324317801,0.24679623105517232,0.3996128027459368,0.46504707531310374,0.48755904440629194,0.22098983607083467,0.2087867690538928,0.22510993135828514,0.23372288745069578,0.20148429677794677
2014-05-29 08:00:00,DEHM_BD,0.24775732256144983,0.25135159154830483,0.2485849593842262,0.38004200746708255,0.450873748594257,0.4393807758131266,0.29146119120429415,0.20406553518338127,0.224963242384158,0.23349299407211993,0.20076782892845552
2014-05-29 09:00:00,DEHM_BD,0.24995916559010883,0.2502099955608787,0.24945566340695596,0.4138390481485836,0.5010771388305792,0.5367601528484903,0.4394649602803788,0.2006912587694031,0.22011293497239456,0.22892347445994785,0.20059602441553004
2014-05-29 10:00:00,DEHM_BD,0.252722977614789,0.25491293481065874,0.2500185079764201,0.549245103248316,0.690685928663062,0.7741986627309375,0.6520754440317826,0.19546256175959537,0.20899919189507352,0.21980100246369985,0.20225336767598048
2014-05-29 11:00:00,DEHM_BD,0.24179929115176657,0.25687578643770875,0.2385502570233376,0.8177064114747714,0.916317869713283,1.0373509819401368,0.9019543549148893,0.18887976189647274,0.2040638595219491,0.20658002119455884,0.20661345387632946
2014-05-29 12:00:00,DEHM_BD,0.23821936629968687,0.2579591619540004,0.2401341821666923,0.9471823601549261,1.1412599176598992,1.2609646129406955,1.2342958560352568,0.18177399357874233,0.20479811656238897,0.19882368592278554,0.2091511045454442
2014-05-29 13:00:00,DEHM_BD,0.2498065957558876,0.2533009329101862,0.23733106972186113,1.0488991690232576,1.3316424926455621,1.439273008218121,1.4448436663945454,0.17385394205242588,0.2060205914422112,0.19674605410248722,0.20895452154183747
2014-05-29 14:00:00,DEHM_BD,0.26107558525329216,0.24329040028910376,0.2478301536663074,1.096646667063799,1.196650472411562,1.509403167413681,1.4994438067987055,0.16654776020892506,0.2040434952604304,0.1905569975674745,0.20714399902531855
2014-05-29 15:00:00,DEHM_BD,0.25785493184318525,0.23492879609108083,0.2635908361771178,1.1348812364872511,1.4584674588421151,1.7224553463310108,1.4849949402948956,0.15937100191415773,0.19907209820157,0.190841890237042,0.2019085114616341
2014-05-29 16:00:00,DEHM_BD,0.25120034514961875,0.2307842060176957,0.2678025847188743,1.3078508287267163,1.6783850539002114,1.6709492160765114,1.5551866528564497,0.15551970070937401,0.1950650107935736,0.19729676564738602,0.1977013252548314
2014-05-29 17:00:00,DEHM_BD,0.2501308277059005,0.22325800936376672,0.26610118121095233,1.3603775428673792,1.8257856232895446,1.5499143175651864,1.2885432078393606,0.16076746922866042,0.1912652301973284,0.2008787086550009,0.1933320962273328
2014-05-29 18:00:00,DEHM_BD,0.2509120070678958,0.21534765225716343,0.2600389680878313,1.014016834893439,1.7027789666475566,1.3934910983033495,0.9933788360325977,0.16869006450775673,0.18243644838172768,0.19627428965785146,0.18538098646157006
2014-05-29 19:00:00,DEHM_BD,0.2532641542625418,0.22556125380301367,0.2531681927692218,0.6699183099860218,1.5403110238978905,1.2364792471811032,1.012468484331604,0.16373890064267954,0.18254353532964512,0.191636821806056,0.17763234391436905
2014-05-29 20:00:00,DEHM_BD,0.2532284821149728,0.36423738024708857,0.2693008069632637,0.6515710201161815,1.5273032283119494,1.348760526349103,1.1737352302505428,0.14923311388730764,0.19516461779817576,0.18857715979885803,0.17214860548386882
2014-05-29 21:00:00,DEHM_BD,0.2711708331442995,0.47794860638265335,0.3338377752670279,0.7144578542091029,1.663053344780684,1.6679992716034706,1.626310486333999,0.14824730611601075,0.21142707698283758,0.18673258940486767,0.16771152642599094
2014-05-29 22:00:00,DEHM_BD,0.2832916464295027,0.6311730815270256,0.4691409977004174,0.8385342878639732,1.824251435647127,2.141440497965249,2.1330478811188316,0.15303087065226154,0.21197770108209496,0.1857388235620708,0.16236836734359433
2014-05-29 23:00:00,DEHM_BD,0.254830463179073,0.7587523735367059,0.6841875015366572,1.051520371607574,1.920219662734199,2.4684852819841754,2.281045872947712,0.14882015703877194,0.21045701201798267,0.18506961684699258,0.15461932718386395
2014-05-30 00:00:00,DEHM_BD,0.2450419675185042,0.8801198033799391,0.9141344658462024,1.2898715322991243,1.9403104125278605,2.5403817641875266,2.3197319262170737,0.14063930132277996,0.21577295703042357,0.18490220750315522,0.14836861853667288
2014-05-30 01:00:00,DEHM_BD,0.24763690723712076,0.926150239719678,0.9139128923805171,1.5511033510082368,1.9888851169301358,2.5948231409945457,2.4685135371708222,0.1305199635355034,0.21996474753182108,0.18908793888253805,0.14545004931695743
2014-05-30 02:00:00,DEHM_BD,0.2488366880370674,1.008285052297638,0.8342299482240383,1.739864659997218,2.220725777237675,2.793241813624251,2.4271394768357015,0.1200079583790903,0.2261003853004653,0.38032373659161883,0.14486006277765598
2014-05-30 03:00:00,DEHM_BD,0.2434619686370668,1.1016987036451757,0.7428839456975421,1.8165856292226088,2.6015296077781085,2.967895332198954,2.2984014318609747,0.11508196727261052,0.23071965678446196,0.7921224546146672,0.14368888084182974
2014-05-30 04:00:00,DEHM_BD,0.2417871362936357,1.0898315367690066,0.5709567242534908,1.832711853907024,2.565581907908841,2.8433368544474065,2.0496956726874935,0.12278404718035905,0.22102099243295664,0.9767022998246248,0.14048222373104644
2014-05-30 05:00:00,DEHM_BD,0.24526556644409875,0.7832533605484899,0.35575238564091616,1.3539672929338802,2.324620711702412,2.3753509576250638,1.674665959080417,0.13429940352254016,0.19520755852498917,0.4441530520648159,0.13697903305728681
2014-05-30 06:00:00,DEHM_BD,0.2506961702790576,0.48228430598810235,0.2629897281286864,0.8651501117255116,1.9529764779568801,1.963267274243611,1.4564863834390758,0.13625872372138478,0.16860375460546448,0.23263512146758258,0.13200710327884407
2014-05-30 07:00:00,DEHM_BD,0.27733146804678704,0.2925364871255121,0.2610659901520306,0.8134530234799661,1.5367788362037995,1.6781510108302837,1.3293054540528229,0.1337216732854657,0.15525793483851352,0.22743280090224346,0.12602433407693625
2014-05-30 08:00:00,DEHM_BD,0.3583494885135674,0.24319852364419717,0.2482475703528569,0.9878249732790096,1.5450221049187842,1.3946281803823248,1.143686152798248,0.13223980919174724,0.15521122948477956,0.27254528699071134,0.12140648877568065
2014-05-30 09:00:00,DEHM_BD,0.4483862786043107,0.24297453941226457,0.23082340475858645,1.1515295915242565,1.667281706525618,1.3858424273961276,1.3000541219171748,0.13240264768625476,0.16122690452797328,0.40595990225716017,0.1199115191705383
2014-05-30 10:00:00,DEHM_BD,0.35417710646007206,0.2365832490879844,0.22119696948265166,1.3755422869873444,2.003154103938611,1.4909524753771488,1.5194962067845172,0.1312473983871287,0.16645886868922952,0.3901605376583849,0.12043240382112791
2014-05-30 11:00:00,DEHM_BD,0.2913212717379535,0.22511934237583645,0.2121821680445037,1.618486661201537,2.435247106756596,1.7314765537718113,1.6202958494412492,0.13071713335879429,0.164561168887799,0.28534173543986385,0.12079277705558322
2014-05-30 12:00:00,DEHM_BD,0.2903002179511729,0.2222676119137798,0.20755281930205863,1.6315999221969884,2.631823600094528,2.050680339867501,1.8085813793910468,0.1320825094159765,0.16052479334382552,0.24800185965203198,0.12258255117790759
2014-05-30 13:00:00,DEHM_BD,0.28555932081467467,0.2089911302479676,0.21210468660593024,1.613648976619746,2.6883878469861853,2.3295547716144736,1.975871417392732,0.13435344608049712,0.15438530170376397,0.22931429832535313,0.1252425271854734
2014-05-30 14:00:00,DEHM_BD,0.26684513941804405,0.2007890656135155,0.21784595895064526,1.6935655556863063,2.6545642787879076,2.607956388744421,2.1164606070127197,0.13521882461611806,0.1477311252050741,0.221660377798348,0.12747905263236714
2014-05-30 15:00:00,DEHM_BD,0.2455645364194016,0.20287282091185382,0.23884776723708362,1.756846190013765,2.3107119358681047,2.9608729849633137,2.1841456390573875,0.13604495171687564,0.142816416869749,0.2176290311027223,0.12754955064383322
2014-05-30 16:00:00,DEHM_BD,0.22783877936189645,0.20207413914667668,0.28304093846133144,1.8499593683219242,1.7580933999415138,2.8672211765940148,2.201129014936855,0.14221474211731594,0.1438683487420919,0.21545154454047666,0.12715573307297068
2014-05-30 17:00:00,DEHM_BD,0.21435670155498138,0.20111183226159646,0.28960083602312825,1.9022451102053497,1.0627817946655769,2.1123923721585847,2.3037540442807156,0.1540192582362406,0.15543069851809632,0.2172251779621455,0.12660114626004348
2014-05-30 18:00:00,DEHM_BD,0.21004689218118064,0.19863489229342587,0.27963635472290943,1.82651984130788,0.7394989084101374,1.2910316072455734,2.6446725069502444,0.15383063318540588,0.16384543980677135,0.21577344355890812,0.12192249301164865
2014-05-30 19:00:00,DEHM_BD,0.21157559945922105,0.20351274476805167,0.2654959974927811,2.2136336288006153,0.7303903566619636,1.0919343735831553,2.4452161998063917,0.14580612107147337,0.16196332143123207,0.2111257024980768,0.11371490835328589
2014-05-30 20:00:00,DEHM_BD,0.2188927784828349,0.3234866326593495,0.2508257445284757,2.767941229462649,0.7821254377646091,1.248390516423893,1.8639980587449825,0.13377777263002172,0.1656367526787538,0.20522228267340484,0.10678261076692776
2014-05-30 21:00:00,DEHM_BD,0.22971388666940112,0.43191233779864124,0.24420486933152763,2.5848201319332094,0.8645268711923249,1.5038698772854546,1.845827433318619,0.1306626217011798,0.17061283844120564,0.20485843302345447,0.10024348199510236
2014-05-30 22:00:00,DEHM_BD,0.1920101038651121,0.41475331849585245,0.24129645885562984,2.278438763433742,0.8853098360159342,1.8028970540779918,2.0977720269366182,0.1317319199311534,0.17489521693162288,0.2039364664605622,0.093364832867387
2014-05-30 23:00:00,DEHM_BD,0.20730335531638686,0.4118052504721419,0.26760125995673234,2.404734489233177,0.864072072740402,2.0146101907186993,2.389021336414557,0.12984322372042767,0.1795710648866213,0.21783182941465767,0.08871096800637454
2014-05-31 00:00:00,DEHM_BD,0.2373713825010169,0.4592625910887017,0.3303783474112673,2.705849581335648,0.8952517928595655,2.1380481353418466,2.6228779596715524,0.12506985896840958,0.18584541399135288,0.29726797152869977,0.08497404952187092
2014-05-31 01:00:00,DEHM_BD,0.2727797269978816,0.4545954219247027,0.3820141054149716,2.9446002365020165,0.9727628717150631,2.216241823538801,2.7961409130072976,0.12652781176420935,0.19886171327225363,0.5974369170462882,0.08215010575305193
2014-05-31 02:00:00,DEHM_BD,0.2894884874504722,0.5107862501559359,0.38321226631969196,3.1056600988772516,1.0473378128817106,2.278351820392568,2.830729846427586,0.1340138776666268,0.22371132898954119,0.9982862541306764,0.08064125566141203
2014-05-31 03:00:00,DEHM_BD,0.31143710390583135,0.5051963057880475,0.3664195504311471,3.083348507126956,1.1188355816920275,2.269213618873807,2.700777293645961,0.13743356069317045,0.26085865086406446,0.9448460888038203,0.08058693230050136
2014-05-31 04:00:00,DEHM_BD,0.4161112267357623,0.465640056105859,0.3512351433774455,2.516505477937577,1.082635230999504,2.044719350611619,2.267382402160281,0.13914686621488412,0.3078215078789307,0.7727953877042233,0.08203428633386252
2014-05-31 05:00:00,DEHM_BD,0.5341141547456848,0.39667585484626233,0.3421443199494481,1.7309004715266554,0.9372277339986967,1.6326852158006437,1.6577910393666584,0.13809155521855787,0.34584299132948443,0.6323947693148999,0.08345956959896798
2014-05-31 06:00:00,DEHM_BD,0.5560272270624619,0.35765490550830237,0.33238863907858723,1.362126070055405,0.7285778115115478,1.1844742025084678,1.2118406627355764,0.13639212203027434,0.2812850906923656,0.5294510618048159,0.08186493565177518
2014-05-31 07:00:00,DEHM_BD,0.5044853828012197,0.335645533342394,0.300825685170628,1.0176319481857607,0.6012481243032495,0.8442167909869133,0.9111135796589303,0.1357914568666589,0.21376242274974236,0.5357690321422275,0.07775294245618271
2014-05-31 08:00:00,DEHM_BD,0.49775515325378616,0.3200546799505082,0.24846758859096094,0.906772374034392,0.6384430083012766,0.7196033425286539,0.8111745291499226,0.13492632957669418,0.18905370932855026,0.5841341041451877,0.07298118755530354
2014-05-31 09:00:00,DEHM_BD,0.5238369840116053,0.2902322316799917,0.19892622452773134,0.9491960931654186,0.7097183877310109,0.7063946552791165,0.8910211835691193,0.13390423031594823,0.18471283382881773,0.6975263367338523,0.06796562173593475
2014-05-31 10:00:00,DEHM_BD,0.520429009448178,0.2537788596494681,0.19014394490151654,0.9823464614664589,0.736641964299744,0.7135451249900995,1.0425036400994907,0.1325941909247309,0.18109738917438306,0.677418739254875,0.06200971824264822
2014-05-31 11:00:00,DEHM_BD,0.47837881180029357,0.24116092631570757,0.23881191822253156,1.0566266190196216,0.7376886008118464,0.75060871419657,1.0933433646847954,0.13237518690321115,0.18781159802810277,0.6099920289784948,0.05641239807426192
2014-05-31 12:00:00,DEHM_BD,0.4745181280414199,0.21187488130378526,0.3193883156982062,1.22422643740332,0.7291619964150992,0.9565175805309252,1.1153847039479146,0.13230499485507835,0.20603855403740876,0.5803969895993917,0.052470938325536134
2014-05-31 13:00:00,DEHM_BD,0.4434932133906147,0.18922604351039968,0.38659143535092466,1.3796709166315397,0.6152590915370313,1.2093647468970017,1.1192670361487305,0.13189521857021252,0.2295270280360034,0.5187218797209205,0.049875377892890115
2014-05-31 14:00:00,DEHM_BD,0.37724434792935835,0.20642553860838977,0.42229126496398817,1.3973694271084895,0.4922563368034734,1.31031956136861,0.9866677398395115,0.13289399693357987,0.2588802056871027,0.4524510526959131,0.048460813870729
2014-05-31 15:00:00,DEHM_BD,0.33853393611702126,0.24933743894716714,0.44618901370542113,1.2800785002083075,0.40635584884230036,1.131573107276475,0.7857921371629297,0.13391328617991988,0.2659675493303754,0.47046759155750495,0.04788166028366764
2014-05-31 16:00:00,DEHM_BD,0.2963384773238979,0.29315245800692347,0.4578825830334796,1.0963259347711332,0.33406710601166345,0.7762172660893107,0.7117737119924257,0.13515786853298295,0.2632465374694914,0.5207363490036874,0.047994547111426804
2014-05-31 17:00:00,DEHM_BD,0.25858050339200533,0.32155776394419366,0.4558734010290819,0.7986431317994159,0.3074936198446992,0.5268091387104868,0.5781200568752111,0.1359083369613257,0.2595811107727917,0.4218841167683638,0.0498885735711702
2014-05-31 18:00:00,DEHM_BD,0.23323908142842806,0.3860095866734069,0.4652202896184939,0.5673558903535975,0.37467933643695894,0.3857589166205597,0.6835977778941427,0.13462752454729107,0.2573991419424269,0.34588028380269414,0.05050188848327945
2014-05-31 19:00:00,DEHM_BD,0.23057778149126734,0.4659468790602217,0.48192725824300187,0.6245789616823764,0.5861090284740271,0.5510623040203994,0.8462786229830981,0.13203359880901605,0.2550153675098669,0.37107978271080355,0.05220746342262347
2014-05-31 20:00:00,DEHM_BD,0.23485013350515396,0.5354924494183226,0.49841275504899196,0.8494911985413647,0.8937203196730277,0.859251778403716,0.9633508063251945,0.13277941773211024,0.2618285130666693,0.5880446145566569,0.051736890798329965
2014-05-31 21:00:00,DEHM_BD,0.24003053725584284,0.6374910973087813,0.5178400492096272,1.0199759699909394,1.331163701314344,1.3429278585652251,1.3489458933799678,0.12698569377793045,0.2717802593751979,0.8141146806341808,0.050594572014707566
2014-05-31 22:00:00,DEHM_BD,0.2569742061793476,0.7154972286691074,0.5276709124532388,1.3429707359523149,1.8150787575950451,1.8971530664726644,1.836596991335366,0.117522830929544,0.28273432827150513,0.9769511995797296,0.05222406811783027
2014-05-31 23:00:00,DEHM_BD,0.26084349905982607,0.7811425775548664,0.5258138776417588,1.789420419201517,2.2205851166490747,2.422556230016429,2.2720083417176777,0.11291587964816995,0.2905441534110604,1.0607617885896126,0.057964926220260574
2014-06-01 00:00:00,DEHM_BD,0.26503913225547854,0.8175918587605235,0.5023916514965145,2.3242189972367107,2.55836999499752,2.982313103519393,2.6631032828877776,0.1107891369923365,0.27114066949528864,1.086240472133833,0.06751847798646543
2014-06-01 01:00:00,DEHM_BD,0.2832920854653976,0.8846721862507214,0.5243343352370615,2.8041561878369414,2.931038902068988,3.5183763795157077,3.0869202305949526,0.10808213430114516,0.25440682447757407,1.1029013943603785,0.079001211682945
2014-06-01 02:00:00,DEHM_BD,0.34839415140509594,0.9526234959646978,0.5496438043901742,3.21674093809708,3.3585939018109277,4.068438603370127,3.644471124564343,0.10498686561902804,0.2464256622920878,1.0809548456645457,0.08841406463886488
2014-06-01 03:00:00,DEHM_BD,0.36893728909559537,0.9029009265110863,0.5647912357439875,3.5272469274762104,3.6937820691086096,4.541524751489841,4.2101852993119655,0.10276356273477015,0.2400882901726055,0.9563544078923858,0.09390013115096085
2014-06-01 04:00:00,DEHM_BD,0.40231671018725257,0.7908882063281978,0.5636767151685431,3.237411621158312,3.727677998092579,4.6409068770570014,4.291244292233626,0.10881112854399357,0.21119668188464782,0.7432152825419396,0.10038155941645255
2014-06-01 05:00:00,DEHM_BD,0.38381805003913116,0.8508298698954817,0.5270344831066717,2.613062432425246,3.1976925886982004,4.132722617899126,3.757740123823015,0.1169434958547445,0.174890009397682,0.46283423444347793,0.10242946683075159
2014-06-01 06:00:00,DEHM_BD,0.4097660703471488,0.8132208515660231,0.5264353105434175,2.714416759129244,2.5113239335475956,3.374084713632858,3.7772509764597086,0.11939259495838885,0.14926252172386603,0.3343119376849408,0.1036859934904309
2014-06-01 07:00:00,DEHM_BD,0.4226217465110868,0.7567170817092235,0.5670499941035657,2.6159431004300457,2.1284758433689457,2.542676298590731,3.210473447929769,0.1220735659758815,0.12987043016616467,0.2774251039377104,0.10676966584593393
2014-06-01 08:00:00,DEHM_BD,0.4478819964558631,0.6561249121984722,0.6105019215938612,2.588716511856574,1.7618817874143273,1.9771875576517357,3.05023393611304,0.12383727252965082,0.12020460534296212,0.2045552000444777,0.10965944347932119
2014-06-01 09:00:00,DEHM_BD,0.46073683186355957,0.5396033643883205,0.6226931936613089,2.6877842038709368,1.5225450598671846,1.805951230113823,2.8286967271364216,0.12813080508591357,0.11565578937049006,0.13853612331602003,0.11109300382539512
2014-06-01 10:00:00,DEHM_BD,0.4570693073290586,0.44848833224520546,0.6731823819287878,2.9574249143684916,1.2966440268700943,1.639327391697932,2.3676993502176216,0.1340169734806799,0.1096585960780816,0.10049314939783874,0.11118522342556325
2014-06-01 11:00:00,DEHM_BD,0.46975279912780965,0.31198811510563007,0.6961620965064301,2.9095406191704347,1.1571289281915127,1.5782618773515105,1.9992070983995114,0.14263270138738668,0.10881327640590242,0.12479996886340539,0.11268409098665626
2014-06-01 12:00:00,DEHM_BD,0.49336137107871464,0.2400286378435132,0.6229017040343374,2.952530610798969,1.0143448680359313,1.5237689758529465,1.7516855676104652,0.15412730932027086,0.11023586116959613,0.1864951284360838,0.11235559483126016
2014-06-01 13:00:00,DEHM_BD,0.49323127823788654,0.22965567125752676,0.5126269024319748,2.539941177418089,0.9279398889799508,1.4331744283962529,1.6966802387015587,0.16833860136478193,0.10761803774270388,0.1823199490799777,0.11123303829982625
2014-06-01 14:00:00,DEHM_BD,0.4886675442099105,0.2289251661211548,0.4631887561313429,1.928305249443084,0.876814257305693,1.2958082909509003,1.7848272627908008,0.18082602940181255,0.10055734986683115,0.16741125546359684,0.10973084089561008
2014-06-01 15:00:00,DEHM_BD,0.4696301722272577,0.23616870266526288,0.49263437661140097,1.8345667425696237,0.7783489186555752,1.0923745169165437,1.9292854972472915,0.1796967073646931,0.10362517628344343,0.15491835579696103,0.10879770210073075
2014-06-01 16:00:00,DEHM_BD,0.4291680598540626,0.2759602627005221,0.45406884751165455,1.8439188588039395,0.7019136414337064,0.9516669193377312,1.97817001008728,0.17457840529375235,0.10899648147041845,0.15296871337351148,0.10823804701821985
2014-06-01 17:00:00,DEHM_BD,0.4067779249196121,0.27508326794752036,0.39845796549279383,1.8167708706630075,0.7102382801366597,0.866571055474535,1.8604966545563386,0.17370761041577423,0.12256141123606129,0.16833022696695168,0.10829005536099709
2014-06-01 18:00:00,DEHM_BD,0.372162040294872,0.2674758126805394,0.36697593848572463,1.613021331383692,0.767054525485346,0.9234799507215432,1.7442637320331462,0.18136890440539208,0.1618834058402789,0.18015232744907006,0.10825955128096094
2014-06-01 19:00:00,DEHM_BD,0.3387269533973279,0.301985656677324,0.34997586118857005,1.4192104319860408,0.8797138231595232,1.160803505360346,1.6166749474461128,0.18644605866253833,0.20414065031543815,0.19660575150669315,0.1055415087073231
2014-06-01 20:00:00,DEHM_BD,0.3126294228042801,0.4958575499499194,0.35549770249781554,1.565356607577815,0.9617803360950364,1.4232814519606496,1.5768821065496927,0.20346197834955052,0.22452140085405572,0.20867067394710395,0.10643975934144688
2014-06-01 21:00:00,DEHM_BD,0.29604277362626963,0.7403255001753396,0.3915279745002222,1.7364100969414118,1.0711412222987506,1.82743547555937,1.6678565860660113,0.20838563549965208,0.2116077080475615,0.22256555041707787,0.10854702855278728
2014-06-01 22:00:00,DEHM_BD,0.2823971293394034,1.0597408692950065,0.5063104281590076,1.8403251911160687,1.2371195090454907,2.2395111806754997,1.8929967196768636,0.1903910479236388,0.19286353150305544,0.2772714673590572,0.11112588918800452
2014-06-01 23:00:00,DEHM_BD,0.27517690846297416,1.445128970909991,0.6732540191986334,2.073474930067823,1.4227529275847421,2.5243917407650183,2.2230190895485786,0.17093844775870787,0.17745118027528745,0.5135916519202328,0.11386760757959438
2014-06-02 00:00:00,DEHM_BD,0.30925984852048427,1.7660275867107225,0.8687071215261751,2.492700213432827,1.7054468426173404,2.8471385870647343,2.562213611107613,0.1623721334049605,0.16423452977855418,0.8646132342427365,0.1174824511896259
2014-06-02 01:00:00,DEHM_BD,0.4994631536570365,2.006823510434501,1.057154043852745,2.948233108511067,2.1791460664768865,3.2449426561039387,2.9054397992650007,0.1615164148974114,0.1539674793810656,1.172671559670633,0.12100812016636117
2014-06-02 02:00:00,DEHM_BD,0.8560417781857027,2.160361337997743,1.3331928242410165,3.40831365737748,2.7034580375409742,3.6031264379875116,3.3239461908798766,0.1597495791190558,0.14675058405008537,1.3914824771648477,0.12413293923966577
2014-06-02 03:00:00,DEHM_BD,0.9240938636383785,2.1596837652200063,1.6078165055353666,3.789136868718619,3.150344888548921,3.849460372406602,3.7244078617259593,0.15562852501661503,0.13871044994448917,1.5194306712059362,0.12680342545967532
2014-06-02 04:00:00,DEHM_BD,0.7925440132839395,1.9016613902167792,1.7445451391929565,3.5035971198513662,3.369589082655434,3.6995876658930644,3.677430849027954,0.15567558820781746,0.1305215989968538,1.4836872145065132,0.12886825098764138
2014-06-02 05:00:00,DEHM_BD,0.6429813446110368,1.4493466418446985,1.8446409558266663,2.7959930402008495,3.3927639022531606,3.3148452362373404,3.4244237333742977,0.163779938652733,0.12585496813272543,1.2513239178491875,0.12741192544726643
2014-06-02 06:00:00,DEHM_BD,0.538913372787719,0.920887372967541,1.8891434249240735,3.0091019942180623,3.2915958359207504,3.308878485755064,3.58791453820839,0.18239661375981492,0.11928327353624267,0.9349804136745399,0.12273027732406727
2014-06-02 07:00:00,DEHM_BD,0.42372110633756954,0.467006505214828,1.4888947748233818,3.3805181539488514,3.2556405360979896,3.421634645814148,3.731435448419173,0.1856755218735842,0.11370722636659096,0.7839665354885346,0.11711165538766415
2014-06-02 08:00:00,DEHM_BD,0.2971287529462761,0.3128244287772137,1.0119083600733847,3.7134726054429614,3.1770798079227185,3.4744582562171074,3.9628121746061153,0.15501819596306177,0.11049427648133589,0.5556707406514276,0.11246266772408961
2014-06-02 09:00:00,DEHM_BD,0.30413616487260897,0.22885993385222259,0.7320660565055964,3.6940441730545417,3.0390202526423336,3.0498822456215913,3.938670877832462,0.13593007194358267,0.1072731617745902,0.4547563844930659,0.11058019247654809
2014-06-02 10:00:00,DEHM_BD,0.3273753006054461,0.23209389061778776,0.5858651735399756,3.065413238703492,3.1118116852382105,2.770639205027867,3.3313785781836183,0.12617359005702167,0.10322583399634393,0.2791449335898645,0.11211799142522727
2014-06-02 11:00:00,DEHM_BD,0.334420723690671,0.2576137140068782,0.4773426994033517,2.8356458969306533,3.4588047643493582,2.9798126919811967,3.377161631192341,0.12465052959355738,0.08825244085650275,0.17110274791981545,0.1128624429328226
2014-06-02 12:00:00,DEHM_BD,0.3544345138248264,0.2790302673626504,0.3508618908031417,2.8737400401138795,3.7557791954450686,3.215210738989706,3.542341079244073,0.12511828504982395,0.07308939151096962,0.12302633980844971,0.1112719444018997
2014-06-02 13:00:00,DEHM_BD,0.3819177889101952,0.24540577418038606,0.2688128259501076,3.0830978258164463,3.9061056991716474,3.445500043749637,3.5517734924296733,0.12591215913722043,0.07241131466831702,0.10824589211173809,0.10962096323533425
2014-06-02 14:00:00,DEHM_BD,0.4015658568020816,0.21812871496418706,0.26778406317037506,3.2859948498096,3.9848600202566664,3.7479263717227176,3.4735723167366515,0.12706787567680694,0.0788676351759151,0.09935465462244807,0.10745227710160293
2014-06-02 15:00:00,DEHM_BD,0.41143688427893427,0.19932942248874452,0.20797115325509996,3.4592019928150624,4.046882176886089,4.049478319970732,3.470836025617145,0.1277181334372492,0.08937931078356624,0.08508460329237615,0.10445735885456776
2014-06-02 16:00:00,DEHM_BD,0.40689049295412144,0.19124110986783044,0.17098886828779233,3.540040431126446,4.045179172787955,4.280036972622152,3.556551188761531,0.12602845125741904,0.09829260433365977,0.08418710465414585,0.10189149592754423
2014-06-02 17:00:00,DEHM_BD,0.3948502419012597,0.1990759658688422,0.31211338746626843,3.433911280239505,3.9805256248275844,4.342016988899424,3.5929419008450796,0.12510160770946868,0.09963950755471052,0.08032254784512007,0.09986485706517083
2014-06-02 18:00:00,DEHM_BD,0.3758270293914711,0.21694524421957925,0.2781566244211792,3.110900316308593,3.806090738895591,4.366445305857483,3.694960836757569,0.12736562686235164,0.09479243425818303,0.09146305578674195,0.09557469491996107
2014-06-02 19:00:00,DEHM_BD,0.3492651079032383,0.2850362266854596,0.374612793994441,3.5746298271928683,3.509272468727056,4.316470536065108,4.274572278123309,0.13165170311142826,0.09696912634508977,0.3141581290138322,0.08679501029877135
2014-06-02 20:00:00,DEHM_BD,0.3217782483677564,0.5151279516623869,0.6907090378517144,3.838113339953712,3.4527044943107073,4.667800467674331,4.491588408973484,0.1460682895903912,0.09906299326007695,0.6385309510022005,0.08062810306650824
2014-06-02 21:00:00,DEHM_BD,0.3141812930285744,0.6722630258909288,1.0762516734075933,3.9669371232006934,3.8065240948703116,5.6088284061166025,4.634225365835523,0.1597069076805252,0.09985244306990872,0.7383847834198778,0.07822350155369778
2014-06-02 22:00:00,DEHM_BD,0.4528281840290267,0.95139778519782,1.2492011609352867,4.107613892865839,4.091344814787641,6.8041624999095145,4.746494141801318,0.16461229933084467,0.10306155117803438,0.9063341890231031,0.07622587454100485
2014-06-02 23:00:00,DEHM_BD,1.1074195570678682,1.1897875431659612,1.4584428026523022,4.381631105893206,4.599766938530185,7.911558474793497,5.0466577220189475,0.15905132793454302,0.10620653192778953,1.0548635525085606,0.07466176418685574
2014-06-03 00:00:00,DEHM_BD,1.4391495552806464,1.1643308816501718,1.6000145748001244,4.536679670389668,5.114525197290952,8.758347303295865,5.73998164388718,0.14722471725158084,0.10896476721970474,1.0319466490967073,0.07307664348318982
2014-06-03 01:00:00,DEHM_BD,0.8548193235299759,1.14529208171997,1.6610290105788494,4.861621684924943,5.582195032436151,9.5407333862416,6.350733324641633,0.13402385508074077,0.1090111415252371,0.8239279640961819,0.07215815277997516
2014-06-03 02:00:00,DEHM_BD,0.7802873075242875,1.1641551358933393,1.5787862227942977,5.442964224289977,5.646489626499166,10.155289791473663,7.2058110481860975,0.12093736214345054,0.11054133927124957,0.4913062767791404,0.07340476517567684
2014-06-03 03:00:00,DEHM_BD,0.8882380379286151,1.024330983816045,1.6813082298105133,5.922724414030212,5.42634412678964,10.039132221707018,8.63473591330127,0.11401804517736114,0.10948572282506723,0.19764153346990693,0.08063166781786939
2014-06-03 04:00:00,DEHM_BD,1.0713956877070503,0.5688737889441561,1.8173093103298466,5.697261091302034,4.602823882528154,8.941067309304993,9.617432161102846,0.11742825676433395,0.11307943124159928,0.13115043180627636,0.08953286698794558
2014-06-03 05:00:00,DEHM_BD,1.1104149269417753,0.19474902717574283,1.6208104903673777,3.8232705952644666,3.323467750444477,6.8700343981825975,9.07452366139421,0.1161775941548449,0.11524552607629433,0.13698455701787096,0.09563821230363327
2014-06-03 06:00:00,DEHM_BD,0.6814092256062325,0.12376512852623815,1.426502754712215,3.86058436467307,2.815728431767174,4.825150797115752,9.39271404844009,0.11314869007308725,0.11705311548197286,0.1462889381238351,0.10565388884372062
2014-06-03 07:00:00,DEHM_BD,0.21713024072599116,0.12031880990676808,0.9498932220291509,4.587600217610338,2.81401311281316,3.7643067709781,9.665786716467888,0.11776098555813538,0.12326160833470858,0.165559418024523,0.12211173955751571
2014-06-03 08:00:00,DEHM_BD,0.16915768232949768,0.2254601971880066,0.3529897466806391,4.999775488662339,3.0048135762198362,3.6159637670627407,8.885942166020154,0.13252011086225501,0.13221244685823555,0.1830768160159326,0.14556213863112494
2014-06-03 09:00:00,DEHM_BD,0.1733490810388744,0.4362800129461659,0.29862870039724726,4.905139207963581,3.2323941034149475,4.356537492801044,7.341554325214103,0.14782460970654132,0.12791250935216425,0.18606006076160334,0.177978585049901
2014-06-03 10:00:00,DEHM_BD,0.17393926408026583,0.3968134100546011,0.3507989200946268,4.371693143892512,3.4480280115344746,4.9497752603748255,5.738202359821703,0.15420288787299286,0.12650168296026987,0.18859199643884064,0.2113970287468469
2014-06-03 11:00:00,DEHM_BD,0.21796173922475412,0.3423451957556622,0.3153144671280075,4.342503019567849,3.6491343839634958,4.9459366608619035,5.0330131926193085,0.15213844098910667,0.1333669247011164,0.18722602064360147,0.22015916784949582
2014-06-03 12:00:00,DEHM_BD,0.21969418214930211,0.19797816889631695,0.30623465725812343,4.524141295165373,3.967745763295032,4.625852625414986,4.959226879037814,0.14163306927982708,0.1406662339492839,0.2018948690990788,0.22136075570924188
2014-06-03 13:00:00,DEHM_BD,0.2055402698196842,0.163254736789955,0.3086099242785432,4.447915891841039,3.7570352258959785,4.437741046899366,4.9200035084353395,0.1299447126680798,0.14907179749436428,0.20977602449189808,0.21246661207744832
2014-06-03 14:00:00,DEHM_BD,0.1868922364633529,0.17072532549694586,0.29828806764883553,4.1947268086065375,2.9515210559183824,4.197935246546637,4.667886882204062,0.12153498369292572,0.1861529723692963,0.2151654711884899,0.20444998208995435
2014-06-03 15:00:00,DEHM_BD,0.17347349773948997,0.17020067815711096,0.30003755873052856,3.9043928951854885,2.170541992050251,3.7679214792631743,4.562091216649364,0.11679999413243485,0.2161671750770439,0.21335783715129278,0.20303883435630232
2014-06-03 16:00:00,DEHM_BD,0.16800881642061274,0.16917493906191775,0.30005204398090246,3.4978160468071313,1.8740721320654825,3.0907789478658487,4.555559318227655,0.11859176119328108,0.19782045464255835,0.22508817529865488,0.20562733455386006
2014-06-03 17:00:00,DEHM_BD,0.1706306029373832,0.1714735817363449,0.2929189160345845,2.97968306320288,1.7586120411371486,3.015294181776988,4.703010973867019,0.11902122560678277,0.17337425021661604,0.24496841676222803,0.2168030757751686
2014-06-03 18:00:00,DEHM_BD,0.18026259497441147,0.1735264849336532,0.2812737037694939,2.3900479508992696,1.6321442476677568,4.279658422204363,5.527324467335802,0.12050627697389327,0.16633211924850783,0.26704884329045975,0.2385302583920583
2014-06-03 19:00:00,DEHM_BD,0.19899808790078782,0.1772461121569613,0.31422943736584014,2.9606819529932658,1.6164931222953016,5.972792619147832,6.700491500402861,0.12075245647071209,0.168213988121624,0.29063580780417186,0.2527742846297844
2014-06-03 20:00:00,DEHM_BD,0.218770972794023,0.23080538720299693,0.36684176418181863,3.2916919400703697,1.9385492449674988,7.341130062127645,6.594276970808188,0.1249468181330122,0.1698582513044889,0.3018347234214144,0.2660406133294756
2014-06-03 21:00:00,DEHM_BD,0.23242359729552844,0.30810886792020564,0.5147661969543779,3.8041358198840216,2.787361795939612,8.505022260140722,6.664563502104327,0.12759317191474068,0.1698380791373553,0.3034002661144341,0.2759592156192438
2014-06-03 22:00:00,DEHM_BD,0.24054256088761605,0.39105320168744434,0.7204655853090363,4.672336009197089,3.593055594138839,9.610006148016335,7.2517829398610445,0.12710863473871928,0.16641561373059072,0.2938472221393598,0.2765929892707009
2014-06-03 23:00:00,DEHM_BD,0.24058573749703338,0.5263649174484906,1.0057617544471031,5.879391051922634,4.343239673256343,10.887349359690818,8.516654727170874,0.12415048670154498,0.16442490864560064,0.3018954813064881,0.26335744534612626
2014-06-04 00:00:00,DEHM_BD,0.23139367467342858,0.7223937317994549,1.1375579010318864,7.4122693661264965,5.041685663425704,12.015834247844039,10.060014033723103,0.12142946969941704,0.16982363073139295,0.3888803869667026,0.24011462051739907
2014-06-04 01:00:00,DEHM_BD,0.24082630862830667,0.9980955911891474,1.2115885316428736,9.232691303002143,5.655334108262183,12.573093345893621,11.039518063324309,0.11946339668079271,0.1785786506534507,0.48960164108624116,0.22327881052097298
2014-06-04 02:00:00,DEHM_BD,0.2571538497189943,1.4570362395895897,1.4082955262573655,10.338357478347259,6.215661513957853,12.642204926581496,11.459420979317072,0.1189612322069762,0.17898768541692522,0.5163444171488637,0.22196693598836653
2014-06-04 03:00:00,DEHM_BD,0.28272056259730816,1.8116814511900596,1.6735398145476788,10.250473526639086,6.735089531602389,12.41035704916459,11.494919342830174,0.11820665194435381,0.17662216049030519,0.5788112193795127,0.22137398412292808
2014-06-04 04:00:00,DEHM_BD,0.34886512264352276,1.7442421313564436,1.854297657813808,9.37777345742563,7.774627987910325,11.563885639022542,10.724455247404707,0.11338361732151504,0.1740668647360893,0.738392484715392,0.21999424313622515
2014-06-04 05:00:00,DEHM_BD,0.4574229380391666,1.4084781177407075,1.9249145944073096,6.322041381577675,8.816726525484443,9.398490280602052,8.643664471280365,0.10731058073523313,0.17521215628317663,0.7601975165488526,0.21908098558053363
2014-06-04 06:00:00,DEHM_BD,0.47430051927103767,0.9247359667950937,1.830518135491144,3.754279500112449,7.809944790264589,7.426069010717212,7.093879012878648,0.1077796916640704,0.18800654269877057,0.6757195880788054,0.21785222772113977
2014-06-04 07:00:00,DEHM_BD,0.47458177977595284,0.5270419560479281,1.614700382691503,1.9235864667462876,5.58382397147052,4.796038724755617,4.59252034845514,0.11857020325491978,0.21302634517827926,0.8076186447600717,0.21750766685538905
2014-06-04 08:00:00,DEHM_BD,0.680526240323698,0.3886496219863108,1.5771147785806563,0.8768593838229539,3.401798721748421,2.1278346843974374,1.9941527409219828,0.12892633113712512,0.24114099000070346,0.8465081453323737,0.21416021645452815
2014-06-04 09:00:00,DEHM_BD,0.8223486277772951,0.4381406557327788,1.7290199124139698,0.47186452962482417,1.5170225559485984,0.7617246433531697,0.8984543536633586,0.14217495351417328,0.27637824849233406,0.7130379761894233,0.21930676004402327
2014-06-04 10:00:00,DEHM_BD,1.0892278156224928,0.5077760634203545,1.796914109343494,0.37390105354122777,0.4803674973508574,0.2507611496950204,0.5165916604548808,0.14312105853009488,0.3003799602825356,0.615640563555574,0.23478349427327502
2014-06-04 11:00:00,DEHM_BD,1.237841660327433,0.41153691127304326,1.7696610560980996,0.247977841232643,0.1825556406250966,0.1495219795883608,0.24820083143325233,0.13360519730161854,0.2737285601307637,0.5184252383795251,0.25208199221581196
2014-06-04 12:00:00,DEHM_BD,1.1172886074161168,0.4197182062579364,1.5954224560045305,0.18243771246534674,0.14855484699339122,0.12557297062739076,0.08755769948237627,0.13561904509582548,0.2712729171623289,0.41423511520452083,0.26451573066942385
2014-06-04 13:00:00,DEHM_BD,0.8540731190718525,0.40984800141460254,1.37557262046676,0.16331161356478213,0.10975520528208448,0.09860308954502381,0.10731525128171737,0.1507098707087546,0.3154832730035063,0.3639653859316649,0.27109156566828474
2014-06-04 14:00:00,DEHM_BD,0.6782772230913745,0.35675362798687993,1.065047227111954,0.1563712984507303,0.09261032316336854,0.056938325154453504,0.10827495540082446,0.16364958109070993,0.27664154996834445,0.31998256953454096,0.2719641770298779
2014-06-04 15:00:00,DEHM_BD,0.528943491400578,0.2878550463952961,0.9143084856416095,0.16689633966970588,0.10230473704716178,0.0396019392508595,0.08450071987972899,0.17746183436488716,0.20990623963089772,0.29696518595284777,0.26766263005346047
2014-06-04 16:00:00,DEHM_BD,0.4276026492636207,0.2802455773163003,0.9839726793999493,0.09465364207479712,0.13494072914974045,0.048110819232446,0.06361935999806027,0.19766146216945715,0.17368373665022946,0.26230856527551066,0.25348360287543376
2014-06-04 17:00:00,DEHM_BD,0.3596996869083261,0.3895923155550792,0.8867446523891063,0.052549740213710394,0.1764464378706877,0.04645957089811813,0.04527615490570655,0.2545318743073625,0.16699064191155705,0.31874596560645374,0.24529392957475024
2014-06-04 18:00:00,DEHM_BD,0.31868897764440957,0.4857610811111476,0.7872305986121152,0.041077474101363726,0.24277017389031103,0.04235346106656235,0.04164892313554037,0.2936361399532667,0.17110001188387255,0.45137360520841546,0.247983758159112
2014-06-04 19:00:00,DEHM_BD,0.3091847885796683,0.613260342926309,0.6532879809443468,0.04462950954320422,0.3085055076417652,0.048948477135388725,0.042484449785833475,0.29767656963653844,0.17653049023863826,0.6257543271213768,0.26141903771608127
2014-06-04 20:00:00,DEHM_BD,0.3574829237378923,0.5743920370223982,0.6323691250985337,0.055012129393603636,0.3941567994365839,0.12746415698431474,0.04778347986983754,0.29597743841595936,0.19335835655693012,0.7337420274996758,0.28265387933260755
2014-06-04 21:00:00,DEHM_BD,0.6133696493972092,0.45480090961102054,1.1175587049011595,0.05502742320433951,0.3492799895234405,0.4698675460054532,0.04340446340289883,0.31008663346312,0.23755676525657976,0.6952421839785574,0.30750048362731913
2014-06-04 22:00:00,DEHM_BD,0.7698843977004289,0.5204907466799787,1.6032114602412024,0.3329309162221848,0.32436247981846333,0.7721322804934798,0.4046603370810506,0.3488029445150121,0.3129942951879548,0.7698092656570672,0.3225302404122053
2014-06-04 23:00:00,DEHM_BD,0.7628413165283202,0.6538474168996817,1.7826663620642647,0.8554100023098086,0.2787694864962714,1.4224473141646043,1.2343841968679854,0.40871580811690517,0.33012587932546256,0.9363441719734669,0.3222531368757782
2014-06-05 00:00:00,DEHM_BD,0.8172610607734323,0.6153311914968349,1.871113908372345,1.309379295215531,0.2863281965396179,1.2964110214856759,1.572844985086332,0.46461623580783595,0.3024397283800318,1.0318390360110996,0.32750634369827797
2014-06-05 01:00:00,DEHM_BD,0.9568800892952084,0.681169129070764,1.757889507309078,1.205329461266498,0.3165063678921012,0.9469168425310203,1.1304699247141268,0.4406860625128447,0.35026921042039993,1.0515708407530189,0.342612758287154
2014-06-05 02:00:00,DEHM_BD,1.1187218431842327,0.94128169857678,1.4920000958857915,0.7784163310664367,0.34680129918128705,0.876852456751041,1.0354193917524792,0.36488462971597896,0.42255570385873314,0.976851533177197,0.3654342260921
2014-06-05 03:00:00,DEHM_BD,1.091913012202978,1.0139518209137766,1.1994989985476079,0.47132011099247517,0.3943451659085321,0.8918624683573926,0.9509691355835355,0.28135805849432927,0.487406498839259,0.8422870673857256,0.39786548222701984
2014-06-05 04:00:00,DEHM_BD,0.974795135923326,0.9617007844029553,1.217272880287855,0.3296757965569296,0.38278636094134294,0.5760648040701806,0.5378197385182292,0.24378528176721168,0.5516126090726349,0.7270749495298414,0.42041486535049966
2014-06-05 05:00:00,DEHM_BD,0.8665948983322084,0.9326170884408149,1.0713208953180255,0.19609332581369365,0.34056272207432414,0.31873267001787653,0.26644394001791194,0.24490499344546338,0.613324233854888,0.6601197340832277,0.4206785529634729
2014-06-05 06:00:00,DEHM_BD,0.7837691795249282,0.9852927430989034,1.029251950421473,0.1958904514983778,0.3364524095856024,0.32648431831783026,0.25647528731682967,0.27671025733401994,0.6645765438074386,0.6247185159844904,0.4104619686650856
2014-06-05 07:00:00,DEHM_BD,0.6978450026456638,0.9536370287785352,0.8816132968820609,0.21472313274250876,0.3445038584316986,0.3917195438081805,0.26937211675726863,0.3419454141996614,0.7221348367277438,0.6381996420248598,0.38137417475843793
2014-06-05 08:00:00,DEHM_BD,0.5662577685496117,0.9018485757233854,0.7757729252076382,0.21493528060158182,0.2786132082201539,0.410267346544357,0.3468056798488937,0.31258809681823463,0.7497355067354883,0.6108352080033347,0.35247545076152303
2014-06-05 09:00:00,DEHM_BD,0.48079302712284017,0.5994170754735544,0.7269514251402974,0.2756354720140329,0.1810394490703939,0.28730225128963344,0.3540444556056078,0.28157403136108045,0.7072193648766225,0.5562355713331883,0.3272376352972537
2014-06-05 10:00:00,DEHM_BD,0.4421248374565411,0.45241705364023327,0.7044820949143613,0.30502410049758366,0.22515366614755233,0.17739386631998685,0.36956431431987546,0.31615876475631244,0.5790286732459253,0.47943779261338515,0.3184971692446153
2014-06-05 11:00:00,DEHM_BD,0.42679031633773806,0.6302019345413892,0.898574409555851,0.2819277209009974,0.30016652316436165,0.2015046648020878,0.276555577188602,0.3717197789869643,0.46540059855546784,0.38743809152210124,0.31144072649348786
2014-06-05 12:00:00,DEHM_BD,0.399860659906317,0.5117510776959546,0.7698039781327468,0.2179264096246856,0.3482289798776059,0.2612571916045923,0.18422750633928103,0.3939045587564258,0.4354547451774402,0.3182555719530208,0.31706828218096345
2014-06-05 13:00:00,DEHM_BD,0.37235980146529146,0.32287795463165264,0.15568213788913887,0.2043140912638103,0.37691514871157694,0.31144826850389107,0.2831766348781284,0.4089658196676893,0.4343434200737625,0.3636879128297789,0.3500372313448292
2014-06-05 14:00:00,DEHM_BD,0.5178925951974838,0.2959305437833349,0.12601003990909543,0.2928561451873357,0.39467449623126527,0.4011398449656832,0.2889319294376601,0.4502736626932583,0.38513254473768166,0.7316623580467699,0.401294039741446
2014-06-05 15:00:00,DEHM_BD,0.4297313333797361,0.06030185559231432,0.21448745986810863,0.5304422218762208,0.3548386000495031,0.45579384904358533,0.4086878637937386,0.5197145853585003,0.30550669061031177,0.8288708840692789,0.4239955528498871
2014-06-05 16:00:00,DEHM_BD,0.0635692202589846,0.07420851175093973,0.26514722003802177,0.5642602133244741,0.36432194300405674,0.4294923828858579,0.6690528230829932,0.5796856064852722,0.25417947338793645,0.4528576593425217,0.4071988695176958
2014-06-05 17:00:00,DEHM_BD,0.051876564626810014,0.15881236747100994,0.20167344019257855,0.6098557717022742,0.36212073718973425,0.4262599564029718,0.5854388308171858,0.6292165090734555,0.23240361960678071,0.22575540131984728,0.3906132226756384
2014-06-05 18:00:00,DEHM_BD,0.1028618932565207,0.1767828491941285,0.24374730763045244,0.6108600034840681,0.3502739854298158,0.4917698027678036,0.6446026973680951,0.6518273534809426,0.23835529234432135,0.24541596793881365,0.39099344985590884
2014-06-05 19:00:00,DEHM_BD,0.17028990705717345,0.21630055458145148,0.7087053227541733,0.5415130284982433,0.3231396614483276,0.722886286721566,1.0230684922003674,0.6600949109340595,0.28195404961366727,0.5671475619944593,0.4006925146880936
2014-06-05 20:00:00,DEHM_BD,0.8139409073089447,0.4916175763656443,1.4471612883524028,0.7816437674609477,0.29235361035411234,0.9119916831935286,1.1519263883563349,0.6729620075101498,0.2644517245385821,1.0199032484354442,0.42405668938140056
2014-06-05 21:00:00,DEHM_BD,1.2094815448482719,1.0262062568930623,2.104626544064855,1.3264254548169319,0.2716380579154752,1.0376098452660698,1.1649488286035679,0.6620607034722715,0.14118063789277038,1.7236732681732132,0.4736630579562484
2014-06-05 22:00:00,DEHM_BD,1.325214636294163,1.52083078578736,2.8506160212421543,1.8917160153227974,0.26284607248405445,1.109327924225163,1.1640493622454469,0.5416645886767655,0.09944448598436943,1.9793000489384793,0.5372398325943946
2014-06-05 23:00:00,DEHM_BD,1.6077055263166933,2.226174294787181,3.250706240428727,2.356980900355992,0.2819078174226403,1.2028191677206124,1.228271320446811,0.294224855589196,0.14952870940414925,2.320406002865732,0.5861384563922881
2014-06-06 00:00:00,DEHM_BD,1.4579427970450942,2.6989758225738427,3.420398482775354,2.785767304948135,0.3311589915488613,1.4205570426642815,1.5386587202903825,0.1891355511308088,0.29605976652340465,2.162196472519152,0.5870090899262574
2014-06-06 01:00:00,DEHM_BD,1.108083064773517,2.755111606564069,3.453685518370041,3.1391587980336166,0.4040127331365644,1.7272690225957514,2.132894115824082,0.19631437584310757,0.5027612812825175,2.1161662568861246,0.578041351610273
2014-06-06 02:00:00,DEHM_BD,1.2632006066011112,2.8951672149046406,3.6959246201979283,3.4049853979288613,0.603239266984295,2.0408302167330263,2.7036219475684122,0.21903713839586814,0.7511866648361535,2.0893474472922833,0.5776923912379145
2014-06-06 03:00:00,DEHM_BD,1.4282464430438262,2.8428433765639007,3.4927555968805213,3.4977817743734203,0.8990908871055486,2.282372303730772,3.183146454009367,0.22666429123040274,1.2905208223968043,1.8438015469796398,0.5693864337133615
2014-06-06 04:00:00,DEHM_BD,1.3805746335641678,1.8745592997367906,2.561388444300519,3.1800664066136552,0.9654525336166564,2.3021565109900743,3.401332346072096,0.21264145009246632,1.7173030909685791,1.7003895427087135,0.5651623644474147
2014-06-06 05:00:00,DEHM_BD,1.335516452713888,0.6541592032567108,1.3785795392585631,2.3146044899876856,0.7264686146034858,1.9755694067633338,3.0439034025359724,0.210590451062545,1.4909716654761136,1.3848843377246427,0.5810985937097668
2014-06-06 06:00:00,DEHM_BD,1.1307644951871363,0.280438427539626,0.7925146273489067,1.6304026534523164,0.6315495884368847,1.7429231752341412,2.4937798476425286,0.22139370813455422,1.1469940010830946,1.3753639176131598,0.5926826041734963
2014-06-06 07:00:00,DEHM_BD,0.8752821712259437,0.3764697106975502,0.7306324316199774,1.1643462855785602,0.5973773737345401,1.651924990133299,2.0367455203736875,0.25533608146190623,0.9211192467929049,1.426985603340184,0.6090042960778622
2014-06-06 08:00:00,DEHM_BD,0.8255138538938015,0.2752360021041332,0.7431946003326284,0.9226122531376406,0.6035275615261773,1.743352438368921,1.65089915659499,0.37216710038334117,0.7636822083620354,1.3128383330886437,0.6518193652610667
2014-06-06 09:00:00,DEHM_BD,0.8074412212193989,0.11742226956377255,0.8224632005344109,0.9410676477714464,0.9252979876781953,1.8265016970992716,1.3393280638168403,0.5898063208745419,0.5733591798266953,1.2444744781967159,0.67807818142117
2014-06-06 10:00:00,DEHM_BD,1.0380767270722753,0.06704265858323298,0.78968255594254,1.0186916870917473,1.2209444207140803,1.6404735479491437,1.2866861178884186,0.7799629241351969,0.31844845971627145,1.2119435945183783,0.7041093220528343
2014-06-06 11:00:00,DEHM_BD,0.9183546617370284,0.12204296594897508,0.6441401242704223,1.0836858188432898,1.4436071604370326,1.6697276929481326,1.2873800513925728,0.6633359187406673,0.20570609970252945,1.2652734095184692,0.723896324024708
2014-06-06 12:00:00,DEHM_BD,0.8017295594009477,0.1587352788769638,0.7734045857618213,1.3545310051340729,1.6264266734233124,1.8893706768187741,1.3919121181411296,0.3705577358049899,0.20666002803018307,1.401462895504078,0.7111146200186153
2014-06-06 13:00:00,DEHM_BD,0.6883868236952462,0.23883615814042264,1.378499076579837,1.6070429580929737,1.8377140415424293,2.0161117038639333,1.6096103921273441,0.1969591205850987,0.23483856953730797,1.434603016747548,0.6530144476114697
2014-06-06 14:00:00,DEHM_BD,0.7444018302791287,0.7060967733338148,1.349290974790715,1.7027928551425715,2.041196647036532,2.0301649776093407,1.7534815656797507,0.15647407083448012,0.24720888957780773,1.5088643370317338,0.5837206359079455
2014-06-06 15:00:00,DEHM_BD,0.6290253060198342,0.5982264493927149,1.4992952553049332,1.7122216417815626,2.1762605730550737,2.085415521083657,1.825522949595425,0.17181078663222482,0.2390698677328415,1.5485919887945379,0.5328090561781637
2014-06-06 16:00:00,DEHM_BD,0.43264342101641684,0.6726504239064709,1.5868787388431325,1.5558202382139,2.3283925515849333,2.128152201380428,1.852027871889841,0.18680105756051824,0.20694160680893792,1.3837450630476025,0.49802934866284004
2014-06-06 17:00:00,DEHM_BD,0.40389914930189014,0.9941244824608153,1.6936020912090002,1.2341058573187416,2.527176142693134,2.0397167701618906,1.7602067157905512,0.1826550774139164,0.18853718633612598,1.2140872028668257,0.46166652890318993
2014-06-06 18:00:00,DEHM_BD,0.3444933763353641,1.3057411379054302,1.693694654536803,1.102301411989325,2.482836452887184,2.1145866487953064,1.8399250448553819,0.17469888221807764,0.1708010295495204,1.1112894895892942,0.44094293608575585
2014-06-06 19:00:00,DEHM_BD,0.31267131779202945,1.493968997667075,1.950018127083223,1.5760730650737302,2.474956185391259,2.749808187764837,2.6421451916060668,0.16971616508761642,0.1410980361163055,1.1594027168596006,0.44772803029392844
2014-06-06 20:00:00,DEHM_BD,0.303239968237637,2.257011537464359,2.7586737047421783,2.160929398601164,2.9456971329996153,3.2777021700551052,3.2922489860169866,0.17578954099544633,0.12012701172473712,1.306677786755164,0.4413974192713479
2014-06-06 21:00:00,DEHM_BD,0.3183439233314478,3.012814902129209,2.8380566569059087,2.260420744098911,3.302097682855453,3.792123735715381,3.724727510707543,0.18013641563408359,0.10557227872968064,1.4932300963096226,0.4191103352064813
2014-06-06 22:00:00,DEHM_BD,0.3256723781286015,3.1070440435286577,2.4452466668988144,2.508432959411084,3.3362995767001404,4.288097495512115,4.123509834062819,0.1838397722340765,0.1048814475896493,1.5650116209946177,0.3835732659789918
2014-06-06 23:00:00,DEHM_BD,0.3516360816852422,2.972981075641092,2.093713238470087,3.2333508939051407,3.4220380177414302,4.651525300000034,4.599949570563386,0.18723824838959607,0.13755905389751982,1.5135876588820416,0.34741667907209123
2014-06-07 00:00:00,DEHM_BD,0.4215625839184596,2.7227758862251137,1.8607306696007708,3.639922520888776,3.8073887368596604,5.08776967623179,4.964624632426069,0.18160653791240394,0.27604275258373884,1.519141634207232,0.31952409679558114
2014-06-07 01:00:00,DEHM_BD,0.5247211522850487,2.5854114169504676,1.7565592841858952,3.6093890480902497,4.59192388124649,5.4517556584508355,5.424852866254216,0.16853357387971818,0.5292878382822838,1.5731330656433942,0.30317132473298325
2014-06-07 02:00:00,DEHM_BD,0.7785904966507853,2.260924679393554,1.671456631490481,3.5830067442801075,5.131279128309806,5.881755472905776,5.731537588837753,0.15473115760199715,0.6664311382562701,1.5959126065878928,0.2887778439591731
2014-06-07 03:00:00,DEHM_BD,0.9536403347428142,1.9893192158674355,1.496038343401677,3.447553017867199,5.706213226692429,6.202384038686818,5.789422022851655,0.14940364499419917,0.6170743387163173,1.3969184104998038,0.27146349136157877
2014-06-07 04:00:00,DEHM_BD,1.0645163121413066,1.6459846600625108,1.2601647770418087,2.6857886332457115,5.70884448082574,5.990797072371461,5.21623592532142,0.14603483967477454,0.4146478607075939,1.1479231059066766,0.2553622836348245
2014-06-07 05:00:00,DEHM_BD,1.2137373273164034,1.4532828730866127,1.007087713655352,1.3124988793333547,5.218361380582204,4.870522376506421,3.962983688358298,0.13966889396913335,0.2382540959944947,0.8633056255983375,0.24377656113045515
2014-06-07 06:00:00,DEHM_BD,1.3725896671053395,1.2652976702861207,0.6972408739450131,0.5673476780581252,4.7380588335322935,3.946301811966552,3.083537319525748,0.13238250920796754,0.17838735247733048,0.7519851919195799,0.24928035025730597
2014-06-07 07:00:00,DEHM_BD,1.5056838450587913,0.936304970833473,0.45801679090595326,0.3242683368926017,4.215071146267445,3.13047675936452,2.3397288228283704,0.1307617374632321,0.15387339347921292,0.6519939980233087,0.31169735018641914
2014-06-07 08:00:00,DEHM_BD,1.4425656826527882,0.599104382500369,0.31281292073630484,0.3585686038690117,3.671106583284501,2.4121850215470255,1.7962180536599177,0.1445539040987378,0.15632051745638234,0.6363751309068593,0.41888057049060456
2014-06-07 09:00:00,DEHM_BD,0.9877514455971121,0.3035940444991899,0.2828204467412153,0.47761732213756986,3.355211888910318,1.9924121205677066,1.5124477618302614,0.16806333217148145,0.15165023873526595,0.6021270862119644,0.4442524192796413
2014-06-07 10:00:00,DEHM_BD,0.8854271631420683,0.2974973920924937,0.2788161491925687,0.7563569931654771,2.744665169249807,1.5847314014015155,1.54298984996174,0.17336769965936297,0.15787247145943328,0.48193072537869197,0.42387922981750215
2014-06-07 11:00:00,DEHM_BD,0.9459143635012673,0.32882165646514727,0.27825967940289514,0.9171176637691771,2.0364182599592677,1.1206736116079785,1.566914148767637,0.16211052146936705,0.17142444968104345,0.37645687905066627,0.39410863918206634
2014-06-07 12:00:00,DEHM_BD,0.9306380732094403,0.32478064839950516,0.28083389829111505,0.6675932371267815,1.422918950811146,0.7660759243677897,1.3402146241170425,0.14715844986991836,0.16191586898876342,0.30512610139272633,0.3837909518227236
2014-06-07 13:00:00,DEHM_BD,0.7306843815223687,0.3079010978404304,0.2872943274658312,0.5852447366156754,0.8778507580466859,0.541575812613914,0.8192651000497465,0.13983014525835388,0.15585209927804755,0.1668697812946791,0.39550922551089895
2014-06-07 14:00:00,DEHM_BD,0.5255676543613057,0.2518118468554992,0.27857094541017885,0.5362681989365325,0.7260298908250999,0.5608223251710854,0.6182965673083421,0.1377441586041356,0.15501065140468992,0.11996212717487119,0.39637690393649505
2014-06-07 15:00:00,DEHM_BD,0.3874508283094781,0.18917553496097836,0.2824718634940799,0.43364342819960605,0.5102210248303203,0.5200233204305157,0.5102875779889765,0.14385357082269606,0.15682425623383356,0.12443616409146456,0.3778389676030492
2014-06-07 16:00:00,DEHM_BD,0.3020687032134434,0.15116716818485224,0.27542804914566216,0.34777680528089566,0.4315115371167402,0.3514108463695075,0.39428769127372293,0.1638287238650174,0.17132305612147766,0.151033071396037,0.342470031544233
2014-06-07 17:00:00,DEHM_BD,0.23146837044245325,0.1404326458805062,0.2589916648310631,0.3332333680438661,0.38559723538269514,0.1999432291826945,0.3620806317765934,0.1790461688387158,0.18192438246791706,0.15859025975636773,0.28520134022832844
2014-06-07 18:00:00,DEHM_BD,0.19821603288768092,0.14025442078692424,0.2397812886177349,0.3489093404022632,0.42072902834399706,0.15607969442142536,0.2933889195379741,0.18107163321985795,0.1739795840653613,0.16821066855478542,0.2454009425676671
2014-06-07 19:00:00,DEHM_BD,0.18957024252579296,0.14692911338857814,0.23938185065236964,0.29124928370106307,0.6236654940606001,0.15556293453481512,0.18591440746869917,0.17680974410325595,0.18651412438459747,0.20686025389947799,0.2309179027474141
2014-06-07 20:00:00,DEHM_BD,0.19701283184674556,0.2024406032673977,0.2980427144090014,0.20920227516429993,0.866949784239329,0.17092458953619039,0.19954827126433614,0.16924760678234255,0.2307823844036244,0.4999803291073462,0.2136699969475127
2014-06-07 21:00:00,DEHM_BD,0.198455274415221,0.40295027394684046,0.5465509913368067,0.20014318514640148,1.295942953651927,0.39547451821275537,0.19380216535007969,0.16511100951506855,0.28280766825000214,0.7979152607277947,0.18978404652337966
2014-06-07 22:00:00,DEHM_BD,0.20360281320970153,0.6012127734265116,0.9322952571421698,0.456022126051157,2.1284155498482265,2.104978432419485,0.2750350072737036,0.15895647174363473,0.297913181747995,1.0163099229304953,0.1597493242553274
2014-06-07 23:00:00,DEHM_BD,0.23677851444022474,0.7724336075470039,1.1952873080512187,0.9270247964074639,1.968347285296598,3.926047210485516,1.332616158418849,0.1392726495499954,0.2802841011896625,1.2140164490565715,0.13269353395435185
2014-06-08 00:00:00,DEHM_BD,0.3284065543609227,1.0222432467684361,1.3839971655153036,1.6270811402955228,1.5301787070224386,4.76064203880132,3.6572076409353715,0.11940550914132841,0.2913709140503701,1.3856137385237322,0.11746009155380494
2014-06-08 01:00:00,DEHM_BD,0.3626577127811615,1.4407301730565591,1.5468501990516432,3.3293268360794688,1.183721497964873,5.0026157084535345,5.490495476143988,0.10597190906882266,0.3036661025059698,1.5214482361875337,0.10126220512024979
2014-06-08 02:00:00,DEHM_BD,0.5096683899769879,2.7218685779363208,1.749050443786584,5.443643464539133,1.058156274063452,4.447827927115211,6.593609611950137,0.09821015895628944,0.30318108224835705,1.6288964520041058,0.08635600778374582
2014-06-08 03:00:00,DEHM_BD,0.8133784553553163,3.273916080918351,1.770935025266105,6.669412038894829,1.0113468987163925,3.626463185554799,6.348824724871105,0.09465807031239254,0.27938889353214746,1.6445910660225809,0.07139154880732279
2014-06-08 04:00:00,DEHM_BD,1.0821951888534729,2.9604668671064855,2.285113246522297,6.280636790844118,0.8601444536211293,2.9293989255588273,5.013543152119363,0.10862418774130957,0.21964183242189908,1.4546240885624362,0.0639120899468006
2014-06-08 05:00:00,DEHM_BD,0.9860347720645274,2.1290103637478794,1.9347522243151662,4.571281600277605,0.6788719686057977,1.7289338095001359,3.7561644564415912,0.14250451154675586,0.1950172274118555,0.9887218902274728,0.061272512918711726
2014-06-08 06:00:00,DEHM_BD,0.6347190035127993,1.3587870257434063,1.9072721519908362,3.565214687709245,0.5459087914415658,0.7901271335544314,2.6799613473041366,0.15806453617061655,0.18479558160107112,0.52831184665984,0.06250960352819396
2014-06-08 07:00:00,DEHM_BD,0.3112190087302098,0.6951244770260515,2.048917487395568,2.687924771757497,0.41406303596838373,0.561323998916099,1.8098150397143742,0.15290392691923535,0.16896684261510478,0.3299290501030976,0.06680351219135551
2014-06-08 08:00:00,DEHM_BD,0.2200443643901239,0.6452930801584467,2.1938335539668046,2.0351366591927853,0.3022701441767554,0.4988568139238446,1.5362726077353757,0.14142011369101698,0.17158454864127554,0.26139065735158384,0.07189039053176743
2014-06-08 09:00:00,DEHM_BD,0.22153390793136307,0.8089666174558287,1.9105458580707222,2.112814480850324,0.23888443477733742,0.44868351102261217,1.5503579615375693,0.13225201842667525,0.21462542780850535,0.21533122968506868,0.07572015083354887
2014-06-08 10:00:00,DEHM_BD,0.2817836798119497,0.28174675395386284,1.715919091754834,1.8646218402619286,0.23220916925494078,0.45515995265814824,0.9476463408573919,0.14664075929737172,0.3045186501411906,0.19004287850886917,0.07138608665331259
2014-06-08 11:00:00,DEHM_BD,0.3124937601777304,0.17681460611953861,1.6263356661858084,0.9169711463827116,0.3184600096897081,0.5834771308459945,0.3885829766369342,0.24539865157077081,0.3370818104571522,0.2024341165441981,0.06300224957712447
2014-06-08 12:00:00,DEHM_BD,0.294950157523686,0.19244003228071604,1.7754655927868968,0.3862018443527491,0.40895135145267464,0.7458733288703416,0.3147747782500478,0.48333472119569765,0.3094041498949749,0.2507282852404232,0.05622995474876012
2014-06-08 13:00:00,DEHM_BD,0.3461110051685431,0.2590542972530749,1.8251781112492202,0.3636737068850767,0.43924724269383586,0.7682906024909648,0.4441359463076181,0.8073756273892101,0.25789060352258375,0.30315967716221415,0.05127836165940852
2014-06-08 14:00:00,DEHM_BD,0.3882524441132065,0.4053955145292542,0.9057395023189367,0.3483736031936301,0.45211263191206824,0.5943131604709814,0.6410283774101966,1.0378851571070984,0.21256998361134544,0.3070622952588769,0.04679539829234118
2014-06-08 15:00:00,DEHM_BD,0.3913311059415711,0.38136068339267964,0.8713317410791419,0.46297790775776426,0.45346974569605647,0.33457903374403075,0.5389656580672693,0.904362060044232,0.24891656669758014,0.32453176833442143,0.04293994961839634
2014-06-08 16:00:00,DEHM_BD,0.39640327567337075,0.5710379581948293,0.4734446640232333,0.5191244164787221,0.38591147876341125,0.2486862642956324,0.31002002784565486,0.5254643779889611,0.41493591368653154,0.3638581758109928,0.04101948256457603
2014-06-08 17:00:00,DEHM_BD,0.39513956255168403,0.7554878578455979,0.3509655422165965,0.4658963335631001,0.3114953651789807,0.27928961872378905,0.2422582783322487,0.36717478198989295,0.5110137631580745,0.392068872981176,0.04126805378219779
2014-06-08 18:00:00,DEHM_BD,0.39430182761854127,0.5319581422998945,0.3293321910089154,0.2956623298953106,0.2984928493634238,0.35360315710831924,0.4472050143529337,0.344823442350013,0.38794115711862365,0.44152535982665075,0.04254015743017287
2014-06-08 19:00:00,DEHM_BD,0.39619266475060483,0.5851432042338987,0.305976047071024,0.21695477190215595,0.5245052953519416,0.6528609590134745,1.0222019347503712,0.3362546797113986,0.2663340050113556,0.6578682590693397,0.047188415809929295
2014-06-08 20:00:00,DEHM_BD,0.4040864224731456,0.7114145240552112,0.3134226687947954,0.3994766326572704,0.975385797836082,1.4990216721483234,2.078015115212415,0.3061694474484223,0.2519262433386655,1.219412200682332,0.05428309610875717
2014-06-08 21:00:00,DEHM_BD,0.5155478997944458,1.067793942351263,0.3330011474752678,1.1579056663452214,1.7038542513521038,2.515556234108747,2.466200217322616,0.26295954846264075,0.2873026594315455,1.626740018584262,0.06366883147819835
2014-06-08 22:00:00,DEHM_BD,0.5114896832373446,1.0116991160998352,0.3205608468620851,1.6178322855292304,2.369449860417664,2.8181760289124447,2.7369492922060608,0.21203805398129377,0.38713377018006456,1.8884027924247129,0.07460043852531698
2014-06-08 23:00:00,DEHM_BD,0.4719429684976091,0.8673442286082779,0.3328014701370911,2.000671669955488,2.707002763276587,3.1052061935184825,3.3558478343176303,0.18165799242909994,1.1056935872434646,2.238638202630048,0.08470134939598838
2014-06-09 00:00:00,DEHM_BD,0.6258087781957012,0.7579085564814676,0.3669976829267212,2.290614855615497,2.7663175801634647,3.558035508115207,4.016524972913088,0.16193679690146798,1.6601855056175219,2.84685293555889,0.09312929048170782
2014-06-09 01:00:00,DEHM_BD,0.5515815732374041,0.7504836965316473,0.36119118034770026,2.681323763826902,2.849872518606323,4.060177620994954,4.485594293731624,0.14994809779650978,1.1252661505834758,3.5713243935865653,0.10313174218087443
2014-06-09 02:00:00,DEHM_BD,0.3854026655373907,0.7260420135404791,0.3621974064347715,3.0321513357795102,3.1891769163590946,4.504439141681615,4.787160297020315,0.13773186729053488,0.5271971430319546,4.115689859841662,0.1176915348846861
2014-06-09 03:00:00,DEHM_BD,0.26467035786197274,0.6885803883990813,0.3677313788241654,3.3033401559458486,3.515586234333976,4.807937857622216,5.084808357907971,0.12941387265376744,0.3275037450724839,3.687047362393309,0.14353988080636346
2014-06-09 04:00:00,DEHM_BD,0.19937153858233692,0.5417450167545758,0.3275644493015569,3.196500391196102,3.463845801125395,4.930170086373573,5.027781681515325,0.12649180645627892,0.31191743333838867,1.6427808730537454,0.17712203892939937
2014-06-09 05:00:00,DEHM_BD,0.18114451022021916,0.32872838951186,0.2538154651927517,2.555200345568915,3.2149226124886097,4.027480264159109,3.950646645743932,0.1248498040112968,0.2791691920792311,0.2843224061509372,0.19811333302502507
2014-06-09 06:00:00,DEHM_BD,0.1711846789700094,0.24512564865411013,0.24782901697463927,2.1129991103521903,3.0874325733355046,2.539173097826498,3.3886169058533255,0.12548966580148538,0.22120740337254466,0.139336348045467,0.2113642080478369
2014-06-09 07:00:00,DEHM_BD,0.17144190196626802,0.2437341976444423,0.2723989033240475,1.4870671002029603,2.5126870680624176,2.153189803385153,3.4319515617032215,0.10736066471187854,0.17619954087371453,0.13471163577717007,0.22252669945338738
2014-06-09 08:00:00,DEHM_BD,0.1831298481415025,0.23879984621976147,0.2932844372160359,1.023072238937302,2.2039423472681174,2.437337776917742,2.920642120616305,0.09592322984307289,0.15280264511645758,0.1442557826746045,0.2252187615165765
2014-06-09 09:00:00,DEHM_BD,0.19912843644891384,0.22467287714001483,0.3097448837595479,0.725211864128185,2.4840550600371674,2.7681484303508626,1.9981386889811976,0.08738870206911893,0.14633109937752575,0.14008132922845876,0.21928435750265704
2014-06-09 10:00:00,DEHM_BD,0.22742921495916307,0.22020895706060092,0.3390106635463144,0.6103250058000905,3.0950588956401917,1.9719922134715318,1.2893966927785474,0.08541939717578807,0.13071691082308992,0.14007609108855698,0.20626812812813547
2014-06-09 11:00:00,DEHM_BD,0.25983030100719057,0.24551148380436807,0.3700049750634607,0.6653386502295544,3.505153642269652,0.8277867165037198,0.8647415951618667,0.09229032096830651,0.11962008287350168,0.14807875380760285,0.18273386941010478
2014-06-09 12:00:00,DEHM_BD,0.2889038996788021,0.26758921159602445,0.39974221854343067,0.7767631119594025,3.3829808602051905,0.714934754579868,0.7271152527384739,0.1043056801386086,0.11407324573952352,0.1550914908974244,0.15387423676832046
2014-06-09 13:00:00,DEHM_BD,0.3098947302984776,0.28636450364049815,0.39318165169655106,0.9706291288912575,2.4822438676530494,0.5818386121405683,0.7013906616755899,0.11428607583542535,0.11207591538285132,0.1647813326341041,0.12695048716048998
2014-06-09 14:00:00,DEHM_BD,0.31752427437283487,0.2992689190669893,0.3643933336631592,1.0200524762673955,1.6411600787699523,0.3987562921934353,0.7830930552718508,0.1223717292877752,0.11320783782351748,0.1758026774643634,0.10284838383060667
2014-06-09 15:00:00,DEHM_BD,0.31684784488254664,0.3047703489087998,0.3375016999460232,0.9203575989274447,1.2644785872329771,0.3909826592103145,0.6661935367142886,0.13246518185722175,0.11945821910530309,0.18741913600235585,0.08490981385056907
2014-06-09 16:00:00,DEHM_BD,0.3112801091200391,0.30624811278835573,0.3135793856343226,0.5164466827317606,1.018758785021596,0.35424329343401995,0.2955127277474952,0.14690031778612506,0.14170820151304578,0.19624285704772804,0.07480032349737988
2014-06-09 17:00:00,DEHM_BD,0.3049965445551454,0.32182205129876335,0.3258669321014217,0.2120745174963704,0.8468275986246938,0.3110734497531308,0.18721289126412094,0.16126233828191627,0.15355667528325886,0.2067318163363344,0.06865080858133482
2014-06-09 18:00:00,DEHM_BD,0.30228089063081925,0.34790888911473394,0.33254682952629405,0.14279035436261145,0.531994961801333,0.2870548757103964,0.14922987004081711,0.17129598174076524,0.1738843827121029,0.23171882833777627,0.06448133765541926
2014-06-09 19:00:00,DEHM_BD,0.3006861696277146,0.37484550156224783,0.3338228760451316,0.09564774197944298,0.3927712793121963,0.2684757565366799,0.1553915607801231,0.18356292472023691,0.2159401427067629,0.265659255703067,0.06142296607720888
2014-06-09 20:00:00,DEHM_BD,0.2995866397830586,0.40881109748294936,0.40195647493521397,0.09112333591134282,0.3186734621258976,0.2995955575753796,0.17599517124286534,0.19057224791293717,0.27799733364806734,0.29397113971943484,0.06234108102303454
2014-06-09 21:00:00,DEHM_BD,0.3063187082714819,0.6733505562559976,0.6090966987668789,0.08072147973885613,0.3174977572849834,0.7328344093349832,0.34395938403745885,0.1663675352168327,0.33104951084524503,0.3730273501345879,0.057177320355361855
2014-06-09 22:00:00,DEHM_BD,0.3367356400692764,0.9730007091868432,0.706168401242007,0.06733201732805137,0.36509289649049276,1.160421933032535,0.6361005025049755,0.15128791063726524,0.3677603786578337,0.37092244316132045,0.05330308540686853
2014-06-09 23:00:00,DEHM_BD,0.36701043799768657,1.045962607394309,0.8352952781844603,0.07289961404269027,0.5135925552203621,1.8321981529590414,1.0169131526311517,0.1661743416196968,0.3922668530406413,0.33693264022464675,0.05640614216575151
2014-06-10 00:00:00,DEHM_BD,0.37842109136623325,1.0192499799086332,1.244172043541325,0.29922562531790375,0.7746014093822263,2.3789004324567573,1.4768037673313825,0.16447701865846862,0.41579209872041933,0.3859977590481317,0.0619178185844461
2014-06-10 01:00:00,DEHM_BD,0.37033306051050313,1.3077449474988918,1.7436578522187811,0.8730571556171288,1.3736510563937179,1.823514562068524,1.8592330114530844,0.14734209677935095,0.4520713365728411,0.3967740554356445,0.06854677756775192
2014-06-10 02:00:00,DEHM_BD,0.3438749586793127,2.2699403504872135,2.5849634364840752,1.2863041815333665,1.4634789767756033,1.6746399982514601,2.3710314448636347,0.11801550852333817,0.46667110524932764,0.2622896941015362,0.07605563000613354
2014-06-10 03:00:00,DEHM_BD,0.3055276916352565,2.7169033704322407,2.946083160681954,2.031580568559881,1.1335381852713413,2.5087878941621775,3.07986740641212,0.09774065688813278,0.41909968280402055,0.18052003470272088,0.08790776827495586
2014-06-10 04:00:00,DEHM_BD,0.2738980283658764,2.015120009973717,2.3747720187992747,2.1447450969398196,1.1696411995640512,3.691074980556706,3.3335236200329343,0.10849250484059593,0.3273586848348826,0.14748434939005312,0.09806259356730729
2014-06-10 05:00:00,DEHM_BD,0.26819491995460343,0.7773068185586185,1.039670555366495,1.3273567712329175,0.9026354077005736,3.9074203653003643,2.737466048197364,0.15186467512201446,0.25008209427498046,0.11374664731039663,0.10170973774558616
2014-06-10 06:00:00,DEHM_BD,0.23288930047645917,0.3846217033719084,0.3629083408583316,0.7527256130027538,0.5025369554804171,2.11492788264853,2.26322300162373,0.15627835079392216,0.17747733944125935,0.09231619526665708,0.10556407639415456
2014-06-10 07:00:00,DEHM_BD,0.19447497271454414,0.2967459877247828,0.2584313374559603,0.5968073979946317,0.42731931197670275,1.07218774802924,1.6199907820867843,0.17581402354422843,0.12701683325355861,0.085659286775387,0.11217194765430154
2014-06-10 08:00:00,DEHM_BD,0.18615900367603347,0.2546968387180252,0.25442365220955676,0.5755862085528205,0.5796357787849566,1.0264911228790785,1.0961461231540235,0.19839720934211622,0.09869922422280065,0.09253264674479826,0.11775653851821534
2014-06-10 09:00:00,DEHM_BD,0.18801166550480403,0.21985728946581004,0.2656741082718979,0.7400033201101608,0.8397196142620873,0.9070950779670663,0.8535503753233608,0.21539731105963913,0.08306295507500434,0.10774943459094222,0.12061175256449018
2014-06-10 10:00:00,DEHM_BD,0.19619764911413645,0.2008569055423649,0.33089875146451875,0.83437736280662,0.7427706664475797,0.5605591913194697,0.9080689110502973,0.23571149856002005,0.08167325394902525,0.11590909971197565,0.11866554703767401
2014-06-10 11:00:00,DEHM_BD,0.19665805307943357,0.21320859800484307,0.4163123170589154,0.6750408054844849,0.5681867981368303,0.46559370997037275,1.0140388282075523,0.2453065209445397,0.08424777464608933,0.11584053547184879,0.11647849379232131
2014-06-10 12:00:00,DEHM_BD,0.1815832916374923,0.23077778346295694,0.4352027764244166,0.7212823088980699,0.4580923620024695,0.5500747290031983,0.645071066220263,0.25825850164794234,0.08836723683974594,0.12240176301574436,0.11407597642818461
2014-06-10 13:00:00,DEHM_BD,0.1788689605111023,0.2573017246785945,0.5773192305242385,0.6879032427356158,0.3810650537220573,0.5318927708160923,0.6262264821813375,0.25277288070131493,0.09205747167554348,0.12541733738211266,0.11061792336322354
2014-06-10 14:00:00,DEHM_BD,0.1863711120318865,0.2772759851250587,0.5011803836176079,0.466929102836631,0.3682693584532475,0.4043447460709651,0.3823686960382206,0.25053739344909315,0.10379033982399079,0.140872110955907,0.10821097086838428
2014-06-10 15:00:00,DEHM_BD,0.2029948745863813,0.31001933964390177,0.2591320181370394,0.3831451909569475,0.3740859959858329,0.31952589747790827,0.39688479475046495,0.24496139539633394,0.13110104446546159,0.1864210824831604,0.10786482728487799
2014-06-10 16:00:00,DEHM_BD,0.21547284980817466,0.3497101891585298,0.2739452478310401,0.3202403611571044,0.3806939530268659,0.31810921551359,0.5907314328093122,0.2446986815603845,0.14401567138475874,0.21404799748414813,0.10809623734546123
2014-06-10 17:00:00,DEHM_BD,0.2070496193314828,0.36716166252181537,0.35646283394618006,0.3349921279886917,0.387006481386898,0.31156607539673875,0.6982711084224882,0.24477040998388305,0.13778612475161753,0.22447699354296585,0.1085558445064338
2014-06-10 18:00:00,DEHM_BD,0.21774016665252968,0.3778765899810029,0.6514918547174793,0.44635538474570197,0.36647453887870984,0.3341221302969098,0.8590116685949714,0.24187483477833488,0.12646419901429531,0.22124051311872908,0.10828219286049609
2014-06-10 19:00:00,DEHM_BD,0.23068382698970427,0.4196649480152671,1.7931199134356732,0.7322634396985932,0.3946010189477959,0.4723101349374683,2.177647905919871,0.241306746826695,0.11515064768639974,0.21326279589462244,0.10920442019251084
2014-06-10 20:00:00,DEHM_BD,0.23999753204594426,0.625793908446961,2.3952505638790496,2.119361375924598,0.5132217930231057,1.1298211558928242,2.8403236958911737,0.24774989142779025,0.11217901692580552,0.2120481130161582,0.11383117019406028
2014-06-10 21:00:00,DEHM_BD,0.23775968128651934,0.9222692966897181,2.3846505529257827,3.5576709498673504,0.6338014889943413,1.6513093696180483,3.3164079472940218,0.24373624716961118,0.12318736156300826,0.2070189586988151,0.11735539918171044
2014-06-10 22:00:00,DEHM_BD,0.22459463678655145,1.9038188797728577,2.147472226793384,4.343349465484162,0.6640624485672684,1.9412840319247775,4.102215949736456,0.2356675929106786,0.14727045733369984,0.19982416315653573,0.12033830473418575
2014-06-10 23:00:00,DEHM_BD,0.2156101098092319,3.3196885807551486,1.57082654662963,4.4204186305511355,0.5664211848655483,2.015834343131556,4.872398811615635,0.22852466534819546,0.15591167558407248,0.19937748001985545,0.12352631841711645
2014-06-11 00:00:00,DEHM_BD,0.21289445665181772,3.363906224940934,1.015930606521629,4.694288607024701,0.41989751927364605,2.098482324376691,5.232447732239831,0.2227138976850281,0.1542814145382321,0.19956834942741544,0.12634548261757564
2014-06-11 01:00:00,DEHM_BD,0.21741514381612403,3.1776310221487876,0.9058998320245742,4.934037023382123,0.34728410524782716,2.3250455346914576,5.1653036167203625,0.2204525240677431,0.14982659477928417,0.20742298941765136,0.128698212846608
2014-06-11 02:00:00,DEHM_BD,0.23473802390971846,2.8703234777618807,1.038288790988624,4.796120372299552,0.3244776524118007,2.468808532238182,4.978314329100216,0.22388127493435744,0.14577317395299044,0.21955786950047856,0.13094892723904003
2014-06-11 03:00:00,DEHM_BD,0.2880780413897969,2.093945451181191,1.2004322301437704,4.394912231676533,0.3405858327567529,2.3847902534452303,4.6646752675449,0.2434867067744861,0.15330460782126806,0.18428055356172587,0.12870670586020871
2014-06-11 04:00:00,DEHM_BD,0.2680318690617894,1.2517296438587784,1.121191200186275,3.9325661014311013,0.3394529754425073,2.0719536771797924,4.078887159103076,0.2848030083822457,0.21789082235833912,0.16329115673175026,0.12779230560311872
2014-06-11 05:00:00,DEHM_BD,0.23451138518654271,0.9935502967650303,0.9834939200596511,2.8761220825869858,0.25912935159310685,1.3792407177817685,2.8773535181908017,0.329168419164,0.30431598120809866,0.17842012878214322,0.12733036838965367
2014-06-11 06:00:00,DEHM_BD,0.26436463389538556,0.9566697748774406,0.8059397299929504,1.8669275243119468,0.21880671350373407,0.7359512907022645,1.660150876014078,0.36155255898225114,0.36822772127416914,0.200586103528129,0.12755595637032982
2014-06-11 07:00:00,DEHM_BD,0.37838471942484125,0.9094529713980259,0.5885804407999058,1.0986522018832598,0.22857229770021498,0.5011905928634118,1.3574215672138135,0.39550797794268916,0.5309493783488495,0.2455163111884518,0.1316657324523583
2014-06-11 08:00:00,DEHM_BD,0.8474693928752908,0.7131022537058753,0.5462448656090161,0.8180657772962149,0.2358429100317041,0.40512268502115734,1.035412707242418,0.4053973896269313,0.6166247176155075,0.28886953464768816,0.1356249673426081
2014-06-11 09:00:00,DEHM_BD,1.4545585669674772,0.577156900898516,0.5496431038175057,0.6694169765113023,0.24125588007805854,0.3748950820965504,0.8719176904778272,0.4047858287287876,0.5063551943045853,0.3389537020002956,0.13404592395150436
2014-06-11 10:00:00,DEHM_BD,1.6979882843042118,0.5050563362533714,0.5295566575576921,0.7249665499277151,0.2407880610196664,0.3412708595469407,0.9611407148537832,0.39576828523644225,0.4038553193769603,0.3716969948242138,0.13322622915292143
2014-06-11 11:00:00,DEHM_BD,1.2109881379274348,0.5560657527858518,0.5127324668843205,0.8235270035903427,0.253550523012746,0.34442214518210845,1.0739951658731466,0.352352839739928,0.38295158880461,0.362426100160321,0.13892009856579818
2014-06-11 12:00:00,DEHM_BD,0.5775376407245546,0.6529653415622747,0.4970830698845302,1.1141057689907472,0.2619490446374751,0.3889636811754432,1.2297240036101638,0.278155231767632,0.3664734030155091,0.3686251567186227,0.14841853553886045
2014-06-11 13:00:00,DEHM_BD,0.3817661370716895,0.6427024279652733,0.5171764435118296,1.4077055624952517,0.27911546238418666,0.35744987614239776,1.2822028796945815,0.2598581232177279,0.34559530743096023,0.41267147926009484,0.15191542390915622
2014-06-11 14:00:00,DEHM_BD,0.351414758593866,0.5553155383819829,0.5794809105601999,1.3017174580641906,0.28412898988595225,0.27062986511712883,1.044853289844913,0.2591073890800703,0.3448293489206406,0.44223211289236786,0.14991630914490794
2014-06-11 15:00:00,DEHM_BD,0.3494146865886006,0.5115363154097995,0.49059210904872036,1.2728919426684406,0.29051228977248056,0.2180741931594662,1.0805679390294292,0.24693802773997992,0.40579212506190404,0.5196032858153152,0.13996197875630334
2014-06-11 16:00:00,DEHM_BD,0.34713296639455354,0.5317407445707719,0.4608623657523421,1.2081028331890515,0.294729315616479,0.19297792590885054,0.9303805476154969,0.2291389047809336,0.4866107781456939,0.3464966391997318,0.12615498131422612
2014-06-11 17:00:00,DEHM_BD,0.350099556725113,0.5269415574927032,0.4060972415979858,1.0415085121960954,0.3052985225269664,0.2009443061005649,0.571041493288571,0.21866876317258277,0.5530903505792584,0.2885551203815659,0.11789443804250335
2014-06-11 18:00:00,DEHM_BD,0.338682525232702,0.40426165673501635,0.3586857663458981,0.6722364219485819,0.3530845150043908,0.2543846978773098,0.4721300016787133,0.16141458826518965,0.562229162755017,0.293131927299796,0.11744187766440801
2014-06-11 19:00:00,DEHM_BD,0.32208008726278553,0.3572748024888394,0.3525680329326424,0.4648024585968886,0.6003135312634567,0.44641985255505423,0.9226757928629619,0.13525209781954978,0.5312414075566392,0.30458475759724435,0.12081508003416463
2014-06-11 20:00:00,DEHM_BD,0.304422037985773,0.5834947652192725,0.36509900115865734,0.8491707133412314,0.847887603880763,0.982715442964926,1.5699077489954583,0.1409623681676137,0.4970991414103228,0.3275910668507782,0.12358553489743206
2014-06-11 21:00:00,DEHM_BD,0.3574191027522345,0.8016566110819894,0.3779947677068214,1.3560948439796356,1.1367383007006906,1.5841266690372966,2.079679833053046,0.165151850119593,0.4337255052973678,0.4055728059865639,0.13148020483151948
2014-06-11 22:00:00,DEHM_BD,0.3929721644041483,0.6267844237167574,0.3491668603447218,1.860408208277413,1.605232110247698,2.302295984652546,2.682423893770923,0.18348101322070923,0.3362135710167949,0.5011365353392414,0.1506696436770442
2014-06-11 23:00:00,DEHM_BD,0.3372729556602354,0.4849492270560901,0.28305414371676735,2.4485508864741923,2.0391388142559306,2.9814626307071954,3.378516884531089,0.16722397195591732,0.25722012025163726,0.5355104215495241,0.18064352399735678
2014-06-12 00:00:00,DEHM_BD,0.36088544349132684,0.47300667833155124,0.27115901153714383,3.1368673621116336,2.394298855634511,3.5366525224533296,4.080189634110958,0.1550319311568016,0.20227970541117699,0.4749835185714095,0.2139811003907404
2014-06-12 01:00:00,DEHM_BD,0.2786299478681547,0.37940942456047044,0.32512968707928425,3.8633025816191204,2.747768005296879,4.001328993071816,4.780259109864978,0.14997685152360812,0.16825623549006866,0.4904719289903643,0.23440099040270998
2014-06-12 02:00:00,DEHM_BD,0.20838679077574046,0.428061240007393,0.3659207578106502,4.567237932995868,3.049748315121699,4.451139018424552,5.456551281817982,0.14448372767066575,0.16246826351322222,0.3322123917835028,0.23939318361999326
2014-06-12 03:00:00,DEHM_BD,0.18776908565961045,0.4492895087368832,0.36484322326504615,5.1236813258816785,3.258455309116642,4.802813581294437,5.968640123605294,0.14407492268605138,0.158618731787321,0.2385676159970379,0.22791359844849582
2014-06-12 04:00:00,DEHM_BD,0.2051912252715951,0.4081637072323285,0.3402981968118622,4.738428859630951,3.1834497468580523,4.8181218127981875,5.781385612512983,0.1511613854096782,0.15665667690418653,0.168964703398166,0.1982877573119774
2014-06-12 05:00:00,DEHM_BD,0.2408443174364463,0.35399100327451466,0.31530519537063295,3.8674059041603304,2.5953530302908407,4.229053726902729,4.8802926430318525,0.14710089951664893,0.1519085715497842,0.1667106346058402,0.17417773616293697
2014-06-12 06:00:00,DEHM_BD,0.2623398370858467,0.3211625800408805,0.2918227912585995,3.518382398071816,1.527698839083044,3.374840716779454,4.407997956973057,0.14876643951184113,0.15199467498572533,0.21366087373173787,0.16073429911196638
2014-06-12 07:00:00,DEHM_BD,0.2797065112602151,0.2979084412569714,0.2867540486199035,2.4621116024391148,1.011657222117735,2.0269347232296617,2.9724971614682425,0.14199724422994747,0.1481562796899954,0.2487131219307425,0.15097400602740355
2014-06-12 08:00:00,DEHM_BD,0.2792582728886045,0.27238670526479825,0.270607907902831,1.6889117596049403,0.8490263084482401,1.1862754974007559,1.9735478745723767,0.1421546258346642,0.1411861061955615,0.27825547434446846,0.14502572978145511
2014-06-12 09:00:00,DEHM_BD,0.27167950337341046,0.26221282536672186,0.24261941551927932,1.528441856215996,0.7794731134120746,0.7396415762628404,1.5538580334385916,0.14020330119108296,0.13712764278109174,0.2840023194090602,0.14502868103551375
2014-06-12 10:00:00,DEHM_BD,0.26006468828586854,0.23131647355885115,0.24429711311690036,1.6191153798604618,0.7661752322587464,0.5716371664771063,1.5823234622754645,0.13173539955426228,0.13481229498676478,0.2753510786643018,0.14665689653313535
2014-06-12 11:00:00,DEHM_BD,0.23367891184065248,0.1886338098009855,0.24916946737276843,1.8806352890895155,0.8220776745750569,0.5293713588311523,1.5758477978889727,0.12536496740472494,0.13929468004913054,0.2519128960660798,0.14521084802833345
2014-06-12 12:00:00,DEHM_BD,0.19552818305433842,0.16871594611452648,0.2573223206089145,1.906286886667949,0.9674853857605532,0.5189315733750373,1.6859964053432326,0.12365727578677452,0.1383594159853364,0.25803942303847516,0.13822960253432118
2014-06-12 13:00:00,DEHM_BD,0.18361102397423457,0.13982201212372347,0.27747352157756555,1.8961461062481324,1.0130375968819298,0.4810324169460288,1.6793431711182343,0.12472117417469841,0.13440860043726854,0.22650424227162488,0.12611934480612344
2014-06-12 14:00:00,DEHM_BD,0.19145637949959893,0.12753766531670016,0.27060791323029126,1.7443775573326006,0.9625194023407436,0.4411422448935184,1.5090623743449787,0.11916384558097907,0.13229166569631534,0.17770511732856034,0.10897565632600573
2014-06-12 15:00:00,DEHM_BD,0.18338208740905917,0.15998115512984165,0.27218961307471956,1.5817284593363998,0.9114604263846482,0.4188752219746936,1.4564195276460579,0.10557458070376881,0.12310454260904316,0.166090096233129,0.08941614794441122
2014-06-12 16:00:00,DEHM_BD,0.17152713594882582,0.19629110099889538,0.2872242387215309,1.3354018585978495,0.8408790753530944,0.37080122750359057,1.436734397289592,0.10646382285621003,0.1325061445603518,0.15888463889010587,0.07164274086145656
2014-06-12 17:00:00,DEHM_BD,0.15803056100429863,0.21381328568933727,0.26299752188312114,1.0510501347859997,0.7551345198174566,0.41912824176578983,1.1372865997725163,0.1034591939712432,0.14990313559840415,0.16508637130288858,0.0578324264920415
2014-06-12 18:00:00,DEHM_BD,0.14496387034856878,0.2331424007497026,0.23617291697059287,0.7831584847569946,0.8073614592864783,0.6259471897048308,0.9432653553156732,0.10392557697001052,0.13895940982290525,0.16615933627092236,0.048739238452217816
2014-06-12 19:00:00,DEHM_BD,0.15125712417285217,0.25222804734988113,0.2249989726258393,0.721764721514913,1.102205679763276,1.4956295349996351,1.4081664970733643,0.11383720714642806,0.121808149506971,0.15168232671777696,0.043052062681959886
2014-06-12 20:00:00,DEHM_BD,0.17794398616501128,0.22580240625537581,0.2102897200872049,1.126706030334715,1.3994396811965482,2.792849058994746,2.4391181452683957,0.12416709482290436,0.09773287071503696,0.15229817592438974,0.038810079375418326
2014-06-12 21:00:00,DEHM_BD,0.20912642020014835,0.2043585971371597,0.18340218651519266,1.739908148466326,1.591348801041101,3.504573016116468,3.5346690988201113,0.12825723571843448,0.08167635117514037,0.17389117243252325,0.03597785333692272
2014-06-12 22:00:00,DEHM_BD,0.22750221619754968,0.1931869539374878,0.12460271355857712,2.2988780642538487,1.691221602229681,3.9422932387347984,4.629415900766663,0.1202633281546599,0.08450162843436923,0.19273982606454806,0.033854263164989636
2014-06-12 23:00:00,DEHM_BD,0.19034700063607096,0.13771815892459316,0.08151878929248532,2.966478557001859,1.8107068342019987,4.269637566999266,5.808161953852598,0.09536314984960334,0.09489369287897817,0.19608718540816797,0.03197034778563158
2014-06-13 00:00:00,DEHM_BD,0.13732466834346713,0.08642975096638716,0.09054290669882083,3.846741495658076,2.004816953348138,4.378777916710031,6.680929619429021,0.07484968822274109,0.10565848854600213,0.18123217665594923,0.029991211109259026
2014-06-13 01:00:00,DEHM_BD,0.10823922260153335,0.09920213564511278,0.10243276771851074,5.044332236593235,2.1364641467128695,4.29140963762113,7.150672063809298,0.06630208944604726,0.091985696576326,0.1445226050741138,0.02885518481693686
2014-06-13 02:00:00,DEHM_BD,0.10672396370691645,0.12423494115935715,0.1146997971193369,6.45867126928624,2.0354894473084904,4.074947889822996,7.2545887130073865,0.07144877960521713,0.06676478275993583,0.13077684418490612,0.031011931114897983
2014-06-13 03:00:00,DEHM_BD,0.11827713403263514,0.16167104528516904,0.13426603988834174,7.485293400634584,1.8241780404682202,3.8711631586676716,6.939688735320162,0.09940777009528116,0.05835773967579921,0.14624775409911503,0.04066297687781784
2014-06-13 04:00:00,DEHM_BD,0.14933826009428997,0.23367137113120162,0.13328254102523188,6.729788381830837,1.3213666702592886,3.4081161976483436,5.909305347926921,0.11185585774077085,0.059984405287997075,0.16191946953789504,0.055247661573785675
2014-06-13 05:00:00,DEHM_BD,0.17888740874095,0.2058526869305153,0.13757656237289248,4.725534753122,0.7728133471840386,2.2049319657322997,4.047723791307266,0.0957817587113984,0.056971922804777156,0.16912856917703512,0.06138599486916665
2014-06-13 06:00:00,DEHM_BD,0.1419566588969131,0.15254544387151117,0.12455662921929989,3.1029912592489644,0.5571457912789703,1.0024953814104955,2.504291134258888,0.08218139706688914,0.05313684009243493,0.15195554997950395,0.061451505421131106
2014-06-13 07:00:00,DEHM_BD,0.10411349506638934,0.12662476966449343,0.13720300443071623,1.732200768899584,0.475747359853154,0.4573933687550411,1.0181101697450592,0.0749731522377299,0.05188035795424345,0.11367899675293931,0.05964172570322397
2014-06-13 08:00:00,DEHM_BD,0.09360165592705816,0.12134623879264453,0.17199512328384198,1.0841723592736916,0.5402175873978807,0.4487839431890145,0.5587010367481222,0.07168837045254633,0.05340195826133465,0.0930741420363959,0.05712721277117363
2014-06-13 09:00:00,DEHM_BD,0.09194855573097233,0.12046322130775829,0.19982561001967628,0.8369414172121603,0.6154841728150192,0.5951489252225635,0.6836394445269601,0.06909482305954188,0.054928806252961454,0.09944259395920653,0.05382751820333523
2014-06-13 10:00:00,DEHM_BD,0.09541440242901046,0.12023922724640637,0.25011692822722126,0.9333146683402731,0.7388187975723669,0.7249220312088076,0.9660282138890425,0.06636776660623954,0.057387704114117505,0.10478210152231496,0.05065448946089005
2014-06-13 11:00:00,DEHM_BD,0.09396739913936658,0.10686858350505575,0.25264454332014924,0.9942047591869253,0.8526235282803141,0.7741443332492932,1.0124520319071784,0.06691901605079864,0.05479791906732121,0.1106767268164478,0.0484239075765524
2014-06-13 12:00:00,DEHM_BD,0.09380922240505925,0.09209898680563774,0.21516857456230726,0.8744038216840183,0.8828014958988781,0.7517687601509783,0.896608859541735,0.06805046103539858,0.049731925145080194,0.10612442989618218,0.046262874073027496
2014-06-13 13:00:00,DEHM_BD,0.10742165218914587,0.08608935503449285,0.19686701483877656,0.7665908332815183,0.9142384617453719,0.7000605328323645,0.8652204549451963,0.0666187110802529,0.04683672058480311,0.10189848412615954,0.04356691489961442
2014-06-13 14:00:00,DEHM_BD,0.11161660244211921,0.08437516118223419,0.17140212152913786,0.6525215843703411,0.8964550396560598,0.7668406191439996,0.871432606231902,0.06288923722955614,0.046018196626275244,0.10566187325028444,0.04154973856539452
2014-06-13 15:00:00,DEHM_BD,0.09502810278528705,0.08327224933398458,0.14470023665716714,0.6738691616090944,0.7609245458409191,0.8670845739806397,0.8730890146532921,0.05930207344587308,0.048139210843818635,0.09922488398162917,0.042602959528555966
2014-06-13 16:00:00,DEHM_BD,0.0933039626727373,0.08313462500795149,0.13342180387729305,0.6263919258409214,0.6186930713441081,0.9003079581390623,0.7751991273769467,0.05707742430439465,0.05025462111862359,0.08411355995351416,0.04351200460413446
2014-06-13 17:00:00,DEHM_BD,0.08768143189056882,0.07972706155524986,0.1369532802372704,0.5762743797043827,0.4572199533392115,0.7479263406011822,0.6969717328941961,0.05593675185953173,0.050548938725719174,0.07853885584684236,0.043044808277003264
2014-06-13 18:00:00,DEHM_BD,0.07596245856930188,0.07845587411584294,0.12866278170559545,0.5302210771771572,0.3603113616171665,0.5322013096729606,0.5481231415477805,0.054482507843271875,0.04868995018228546,0.07320479399700032,0.04221944954947093
2014-06-13 19:00:00,DEHM_BD,0.07439712477237916,0.07890172549784079,0.11036277415871847,0.4303249880055145,0.2456067333554382,0.3618954194749431,0.3411794699631433,0.05231725329664757,0.04468675396442359,0.06565559771003288,0.040709151271084466
2014-06-13 20:00:00,DEHM_BD,0.07305033404532994,0.0831359452423492,0.10358289922232047,0.39956778985814495,0.16909175233143842,0.2633164692818033,0.41527053127468905,0.05095654641541871,0.0422101767268472,0.06185319610374311,0.039607020081216
2014-06-13 21:00:00,DEHM_BD,0.06878864004439665,0.08979237473793061,0.10050436495445905,0.49777848803877967,0.1299579766368212,0.20753947527834848,0.5243969303003756,0.046982130710854664,0.041917645651792165,0.05884201057798879,0.03910606486762605
2014-06-13 22:00:00,DEHM_BD,0.06025646097310752,0.09652847685323397,0.0986602268389748,0.579738956284906,0.12283675372043382,0.19692724859334632,0.663035812565599,0.04848175556483506,0.04159213369227845,0.061812054803998484,0.03908032960291832
2014-06-13 23:00:00,DEHM_BD,0.05938406665700474,0.09336624499126023,0.10244657477642982,0.7499856516252812,0.1364719218828342,0.2578748250929914,0.8645672296073004,0.05322272190501049,0.040868907501510225,0.06678898156122644,0.0400091382408071
2014-06-14 00:00:00,DEHM_BD,0.06107898640716554,0.08465585087533062,0.10786841730004222,0.9907139171754741,0.15896081895324388,0.4028117815289246,1.1422005608670052,0.04458388135999631,0.040542811879765106,0.0669661706898892,0.041705423753847094
2014-06-14 01:00:00,DEHM_BD,0.0605881394731624,0.08446924325458291,0.11427451526754502,1.3236650981190463,0.19444399896258246,0.555756486157129,1.0891424438267445,0.03384602439584732,0.04039058076515848,0.05896999366330269,0.04250991241467874
2014-06-14 02:00:00,DEHM_BD,0.054407152700567556,0.08061575629360135,0.10485452112055607,1.1321581828255334,0.24249944482299954,0.6983361225801414,0.892651777622276,0.033064411723874414,0.04002728729077118,0.049271041392809765,0.041532275682692285
2014-06-14 03:00:00,DEHM_BD,0.061882067864492844,0.0648814060730804,0.09637090258941539,0.9135867068754625,0.2710284169558015,0.8076178029553016,0.862284831225383,0.03545734636198031,0.039569270041088504,0.04666098674581812,0.04305403206957258
2014-06-14 04:00:00,DEHM_BD,0.05800079372214703,0.0599062289832552,0.07286475917272853,0.8184503794638184,0.23761129904818715,0.746172731070416,0.848997512736835,0.038567145245295135,0.03389072837752082,0.037752742939678986,0.047704563081446064
2014-06-14 05:00:00,DEHM_BD,0.05975806483031248,0.05604296338368062,0.04690174141550166,0.7309323049385588,0.1928292306199064,0.5264369165402417,0.7912940251730521,0.04052288721724009,0.03304828641890292,0.03773793856218721,0.053681749734057684
2014-06-14 06:00:00,DEHM_BD,0.06642241732824065,0.05966075642686868,0.04589402699661759,0.7126067950276889,0.1946941752920624,0.3753556885185464,0.6464187865096463,0.04049300800651468,0.044496018100781146,0.047279839542997214,0.0584731914626201
2014-06-14 07:00:00,DEHM_BD,0.07354036849238131,0.06131141024968693,0.048456631460009995,0.6205117976891201,0.19137357603449362,0.31920851944441897,0.5450413974218931,0.04054525923800007,0.05328595766670056,0.049603133977418064,0.06187255842329914
2014-06-14 08:00:00,DEHM_BD,0.06797498732498544,0.05724539029297663,0.051818031178798726,0.5017078216819366,0.21264009306301349,0.28329741521997587,0.512376969566168,0.04047273060569415,0.05812015430619001,0.03702623862728202,0.0623667655376472
2014-06-14 09:00:00,DEHM_BD,0.050737847677630135,0.059985984799757086,0.05735786355009766,0.4738724333084784,0.2133002895487937,0.24450966116883313,0.4495586465514998,0.04076864584511457,0.05713011156965954,0.03207325137199882,0.05990296034531198
2014-06-14 10:00:00,DEHM_BD,0.041713545447573296,0.06637726433670253,0.06886560379446009,0.5611451958392781,0.20528690939691835,0.2425746266952179,0.5707646913832836,0.041923481788674916,0.048157412503614216,0.03458783453822816,0.05654417300793092
2014-06-14 11:00:00,DEHM_BD,0.05502842273288871,0.07661884255316084,0.0799350674688162,0.7795378650448342,0.19334815309745246,0.2602770417688017,0.764876402990299,0.042241120125945705,0.04500820547566627,0.036489487008971415,0.05378548303201322
2014-06-14 12:00:00,DEHM_BD,0.07740718776040931,0.07808857333321355,0.07853214715771595,0.9356144681224783,0.2123029128399257,0.2633467377513459,0.7281535304382872,0.04227609944359026,0.046138077028248056,0.041131412100921125,0.049298583357862455
2014-06-14 13:00:00,DEHM_BD,0.09000381080928235,0.07689467424556021,0.0715989854230731,0.8155808538950386,0.22989718559020197,0.2882932032172567,0.6475654303634915,0.041905554171043836,0.045655572152724436,0.04149334440729455,0.04705541218784856
2014-06-14 14:00:00,DEHM_BD,0.08465468716570398,0.07433202026044819,0.06352153892761081,0.6800391687141455,0.216290470706052,0.3410260039797167,0.7268872339182085,0.0416718740801358,0.04467250987462688,0.04066408946704466,0.04538878876884743
2014-06-14 15:00:00,DEHM_BD,0.07584924213075357,0.07020226165910359,0.0602523159138368,0.7569506923095073,0.22120701312992247,0.34830394543355775,0.8273724238098992,0.041556212025026754,0.0435029051507007,0.039213507889013115,0.0436583621600548
2014-06-14 16:00:00,DEHM_BD,0.07271326860379886,0.06389217161644115,0.05953550136372148,0.6744035789776113,0.2214911671647894,0.28377580489988663,0.7601930780276909,0.04286960048077973,0.03987242286962858,0.03820936674456333,0.04251863283663261
2014-06-14 17:00:00,DEHM_BD,0.06745611520898813,0.0590716933492253,0.06053288277155238,0.5643514292569928,0.22058004456935446,0.22496210208520512,0.5874618841992557,0.045908628797671026,0.037402375747845176,0.0395328701707476,0.04234371603420302
2014-06-14 18:00:00,DEHM_BD,0.06438731355258952,0.0571557157865885,0.06064853201190613,0.34983502772591824,0.21299384839704252,0.19931618582490473,0.3804135424862609,0.048924387309506996,0.036265328773014395,0.04130216498570669,0.0413936741765186
2014-06-14 19:00:00,DEHM_BD,0.05869617916933229,0.05987837052088363,0.06177426493285079,0.24798904910733238,0.20989713977186,0.19169478928910952,0.2853586829964824,0.05201015154098866,0.037887347194335355,0.04311598864940539,0.03987646183131556
2014-06-14 20:00:00,DEHM_BD,0.05486635894619873,0.06972814918223579,0.07219070744497151,0.24868244214012541,0.22961494603972873,0.1893921574582887,0.4152074929026169,0.05884976637853453,0.03884685852203918,0.041618856415586526,0.039469673304094614
2014-06-14 21:00:00,DEHM_BD,0.051182961869890936,0.10412307128334254,0.06930619742410284,0.4062717497589603,0.256318279717639,0.24321702000534845,0.6406504996053837,0.07454236333261338,0.03982506785605474,0.03962984998280526,0.039296604891982334
2014-06-14 22:00:00,DEHM_BD,0.050514290936986776,0.2693383298830697,0.08060875037651924,0.6563689647435518,0.29626396549187584,0.3911363571300681,0.8362414795810381,0.08690189287442915,0.0466303166869953,0.046019000572893994,0.03877221558857935
2014-06-14 23:00:00,DEHM_BD,0.054611096949051696,0.4815798904318422,0.1064420754256385,0.9463019248235738,0.33649118489339935,0.40775294659885103,0.9436015617250604,0.09018328793055823,0.05719570895491458,0.05059697176840045,0.03809872654411926
2014-06-15 00:00:00,DEHM_BD,0.05844694585989213,0.7136900989098752,0.13988516132459505,0.9942965199327074,0.3607325597823409,0.4333143510383599,0.864116806488647,0.09851729908418362,0.06294230911524054,0.052799019171813934,0.03744504652772435
2014-06-15 01:00:00,DEHM_BD,0.060124425674169146,0.7797507326672444,0.2500117539665276,0.8308979902055531,0.3810868834214285,0.4521419050277605,0.8820351226888911,0.0960593992586095,0.06359985509763165,0.052722526801142526,0.03653094754678864
2014-06-15 02:00:00,DEHM_BD,0.05382289630503393,0.7267181534872409,0.31988844398599703,0.843480087633531,0.4165091089657321,0.45530651662864013,0.920280431322644,0.08080884232644667,0.06456027659513089,0.051079121027517375,0.03540391448667288
2014-06-15 03:00:00,DEHM_BD,0.05360071403264868,0.6112968874385526,0.26251620898705297,0.9644281414518132,0.4464410504445433,0.46538763942817685,0.9543106496105203,0.06451073676556333,0.06855836282548175,0.04980757571141974,0.03403092640980152
2014-06-15 04:00:00,DEHM_BD,0.055989763650975494,0.5552967390763339,0.1967521287786249,0.9621178212286136,0.43354428989633914,0.4553199061446984,0.9172563124508061,0.061401883176393286,0.07179671610713606,0.04863129645362691,0.03307142859816641
2014-06-15 05:00:00,DEHM_BD,0.06294617492262021,0.33999495873263363,0.21505485068645316,0.7963869480109541,0.4075123961102217,0.40397838256910895,0.9146973983181517,0.06563621041453523,0.07819734375555992,0.04858061784389588,0.03203157949679541
2014-06-15 06:00:00,DEHM_BD,0.07268008900584635,0.1532071233011,0.23947934907471516,0.7541053986231331,0.37022850980009875,0.3971454001025924,0.8142086944672656,0.06378777030330587,0.08114316114102962,0.052019603084871156,0.03172976452219109
2014-06-15 07:00:00,DEHM_BD,0.09563862520720962,0.08942774864798635,0.23267664565580187,0.7126617031527572,0.3410418224411083,0.4069282428092462,0.7859736499233136,0.06597221211563982,0.08216883191032322,0.050264171483998976,0.03201200634727136
2014-06-15 08:00:00,DEHM_BD,0.14441829848217377,0.10179079586739175,0.21944134690577144,0.7079942109684912,0.3233963019112496,0.3934063060894979,0.7788567052380018,0.06938362091611712,0.08291354138192707,0.0467742237207549,0.032075923716286585
2014-06-15 09:00:00,DEHM_BD,0.14941159763744502,0.15629411737902077,0.21178222822967205,0.7530505973024846,0.31904834640540164,0.39935551972463246,0.8361783348577112,0.07157808953576503,0.08507090719163407,0.04531153535727117,0.03231332868449619
2014-06-15 10:00:00,DEHM_BD,0.14474475031573605,0.14903913826881082,0.2000374950216058,0.8045605421656715,0.33184850614646444,0.39060635538659516,0.8422550103437179,0.07265087277799845,0.0896570583023036,0.04557542534927415,0.03272930402795015
2014-06-15 11:00:00,DEHM_BD,0.15355058958030762,0.1679995973658409,0.20485918449724086,0.9341414064259629,0.30968399130874313,0.3150045833925401,0.8975562325171653,0.07420829599989168,0.09601207804298939,0.053154437406902885,0.03303767140933688
2014-06-15 12:00:00,DEHM_BD,0.15926025524129603,0.136176372597273,0.22253277546715441,1.0719589488607295,0.2906935399863961,0.23740088946023719,0.9123852851320419,0.07835782481872328,0.09966935240022358,0.08316683881097287,0.032888367018038184
2014-06-15 13:00:00,DEHM_BD,0.1554994483945006,0.11196976387943308,0.2282757377298431,1.0153757464601185,0.25637447665736995,0.20919807852107314,0.9834983884865409,0.08396513362741417,0.09916676070480125,0.12653905938375506,0.033174251995247844
2014-06-15 14:00:00,DEHM_BD,0.15326005677170573,0.11177523000557517,0.22736909695269528,1.0874391300069697,0.24270378279841498,0.1974315759364118,0.9441379333875511,0.0867734625912731,0.08934922508383614,0.14917497874830604,0.03404673713747298
2014-06-15 15:00:00,DEHM_BD,0.14821046334537716,0.10369939037208144,0.2323975718989798,1.010000229167351,0.21468068944316349,0.21747066635757561,1.0328898190301334,0.08649235746587725,0.08061026801536311,0.11826286118164647,0.03434032638696186
2014-06-15 16:00:00,DEHM_BD,0.1363107436638168,0.1210992177413217,0.26247394110649114,1.1309688183774307,0.18599363007587374,0.20684088874364495,0.9530376853611582,0.07483330013124961,0.0823748280371689,0.09844991888214621,0.03359013848973195
2014-06-15 17:00:00,DEHM_BD,0.12183564927220641,0.16471277431919054,0.2869978973922296,0.9811601535341486,0.14564230937814326,0.20249388397307352,0.7815638470761029,0.056079796209721415,0.08821600220191775,0.0950521538816706,0.03146266488207263
2014-06-15 18:00:00,DEHM_BD,0.11639003969443212,0.18576085527828687,0.27198726845044174,0.702435838927747,0.12365689384608515,0.21315410305734953,0.6925706307767946,0.048878360690019114,0.10090751022932,0.09234199664806043,0.029335676300558288
2014-06-15 19:00:00,DEHM_BD,0.11702217988481411,0.20453277581409632,0.26294465660741545,0.6313334135319832,0.12732703081416893,0.2656708256384665,0.8045306632871961,0.04797576704546313,0.10867310575539343,0.0882411917671843,0.02837324287569293
2014-06-15 20:00:00,DEHM_BD,0.10450414704748148,0.29674366783023476,0.2806449881202354,0.7520615839560035,0.16695337281773787,0.34845267431642013,0.8275328763412089,0.05275186450959172,0.12266984918954604,0.08133805848408655,0.02969999905847122
2014-06-15 21:00:00,DEHM_BD,0.10668298124880524,0.34630759082691287,0.25919832560443773,0.7492587459420474,0.184767286663635,0.4692550292771747,0.7576972567830624,0.060948540581281796,0.13348101221478892,0.07978323328963152,0.03188915161672008
2014-06-15 22:00:00,DEHM_BD,0.14526003661142645,0.3732405753409642,0.19640363679234155,0.7793715138564857,0.18419450858127304,0.5780270971840522,0.8673809211460225,0.06784728463523468,0.13470686827897524,0.08217055492613236,0.033703306898430686
2014-06-15 23:00:00,DEHM_BD,0.17364311137061555,0.46692758264927925,0.1430385328474896,0.9719790558853035,0.2165901754865514,0.718954258335305,1.0825248009198154,0.074171332609334,0.13702943643437418,0.10817390199815079,0.03423232433435381
2014-06-16 00:00:00,DEHM_BD,0.17974765271918833,0.5013266380822059,0.11708599777234928,1.2475671007132547,0.28071833744002495,0.9719190804054175,1.3555501083636121,0.07997768176575601,0.157323954709103,0.2771840135547076,0.03299306646110654
2014-06-16 01:00:00,DEHM_BD,0.18021830625766178,0.4612639587175956,0.12020501030813897,1.5324960575070385,0.41368429195461326,1.1051776403872178,1.2326746301825624,0.07759915092825301,0.237504056428343,0.6228197445053774,0.031179448228705706
2014-06-16 02:00:00,DEHM_BD,0.1731711964043647,0.39539687655313493,0.1298403168120233,1.3210394295468568,0.4540082022245786,0.9794394974254443,1.085351111860295,0.06732170755507477,0.4018426006390112,1.081534373923858,0.03120776190637153
2014-06-16 03:00:00,DEHM_BD,0.174954688017445,0.298496455713984,0.128660451088976,1.1332242285403142,0.4097141095678879,0.852572508363761,1.0334200236855307,0.056326703100212136,0.48382356561094686,1.065274288214301,0.03573549418252966
2014-06-16 04:00:00,DEHM_BD,0.19836461071549438,0.2088677844556952,0.10111799357836826,1.0453021585075488,0.30636890056483435,0.6759049165988853,0.8543904539732623,0.051673423661523804,0.3195676783410495,0.6894948047855577,0.040758079335728156
2014-06-16 05:00:00,DEHM_BD,0.2600797492002043,0.15721390106943958,0.08181477902276721,0.8255514909479242,0.2123003548435493,0.44989195100602686,0.5599081369747646,0.05218700827443835,0.21444929182145608,0.30410803322953167,0.03943817547271314
2014-06-16 06:00:00,DEHM_BD,0.29880097126822913,0.15275870793090082,0.07933422943168894,0.5512320595481263,0.19774008067941276,0.30500254943938454,0.45712609216127414,0.0543196332570052,0.1757007008790191,0.22533572021207943,0.03655627777431739
2014-06-16 07:00:00,DEHM_BD,0.3169692539799772,0.1759258496992068,0.07896081810665187,0.44912120385541515,0.18806461891734952,0.2272002603376074,0.3769465854990959,0.0560469339100526,0.15246624746488488,0.12065313176230054,0.033931132772971356
2014-06-16 08:00:00,DEHM_BD,0.32316128479029976,0.2104321935564506,0.08470248614806548,0.44036962253519873,0.20099357052940853,0.20287243590324644,0.3244966001366131,0.05689102055251496,0.15587243568235284,0.1171752156758028,0.033012249829319947
2014-06-16 09:00:00,DEHM_BD,0.33919370521722814,0.20466963669563337,0.11129627218910487,0.47009281901321415,0.2252670293337663,0.2150673747993679,0.2307958727554013,0.056749033034925525,0.1343990328135061,0.15218844013037605,0.03359894112884094
2014-06-16 10:00:00,DEHM_BD,0.33199653837677545,0.15805081131946977,0.12254377790675941,0.3188699353446408,0.21856122341684983,0.23336752016523377,0.2376337906195845,0.05585435830292456,0.07515897847356962,0.19421266985015928,0.03502366889879442
2014-06-16 11:00:00,DEHM_BD,0.3065505898664239,0.14237534072747668,0.13259252049299877,0.28369441992183775,0.20246511142423362,0.22882457141550708,0.32300639797249275,0.056688599677348545,0.054879330116200595,0.25820947441101527,0.035458607004439584
2014-06-16 12:00:00,DEHM_BD,0.3049919148532859,0.13474073374538034,0.22638470294791724,0.38633869593560366,0.1946002118070423,0.23306249013494681,0.41139230594813614,0.05613594350370858,0.056175318667329784,0.2829774550351104,0.03561279347826952
2014-06-16 13:00:00,DEHM_BD,0.33492921938070547,0.14554284144844568,0.33933389962899946,0.480314482955351,0.1896950689552723,0.21360711702520707,0.4738792482309445,0.05485394094189107,0.055610857451784415,0.4176070739466812,0.035547189411439424
2014-06-16 14:00:00,DEHM_BD,0.3069330300180566,0.24372717797189009,0.30021360299394917,0.564479514506862,0.1953307305311411,0.1962740304862007,0.4929125600571234,0.0550603752353578,0.050152369448152406,0.4784313127661296,0.035437089500085034
2014-06-16 15:00:00,DEHM_BD,0.2917777452989969,0.20345189821519885,0.2083888315582496,0.567214018438996,0.20153883650690313,0.20292426887416504,0.5350642297898983,0.0563027908885483,0.04482668257626659,0.2794133717767829,0.035460465985838574
2014-06-16 16:00:00,DEHM_BD,0.26876066741311105,0.08327172221222005,0.09777968296694323,0.5609850627155568,0.22286583434153345,0.2197042889154259,0.4682134098757209,0.05772395590123752,0.04306749142499367,0.21647772646654911,0.03444910830725877
2014-06-16 17:00:00,DEHM_BD,0.33928715636425644,0.07225740126116899,0.06592623927506101,0.4487435094234271,0.23740735628619783,0.23737000093684973,0.2878812323419053,0.0584061062376896,0.04238106240857785,0.20067680705038055,0.032828882275264794
2014-06-16 18:00:00,DEHM_BD,0.1819637232391721,0.061962308995634506,0.05919139663179135,0.2944068369125672,0.23116478027109047,0.23880423489588534,0.2475787057409082,0.056779116737710265,0.041282969551865674,0.23052935607111663,0.03134892953078663
2014-06-16 19:00:00,DEHM_BD,0.06053536637846832,0.05429327762835083,0.05545568252476209,0.22382105515585857,0.20573735832642745,0.22293014757700844,0.21879958276909825,0.05371732114173463,0.03905197691589016,0.2781836419855389,0.029529410999546226
2014-06-16 20:00:00,DEHM_BD,0.053053098271598396,0.05162634727488266,0.0532712732316964,0.18376756843430966,0.16297344617111595,0.20167573346344508,0.1991704218668906,0.05489863181974439,0.03871435827326899,0.13341701791873226,0.02749043470266968
2014-06-16 21:00:00,DEHM_BD,0.048093851240300516,0.05326803535394656,0.052959085200436636,0.23966277703145683,0.14179948568300788,0.18896070318281297,0.24843358433578566,0.05850015055945142,0.03785049977871166,0.0572326452213985,0.02572234307326273
2014-06-16 22:00:00,DEHM_BD,0.0483193968396959,0.057032632040252294,0.05377482781864272,0.328838765124138,0.13222304319675995,0.18407948482726583,0.2495545356449259,0.06022402964624268,0.036713577700587294,0.05248434227100311,0.02403829860949871
2014-06-16 23:00:00,DEHM_BD,0.05107469391404647,0.059215442773551924,0.06216401722810982,0.35998892656096865,0.13163275865086344,0.18748725896201313,0.2242107301269627,0.05700478439644444,0.035682394244739506,0.0498596850220996,0.022629800888002278
2014-06-17 00:00:00,DEHM_BD,0.04808696431237497,0.05954837406612266,0.12849437538785213,0.40536782695328455,0.1298735477404296,0.20121285296340877,0.2658102829365517,0.05028663142142823,0.03250711084401836,0.04662626964694277,0.02154970398145326
2014-06-17 01:00:00,DEHM_BD,0.04722627312828777,0.0555042216369487,0.2557412499491354,0.4187638801192666,0.13952123831173394,0.22556332629165715,0.2702961373373812,0.0430108750634388,0.03063879348609747,0.04363257207047094,0.02087072273862309
2014-06-17 02:00:00,DEHM_BD,0.046944633750601164,0.053143932656626085,0.31789818909909634,0.33094243502257564,0.13806016582627303,0.24292906971320788,0.2822954810649743,0.04011394041260826,0.0330603749758497,0.04049098650670344,0.02051999631686098
2014-06-17 03:00:00,DEHM_BD,0.04636447976337396,0.05544764923755905,0.35014582464541066,0.3092917790356854,0.14932073811307298,0.21580298906343282,0.2948363186505284,0.03854967857148795,0.03491315145002073,0.035870929533925615,0.021024984518433397
2014-06-17 04:00:00,DEHM_BD,0.04394556133061544,0.05194449157250429,0.321570651742391,0.3400386538029342,0.18753754994815208,0.20964828544319938,0.30531676825302434,0.03783104131315936,0.035193580104347554,0.03138013227386344,0.021956769367726912
2014-06-17 05:00:00,DEHM_BD,0.04191533328626445,0.04674400960211952,0.22129948211816797,0.378215637639524,0.23333517697406922,0.23360908166013644,0.43475817311062137,0.03785210986472965,0.03213297911400015,0.03078000096897276,0.022356660899753456
2014-06-17 06:00:00,DEHM_BD,0.04397796220435576,0.047517657505701257,0.14721777670952274,0.41739842418510664,0.2480289803233555,0.2611349500276379,0.6055516524880411,0.036839641745730484,0.029691431913731258,0.03357207061877705,0.02312985667506368
2014-06-17 07:00:00,DEHM_BD,0.04820620230928067,0.05013196242984261,0.09376492992784467,0.558480532935404,0.261654040028178,0.27724497146858823,0.7039166747263306,0.03624420979038441,0.029999163307874343,0.03653905903219347,0.02435012722438811
2014-06-17 08:00:00,DEHM_BD,0.05422087306637342,0.052441013205245544,0.08681791168910666,0.8258234604228127,0.3030578393133217,0.3739184403883222,0.8664095299108557,0.03888312976090193,0.029976411116807784,0.03841806231994864,0.02610905459459009
2014-06-17 09:00:00,DEHM_BD,0.06284317071001207,0.05745309166673362,0.07931429544674926,1.1908488160619641,0.3829346572801282,0.47547822637936094,0.8724653886519578,0.04299985443673508,0.030346780696618763,0.03866791974129383,0.029229316064921785
2014-06-17 10:00:00,DEHM_BD,0.0739088502283821,0.07720804625989389,0.110245889986439,1.315851815165137,0.42911651953922103,0.5313222003747335,0.9081576971410552,0.04616133040082165,0.03377908220059292,0.03901613286634373,0.03231329614300694
2014-06-17 11:00:00,DEHM_BD,0.09085033547819955,0.19770648542387748,0.1505534649004506,1.219881203136428,0.42869506879507546,0.5446126928251025,0.8840212795954165,0.04899614046599596,0.03844194334483051,0.039372626291302934,0.035288609672131654
2014-06-17 12:00:00,DEHM_BD,0.11705915683279085,0.228976824552997,0.16099498617680608,1.1019273730916712,0.41014727036951804,0.39068290131297884,0.7645417963965933,0.04813483121811685,0.04360496383602275,0.03958321330852598,0.037943761285862874
2014-06-17 13:00:00,DEHM_BD,0.11852215167141367,0.19498605997114088,0.14072761994222865,1.0058767753198135,0.37947957064592736,0.2716167011156001,0.6736287654947767,0.045051139535097845,0.048102053985173227,0.04067242179399976,0.04009868149162527
2014-06-17 14:00:00,DEHM_BD,0.11046001582029308,0.16761375139804374,0.14746093748074013,0.807191691067452,0.35210090490228485,0.2369789247729442,0.5633972600513903,0.04389053017437617,0.05136432335840062,0.04305383802268012,0.041545313934635106
2014-06-17 15:00:00,DEHM_BD,0.10379737315330877,0.14156368553100251,0.19666972853114817,0.5612396318106394,0.3035958630021941,0.22106653957644695,0.4023037756442973,0.045905252898022116,0.05361183989123194,0.04652320921320665,0.04244577182877972
2014-06-17 16:00:00,DEHM_BD,0.09385112793419213,0.15902790785193607,0.19929083554507213,0.49250589008022994,0.2592803198425237,0.20865820609014,0.23133157252766787,0.05190276045246044,0.051607830582133564,0.05034035920911113,0.04324101220415692
2014-06-17 17:00:00,DEHM_BD,0.08735049026795773,0.17927299975693595,0.20549413874050354,0.3004935539584953,0.2103843784146614,0.19896975700700756,0.19035821909745074,0.06054584187335855,0.04876240123100105,0.05385293370662994,0.043710682904408854
2014-06-17 18:00:00,DEHM_BD,0.08630932440597033,0.14611837412096626,0.17398995581912713,0.21621020332824625,0.15695617805432524,0.17166099692070486,0.17094948331435422,0.06971338532208046,0.046815157828817996,0.05971247427642945,0.04312455296827629
2014-06-17 19:00:00,DEHM_BD,0.08786127663668948,0.13081825921878185,0.13668685544813294,0.15616032324074836,0.12554877071325188,0.1536731083140964,0.16462048779439756,0.0726909799035527,0.04710788033429759,0.06754041216710657,0.04247371782366572
2014-06-17 20:00:00,DEHM_BD,0.09162844875259475,0.3206810950593153,0.11714481949797029,0.15990432814592104,0.10248339125876302,0.1421763225758194,0.22646083294919223,0.0752559621361665,0.055084450642904785,0.07574644178633323,0.04301377254334114
2014-06-17 21:00:00,DEHM_BD,0.09680848207969199,0.9250696769987672,0.11027417187173937,0.28312087309085165,0.0983256448742374,0.19704091795864034,0.3772888511727555,0.0790333964772009,0.06746036476948554,0.07972279226984101,0.042477994662647824
2014-06-17 22:00:00,DEHM_BD,0.11412583255528455,1.024781431064348,0.11363462199155341,0.4548080790754244,0.0958313671958119,0.34415475011428004,0.621432145220582,0.08029454119489049,0.07921143672150911,0.08523375007712629,0.040684348305019484
2014-06-17 23:00:00,DEHM_BD,0.15209135760401366,0.6212995855913717,0.12976336177381162,0.7578592614813172,0.09592522013222557,0.48722826009538367,0.8996033337432373,0.08551128119923164,0.09060746765033631,0.12469220352319779,0.039106418967283195
2014-06-18 00:00:00,DEHM_BD,0.1688724514079465,0.39602264562275663,0.14262578484606966,0.8125634762875874,0.11371162382360538,0.5618200488362375,1.1682919037844264,0.09646079892776904,0.1092234337050953,0.18412957635046096,0.03974393188976067
2014-06-18 01:00:00,DEHM_BD,0.1652314864652836,0.30394103933285677,0.14695649595157873,0.7778397623232706,0.19780102546173603,0.5507014099184063,1.2287469486175664,0.0875367309186793,0.1582027029766756,0.24506487985980474,0.04182196721031556
2014-06-18 02:00:00,DEHM_BD,0.16259511915255795,0.2700552352549926,0.11930428288900992,0.7811350028868858,0.2795826450416071,0.4785714096258754,1.199126175594013,0.07123117812707314,0.24587759715979726,0.3357218435218245,0.04406583119933149
2014-06-18 03:00:00,DEHM_BD,0.1587954334740713,0.2356044316433741,0.09054798601814132,0.89322351300949,0.3004541305616497,0.41885388708173815,1.0546681181555286,0.06717166504452227,0.33866711888471446,0.4383218535166066,0.048283502100598334
2014-06-18 04:00:00,DEHM_BD,0.15194773154256852,0.20709465181878292,0.0751613240220178,0.9038863797199492,0.29108670095376665,0.37582767790877714,0.6498820507504871,0.06506272188909343,0.25481428341963575,0.4595279853095432,0.053586072396934525
2014-06-18 05:00:00,DEHM_BD,0.1356949336679186,0.16282482804181972,0.07048976389282258,0.7158573778204154,0.3010933619917743,0.3027020624327589,0.4689360205427858,0.060496786903946734,0.21194396850446234,0.33056584290355917,0.05565573662915892
2014-06-18 06:00:00,DEHM_BD,0.1604507154388166,0.11244372100465683,0.07037895804711496,0.4831874462362866,0.29173039575152093,0.2510502912778454,0.4008345724706305,0.05824055203583654,0.15931671794643612,0.19418942780388276,0.05646731891477606
2014-06-18 07:00:00,DEHM_BD,0.26238799664997486,0.07195760165959235,0.0722109279684907,0.36254715729654874,0.29591111491318783,0.2273249094578226,0.31970582155298255,0.05710128118185928,0.10664707872044282,0.14815404244854566,0.05672590684664538
2014-06-18 08:00:00,DEHM_BD,0.16907330488437777,0.07188276600904052,0.0784056887166759,0.3556482519559288,0.2878015350704267,0.22965979356415084,0.3260002922792403,0.05638083108072812,0.08567414061253878,0.12123273757169478,0.05685186313265241
2014-06-18 09:00:00,DEHM_BD,0.2192647149138338,0.08929996461610178,0.08820705829969352,0.3854210960267611,0.26072177387690154,0.23666205035265056,0.38929321013400126,0.05413419540506739,0.07394093519914884,0.14126614131557738,0.057039750354597456
2014-06-18 10:00:00,DEHM_BD,0.232537042799894,0.08449812664112986,0.09419280173376182,0.4892572278537967,0.27569147568787433,0.2556325956421996,0.4695513656012861,0.051105869453470815,0.06730024408571883,0.18197158456547177,0.05601711764268337
2014-06-18 11:00:00,DEHM_BD,0.21207450830340374,0.0891576032186344,0.09989951387427264,0.6084275663876615,0.29205957812380035,0.2788910024221613,0.5024017729215475,0.048017009844300594,0.06217846369477908,0.16935354651689513,0.05449054613111342
2014-06-18 12:00:00,DEHM_BD,0.2033878610060456,0.09246766461366306,0.10653476509875143,0.6297454621518505,0.23857385178957125,0.27970233773532543,0.6688897182642927,0.04494462749157905,0.05613846453638917,0.12039475750715696,0.05345937683994843
2014-06-18 13:00:00,DEHM_BD,0.1823733512370194,0.09333562199110618,0.10524134165500974,0.8283127340357133,0.2323879943034052,0.25569680876257816,0.846877080013808,0.04254393065347605,0.05354914137953513,0.10862908937893322,0.052723199170943744
2014-06-18 14:00:00,DEHM_BD,0.16291746680761207,0.09015979064299655,0.10467487973837629,1.0459926607654753,0.23075696896397496,0.2815525636846641,0.8029515010746788,0.044191180588282274,0.05290731042395283,0.10165151826688654,0.051721760829886276
2014-06-18 15:00:00,DEHM_BD,0.14965428162356834,0.0865877284850505,0.1343475199934234,0.9962593159790936,0.22994385550106858,0.3504721089856441,0.7186348091853212,0.04969999894777964,0.053364231194993915,0.11505817045528197,0.050822781461549664
2014-06-18 16:00:00,DEHM_BD,0.1420768184891331,0.08609239108239643,0.1671139879476231,0.7416560641904366,0.22383007750142353,0.3518547567620907,0.6930651054235168,0.05573322368070674,0.05719515723738744,0.12283924893452189,0.049674377180793296
2014-06-18 17:00:00,DEHM_BD,0.1445903262616455,0.09509005086956913,0.20216445283622467,0.6487604798686175,0.2381578520496468,0.2813290146224456,0.625326158918335,0.060853272648862936,0.06687225522211702,0.13385394882266394,0.04812999088000587
2014-06-18 18:00:00,DEHM_BD,0.14183664475356372,0.09831074859512601,0.25721077084271227,0.5637097140009696,0.2459872613700013,0.2616499902944272,0.5559063094258898,0.0789807591678388,0.07277067647795063,0.1438911737478492,0.04567222054096819
2014-06-18 19:00:00,DEHM_BD,0.13791219829747595,0.1108624897962666,0.282970677706506,0.479798175644898,0.2601820743022207,0.2936611621859343,0.4326721731318872,0.12182205624557199,0.07223650517932712,0.14451695356030786,0.04426880865534492
2014-06-18 20:00:00,DEHM_BD,0.14160480625402033,0.1328750533484073,0.3090900307153164,0.46037285425478386,0.27850444527127305,0.324839998781389,0.44958527626209266,0.14225562726813915,0.0761635552968958,0.14530899166058805,0.043308425671539016
2014-06-18 21:00:00,DEHM_BD,0.16850886614193528,0.23354489685866922,0.3167924470433592,0.5390561302432607,0.29637920246402727,0.34940886301356905,0.5221091852719925,0.12560467115661467,0.087145808022844,0.15742410132565254,0.04194077242269257
2014-06-18 22:00:00,DEHM_BD,0.1557160841462089,0.3429638684976612,0.26970997478311864,0.6107121801958014,0.29712980116453935,0.44053362125286644,0.6877850994008995,0.10866717845690196,0.11583938611369228,0.24967826435528762,0.04064017783462854
2014-06-18 23:00:00,DEHM_BD,0.11646658146799532,0.28734631580888975,0.2232012857949825,0.737740928239671,0.2835143750156693,0.5251092765163722,0.7707957905142846,0.10396308257182935,0.1335931520223129,0.4829209649430899,0.03981114984504811
2014-06-19 00:00:00,DEHM_BD,0.1643393303344189,0.22144044900019408,0.1858324518643738,0.7558092700920207,0.2836832260253769,0.5268125473809799,0.7340594402683829,0.09694580546389207,0.12759778435578562,0.6511131836983669,0.03975891433318009
2014-06-19 01:00:00,DEHM_BD,0.2990235968655532,0.2134491317180881,0.15260611708510893,0.6917957233287231,0.31130850204726435,0.4873058141025156,0.7659609848477642,0.1000431822738492,0.12398271685246368,0.4716460351128572,0.039434424241779384
2014-06-19 02:00:00,DEHM_BD,0.35980274606689805,0.2452263499084207,0.14195440273555684,0.7148856842885305,0.3626389032421074,0.504244871699307,0.7203265611181269,0.09667426457628599,0.17515892334921265,0.21030368897806845,0.03889821271823592
2014-06-19 03:00:00,DEHM_BD,0.28668190941469723,0.2154134981803536,0.13643601707618672,0.7440025146798952,0.41223071640791376,0.5965732281886227,0.6405093454023683,0.07492221675580352,0.16969647364511142,0.4037706809473782,0.03830584804962243
2014-06-19 04:00:00,DEHM_BD,0.23893446897312992,0.19629898877154783,0.12981784673331184,0.6689593870554933,0.3440454587704595,0.683581473217369,0.5259912154015456,0.06960627421177439,0.11596652315656636,0.4419144029627926,0.039101781243635385
2014-06-19 05:00:00,DEHM_BD,0.2566986244338098,0.2148006659214547,0.10984429610210461,0.539667223343239,0.19817215841537317,0.7404261283325123,0.4361939804477382,0.07792977201168416,0.1215372771493344,0.3177540247477591,0.040729492293570785
2014-06-19 06:00:00,DEHM_BD,0.256914709195427,0.19345486983132254,0.09095743362235585,0.41755057530677153,0.18140076023340218,0.6545325209994614,0.3975545597057345,0.07320645674650549,0.14285296502441155,0.2566762542285582,0.04308960307310387
2014-06-19 07:00:00,DEHM_BD,0.2560342696462269,0.16283345288272888,0.10765652878697012,0.38709100645453665,0.21508284221499685,0.3942580786676611,0.3459314065300986,0.05960674465488639,0.12918344178976482,0.2463287087175248,0.04583895910428508
2014-06-19 08:00:00,DEHM_BD,0.22788099968865036,0.15171050736744635,0.10072615583725855,0.3780757048723997,0.19435257726704694,0.24304527131040793,0.28234334208745565,0.04939184835864214,0.10823310803268557,0.2568155657703335,0.04706733620076098
2014-06-19 09:00:00,DEHM_BD,0.1892409546447497,0.11615695321976423,0.08472888424055762,0.3136226566048719,0.17198808443572366,0.18183016095847934,0.21339725805302776,0.04663226745243164,0.09828378632178981,0.25749422741166306,0.046903706329050464
2014-06-19 10:00:00,DEHM_BD,0.1719239514350377,0.08542229626768955,0.08830013960079229,0.3207141769261723,0.16162352386308815,0.1970520028771308,0.2549644078405785,0.0413099227546713,0.09897308197101676,0.219334413730502,0.04658623958289671
2014-06-19 11:00:00,DEHM_BD,0.15349682686738902,0.0988779220670135,0.1055543761854181,0.46379886718041186,0.1678633304500579,0.23692081472959828,0.31041370362347454,0.032445953921677935,0.10577948924289428,0.19247644607696673,0.04600972699933693
2014-06-19 12:00:00,DEHM_BD,0.12024269083090586,0.11523363411845618,0.12040305133006902,0.48580389184545336,0.18238816706310945,0.24026334223531354,0.2533193593564635,0.02617335957590363,0.10034886378795925,0.16607636788688582,0.04475753714855709
2014-06-19 13:00:00,DEHM_BD,0.08717946687888693,0.11536261867714107,0.14313823790437996,0.433813408868718,0.1867040658548845,0.22435988492616327,0.2180608581841725,0.023240015159515848,0.07130038833788585,0.13901753750570106,0.04367281147221638
2014-06-19 14:00:00,DEHM_BD,0.07803792167253698,0.11557086269469333,0.16846163904704142,0.29819155095054317,0.15892976572019968,0.23647252475137814,0.22991414917895736,0.02248729702387923,0.04049632219613632,0.10731633449625215,0.042485971665852953
2014-06-19 15:00:00,DEHM_BD,0.0734622011007359,0.11961723920207193,0.15904311931000073,0.22611352767544823,0.14543759621059513,0.1957171986563131,0.20967667832963516,0.026757987649056514,0.029405605099361444,0.10004676143385341,0.04121683883710471
2014-06-19 16:00:00,DEHM_BD,0.06823660177706192,0.10946374513576637,0.13530590861647376,0.2026754415871952,0.15782304068125774,0.16114865270110065,0.12355447811751202,0.032758891741472576,0.028097486626652658,0.10186323674398783,0.03952114976544477
2014-06-19 17:00:00,DEHM_BD,0.062382674725308035,0.07703448435789513,0.11831961760325863,0.12547825128245388,0.15750247381668522,0.1641024749912169,0.11931071361623337,0.03223588688770073,0.030704632384794393,0.06276847685695304,0.03804125527962349
2014-06-19 18:00:00,DEHM_BD,0.060684521636400285,0.05859432802635571,0.09782212173938358,0.11379292819437387,0.13169790745602913,0.15903206092835387,0.14166139659436955,0.03067967419159465,0.02964104760348563,0.05767717153270377,0.036854338465771616
2014-06-19 19:00:00,DEHM_BD,0.058190181602055975,0.05111778984293094,0.08070333485496084,0.1217897170370461,0.12841304824367145,0.15367385157872102,0.14834167741622145,0.029206987448811925,0.02161673118906529,0.07136258313930124,0.03637350628618027
2014-06-19 20:00:00,DEHM_BD,0.0564947588719161,0.04808160944321257,0.07166480502894208,0.13129934512775202,0.1257197457578032,0.14241680901572745,0.14438475139748172,0.029438039076499257,0.01642835264819296,0.0750197592886397,0.037176417375251965
2014-06-19 21:00:00,DEHM_BD,0.04877657696253615,0.0451236700967944,0.07003804241487273,0.13679923215200057,0.11985904053017017,0.1411166607539695,0.15826508213896817,0.030713022303155375,0.015087867301796027,0.06857530307947922,0.03552786311542386
2014-06-19 22:00:00,DEHM_BD,0.04316652033100618,0.04224269252210443,0.0679355556607939,0.13961404824879672,0.11878107048691706,0.14280860831077602,0.20156503907032278,0.033008861838686725,0.01581391676514403,0.05238656826213043,0.031828318920438
2014-06-19 23:00:00,DEHM_BD,0.04219057746584212,0.03929703676594802,0.06453836950492585,0.13916698803536903,0.12073575042310153,0.14854894780130054,0.27368329120881774,0.03393248084947567,0.01997071262474619,0.038381338604848395,0.027556502721913533
2014-06-20 00:00:00,DEHM_BD,0.04438751981199516,0.03642659532739232,0.058877905257756,0.2289710860209978,0.12760583747226723,0.16676145261153363,0.28934114165063385,0.03339287219766613,0.029224277175373993,0.03161823235960011,0.023545360090536434
2014-06-20 01:00:00,DEHM_BD,0.044028571236249564,0.035731889197376195,0.05185288108296887,0.3001369663493163,0.13984318070819587,0.1923163494316967,0.316947256382213,0.03288129011665263,0.0335156989253016,0.0281849036116117,0.02000555447118162
2014-06-20 02:00:00,DEHM_BD,0.032174530015705534,0.04311882240000778,0.043019599183965675,0.33114536184632215,0.14319990704328747,0.2055609927967606,0.3128089109674718,0.032469278335727804,0.03390888001024238,0.02566409155497331,0.016547232386789068
2014-06-20 03:00:00,DEHM_BD,0.03661355319058825,0.07361157091249215,0.03501160258526472,0.34849645076853153,0.14029681613009418,0.20474720214812747,0.31220849523292565,0.03343915246278733,0.030783224253724522,0.02450263571730157,0.015477151864894729
2014-06-20 04:00:00,DEHM_BD,0.041203174879970036,0.055757523446731155,0.04132744261176079,0.2553940269379882,0.15346748536862426,0.17980782620491886,0.21399956165314055,0.035598955994403124,0.02911250708648931,0.025884048105501222,0.015704594572040563
2014-06-20 05:00:00,DEHM_BD,0.04454436716747715,0.039469438782629436,0.052071591923068455,0.12734085212566296,0.1885576715020927,0.1620991925456793,0.13604452055357757,0.03551816079878008,0.02829995976880064,0.028500273555278482,0.01538731803638179
2014-06-20 06:00:00,DEHM_BD,0.046758426652670784,0.039978405639528605,0.053499881228948276,0.131079834269781,0.21916037387469772,0.19392944942891127,0.17056724063998666,0.03485889401944609,0.026425870940495297,0.032209734908723135,0.01540525386921321
2014-06-20 07:00:00,DEHM_BD,0.0482123624625059,0.040354015304914156,0.048109325111070626,0.16317742933383136,0.2752897850972412,0.21695376638447852,0.19221161686193064,0.03441728078200925,0.02545707281663723,0.03649336628709516,0.01590773301814697
2014-06-20 08:00:00,DEHM_BD,0.04833011829835879,0.04076538897831105,0.05870833991289824,0.19425548939016643,0.3281786233797669,0.26065428591154727,0.24176880762807545,0.03437186603160887,0.02677258851592679,0.03840563532460663,0.017083611262231266
2014-06-20 09:00:00,DEHM_BD,0.04942359356900662,0.04249617905879729,0.07393192128496462,0.26820569321404775,0.33154677324347187,0.3295186554277944,0.33108950648538876,0.034968152331261285,0.02788250391128112,0.03794207625353217,0.018697497659385724
2014-06-20 10:00:00,DEHM_BD,0.05319638530005683,0.045838045460544395,0.09053492770427357,0.36078591500584667,0.2979200042615085,0.3283085163010771,0.3742274562697636,0.036225334969953775,0.02759926898754019,0.03869186954416573,0.021818704616156436
2014-06-20 11:00:00,DEHM_BD,0.0626380776841347,0.06220087710977864,0.09488581698546171,0.3939626720100827,0.2812320834121852,0.2908631021403602,0.3668733901349611,0.038894704442998605,0.026824308804503975,0.03861568603262009,0.024988959676600878
2014-06-20 12:00:00,DEHM_BD,0.08269795546118865,0.14091424283568504,0.09020131396391418,0.37083528108277525,0.27160361038282504,0.2835844733865871,0.3742726615065214,0.04504492444561725,0.026525794600836938,0.03876357653582575,0.02881785361866827
2014-06-20 13:00:00,DEHM_BD,0.09011076475664383,0.17029976156794624,0.11964482460094605,0.32438770346793044,0.24709462370742086,0.31122522641188693,0.38038055772483403,0.05391062439125834,0.027518375088343528,0.04022979124290464,0.03337632079125525
2014-06-20 14:00:00,DEHM_BD,0.08246001725727653,0.12797004688576497,0.12746842339678657,0.33120719304551705,0.23385451123438752,0.2994305897591553,0.3794934559220017,0.05061679479107299,0.029813303865179767,0.040895996115510945,0.03660275932781558
2014-06-20 15:00:00,DEHM_BD,0.06336757676993496,0.09719324823959484,0.10219230243472369,0.3282084612814726,0.2187332775745912,0.26936695966477026,0.3312259188575938,0.0429168958121899,0.03479227217675069,0.04774806384575576,0.03954600648380056
2014-06-20 16:00:00,DEHM_BD,0.05473496402471321,0.12894012553637663,0.08304687756871322,0.2779805473297414,0.20712962138939642,0.23496518276365697,0.21296606226798248,0.0455061860860115,0.03915683162700695,0.05524440851100091,0.04184039516069762
2014-06-20 17:00:00,DEHM_BD,0.05240444827214784,0.13498996199326813,0.06875240414424089,0.22553121120084357,0.20027639123361535,0.2121190701619418,0.21614609377922628,0.04923257279135733,0.04155659767062619,0.05833015476764669,0.044143212114514545
2014-06-20 18:00:00,DEHM_BD,0.05712962483641599,0.1606086066846914,0.06473563510761354,0.1880849970686406,0.19527535660464293,0.22546617139953815,0.22973474211710587,0.04815826516044314,0.04067043712963321,0.05979423920214019,0.04601877362221346
2014-06-20 19:00:00,DEHM_BD,0.06243214654009241,0.12343936113180659,0.06535095144807114,0.17726532565797004,0.18144763850379725,0.23424652742606136,0.264524460637225,0.047848453119759986,0.0402780140750171,0.05708041943216201,0.046081512482623925
2014-06-20 20:00:00,DEHM_BD,0.06888663794299489,0.0886146250633238,0.07104041876969444,0.2105548736364053,0.175171168924514,0.24097275131895146,0.35799688507703353,0.04903672989060754,0.043372044746032165,0.05391733273391311,0.04620570130818139
2014-06-20 21:00:00,DEHM_BD,0.08699432985017991,0.083309293988135,0.09057983212972925,0.33873589041507507,0.16992495961306597,0.3009487118023418,0.43417836359104023,0.04652337153454765,0.04841919205428505,0.05189199367242873,0.04600068487433556
2014-06-20 22:00:00,DEHM_BD,0.14030911263887516,0.08097958258249953,0.10378505911510866,0.499703266680407,0.1692594815791491,0.403273541935765,0.4268157523035281,0.041221590721711214,0.05341336552049003,0.054304639190333355,0.04477625730004294
2014-06-20 23:00:00,DEHM_BD,0.155401050106713,0.07554645059756224,0.11556146090678576,0.48263223371479413,0.16339920111360953,0.5120087514366811,0.4289409722612576,0.04002520792412297,0.05591503272933064,0.07867423932508465,0.04247698186220587
2014-06-21 00:00:00,DEHM_BD,0.1237670688657159,0.07379559686780494,0.12149483769028038,0.5079719216445133,0.15152136163569507,0.6065083774710653,0.4377544584560079,0.04165989969093802,0.057571595762690775,0.1070002728859909,0.03933094616018941
2014-06-21 01:00:00,DEHM_BD,0.10739392884801598,0.07227664182493737,0.11059386252786996,0.571144173766386,0.15683073215567492,0.6246438439929093,0.47991532121371594,0.04108537752955199,0.05811119670162347,0.12896241496175045,0.03536721112450862
2014-06-21 02:00:00,DEHM_BD,0.09696449317510229,0.06356529374032888,0.08975443158293613,0.6982355867345071,0.1695616361720021,0.5859952291170345,0.5751477343674714,0.03906070080462363,0.05598438666027625,0.14635488501917562,0.031297221786767325
2014-06-21 03:00:00,DEHM_BD,0.0996842441346309,0.06699408811603985,0.07093466377418249,0.9823755151850218,0.17885718421075253,0.5931101305268839,0.8190896701725048,0.037194926353418103,0.0501526491799239,0.15902750293422357,0.029157946677545447
2014-06-21 04:00:00,DEHM_BD,0.10363315928224935,0.08416036193867037,0.05537886986534541,1.1556527750465786,0.18594553837702593,0.5939048063289998,0.8605535072516524,0.036943123604531704,0.05128741156877118,0.1394934257752784,0.02873619895844631
2014-06-21 05:00:00,DEHM_BD,0.104970331167709,0.0895503566556001,0.04579631794832463,0.8318711539734971,0.17228996963862325,0.3849483786748189,0.39858312864029777,0.03744072650498022,0.05865494755938635,0.1562922672044018,0.0287014980854989
2014-06-21 06:00:00,DEHM_BD,0.10470558263330708,0.08585743449484515,0.04464731287796704,0.4645776347543298,0.1727650540101248,0.2012197581909689,0.21170875574225181,0.036242573990648806,0.07737028870669174,0.1742932022121547,0.02856375334534171
2014-06-21 07:00:00,DEHM_BD,0.10229943306136864,0.07900919761914213,0.044007019027513715,0.24133235366996914,0.180777811568817,0.16878686777483312,0.17655762971312253,0.035652752355176356,0.09218615894714828,0.17512249426083623,0.02962188286952271
2014-06-21 08:00:00,DEHM_BD,0.10121692167100026,0.0751183676446694,0.04649696437691888,0.1810252239166847,0.20966335085369642,0.16507638219206758,0.17671926437990562,0.036018326845478656,0.08561451341254264,0.1761301899787968,0.03247218763691038
2014-06-21 09:00:00,DEHM_BD,0.09113661082120596,0.07678673245449077,0.05692015704326904,0.19776680056457308,0.28358811920369037,0.19812055959002803,0.19073740665406447,0.036330689100285196,0.07864486091185822,0.16794272029759819,0.035086455346361164
2014-06-21 10:00:00,DEHM_BD,0.09128702334165562,0.07872439242730835,0.07169233889294252,0.27381756487000986,0.4539821688820793,0.3049996119877205,0.21289859723218701,0.03745712351594594,0.05437172179232336,0.1416788823138595,0.0373701083524392
2014-06-21 11:00:00,DEHM_BD,0.10062960410817502,0.08652117742992459,0.08933228032545229,0.39378912320670134,0.6912312591919676,0.5299922276285569,0.24822619247021493,0.0386606836014525,0.04130841122469506,0.12199071898603801,0.039336166270783374
2014-06-21 12:00:00,DEHM_BD,0.12095581453758278,0.09482269440421823,0.09440745238394704,0.5164933604267682,0.8959643687767533,0.9438359207927004,0.39124536590936354,0.03766187403679809,0.03779737296770024,0.1064007722135445,0.039784233474224925
2014-06-21 13:00:00,DEHM_BD,0.09704927820887879,0.08720359741320362,0.09748862530104169,0.7338355460761761,1.022455263918992,1.364246920398231,0.6613247652084495,0.03919949228467524,0.036621413675133746,0.09323698488035703,0.03900487620458441
2014-06-21 14:00:00,DEHM_BD,0.13740315742077755,0.09469547275492916,0.10971861725527524,1.1247235747687834,1.2324162479361611,1.8835240647607305,0.9890856718497933,0.041384606698619555,0.03545463504737225,0.13803013019272123,0.037366189719156125
2014-06-21 15:00:00,DEHM_BD,0.11017787977168976,0.11395657673573809,0.11242945642863265,1.2100283123148912,1.6186007937879303,2.070952369494942,1.1308455888553672,0.042915092337021975,0.03486059989188783,0.18573290415586305,0.035227505911462446
2014-06-21 16:00:00,DEHM_BD,0.07540746873399697,0.11627996644929342,0.09802426117021577,1.1230586309680086,1.9553264002723623,2.011533565145399,1.2604114822744892,0.047686808000049735,0.03324912713175966,0.08445616623358893,0.03304714899585367
2014-06-21 17:00:00,DEHM_BD,0.07703406673228562,0.09786255316681626,0.07705898381646005,1.2253808327683968,1.9009491649610548,2.0809484620883154,1.3398559942625918,0.046168933060183034,0.03551842817797429,0.04523611562216388,0.031207618596157328
2014-06-21 18:00:00,DEHM_BD,0.07249749752762844,0.09394816404912555,0.06718928029283319,1.4369997634366645,1.3867634879186377,2.364335852335937,1.5555280232697808,0.03992731060663402,0.041755029925757275,0.051120648857827314,0.02916143016091197
2014-06-21 19:00:00,DEHM_BD,0.07085084475270614,0.09321727397318523,0.0718942691568145,1.6908122215864985,1.0148144650542084,2.6285930858134354,2.290413132390783,0.041966351116546965,0.043659833199808686,0.06843273279939897,0.02780599421739743
2014-06-21 20:00:00,DEHM_BD,0.12406547052646794,0.09800252880496628,0.08118243147853973,2.4420752657904297,0.7372075574130658,2.471020358387456,2.8190680026769424,0.04227356362853611,0.045174644858121914,0.0653126066416344,0.026877059860673017
2014-06-21 21:00:00,DEHM_BD,0.12911515142253807,0.12432974249691603,0.08796997990677101,3.211790685258561,0.6840947409567748,2.0963700109666252,2.667499372125863,0.040413129053665175,0.046223004445379495,0.06114838482029297,0.02561424507963878
2014-06-21 22:00:00,DEHM_BD,0.12529518232147088,0.17099698272595734,0.09518327519562435,3.4141179384431206,0.6223812153425788,1.5842398213440612,2.113816834373752,0.03979279397906483,0.04976469568315122,0.061647508929653705,0.023478206402478566
2014-06-21 23:00:00,DEHM_BD,0.12068891713151016,0.16782288791005232,0.11405659367605103,2.9150899320991415,0.4941113073505739,1.4353005073947562,1.9751163141773804,0.040233777928459405,0.05199004946638296,0.0669784710439401,0.022244426938971634
2014-06-22 00:00:00,DEHM_BD,0.12704667944349393,0.12868261946696977,0.1410583182888663,2.6505606515512983,0.4159105135292024,1.3277968027642113,2.0525516335269307,0.04403415745694754,0.054320653858680325,0.06979892392875148,0.021363486658951717
2014-06-22 01:00:00,DEHM_BD,0.12807335536553283,0.10973955056758025,0.14000853850275266,2.66356303088172,0.37451111589087394,1.2350064097575923,1.889080112264598,0.05499459879448626,0.05529274120510979,0.06886267847639024,0.020142105548532026
2014-06-22 02:00:00,DEHM_BD,0.12102730488028829,0.10911185088083612,0.10693224517688145,2.6281707948863953,0.3567910997358848,1.2026320827570651,1.6163504297795155,0.061130962366363804,0.053622449124767935,0.09142540141220495,0.019870449911191808
2014-06-22 03:00:00,DEHM_BD,0.12266843796964723,0.09663878915302619,0.0705985829617338,2.369745338072625,0.33334111965961744,1.0892797757868757,1.2614652021410957,0.06106225354008336,0.05103636723977084,0.12819330459178013,0.021053899359443292
2014-06-22 04:00:00,DEHM_BD,0.14130170969545824,0.068268626863748,0.059352565773300225,1.69487422487242,0.24053715546635668,0.8558843854721889,0.885472310342965,0.061862921829633294,0.04395062066343183,0.13986481755159622,0.024003708320906127
2014-06-22 05:00:00,DEHM_BD,0.12545407796988253,0.04970323024994821,0.05266218850880383,0.8703653801367472,0.18602525453712776,0.4195170449476482,0.6192162304653971,0.06193211593711263,0.03526807935253918,0.15958600505520387,0.025106294181832224
2014-06-22 06:00:00,DEHM_BD,0.10481129181716578,0.04507784526403869,0.048401892021921224,0.4810110448605005,0.18198085090328922,0.2111557661258411,0.5107506614613461,0.05983412253055462,0.031559704818823836,0.1738935913117899,0.024832888832861135
2014-06-22 07:00:00,DEHM_BD,0.09323204724971199,0.0462708576662155,0.05222392107671513,0.28300951021306675,0.18198850048715237,0.20513724575913733,0.3922468397083819,0.05835168805003857,0.03138287758907178,0.19869246826498752,0.02366836942803629
2014-06-22 08:00:00,DEHM_BD,0.0829094582117533,0.060828321394161076,0.057912194223123964,0.2888121018418483,0.18639529705518837,0.20863652344371653,0.3086373253191695,0.05885870021401779,0.031950040320010024,0.20681410279037415,0.0216988233750721
2014-06-22 09:00:00,DEHM_BD,0.11413680594999337,0.10274385073160502,0.06696311457281293,0.4170255854798456,0.19334320569779714,0.23943330912693855,0.27991415252465046,0.05893626492218563,0.036066422749499144,0.13967226500261556,0.019554129075343218
2014-06-22 10:00:00,DEHM_BD,0.22807146173413825,0.07987398124295976,0.07875436560650696,0.39776051747713287,0.20004173187246535,0.25011565588266116,0.2787614628248987,0.05820624493540714,0.04307427139541639,0.13240900179751205,0.018423971481477983
2014-06-22 11:00:00,DEHM_BD,0.10811030663620674,0.07516767893369522,0.08691558722115053,0.3403834720199726,0.20982225792562575,0.25178011393406646,0.2423901570961723,0.05715174802903065,0.04871929052518717,0.14120824436092735,0.018763457653786862
2014-06-22 12:00:00,DEHM_BD,0.10051261057821084,0.07774656239491294,0.09596160750382103,0.3455919062533497,0.21002849243530994,0.2820865547053492,0.22656659575473442,0.056554453821228735,0.05115427393258991,0.1108954401322407,0.021125646742761517
2014-06-22 13:00:00,DEHM_BD,0.09923176928324504,0.07871668111400092,0.09877150336994316,0.26936626922356655,0.22685499039013854,0.27475090121766543,0.19629929395387813,0.05673151671109593,0.050476427403310105,0.10481524188025847,0.025721164159637357
2014-06-22 14:00:00,DEHM_BD,0.09630316401485753,0.07869381626198634,0.10365284423509374,0.2162233792464467,0.22277308870345813,0.24930231077684317,0.20423643736164365,0.05891660322683508,0.04829739348257378,0.12348942682122284,0.03238636986158207
2014-06-22 15:00:00,DEHM_BD,0.09296227404705462,0.08161319682303862,0.11143463368599288,0.2428011568676015,0.2118527541846502,0.23171436706805817,0.22348014517294348,0.06069218179481797,0.04805993004330477,0.09902631299993749,0.03887877847219705
2014-06-22 16:00:00,DEHM_BD,0.09006104607448182,0.0853569511632358,0.1115429523865389,0.2647192668783408,0.2096647094710449,0.2181690332405687,0.24460566591100524,0.062285686074178614,0.04994029542590798,0.09613780315076469,0.042838050489789975
2014-06-22 17:00:00,DEHM_BD,0.09034267979574637,0.09014420409204259,0.1068692346199519,0.24256515289537833,0.20928411084690351,0.2178651333777698,0.26146295561604116,0.06184110815592688,0.05326831410477103,0.09341632734699526,0.04576680705819974
2014-06-22 18:00:00,DEHM_BD,0.09133083789789885,0.09694133665297318,0.10267106366927785,0.23033976235214,0.22359834432133,0.23001958354036084,0.24948345953803266,0.0582971766410722,0.055168496947861016,0.0890293610265187,0.04828403235554429
2014-06-22 19:00:00,DEHM_BD,0.09801560379759057,0.0962613227372479,0.1040619296580497,0.18700020052703242,0.2533872705607395,0.2504886668551857,0.24762148354795332,0.055023520399481746,0.05441749334689626,0.08558638552925617,0.04715426568036632
2014-06-22 20:00:00,DEHM_BD,0.09499983504624472,0.10168987937554827,0.10116919799771941,0.24066016020948947,0.28978795307144517,0.3028297286626329,0.4283553202963601,0.05207239343768264,0.05417335089944203,0.08107734458635822,0.04524612920844506
2014-06-22 21:00:00,DEHM_BD,0.09242387065802223,0.10717433154233413,0.1014924391455977,0.4632439820092225,0.360678339789987,0.4282381041265937,0.6174162663127483,0.04994022983136221,0.055251101590577986,0.08193143185128113,0.04301517897514435
2014-06-22 22:00:00,DEHM_BD,0.0973270924408093,0.10564701501057609,0.10168283130533735,0.716413869231144,0.48425479817648864,0.6109261610808672,0.8362314023943255,0.04879118075761154,0.05407800347238357,0.09749980194841952,0.03965458251804038
2014-06-22 23:00:00,DEHM_BD,0.10064317267673076,0.09514067308829396,0.1093336203952738,0.9840077661345022,0.6246979864437435,0.7681070451897644,1.0700621735738007,0.04856168353690992,0.048392415981147775,0.13891176052937645,0.03606181231137353
2014-06-23 00:00:00,DEHM_BD,0.11145644527990131,0.08252789498358241,0.11532576654401477,1.2691057973426174,0.7048709525981498,0.9019510377911124,1.325574257435639,0.05041937916002129,0.04080122205201406,0.10430454080593121,0.033045365924019285
2014-06-23 01:00:00,DEHM_BD,0.11551645124872202,0.07333057338877488,0.11555999616363778,1.5614115947053964,0.7527489870514883,1.003528365125454,1.49247844372635,0.0542832379044338,0.03594188238281053,0.12744355444243743,0.0308101586757804
2014-06-23 02:00:00,DEHM_BD,0.12017888058727597,0.06649284586064108,0.10995467100673349,1.8411088032949716,0.8340042897551412,1.1096654016177487,1.3999238293024607,0.05856790383165728,0.033540656925863103,0.22254742819737292,0.02933166640679521
2014-06-23 03:00:00,DEHM_BD,0.1175497268774918,0.06109016629033939,0.10406512158509794,1.7264640612500917,0.9069479973350185,1.1719876952351826,1.3482418758839112,0.06399640394755975,0.03067585610628402,0.3025335621753986,0.030293206195870854
2014-06-23 04:00:00,DEHM_BD,0.10025681142384174,0.061755932999806994,0.09869103886276394,1.3969570658006587,0.9010404508763832,1.0729467748571395,1.2537184602985472,0.07049983645446528,0.02678307180196948,0.3141130343642457,0.03220992057338472
2014-06-23 05:00:00,DEHM_BD,0.0869295759477651,0.06400843003484855,0.09003937917837603,1.1789027615005534,0.741674440695669,0.9439293088985443,1.1543734394736878,0.0731350549376139,0.023305686890981888,0.2820824518072976,0.032146403920015026
2014-06-23 06:00:00,DEHM_BD,0.08425548120894115,0.0672724930198117,0.08395589804701123,0.9565196895152795,0.359990051375781,0.8193287911623662,1.0153697005225193,0.07432340933088612,0.021432679459006072,0.1581728895848057,0.03208098933272008
2014-06-23 07:00:00,DEHM_BD,0.08382992932292219,0.08098129496833416,0.08822811458815437,0.7621318238191059,0.22777100032134906,0.6040772727140598,0.7348851115114756,0.07460703380901734,0.025997425005316897,0.11145738899046544,0.03242344407545672
2014-06-23 08:00:00,DEHM_BD,0.09013203341967874,0.1720714442123123,0.10304875592222425,0.5879647166658323,0.20832357416345726,0.3964947090364874,0.4975145844072706,0.07506775710774007,0.0341784297144933,0.07267574336687323,0.03197502564273303
2014-06-23 09:00:00,DEHM_BD,0.09180832876733956,0.1971855261163017,0.11856967176077872,0.4852337025324976,0.19975808133860568,0.37042951830347526,0.47550552709993144,0.07715116067717419,0.041050588101496116,0.0712951942966085,0.03103510588607501
2014-06-23 10:00:00,DEHM_BD,0.08919579031464168,0.18518216688532832,0.16735797616135314,0.5242137082371776,0.2031665605421829,0.34248945696243316,0.6672197078141919,0.07966459920997407,0.04604267824518892,0.08210233489542956,0.03114055213512131
2014-06-23 11:00:00,DEHM_BD,0.09439570166252532,0.15696289471495875,0.2435584621231722,0.6455066755311365,0.21646118191828476,0.306109084465897,0.8051282252970557,0.08142789522051917,0.04649776863259481,0.0957520399234432,0.03244960643555841
2014-06-23 12:00:00,DEHM_BD,0.10543281989332165,0.12931454750091753,0.26339388237398104,0.9404104550880689,0.2503880022562387,0.28765279787484427,0.9995977189861982,0.08276136513022189,0.043910479360828,0.10740897307218734,0.03455669970115401
2014-06-23 13:00:00,DEHM_BD,0.1145023816139575,0.11013289490723617,0.25075260333197186,1.136090447182585,0.3294922199852344,0.25945185152217853,1.0612797043407602,0.08342165106876191,0.040736383949462295,0.12224109594268479,0.037737326058398336
2014-06-23 14:00:00,DEHM_BD,0.11586226418315833,0.13949620818273734,0.23181410139746012,1.1086202776151124,0.39539810650454815,0.23742850945571203,1.0449904047789709,0.083712585346971,0.04103824529940722,0.13658970559801428,0.0450890821545011
2014-06-23 15:00:00,DEHM_BD,0.11705460321940357,0.15254717246450702,0.20795867711777785,1.1739032943684076,0.46724095366200885,0.23965479756658176,0.964450712383475,0.09217895056527689,0.04393278731021317,0.1398870990547514,0.04753862981278443
2014-06-23 16:00:00,DEHM_BD,0.12381537945037314,0.15032536851924835,0.18853028202764674,1.0934605900982288,0.4869857555716762,0.23576591213325376,0.8450997177136371,0.10860717382532245,0.049967859448380746,0.13436637504761378,0.04583101412041092
2014-06-23 17:00:00,DEHM_BD,0.125242702368874,0.22542539643055226,0.1636802443055086,0.8615580521002395,0.42859848825086366,0.22135632479854506,0.8152981510177503,0.12066098188703171,0.05900179810307939,0.1268723879441955,0.043860843709590716
2014-06-23 18:00:00,DEHM_BD,0.12962664953304595,0.2823897773176972,0.149283945375012,0.5766750781029331,0.3641775728063704,0.23469978022982557,0.7092613710406073,0.1192667981995182,0.0682569475592104,0.12291936392989744,0.043070525705931784
2014-06-23 19:00:00,DEHM_BD,0.1343247464368479,0.25946560344953534,0.14408129468702469,0.42342668080966217,0.41806158476511,0.46513247309985656,0.7443026269552014,0.11011159437872982,0.07086877839764467,0.12323878695295641,0.044899130237758905
2014-06-23 20:00:00,DEHM_BD,0.1309296558679364,0.2832826538008875,0.14661766090387474,0.6303505688624751,0.6217379886633738,1.1462486769804394,1.1997787632634258,0.11465253606666151,0.0755728405691976,0.12056502282598612,0.046277491446677525
2014-06-23 21:00:00,DEHM_BD,0.12379242313254728,0.33229504101992563,0.16052370655005313,1.0357409201639345,1.0295532043236528,1.5772981643125337,1.5867643890553722,0.12227952529740187,0.08021074221908851,0.1206142864109905,0.046983855399475985
2014-06-23 22:00:00,DEHM_BD,0.12340101109850146,0.3423341907562201,0.18864297871191035,1.3751174459403004,1.4702980020447274,1.8817184194636247,1.9500959146776835,0.1229296523734648,0.08260501423127221,0.13342679979008737,0.04784579948934601
2014-06-23 23:00:00,DEHM_BD,0.12336967317933288,0.37308316420699733,0.22388830770704893,1.7063398539459904,1.8655529888021747,2.220456346692549,2.3463096609208174,0.1194147901089188,0.08448995208656418,0.19221069049183856,0.048244225499152506
2014-06-24 00:00:00,DEHM_BD,0.12144628191004338,0.4357506631654736,0.2500754419068619,2.0445222772478666,2.2017898581967086,2.6330454712374283,2.8034174448450466,0.11093787132927682,0.08521634747809587,0.2570023115036881,0.04809194804269514
2014-06-24 01:00:00,DEHM_BD,0.12628594879134725,0.48093168996608227,0.2638641554906218,2.3799048990364886,2.603612229016889,3.073551453127778,3.2773570220309476,0.10228996763681582,0.08107284762103484,0.2782590240550488,0.04784987121415757
2014-06-24 02:00:00,DEHM_BD,0.13599802242670192,0.5036973621417249,0.2712731744014285,2.717966175670225,2.873874292697699,3.534778154201771,3.7216519525480294,0.09542998566447722,0.07152202975488087,0.22750527709384288,0.04839133508386729
2014-06-24 03:00:00,DEHM_BD,0.14396541988134365,0.5184737877375224,0.2805188898726179,2.9965962623856712,3.153025367051228,3.951049139345922,4.079231051819651,0.0855867189276133,0.05805631456998684,0.13854278115702562,0.05063088474064339
2014-06-24 04:00:00,DEHM_BD,0.13527506816145016,0.48768516519943905,0.28743037529516025,2.6815916430262687,3.052878403661326,4.0310659899997,4.1504154997476,0.07628208890443892,0.04187321898984188,0.06057160848700495,0.05152146607111656
2014-06-24 05:00:00,DEHM_BD,0.13271787318907666,0.4405519990223744,0.2835169294220207,2.0978640732792457,2.2239319839470273,3.7174979182245504,3.701195958531804,0.07645475681837863,0.03134479501802343,0.0389296934761213,0.050583238890431696
2014-06-24 06:00:00,DEHM_BD,0.14396327194176603,0.41435348532784844,0.27640671139935946,2.1524149778534043,1.6199256520602106,3.3389834208552074,3.645928677077208,0.07359766807140072,0.03130909145126351,0.03861944430242929,0.0500529718130429
2014-06-24 07:00:00,DEHM_BD,0.13613886380240314,0.38486466728289626,0.28060363016052964,2.226419385437398,1.2147845055080484,2.36566503019362,3.722239241252576,0.0733797427294201,0.033539458624489954,0.04186495373826465,0.051544113640319404
2014-06-24 08:00:00,DEHM_BD,0.1256722121697663,0.3054297202389823,0.2818470969521561,2.043136374026657,0.7852596503454634,1.748695576681383,3.0592716893059713,0.0734473036322596,0.034753791042808846,0.05102429445909906,0.05196491144866667
2014-06-24 09:00:00,DEHM_BD,0.0970935482915862,0.2430742549112951,0.28700132991351995,2.102914607349937,0.5228685353445354,1.2932360818553343,1.955946380400499,0.07609972592947878,0.03837360848793843,0.05602875149515679,0.053089181354055104
2014-06-24 10:00:00,DEHM_BD,0.10829932525000513,0.2593218732428456,0.2978341192432067,1.9532203155362675,0.375785953291878,0.8880215582987665,1.025584127345325,0.0789799238055094,0.04126129313027352,0.05496097341208238,0.055295440611848413
2014-06-24 11:00:00,DEHM_BD,0.16532818531203836,0.26289321931593584,0.31757370286814074,1.2616624763000277,0.34084899063392066,0.6085050665616778,0.5698317293000501,0.0775584024443314,0.04149348438806534,0.05280505261333072,0.05648013388294709
2014-06-24 12:00:00,DEHM_BD,0.16810159184899168,0.1862497967245335,0.31812828223133455,0.5040525374212581,0.3356555182030051,0.45726948510410015,0.6156869288062177,0.0763717634077256,0.040677993426782626,0.050305784670696525,0.058354090415378874
2014-06-24 13:00:00,DEHM_BD,0.1709420597467291,0.09995952996200165,0.2648188501677965,0.6158583418036152,0.282790576300593,0.4327044631781684,0.7067449936256173,0.06878951421548601,0.03868262514606778,0.048559002098904354,0.06268979364914809
2014-06-24 14:00:00,DEHM_BD,0.1525641330371236,0.08246956148762472,0.2442780794084001,0.9460805111444753,0.23250622936067156,0.33940882443471565,0.6866442821166501,0.06689815410480364,0.035471453242272535,0.04419495732641302,0.06656906728242037
2014-06-24 15:00:00,DEHM_BD,0.13253769991362455,0.09425365604918079,0.2656145005408837,0.7250446144487006,0.21076725649756597,0.2468431247039918,0.44405704020300285,0.06391388280615262,0.03375303891324968,0.044463653503499415,0.07317817059427478
2014-06-24 16:00:00,DEHM_BD,0.13186431367596593,0.1055961142519662,0.22792471668313014,0.4075949106753999,0.1956107932492391,0.22567905104982658,0.22355596751080115,0.06089039677654459,0.03484944967846923,0.04850558662381913,0.08581914741831356
2014-06-24 17:00:00,DEHM_BD,0.1417214444421696,0.09275116029317486,0.14272704139893302,0.1599260158257151,0.16287852735972952,0.2142970122086104,0.25813778332032483,0.06097592712621516,0.03177533242020579,0.05575551185906486,0.10427739415439058
2014-06-24 18:00:00,DEHM_BD,0.14899568904186936,0.08697529349258011,0.07515052467664061,0.13394603102670688,0.14279149199062025,0.19190728265357015,0.246962213183988,0.06392874523463486,0.026234576605205964,0.06971781768033072,0.11947398521791666
2014-06-24 19:00:00,DEHM_BD,0.14586847070134706,0.11707505080984704,0.050757473678768754,0.13169458562789557,0.14749227701827874,0.15493510551170253,0.1728576401682429,0.06390562956293322,0.019889991032321593,0.06287699064456029,0.12263474737996218
2014-06-24 20:00:00,DEHM_BD,0.1062686735152824,0.42850413388407155,0.04978984843862623,0.16719086895882895,0.1629987481150588,0.174621266017646,0.3712835877943091,0.06105269387526563,0.015341030036943823,0.03161536146842109,0.1169721907175145
2014-06-24 21:00:00,DEHM_BD,0.09680711013782765,0.6762514828975884,0.07831247937854363,0.33975258427829375,0.1682604638836578,0.3661170313267015,0.6337234709473514,0.05020149975096377,0.012336058071582225,0.013843673973464957,0.1082928508211311
2014-06-24 22:00:00,DEHM_BD,0.09028268415899941,0.6345338156482379,0.1738862015373785,0.6009103660624032,0.1523747634983807,0.5967911549448228,0.851775812344111,0.036478443009132284,0.01662553401258348,0.01906920831454399,0.10073782537751351
2014-06-24 23:00:00,DEHM_BD,0.08702922371959301,0.48215506341039394,0.3766758130754633,0.818906573493735,0.15975106504421438,0.759529556626442,1.0621724644447896,0.028856572229441973,0.02787521422587441,0.024275154528277252,0.09525200606905966
2014-06-25 00:00:00,DEHM_BD,0.06901323552986598,0.4528852135444238,0.520171395620039,1.0690501501432599,0.1811646315682189,0.8415722999211592,1.3139577857478857,0.032307062996216315,0.04048257634609415,0.027669197613037107,0.09145422943383502
2014-06-25 01:00:00,DEHM_BD,0.0669074672855435,0.5289279343707836,0.6485543994821696,1.4089768083750447,0.19027264187848644,0.9166343882982375,1.5935199666620652,0.03727155311037995,0.04707117043460717,0.03153893901569138,0.08912463317113217
2014-06-25 02:00:00,DEHM_BD,0.07389727066563549,0.49586146556851274,0.7765667158829799,1.7066359988504645,0.20924336836074,0.9861776400611246,1.7853348611568893,0.04442081083686239,0.05257547680249611,0.03606051935980362,0.08801532053536716
2014-06-25 03:00:00,DEHM_BD,0.07924828393095854,0.5378015271002106,0.8609665570096146,1.813625218124429,0.2610353815470355,0.9957446120074656,1.750140555158088,0.05954467414783898,0.05047753901361566,0.0407759384087171,0.08913200375136905
2014-06-25 04:00:00,DEHM_BD,0.08396112750742343,0.5506717879219696,0.903298322383416,1.5063644366880724,0.3279418207736871,0.9539711696743698,1.3065659842367192,0.06938016988021783,0.04718774774550773,0.04102748632165231,0.09068148719586423
2014-06-25 05:00:00,DEHM_BD,0.08830073283947995,0.2489659435865463,0.8035932707608965,1.1268295324645936,0.39870062007911494,0.8027449349418283,0.9213701207091194,0.06930884562686936,0.043050199447114725,0.039374561095259795,0.09013169074488783
2014-06-25 06:00:00,DEHM_BD,0.0946311253969569,0.08859065541886886,0.45391602716100077,0.870141014831427,0.4120845658684986,0.6996770459985848,0.6656553707793051,0.0701107223271431,0.04044638811112552,0.036832157860318446,0.08795667271317897
2014-06-25 07:00:00,DEHM_BD,0.10171764305832202,0.06044976100671786,0.2504005082378011,0.6906538268946067,0.39955492493664835,0.569006113126301,0.5713084940372433,0.06710547914280043,0.04245349137454041,0.0335285364135272,0.08656893533411535
2014-06-25 08:00:00,DEHM_BD,0.10900560306809312,0.05490925651288574,0.13259435454702456,0.5907918530499316,0.38589028924489377,0.4618113198241916,0.5589308931671317,0.056772798712913214,0.04482975428170513,0.03159687842747068,0.0849537081154784
2014-06-25 09:00:00,DEHM_BD,0.11798747340101742,0.05504633995655629,0.10133637955464533,0.5826127466782618,0.40581882114373136,0.43831427969799364,0.6357043864324677,0.047102056553409793,0.04127012737923996,0.0277340290550503,0.08231767667720771
2014-06-25 10:00:00,DEHM_BD,0.12374698387534931,0.058102104230022426,0.09006048993424731,0.63350029360698,0.39488228187338903,0.44760857159044587,0.813685754156275,0.04208685844503384,0.036703871242732035,0.025826790962777887,0.07909433563285018
2014-06-25 11:00:00,DEHM_BD,0.11979583123601492,0.06304390839991149,0.1303842288322978,0.8995279646794776,0.40700375739738803,0.4996552884384313,0.9878854137383304,0.04133580954124967,0.03500099170433413,0.024433041353300156,0.07668303192414334
2014-06-25 12:00:00,DEHM_BD,0.14227580160568457,0.06736410300180293,0.1703974641028464,1.1773776295451954,0.47040155914017456,0.5689982098933635,1.2227277601113948,0.04613349873227372,0.03368497621488052,0.021698038776616864,0.07426658938805325
2014-06-25 13:00:00,DEHM_BD,0.18859650024603106,0.07198059638248742,0.16584687971512307,1.3601196662341457,0.5095938781320208,0.6072998772682389,1.5081685539527372,0.05524684202898981,0.03145456281173017,0.018260407318646317,0.07271676435613057
2014-06-25 14:00:00,DEHM_BD,0.20899551006553213,0.06323445613998677,0.16207017641019064,1.591686544635983,0.5329767698921123,0.6276104989460761,1.6233505398182804,0.06043134485668206,0.03511827532184367,0.01575283364819725,0.07239085184507825
2014-06-25 15:00:00,DEHM_BD,0.22801618203716692,0.05082984324730646,0.1587612283889273,1.7846192845106108,0.5621308448425819,0.6235548214945708,1.4434107488182857,0.06352918689553122,0.03936137379318518,0.01191167414324235,0.0729633054400956
2014-06-25 16:00:00,DEHM_BD,0.2553064226644771,0.05995694175634061,0.1747004040434862,1.5517424447952062,0.5567693568249419,0.6207529685012774,1.3626757298114325,0.06635956110786694,0.04197087573358479,0.013100182609859568,0.07352670574715703
2014-06-25 17:00:00,DEHM_BD,0.2475050965072994,0.0454489255431203,0.19065937096223098,1.314332835335744,0.47769000726821353,0.5095431148591066,1.3144421027683584,0.07752212822216888,0.04786379534189672,0.013763250347587545,0.07475971216072172
2014-06-25 18:00:00,DEHM_BD,0.2368606157158929,0.03687217321512562,0.20569979326913454,1.087044539376864,0.45601341894279696,0.4244705724801203,1.4834959109820325,0.09547079411087789,0.051804272698833184,0.012153434815493998,0.07757392391100827
2014-06-25 19:00:00,DEHM_BD,0.2281694031394645,0.06311022433644643,0.2105723079208044,1.0309091804623725,0.5039148772564669,0.4525132688562512,1.4256479210217758,0.10414222917378928,0.057290200100696416,0.012265251805552877,0.07909411111005155
2014-06-25 20:00:00,DEHM_BD,0.23614216685302541,0.17991510447511777,0.21232307547644924,1.4851405012244825,0.5843948299875297,0.5331094541786844,1.3258761072938363,0.1039295377771466,0.06721833046785775,0.021654007946206977,0.08275770260555988
2014-06-25 21:00:00,DEHM_BD,0.24099534547358728,0.42065368190882957,0.20006098385729076,1.7531562096517,0.6734468936855065,0.6495919365880329,1.3999981223813576,0.1014294722638898,0.08178386251703365,0.05859589226207825,0.08478805396694619
2014-06-25 22:00:00,DEHM_BD,0.2313239744069427,0.6053274435402839,0.1895340709011624,1.8558812411097605,0.7512098931221058,0.8208836385141417,1.7068335234298222,0.09784707770592563,0.10367644491089885,0.21115458476301074,0.08519867001130355
2014-06-25 23:00:00,DEHM_BD,0.22703097707508116,0.6442448007336421,0.20033467613642159,2.1752130975105457,0.8739386138596572,1.049559802636653,2.171843709788311,0.0982684378727991,0.13047586732497904,0.7824254816358076,0.08511934611321297
2014-06-26 00:00:00,DEHM_BD,0.2223491283937542,0.6504572673276705,0.20627711521152126,2.684081262316885,1.073194490069139,1.2839917123975715,2.7860222174515474,0.09697517381449046,0.1517751938812799,1.4963299850183711,0.08436605930812241
2014-06-26 01:00:00,DEHM_BD,0.2284602926480769,0.6953697667247084,0.20520677118679395,3.434815154388907,1.2512498367662297,1.6174156694506197,3.483871213605755,0.09350017871818386,0.1673348637056214,2.0325625635919353,0.08328110498340509
2014-06-26 02:00:00,DEHM_BD,0.25498647709429245,0.7041219447263904,0.20040862602880327,4.159799953626773,1.3967953769598807,2.2412548354887045,4.115525973407204,0.09037915267889714,0.1781954974657325,2.29287624522932,0.08179483493872472
2014-06-26 03:00:00,DEHM_BD,0.2918518556868285,0.6569014275969542,0.17616754552501362,4.766625610809355,1.4807473763713392,3.089825041050298,4.672852170674641,0.08789332396036001,0.17808700896228943,2.2458656336474596,0.07931171244856712
2014-06-26 04:00:00,DEHM_BD,0.27999565836399776,0.4876664909821059,0.14421848786593666,4.540773081293076,1.3683855163682392,3.5653907676539323,4.750354673288331,0.09161371629048817,0.1554203929920935,1.7144898627825618,0.07800301897342073
2014-06-26 05:00:00,DEHM_BD,0.2314319916316865,0.2638468760562558,0.11626896296007813,3.6623522288096613,1.2634567233432454,3.3904549532749635,4.34748789987392,0.09569919746510792,0.1348087992473778,0.8383813404288072,0.07597754644873832
2014-06-26 06:00:00,DEHM_BD,0.17470387704748652,0.1485237874066069,0.1049314083064323,3.555590744568693,1.329455761604954,3.5316818185756564,4.468715553037638,0.0952338633588123,0.11749047234970714,0.33256760248109213,0.07235166584187233
2014-06-26 07:00:00,DEHM_BD,0.16140349468231188,0.11417008559400313,0.10082472891438868,3.2729608472654794,1.4227401020391752,3.0430509262751517,4.298555704250582,0.09610145594419199,0.10369639886724058,0.23056996949760694,0.06998861361833039
2014-06-26 08:00:00,DEHM_BD,0.1753258159830187,0.15126563788048097,0.1027302683034817,3.0713955409777727,1.4638926900838314,2.632717728314154,3.5873213527890635,0.09263672779730041,0.09803247766735483,0.21511722226208058,0.06960928710574271
2014-06-26 09:00:00,DEHM_BD,0.18138190183203654,0.19113064711977712,0.10800411343758222,2.5341943616821037,1.6168134486972376,2.613271418852527,2.7894046371468657,0.0844664958628126,0.09786840813946421,0.1861101529673672,0.06848978606530451
2014-06-26 10:00:00,DEHM_BD,0.19444797513965506,0.2130260736265439,0.12310329555862574,1.8963672752100695,1.9314169944435728,2.6932060626638727,2.8190043452067837,0.07552338349596592,0.102216081310557,0.16151122525736672,0.06770425942466109
2014-06-26 11:00:00,DEHM_BD,0.1976465602518058,0.2323966982456826,0.1177203130084205,1.5321328229622426,2.030432673606053,2.846715947090825,3.1295264287510864,0.07096635287314633,0.1090765758819411,0.13008301430820474,0.06660077545339219
2014-06-26 12:00:00,DEHM_BD,0.17633809243481133,0.22375343404458892,0.11360741214618773,1.580538991465804,1.9835266189027951,3.00000852012401,3.212713664921279,0.0692051800485653,0.1185829420811029,0.11400574826405478,0.06610964405845018
2014-06-26 13:00:00,DEHM_BD,0.16195259204495685,0.19752116818195603,0.10777985173813978,2.0142682791651922,1.9633976498323493,3.077122243361331,3.0803216768930457,0.06744066311568937,0.12252014087143336,0.09744982668828672,0.0662885674097388
2014-06-26 14:00:00,DEHM_BD,0.1770750855964142,0.17661557777384984,0.10932793838675117,2.2062770726366576,1.9613732780869493,3.103432208454511,2.5983354832989987,0.07167715606014934,0.12970504805264052,0.12392160982862568,0.06764747015669353
2014-06-26 15:00:00,DEHM_BD,0.18416924595500803,0.14146428546227047,0.11026007869729533,2.364325874439629,1.9365259883736168,3.093377450677813,2.3444812548058325,0.07792451478251479,0.1319334089541992,0.15260084661772227,0.06891045877508796
2014-06-26 16:00:00,DEHM_BD,0.16337131339455474,0.08224566727815831,0.10619498072675422,2.462666106111895,1.9199458188110312,2.971451022532743,2.9405200277904404,0.0835943240980559,0.12680552890365457,0.13410060187053394,0.06937642444855056
2014-06-26 17:00:00,DEHM_BD,0.1389037450418152,0.05784805178031451,0.10123919195101233,2.3363515503659262,1.828603031887086,2.5997968996059444,2.8260555686505384,0.09200982334154784,0.12218800947483734,0.10393260822600268,0.06877558524207604
2014-06-26 18:00:00,DEHM_BD,0.10803561426087772,0.047773276938939485,0.09495692265180979,1.9987303203333904,1.5687322355013666,2.180112634544739,0.7675919050926645,0.0964739520779508,0.12172313991001087,0.08531767556973147,0.06680668672814163
2014-06-26 19:00:00,DEHM_BD,0.10734050708822959,0.067669055206956,0.09340534940068405,2.4880679185872756,1.5225580188563979,2.594071083557273,0.4242302156112051,0.10029001515414075,0.12400407216503481,0.07958072832955637,0.06257533710398959
2014-06-26 20:00:00,DEHM_BD,0.1268513904375442,0.08609509194785249,0.09425641471533412,2.6048116387163387,1.7624249601310862,2.98976927111966,0.8684661379276735,0.10345526372772068,0.13009465598801048,0.08041089734324705,0.06177107297074351
2014-06-26 21:00:00,DEHM_BD,0.1426653346111485,0.13719773407120306,0.09907205517736153,2.2702395076993644,2.352202504297192,2.7257934374050965,1.9016020965533533,0.10637748092524234,0.13679391529314164,0.12380460167292334,0.060799742040014405
2014-06-26 22:00:00,DEHM_BD,0.1270279127999562,0.19449954310027806,0.12134438760563415,1.8768450499879505,3.171839779702309,2.3131939813653233,2.619745181429743,0.11146062981218724,0.14958420131833478,0.34676755762195105,0.05947421177503001
2014-06-26 23:00:00,DEHM_BD,0.22490364512548827,0.2758906164637506,0.18773445569168978,1.8168056387121843,3.8530475815531857,2.5276924579516953,2.6880837903257007,0.1174903670308004,0.1928581220381635,0.6950377937536074,0.057797499326440946
2014-06-27 00:00:00,DEHM_BD,1.0044897101006576,0.36774489048197906,0.3328566888846098,1.8285275968404358,4.0144924714848615,3.5014505585557876,2.8990176818522824,0.12087083038686641,0.21722769898169575,1.0489396969296458,0.05612212787840409
2014-06-27 01:00:00,DEHM_BD,1.153843427663474,0.4888180436865262,0.48841388987993894,1.6385307733870054,4.059557811250611,4.336937824317269,3.0290201969806567,0.1274993332877266,0.2380895557105515,1.657430334193507,0.05500356407936541
2014-06-27 02:00:00,DEHM_BD,1.3567420854890913,0.671669425194273,0.5791015078246419,1.2822013764967424,4.124948371686228,4.587270792721513,3.1300475966803227,0.13902011818136994,0.2960197733629995,2.3979000440536886,0.05438703518638663
2014-06-27 03:00:00,DEHM_BD,1.48749460627508,0.8534481450770757,0.5783078516327101,1.1145926691399288,4.393896292637646,4.920124932521636,3.087336973916649,0.1495074268524208,0.421253950417831,2.7213667574231453,0.05218636948312834
2014-06-27 04:00:00,DEHM_BD,1.399932154277038,0.8914831807371919,0.5744533334222127,1.128692213218221,4.625752915275103,5.23612050470482,2.7285742961705446,0.1568036746377241,0.3879018845659341,2.108161101822422,0.05216042975096264
2014-06-27 05:00:00,DEHM_BD,1.0510406390727685,0.8236905545990983,0.5909520531837671,1.0409058203166552,4.569981676696614,5.428197726984389,2.965306774301561,0.1547089017597538,0.23272318842282624,0.9339206729066593,0.05506307368878261
2014-06-27 06:00:00,DEHM_BD,0.4521041306292917,0.8976459649052904,0.5634434028777087,1.3968909280622643,4.797166257712188,6.197474652726994,3.976993573030179,0.15929048896483372,0.13698122866825413,0.3642738296960201,0.05960269125775644
2014-06-27 07:00:00,DEHM_BD,0.17525642357843682,0.9471409733045805,0.5593316789290701,1.7806440692820662,5.143466425432095,6.433712159479873,4.694737053859398,0.16002585219467402,0.08652949320506291,0.21510106528549444,0.06291616748284651
2014-06-27 08:00:00,DEHM_BD,0.13711311086039285,1.0154364033899648,0.610943203884258,2.340172058504448,5.03974561587914,6.741513603789117,4.698252298788605,0.14643231658574304,0.059663550310972965,0.24812602411887136,0.06416494072409336
2014-06-27 09:00:00,DEHM_BD,0.19102984199637768,1.009836538035432,0.6598180476736479,2.619084466778653,4.449902237730883,6.9376594567721614,4.21897325031093,0.1238174051888653,0.07394255209118122,0.2673216483736037,0.06559209546448877
2014-06-27 10:00:00,DEHM_BD,0.22750904026983293,1.1309616109297425,0.8121857139989489,2.2874852362019564,4.050112164154099,7.164938291757343,3.745552283999623,0.10091758440636617,0.14813395587891326,0.23430177118610573,0.06692067517740408
2014-06-27 11:00:00,DEHM_BD,0.21972007624025447,0.8639994422195618,1.0736712432154383,2.4360961497938702,3.1860118042258825,5.792141313264265,4.7123325180060744,0.08495742733607962,0.22177246074367302,0.21853621778804794,0.06910500081495831
2014-06-27 12:00:00,DEHM_BD,0.21134720817480224,0.5373200498822901,1.43671681639129,2.564520687709777,1.8986903186027146,3.711559027271597,3.4723447982212026,0.07572967068236297,0.28900134089699003,0.26049785801078185,0.06989570989833668
2014-06-27 13:00:00,DEHM_BD,0.1090489850899389,0.14087876374041652,0.8338101198869502,2.0334787163334345,1.2119301960617768,2.0810628073707456,3.2273111460463433,0.0743617266688582,0.36315630040777835,0.29876511452131543,0.06981206648388277
2014-06-27 14:00:00,DEHM_BD,0.15761231663818465,0.04206635959095945,0.691842912157856,1.6578496021123734,1.0139248012809454,1.2261540372371895,1.604599233114373,0.07657279392805239,0.4628385993011668,0.2858461645549605,0.07135476441002908
2014-06-27 15:00:00,DEHM_BD,0.17231443082632486,0.08212061590254476,0.6130912514927994,1.0615657078943763,0.9091802071576192,0.8323984488208546,0.5596153040652287,0.07870402190050566,0.5600946641586719,0.2535160400113392,0.07436408624299903
2014-06-27 16:00:00,DEHM_BD,0.23914769333054298,0.08035103679708668,0.5864239327677756,0.7183391251745788,0.7656404449083796,0.6820616912061651,0.6198943870803904,0.07835401345659158,0.5272029353992267,0.2772627950323006,0.07740127662889644
2014-06-27 17:00:00,DEHM_BD,0.2629480453839059,0.09003154674487387,0.6153130035617653,0.6175182114664959,0.677713110500914,0.6750832311896873,0.8496548360138447,0.07820240106521156,0.3670535162179811,0.29098103380167917,0.07901260270716146
2014-06-27 18:00:00,DEHM_BD,0.29645347990883975,0.20699916187195766,0.6213513852094693,0.4940276914805008,0.7108595013088268,0.8751974452420377,1.7929315446261098,0.08203634120894582,0.20392108871654135,0.24546903232498687,0.07941532341922497
2014-06-27 19:00:00,DEHM_BD,0.30405267754657417,0.5479536839338774,0.51797022886288,0.6649336281043441,0.9255507300643482,1.8759008590896533,3.5616785905469586,0.08396706073139791,0.14491221055401654,0.17708001595801365,0.07730682357147553
2014-06-27 20:00:00,DEHM_BD,0.3053464921045547,0.6305788945500523,0.2875435360794213,1.749389466683452,1.0763654121400346,2.787300776512709,4.864316949203871,0.09053544918992541,0.11424534583917523,0.13595672169111037,0.07750325846066104
2014-06-27 21:00:00,DEHM_BD,0.28823003666683666,0.2217474281983135,0.31044586652038475,2.928258785398278,1.1493569631029432,3.120889301553193,5.7156709720459276,0.10088009655834289,0.10162971198816786,0.14247114205719225,0.08098945403370293
2014-06-27 22:00:00,DEHM_BD,0.2790194968733935,0.1303251767353224,0.9753906736890093,3.4842709973138293,1.006256498371591,3.1353510456649447,6.1229602680023945,0.112867674602481,0.09853496871822481,0.1451069575270879,0.08751559010713589
2014-06-27 23:00:00,DEHM_BD,0.26686743003865465,0.2242721261844909,1.6710160438221893,3.0788230322511465,0.7577512162440223,3.1077432219730494,5.470593158737205,0.12216242737410221,0.1083302597371472,0.13031527331045878,0.09468009094758875
2014-06-28 00:00:00,DEHM_BD,0.1801944038021214,0.19728753830362633,2.613059076163805,2.8222291832948057,0.6378551910518457,3.200172540862408,4.179317801485984,0.1276473629592819,0.1378080319838783,0.12415908011463286,0.10027762289374016
2014-06-28 01:00:00,DEHM_BD,0.16318656137796106,0.1911235656347181,2.2950083123892666,3.245765294124871,0.6004763826682464,3.3160902356600483,3.9468283038823784,0.1287761202664818,0.15692559894621824,0.10143092123217866,0.10609426681242762
2014-06-28 02:00:00,DEHM_BD,0.20595724763430642,0.2764423057707841,1.785765558457375,3.512789762379329,0.7080173878333763,3.7023199330621672,4.67342297703717,0.12525726730173323,0.1504412736084839,0.0960583348075648,0.11334375404736254
2014-06-28 03:00:00,DEHM_BD,0.21240545082352116,0.1338455285441415,1.5625182432088722,3.464664708195038,0.796530014408212,4.151037358993855,5.125311368916157,0.1158627595159957,0.13372344080536822,0.09557916687754556,0.12698792260957403
2014-06-28 04:00:00,DEHM_BD,0.19649661507439325,0.054723638430536486,1.3996338260489098,3.503758401329483,0.5639985312582597,3.9028493684705707,5.629071131803541,0.10055114695085786,0.09829933164786528,0.12030113471205797,0.13686529111048953
2014-06-28 05:00:00,DEHM_BD,0.2594693634397896,0.04733993709775704,1.5310646791607427,3.688650734527376,0.4200111140855121,2.537731283359219,4.1945884675570415,0.09549456460710952,0.05828618509235772,0.31851770866224594,0.13947832241493785
2014-06-28 06:00:00,DEHM_BD,0.43888388601915085,0.08708068263536402,1.9080910383258736,1.9770428789427479,0.3840616192900388,1.3615759072039735,2.049481322864792,0.1084581046344105,0.04677380959065853,0.36509793588453887,0.13619855490657026
2014-06-28 07:00:00,DEHM_BD,0.7981689893315999,0.1499973078010923,1.5826616510755178,0.9939080491841442,0.3897036040390886,0.7130046604898258,1.1136843392344402,0.12661738815452891,0.05479262840604407,0.3872139063005474,0.1293730224495939
2014-06-28 08:00:00,DEHM_BD,1.0902123184757935,0.20447567943718037,1.0075652929734158,0.6238032313354176,0.3923500172428507,0.39010086568555596,0.5433956458106686,0.1559899817482334,0.09608001588335252,0.4580703034735238,0.12495732841880974
2014-06-28 09:00:00,DEHM_BD,2.054311043884397,0.20640557976080096,1.086317891649009,0.43551074612424356,0.42208079822905353,0.2887396555568196,0.302855159394408,0.19748336213344697,0.12747086578745392,0.9314677162866247,0.12908874286741007
2014-06-28 10:00:00,DEHM_BD,2.77107250672072,0.1281787047917773,2.004956032220047,0.3152376590963576,0.43658887888365416,0.27048866538832445,0.2184900636174985,0.2127425353241152,0.11151967371510331,1.14672521957846,0.13181932085908935
2014-06-28 11:00:00,DEHM_BD,2.8427810531569584,0.07808520311525376,2.1496741193380675,0.294743632724666,0.4315293154556302,0.35238210121608593,0.20740186420779652,0.18876543984996144,0.08350442725701249,1.1277412881341862,0.1296003346864878
2014-06-28 12:00:00,DEHM_BD,2.318048508290002,0.06034480289751421,2.3513934334095614,0.3198413031141183,0.4374234206190005,0.418727816557571,0.23251899526306508,0.15684175829613567,0.0839146982145308,1.090215262218631,0.12926076260923858
2014-06-28 13:00:00,DEHM_BD,1.8877490675108484,0.05034351553579725,2.015467885158537,0.35314807349859567,0.4490116947206993,0.37646313957100724,0.268668792182424,0.13752892576580858,0.09067701927166415,1.0092754608283752,0.1313455940089432
2014-06-28 14:00:00,DEHM_BD,1.1064655153437517,0.03448358125621788,1.4466819631438517,0.40090706725120107,0.4910441109056816,0.35899767409172656,0.3261635606404082,0.12796117328028644,0.10820396072320629,0.8385135911853401,0.14057573448996524
2014-06-28 15:00:00,DEHM_BD,0.6195162668226775,0.02399870973318982,0.9154722102227993,0.43006840704445237,0.5298251046808389,0.3898427710478379,0.3218105358682266,0.12120873395684388,0.13143046947510437,0.6337588020781427,0.15762504431673613
2014-06-28 16:00:00,DEHM_BD,0.4746012910397629,0.04778486467452012,0.5775886497674743,0.4201538496902286,0.5649521064862422,0.39846663552184813,0.38563722903581193,0.11516838707087547,0.13639862161521332,0.49015234632486426,0.17491103741685332
2014-06-28 17:00:00,DEHM_BD,0.3838614384255046,0.0785150189456023,0.3092019507977761,0.2646833300635136,0.6019760472321508,0.4159083272341771,0.3847786040513519,0.10092686654978658,0.12198240255502972,0.4397115691770359,0.19181852033378316
2014-06-28 18:00:00,DEHM_BD,0.4023237874728021,0.10371263231955777,0.2314833595260842,0.21335300994843623,0.622837100795391,0.5187952819417998,0.3751336985109862,0.08342834178181029,0.10736970384253644,0.42664064576154326,0.20784970388922305
2014-06-28 19:00:00,DEHM_BD,0.44851799244498824,0.16976789554487473,0.2464399257160245,0.26937517204546246,0.6425960257598804,0.7411317688240753,0.4248799186329575,0.06607921555986082,0.09716099607088226,0.4537195120082464,0.22934121221209922
2014-06-28 20:00:00,DEHM_BD,0.4968595837858271,0.5113119977173478,0.22421104976351247,0.49805142879504194,0.6956282225089101,1.1121040670709788,0.773945432468153,0.05794081296233214,0.09545579867134911,0.823657537313857,0.23940129205847843
2014-06-28 21:00:00,DEHM_BD,0.4794454965826752,0.39106571366433773,0.16211827152700542,0.9610575802336818,0.8559124026594869,1.3142399035061132,1.2945999524617429,0.04748830051866238,0.11538718231431838,1.2767499008000707,0.2352339222839846
2014-06-28 22:00:00,DEHM_BD,0.48075920389208704,0.36588239208716694,0.18773897777356913,1.2899324783737705,1.03696173161678,1.4792125843933026,1.8666870531323423,0.03665681587612275,0.2549354756111371,1.1619856657904588,0.22148695171600197
2014-06-28 23:00:00,DEHM_BD,0.49238003030390703,0.38742895764736096,0.31459699693447285,1.5734669086509907,1.2249608506659417,1.733895002879457,2.5354765935810226,0.03303937596388915,0.4073470699355005,0.6551074769158024,0.20309061238948242
2014-06-29 00:00:00,DEHM_BD,0.6064570165474432,0.48488399642818136,0.33656006717328074,1.8155178763603228,1.4104537901027125,2.009979906583804,3.2634700513699273,0.03502470709130886,0.4398091342842577,0.6395569822709398,0.1862785807856171
2014-06-29 01:00:00,DEHM_BD,0.6869334561456202,0.49241543159012996,0.25997427486795,2.0657091147179814,1.5285711842995136,2.2871152159014905,3.8824754261522476,0.03411798192699864,0.38654977449148886,0.898015884985753,0.16977977955406517
2014-06-29 02:00:00,DEHM_BD,0.4547844963910057,0.4138045041367082,0.23857671964998112,2.621061290968575,1.5082671936395018,2.6279791916277286,4.1954149097353515,0.030436621004624367,0.3837944435535369,1.2283681827804784,0.15452692950205862
2014-06-29 03:00:00,DEHM_BD,0.24287105642362491,0.2736767695756454,0.19471610666637856,3.472461892585779,1.3696168212468178,2.7770749145676,4.25780862149586,0.03168513151601828,0.38493651004135593,1.547858448406772,0.14070660057018494
2014-06-29 04:00:00,DEHM_BD,0.16603888263213776,0.15763169200315125,0.09887271347362164,3.464085084240268,1.1259549184213578,2.655729454939831,4.0852644530945925,0.03242319453527793,0.3197852023521065,1.519375487013824,0.1274327495254016
2014-06-29 05:00:00,DEHM_BD,0.22342795482193917,0.09633851635894256,0.06340260026859226,3.1213116580095166,0.7852433078612385,2.5213762548019365,4.169104125551214,0.035611856304830256,0.23849924085214716,1.180851399914395,0.11792802962886162
2014-06-29 06:00:00,DEHM_BD,0.17657892170269027,0.07221258531734331,0.06369624426704117,2.730632412326879,0.4240138863395433,1.950891162214475,4.240289897922235,0.03940485539345763,0.16969629614599036,0.8555976621120864,0.11510352526059361
2014-06-29 07:00:00,DEHM_BD,0.15480168630127322,0.07365937882353074,0.06360951145484094,2.388706408805603,0.30848573713241123,1.0880118063129858,4.018482576862075,0.04397249297816879,0.13089121157705771,0.6912468923700973,0.11272519679456934
2014-06-29 08:00:00,DEHM_BD,0.12742495987878405,0.08567298641949866,0.06507051184638618,2.12919800133472,0.27899747427921723,0.5604198910137823,3.3414087555207868,0.042061652455453645,0.11129763674380239,0.5724101959300225,0.11407330450029339
2014-06-29 09:00:00,DEHM_BD,0.10739908412392703,0.11658628567395721,0.06441591146742452,1.6956374762190982,0.22368525257874264,0.492254817187311,1.9109906598736346,0.03914509067675315,0.09715388142339879,0.4276108257872121,0.11585453428327304
2014-06-29 10:00:00,DEHM_BD,0.11678556299133219,0.12893906398928248,0.062480188036942705,1.3418097475882953,0.1837780593287943,0.498829518428659,0.47672613176226664,0.036344830150808846,0.08200149753084394,0.2845841512928552,0.11359539357092921
2014-06-29 11:00:00,DEHM_BD,0.094254679404795,0.10712855309482176,0.06494190984974131,0.8377044487690499,0.19540388612765813,0.4159873361809271,0.3458028422977554,0.034387969678822294,0.06674758565990242,0.19599835099015014,0.11501816592637429
2014-06-29 12:00:00,DEHM_BD,0.10468096465816701,0.09580934971914729,0.06492831968062664,0.2574014931024468,0.25471054252523917,0.3348293079146369,0.6245682670863344,0.03257037807005294,0.05185968077371819,0.19017492634484792,0.1242891979087235
2014-06-29 13:00:00,DEHM_BD,0.11032440699188965,0.08806145362530707,0.06022145723684731,0.23420328216388817,0.31196505115393536,0.3607500797947681,0.8425359072464127,0.029875351095939966,0.03647115927543716,0.1883769255680301,0.13749881829723704
2014-06-29 14:00:00,DEHM_BD,0.11730143936717873,0.07862806205433438,0.05884864761757414,0.41218983214812427,0.3456358222439511,0.36157827754169225,0.7305090549964236,0.0282336363399223,0.03054281067579051,0.14272292394553068,0.15223246878390193
2014-06-29 15:00:00,DEHM_BD,0.10656799530224859,0.07511443630838985,0.06282759368252165,0.5026894615377578,0.3539616240459679,0.30417494257950906,0.7001879318599565,0.021832583291603813,0.02976580537373649,0.1362246875270688,0.16903983877481416
2014-06-29 16:00:00,DEHM_BD,0.08580779142704545,0.06674438454851729,0.07756633414720285,0.6104761590674009,0.365491622859612,0.28497760722910753,0.686829579151736,0.014566398928026865,0.027599608464965036,0.10718528092676059,0.18853648807626217
2014-06-29 17:00:00,DEHM_BD,0.08092039354246686,0.06105687787245077,0.13856372524055177,0.7454546286959151,0.41552617917336515,0.27578399596558173,0.6743277910103596,0.012601943545760783,0.02906392797702281,0.10120636351101092,0.20424821288099035
2014-06-29 18:00:00,DEHM_BD,0.07979236183455196,0.06381184746003837,0.1748580510295827,0.6711446639439588,0.47797870489396144,0.33367707807465097,0.5291451779915025,0.015415173153548864,0.03218277776645027,0.1330215230618649,0.2148538527115154
2014-06-29 19:00:00,DEHM_BD,0.07854017367694512,0.08880555017294699,0.18524970780355152,0.5798024665154964,0.5002693822545556,0.41477162705705667,0.6686577338104956,0.021261088392916024,0.03699937043052265,0.14105411091332012,0.22290668509801836
2014-06-29 20:00:00,DEHM_BD,0.07801084744230771,0.1471237424428662,0.17220849250221612,0.8084734794623627,0.47399717495597893,0.6505644191659912,1.0821440046695436,0.029825755309937918,0.04165387705257774,0.1641985018679212,0.2360232583208753
2014-06-29 21:00:00,DEHM_BD,0.07481368890447826,0.24340320723988523,0.15479978949084866,1.2352270907965122,0.4514542475259303,0.9741714451246288,1.6575580136179098,0.04130557511819532,0.05065760184860437,0.24577919755393224,0.25011663992922734
2014-06-29 22:00:00,DEHM_BD,0.06914230303884007,0.25460977620981584,0.14145737373210485,1.7353339855688823,0.4508112116358428,0.8397168515134672,2.2635998268468027,0.047765497589422765,0.05340703410898756,0.24355646128697267,0.25071391266591836
2014-06-29 23:00:00,DEHM_BD,0.08868290563780791,0.2655648445474298,0.1278190973847358,2.298844540395367,0.44953405858241,0.5605771881666126,2.6559443872904764,0.046224347149007174,0.05602302450445971,0.19794062208903684,0.2507786953575722
2014-06-30 00:00:00,DEHM_BD,0.1274322816657483,0.2925442704723261,0.11628982182305285,2.609671638600162,0.42089886672276994,0.5106024753604922,2.853296776948221,0.04692507733963771,0.06196958527730576,0.10787865613887651,0.24757775270361446
2014-06-30 01:00:00,DEHM_BD,0.12372686348957998,0.2504564020361657,0.10681398657733558,2.5563144378289175,0.38017339631125324,0.515432558141998,1.7924478791649714,0.050879235615221355,0.07225835886110069,0.13443458396817076,0.24253992059446858
2014-06-30 02:00:00,DEHM_BD,0.11786880032618045,0.23999355560566066,0.10334071677714582,1.828657108362581,0.3433007885129749,0.4808195936185725,0.9654364174852345,0.05130111822384165,0.0848558204051897,0.15304852472644892,0.23514491037547572
2014-06-30 03:00:00,DEHM_BD,0.12234562150565438,0.23396036992207625,0.11468484618835136,0.9424586057697114,0.32178536655887946,0.40530110091032917,0.8071520679042687,0.04723258476333562,0.09070805538305063,0.13575379473589327,0.21817878744207306
2014-06-30 04:00:00,DEHM_BD,0.1399026910252624,0.22538112639530905,0.14070840476486812,0.7300864614700807,0.32112067287638774,0.3477956318251043,0.8672661225290852,0.04052226184416087,0.06873055896288695,0.11750495041679483,0.20115782024893886
2014-06-30 05:00:00,DEHM_BD,0.14607339845918804,0.1977444837933057,0.15977430211968713,0.6965161013817167,0.30917271230511356,0.3247196984565211,0.8212188721108931,0.035820892557192015,0.05552968801762893,0.11008811277132237,0.18928581535560995
2014-06-30 06:00:00,DEHM_BD,0.137807549505229,0.17217497334054013,0.15966811912156625,0.7296644058628157,0.3008368217043578,0.341244015946153,0.687469745649612,0.0366186197424865,0.050500036436333155,0.12284674367266707,0.1824957712278608
2014-06-30 07:00:00,DEHM_BD,0.14988978833417863,0.14517021897962476,0.16736058528106643,0.646235099011788,0.2872787244231998,0.35625061135676683,0.5895783513826008,0.03994413525451769,0.050582733697970256,0.14169786284511432,0.17296072535449625
2014-06-30 08:00:00,DEHM_BD,0.1593071838410804,0.15272337963394228,0.1853716380148753,0.5494825403675838,0.2508366431939229,0.31371877119878877,0.49497106028680343,0.0426764973667291,0.05080508987082152,0.14805103755458232,0.16580138208549924
2014-06-30 09:00:00,DEHM_BD,0.19665058972811778,0.1765800373957325,0.19134637496732165,0.5128792556369794,0.24140485134154546,0.2955162681701801,0.44243797493479986,0.0421627158120058,0.04722566717348985,0.14216662097120178,0.15830432226438992
2014-06-30 10:00:00,DEHM_BD,0.23858806280000583,0.1657169909922433,0.17560374525971695,0.4518894818949372,0.26135809517752373,0.3785749458404187,0.49323588490231396,0.0412609983987133,0.0420396778735471,0.14398831105445492,0.15328346717638883
2014-06-30 11:00:00,DEHM_BD,0.2621344641476449,0.16493924163161713,0.14844677961185565,0.40036325081210633,0.27395701316714277,0.48728180477469213,0.5098032074309614,0.04763064948750194,0.045845027817548144,0.15379609333690245,0.15408850707002678
2014-06-30 12:00:00,DEHM_BD,0.20215998487750514,0.1592611813512449,0.1368247499548269,0.45215722167096895,0.2777230049075557,0.4919964690461474,0.5001192320950323,0.0631855205332263,0.05434033316809671,0.1566559975264732,0.15980052642390122
2014-06-30 13:00:00,DEHM_BD,0.13781433013044284,0.16362935939892245,0.13577039661493148,0.5927293901280379,0.26210031793545924,0.4131615905960322,0.43366314904838554,0.07914169906362614,0.06486992401454589,0.13850053743476728,0.16539224989081724
2014-06-30 14:00:00,DEHM_BD,0.1543522167409419,0.15969340897937936,0.1527444782195425,0.6618663458073694,0.2568633891148118,0.32813088868129053,0.4937395703407097,0.0953539235371126,0.08342213370059129,0.11779643775410578,0.17085418199270727
2014-06-30 15:00:00,DEHM_BD,0.1658859844077144,0.151185739332438,0.16870954104389982,0.8393278277716049,0.25402504216242566,0.2535149175934725,0.47681879079530354,0.09309534943492069,0.10721553750218801,0.11243175281919648,0.1740362139267258
2014-06-30 16:00:00,DEHM_BD,0.16778530153267066,0.15308591645392577,0.1501207205935008,0.8468805489757939,0.2545331778920441,0.20050593016626073,0.42546974537731175,0.07347288284306785,0.1231647143968472,0.10890589041152547,0.17565316671703105
2014-06-30 17:00:00,DEHM_BD,0.1582814287094351,0.16301887119766198,0.13096047144412978,0.6865483857958223,0.24722137395881105,0.19360368926091517,0.2876319255212286,0.05521600967495506,0.13436210198461537,0.11175567345033119,0.17606301557124032
2014-06-30 18:00:00,DEHM_BD,0.14572207210069688,0.19539771315301122,0.11522692795174191,0.436686576449908,0.2334492432528733,0.21177339418350768,0.2159630327321017,0.04468575054229661,0.14114812298881116,0.1289100145224126,0.1765127357937865
2014-06-30 19:00:00,DEHM_BD,0.13485472100479987,0.18506570160777627,0.10477732120553017,0.246725124964882,0.22856156697738902,0.2619960671453233,0.2205025463241134,0.03993544077771631,0.15345240125720383,0.14496332725072783,0.17435719143474243
2014-06-30 20:00:00,DEHM_BD,0.137169541962957,0.1498538096427242,0.09330991913802447,0.3710426802028286,0.2387882146681844,0.3217173914935817,0.32957712157292673,0.04050120879932552,0.1767468570544725,0.17039324255543942,0.17513977962464639
2014-06-30 21:00:00,DEHM_BD,0.15206289388362298,0.1218337046167076,0.08642693319804487,0.5991331773779132,0.2533484428523852,0.4711277826280432,0.5520135629918624,0.041158580989668334,0.19968172091662417,0.26315850702688137,0.1789795739797967
2014-06-30 22:00:00,DEHM_BD,0.16259109818647144,0.10507044402576649,0.09380066974004946,0.7872529533672066,0.29139965503223225,0.6267094755311111,0.7560610819367877,0.041229194815965715,0.20630206585997468,0.39005283452140477,0.17163906361977097
2014-06-30 23:00:00,DEHM_BD,0.19029724355180633,0.09876790105168878,0.15514234864150164,0.9966264128773206,0.3588936722020804,0.7656220523861126,0.8820958737565716,0.04242760790479802,0.20208278757840809,0.38852460577311043,0.16193041601173103
2014-07-01 00:00:00,DEHM_BD,0.187271508504215,0.10132286639954967,0.2433335530283068,0.9118210250485106,0.38371304443113496,0.8971997105348948,0.8683431922700093,0.04535191770610618,0.24293361324799456,0.22526318876208792,0.14941774902879248
2014-07-01 01:00:00,DEHM_BD,0.15981760208443493,0.14233834191518424,0.2517170850214082,0.8986326563480822,0.36697938196856517,0.9365042730739059,0.8620668519488861,0.04815913936605205,0.33096617285907254,0.1730338847199058,0.13688570655143914
2014-07-01 02:00:00,DEHM_BD,0.13519286226722643,0.3081856487769412,0.22327504996977737,0.9321980245109878,0.33577721535611876,0.8893874200416728,0.8631410758873423,0.04305485095772876,0.41941977835267774,0.18425488219296393,0.1290775977124424
2014-07-01 03:00:00,DEHM_BD,0.12803786280767054,0.28119908305658725,0.1840169194334371,0.9749189117354388,0.3080427908718958,0.9032814351343363,0.8116462705155949,0.03035324071699739,0.40172118703544135,0.20318463565582184,0.12104474171804952
2014-07-01 04:00:00,DEHM_BD,0.13283880753091526,0.2019078617534064,0.14836490467306215,0.9147578368767443,0.30247260720983127,0.8709031564461439,0.7643517218343272,0.026359414477350417,0.33688144712269297,0.1955296177256333,0.11163060792146481
2014-07-01 05:00:00,DEHM_BD,0.14797679739079883,0.16408881354370897,0.11985955611299237,0.7758560302650486,0.28591936891023056,0.7983146048623602,0.6968241730024396,0.025076446757067293,0.32141640422411244,0.18550928713343567,0.10414804199785684
2014-07-01 06:00:00,DEHM_BD,0.19342926287764667,0.14449740781478226,0.13370627542225638,0.6703066832774878,0.25007998390984715,0.7313364592011132,0.6859529026305036,0.02512944068684231,0.3118293534556029,0.19134388040047354,0.09618619651688953
2014-07-01 07:00:00,DEHM_BD,0.23083260098735797,0.13169758170225146,0.20967109702303996,0.6358081333774803,0.17948958580815685,0.6177833307357039,0.6932881871266143,0.023835869620581977,0.2938874242024355,0.18761344219656878,0.08897588709541583
2014-07-01 08:00:00,DEHM_BD,0.29226681991165493,0.11629496849498579,0.2584232003018258,0.6262169278799334,0.1500353947431686,0.45717579057754015,0.6635855887342283,0.020591191210811797,0.27570623497107044,0.18904298706515216,0.08361784419004333
2014-07-01 09:00:00,DEHM_BD,0.3505692311576194,0.11410525812196537,0.2903584121875092,0.6461403135059696,0.1763817441357112,0.40962613717873575,0.6585487651567414,0.017776815696814312,0.26984103334067383,0.19568357876250517,0.07780709699098931
2014-07-01 10:00:00,DEHM_BD,0.34605972141967145,0.13178553710998137,0.31908928801713493,0.7775565584325341,0.20239100378070013,0.4568714407706934,0.7061724164368693,0.015346712697021401,0.27700786695521307,0.20481643689581178,0.07314587676595413
2014-07-01 11:00:00,DEHM_BD,0.3486392819026484,0.19299655925620862,0.32209685859966086,0.8274859014432627,0.2199712559299449,0.611364591641156,0.766774346002979,0.01278728987896663,0.29664464891309833,0.22119733000400923,0.06944710741534352
2014-07-01 12:00:00,DEHM_BD,0.3209584683664887,0.26542696827726453,0.2816044124309811,0.9069669078564707,0.23510774733410206,0.7541489958350476,0.7450303445914137,0.011196220829640419,0.28914945593951247,0.2247377733834692,0.06732073263459369
2014-07-01 13:00:00,DEHM_BD,0.2887834922421723,0.28584088281049413,0.2529530027714464,0.9783587436220005,0.2510470042302364,0.7913158216301723,0.6723361871297613,0.010989115566294482,0.27674159735483106,0.2120920012870848,0.06482825450582513
2014-07-01 14:00:00,DEHM_BD,0.2267435750341275,0.25441513319671666,0.21145547922121818,0.9012283160867746,0.2498676142545416,0.7423767733653738,0.6207684253129563,0.013034895873516618,0.27275178830138863,0.19876403555159444,0.06336011100225614
2014-07-01 15:00:00,DEHM_BD,0.200554055504333,0.2149151657259829,0.18450581228381938,0.8096054282705113,0.23741702090967443,0.6107860240048588,0.5353188103983033,0.015763546297922537,0.26846187412787925,0.18360811658040027,0.0623756157173494
2014-07-01 16:00:00,DEHM_BD,0.17898091087468934,0.1808420941876785,0.18796688090074795,0.6954553446777507,0.20970490570383593,0.4046750133470759,0.4133392685689401,0.013450440715849311,0.24941946799813997,0.16407910891648014,0.06232138276293391
2014-07-01 17:00:00,DEHM_BD,0.14174404254389147,0.1553001738127937,0.2279238926515726,0.6036126630614345,0.16750796271152774,0.22950221859430125,0.361802440284598,0.011684646346791231,0.21527911894028012,0.15889287657357049,0.06347141787219901
2014-07-01 18:00:00,DEHM_BD,0.09143153613496267,0.1619736475718317,0.25960349668979626,0.4244071514402925,0.127101727506942,0.1631531952238413,0.3271906739212316,0.010731332964100518,0.18140205442015755,0.15851880324382292,0.06437144092995797
2014-07-01 19:00:00,DEHM_BD,0.0830061067161743,0.1646471949073535,0.27131350211888533,0.29238768511746505,0.10814822724189589,0.1819233064183301,0.4262248069082444,0.009364510708936145,0.15589697046556722,0.1608607398403376,0.06632899205692713
2014-07-01 20:00:00,DEHM_BD,0.08269540767556392,0.24734713121715873,0.2624353110393694,0.47673998384247573,0.12167591041801942,0.32749936316433376,0.690174706932629,0.00892931150823163,0.12449431780841395,0.20825880565182248,0.06944038060937321
2014-07-01 21:00:00,DEHM_BD,0.0838852074104232,0.35604873259540654,0.27553401090849183,0.80519861572859,0.14965014448220132,0.4203206145512906,0.8469891669418169,0.00834986397545276,0.10404373407152359,0.27680391858913606,0.07040049296448593
2014-07-01 22:00:00,DEHM_BD,0.08539607305083871,0.4514106676492627,0.30721937348490574,1.0347364015372007,0.15847262479421903,0.4588503270179065,0.9692175397280012,0.009530868828331483,0.10042412627177275,0.12130255667382019,0.0690168363877543
2014-07-01 23:00:00,DEHM_BD,0.08984950913534713,0.48740502810266795,0.36836778710091006,1.1978380264530948,0.14920021802214906,0.49471226667402096,1.0361707170285304,0.012184588992101984,0.14660952021149445,0.11362493733791769,0.06598703644891393
2014-07-02 00:00:00,DEHM_BD,0.10847853891867665,0.5565318870437821,0.37695850092154454,1.316068548295195,0.141960313711732,0.5357010503542626,1.0702763602067813,0.01575462923674483,0.21851303237096392,0.1959221012525609,0.06246536114546275
2014-07-02 01:00:00,DEHM_BD,0.15087362947510544,0.5861715884828181,0.3658870529299042,1.3897097584579265,0.13745076860858582,0.5919810645897217,1.1246113069803196,0.019748686433228864,0.28708034295514223,0.4032322316916772,0.05915618927595783
2014-07-02 02:00:00,DEHM_BD,0.18176520073534247,0.5955374555064272,0.3479735608343942,1.4950940861391568,0.1414653402306034,0.6232195406417421,1.2052988254310335,0.02118194848360715,0.28683150506637983,0.623339389615085,0.056418313647999235
2014-07-02 03:00:00,DEHM_BD,0.16599490873512335,0.5966006052533186,0.3478189741504447,1.598030070740897,0.14167765532788462,0.6133219211107248,1.2590252759164977,0.021244164799282855,0.21390583197712887,0.6790905629459181,0.0564539671831006
2014-07-02 04:00:00,DEHM_BD,0.23169772562795307,0.5345250522488658,0.3440656709564476,1.4317718160376702,0.12912499138443256,0.5371556518951585,1.1295884395550406,0.022576681276664463,0.15859057615321118,0.5042297604124328,0.061268021859993624
2014-07-02 05:00:00,DEHM_BD,0.373251411515381,0.43794249343747366,0.3409058888712291,1.0176777685163463,0.09477333387316657,0.3589318512248463,0.8716312101175426,0.023328166163199483,0.1398614347426592,0.2367992791103501,0.06568551937560665
2014-07-02 06:00:00,DEHM_BD,0.39193676200800565,0.39862949079281873,0.35507166110735605,0.8669923723456988,0.08466821653739996,0.17398245851899025,0.6969110677832352,0.023285489927945623,0.13421330473378287,0.22915146117710491,0.07336075402589769
2014-07-02 07:00:00,DEHM_BD,0.3947443692677048,0.4051614235225679,0.360418755679156,0.6298586154855691,0.08678068283636103,0.16829506404414996,0.503636592327814,0.0236338639272975,0.11302873617053023,0.13677866342302394,0.08145263171944434
2014-07-02 08:00:00,DEHM_BD,0.42429968781617466,0.40056545988111736,0.35739770957530925,0.5467360719155258,0.10868895218295035,0.2152536924716596,0.501693698333699,0.023874356316616913,0.08449645558804735,0.13478995291488227,0.08732256416878692
2014-07-02 09:00:00,DEHM_BD,0.3819543001894326,0.39241806616255714,0.3577084102572127,0.6405213370869588,0.17008579618535918,0.3116943765238298,0.6160407387112156,0.02341144756680024,0.0684906370738287,0.26695328398511725,0.09151750438600163
2014-07-02 10:00:00,DEHM_BD,0.34272505703095346,0.36863230573994854,0.32756176376004936,0.7461183693670027,0.22897163385579342,0.4292147109000383,0.7854210691878821,0.02297175559050828,0.06775060647491349,0.23341910892815315,0.09563621212478704
2014-07-02 11:00:00,DEHM_BD,0.49560948146726924,0.3276744050276168,0.3389307502109929,0.8945148409185262,0.2656651891568117,0.535740361857321,0.7582446426832687,0.022516776398139378,0.06456381279990067,0.18361068946329867,0.09944567393097983
2014-07-02 12:00:00,DEHM_BD,0.4794632263871886,0.2569263249370862,0.32666928507924525,1.0081321799973375,0.2668438153546861,0.6440974528534662,0.7072204281194857,0.021272386825599485,0.060796134002315205,0.15623816400867868,0.09861754184575341
2014-07-02 13:00:00,DEHM_BD,0.3307207457357039,0.17560503791898602,0.2842568398586567,0.9904016840329288,0.24838255650132873,0.7064505778408305,0.6570330205795692,0.021069608099267216,0.06306070510859829,0.14515462296602072,0.09294445682789636
2014-07-02 14:00:00,DEHM_BD,0.2598130530081966,0.17117905523898408,0.2419663525167479,0.8547931323407221,0.2341315272294356,0.7523260461190295,0.5612999249613532,0.05067579282270208,0.08058053700320006,0.16158235626963663,0.08379740926342596
2014-07-02 15:00:00,DEHM_BD,0.20317845357012454,0.1989463146873888,0.19470316854634312,0.7327310467060312,0.22831440411144854,0.7396373806972684,0.5715579404050399,0.122336234680353,0.11003965152427542,0.17055419247834935,0.07341997000546384
2014-07-02 16:00:00,DEHM_BD,0.1843754726978111,0.22131609589307433,0.13839380704413157,0.7025651264088152,0.2160207233034632,0.6892973315679374,0.6773732207711758,0.1650437476382274,0.11781490780279019,0.19496456841588006,0.06077652227605651
2014-07-02 17:00:00,DEHM_BD,0.17029865696644161,0.18993056350208404,0.09555092385739425,0.6971048733609742,0.2115925250774994,0.6380039947103552,0.7028954406206196,0.14852554518554614,0.10406647927042087,0.19704106425215934,0.048478150194262506
2014-07-02 18:00:00,DEHM_BD,0.14394664365357931,0.14650431111202453,0.07521131955815996,0.5464370018564098,0.1959258590563571,0.5543116199528467,0.6212324924435484,0.114485913171149,0.10075409989289925,0.17928970771606223,0.040631862071446215
2014-07-02 19:00:00,DEHM_BD,0.16120254244567353,0.10403061095292775,0.07559136410595377,0.5188147114839978,0.2481982100979611,0.7174864172956577,0.8692189794272702,0.08983496053311381,0.13288166428291218,0.17186508398514105,0.03524910455798899
2014-07-02 20:00:00,DEHM_BD,0.17967849749142087,0.07360222479154685,0.08046495824729168,0.8925790458714683,0.3512295257477369,1.1872223124832795,1.2091438722383678,0.09183104352869317,0.15310894456577942,0.15392299172644586,0.029958057762969847
2014-07-02 21:00:00,DEHM_BD,0.15372929645891345,0.0698100617329596,0.1028740078547002,1.1631504278253655,0.4083423163442407,1.61760632228091,1.4799205548725833,0.14299863525990372,0.13535268916224585,0.1464983972918359,0.028230243090463562
2014-07-02 22:00:00,DEHM_BD,0.11190919854376746,0.07565761219473761,0.2098671395922322,1.3942398138124472,0.5227695736730877,2.049426587429851,1.7232092597998854,0.19600135304931943,0.12161652958348969,0.17320355269755652,0.02561493202605783
2014-07-02 23:00:00,DEHM_BD,0.08424251611841133,0.1027494424905882,0.35109198542403214,1.6660477600895411,0.754027836012023,2.5804922162069293,2.0293423174285268,0.2709454248719905,0.10801680117279044,0.16880311399085973,0.027157533813546905
2014-07-03 00:00:00,DEHM_BD,0.08038408382300968,0.1676260208554255,0.46067665504211563,1.951735420920188,1.0656316733047098,3.2082162037333566,2.4118593919257365,0.4275523594856633,0.09766200502805288,0.13250691083331648,0.03221506144173144
2014-07-03 01:00:00,DEHM_BD,0.09747016694151309,0.3003565857516073,0.5618373128252977,2.240009409839252,1.6599238906571596,3.846352742450703,2.850615234056896,0.6886627498415483,0.11433300395793736,0.10668870839598626,0.038044102575442426
2014-07-03 02:00:00,DEHM_BD,0.15064222490311818,0.3839437397094328,0.7440150123670759,2.544775171884857,2.3180657657214416,4.5282685334165205,3.3168097917476476,0.8989234899696708,0.17132276600258176,0.08995595345274214,0.04401048886219491
2014-07-03 03:00:00,DEHM_BD,0.18772068489067717,0.49390029855206774,0.7719906507771971,2.7894307960911577,2.287854156513582,5.041321097384537,3.5949234695701975,0.8213810519005359,0.25223065623874524,0.09185652908763647,0.0520604013760747
2014-07-03 04:00:00,DEHM_BD,0.21154651478194858,0.6598640397990121,0.48383256729445095,2.8906254818559884,1.6916620598779573,5.174062576992327,3.601229496538951,0.5521611209160088,0.3970565863876277,0.1103450636604328,0.06198678919601368
2014-07-03 05:00:00,DEHM_BD,0.22598971648734983,0.5723279146226201,0.39577747252035583,2.7327158677955623,1.1061940781440074,4.993362407711492,3.483933171139203,0.32372029131235536,0.5290349889526514,0.14445883749735927,0.07197975880203764
2014-07-03 06:00:00,DEHM_BD,0.26379988823508244,0.4099075027522915,0.6794329586253001,3.160224048539197,0.9854099640258844,4.582646053428785,3.745868408779977,0.17095156406178125,0.506528752682805,0.16351993514057464,0.08372393431352675
2014-07-03 07:00:00,DEHM_BD,0.3944980480900312,0.43355933983348294,0.876588318926494,3.413327148230355,0.9429559588980534,3.586176362519291,3.7521373562191274,0.13153682027237476,0.43266038569685056,0.179404090499583,0.11010359122455225
2014-07-03 08:00:00,DEHM_BD,0.38045541714635656,0.794383307451792,0.951941122056283,3.149587803191012,1.1362510802496504,2.6112708766402837,2.9298173054292374,0.1266143652153944,0.45097869375865884,0.29000787333897476,0.12657462218011145
2014-07-03 09:00:00,DEHM_BD,0.4011999289877316,0.8419118857468664,0.9659530396456271,2.258907477929159,1.276147480524145,2.4301736107521923,2.488857960236678,0.11265228117741631,0.44662430216643945,0.5155771284231694,0.16228216031040513
2014-07-03 10:00:00,DEHM_BD,0.4843681724779726,0.8691669630846055,0.8043068666944792,2.072897347753155,1.3650665377308053,2.4138000027712807,2.3652646343075348,0.09361907963016051,0.3990454850268875,0.4764620177259505,0.21172029640621842
2014-07-03 11:00:00,DEHM_BD,0.6729100691858049,0.9176252204519254,0.6295670608147932,1.8669625210332033,1.398375217793919,2.333700910718925,2.2019830422405806,0.08235865607913223,0.44378349162843067,0.4559180539327254,0.21893318984743482
2014-07-03 12:00:00,DEHM_BD,0.6471147116190078,1.0087565942378527,0.5475727006333785,1.5413568550620995,1.3410827095789837,2.3439977663885894,2.0339353230662827,0.07900618249974665,0.4882031020533105,0.7454846042936342,0.2126221852070675
2014-07-03 13:00:00,DEHM_BD,0.5888127630029967,0.8401201929115131,0.47926319057347244,1.316442440832448,1.1247274642933531,2.099253849356705,2.0375301478338845,0.0760484165930491,0.5138296445279101,0.9686138834726997,0.23547742937826954
2014-07-03 14:00:00,DEHM_BD,0.5691511198802967,0.6988499429331324,0.40991015765776845,1.367737554109484,0.9084885126208886,1.8333295992316492,2.125838991126688,0.069461092884183,0.4523327529491576,0.9156635707065648,0.21505626607538716
2014-07-03 15:00:00,DEHM_BD,0.49110005593957134,0.5633243829169752,0.3674614345095678,1.3070328152270267,0.6576531926273368,1.5976814157809083,2.092325085972268,0.06450013146060626,0.35621997180506565,0.7790761144835943,0.15587452611950342
2014-07-03 16:00:00,DEHM_BD,0.4430446549544669,0.4590341252197092,0.358348162068366,1.1368928347165568,0.5270168961609899,1.2478700691932556,1.9269121853255804,0.060116756714095394,0.27826491918247187,0.5832322756843745,0.10586342379969248
2014-07-03 17:00:00,DEHM_BD,0.43186736957365174,0.37506331593263187,0.3951985284535401,0.8281887755487163,0.5284246464537642,0.970292564396293,1.5040239201777017,0.05817904699008991,0.2632845917949824,0.4525980685780628,0.0812697722886592
2014-07-03 18:00:00,DEHM_BD,0.43105379137510424,0.3442127668784636,0.45897347908259123,0.5309127399710765,0.5324622503731212,0.7400923215937893,1.1730744535744349,0.05614603016242583,0.25139878007970734,0.37061206832812327,0.07478778911511642
2014-07-03 19:00:00,DEHM_BD,0.4501343131628049,0.38176658941052555,0.5015961561848921,0.6384280431752374,0.5397427579871937,1.2966464177328993,1.989005847264057,0.05347991141765175,0.2320372051584999,0.3462939509854926,0.07045848553241689
2014-07-03 20:00:00,DEHM_BD,0.49301715612395536,0.53134532467833,0.5315250733437901,1.62518158560379,0.5640999207100086,2.5707929772119438,3.164630784247787,0.05164509578064614,0.2142342435166711,0.35843480300159997,0.06482986033868181
2014-07-03 21:00:00,DEHM_BD,0.5265332903387105,0.6217655875609793,0.5902434916132874,2.3413928694346473,0.585301332065442,3.740004061742736,4.0319126488590795,0.0505050820034317,0.20787751621640435,0.39639524374601237,0.060105166181358916
2014-07-03 22:00:00,DEHM_BD,0.5540398555473494,0.6916620455048875,0.6807719986613932,2.8804214895455047,0.6455784459907211,4.8090500960674145,4.684916895749436,0.05060089851126436,0.20690538926720795,0.47569072628620507,0.05601369769237153
2014-07-03 23:00:00,DEHM_BD,0.5659243398853973,0.7808430526995596,0.8064444683981942,3.3815464908300448,0.8860135713757225,5.662358893262881,5.347384738145618,0.050809673908544524,0.21280488852055143,0.6691591058692193,0.05170135270874572
2014-07-04 00:00:00,DEHM_BD,0.566456810823907,0.8873488679348135,1.0283807339226732,3.8465041038515473,1.2979431450686731,5.989846849081222,5.9865775552442795,0.052575970444486184,0.22276743293391368,0.8701939951865546,0.046929279354957144
2014-07-04 01:00:00,DEHM_BD,0.640795188699339,1.0068324477664043,1.4817246331561358,4.2820720939315375,1.7326858878440503,6.015439587969345,6.107654130210291,0.05685253430526929,0.23475292835470749,1.1144228322458303,0.043020818655483295
2014-07-04 02:00:00,DEHM_BD,0.8548568073607958,1.2904936597152847,2.007094262124472,4.350838916104335,1.8711159081435647,5.931737706188083,6.138868816768504,0.06731733163821028,0.2753588699505942,1.4410499361513915,0.04075967470055524
2014-07-04 03:00:00,DEHM_BD,1.2437933455480774,1.5907015693438054,2.921456894978175,4.053568791757992,1.8335762934957676,5.377000464437041,6.163466688370384,0.09061212062910654,0.3699750343584548,1.730629303200151,0.04157787265800602
2014-07-04 04:00:00,DEHM_BD,1.7138493175327327,1.7248874518096446,3.653728590912292,3.415274822656679,1.5378413754048035,4.4502318338627145,5.767809100011388,0.12729580377558702,0.3806212107837572,1.7578424836008693,0.044805158045202194
2014-07-04 05:00:00,DEHM_BD,2.0826046875910276,1.8860541635101962,2.9026048536105025,2.278082693394412,0.947258716455067,3.4579916575217413,4.660874905790703,0.14506618651867198,0.37497878463422873,1.542331292581272,0.04547363908325892
2014-07-04 06:00:00,DEHM_BD,1.8443941043220415,1.7869688833074506,2.1281910148581304,1.0984328889038426,0.6587857906485743,2.696723976597603,2.846418770779609,0.16532727694725524,0.3891281077727442,1.2445280361573912,0.04651917675860847
2014-07-04 07:00:00,DEHM_BD,1.4044154177132389,1.5386296927893581,1.4239436580610927,0.4155481788983917,0.6131762807432048,2.0181325839907083,1.298618662948404,0.237969611746366,0.42815435027464294,0.9795030449413787,0.04670214589683189
2014-07-04 08:00:00,DEHM_BD,1.0339987640917814,1.3602574366778601,1.1300554197169281,0.3545099042982094,0.6875111293996776,1.1428734361301909,0.464241397214852,0.4123529132303735,0.4920578436994459,0.8742068406450189,0.04669711722859895
2014-07-04 09:00:00,DEHM_BD,0.8505942278102924,1.3278779802888678,1.2007264403564761,0.4306029463346628,1.2222127593240932,0.7855562755662655,0.39272542115258496,0.623780301886685,0.6262046095289568,0.8737606571484915,0.047899789955263436
2014-07-04 10:00:00,DEHM_BD,0.8235418926473334,1.392559588264413,1.344182159395376,0.6283172893049578,1.4214807687307383,0.9454083464300853,0.765851369802996,0.7159957639642061,0.7558503161251544,0.9610813997356966,0.05004668382383292
2014-07-04 11:00:00,DEHM_BD,0.7972174642926826,1.3033916566819093,1.2677236140822896,0.8040972007249785,1.1466530181260175,0.9647757192481528,0.8212365707788435,0.6831786284682153,0.8084890402650274,1.4758432617769484,0.053879099298617124
2014-07-04 12:00:00,DEHM_BD,0.7637094108099862,1.124328014396117,1.1351672920530804,0.8616214072380819,1.0479282192209316,0.8962619880504539,0.8299314402474788,0.6784913614726066,0.8143723771829063,2.4715239581032167,0.06040162547218707
2014-07-04 13:00:00,DEHM_BD,0.723219918886693,0.8017897222999879,1.0524531108007393,0.898886049020664,0.9871701332486187,0.8556338033641672,0.9228001068271585,0.6963365738296508,0.7111506896870211,1.9730480794891763,0.0666715432280537
2014-07-04 14:00:00,DEHM_BD,0.6966205095633817,0.6126500110119546,0.7595821176410559,0.912748289337036,0.9679216846755332,0.788343407057924,0.9128255062032795,0.7286024239808322,0.6064210207474697,1.4522151504935883,0.07274654223279081
2014-07-04 15:00:00,DEHM_BD,0.6078141572048398,0.45453829325266404,0.5058093341434327,0.7843514488480927,0.5901238374950782,0.3999662627939363,0.8016850637356534,0.7205714441455899,0.5779551018980726,1.310485872254397,0.07797300426648925
2014-07-04 16:00:00,DEHM_BD,0.5317538126156245,0.3299893389982077,0.41940453498567676,0.5065176798288699,0.32730951726336016,0.2675804027657943,0.4632762563890574,0.6686534668198227,0.6011392592630325,1.1876777060411776,0.08092297781679067
2014-07-04 17:00:00,DEHM_BD,0.5939458999547758,0.3038521246894306,0.41325079406171683,0.26263897039434253,0.28247001468298016,0.2665997758417856,0.2742033646658568,0.598142125867009,0.7844883534550126,0.8898394245329013,0.08191902096944617
2014-07-04 18:00:00,DEHM_BD,0.6793313824706761,0.29021837215598223,0.3599535097755031,0.2433754330971723,0.24102000104043148,0.25667712225194556,0.2600157915400938,0.5625368582030384,0.7271713347402318,0.8080502820734254,0.08109828936667886
2014-07-04 19:00:00,DEHM_BD,0.7441033884625229,0.28641483244757193,0.4072600307348113,0.2988030799764277,0.23057857875728963,0.2641436662461505,0.25948515186169,0.5570120871146208,0.5855153533647182,0.7324603927184347,0.08385175608382324
2014-07-04 20:00:00,DEHM_BD,0.7194824169547611,0.2805514469461565,0.9542538518217717,0.3735058731362475,0.23745752564297973,0.4726391990611416,0.2890657388443261,0.5601523939700424,0.5038029658866678,0.6670346815166672,0.09239982736088187
2014-07-04 21:00:00,DEHM_BD,0.6830863363771578,0.694758874984357,1.3144264179334577,0.4119452870285287,0.26697560234212303,1.3459869517648912,0.4418378036844086,0.6214596277034281,0.4725330742399262,0.8577074333509306,0.10724121517331563
2014-07-04 22:00:00,DEHM_BD,0.6371668921609805,1.0478335968174572,1.6348388413176347,0.5158821736938027,0.4250977680838806,2.599877170285753,0.9488101445777058,0.6065524984404445,0.5113325274760663,0.9528334735406563,0.12311584848990527
2014-07-04 23:00:00,DEHM_BD,0.6613953900876025,1.1368529216596632,1.6292961220026143,0.9213786583355055,0.6149459918036568,3.612245912868427,1.790699175878021,0.5769160720793901,0.5983605667811595,0.9412807491297135,0.13934019937747838
2014-07-05 00:00:00,DEHM_BD,0.6657206571747684,1.0604024579567248,1.6289901173142485,1.9979149150618407,0.6815813583302904,4.378801953234882,2.7660552120454134,0.5862927874250337,0.6540074977792619,0.8629512840949658,0.15912099351327536
2014-07-05 01:00:00,DEHM_BD,0.6409051114334142,1.574105316164443,1.5336041360065782,2.4756978335871587,0.8538339794975704,4.721263166174481,3.6695795413107053,0.5919589824397488,0.5669981438685965,0.680965413155064,0.18063461427372393
2014-07-05 02:00:00,DEHM_BD,0.566758527118719,2.3872369562861993,1.5181105561119392,2.322607959807567,1.0414334726347123,4.688499399277212,4.049792998356117,0.687710143609643,0.5047835002642438,0.6873844683685805,0.20243905715322622
2014-07-05 03:00:00,DEHM_BD,0.5040049347683891,2.0423877486845754,2.198126653618424,2.0614871763465445,1.1434570677642872,4.818647700826069,4.097025148684355,1.0215915846776962,0.5027600816445937,0.7951877146380418,0.22140313767180178
2014-07-05 04:00:00,DEHM_BD,0.4711269144590268,1.5812913853934878,2.018859344323236,1.2997573435421084,1.1928189649757834,4.776954487991592,3.4012573558994466,1.4124851193165777,0.5259576404175696,0.5385069871584975,0.24097114719372964
2014-07-05 05:00:00,DEHM_BD,0.4437013720069953,0.7209283354311873,1.04960953314524,0.35775645724687277,1.2973070075238264,4.24934225490109,1.9256413672358859,1.4415562691769004,0.5176109504865388,0.4312811515681736,0.2761233535280495
2014-07-05 06:00:00,DEHM_BD,0.43737426843021754,0.4040911661863461,0.45839822758518733,0.1215439848543228,1.602285672302458,3.321533262295431,0.6325506855853228,1.4692158104341104,0.4750100169920478,0.40639354474349165,0.3148768637826188
2014-07-05 07:00:00,DEHM_BD,0.46689670302274616,0.3587947044983552,0.377766103012147,0.19745745264249545,2.1654124837162487,2.77479471570706,0.9398049307608813,1.4877180833555714,0.43621244072201865,0.4060118868893755,0.3560332675621605
2014-07-05 08:00:00,DEHM_BD,0.5083401640239288,0.40420429214180903,0.35768839998855645,0.2740556365294339,2.531737613900732,1.8050426481342108,0.9190691707661801,1.5022443263263998,0.40838376911437074,0.43181091214999084,0.38849603358389445
2014-07-05 09:00:00,DEHM_BD,0.469540514079728,0.4931544535322533,0.4029009174691298,0.20382485368688613,1.8605712601281421,0.889212345166988,0.40894565438503266,1.2766739497304749,0.4062529191220369,0.40305945247186,0.4179750500428954
2014-07-05 10:00:00,DEHM_BD,0.3956258040650398,0.5042707961156149,0.5466706265196026,0.17639828812734917,0.37590279314115643,0.28992256284764995,0.19767217668970632,0.9621760705235065,0.47589636860047174,0.34030418918926547,0.46471301026517753
2014-07-05 11:00:00,DEHM_BD,0.36407125899131965,0.48451193258715436,0.6843658834292738,0.1144448117442422,0.15476229875613456,0.14269352453388062,0.14010067164243278,0.7718353175686905,0.5508318986921756,0.3067195276748023,0.48536073235708516
2014-07-05 12:00:00,DEHM_BD,0.36131283361470007,0.4691858513884531,0.7471632041266747,0.09203044231145752,0.15123916414719757,0.11710180633096776,0.10306210331374048,0.594941664034766,0.6130779428127128,0.3122174555815203,0.48988914109129683
2014-07-05 13:00:00,DEHM_BD,0.35009612184031763,0.5215232822437443,0.6098837927449657,0.08277812995356953,0.19639052631442883,0.1941288364426933,0.10182024813050973,0.48620893974484247,0.6343798086082375,0.3293199362255453,0.4932572314952128
2014-07-05 14:00:00,DEHM_BD,0.3435424374082227,0.568704926614759,0.22861430904447205,0.10411595887638858,0.22769793768576796,0.3135396152337284,0.16078536000825566,0.4926834895623326,0.5816126651660212,0.3645935203960037,0.5044682615232047
2014-07-05 15:00:00,DEHM_BD,0.35565322443010083,0.5545919065340305,0.47328924649876075,0.10920680286974917,0.24970208096299312,0.2644754773921278,0.15799137859354476,0.5259807462198083,0.4436159941962291,0.40143456997805066,0.5161336591742292
2014-07-05 16:00:00,DEHM_BD,0.3784989058937465,0.55329062138859,0.5575187244575517,0.08893569572987031,0.27712869463188555,0.20843667403082994,0.1435253110350644,0.49713926441005574,0.358160536807134,0.43295060858729567,0.5259816013490944
2014-07-05 17:00:00,DEHM_BD,0.40132021947583973,0.509550213087188,1.406229226194318,0.08958592715195596,0.28034974211627606,0.2023546943799603,0.1608681165700295,0.44912822253121754,0.33489126949818976,0.45993052184110644,0.5303129863825551
2014-07-05 18:00:00,DEHM_BD,0.43156128950237915,0.44584435470728623,2.8021909250399286,0.07772717438287507,0.25724235464002926,0.18078248712547906,0.1766142000586037,0.3274769797489122,0.327168686913394,0.47704489777018455,0.5244184446622195
2014-07-05 19:00:00,DEHM_BD,0.4554911464454966,0.41651099199263963,2.9859151931400243,0.06864063705962888,0.2482616859514731,0.15761586691402119,0.1325394997869014,0.2094600353622785,0.3579571221531414,0.48557304577535904,0.5182584358307517
2014-07-05 20:00:00,DEHM_BD,0.4822485580465622,0.42601338101959724,2.619183142734595,0.09718574366474902,0.26149189750661944,0.16930757714417752,0.10991781563174349,0.2373150213866808,0.3788878593645667,0.5196547280494883,0.5274880027941208
2014-07-05 21:00:00,DEHM_BD,0.5005213501187029,0.2487056848549471,2.347426090907642,0.10646361262076424,0.2855721889141201,0.22196024121092015,0.13492670867815726,0.6121224206347738,0.3798829367219463,0.5901292741684601,0.5371910163896677
2014-07-05 22:00:00,DEHM_BD,0.5238561161566926,0.17990115728243883,1.5909472131817626,0.10911956967408146,0.3222080755722709,0.42113317908556536,0.253383952334497,1.6674905056939369,0.3956966168876111,0.6573286301852096,0.5397722024068407
2014-07-05 23:00:00,DEHM_BD,0.5196360737251426,1.4584052013058757,1.5146324991630757,0.11176880581763388,0.37717138253512783,0.5862536398225822,0.3769476410840301,2.9928492585971203,0.48324529231786595,0.7374061445769892,0.5355656989015987
2014-07-06 00:00:00,DEHM_BD,0.5456813734585866,3.6746285541503703,1.2573101522651566,0.10819186185350023,0.37260765582527955,0.6790647293773073,0.3673998318842878,3.468645488977432,0.5599217382979834,0.8263152838374154,0.5259089567194654
2014-07-06 01:00:00,DEHM_BD,0.6954358630316471,4.312632711125163,1.431554676617751,0.11568442864180911,0.3200038125064596,0.7021624355711965,0.3258335334019129,2.7891558575356004,0.5846425685373887,0.9733988699537524,0.5113803754547046
2014-07-06 02:00:00,DEHM_BD,1.0752981420023495,3.0193669400734198,1.6460648329303194,0.11433245586856063,0.30876427826673714,0.7251000521466857,0.312787727906253,1.7244602277874943,0.5844721524207886,1.288805894678926,0.4952054620686757
2014-07-06 03:00:00,DEHM_BD,1.259380392201715,1.840627958735357,1.438542317189003,0.11773244625951998,0.39551237013116947,0.7693136058770713,0.4119114568367084,0.8907469616836308,0.5807122186490893,1.6264224888090428,0.48121286853687506
2014-07-06 04:00:00,DEHM_BD,1.2512990530231511,1.0703314341029802,1.0801904412764434,0.12835768061050468,0.3623689920446276,0.7205617134583179,0.4039468833768586,0.4322433366340398,0.5622758135345455,1.522607834297986,0.45247215601931096
2014-07-06 05:00:00,DEHM_BD,0.8820443706882397,0.5586981525405854,0.7705587839844286,0.1318463887134644,0.22975103358370946,0.4296910622019368,0.17092634017067776,0.27551609088443196,0.5232241207197016,0.7460564136647048,0.4211227053688327
2014-07-06 06:00:00,DEHM_BD,0.523962956642867,0.45826460950376924,0.6172377374791027,0.11719158472276042,0.1993143103216238,0.17251385677375553,0.11528597647379463,0.21777538130275897,0.5014628932139044,0.3748732428007665,0.3891156780705833
2014-07-06 07:00:00,DEHM_BD,0.3747432124574411,0.5620523320657667,0.6021016074420302,0.12986136797218512,0.19076972545722257,0.15916123884354189,0.1300735184417931,0.19587079787626857,0.503330744874291,0.45885404124612905,0.35564693386443935
2014-07-06 08:00:00,DEHM_BD,0.3714583728348835,0.6218360820061526,0.6254104279593703,0.13906774089868162,0.20167815850807808,0.16779419794257489,0.1470960147525742,0.19056323835130765,0.5022433929910697,0.43297615166240366,0.32662312309650815
2014-07-06 09:00:00,DEHM_BD,0.40501093741523553,0.49524489636542157,0.5599816225558518,0.14802982192208508,0.2221083563936779,0.1932148274563647,0.19227884706176335,0.19154923809832874,0.4033748643970862,0.3516028664631954,0.3066893996763147
2014-07-06 10:00:00,DEHM_BD,0.4393187382835009,0.42645568399682166,0.42974298811976797,0.151580230848512,0.24901438674970514,0.22287094371517766,0.2774060704579016,0.19828025890108184,0.2855589908775687,0.47065265215147273,0.29640394185277746
2014-07-06 11:00:00,DEHM_BD,0.49459913023542607,0.4251913640400905,0.41188627147580714,0.16966797663069083,0.2596113648509512,0.27513509348272924,0.2907246937401406,0.2020061620058957,0.23581674434155217,0.46031237625122284,0.2944446998966293
2014-07-06 12:00:00,DEHM_BD,0.4997660275407414,0.39194718895948477,0.34609295926060163,0.18888774022220498,0.20518576085655937,0.27498356015819814,0.2839753367983619,0.21098277165338858,0.32401340705070636,0.41107447125440444,0.30307507330604005
2014-07-06 13:00:00,DEHM_BD,0.5018632626753345,0.5025890948461624,0.18796491677951213,0.18086449068597968,0.1452765678481197,0.18097205222781385,0.22928228786305693,0.22961597168225775,0.36701874452160665,0.3192493073840962,0.32140046741271383
2014-07-06 14:00:00,DEHM_BD,0.4670151750561826,0.5487452153659891,0.1032014706756581,0.17711215080097656,0.13104512271495528,0.10049585252270213,0.18911828397782324,0.27392319658138764,0.3348474496227409,0.26699338615666424,0.34845037920523425
2014-07-06 15:00:00,DEHM_BD,0.4322768204520921,0.4400640901969839,0.06161267605452831,0.17378697132736773,0.15693163550422978,0.0420961106524629,0.17655753008992875,0.3103055827367584,0.2834381690715578,0.2647596117692346,0.3802320334065158
2014-07-06 16:00:00,DEHM_BD,0.32304242997044685,0.37133731405898096,0.04756566701764452,0.1479968680857895,0.21428456687775888,0.02690617295812011,0.10254634993724229,0.32887645893042894,0.2609925162514694,0.2282334150544751,0.409227228350479
2014-07-06 17:00:00,DEHM_BD,0.31248151348917613,0.34528075730159286,0.05753127327506857,0.10706021949411493,0.30407272932057966,0.06164183780501277,0.05098894305998446,0.3493533418119046,0.2722414016023582,0.20466148870454243,0.4319708962600317
2014-07-06 18:00:00,DEHM_BD,0.35831406084799605,0.3553571954442719,0.08730487243883817,0.08710360319665025,0.32497094405251203,0.15511071320791006,0.032516416816054515,0.37180477251834687,0.26495074156584647,0.21221142447974015,0.438719571834063
2014-07-06 19:00:00,DEHM_BD,0.3537812759466538,0.35548905613401627,0.15321295392390188,0.05869479599108611,0.2811941793456376,0.26965157697683084,0.031930350437218875,0.4013919673821329,0.26727434444921333,0.2563414347222598,0.4294181300675365
2014-07-06 20:00:00,DEHM_BD,0.3438106695858929,0.3214625057875272,0.2622854087767092,0.044014980129378316,0.22663274046821977,0.2856536411317839,0.1307838084946988,0.5007536796658112,0.25873845774377513,0.27324811924076686,0.4202275458037351
2014-07-06 21:00:00,DEHM_BD,0.31392865105093337,0.3245224783701833,0.2787543499803834,0.09792082863178325,0.22057767805248477,0.2628041724057619,0.43081847034365095,0.5886098108290135,0.2387069996561913,0.2866635910599415,0.4178753472642134
2014-07-06 22:00:00,DEHM_BD,0.29779927960819785,0.32342216531978585,0.2852849824873239,0.20761972883542096,0.2270830473846242,0.5270234126895955,0.9904570359241383,0.6351865014494954,0.19897380441595308,0.4375857564254614,0.41734733190893636
2014-07-06 23:00:00,DEHM_BD,0.3151375937457225,0.29270982627596365,0.2685210102015675,0.350157514455607,0.23890191341817832,1.2759989947004309,1.349929459696282,0.5451563580138981,0.14583565164201182,0.5362168283905069,0.4178873884249966
2014-07-07 00:00:00,DEHM_BD,0.31872114541193636,0.2874409803660322,0.25130176549386707,0.7921064061737709,0.2770515737491891,1.702957692905609,2.0105653067151352,0.3704083871746435,0.11813790496974277,0.3946887208913528,0.4169968811826161
2014-07-07 01:00:00,DEHM_BD,0.3190336443684337,0.27907585321703104,0.22486703483011417,1.2634907553175563,0.3184588642991332,1.9446249365234425,2.3002867852266027,0.254105422270037,0.1330993414892251,0.30427696627749307,0.4112396360290231
2014-07-07 02:00:00,DEHM_BD,0.3067634712668226,0.2691416852649038,0.12087919260363837,1.8286012131963825,0.3532132419097423,2.0298285070925575,2.2667377294836197,0.2201769166569784,0.16285046830031288,0.28617593362030774,0.4010385688413585
2014-07-07 03:00:00,DEHM_BD,0.27655171288195546,0.2541108434645374,0.025883501621279715,1.9908564847566894,0.39100498910545367,2.030242524056708,2.4341318230656745,0.1969959644594415,0.18778358395402947,0.29422134623727125,0.39903567022645137
2014-07-07 04:00:00,DEHM_BD,0.24066033955391902,0.23580939548269259,0.053762385226425784,1.8732467991175223,0.3542097687492286,1.6871894632140256,2.305019445620292,0.1585362599033116,0.21010184523725112,0.28682720931667244,0.3936732957229006
2014-07-07 05:00:00,DEHM_BD,0.21926185621834354,0.13873010247060524,0.2125820042836619,1.514232435452603,0.2528730493935382,1.0430553003300727,1.551816044202092,0.14775820273568843,0.24080041443379582,0.22646598567066234,0.3758221514622517
2014-07-07 06:00:00,DEHM_BD,0.20206439026117082,0.08663684669804407,0.25493433129066595,1.051606535832304,0.23535999446940126,0.8970230509403248,1.0789538056033874,0.10018655622233628,0.2530316660186368,0.1859845756185705,0.3603323424999997
2014-07-07 07:00:00,DEHM_BD,0.1541712426827964,0.08687920412565456,0.13129489808351727,0.8145759598593466,0.25674569297553024,0.8037041639931849,0.8340382781443045,0.04313453404817712,0.26190483076109655,0.181035288421267,0.34601785842971905
2014-07-07 08:00:00,DEHM_BD,0.09436381595791307,0.14252678594968732,0.11729768055921634,0.7512446215742128,0.31284804376322767,0.8670490876880612,0.7598067967326845,0.05391148831869462,0.2481646832729625,0.22759464971488108,0.33682421759042275
2014-07-07 09:00:00,DEHM_BD,0.07687411088867628,0.17356151548722737,0.12867507547007856,0.7912732862717123,0.3861582984885478,1.0237483144316264,0.8431683618786698,0.0851968826448626,0.20418331438514045,0.28845622734022086,0.3340180947982435
2014-07-07 10:00:00,DEHM_BD,0.0604436700805392,0.1269475745774083,0.12658155770282256,0.8841910335115156,0.43262563936365755,1.1021416348908004,0.9247446363430329,0.08803591843761212,0.155317948220779,0.35117512504595083,0.33419061220890683
2014-07-07 11:00:00,DEHM_BD,0.10485481484673674,0.09326794670584124,0.12041627580637793,0.9871304985785856,0.5125378889787195,1.138840363832088,0.9764182009000937,0.08192420678538073,0.12943191840205626,0.318741485911114,0.33689654366651683
2014-07-07 12:00:00,DEHM_BD,0.11064433571225726,0.12383318038009977,0.1070031396617343,1.1223909772926381,0.5921236748369781,1.2705185840052085,1.0710384910406356,0.08218873091571197,0.12051546540557931,0.23153240022560514,0.33672621169921857
2014-07-07 13:00:00,DEHM_BD,0.11724280306586399,0.141074945597563,0.11785605026606685,1.2760978009296209,0.645871215343438,1.3506478101751673,1.2414991923293703,0.08863710984193657,0.1252941792225836,0.14171651116097803,0.33943144145931053
2014-07-07 14:00:00,DEHM_BD,0.1472035207525791,0.1395632663073209,0.1204718515337048,1.4519706763147422,0.7124827853116393,1.509106831139191,1.4621394794341853,0.0890982112233933,0.15506143741730588,0.1700367839212528,0.33574256442624933
2014-07-07 15:00:00,DEHM_BD,0.15043181372727255,0.1491674329709654,0.12522041999701805,1.5221261919216555,0.7562923831056989,1.7149600491517711,1.6264260293417585,0.08550857781392165,0.2002689779010135,0.21941112547116576,0.3375768964919329
2014-07-07 16:00:00,DEHM_BD,0.13650813589764518,0.1515353541475854,0.15575896922655608,1.4825225210036792,0.8277176974789984,1.8647088041474693,1.715851036656142,0.08365852093904846,0.23056094327723126,0.2707877667404198,0.3405755340543849
2014-07-07 17:00:00,DEHM_BD,0.15589004491898345,0.13019545175123948,0.13941127882305177,1.347808998629533,0.9040714051558356,1.7551701431070534,1.7373374930975531,0.08192326455672673,0.2124160689783514,0.23549250798814925,0.33483028760959244
2014-07-07 18:00:00,DEHM_BD,0.16075292145705194,0.10293531502135374,0.13746068522626714,1.0399429090733028,0.9128292746141272,1.4173537194893362,1.673693695010711,0.07894957107368504,0.17878787606819985,0.19209833948680705,0.31637593039916406
2014-07-07 19:00:00,DEHM_BD,0.16016530857152067,0.0822170871077022,0.13092554647504842,1.2119478587874069,1.0454119780629243,1.8215573017080149,2.2157769243071854,0.07632115370080327,0.1482022797053806,0.16310405105948705,0.29885445846398817
2014-07-07 20:00:00,DEHM_BD,0.23345035610938586,0.07716588533009294,0.11213242473026938,1.5757494325721344,1.3829301674511911,2.6337347441383234,2.317194584209205,0.07297958226670759,0.13186901785706848,0.16139213235159688,0.29496219931221024
2014-07-07 21:00:00,DEHM_BD,0.1862436017048894,0.10578476387473136,0.10394114696510247,1.5895674297094118,2.0370535717724727,2.7898137111093573,2.2197489720506245,0.0661875009804146,0.12726102172158246,0.1733903990120877,0.29569089570272233
2014-07-07 22:00:00,DEHM_BD,0.17078035167860559,0.1562970868650237,0.11698719151052776,1.5832987301076589,2.5815748392602353,2.619488195511056,2.264143156800832,0.06161197717870749,0.1240692030031971,0.18479070251760674,0.2966830427116994
2014-07-07 23:00:00,DEHM_BD,0.16634081839743284,0.17829130430750623,0.13910100361898145,2.010272546846643,2.4997090839233227,2.564731441912081,2.2674024297981648,0.05629756028311847,0.12075834300278679,0.1895183940464626,0.2949532050924631
2014-07-08 00:00:00,DEHM_BD,0.18387239814402517,0.2353547634766482,0.14086871277744512,2.074324716336281,2.2937359914374884,2.701539589879322,2.705773168601565,0.053446096732085745,0.11472690087180458,0.20144039767168165,0.28954902183943193
2014-07-08 01:00:00,DEHM_BD,0.21223277138007796,0.293934119167966,0.15019505511989967,2.365029207234423,2.119486574637406,3.113879774672795,3.369146431246218,0.055116627455342064,0.10557408458345581,0.4970127308352291,0.2783186402821679
2014-07-08 02:00:00,DEHM_BD,0.23235423750537434,0.3591029922943003,0.15645319456425294,2.9548394569619996,1.9117802598464022,3.6328486100834985,3.9358900401184975,0.061394791522113856,0.09488895846446026,0.9458858663660288,0.2615551174414018
2014-07-08 03:00:00,DEHM_BD,0.25658026731569306,0.3956041067079278,0.1623877374285652,3.4178958171899847,1.9323305782773066,3.9383119707586105,4.1762029024360166,0.07168701565418399,0.11585909055358713,1.058082737406492,0.24071340714002015
2014-07-08 04:00:00,DEHM_BD,0.30169025294311336,0.28865226395453464,0.1661461521287278,3.476274209172873,2.0881944196296485,3.831926263260858,3.8149560046617954,0.08541699558605707,0.20841453939076504,0.9981889230296016,0.2205404829166327
2014-07-08 05:00:00,DEHM_BD,0.3435122147511317,0.1492163300500686,0.15406962197863752,2.8259718169139836,2.1426552896133533,2.880365897399315,2.9222797854804523,0.09699145842951838,0.3262181165223195,0.8609072658973932,0.20466157174328797
2014-07-08 06:00:00,DEHM_BD,0.49627430908530945,0.1236662801822146,0.1407633336577132,2.2026361198966273,1.9180877926521165,2.013101716728564,2.3957237393496817,0.10675311062252318,0.3707826365116238,0.6307718726895934,0.1947991562531562
2014-07-08 07:00:00,DEHM_BD,0.7117006626015343,0.1371547434980034,0.12737665045268642,1.8651426688874164,1.3995269624368472,1.617363620978957,1.9129953925684573,0.11574710539653058,0.4483652725050038,0.4984253107472229,0.18847120153840616
2014-07-08 08:00:00,DEHM_BD,0.8056395845325663,0.2176702386093126,0.12215133391743627,1.3668506378186052,0.7216805892065818,1.3804768427241454,1.5503742801353988,0.12422379653753186,0.5285407342618423,0.4531628665612544,0.18456037296609482
2014-07-08 09:00:00,DEHM_BD,0.6207170185345318,0.3541466423363237,0.12656392493254257,0.9715295552056691,0.36833299371767775,0.7883593561755144,1.0820958597654033,0.1269577657522691,0.4532293691510427,0.4391420980586693,0.18211146769791134
2014-07-08 10:00:00,DEHM_BD,0.5464202779417366,0.38477389571629456,0.16234293503686828,0.6486367390614061,0.3031865209636463,0.4453769513604137,0.5973444246921361,0.1611930302774416,0.31858782342991254,0.431463162720683,0.18264536201229778
2014-07-08 11:00:00,DEHM_BD,0.48396339532881966,0.3852859873773156,0.29071877677267965,0.40528309542468843,0.2813263413137755,0.32943300999619757,0.41399784688762503,0.2374957320008518,0.18836708171082908,0.5398203273123409,0.18143850196350653
2014-07-08 12:00:00,DEHM_BD,0.4354770042645138,0.38760596198896863,0.5052196797240545,0.31353914186390464,0.2613670174942909,0.3095640621739066,0.2837118972013172,0.2508140413802791,0.12457313305562352,0.6282082656391406,0.17787789299502968
2014-07-08 13:00:00,DEHM_BD,0.5448068654634814,0.39550140134049516,0.5895542084153416,0.2253429427641937,0.2586301622058077,0.2656902206579571,0.21885020747654022,0.2470355806178701,0.13694031714024005,0.6348553268894925,0.17960896396045328
2014-07-08 14:00:00,DEHM_BD,0.6676486340912511,0.4238184960740116,0.3953025071579675,0.20610655893184465,0.23083101039916268,0.23046196684007975,0.33990928482247307,0.27210159198368367,0.17683418066185416,0.6078245705729071,0.18232903182598753
2014-07-08 15:00:00,DEHM_BD,0.6695299510147427,0.4068660358588649,0.3218433183094146,0.3859247882352883,0.21226744977895154,0.19696756028513873,0.44128950435584435,0.31204972378714635,0.21219479254004064,0.5799762832331237,0.18685350967267292
2014-07-08 16:00:00,DEHM_BD,0.647100500690557,0.3903258813204545,0.35745882770605697,0.39354726622081004,0.214877205409957,0.19000485670072007,0.36565960824827154,0.2328884521017297,0.22541632895077857,0.5478203159805479,0.1925444902588758
2014-07-08 17:00:00,DEHM_BD,0.6099528667554293,0.2993667031322285,0.4098067150784588,0.3285147866851219,0.21977068889608592,0.19966347903625087,0.3242996685726457,0.15527607558449555,0.22725976788017133,0.5173081522091059,0.19938713098434144
2014-07-08 18:00:00,DEHM_BD,0.5845073877947997,0.26922895293654936,0.4016162092640471,0.27140786180976645,0.22082638186762088,0.21845755688818158,0.28452739157355494,0.1266625955970291,0.24701811449249494,0.47341060527475776,0.20899194732816645
2014-07-08 19:00:00,DEHM_BD,0.5334274421348228,0.2730069238205298,0.3346807910545527,0.21466507347730499,0.20983696915771805,0.2338067569978906,0.23953711735372127,0.1361011070776771,0.2597561877369833,0.38075181385688944,0.22202785273224912
2014-07-08 20:00:00,DEHM_BD,0.4632739191264006,0.3615825950929856,0.28233744788978554,0.18712982780051585,0.19751514172520473,0.23054423573233865,0.21464251824337288,0.13790772177199034,0.24644387122038947,0.32215834373630253,0.2434412246527347
2014-07-08 21:00:00,DEHM_BD,0.38184610890645776,0.4138806087741224,0.34689441054561687,0.1885182064089621,0.17931840806527038,0.21266850230304865,0.2038112184288695,0.12324658519602609,0.22490760067717688,0.30051991443393306,0.27318721363002807
2014-07-08 22:00:00,DEHM_BD,0.3350734933577207,0.3954506637034938,0.44991596708245835,0.18555488912405085,0.1517374361622891,0.19064074882075654,0.19187503363583813,0.1278023282703597,0.19635449249125775,0.27062309819560565,0.30530734346296784
2014-07-08 23:00:00,DEHM_BD,0.29183817614930857,0.35099984823929786,0.43755396428821297,0.17282362359824646,0.14146060233824873,0.16450610202925742,0.17397733126210246,0.15071434969034994,0.1695987273244194,0.24294489469743108,0.3346337824056241
2014-07-09 00:00:00,DEHM_BD,0.27628216945907713,0.2946901704556264,0.38633136952657937,0.15828551969395407,0.14286095179446964,0.15007448761715592,0.1619738018673958,0.1813512642723518,0.156553047337242,0.22127561668267046,0.35285800372715753
2014-07-09 01:00:00,DEHM_BD,0.2567503335488656,0.2689346045387552,0.34334546278786493,0.14498012537771302,0.1479483624251279,0.15082779860745113,0.16220794731560303,0.19985164783676207,0.14472034070012438,0.18046829541535483,0.35992209408369613
2014-07-09 02:00:00,DEHM_BD,0.2236787392032751,0.2581156362032995,0.3036567991552548,0.1447904512218961,0.14450784428500552,0.15182946204349976,0.15804316900627036,0.20035467518085603,0.13425355444101048,0.15936696357129307,0.3634408256305194
2014-07-09 03:00:00,DEHM_BD,0.19451265477342752,0.2360126738310289,0.2786483415429694,0.1475881130335903,0.13280010077878823,0.14600815282690566,0.144680474495053,0.19335230906919088,0.12672625640505683,0.15441894611286897,0.3665469705673958
2014-07-09 04:00:00,DEHM_BD,0.18703191908944392,0.2171792222184961,0.2754340868561856,0.13315944651960793,0.12560779759375368,0.1320568925935074,0.11989932538738877,0.18144603869890316,0.12493964906018855,0.1636982470943155,0.366074407152878
2014-07-09 05:00:00,DEHM_BD,0.2012005165889532,0.21374414687657714,0.28903787515779183,0.10959262117019024,0.11693107868315178,0.11887327536884564,0.08691854253232584,0.17097269978170276,0.1265539919719564,0.1900156306074047,0.35862743941671427
2014-07-09 06:00:00,DEHM_BD,0.2165374588689486,0.20976190895679236,0.29823132523114104,0.08348035551798524,0.10126785083586332,0.106028905565806,0.07260311626777563,0.16099756023336648,0.12422910051038012,0.19030703750248182,0.3505588254183553
2014-07-09 07:00:00,DEHM_BD,0.20325413519798757,0.1959047447889388,0.30041475483613467,0.07638320030184689,0.08699339623656112,0.09186350202352145,0.08996810719074318,0.1530891835837996,0.12343343594979007,0.1657909138357877,0.3455073826010093
2014-07-09 08:00:00,DEHM_BD,0.18128574015571847,0.1766979912541896,0.30911496768401137,0.1061343965779768,0.09271303388239811,0.09620368271749448,0.14622763967226945,0.15083475782346428,0.12168906404527126,0.1390234507774212,0.3408106048103963
2014-07-09 09:00:00,DEHM_BD,0.15983820575358892,0.16033769246212667,0.30186123958429695,0.1875737916907282,0.13244286270626807,0.13256868096645436,0.2735569741390359,0.1474199085347447,0.1232992198616824,0.12853252343020163,0.33352469163159315
2014-07-09 10:00:00,DEHM_BD,0.14985026135222063,0.15426928882067337,0.27383192034443155,0.3203199492068186,0.17396379753448055,0.2015912403780966,0.44653955631657793,0.14679705818161354,0.13908939942678228,0.1288618073328758,0.32518624487558917
2014-07-09 11:00:00,DEHM_BD,0.13981974919768392,0.14651203842475088,0.22851467758309443,0.44972263734910634,0.23828594310633827,0.28155704978336565,0.5616862766760808,0.1523201942984258,0.16077585902864747,0.1412659428284831,0.3218599491083534
2014-07-09 12:00:00,DEHM_BD,0.14051700074776477,0.14065479585449964,0.19535837437741302,0.66000942569762,0.31031203435689203,0.36743234567607264,0.7104144175551883,0.16117165570705075,0.17756650480607747,0.1623814710319586,0.31066370504279384
2014-07-09 13:00:00,DEHM_BD,0.14929622201871134,0.13862608712204852,0.17342650253256997,0.9102128927980222,0.3655814535699783,0.42691931466969185,0.8937879356150068,0.18206952682454805,0.19484915387556875,0.17568934789472065,0.3032046335118316
2014-07-09 14:00:00,DEHM_BD,0.16800304093525933,0.1406341806660471,0.15328227701314653,1.0611576653715276,0.38370597263418116,0.4287848270835913,1.0074334461335308,0.21499756516301063,0.20980711268022176,0.19619097080517475,0.30144022984125124
2014-07-09 15:00:00,DEHM_BD,0.18504994380336356,0.14215186598574722,0.13786968248888706,1.1396082978960609,0.3855841615989803,0.4965242843216098,1.2658425806526528,0.24621354119712544,0.2036552523166452,0.2114319605483721,0.30386246854175525
2014-07-09 16:00:00,DEHM_BD,0.19079783700102404,0.1466952275414575,0.13514602657593067,1.367385928639775,0.5003063390766083,0.73618687018855,1.5943812977152523,0.2627020590595478,0.18836162465491318,0.22709784003847427,0.3111791944603905
2014-07-09 17:00:00,DEHM_BD,0.19544502281293136,0.15148102523084594,0.13838775791065894,1.2091756516607646,0.7441125567650422,0.9832520251066563,1.2386086722339362,0.2721045816990833,0.16716072021791467,0.23881247519393028,0.3213714875483407
2014-07-09 18:00:00,DEHM_BD,0.19734033177560492,0.15540235461698496,0.14080198516516856,0.6448750848068986,0.8297866356567666,1.0113236886696657,0.7690650229404936,0.2752122679501281,0.13964571666628267,0.23121162758810498,0.32514077796806395
2014-07-09 19:00:00,DEHM_BD,0.20391727944186894,0.15531462400443746,0.14448290107205183,0.4689313233057385,0.877853322524093,1.2223066860113572,0.654980166671751,0.2694074101348026,0.11951293439219975,0.22583735680225903,0.32818597544340883
2014-07-09 20:00:00,DEHM_BD,0.21534278377028573,0.15502293068713094,0.1496624272357379,0.3699675122161646,1.1086574610337614,1.3431477128131872,0.7035152804120042,0.26956176814866967,0.10895194374247408,0.20595720462430714,0.33031544485523034
2014-07-09 21:00:00,DEHM_BD,0.19321706754081083,0.15374779745371828,0.15604785875665195,0.2501073651869973,1.3108333231765776,1.4455055093253404,0.7513758841806771,0.267231903436394,0.10471750842541781,0.16479184539563269,0.32885721984796384
2014-07-09 22:00:00,DEHM_BD,0.15506926394340736,0.14925254966233906,0.15764664673493797,0.488322853318481,1.3966712690359353,1.5562072563205471,0.9722830371288346,0.2626027343188529,0.1066407303080707,0.12673745931975244,0.32241724326237364
2014-07-09 23:00:00,DEHM_BD,0.1334637965663299,0.14065623869260602,0.15483814522454678,0.8663032437960627,1.3798229364799708,1.7438805116389842,1.2318916370100537,0.2573003276923664,0.11792944446977895,0.1184696220842154,0.3099633673137403
2014-07-10 00:00:00,DEHM_BD,0.138348386831839,0.13265568004332318,0.15167261791687783,1.1266774163294913,1.3225685013087094,1.8242749298128342,1.5957953597347667,0.24935051727781257,0.14019797060453149,0.12130783045350019,0.2931363411570651
2014-07-10 01:00:00,DEHM_BD,0.14110602000420652,0.12000571322027619,0.1473385521242761,1.3519077205693366,1.3152897637150436,1.9944728421339901,1.9062498817699816,0.2402892444901779,0.166799367237264,0.12486157254747934,0.27293293514674766
2014-07-10 02:00:00,DEHM_BD,0.1438277678508256,0.11814214931759771,0.14004306192726923,1.5405920827098507,1.4427314705599565,2.248209731077249,2.076707942377958,0.23010694793233682,0.18574140054476318,0.12977839786225936,0.2514490236619824
2014-07-10 03:00:00,DEHM_BD,0.1488458089283235,0.12399706123789808,0.13136371302238253,1.7251460301859727,1.6057186643866448,2.4224175363181737,2.0629618108429404,0.2198690364631917,0.19519140221398162,0.13559260129887934,0.23085543759381502
2014-07-10 04:00:00,DEHM_BD,0.15377343099901075,0.13397146846252098,0.12440002867101704,1.6301504948626973,1.5249446461916492,2.3363772809866865,1.8485085149807257,0.20657943446978075,0.19931679668146757,0.14391129904940708,0.2124752825077916
2014-07-10 05:00:00,DEHM_BD,0.15979512803308668,0.14743728432054978,0.13165166026663624,1.3087940816781223,1.2956640467061347,1.7858998423823793,1.4612680316614006,0.18036465983612956,0.19422242361585537,0.14426345281481256,0.19309758181573472
2014-07-10 06:00:00,DEHM_BD,0.16434187130123246,0.1584911261297126,0.13837506616786893,1.0419883597864563,1.1049214501531293,1.312095987659295,1.1042723540440902,0.17039617755033545,0.18474249913856097,0.1394959644503248,0.17685410320089245
2014-07-10 07:00:00,DEHM_BD,0.16664186431716763,0.1679465002134223,0.14669655326529332,0.8816275877230875,0.9263236141557711,1.1116497717554517,0.9379515910344198,0.17538782245817525,0.17311187889148996,0.1345033269064777,0.16285224356660047
2014-07-10 08:00:00,DEHM_BD,0.16405683967757775,0.17503085234233143,0.15733724587722167,0.7780078382802352,0.8043872236913046,1.033132671447544,0.934415916714082,0.18962335192858226,0.17109004645880246,0.13119044601102442,0.15000522176095565
2014-07-10 09:00:00,DEHM_BD,0.15955841745564575,0.18283335735737993,0.16568003332919,0.8412827795939322,0.785480137185389,1.1031002097809175,1.0423157363265352,0.19934533019428108,0.17842757345195276,0.1286899781905353,0.13906295116023873
2014-07-10 10:00:00,DEHM_BD,0.1503323426614093,0.18301556907595837,0.16860927267227818,1.026679060692548,0.9202497662783133,1.2025459716955573,1.09087362663094,0.1997133232207227,0.18299670157017178,0.12686613675670574,0.13011587465498503
2014-07-10 11:00:00,DEHM_BD,0.142832195176834,0.18015507242853368,0.1658174578709576,1.1275730342466068,0.9154354567894711,1.4495597082388543,1.0051551726525916,0.19480617003097764,0.17998232809737316,0.1282098684717576,0.12854255583059696
2014-07-10 12:00:00,DEHM_BD,0.1395636114012812,0.1746266108290139,0.1637451060212593,0.9383643568004224,0.7580923712806635,1.5345910434478147,0.6154888254874291,0.19741578680719932,0.17620135394853176,0.12407540770813813,0.13762170128048623
2014-07-10 13:00:00,DEHM_BD,0.1319605877955007,0.16688954522023994,0.15916188065138825,0.9397193338938656,0.5502419416325026,1.1096802251956177,0.3740995097849326,0.2067737077529366,0.1766971586542128,0.11953537260889996,0.1534779429216146
2014-07-10 14:00:00,DEHM_BD,0.11839099950029851,0.1608850298061224,0.16086496370477063,0.7112768999589524,0.5191309845761813,0.5474916510465124,0.28432818027035384,0.21857740855657148,0.1775940863619636,0.11479372517686195,0.1663250614669987
2014-07-10 15:00:00,DEHM_BD,0.10640023714049246,0.15925082966166124,0.16551832617973614,0.4174714533152259,0.4693500939840276,0.40299871699835044,0.21349431045683684,0.22597091862101792,0.17380216665546805,0.11841070915133516,0.18151877120644244
2014-07-10 16:00:00,DEHM_BD,0.10820833699969276,0.16060168668366784,0.162718986418616,0.2608935825256912,0.43918836547250145,0.41803107783721755,0.13543521906917144,0.22774454473170536,0.17447476903939152,0.12951765511176475,0.1919812687421597
2014-07-10 17:00:00,DEHM_BD,0.12682552240878153,0.1615102696375571,0.15800781098103547,0.16679272594504144,0.41494014775425875,0.4421724851271154,0.11095388845561731,0.22596318397069695,0.17750571260810893,0.14422935324274758,0.1966574707361554
2014-07-10 18:00:00,DEHM_BD,0.13668156723002828,0.16393205980278394,0.15311964747250836,0.09031041395443974,0.3892405781646141,0.4683516902917647,0.07324646900345966,0.22093168785136527,0.17241799555599377,0.15919570641782269,0.19401948225207533
2014-07-10 19:00:00,DEHM_BD,0.15975872796618376,0.16577407295316876,0.1506935167294429,0.07859371104999187,0.41990380718518727,0.5240835149177199,0.06580323392028659,0.22303115940099558,0.16852314355989387,0.18990286129963635,0.1870905213387581
2014-07-10 20:00:00,DEHM_BD,0.17947958634671485,0.16563846205674693,0.15483558940865358,0.08649891198371709,0.5029255921705509,0.8652362809253603,0.11422721084214184,0.22562294362642374,0.15774724705335225,0.22677530061087525,0.18512636234540739
2014-07-10 21:00:00,DEHM_BD,0.21666962630548886,0.1646960519141387,0.15971105369621844,0.14264116700076224,0.6477464685911766,1.244533029023505,0.4148831468463343,0.22433202453086293,0.14045044538171986,0.2366029291922687,0.18347653100577666
2014-07-10 22:00:00,DEHM_BD,0.248084648207728,0.16478519319978815,0.1632309455059898,0.5029213786429878,0.9764116309558426,1.6089806514116005,1.0331861647101002,0.21899662944073703,0.13742580013122996,0.23378287698057976,0.1831745130242798
2014-07-10 23:00:00,DEHM_BD,0.2561539650181682,0.17016469472940124,0.17003760119778127,1.244933782844145,1.372911535975328,2.044977280123289,1.7811335419667942,0.21229242728153114,0.15473938174412036,0.22226063119476552,0.18224187942948505
2014-07-11 00:00:00,DEHM_BD,0.24206542890846677,0.1959732663692019,0.16721141308189513,2.0804535408545637,1.7950463479860441,2.599582101085132,2.6755078055210073,0.20586834904616572,0.17352044648138573,0.20779016707556341,0.18023408110332234
2014-07-11 01:00:00,DEHM_BD,0.21755312434318289,0.22606897444003587,0.1419973689156261,2.7568760331921203,2.2507933948228893,3.2383690322924172,3.390620920650481,0.19872227196825915,0.17815823775015244,0.19468510937490172,0.17672799800354727
2014-07-11 02:00:00,DEHM_BD,0.20803230041861046,0.24396615435645055,0.15510819446071167,3.188326087348564,2.8011409748398153,3.907826817631992,3.8166045284848296,0.18878139212401013,0.17257109976592283,0.1858498020497841,0.17233429857433238
2014-07-11 03:00:00,DEHM_BD,0.20477622934063427,0.25064057527422423,0.14449525686297615,3.4103390946073517,3.259487052410001,4.311577888307244,4.126177659421663,0.17815242245979396,0.16669598356168222,0.18092018557856657,0.16579140330247252
2014-07-11 04:00:00,DEHM_BD,0.20357778641183394,0.24611727594332194,0.3283936828116877,2.7181581542275497,3.2875093783499425,3.9199868204759056,4.048054538547499,0.16812464921286108,0.16445328498588285,0.18470887337752176,0.16159936313933657
2014-07-11 05:00:00,DEHM_BD,0.20632896750848947,0.21935852324246072,0.46270560242945613,2.4136787747636705,3.050063732043619,3.2660050738187345,3.4131842919639053,0.1596252954651123,0.15949253451942452,0.19802463790170366,0.1595700751089998
2014-07-11 06:00:00,DEHM_BD,0.2148540222603287,0.20169092000905356,0.2900053853103304,2.343488986007846,3.1537408090855923,2.8082579252985083,3.3983634396036777,0.15734613720266138,0.1567329660402237,0.21764840963916557,0.16164110348201235
2014-07-11 07:00:00,DEHM_BD,0.22635018568872975,0.1992383479579384,0.21418834836944642,2.1183947912652865,3.0094497978235224,2.6892633834501014,3.2211742521173092,0.16613112318993997,0.1558640926886117,0.2417994984196167,0.1638112695517739
2014-07-11 08:00:00,DEHM_BD,0.243045380067585,0.2053670501376214,0.22345276911794193,2.10543800568881,2.7703571491037216,2.5244541122058033,2.9135084911905262,0.18345882855761542,0.15239961258138054,0.2500869222760997,0.1671031481432681
2014-07-11 09:00:00,DEHM_BD,0.26019668284236463,0.21308478886365034,0.2505936693521146,2.0476266419554725,2.4429622288649004,2.4436873181680774,2.5577249801838158,0.20125362493351553,0.15254507034952738,0.261444884821179,0.17158221752412378
2014-07-11 10:00:00,DEHM_BD,0.28153869526549596,0.22100108086211356,0.220604337207108,1.9468365002826638,2.1158444565372867,2.3500645805958493,2.427579076766811,0.21597546691963643,0.1575725635318457,0.2720417938403781,0.17521267220256367
2014-07-11 11:00:00,DEHM_BD,0.3053466819212413,0.22407906833568092,0.18237613595812918,1.8694132243213994,1.9170250138169433,2.2357266889698866,2.3051132661256624,0.22530221288775049,0.1624923364259115,0.27667411853538326,0.1789922854989206
2014-07-11 12:00:00,DEHM_BD,0.3021525623171135,0.21313739011835278,0.181743986350553,2.1354053616079196,1.6779099455635669,2.659790464053115,1.5938439748493143,0.23337893290155262,0.1697023227278746,0.2557470726134092,0.184418394346414
2014-07-11 13:00:00,DEHM_BD,0.29686002835983505,0.20461035561048896,0.1841939079754696,1.141025142956251,1.562495734360884,2.540709721281466,0.9209585989213012,0.24030310697893412,0.1816652262604515,0.23651659359614718,0.18912311314397479
2014-07-11 14:00:00,DEHM_BD,0.28459563276642125,0.19338509750511165,0.18683737247467658,0.742391730093473,1.6774916422012496,1.481087830580731,0.579529229848079,0.23018162244376894,0.19692562496138727,0.21737422316809268,0.19515885256078083
2014-07-11 15:00:00,DEHM_BD,0.29213517380357207,0.18302220162621802,0.18050750295558138,0.507902108816504,1.610629928282832,0.9123892488562152,0.49033779577204545,0.2198590876724918,0.21019507989973046,0.20216448678612467,0.20022354896513736
2014-07-11 16:00:00,DEHM_BD,0.2864372903251057,0.175230271017657,0.17879667503556554,0.4364411950497364,1.1327819856830639,0.7777926533333597,0.3741689331340628,0.22227941184299568,0.21025797857042386,0.1814959751456557,0.20215907960437218
2014-07-11 17:00:00,DEHM_BD,0.252721932782931,0.18047233974460083,0.1728257869775368,0.4703446418427243,0.7853838990743318,0.6669705513732767,0.34116290375606817,0.22016543943457875,0.1972623231200593,0.1697319310505333,0.20234584948173706
2014-07-11 18:00:00,DEHM_BD,0.21442529447620423,0.18228164511723607,0.16612015613773135,0.3127324824331799,0.3960259193337138,0.46325968515508426,0.22914593066591174,0.21480055522926364,0.17782896516554975,0.1553840045879646,0.19998229462448952
2014-07-11 19:00:00,DEHM_BD,0.18673795613337318,0.1830557823420815,0.1687561420835564,0.20432787793285756,0.2952741234774409,0.34420929555620894,0.1915998233931645,0.21076497719337609,0.16076801915188427,0.14295274854522358,0.19962065691159864
2014-07-11 20:00:00,DEHM_BD,0.1715176490329172,0.18941053915287473,0.17955226406966623,0.2035229534960636,0.3262526440452143,0.26038538427915303,0.4004412183964836,0.21093097495401497,0.1459816549601969,0.1331736878554656,0.2019454752842631
2014-07-11 21:00:00,DEHM_BD,0.15480937209479087,0.2112352665626151,0.18291901742139724,0.39545001594418605,0.3546315201407087,0.4541896808387329,0.8317037460389576,0.2061778772075264,0.13287123310657345,0.1296636535446357,0.2003522136758449
2014-07-11 22:00:00,DEHM_BD,0.1499608741905303,0.23531939295104976,0.20325717968792456,0.9253463672629606,0.4140731533060955,0.9957799065875305,1.0560639188742313,0.1991934962605775,0.12764927250658215,0.1304692482069659,0.19932234632330792
2014-07-11 23:00:00,DEHM_BD,0.1537514991336198,0.21474595180714154,0.28036324105002386,1.3736963072490356,0.49457157007082464,1.4777521022781772,1.2436172564028718,0.19181661323428154,0.12884374261721626,0.13603169679392102,0.19702023897015777
2014-07-12 00:00:00,DEHM_BD,0.16746022894507723,0.19836534719326737,0.31231757872287425,1.5665966805989542,0.5701855833166174,1.8612762436208576,1.5023983166530432,0.1861728943486152,0.13706169906370005,0.14389133031428195,0.19408954469555978
2014-07-12 01:00:00,DEHM_BD,0.17759856837226523,0.16701739324881004,0.47396012502345086,1.5077766897416653,0.7886437408694881,2.0675051026714435,1.662702255479807,0.18431195328055783,0.14891869014882683,0.14814063375975278,0.1910052966847246
2014-07-12 02:00:00,DEHM_BD,0.17813352139020444,0.2137492550994947,0.8819501508753798,1.3824901101511125,1.0768740776917571,2.1283575577471265,1.7591464450117884,0.18689563484488633,0.15724319610607468,0.15288608793354466,0.18475337876867728
2014-07-12 03:00:00,DEHM_BD,0.1772859124643622,0.22431797886413596,1.4284811402050106,1.1907489547003687,1.3220167054985894,2.1693062247700485,1.8146077520928068,0.18995352322223527,0.15929662191631117,0.15675580181632584,0.1795888807046902
2014-07-12 04:00:00,DEHM_BD,0.1768351934286206,0.1755009058817641,1.6873736760348605,0.8110873259721711,1.4042108103133504,2.059608149409715,1.6372901415209773,0.18760141008644138,0.16234013541713813,0.1540697471613425,0.1834509709076397
2014-07-12 05:00:00,DEHM_BD,0.17481829390604042,0.16430953967153067,1.4326329489516543,0.3935990419530516,1.309478221748314,1.5001212224958584,1.0923358622855823,0.1857708252604667,0.1602560923127085,0.14508564165382157,0.18877053942007585
2014-07-12 06:00:00,DEHM_BD,0.17644842085897205,0.16704222063794028,1.2893809492810415,0.1824858606186322,1.11724085644171,1.241912791081497,0.6081710535238075,0.19356853136077068,0.15511008232519954,0.14586861064328338,0.1961357887114689
2014-07-12 07:00:00,DEHM_BD,0.17585993747867526,0.1790777896595815,1.2763416333985087,0.15822630712458688,0.8925201764186331,1.0208762636038737,0.36800413801178444,0.19758442209953975,0.153138656941743,0.14983558454871634,0.20430675156555542
2014-07-12 08:00:00,DEHM_BD,0.17974730709082531,0.18680904805867915,1.063823475035968,0.1773129100565111,0.7575240873400401,0.8777259997672727,0.23540186937544835,0.1985570439724637,0.15929522575256524,0.14800843776121442,0.2103727542157319
2014-07-12 09:00:00,DEHM_BD,0.18459331139214336,0.19999690143518134,0.6065478750232862,0.2257890102537231,0.773440313828776,0.9917229042981368,0.2892612805411149,0.19673806696565987,0.1758303959654643,0.13916780128619902,0.21363200090383389
2014-07-12 10:00:00,DEHM_BD,0.18113509561857596,0.2030635706641897,0.4549177457958411,0.41475644535477607,0.8510123102825133,1.0558878614276088,0.5016775282526585,0.19598500557703136,0.19238890918546334,0.13123163638455082,0.21332972758125965
2014-07-12 11:00:00,DEHM_BD,0.17908082991924704,0.19616766380997358,0.39963522919203665,0.5884229518223738,0.896485579446489,0.8897942000709556,0.6195465234326244,0.19712791575956146,0.19665587779180493,0.13034159746338955,0.2117986135007812
2014-07-12 12:00:00,DEHM_BD,0.18156010650519394,0.18611821747527443,0.35064814967198465,0.6690352055314852,0.967497099321764,0.9335400190341041,0.6803235364612161,0.1973773468309175,0.19817542809968805,0.1379820101344424,0.2132909197906403
2014-07-12 13:00:00,DEHM_BD,0.17781949927066903,0.1792742330664464,0.2349524905452324,0.7165799132415054,1.1181639699364174,1.0103935713641032,0.7484487605354591,0.1938536321481561,0.20070027480653477,0.14061548082940917,0.21473336477547866
2014-07-12 14:00:00,DEHM_BD,0.18187220973910279,0.17707227284634008,0.19922820490081322,0.7727018106862582,1.3747589106853817,1.0693497869031414,0.8114704070349603,0.19582798259348314,0.20123427487132114,0.13066393962438674,0.21519069060500695
2014-07-12 15:00:00,DEHM_BD,0.2135119047810555,0.17887000771967085,0.19448254385290897,0.8116576724350195,1.5966100611181606,1.1223103173896103,0.8484224589410726,0.20174340102971464,0.19783203185185783,0.06454634042865882,0.22215607949361194
2014-07-12 16:00:00,DEHM_BD,0.21189294345313794,0.1749632377979213,0.19076297646478912,0.7720586175319322,1.5752094682541444,1.169666688074949,0.8523685019823861,0.20734754074407755,0.18142736420865047,0.04527226505320159,0.23472460129380215
2014-07-12 17:00:00,DEHM_BD,0.22268855514834454,0.17553943259273466,0.18046034765627714,0.6507918583913898,1.5352488584007555,1.0070607479365412,0.7604090585577647,0.21445987633871344,0.16129887817779545,0.04009319705394788,0.24768670540602866
2014-07-12 18:00:00,DEHM_BD,0.2560023189597886,0.19230827112463098,0.1700523319678941,0.4431026610774841,1.7580539179511017,0.6350677684240458,0.5922457396095158,0.21782625041782475,0.14363603480641424,0.04278162310140631,0.25153217864317806
2014-07-12 19:00:00,DEHM_BD,0.24244378258395238,0.20863144862406288,0.16764336551622022,0.4665899529201095,1.8263085190445278,0.6276592571026463,0.680311974868202,0.21463307797795494,0.12952792351747014,0.05425766192278167,0.24505505055343715
2014-07-12 20:00:00,DEHM_BD,0.22735176223552475,0.21809945399988823,0.17308124549949203,0.9323374473462355,2.000222940445156,1.383436236913222,1.1755741011152887,0.2166656266649028,0.12306475118609132,0.07932534681053534,0.23377962427927168
2014-07-12 21:00:00,DEHM_BD,0.18532474834442478,0.22330511230845523,0.1866212896358902,1.532893521621531,2.310814381512115,2.22331913690085,1.5743706981839998,0.22096326600093097,0.128350464751392,0.08982333940533843,0.22442100038138213
2014-07-12 22:00:00,DEHM_BD,0.16671352549073737,0.23127927098405304,0.19346256587374183,2.741316816358945,2.5532376062380195,3.09378130374989,1.9031469056029822,0.2228542761921385,0.1512633290235338,0.1296830389280699,0.2184798885351837
2014-07-12 23:00:00,DEHM_BD,0.16717958015539677,0.2517390523261788,0.24568189111863756,4.305028451643051,2.579640773713659,4.321974421789307,2.5322419750734184,0.2207197472975293,0.19161976697451719,0.17272467412012776,0.21449755643372878
2014-07-13 00:00:00,DEHM_BD,0.17548359173105788,0.23341948279991614,0.3486290418759937,4.931449464977141,2.458726404944686,5.601612042740381,3.520766283187824,0.21863050623840424,0.26768519201437463,0.19168242372196895,0.2133361210015649
2014-07-13 01:00:00,DEHM_BD,0.18417284412661095,0.17320083096912528,0.5064045338583161,5.423205719546113,2.257096212864295,6.520442700639753,4.624548802807399,0.2179604608573643,0.3081142718598246,0.1588545671653681,0.2151813440482532
2014-07-13 02:00:00,DEHM_BD,0.12102288172784244,0.18122514291974645,0.5677537948072298,6.723098213362756,2.205900672011711,6.948836756508762,6.651903334295684,0.21627714995890313,0.2946546948064862,0.1049399566302813,0.21633655725942974
2014-07-13 03:00:00,DEHM_BD,0.08261098309896037,0.23201462575662293,0.5164580875022777,7.853325353600264,2.2721526886864565,7.228611415545977,8.90091876131991,0.21238965965532963,0.2710716116189025,0.06606714147850355,0.22262559752270925
2014-07-13 04:00:00,DEHM_BD,0.0825682641163304,0.24965278167379834,0.3723580244288023,8.391514748405742,2.43753473648563,7.668000742161141,9.220247370415782,0.2110461805539927,0.27413479631440707,0.05574753230789113,0.2302216729346801
2014-07-13 05:00:00,DEHM_BD,0.08048187349800012,0.228313287302996,0.24163467502530875,7.244083423139458,2.4179837452863158,6.798019474162213,7.511707934154207,0.21313428747419608,0.29019084556102737,0.05117045317855006,0.23779236465197037
2014-07-13 06:00:00,DEHM_BD,0.07073871670553444,0.17521117481694068,0.20241730425212756,6.157263676136341,2.0379731715215743,4.988951821314355,5.688244579290863,0.2090148231918923,0.29465986389018584,0.050474015293230826,0.24449818078665056
2014-07-13 07:00:00,DEHM_BD,0.05954907373481266,0.12839980448608046,0.26631744319553474,4.204862719714057,1.8572007760923124,4.110965691562593,3.843020313590406,0.23014940162561506,0.2959978921692073,0.046092480876817214,0.2518116981283574
2014-07-13 08:00:00,DEHM_BD,0.05092342266134097,0.10128923526857495,0.2826745159354945,3.417795960637922,1.9490448599898722,3.9844598278110848,2.9120433765397085,0.2631284546776127,0.27744036306716485,0.031193168050796916,0.26683188114501527
2014-07-13 09:00:00,DEHM_BD,0.045632851307313885,0.07331109408352278,0.28914266299084745,3.499751006800672,1.9650940885341728,3.858443118118797,3.069026701741791,0.27523087680838293,0.21772993524522496,0.019293858104703687,0.2664690830212644
2014-07-13 10:00:00,DEHM_BD,0.04443135035896667,0.057214584927130316,0.20986821542364537,3.467417501799753,1.5610198842278682,3.440294989173138,3.3502119090583085,0.27809617199007414,0.1450316290026715,0.031336306291704356,0.26415125248300836
2014-07-13 11:00:00,DEHM_BD,0.04696425570541052,0.04221546012110149,0.15188131780589917,3.019077294158963,1.1327362138652801,2.8710412388143225,3.6851407939108185,0.27396593020243093,0.10056079126825543,0.0641732635584635,0.25663453220061944
2014-07-13 12:00:00,DEHM_BD,0.04875782460498609,0.03664142063673811,0.1772577750392734,2.43920437115461,0.9407264315490423,2.168409962393283,3.8967650139038126,0.2641725052929762,0.05889872454847191,0.08907974797733705,0.2489325716676748
2014-07-13 13:00:00,DEHM_BD,0.05194391680982413,0.0360544401755819,0.21005028174689966,2.094291771124676,0.8488683821435271,1.8041656372832695,3.6790182102356987,0.2596920735839287,0.032858960202096346,0.11192697846623832,0.23651576391007734
2014-07-13 14:00:00,DEHM_BD,0.05822161020792076,0.036166789764444915,0.15640737352898448,1.800688256093238,0.8245617593785375,1.6197003471305687,3.46846777946883,0.2665358017719814,0.02934653217393024,0.13046968582210114,0.22240080846067503
2014-07-13 15:00:00,DEHM_BD,0.07665470528057293,0.048823934786055345,0.1607863464798148,1.5746309513355803,0.8286783466096221,1.2965507596600685,2.6480966894722813,0.26956243509388284,0.025288304049030638,0.15391807613864064,0.21140917561372036
2014-07-13 16:00:00,DEHM_BD,0.10163792190584174,0.05790157809310707,0.21417807717413628,1.5610927203553089,0.8098765096780657,0.942474028745836,2.318166431990268,0.230828550403565,0.020947774596749295,0.19145641943431221,0.20245948359402122
2014-07-13 17:00:00,DEHM_BD,0.10644409778958265,0.03312906533212313,0.2214721557040885,1.185064948747977,0.8316332453808187,0.8291544429151079,2.025253965770017,0.14668657755678915,0.021209655304182014,0.2394773892662556,0.19354019724797566
2014-07-13 18:00:00,DEHM_BD,0.13675412105415594,0.030334274198490427,0.1545688492834183,0.8506798997140087,0.8353434931460022,0.7850408738331485,1.6047788072483078,0.095372486083417,0.018650232747180716,0.23905519435512487,0.1840004146774934
2014-07-13 19:00:00,DEHM_BD,0.19238050022501263,0.03755299964288318,0.13232924472320706,0.6918873357206049,0.8080974534545838,1.0311856587875303,2.3125646907160635,0.07693481771840717,0.021489461718136857,0.25939492645488066,0.17249767284824968
2014-07-13 20:00:00,DEHM_BD,0.16970510904466363,0.06983351117033146,0.14085818383576104,0.7540479633739618,0.8099587654356657,1.5183238119455815,3.3381110957236757,0.06974554947371191,0.04186107816373692,0.35051316635572755,0.15971250123613903
2014-07-13 21:00:00,DEHM_BD,0.21368206690931907,0.11203663642032755,0.13074899190790942,1.0988194868918044,0.8254255530864,2.0037291262483006,3.8441925447466394,0.07225534493295062,0.04201288656155327,0.3290966730945793,0.15154286236123546
2014-07-13 22:00:00,DEHM_BD,0.22928249991185365,0.18014377829749553,0.08692887627260293,1.5963589111411047,0.7991544570386409,2.3214900324332324,4.077157497938748,0.08249098905285952,0.052935349359908346,0.40106653292206823,0.15889372613901898
2014-07-13 23:00:00,DEHM_BD,0.4195777471033954,0.2524661214483214,0.06189882885631428,2.2243128538483665,0.7573444955796003,2.5483411695377733,4.442491464972042,0.08411444956717125,0.07857328223274712,0.6192948291986624,0.1720073217659548
2014-07-14 00:00:00,DEHM_BD,0.759437114097371,0.3412559448441402,0.06300063812838132,2.7999152629532125,0.7258734780697524,2.7174237243330155,4.279139913345594,0.07354508279286222,0.15215490362266593,0.5849161234936133,0.1743122362032832
2014-07-14 01:00:00,DEHM_BD,1.0255832122211979,0.41350791752971,0.11444887689633068,3.483305574033001,0.6702093659842014,2.798136556230207,3.2625937634834643,0.0677264673773428,0.33701237920090543,0.43476748955237265,0.1744268836626922
2014-07-14 02:00:00,DEHM_BD,0.9252457642402778,0.3228161377548019,0.32708273295431434,4.095282916072287,0.6217048363530635,2.788123124534483,3.1520199542784972,0.07156996549023192,0.5561538561505079,0.5530068320089221,0.18606769305984133
2014-07-14 03:00:00,DEHM_BD,0.5558794140221632,0.1932562898849352,0.5142257570481485,4.249956060518464,0.577830190757811,2.502079921763334,3.502057808885663,0.08085306310661848,0.7918472290065138,0.6232439767192253,0.21384652400457285
2014-07-14 04:00:00,DEHM_BD,0.2859533724965911,0.1661416112905049,0.5400626026008697,3.7060319114135765,0.5895044185499846,1.9826239148814837,3.5391346597308107,0.08276891907128268,0.8287338379023224,0.8978841686901479,0.2580931916714831
2014-07-14 05:00:00,DEHM_BD,0.19105823728191665,0.1459640635841568,0.39409350004229393,3.162238978654747,0.6925479398015141,1.1893071409995297,2.6368723254959496,0.06564962286230971,0.6263302994112296,1.1399653660335392,0.30799582036547346
2014-07-14 06:00:00,DEHM_BD,0.16540164628074255,0.10577192116921125,0.33572517784870337,2.312985653292319,0.7215704608400165,0.8452253957061097,1.7515570930985425,0.04579098741274316,0.4405574979180469,1.0658182757194898,0.349310875613205
2014-07-14 07:00:00,DEHM_BD,0.20375546603520397,0.09814221436305487,0.22494826092285763,1.722082210687101,0.6624244928571582,0.8242864942110701,1.155240353111769,0.05173924125339738,0.438327799386978,0.7784596239460633,0.37328718763343977
2014-07-14 08:00:00,DEHM_BD,0.0738640279056807,0.08824246911329053,0.12379759025942433,1.3248507020483153,0.5402383695003389,0.7783024951792136,0.9551473357040493,0.0875006411221856,0.4136751597939803,0.6496912843209318,0.3751843777721375
2014-07-14 09:00:00,DEHM_BD,0.03048239729483718,0.07084212315156167,0.08365631940713197,1.1395108485355927,0.47464932453878206,0.6835259312155655,0.8630450459632161,0.1339977911140769,0.38188451227800907,0.28025145637922433,0.3386152823555934
2014-07-14 10:00:00,DEHM_BD,0.017281294024907908,0.06575441613240848,0.08260674341966158,1.0768889290901622,0.4704066528678685,0.6265125107162631,0.8710608856964553,0.18413718830890946,0.34354190915971056,0.09607776303910164,0.27280020617471995
2014-07-14 11:00:00,DEHM_BD,0.016584727927800177,0.08910516914290365,0.08196663426294215,0.9515704964094247,0.50748920588091,0.5406387618826981,0.984382468353461,0.2336648863896353,0.2817673859311406,0.03765293880974857,0.24157860537612785
2014-07-14 12:00:00,DEHM_BD,0.043745995012451744,0.15504142641079596,0.11184629848798025,0.9211835236189676,0.5451615632740034,0.5075871125596481,1.0023055670236418,0.27582958180971434,0.1980364603891058,0.03492954445810972,0.2549642314698127
2014-07-14 13:00:00,DEHM_BD,0.0552742230117413,0.2111383697923645,0.17710152443914198,1.0601855682164105,0.5699816211978345,0.5105896168574596,0.847302787866349,0.3012510871170087,0.11978207907565157,0.066578829570111,0.3007743942071869
2014-07-14 14:00:00,DEHM_BD,0.056399012711327454,0.2510184767178631,0.27550341032927383,1.189026004605058,0.5508812322635203,0.529043549263724,0.7765769142681627,0.32234880551911876,0.07180941384139464,0.10256695818669849,0.3642720653368066
2014-07-14 15:00:00,DEHM_BD,0.09944522731158867,0.2687952484239264,0.29257960241108893,1.2365069817574903,0.5442594576477258,0.5697142526355665,0.9000693765461433,0.32915116363976143,0.05723156743039866,0.09188936512461855,0.4079941259977267
2014-07-14 16:00:00,DEHM_BD,0.12510807451816966,0.27363658835019444,0.29209333533606474,1.1884003303089143,0.5633904345616512,0.5877938900010706,0.9068369409556184,0.30033916171194003,0.055150862219680026,0.07928692422878861,0.4514657098544295
2014-07-14 17:00:00,DEHM_BD,0.4059294346431699,0.2230464740786002,0.2710209666873653,1.1094953602191784,0.5690915841310097,0.5964397752915042,0.8153960342987592,0.23863650345510953,0.05513640673473161,0.061209102932665786,0.48210532327912103
2014-07-14 18:00:00,DEHM_BD,0.49029663963474324,0.14510545673860026,0.24259968383570066,0.9555173379400446,0.5997359036614,0.5989008154655644,0.6504818873842267,0.19964266549592605,0.0567536581455407,0.06092204577089473,0.48649338675717757
2014-07-14 19:00:00,DEHM_BD,0.5531536550608557,0.32085467037958354,0.2850001289554205,0.9477598683433444,0.564148548979517,0.6400391376181418,0.7583590991162389,0.18423435715050526,0.08030712866757625,0.22878182723312396,0.47096024713451745
2014-07-14 20:00:00,DEHM_BD,0.5597467561469133,0.6437132006070457,0.3448729004363265,1.555607122788072,0.6468571801912737,0.9356960137940592,1.159930689729782,0.1744638981787474,0.16562947501628436,0.28907826438730433,0.4651094668801424
2014-07-14 21:00:00,DEHM_BD,0.5337466621119248,0.9505757026232277,0.3177276062790703,1.9989550046309863,0.724127257526731,1.7590298328130292,1.4751134982374792,0.19795320492172952,0.2987493376833945,0.36209231721737983,0.48851400350113294
2014-07-14 22:00:00,DEHM_BD,0.5457778447098377,0.5145296353880571,0.31114112942021105,2.4098837069058727,0.6547198120172832,2.9220297239972535,2.0171779876627434,0.2378989966448535,0.3940011712570384,0.8576380495005704,0.5415162210984212
2014-07-14 23:00:00,DEHM_BD,0.5119906140025192,0.6947859922172175,0.4342535922630317,3.0206623989038466,0.711090066729728,4.302670842027408,3.060585486616814,0.26887456068895504,0.46828270081894696,1.3137391047272156,0.5800770622770626
2014-07-15 00:00:00,DEHM_BD,0.20846869785216154,0.7550658645244035,0.523247214841414,3.777682165728125,0.7524221518133952,5.1259982277280365,4.617657871588149,0.2921200505761987,0.5631666743783464,1.1618678305168078,0.5772410681373159
2014-07-15 01:00:00,DEHM_BD,0.3203177787734904,0.6217356777573726,0.5994925637233396,4.472416481875129,0.7347688786245323,5.179476156369375,5.444083445471354,0.30966421296346924,0.7130528227378427,1.2734667329080402,0.5538678020972572
2014-07-15 02:00:00,DEHM_BD,0.2960991516033675,0.6574145775936799,0.545452118150862,5.455477381256314,0.8106566298446058,5.321179617963127,5.606892405395523,0.3145864434712891,0.9190794677647948,0.9751000163117051,0.5219168235121293
2014-07-15 03:00:00,DEHM_BD,0.35034570584479713,0.7549049838017066,0.4905387931730969,6.407687528782517,0.9035673160402709,5.137087610907493,6.373571313638644,0.3101258696279719,1.3237338355770707,0.8381277105297893,0.4864003440704941
2014-07-15 04:00:00,DEHM_BD,0.3822979375212498,0.5897820487327243,0.4848753221588953,6.539144964098329,0.8199720366762577,4.341642486896095,6.503159810336331,0.29844959561593304,1.5516436580921709,0.6590496815639733,0.45398728301078073
2014-07-15 05:00:00,DEHM_BD,0.3976050816616553,0.45566885334787877,0.5703038487251288,4.462685496973997,0.6630986818796396,2.803780770496975,4.553600145375173,0.2871433156830461,0.6703896537262201,0.5413723032007365,0.4297547741028293
2014-07-15 06:00:00,DEHM_BD,0.5673735537070501,0.4586619775662152,0.6553759156329184,2.1443652949635865,0.6654155912312864,1.8251860019817943,2.6402267271129367,0.29265776032773994,0.4772044011202453,0.4786617949692159,0.3958267053681983
2014-07-15 07:00:00,DEHM_BD,0.5711309764720033,0.5973754007741622,0.5700286441911128,1.36289308558861,0.691088036801219,1.2821186625061067,1.866083017030712,0.2592774741608741,0.42709447278376655,0.4809155361739173,0.3446454593048058
2014-07-15 08:00:00,DEHM_BD,0.41709757233336564,0.7449821323937218,0.46129599521620296,1.1081226150175532,0.7398054654092341,1.042488760278616,1.4371860218767798,0.21480790969441413,0.43522912960707666,0.5484586014390829,0.28279383252231394
2014-07-15 09:00:00,DEHM_BD,0.3588515017662103,0.7177706902436305,0.46572549298807037,1.0001065179038977,0.7272608697449415,1.105892987406738,1.2170096874424627,0.26299796281758686,0.4836156519404192,0.4513632658673543,0.2177037707632546
2014-07-15 10:00:00,DEHM_BD,0.41239018276431594,0.6245842022407986,0.46073148010281834,1.0705650538692622,0.6837098693226277,1.091872275498826,1.109902987934486,0.3613460301940748,0.38652263231453465,0.2974269708178121,0.15695992959593874
2014-07-15 11:00:00,DEHM_BD,0.4590203983793779,0.6261485596766927,0.47276376497648653,1.1960633722005878,0.6136188009989261,0.9852896462363213,1.2457204748729245,0.3266183133863936,0.35050996845735,0.205204419614563,0.13121641140342216
2014-07-15 12:00:00,DEHM_BD,0.4906353287729573,0.5072181212975643,0.4110048494851961,1.3606315078598494,0.4928716550079824,0.7947151143567287,1.4722869510392658,0.23810114136957033,0.45542196142526803,0.3285727925055543,0.15904392119731753
2014-07-15 13:00:00,DEHM_BD,0.5541541832421091,0.3255339302467368,0.3636371776988635,1.4764532504685153,0.4049541059731039,0.597317303218235,1.2769558278318798,0.15044433503548027,0.520928459319407,0.5159541631621727,0.20014620812437012
2014-07-15 14:00:00,DEHM_BD,0.627379889901193,0.27937514387444573,0.28965397202641685,1.310031251249816,0.38505681909749273,0.4444990147835527,0.7525149276560077,0.10611482979391215,0.5250971390215353,0.5278714432761724,0.21169780080035777
2014-07-15 15:00:00,DEHM_BD,0.5773005554212651,0.281117556833492,0.2187232981335371,0.8162794774820794,0.37942930087200355,0.4072147452900394,0.48577219603137334,0.10906849246599358,0.5271843260903655,0.5613183234554886,0.18890312693994024
2014-07-15 16:00:00,DEHM_BD,0.5781609295526391,0.24030186205155898,0.19605640258340146,0.6208660624356159,0.4057798686820082,0.38362736599892366,0.611936192342023,0.06979254237451463,0.3950479945626295,0.6403805275608634,0.17543913415584245
2014-07-15 17:00:00,DEHM_BD,0.5133984305208991,0.21564683512213573,0.11322335277245835,0.6254808283281972,0.41593541358020153,0.30927595124109164,0.6281021120904438,0.05697168832263893,0.2758791117623307,0.6196986515966838,0.18681239088462945
2014-07-15 18:00:00,DEHM_BD,0.46535805763937277,0.17357526449337424,0.09361344860689705,0.5417796011741891,0.38830391200619735,0.3070046004373055,0.50137146507833,0.07004388925063405,0.19529933755746096,0.5432328877794304,0.19413433851955095
2014-07-15 19:00:00,DEHM_BD,0.43774421510496625,0.09967907902930047,0.07101638411752398,0.5034643234762214,0.33249474092143116,0.40522659231235003,0.564991648783249,0.09693289319300759,0.1717570457183523,0.5219596426797037,0.19460501366775268
2014-07-15 20:00:00,DEHM_BD,0.39392774316381524,0.09895651980919223,0.05873434581241789,0.6092706037979886,0.3648619242403632,0.6069729906403618,1.2671820715464808,0.10496424364115886,0.17418688912524927,0.525570516820497,0.20139586713524885
2014-07-15 21:00:00,DEHM_BD,0.3361606841879943,0.1078744737770023,0.05587136809111264,1.3303330385109442,0.4936717559592355,0.8727659470881931,1.61926270634342,0.1027903842198023,0.13586602888337918,0.49793544463936196,0.22768784952671808
2014-07-15 22:00:00,DEHM_BD,0.2157868502527183,0.09028284028193785,0.05887923780211642,2.037631994002509,0.7426066899755538,1.1560392301881144,1.872688292166648,0.10226091231768206,0.12259921745477233,0.45545349062869295,0.25973042215123504
2014-07-15 23:00:00,DEHM_BD,0.14261795783643944,0.07979028223058253,0.06959593780378961,2.4188274761054425,1.0205845133306712,1.4785692948120701,2.0259609067411275,0.10386349545934224,0.12341191288688194,0.4064820741099757,0.28193176111384666
2014-07-16 00:00:00,DEHM_BD,0.09100880427399641,0.0680743718791705,0.08915521801594373,2.754752680690859,1.2311050522462164,1.8344835066974408,2.1789621408329714,0.11163545547354939,0.13783681625207878,0.4016336700287716,0.2863358023096422
2014-07-16 01:00:00,DEHM_BD,0.1026097888247155,0.07994864437813923,0.12978139514686982,3.0935166328028547,1.401063662518569,2.0906016981112714,2.3915081694641653,0.11773936594426626,0.14743590285558247,0.30590180880904755,0.2704576568385783
2014-07-16 02:00:00,DEHM_BD,0.1426343820368823,0.15281265404145516,0.1621771309184933,3.404485752250247,1.5345084061810188,2.2739974434355257,2.6475271903642867,0.11959853399002912,0.1623707186675816,0.16506954853415862,0.24012683093893392
2014-07-16 03:00:00,DEHM_BD,0.16392602672053488,0.2358880084004938,0.17540811818656726,3.6895754181583005,1.6503212405050824,2.4778968819658127,2.911245958724387,0.12252685981035225,0.1874408326032757,0.138338196378785,0.2022377940870879
2014-07-16 04:00:00,DEHM_BD,0.1582698712107538,0.22040837778911904,0.17182342559142033,3.6880097374527265,1.6075710478633443,2.527578469476544,2.920238687137569,0.12231532193622535,0.21398515613411545,0.2258760065530473,0.15295267624421435
2014-07-16 05:00:00,DEHM_BD,0.14754809320824208,0.1922759064558829,0.17760039048255402,2.897601055421703,1.3647913283726931,2.248626218571908,2.5127579946503786,0.1147357420764443,0.20957430622072884,0.21533280070935368,0.11707246803819887
2014-07-16 06:00:00,DEHM_BD,0.14717841576810917,0.18761359354287557,0.1878607338028772,2.640068188157727,1.1092671995023113,2.008374159637407,2.1269969372702913,0.10782769260124996,0.20695140881991003,0.20586376000019718,0.09580077576425378
2014-07-16 07:00:00,DEHM_BD,0.18203196022527277,0.19511794965831958,0.19568133637765409,2.4187700705543427,0.9178595423507248,2.102739729887793,1.9590535629160908,0.10430849888185616,0.208733247243734,0.2020426069387094,0.08451233493747126
2014-07-16 08:00:00,DEHM_BD,0.18603311241148032,0.2012456405237263,0.2088585937780862,2.104542882385016,1.0121074136700667,2.279597328791935,2.091018477937309,0.10109885645384722,0.21862567568812502,0.17996824456734573,0.07965225050251803
2014-07-16 09:00:00,DEHM_BD,0.1757538995745219,0.20819636601559638,0.2055030782307078,1.6113777785948245,1.296958435046766,2.4198783703521456,2.4105686074195196,0.09942437392642248,0.22051372841923023,0.15226633374869583,0.07844339849590835
2014-07-16 10:00:00,DEHM_BD,0.17783637570207464,0.20289241845492464,0.17098781987967196,1.2767540010616976,1.5871338423956372,2.420233637984209,2.3718758419608745,0.09419579743703355,0.22933857017375514,0.1475792993711736,0.07746369832032382
2014-07-16 11:00:00,DEHM_BD,0.18543554919343888,0.19468031311382938,0.14401524656333486,1.4663685400603341,1.6786637270628848,2.494457084747264,2.0203636780663294,0.09083276396305534,0.24116045376140616,0.14277944469516157,0.0753997070265764
2014-07-16 12:00:00,DEHM_BD,0.18377876799627893,0.16557195869383923,0.13145178962716694,1.7091397222126203,1.6600643451731463,2.5678023318260492,1.8601257048514719,0.09012530470311986,0.2536164458825344,0.12803085022886973,0.07266632808616724
2014-07-16 13:00:00,DEHM_BD,0.17970054358256968,0.13864751071936138,0.12235729410304012,1.867369833741076,1.5950394374316932,2.705395785978567,2.0817079316198033,0.09134426808110134,0.2725207749213091,0.12008903309181668,0.06863724381394565
2014-07-16 14:00:00,DEHM_BD,0.1744163824598304,0.12449114966838487,0.12135858748839382,2.107472840959069,1.460315383706242,2.748702502804035,2.3587730857518374,0.09562967560549722,0.28865116847695776,0.1110566661596807,0.06257141879233818
2014-07-16 15:00:00,DEHM_BD,0.16958854220988331,0.11513057015142142,0.14128342735502847,2.247695693590311,1.3709803616933618,2.7441301924306924,2.4834941090160374,0.10363688110987966,0.300789211724731,0.10996638639316138,0.057010469774901845
2014-07-16 16:00:00,DEHM_BD,0.16589754815035798,0.1047588090148579,0.14214435361671487,2.161652103279851,1.4255399221549183,2.617251045818359,2.595698976060518,0.11097306505881711,0.28978608253033816,0.11839278924593595,0.05191759296959127
2014-07-16 17:00:00,DEHM_BD,0.1780303813227005,0.10219864576773373,0.10928880988435465,1.974920806947205,1.4352313572499809,2.4101147823390168,2.5080657687320835,0.1217125284724539,0.2865768292446433,0.12496810391716544,0.04712473112241334
2014-07-16 18:00:00,DEHM_BD,0.16651662793977592,0.10652148257408398,0.10335291711468009,1.5450937714844692,1.424944254470081,2.2083049583908747,1.974345555316038,0.13889642011015796,0.28934365682344876,0.1346759797005727,0.04375785220540685
2014-07-16 19:00:00,DEHM_BD,0.15250411998623176,0.11459684423812634,0.10565748434006454,2.6416950389566396,1.6661222930542214,2.811184689329584,2.6127167801730153,0.15735073460212612,0.26394760030592773,0.13827863226049317,0.043390691260076636
2014-07-16 20:00:00,DEHM_BD,0.15103082334244167,0.13268411763536497,0.1652031075311868,3.835994192981206,2.030570927056996,3.1295441494176486,3.0064806870127794,0.1691388799447809,0.22851897118207695,0.13881490497265,0.043173202022532636
2014-07-16 21:00:00,DEHM_BD,0.150152413668137,0.27817631265094617,0.4102775097088243,4.949398730006828,2.4285017391783272,3.6418826100660153,3.5646657610701955,0.18102194437359914,0.1876139177953258,0.14406118851889504,0.04326027305273636
2014-07-16 22:00:00,DEHM_BD,0.1405003782027249,0.45264281858740585,0.5520696633693055,6.013815996409369,2.8516466064164216,4.101726409700464,4.610540647026515,0.18298670402687453,0.1602949809390298,0.16722832515667727,0.044133331092511496
2014-07-16 23:00:00,DEHM_BD,0.12909738269408452,0.5881961979150041,0.6281904274422739,6.864072728173617,3.2897806609561986,4.6259873619434515,6.086830523958428,0.16474449248687847,0.1415083053386813,0.25567029091995047,0.04595204769925707
2014-07-17 00:00:00,DEHM_BD,0.1282082170454213,0.748287035835288,0.881148538157908,7.286720046238931,3.6992248187489682,5.578194129946,7.764061924321853,0.15041406728167717,0.12863729573160934,0.3936968449351633,0.04850189018121476
2014-07-17 01:00:00,DEHM_BD,0.13692984945578485,0.9586027575455087,0.7194140120788972,7.331648691635634,4.066086779922815,6.872767941372044,9.228016417703438,0.1412736861199006,0.12128426377616319,0.503794508978604,0.05127294645749617
2014-07-17 02:00:00,DEHM_BD,0.15861400528639197,0.9171595753613315,0.8106878079672092,7.388843445228753,4.159706655701429,8.069355104357635,10.16822094221498,0.13686638450179597,0.11622439671433098,0.7419080570241625,0.05351395637905111
2014-07-17 03:00:00,DEHM_BD,0.21218854922765612,0.9602245429253911,0.9195693348223457,7.561749763615371,3.889701817131196,9.097202206506996,10.815058617154765,0.13750623453702585,0.1082211346110528,0.8353562945949561,0.05376394437682093
2014-07-17 04:00:00,DEHM_BD,0.3102840675788093,0.9753724672469185,0.7814318966451724,7.611948824570096,3.4387733098078272,10.017934414936258,11.315570988527611,0.1462144432980463,0.1045153377940407,0.7573717454667436,0.05153750243961971
2014-07-17 05:00:00,DEHM_BD,0.3188182704447128,0.645388645020615,0.6394018335133849,6.297822853058807,2.6800531245070762,9.286652966132776,10.153795050547073,0.16377892481586315,0.10662058727004084,0.3785567998163021,0.051264189229244896
2014-07-17 06:00:00,DEHM_BD,0.23703103207873044,0.3340256491434248,0.3183220397881741,5.1104325353155176,1.8133825660353757,7.374907559528526,8.866156816344343,0.17390481458647836,0.10735787980175794,0.15498302729708308,0.05172771252705927
2014-07-17 07:00:00,DEHM_BD,0.19920239510640958,0.1585673913574776,0.186935810220905,4.946254244877394,1.2684361002833722,4.723575967340665,8.246084980439926,0.18164545334417365,0.10843164982642722,0.11577779953753914,0.054062687560455895
2014-07-17 08:00:00,DEHM_BD,0.19532765394443347,0.11310266207767747,0.15826048976775942,4.2922512947191604,1.0989686381651647,2.4581989678253278,5.708920694070718,0.20316418871956285,0.11051756224652279,0.1325476890115008,0.05877856934993351
2014-07-17 09:00:00,DEHM_BD,0.2078256658800341,0.09340578934918732,0.2475682638532854,3.4008477143030844,1.0996040513275378,1.8943412909911292,3.7577332368745933,0.25678724886179344,0.11151128230780358,0.18374026240637048,0.06617486667056036
2014-07-17 10:00:00,DEHM_BD,0.19606532447730524,0.10491510809993009,0.43591530948568125,2.4113215192697988,1.1471218757027015,1.7219025052195227,2.926580888737114,0.32792795947785797,0.11235119091478969,0.2546356806312593,0.0722841601162502
2014-07-17 11:00:00,DEHM_BD,0.1790676075547118,0.1652168447467765,0.6039918413031845,2.228837750841798,1.2704197596608473,1.6170014230797718,2.3588051656198457,0.31077679071834885,0.1144716267887973,0.3359444733957875,0.0775589763240681
2014-07-17 12:00:00,DEHM_BD,0.179755773407535,0.2813840793062606,0.69094143868234,2.260480684673139,1.3032560716896504,1.5476226702583675,2.116618823481635,0.2418770834263124,0.12084811604729775,0.29307075042715636,0.0833476494935263
2014-07-17 13:00:00,DEHM_BD,0.20925030787907994,0.36216992445030005,0.7862820470087137,2.0643624039354314,1.2113811294214614,1.5137331009864388,1.8136900289807352,0.20371707951589654,0.13003257387433007,0.20565820810658414,0.08846563943677038
2014-07-17 14:00:00,DEHM_BD,0.2089704433372661,0.4461632459557335,0.7514461913641913,2.0390411329979696,1.2133559270638412,1.5849112580859521,1.561878439847608,0.16830030898978124,0.13551290308526182,0.14579164841207662,0.08841256204991199
2014-07-17 15:00:00,DEHM_BD,0.1960518023115489,0.6014398224219633,0.5256307229540962,2.0701467418145354,1.4782878006599565,1.8023107805123462,1.4880914151650062,0.16069183929154815,0.13701309903759146,0.12951951418377738,0.08743912995449152
2014-07-17 16:00:00,DEHM_BD,0.18758630207352314,0.6039550864114088,0.3662505215598641,1.6997799549090256,1.5399090824974095,1.7804879241863838,1.5505142685349658,0.14112202256203438,0.13914807831865203,0.139301616372262,0.0868736425629224
2014-07-17 17:00:00,DEHM_BD,0.18086578266348904,0.7519222329088509,0.2723987692159017,0.9179472984441066,1.0773418278838043,1.2093310381414448,1.4222770822314974,0.11298899515949042,0.14050159327948222,0.1581113064274287,0.0869814530590845
2014-07-17 18:00:00,DEHM_BD,0.1787174174175608,0.6566662109858227,0.2436833816344057,0.6568396428706762,0.8573327003830786,0.8102167709667625,1.0375607034849073,0.10256065788089726,0.13879032367815627,0.1564210934322505,0.09242682668028933
2014-07-17 19:00:00,DEHM_BD,0.17343693569074017,0.43831293445586156,0.22119248878408998,0.8170648686931286,1.4171022103328677,0.9094484717202274,1.2390714566350012,0.09915664704133945,0.14259600353795832,0.13465561883932303,0.10095105473907723
2014-07-17 20:00:00,DEHM_BD,0.15994126614838944,0.3098800342428169,0.2007470627653633,1.026619749092211,2.183078859288208,1.6652106038259813,1.705436213596967,0.10093200711297583,0.1493458828650526,0.1205416325229631,0.10849535087508316
2014-07-17 21:00:00,DEHM_BD,0.15198894524108897,0.3508089839579023,0.1837579258299408,1.4793368066565242,2.8282582246709964,2.7242307891760085,2.6704738551048264,0.10389872167394594,0.15695397789002372,0.1192871484590089,0.1130775104730437
2014-07-17 22:00:00,DEHM_BD,0.15388626122483398,0.4682347988164597,0.178705482132932,1.711657407608131,2.8564217683481194,3.6131868628899864,3.4491350510943426,0.10958352740579455,0.18131197626181614,0.13277826312878077,0.11440438637443745
2014-07-17 23:00:00,DEHM_BD,0.16199143744022526,0.5377994982727653,0.18736924646688008,1.9446243733102222,2.954299492265914,4.533713120528873,4.48176113899108,0.10745006938363894,0.20907360349765358,0.3006004322568737,0.11582382729104286
2014-07-18 00:00:00,DEHM_BD,0.16872866778668985,0.6163149370530763,0.2039831587467884,2.659153997794446,3.687129236496084,5.717269787211739,6.213918917097402,0.09750484861882248,0.2503903509502737,0.8891657973064371,0.11994770626784786
2014-07-18 01:00:00,DEHM_BD,0.1847819456634525,0.6707423446167554,0.19745292241496476,3.2560156537819767,5.225221514847977,7.199949115372985,7.182741651239314,0.09049473858114525,0.32343288138801746,1.9238003286698055,0.12834106973914428
2014-07-18 02:00:00,DEHM_BD,0.2743838153980314,0.6960264753345293,0.19216508373446864,3.634759697033167,6.805604548887518,8.271611329543038,7.36606733795153,0.08690070175849968,0.3719108111064173,2.4219153930748436,0.14329651565344764
2014-07-18 03:00:00,DEHM_BD,0.7318454551516398,0.6011642088149532,0.21075394172479267,4.071419557348672,7.546202280657037,8.601420962503019,7.308272441408323,0.08495234110558342,0.36688792439003926,2.351258304032522,0.16723157145742132
2014-07-18 04:00:00,DEHM_BD,1.042511963516377,0.39976258316740376,0.2348877261273236,4.272818646564805,7.382047084707393,8.199748982746199,6.684641594073902,0.08828375182270634,0.2502167510904372,1.9278372786931903,0.20935989525217732
2014-07-18 05:00:00,DEHM_BD,1.0761744668305793,0.30172864492944207,0.25012726314979017,2.8503325695506967,6.667557237301123,6.206412157709403,5.104802069315964,0.09112742225575712,0.1362800994767644,0.9457008034419966,0.24143513666306268
2014-07-18 06:00:00,DEHM_BD,0.8911308039126264,0.29268263680194023,0.24511607766469934,1.2173045716176398,5.707519773774633,4.729180631294358,3.9542461867310545,0.08731930663761085,0.12042497614568552,0.3712878839129433,0.2696914525841431
2014-07-18 07:00:00,DEHM_BD,0.6067227976800478,0.26548867505749796,0.23491153227353923,0.6335921746746939,4.812837252932405,3.510694222007302,2.7493166351784097,0.0843657570815219,0.11565119600253163,0.2600088440660946,0.28827161790926964
2014-07-18 08:00:00,DEHM_BD,0.4504353920771554,0.20170443747603234,0.23349983139988015,0.6744265759787915,3.96678266335099,2.406953789647312,1.5867133197851442,0.08143156429867265,0.11723356210848773,0.4309329743304289,0.28953870196303755
2014-07-18 09:00:00,DEHM_BD,0.4176611964560485,0.1506871064292196,0.22907930326234544,0.750823482691915,3.313221344153546,1.7687712924254873,0.9462266145993316,0.07530964463689116,0.12689544007890843,0.760821117841797,0.2768303452497942
2014-07-18 10:00:00,DEHM_BD,0.38797009967532003,0.12480336487603998,0.23045692093911335,0.7768667023251723,2.592372801123027,1.3009429171719116,0.8175362187924607,0.06810956340108447,0.13446183477790075,0.8427074350124224,0.25943350813730015
2014-07-18 11:00:00,DEHM_BD,0.3669860900683699,0.11023409739505645,0.23517789766545405,0.7478659958449377,1.935557002747542,0.9316171837265187,0.8986418904662882,0.064319887149476,0.13925174236623322,0.8829630621782736,0.2308884152922346
2014-07-18 12:00:00,DEHM_BD,0.3888884371854364,0.10197070588872642,0.22217144384272972,0.7651819317471188,1.320350060414305,0.7848321051304207,0.9184431962930293,0.06198085379407629,0.14297575578889332,0.9472163529172748,0.20783867903811862
2014-07-18 13:00:00,DEHM_BD,0.39787265095464874,0.09670924431288383,0.19540130108096102,0.732120945157368,0.9858837325755516,0.7392980383880923,0.9548919336487325,0.0629313312220573,0.14383912887699896,0.8030296778184652,0.1833117974508453
2014-07-18 14:00:00,DEHM_BD,0.42226174874491973,0.09951840876103225,0.19140915613373485,0.7493642924884962,0.8584827542450466,0.7223801476672023,0.9256454458408347,0.06743869519946914,0.1463949570077599,0.5388920656915678,0.15928598463179877
2014-07-18 15:00:00,DEHM_BD,0.3937334529175981,0.10082629017074182,0.20448079529185542,0.7818946342283953,0.8850235682848049,0.8003047506124468,0.8935515781936025,0.08343000606017703,0.1408447658627136,0.5772833257413232,0.13923471633550893
2014-07-18 16:00:00,DEHM_BD,0.3644967805703216,0.10086672596542716,0.1795076785870679,0.7966237235623982,0.7986545404986803,0.7839832996324152,0.8411925662265973,0.11341798221562979,0.13407398216087918,0.5740186915950316,0.12528242050127475
2014-07-18 17:00:00,DEHM_BD,0.34645099444812155,0.11970555275201264,0.17765342403043405,0.7138839383077964,0.713166352635843,0.633280843982236,0.7155867870639951,0.151128085217953,0.1367639868360755,0.5871194021187158,0.11604952208251423
2014-07-18 18:00:00,DEHM_BD,0.3250779051799233,0.1359124415012096,0.15850540340266694,0.5828529430197699,0.6304115909489966,0.6103907742869378,0.5972051520408602,0.17830387504975426,0.15791260907998267,0.5435048560532839,0.11371587575206159
2014-07-18 19:00:00,DEHM_BD,0.3077564431591518,0.15747545663568047,0.15993192031438724,0.49813108894352603,0.6027161214981972,0.6204731623890624,0.5611359218262719,0.1909327689369754,0.18929853782675696,0.5309340599102241,0.11765921138613156
2014-07-18 20:00:00,DEHM_BD,0.2848786106671043,0.20601430520432493,0.1823474472629807,0.47200267001694796,0.5809545733324017,0.7838413439681828,0.6925589221853089,0.20799245720194456,0.21026316849205604,0.6712494259978199,0.11826820681435778
2014-07-18 21:00:00,DEHM_BD,0.27708571650079783,0.44547355409687006,0.20770507965330895,0.45178818432539114,0.5603713103897741,1.281533138857635,1.2321916728624867,0.21878452857241673,0.22392387479450296,0.9666160695120906,0.11732536640112207
2014-07-18 22:00:00,DEHM_BD,0.2850706307316664,0.7872626068613898,0.2304716386568209,0.4243735670875163,0.5969578025410835,2.1639061368774186,1.6729617074259389,0.21766778521971483,0.22563862967969583,1.0944721615588606,0.11603722823793503
2014-07-18 23:00:00,DEHM_BD,0.31816969933583916,1.1392161371729792,0.30547710572203696,0.39533949264736223,1.0912151240187522,3.170144396414979,1.7994202055104567,0.2086695539235657,0.21705622089062104,1.3559131021283033,0.11532034127909924
2014-07-19 00:00:00,DEHM_BD,0.5547560112329473,1.4380568505946272,0.7672517119313803,0.3927741215505287,1.9311132046978874,3.956560768250293,1.4263766841233236,0.20088737535780773,0.20346536118417477,1.8758884337857415,0.11631191222317931
2014-07-19 01:00:00,DEHM_BD,1.0542354015979187,1.5378111723334777,2.054552172398875,0.4014531952974741,2.6764418178224756,4.309551023713419,1.4151112760286102,0.19549843192998206,0.18977783330469272,2.459208649415837,0.11973838643169238
2014-07-19 02:00:00,DEHM_BD,1.3596103722230874,1.437928529817327,3.609440793410164,0.38445626908759717,3.0700397433176634,4.066785857369705,1.8847623845643555,0.18921304949721965,0.17699277698788551,2.9198289447233163,0.12439165580943813
2014-07-19 03:00:00,DEHM_BD,1.359529327335184,1.3389369064194494,3.746461657638001,0.3726898333844112,3.0665698275501163,3.4739670739458592,2.0606499747467835,0.1805464319086248,0.16684876268422136,3.099337774003473,0.12977884617949276
2014-07-19 04:00:00,DEHM_BD,1.1618007784288167,1.2512882267186065,3.397578413379403,0.36073672252528965,2.547547168466187,2.5325345213499864,1.6562290627775291,0.16992889376510964,0.15136037185762843,2.6185499585117387,0.13046262804868278
2014-07-19 05:00:00,DEHM_BD,0.9102185794148943,0.8727521539143831,2.8330734349271016,0.35854100800696226,1.6082527163491047,1.4752292258348751,0.8479314450892451,0.16336554448461174,0.13175273683490205,1.4861512697956538,0.1337197300506673
2014-07-19 06:00:00,DEHM_BD,0.9257438013848871,0.5107515749414834,1.8473142742463147,0.40575917930747957,0.8460486568666026,0.5407427357511636,0.41596961491566786,0.15370264439049056,0.12505110543180398,0.762688922311909,0.13797534597960975
2014-07-19 07:00:00,DEHM_BD,0.9870476492068986,0.37990152841206637,0.9135290149190072,0.45717195734559773,0.39291114944805494,0.3421957228552194,0.44443627547631326,0.13934388269243583,0.11405774616684963,0.4934703649801178,0.14133904663729824
2014-07-19 08:00:00,DEHM_BD,0.9624561361067206,0.38650769168329646,0.49567437847015205,0.5147699864577012,0.28335387099533216,0.34726590861924456,0.47134849566974907,0.12402509704805824,0.10240018860644094,0.4414220630411628,0.14558931265767636
2014-07-19 09:00:00,DEHM_BD,0.8098160344295902,0.42763867908253334,0.4882278950335398,0.5881851465292134,0.2878180681625415,0.3699283402710134,0.5440356050212773,0.11564022388504351,0.09521176210578447,0.5305185930650413,0.1510346461942711
2014-07-19 10:00:00,DEHM_BD,0.7782328573929705,0.46739351032489435,0.6589747263638628,0.7298844654746632,0.3324162573308287,0.4323270432967947,0.6222835418946481,0.1102195229566168,0.08916296286717618,0.6930247721829446,0.14772669205007216
2014-07-19 11:00:00,DEHM_BD,0.6621673372256476,0.49045375635429744,0.8038704032165499,0.7372706609395612,0.3713704336362028,0.4644885286680736,0.7819212802915089,0.10842807355742891,0.08427240020406827,0.6523337064567841,0.14610226585566888
2014-07-19 12:00:00,DEHM_BD,0.5023258788554649,0.495133919726,0.821733554246798,0.6821020979559514,0.4006168796539654,0.50486732695983,0.8722021996770613,0.10940521530824503,0.07926993409240234,0.5907686162193314,0.15584560482140766
2014-07-19 13:00:00,DEHM_BD,0.44148333678541707,0.4934658320643833,0.78868408457809,0.6353386182652786,0.47462690717993294,0.5802059207533788,0.7584579700381541,0.12087091700053473,0.07211385511513138,0.5555711584363906,0.1729630531146295
2014-07-19 14:00:00,DEHM_BD,0.4301087700030533,0.5077931158751736,0.7663224236465176,0.5973583523149719,0.590050846297543,0.6415291756810108,0.6993038423426868,0.13261304676868918,0.06769567101473915,0.49050227886693337,0.1935151552097614
2014-07-19 15:00:00,DEHM_BD,0.4214455729043831,0.5350592977988718,0.7025896586591632,0.5578908685727999,0.6479550725432555,0.6065500440370012,0.6304532270752312,0.1418861175756463,0.06793645062204387,0.43789460139547215,0.20891357666801416
2014-07-19 16:00:00,DEHM_BD,0.4091771733545475,0.5281212905272183,0.5896955633118659,0.4793140857366564,0.6410846847259369,0.5463965664155492,0.5645979450780985,0.150264435025871,0.06718711685303529,0.4055892365288809,0.21735332485354228
2014-07-19 17:00:00,DEHM_BD,0.4010063759393418,0.5113524510794772,0.49733717816247097,0.4145499514053761,0.5583165038276567,0.5177970720396912,0.4932326716875392,0.16021864909081038,0.06469785203181254,0.38121761760598477,0.2217813176250239
2014-07-19 18:00:00,DEHM_BD,0.39561866840706417,0.49022189383945375,0.4609998357698621,0.3731714601352873,0.5024523844932519,0.5029682721073439,0.43910134909902626,0.17452993312041726,0.06611413286043592,0.36033000381634167,0.21807888671522363
2014-07-19 19:00:00,DEHM_BD,0.4171699611402384,0.4592526234414406,0.4754130644023202,0.32013368406884707,0.4776224659875361,0.4938194459796898,0.38195976591297204,0.19511052425019165,0.06810373553775365,0.3495734840078285,0.21989715301364532
2014-07-19 20:00:00,DEHM_BD,0.3933368909538443,0.4634798662884155,0.46020487481210315,0.2987762515361604,0.4694883000656263,0.4915391260259226,0.3307574070020438,0.19960837460392977,0.06422343795900659,0.34480707747101186,0.22500696091999361
2014-07-19 21:00:00,DEHM_BD,0.3450363030836311,0.5504026073204684,0.44550453041945365,0.31089409380598626,0.44790188845649576,0.7612784816319562,0.3183730143596261,0.17871092876559821,0.05999979714724564,0.3495499347665579,0.2279641663980218
2014-07-19 22:00:00,DEHM_BD,0.23518512712146256,0.5752917757466984,0.4774265924456315,0.29666445624609816,0.4428267809537273,1.5820719420220646,0.3220001143727462,0.15095861373241035,0.05809310410164751,0.37534602002310785,0.22693022143534372
2014-07-19 23:00:00,DEHM_BD,0.16596289630090225,0.5607712276730995,0.6162287411756092,0.2936905268494217,0.752127393012938,3.2592620394956677,0.3039093538233785,0.1299204626790874,0.05376205139910367,0.48311146487875406,0.22821244681439815
2014-07-20 00:00:00,DEHM_BD,0.15860311690882592,0.518071030073983,0.7610463654027746,0.3162629604663173,1.1965927624834072,5.278623257346975,0.29643253378172024,0.11786528933668151,0.04737053783878503,0.6235696193018847,0.22706960629647585
2014-07-20 01:00:00,DEHM_BD,0.1662485651537251,0.31016061633926095,0.9087280526755128,0.3262688155437105,1.010695086526901,6.951884397066416,0.5383713956053815,0.11156588775051901,0.0422422546631132,0.686284102556292,0.21752533695847714
2014-07-20 02:00:00,DEHM_BD,0.16918179323517996,0.18068244064458913,1.0132127719218722,0.3703011821606956,1.0138623010512489,7.7770488951985985,1.5394856993500285,0.10603265168349243,0.04002246564878565,0.6764057152345642,0.1974426892557972
2014-07-20 03:00:00,DEHM_BD,0.2794829273031262,0.4087554175364846,0.9530379090707941,0.756318143702305,1.1783533699629747,7.325459241922226,2.9282127989368036,0.09770485354116602,0.03827893232739933,0.6520926745585978,0.1836925970575119
2014-07-20 04:00:00,DEHM_BD,0.8398779294717929,0.4204510855836698,0.642149436201509,1.188827902266299,1.103073057498388,6.537906472184935,3.9941488285013445,0.09219588661788757,0.0435798487672826,0.6689670718632408,0.17877441654665382
2014-07-20 05:00:00,DEHM_BD,0.6805512693955358,0.15764190976016235,0.32139736212872927,1.2462029880762704,0.9413345934529322,5.408564567446418,4.193577869681419,0.09856362300563483,0.06248063929704539,0.521296152782057,0.17275009955383822
2014-07-20 06:00:00,DEHM_BD,0.45645212019291287,0.11994006113146792,0.22016326372121686,1.2930784932211679,0.6570481828171828,3.4883244377682177,4.272656972979476,0.0635375015886656,0.08351016447942922,0.36591179904995125,0.16377676121307527
2014-07-20 07:00:00,DEHM_BD,0.4220646704041608,0.1162136155736599,0.20767861573380345,1.0627682213754048,0.592177145601469,2.3467404256515167,4.034906136485464,0.04080597893817801,0.10014204887004323,0.3116271597520715,0.15054233830832855
2014-07-20 08:00:00,DEHM_BD,0.3965341760454489,0.11870080530325533,0.1956681104143111,0.6953558890844491,0.8121600630027428,1.957888638850157,3.1256417940885943,0.04125739967102324,0.10431336703343541,0.28619854040165404,0.1371327618115581
2014-07-20 09:00:00,DEHM_BD,0.3669413853423703,0.09854476799009039,0.19361748576207874,0.5020652637861063,1.1049031861684284,2.007170905975853,2.8269664188183063,0.04451228823219412,0.09837621683161234,0.2831827537460799,0.1309512619771412
2014-07-20 10:00:00,DEHM_BD,0.32530524641479114,0.1064613013113165,0.18436186109857713,0.450827572553465,1.2223852512232494,1.9481598445740855,2.2446198664491446,0.04648226585527359,0.08748638121491985,0.2861945789305874,0.12623917318617453
2014-07-20 11:00:00,DEHM_BD,0.2830494581861357,0.20111461450832407,0.22828333697568734,0.4375261429365723,1.12466891146875,1.4942711740098917,1.3449512886054267,0.05240424184055224,0.0730523953453496,0.2994910653938175,0.12090879987212705
2014-07-20 12:00:00,DEHM_BD,0.2686320354581498,0.27360697016384433,0.25182016526382606,0.45357219720837644,0.8901762226491746,1.1016299039582536,0.828780760405105,0.061233271445951865,0.06990720495560962,0.3321533104884485,0.11035478036394797
2014-07-20 13:00:00,DEHM_BD,0.2643151643648056,0.2521754809649863,0.1964661748974495,0.5160393384299413,1.0390993397928963,0.9819135597507201,0.43399442164368685,0.06906618032764607,0.0734609714874444,0.36686660743426397,0.10390858148742105
2014-07-20 14:00:00,DEHM_BD,0.27161269403497096,0.2541024000407489,0.17847425400164513,0.39773878399863044,1.1088052624841476,0.8233227646858097,0.3149761717447719,0.07596622004928696,0.08063940155157344,0.37112083083047753,0.0946141899976645
2014-07-20 15:00:00,DEHM_BD,0.31231496899286737,0.2710577888675729,0.1929231185242287,0.27837948135073987,1.035005949542918,0.5447007196622484,0.3453052912757571,0.0837436465712729,0.08862353586676859,0.34317241794349507,0.08477111148684738
2014-07-20 16:00:00,DEHM_BD,0.3532525681655597,0.27432809502592703,0.2017530923592393,0.2323588876988549,0.7656071622698054,0.5008123814138858,0.34274529984218505,0.09224593899073294,0.10211438898928275,0.2999893410528708,0.07399157488372637
2014-07-20 17:00:00,DEHM_BD,0.3555619479254527,0.27676804592890336,0.2027687425933178,0.16382702270664085,0.5950166357006645,0.5205156112309378,0.34771220152307847,0.0964852784560972,0.1226369734888825,0.2741157558781706,0.06402007127129465
2014-07-20 18:00:00,DEHM_BD,0.3201338003686721,0.28542147605681434,0.21922056003565218,0.1346461675784395,0.50647147883913,0.549743694469273,0.4528254731955341,0.09992617711261839,0.13547329561603275,0.27799019312386386,0.057873914698026954
2014-07-20 19:00:00,DEHM_BD,0.29197305663838796,0.28671608142416377,0.22857091026497503,0.20554479326845373,0.5269293796877539,0.698722755076248,0.6093885604260544,0.09971191611589303,0.14240821274507454,0.28545890663012646,0.05908865350976581
2014-07-20 20:00:00,DEHM_BD,0.29015227595606136,0.2854042133241361,0.24651066012767325,0.36437676251548484,0.7459976825729222,1.1134597393952026,1.5317252407360469,0.10142927382973364,0.1507032457064373,0.29673017594863565,0.06157616802982977
2014-07-20 21:00:00,DEHM_BD,0.3165640213939019,0.29624016298153144,0.25980607112390286,0.7662551800142956,0.9428786826777364,1.8327727972589463,2.62314268607358,0.10671030138788236,0.16182696812105024,0.2900191438703163,0.05943981360090888
2014-07-20 22:00:00,DEHM_BD,0.30575503201878274,0.3124695281518535,0.2670254916328786,1.4212392002693748,1.1084046066491842,2.2869596221184403,2.091978504069146,0.11544921788963051,0.17518167769074716,0.26443842173805976,0.060428999978396965
2014-07-20 23:00:00,DEHM_BD,0.2963534324610868,0.28748423961991804,0.2705787889322196,0.8628444553957075,1.2296297940358332,2.4694574951786525,1.406759305729577,0.12281420422362477,0.18970241080991557,0.2700055603187762,0.06321470901757463
2014-07-21 00:00:00,DEHM_BD,0.31705324477061203,0.2638108486439977,0.2571156799676731,0.39293278845755203,1.287558803863849,2.2883781611936334,0.8179709630367555,0.12697270766216182,0.2083548940956218,0.2982126492477509,0.0660579501405916
2014-07-21 01:00:00,DEHM_BD,0.3138058399329084,0.26822428276806287,0.24310428172754917,0.2243186719158748,1.2558258572837104,1.9068017410560154,0.40932440234265277,0.12837937383078182,0.22465869065997937,0.31803699109356304,0.06547598099011913
2014-07-21 02:00:00,DEHM_BD,0.32501921393331906,0.2706121861096354,0.27746085521321134,0.2096012248819492,1.1992440967829876,1.5876318825650153,0.26712300044543275,0.12839249977319586,0.22835874258154365,0.32488718780900905,0.06518155931113277
2014-07-21 03:00:00,DEHM_BD,0.3218161685315022,0.31185299882468454,0.3460597123879754,0.3061042033587288,1.125699500172094,1.2848764752732218,0.21363473001322933,0.12869166204232704,0.2227906047590908,0.3193803628758908,0.06658699569471171
2014-07-21 04:00:00,DEHM_BD,0.324092096087178,0.3199507778027167,0.3433930524438301,0.7384458999639432,1.0383683931654317,1.0551842168453998,0.31617944521403024,0.1325006400280273,0.21165400363009126,0.28453747276776237,0.06762234233759327
2014-07-21 05:00:00,DEHM_BD,0.2988884182531628,0.29497159293518427,0.2520665909287027,1.1904972994062577,0.8040016205723024,0.4740475255745042,0.5791534090078561,0.14958520177445994,0.20533150842429718,0.26104395195505337,0.06689874269630748
2014-07-21 06:00:00,DEHM_BD,0.2704934117203594,0.2962047769653203,0.25345167631397847,1.1251368354231852,0.6794121889412216,0.2057033869381038,0.7871842410652466,0.1693429696128329,0.18946572264127662,0.2523121688093896,0.06796783529810581
2014-07-21 07:00:00,DEHM_BD,0.2565860386649423,0.2687649002994608,0.2545915216133468,0.6483533698935989,0.6177995907183922,0.18129899250002793,0.5339347776661515,0.1949206093967577,0.1664828647960954,0.24557122572119697,0.06765987183767366
2014-07-21 08:00:00,DEHM_BD,0.25022961563811563,0.22776754350107847,0.2235534853557587,0.3553689367289332,0.6483353149609733,0.21511732895313637,0.21541465863004783,0.21380644086485098,0.1499486934990249,0.2509883435428032,0.06532235483634623
2014-07-21 09:00:00,DEHM_BD,0.25102424150762537,0.21273624375687086,0.16704419983592883,0.17974981889367675,0.6975883594902231,0.2780762117271868,0.10395069594133864,0.21394264344389088,0.1417669497005965,0.26015954458680757,0.06328056995943174
2014-07-21 10:00:00,DEHM_BD,0.253109852242961,0.2226291893036621,0.14316954673059276,0.1168081407729514,0.6150298469346573,0.26003789699933944,0.06376877774717535,0.20292739159321063,0.1360174522288747,0.26569493412441486,0.06167649885569447
2014-07-21 11:00:00,DEHM_BD,0.25299011192689563,0.23501954741348377,0.13436502576378634,0.2370361703203614,0.5100745039487582,0.18119739701881532,0.15504636960554827,0.19516454055911456,0.13447103672827468,0.254884453873356,0.0616491994080295
2014-07-21 12:00:00,DEHM_BD,0.2524869321248925,0.2423609734033016,0.1429682393562147,0.636881123303092,0.3631106372918095,0.12788316461719912,0.4479233123460419,0.1830735876356256,0.1298379021577512,0.2370740359835927,0.0611963606394332
2014-07-21 13:00:00,DEHM_BD,0.2557384864767526,0.24511499895281405,0.15796887078809477,0.9490444900489892,0.287905267134311,0.17282556239082036,0.7883369861104983,0.160748422201437,0.12421038103262656,0.21749212014853486,0.061019114462837476
2014-07-21 14:00:00,DEHM_BD,0.2468987066229791,0.24272367064565112,0.18532783447873444,1.0798769951056553,0.3428200456579703,0.23773322055628926,0.9140806701140611,0.1406151942824188,0.1251171220888382,0.21830932334031442,0.06203623007046772
2014-07-21 15:00:00,DEHM_BD,0.23156102979911525,0.23411040392789928,0.20292102217264582,0.8347516777392257,0.4261679243686655,0.36970463597041786,1.009647661672059,0.1279316506421725,0.13013714443774543,0.24005665516025937,0.0639863302829963
2014-07-21 16:00:00,DEHM_BD,0.2317102747773458,0.21761844872953173,0.22140129902489733,0.5403011188678469,0.47711905295307505,0.493806435566173,0.7169198201338935,0.118851281875359,0.1386953855134823,0.248507773068098,0.0695744806953204
2014-07-21 17:00:00,DEHM_BD,0.24840647647528175,0.2137256746654365,0.2289358959520016,0.3449287836900713,0.48640979638196286,0.4958745000820141,0.4218549080951307,0.11262973295793538,0.14777162310460296,0.22752502771888022,0.07525009222103728
2014-07-21 18:00:00,DEHM_BD,0.22057358207779823,0.2253301729299556,0.22572390259354447,0.3309065243023112,0.47000726391475867,0.4882704813858889,0.37930618392440835,0.10658215718934864,0.1501441959053739,0.2320932030921741,0.07786207422068976
2014-07-21 19:00:00,DEHM_BD,0.20121367955411848,0.23315008817906951,0.21802317862183546,0.35233388780374014,0.4791993116360949,0.45604576329899366,0.35751044663225207,0.1087596927065948,0.15798026299587445,0.24229231868102627,0.07811488127322193
2014-07-21 20:00:00,DEHM_BD,0.24936321524945018,0.2025331447263403,0.20903483244925358,0.39556878395242323,0.5584748133243899,0.4462882619963533,0.42197721531517435,0.11034669844684679,0.16605524890135687,0.23893622395674544,0.08132900173570766
2014-07-21 21:00:00,DEHM_BD,0.2821003294605765,0.1709566152916912,0.20495491788346767,0.5515195093769731,0.5191440588604286,0.43586947073895765,0.6730420387575127,0.10867562259851807,0.17952446809412992,0.23875515018996968,0.08587706114567259
2014-07-21 22:00:00,DEHM_BD,0.2874229439692838,0.16275267342259084,0.2685882735667827,0.6896467361001748,0.36271162268510543,0.4116752929746094,0.9467870495284768,0.10551270902803292,0.19827124114121286,0.2501454082877946,0.09096460837604078
2014-07-21 23:00:00,DEHM_BD,0.26162132330181537,0.17602918758632802,0.49536350836499843,0.6351493129910035,0.33316151226185714,0.4574974451700682,1.1537969218581736,0.10245209240585937,0.21045072303471965,0.24217338769940877,0.09628024273645247
2014-07-22 00:00:00,DEHM_BD,0.2793582356506072,0.20171297761209195,0.8624204825033868,0.6170207787750877,0.33799629868377223,0.7465288402397238,1.3871857523503655,0.09954788697619976,0.20808877536306056,0.23415120773648232,0.10081415533282553
2014-07-22 01:00:00,DEHM_BD,0.2658980057822889,0.2685569238764744,1.1463253448631712,0.7674104310933318,0.39838276832629216,1.4005842164899809,1.7213777437399775,0.09564729373777825,0.1977424825657955,0.23907528330208372,0.10584686449354502
2014-07-22 02:00:00,DEHM_BD,0.27031570976106434,0.4570921287108108,1.2676850139045805,1.1316467470884024,0.6448272788235567,1.9103201490140795,2.0583133527835655,0.09200649939882716,0.18839857636592663,0.24621410053894816,0.10744882402396752
2014-07-22 03:00:00,DEHM_BD,0.27741155960613845,0.6923256091110442,1.2901448044818191,1.5817709686078483,1.0452036654897023,2.277685159671945,2.343508021363572,0.09081811549922783,0.18241874640961647,0.24171120145304567,0.10691763248264248
2014-07-22 04:00:00,DEHM_BD,0.28260011729281853,0.8022820577238384,1.2553192735054253,1.8400920699544223,1.3329226964004142,2.4137921239867586,2.4381585835032733,0.09075743005845566,0.17408804019115834,0.23108886023449926,0.1091839170024729
2014-07-22 05:00:00,DEHM_BD,0.2672828925002691,0.4596900818848766,1.0599439812984566,1.3517783342514713,1.1266937349877297,1.9608793336582262,1.8708611966923403,0.0969485532213529,0.16434953066341199,0.22289306909107945,0.11084096186520283
2014-07-22 06:00:00,DEHM_BD,0.24939194453916438,0.25873014397077954,0.5903846320176835,0.838228180299762,0.817367876875915,1.30242257130535,1.1984791149946339,0.10510067630056497,0.15281312841234357,0.2142042471619625,0.11227258997308753
2014-07-22 07:00:00,DEHM_BD,0.24521430120326126,0.2581771902136271,0.31030703579938035,0.6855894088552661,0.6760589206459395,0.859494523920797,0.8870877860920863,0.12123860044930188,0.1463121334480074,0.21223324948122693,0.11563111370786859
2014-07-22 08:00:00,DEHM_BD,0.23806608152303246,0.2689177076491134,0.2172911329048376,0.6038712224229275,0.5420997260115388,0.47504107554109054,0.5806535606587593,0.14723809987237482,0.13415936499207096,0.2138366434240078,0.12029515753120475
2014-07-22 09:00:00,DEHM_BD,0.2300240691955787,0.27237966660004664,0.2149284748634526,0.5456272019855068,0.4493375958791606,0.28949678827004965,0.4542236866106074,0.17536898482307248,0.11242896577318368,0.21279491809750015,0.1256708010035346
2014-07-22 10:00:00,DEHM_BD,0.22372700025993458,0.26117334644169926,0.24546546230293398,0.5239102188087341,0.4015510735623724,0.2884292434868214,0.44578573011022976,0.19333339808933084,0.09472241048805627,0.2025194807921588,0.1285013685459445
2014-07-22 11:00:00,DEHM_BD,0.2200587271994593,0.22413985622243124,0.2275979282275505,0.47926535600579223,0.32599696135091116,0.3722067425095801,0.6649396113038832,0.19235678604608425,0.08284903484341373,0.1884789343409685,0.1271549817911989
2014-07-22 12:00:00,DEHM_BD,0.217265590810764,0.20442507780148253,0.2154337470147526,0.456826194844109,0.367692348093856,0.45485848464894796,0.7773705193539499,0.18411622717882986,0.07797741209019976,0.1848985570650277,0.12804660563613215
2014-07-22 13:00:00,DEHM_BD,0.20989452205562287,0.1994638225844986,0.20240516651163182,0.48069360946643735,0.4202544539200142,0.5320041754969569,0.9110384157778287,0.16274447692446686,0.07470883642431715,0.18573553110056845,0.1292565674837899
2014-07-22 14:00:00,DEHM_BD,0.20346843570044018,0.19094184959777902,0.19475785547857558,0.46387671245313333,0.5987983372351735,0.5819114949944283,0.902438327418094,0.1420886319869781,0.07331404473888443,0.1878168492681439,0.13135761342054192
2014-07-22 15:00:00,DEHM_BD,0.19413322905704847,0.18791029410382346,0.18145165836148705,0.49351331016884264,0.8025414623177771,0.6976717572490174,0.8195339276076707,0.12675342269228684,0.06691641026221432,0.18867549259970276,0.13451727579799422
2014-07-22 16:00:00,DEHM_BD,0.1914276123029097,0.18399748447204076,0.18071689826161982,0.4066127966558068,0.85842062936282,0.7082996204864276,0.767360370360696,0.11880608723816874,0.056088086481895845,0.19875619370290662,0.13864251199623093
2014-07-22 17:00:00,DEHM_BD,0.22022775345026568,0.19238375473122774,0.17968480990052837,0.3205002176351932,0.6155903425749228,0.6133893248205221,0.5914947995502675,0.12035689385804949,0.048767293603922464,0.20609040954414856,0.14093163426469607
2014-07-22 18:00:00,DEHM_BD,0.2354297788999952,0.2577933818981547,0.17608734460806996,0.2859193062455242,0.3912650129339389,0.44153666817107023,0.3908869483852591,0.12353955531843147,0.043632363598863355,0.20532065113891448,0.14310224890364673
2014-07-22 19:00:00,DEHM_BD,0.21579231573024765,0.2825221243443755,0.1781457043631518,0.3215242709105212,0.31364662962899875,0.3438842059925867,0.3253834898496567,0.12513106945528293,0.04579803723926149,0.2117860066493712,0.14948404696989567
2014-07-22 20:00:00,DEHM_BD,0.18677826279345258,0.28538039853711145,0.18164864820753418,0.35516549160071975,0.2815983379619603,0.33954348475282004,0.3177463105380521,0.12378172754324414,0.04924201081509193,0.23562953045599466,0.1549335645660129
2014-07-22 21:00:00,DEHM_BD,0.16905925359985147,0.29905938729516907,0.1800619640315271,0.40143169160322556,0.2739425418453755,0.35827428918312637,0.5339580150458272,0.11037526141260162,0.056517921453628356,0.2442373102778014,0.1586846784475525
2014-07-22 22:00:00,DEHM_BD,0.20821742221367817,0.3158001022227099,0.1927523542421305,0.7245390986207367,0.2775826555723975,0.5230333268126471,0.9696135347730852,0.08011878514238313,0.06970440624764436,0.2670921348640266,0.16163037433846558
2014-07-22 23:00:00,DEHM_BD,0.24806497444913483,0.3665834116955166,0.2638870007255309,1.1053118804814606,0.2877236324080055,0.9711409354624383,1.3624591847412963,0.06038038916908261,0.08503380215591684,0.3232014966067443,0.16401628719009131
2014-07-23 00:00:00,DEHM_BD,0.2852193892214475,0.45649197602164704,0.42225541391454025,1.1845708191826998,0.3093788299491278,1.4304158700571024,1.67015174394696,0.05642900869664958,0.10472401122140973,0.3586317418846896,0.16559231606836355
2014-07-23 01:00:00,DEHM_BD,0.30851604021851126,0.5136046058350836,0.6555246978468804,0.8055904356252905,0.3754256833828297,1.6322389979367464,1.7772871634500391,0.05663127364553063,0.1378866858892705,0.3463910262638618,0.16549884483172167
2014-07-23 02:00:00,DEHM_BD,0.3339132655912178,0.5187432010531177,0.7958033001223668,0.5051145592735531,0.49763207275875243,1.6818143212439178,1.8192188195789494,0.05453789563382732,0.17863295412190924,0.3242437817770312,0.16383691246740825
2014-07-23 03:00:00,DEHM_BD,0.3749863987493351,0.3942506092376821,0.9512181487953438,0.4032746253671252,0.5205278085674356,1.8293700520469793,1.8760187488227593,0.05732501997759821,0.20911581566415963,0.30788202538537446,0.1608792555204779
2014-07-23 04:00:00,DEHM_BD,0.3603267593811324,0.19996364587713258,1.1377663678753223,0.4055217948746336,0.5134136698922712,1.878423665033408,1.8195182294865742,0.06038993908253486,0.22382957510665746,0.29304847884457347,0.1501024445012387
2014-07-23 05:00:00,DEHM_BD,0.34125432668783223,0.1285112340155707,0.9939136407085027,0.3427655476328503,0.4550833221418002,1.480679096058987,1.3093119415988796,0.06481273249337574,0.22705746566306392,0.2715777748800452,0.1379486166317996
2014-07-23 06:00:00,DEHM_BD,0.33101391526496476,0.16398778357341876,0.4922247989602025,0.22694607550356988,0.41870926982388124,0.7726839006599004,0.5100431877895317,0.07426979326628781,0.23256666460323752,0.2526671481003099,0.14032424791260187
2014-07-23 07:00:00,DEHM_BD,0.3204961050542278,0.22623094797610768,0.2342582541111436,0.22231189816885968,0.38936883620924767,0.44797326763355927,0.29503921747466894,0.08466612991358496,0.2312723593747057,0.24228570044161854,0.1388471002464645
2014-07-23 08:00:00,DEHM_BD,0.3056577614894656,0.2771576247621117,0.1413841780757414,0.24960195872103316,0.3405333261038339,0.3151605507086308,0.27624755287897174,0.09327619605573587,0.2256471263177158,0.2406108465758531,0.1334325620538859
2014-07-23 09:00:00,DEHM_BD,0.28985934917841305,0.28933691841339076,0.1417466397736695,0.2823487123117991,0.33444260498802164,0.29351915912646787,0.2822891329989395,0.08618635876609743,0.21168655318296967,0.2398711772170316,0.12887312612739096
2014-07-23 10:00:00,DEHM_BD,0.2831584406065097,0.2748316802840655,0.16179685752639344,0.3226859034477872,0.3597789776849838,0.3107085743835218,0.29549176385039916,0.0759382688819272,0.18495088886603767,0.2240802918428888,0.1243609174534303
2014-07-23 11:00:00,DEHM_BD,0.28377664076952225,0.2588321494268072,0.21524535439910034,0.32610688531905746,0.36715803580045225,0.34460181119393085,0.30524673474203545,0.07159361103901536,0.15638177791711252,0.20947110308909175,0.11885459249197684
2014-07-23 12:00:00,DEHM_BD,0.2749546652032137,0.2417974236505306,0.24413972082840732,0.30197366853745183,0.34932398429610517,0.357607992338722,0.32778894693727,0.07202171388692172,0.14400211837693344,0.20275776420000627,0.11176424955694408
2014-07-23 13:00:00,DEHM_BD,0.2782212491201052,0.2353739032834401,0.20430147760738723,0.3141623626929457,0.32826010298431607,0.4035333491534896,0.37764904350900086,0.07323401987824323,0.14089249211686414,0.20382532926811361,0.10409079498262064
2014-07-23 14:00:00,DEHM_BD,0.36976734468005334,0.2274911160919077,0.17819995992048393,0.32439494153223225,0.33020981406699396,0.4540766026085964,0.4404069841260986,0.0738803722164707,0.13375734216071766,0.20108904380117182,0.09584374573924005
2014-07-23 15:00:00,DEHM_BD,0.44487195555206543,0.2115464333209349,0.1662776729642994,0.3596500743980792,0.3786217882278235,0.48538425351486125,0.5480174366723833,0.07481787995824753,0.12750363155882388,0.19790669473892855,0.08920197911162037
2014-07-23 16:00:00,DEHM_BD,0.4486608149248693,0.2012948230986846,0.16042849663812336,0.31278471440603656,0.46293509585950515,0.5370065945487402,0.5909468778129392,0.0753571367047462,0.12443791085383943,0.18362590541968202,0.08549819697206673
2014-07-23 17:00:00,DEHM_BD,0.44830561232887206,0.2140864102092206,0.16453054108350565,0.2412657886269062,0.46853376895033627,0.48177314144133093,0.45379102205226596,0.07602240367290862,0.11765488812385261,0.1747012899925752,0.08639121371641009
2014-07-23 18:00:00,DEHM_BD,0.4292592521078127,0.23180002218558374,0.17411462305127764,0.21298710748755895,0.4422680326373164,0.3736475009129675,0.41971823260384417,0.07587097454064859,0.11868254250249763,0.17995971465010543,0.0887885081669865
2014-07-23 19:00:00,DEHM_BD,0.45161136259035367,0.2525838152870903,0.17937387755740775,0.20548262207727797,0.41278388973479263,0.3388450915239192,0.40490150454589785,0.08115923244113266,0.12366263828335712,0.18206124969422996,0.09217012373164596
2014-07-23 20:00:00,DEHM_BD,0.3605809862817302,0.27136223784454433,0.18397444121588813,0.21798432249604816,0.3768752205915189,0.37054640916390225,0.6911870905921905,0.08462740997629285,0.12865873995443605,0.1573969784535273,0.09521715978781548
2014-07-23 21:00:00,DEHM_BD,0.23542798712668453,0.2717589829002725,0.18798925489398896,0.23360392890414677,0.35521865797790686,0.4285846643407005,1.048012930579369,0.08289425739395186,0.13039590488826952,0.13025019043217384,0.09790397958901625
2014-07-23 22:00:00,DEHM_BD,0.1800660566195833,0.2632847426661071,0.1937604780268275,0.24168633857358396,0.36992618380944114,0.7553406057402343,1.2878558908548543,0.08270855315635853,0.12949890208155712,0.12706599189952233,0.09935741099163352
2014-07-23 23:00:00,DEHM_BD,0.16476427794846407,0.2767418333596016,0.2006800827035974,0.24601979651963038,0.4038151747507787,1.3186125021992599,1.5410786770111233,0.08363864117052863,0.12529834338474102,0.12939304169816698,0.09990311653789877
2014-07-24 00:00:00,DEHM_BD,0.15068524630436314,0.47184712314316235,0.23526227884932915,0.2544673863904183,0.42037558236483935,1.7352170649807181,1.7161571655318117,0.08427905083624503,0.12214842090744576,0.13339482278622683,0.09991960482922642
2014-07-24 01:00:00,DEHM_BD,0.1449977039383995,1.014624530396123,0.2745393906298996,0.2664109586221334,0.43475452137990145,1.9190909650194725,1.7264344768043671,0.08485594643377047,0.12196899964447254,0.1394347518775065,0.09943277059092993
2014-07-24 02:00:00,DEHM_BD,0.14906448304278758,1.0919258643760026,0.40764955343985365,0.3472136912750925,0.4878936351663479,2.0128952288006543,1.816181335568272,0.08101320690650024,0.12376432044362033,0.14467439607554164,0.0984452954800904
2014-07-24 03:00:00,DEHM_BD,0.15664586150509752,0.7074603041828671,0.5897216880077187,0.5302320183285223,0.5976673677217703,2.113630570583118,1.9886965082026964,0.07599426982472907,0.12552223410733637,0.1465439616859601,0.09623032984011975
2014-07-24 04:00:00,DEHM_BD,0.1643875902811693,0.3709922688882853,0.6112388580382198,0.6823214416879025,0.7484962804322106,2.1414218232700364,2.0630938650509973,0.07021097783425236,0.1270268337005201,0.14648714829872542,0.09031487501563631
2014-07-24 05:00:00,DEHM_BD,0.17040241424679978,0.18252237399277005,0.7030295314367574,0.5689516532667713,0.8168341294936579,1.6813704571667565,1.577885553792362,0.06946523782371439,0.12747059345525477,0.14812769312343674,0.0863700981726809
2014-07-24 06:00:00,DEHM_BD,0.17348361280538918,0.1420114741743122,0.46125124759760294,0.4305316694431076,0.7788251687151007,1.2121170037336477,1.0677807953037461,0.07155857460160722,0.12806268332365048,0.1483585479296952,0.08490459682907558
2014-07-24 07:00:00,DEHM_BD,0.17620558111357837,0.13444337977970594,0.22449685690214613,0.3801187036394647,0.7718906024694722,0.9795407109422356,0.807229924506928,0.07581461555127898,0.1288264018158602,0.15325597285444267,0.08432227911149201
2014-07-24 08:00:00,DEHM_BD,0.17945215028145406,0.13863103258924522,0.17644679166074825,0.3932174071892256,0.7316306569177703,0.8458498793652816,0.6862111879462294,0.08691086860386847,0.12743217501352705,0.1645135177272543,0.08252227291286642
2014-07-24 09:00:00,DEHM_BD,0.18082447703345167,0.1477542889621528,0.1739097259413334,0.44120244280393217,0.7001680747585092,0.8460522109827306,0.6352710423270519,0.10034562348011901,0.12151069721790762,0.18423455980668207,0.07940131628352472
2014-07-24 10:00:00,DEHM_BD,0.18279659133566653,0.14810242574874524,0.13238064985116943,0.5385070614551869,0.6531315619638981,0.877012364361214,0.6279911603956552,0.09802281136145863,0.10891594880623462,0.21225332231366414,0.07685059281243976
2014-07-24 11:00:00,DEHM_BD,0.18664898136174743,0.14861346597975963,0.1111963073645636,0.6019546626613614,0.6575472686978476,0.8604126323294977,0.6418821112380071,0.09588118439347723,0.09599283222356415,0.22975718786586044,0.07316052699585916
2014-07-24 12:00:00,DEHM_BD,0.18878390136676587,0.15408616227004254,0.11419856948239475,0.5879140558100316,0.6815748622577078,0.7695275858570798,0.6075899090888094,0.09842028486931377,0.08730497259564288,0.23611769925764697,0.07123441786445765
2014-07-24 13:00:00,DEHM_BD,0.19487876982093438,0.16292855416048369,0.12369976982542767,0.5164321403948111,0.7021310395058663,0.7063456136734597,0.5515756395733065,0.09795339676081047,0.0859712549507861,0.23866788446887147,0.07095886496715988
2014-07-24 14:00:00,DEHM_BD,0.20112273948490603,0.17992650052678852,0.14037159712769315,0.4477930806409322,0.680239581417921,0.6479768719151136,0.4780247647983074,0.09432782392441932,0.08785435580791912,0.24387126070867987,0.07085999955595458
2014-07-24 15:00:00,DEHM_BD,0.2075117786770204,0.19329639313438202,0.15762399816532613,0.4243622153205685,0.5660791240725014,0.5606133076131747,0.4232777075699355,0.08771949772696766,0.0883390289245823,0.2493610207858588,0.07027529334797854
2014-07-24 16:00:00,DEHM_BD,0.23484674012684417,0.19575208662209073,0.1741861401088177,0.3728258056279643,0.4438956263529626,0.4521756080444552,0.37078935731890894,0.08684151348837732,0.08940050207113491,0.25394067001820214,0.06894305102450728
2014-07-24 17:00:00,DEHM_BD,0.3117299531649412,0.18995658814581026,0.18556723470226044,0.30704838482997415,0.41135667055517416,0.34141436016139115,0.32029326811507164,0.09428299549719323,0.08869636166227216,0.2548733913227569,0.06574651778532455
2014-07-24 18:00:00,DEHM_BD,0.35565378656643665,0.17900084479562586,0.19120272358962,0.2662900685590677,0.4259629981124214,0.3052284388527134,0.26559591969872015,0.10865536279920304,0.08753155217185742,0.2506516236012771,0.0619766700220362
2014-07-24 19:00:00,DEHM_BD,0.3162189379422815,0.17400664731197402,0.1908016864520569,0.21777562907179224,0.39449313844604744,0.2892938181146581,0.25412855261346223,0.11901766614302298,0.08859388197715284,0.25121952581292595,0.06107954733766117
2014-07-24 20:00:00,DEHM_BD,0.2727012579405159,0.16817236054237145,0.18947705212271646,0.15661292958866616,0.38241973060397416,0.31083033635125784,0.26611685477379576,0.11527500184268179,0.09207227889831777,0.2546398350496471,0.06067240942368086
2014-07-24 21:00:00,DEHM_BD,0.2850150692926887,0.16018140655550703,0.18503136462696218,0.13354938776096845,0.3683751694091373,0.4366194343556319,0.25620054927894775,0.09983917387613471,0.09979919068398689,0.26045712528977194,0.06152156745383304
2014-07-24 22:00:00,DEHM_BD,0.2995341881002193,0.19315856102084772,0.18227277614031925,0.12302057316681358,0.36859345885171313,0.8372217517894327,0.22662296210200678,0.08848907450054838,0.10965039670367907,0.25805208376834937,0.06352870103451311
2014-07-24 23:00:00,DEHM_BD,0.30718954759578593,0.2550573813686518,0.18367135821855843,0.12895744171456228,0.44855005922148705,1.2496716594427697,0.2604983831425528,0.08870852093166902,0.1190676243498085,0.2497852242063887,0.06554495838821378
2014-07-25 00:00:00,DEHM_BD,0.29345786373116955,0.29060504594546693,0.21700250105452631,0.2289459406206994,0.6929042104917427,1.4823459663892933,0.4437567684833379,0.09364721383793016,0.12759771903894554,0.2414390257684942,0.06695533792277636
2014-07-25 01:00:00,DEHM_BD,0.2852318014446582,0.3534989249651701,0.28413996552375237,0.44359141085922105,0.8431805840066203,1.6457941460991985,0.6978746326376731,0.09611936465660788,0.1339204985971309,0.229536176100623,0.067783590850154
2014-07-25 02:00:00,DEHM_BD,0.28105248951949385,0.4162702894365702,0.45252505818190325,0.5496083014160615,1.0515734033836341,1.875367742810168,0.920064260358356,0.09682432141298651,0.13816320978441168,0.21470353507587236,0.06846860501376632
2014-07-25 03:00:00,DEHM_BD,0.26698004304340506,0.3637435482196969,0.6129692158527404,0.6392091607365918,1.3560872278408254,2.1315534284271296,1.1988350401681482,0.0925241379917141,0.13992938012444794,0.20615491200660005,0.06908787898952319
2014-07-25 04:00:00,DEHM_BD,0.25004941102387496,0.5536697589966078,0.802620400522332,0.6337775090177772,1.3255772005226067,2.1116464514871915,1.3566512753194726,0.08396342982476632,0.14138373920462324,0.20015855320555329,0.06629383851330845
2014-07-25 05:00:00,DEHM_BD,0.23187055668091378,0.5095038202209675,0.665363564032248,0.40536853194444544,1.0336743607590662,1.6025411730888561,1.1965698685994388,0.08317205803536684,0.14575887881698638,0.18708236561169028,0.06485816346154746
2014-07-25 06:00:00,DEHM_BD,0.22833940598625801,0.2855999744390893,0.600126674377607,0.3375085246569168,0.694943504132938,1.0491578800697798,0.981654625436573,0.08865453537487165,0.14312196785063583,0.17132450957244366,0.06916182973501114
2014-07-25 07:00:00,DEHM_BD,0.22514725383484846,0.2575082511539663,0.48453415073413514,0.3893889013854378,0.5772941684474713,0.9583844332895068,0.949415662649318,0.0894470528344523,0.13561946790756874,0.16641256446038136,0.07187431626383432
2014-07-25 08:00:00,DEHM_BD,0.21451415188653677,0.25510049734353923,0.2974172661517489,0.37847914320543574,0.5995067798858054,0.8661973575025058,0.8443680758704949,0.08462058311342271,0.12482637089974705,0.16960111806486441,0.07384529760607283
2014-07-25 09:00:00,DEHM_BD,0.19919006578137255,0.24442390263014369,0.24314291337150953,0.4542723799557916,0.587720635143814,0.7318405214939702,0.8941618191113947,0.07778842769106281,0.11859761152090298,0.17730578715216605,0.07571493631888783
2014-07-25 10:00:00,DEHM_BD,0.18634439461227056,0.22945655529494768,0.2371366891899668,0.6078515435958223,0.5828168313368525,0.8064733574027854,0.9742175209553959,0.07420285136562965,0.11550643221383444,0.18888076178370075,0.0770603307035934
2014-07-25 11:00:00,DEHM_BD,0.181848321352019,0.23024640545607825,0.22984793039531662,0.7123961597859556,0.6677784443594631,1.013512015528169,0.7863197350977171,0.0756048018500284,0.11366930661094367,0.19470318416856128,0.07701678525679466
2014-07-25 12:00:00,DEHM_BD,0.1859484356558463,0.22517728728871833,0.22979927114889773,0.9200644261284079,0.9537406303070393,1.0059244058309746,0.857788642134991,0.08031323199343596,0.10909201438751287,0.19098051330738083,0.07749646671802006
2014-07-25 13:00:00,DEHM_BD,0.19956957504917075,0.2049963058137604,0.22494374243410475,0.6689677361764409,0.9966188765173232,1.0596188383380667,0.7048175586265376,0.08149416479876972,0.1028643915514717,0.18445320728924172,0.07746573087209654
2014-07-25 14:00:00,DEHM_BD,0.21898270096617395,0.19678922073011415,0.22450916383796507,0.344014958302023,0.9324993864677427,0.8873247381318782,0.7244375056475794,0.08250067789184075,0.09469530686298029,0.18237610833739093,0.07724888717806004
2014-07-25 15:00:00,DEHM_BD,0.22617768495410961,0.19122925835710408,0.22145286808114517,0.25586249420516854,0.9048018325241538,1.0868772823641497,0.7195199097304389,0.082104988193324,0.08775314742320228,0.1747641498285772,0.07797725691108562
2014-07-25 16:00:00,DEHM_BD,0.2198590650690965,0.190195188265978,0.2185687255378469,0.2350715656554057,0.63054787414934,1.0228637110661376,0.5456554138583078,0.08151423537748327,0.08148847047305764,0.15472836800531906,0.07883206097791622
2014-07-25 17:00:00,DEHM_BD,0.2011134364140695,0.19284861227350222,0.21235951397785405,0.19855385114494273,0.5003823854717239,0.7318912648113938,0.31640448397913173,0.08590837247566216,0.07570031466828417,0.14866140807403128,0.0785135712938759
2014-07-25 18:00:00,DEHM_BD,0.18489760480206274,0.2016818470791035,0.20142185236791924,0.15307864372014143,0.46671998854653196,0.4665084826158609,0.21235684046098832,0.09070184607244504,0.07410386450426633,0.153238168311428,0.08223225089996752
2014-07-25 19:00:00,DEHM_BD,0.17264108308629839,0.22934930319324848,0.1891342015980664,0.13269184062566933,0.3685918810012027,0.29577331021321324,0.16513334982322186,0.10154951117255916,0.07448183531371907,0.16443240323530903,0.0884658836101223
2014-07-25 20:00:00,DEHM_BD,0.1764900786972659,0.25403607107081777,0.18216935573241458,0.13461254777632395,0.3505235710275847,0.18712983002702172,0.15903359282373944,0.10858656536023466,0.07687024315027319,0.17121074793117733,0.09703408469443046
2014-07-25 21:00:00,DEHM_BD,0.18200929859624046,0.24315742008079141,0.1954334075729458,0.33104416331152087,0.32119706289557964,0.14998928995164407,0.41084769065728066,0.10631782386767909,0.0780548833731044,0.15550863595126627,0.10807082748530125
2014-07-25 22:00:00,DEHM_BD,0.1754314991524633,0.22518967100996592,0.22878183602574564,0.7902171277166516,0.27993628746244587,0.49809852098421825,0.9628360921066771,0.09495474964936368,0.07615008767015093,0.14502101489875513,0.11924526971477908
2014-07-25 23:00:00,DEHM_BD,0.1617808461867594,0.209632945833216,0.25748752233204225,1.2169753916077868,0.34234286220920257,1.092874027734596,1.412574784881479,0.08220676589614717,0.07206919330907131,0.1439931764326443,0.12880446826116076
2014-07-26 00:00:00,DEHM_BD,0.15313983240740722,0.19576286074748517,0.28241852159131464,1.5933931254049436,0.6213415753663529,1.6782766633182602,1.8081104540381665,0.07502845524739818,0.07008006392462528,0.15181758061005515,0.13533310847993096
2014-07-26 01:00:00,DEHM_BD,0.1521812453923257,0.1771964277642306,0.3427007396891245,1.9732391195319265,1.2313220178929598,2.1735011775027817,2.231811411383573,0.07215071457619848,0.08078587648787099,0.16312780704365204,0.13907616609083526
2014-07-26 02:00:00,DEHM_BD,0.16591501195188835,0.15830820362079,0.42140029423554093,2.315188565045695,1.839117012804269,2.5863176628140776,2.650680945563418,0.06856968820039672,0.10766636674570719,0.16872399276069747,0.1412369349993771
2014-07-26 03:00:00,DEHM_BD,0.17990096068110534,0.14037200781932646,0.4340199751364103,2.6463765354255537,2.38172567337777,2.9064981482099586,3.0817224670852457,0.06566928079548162,0.13514874713851482,0.1755412622635291,0.1414988350258476
2014-07-26 04:00:00,DEHM_BD,0.18727053489547388,0.11947518787737302,0.33134737375278867,2.5990523048188114,2.419352309058092,3.018124570373156,3.372487393298228,0.06650904778498552,0.15544449105761124,0.1808648522413033,0.1390538826513534
2014-07-26 05:00:00,DEHM_BD,0.19555113116731745,0.1134034591729074,0.1850326470060427,2.0688332851639486,1.8386264844903792,2.698666128565479,3.2834313942888387,0.07023126433583428,0.17829964423117223,0.17511796142277064,0.1357873568013616
2014-07-26 06:00:00,DEHM_BD,0.2024939772015356,0.13161106560852043,0.14763454313337557,1.6939938824135479,1.317762382349734,2.474110938451606,2.990687070402181,0.0743483054782692,0.19439510744758642,0.15903484944575916,0.13299887032337127
2014-07-26 07:00:00,DEHM_BD,0.20567292243464144,0.15450076832353551,0.1420954372218547,1.4008639998128725,1.0110277080740988,2.334681131863314,3.11010728494289,0.07667422496607744,0.21055555610576857,0.14433897323243022,0.13087082258665286
2014-07-26 08:00:00,DEHM_BD,0.20612373486281252,0.17548061208384394,0.14747447560110633,1.417452027515179,0.6758156167289474,1.5688536160936697,2.994775651358436,0.07931159719277726,0.2203353344154031,0.12803682697326743,0.1282620787105787
2014-07-26 09:00:00,DEHM_BD,0.198518292874952,0.18663554486222916,0.15696580052296857,1.3833668526304244,0.5263913014408574,0.8519257082634137,1.9927525384065206,0.080161946657702,0.21239077005486232,0.12477313108777843,0.12506241900132556
2014-07-26 10:00:00,DEHM_BD,0.18580719616142,0.18833209920394975,0.15673895410426483,1.208592841622445,0.5288440546462776,0.6083196321908755,0.9073186727503244,0.08432942887440147,0.18821313870067236,0.16826233069666183,0.11863484388407614
2014-07-26 11:00:00,DEHM_BD,0.18666375194575546,0.19311082082958275,0.1567835785684923,0.8544735200495598,0.5651919285795091,0.6346407063920656,0.32339155655405943,0.09048345260813256,0.16540069868673796,0.24222089989153192,0.1096659049816227
2014-07-26 12:00:00,DEHM_BD,0.2220869836175581,0.19342458020063594,0.1597610206486264,0.5277176707943609,0.5313776821400595,0.7970771708618081,0.149744571576665,0.08882276945678083,0.14451237658801933,0.34866168679996856,0.11122879489134532
2014-07-26 13:00:00,DEHM_BD,0.3084223896974002,0.17599322549182003,0.15925367898480527,0.2977156340319621,0.4185759924064948,0.9538396511103411,0.10480032437706585,0.09593813923501783,0.10805639045403387,0.4289145601279707,0.11504471504262542
2014-07-26 14:00:00,DEHM_BD,0.37617771754848456,0.177467480698674,0.15320569317373228,0.1513285030888619,0.42317960225753004,0.9262401189679268,0.09189966446192747,0.1198007603119482,0.06615625603917197,0.46611785569266856,0.11983314396748568
2014-07-26 15:00:00,DEHM_BD,0.32702507377841217,0.20076118377945523,0.1471310268701008,0.12864672441045483,0.516124011491183,0.6535914682900255,0.07606782783237623,0.16408740615805523,0.03963347150413365,0.5305272657974017,0.1282911485606766
2014-07-26 16:00:00,DEHM_BD,0.3078080548990943,0.1682188538724283,0.13234309266809174,0.16984556302344153,0.5963859460250451,0.4548021864031988,0.08089701306016574,0.19525622434737352,0.028744179390582686,0.6231561847552587,0.14229098297105996
2014-07-26 17:00:00,DEHM_BD,0.45673825555481473,0.12993244615273256,0.11590867732780337,0.18087769001269638,0.6128898692729976,0.3847327930971175,0.09840591288849587,0.20935606635786466,0.025981355379585507,0.6976119833391113,0.1526713504956572
2014-07-26 18:00:00,DEHM_BD,0.40599215307421965,0.155341422346329,0.16116346889219912,0.15402486473018367,0.5669651895533432,0.27846104044715897,0.1234308593862532,0.21851726007901165,0.026414876419880006,0.6628079174739059,0.16622029767814664
2014-07-26 19:00:00,DEHM_BD,0.5331637843226711,0.16448680019923806,0.1879248767034435,0.12374191063819774,0.6219471236025891,0.31298165684687357,0.3083809793677461,0.24063080670756157,0.026896783675653218,0.602311532182432,0.18216253029779064
2014-07-26 20:00:00,DEHM_BD,0.6740164789162107,0.21469764306165975,0.21430912191338533,0.379462182345779,0.8604839636841485,0.6682407362690743,0.926628224350001,0.25543979681133916,0.028148146963914274,0.5221215055280123,0.1936950257839704
2014-07-26 21:00:00,DEHM_BD,0.704441988531439,0.24707014768408078,0.2564772565033936,1.3249744007234336,0.9535258123927564,1.3501955720842047,1.574529478965365,0.2528841104750132,0.03326766390739113,0.4514112433352038,0.20441797561897196
2014-07-26 22:00:00,DEHM_BD,0.6654463473595567,0.37558988103081653,0.34691204905852635,2.3431860378797698,1.1043293077606613,2.095270605077144,2.2197300841518315,0.23941181617123938,0.06413678132682185,0.417451313449148,0.21190912226328965
2014-07-26 23:00:00,DEHM_BD,0.6111659624397981,0.7286849463128912,0.8389579523453143,3.2300727003862257,1.2945127254013715,2.904838965781746,2.7827141258119794,0.22672733041578452,0.12937521963173668,0.5597997214082673,0.2153085756822995
2014-07-27 00:00:00,DEHM_BD,0.5664448600880394,1.2039368361422795,1.488815514916705,3.7833090993884833,1.253971979174316,3.273536360439892,3.165891657509209,0.23210115553344918,0.20624048069777157,0.6433207437284755,0.21586528669188051
2014-07-27 01:00:00,DEHM_BD,0.5319538300951867,1.676758764888163,2.0626336064870396,4.074373151617183,1.1762662501984833,3.33811859172286,3.4755521586122757,0.22262454746508833,0.26554987871751695,0.48152748451860605,0.21385636226746227
2014-07-27 02:00:00,DEHM_BD,0.504673495520535,2.206651465550636,2.683528297474533,4.242696491544022,1.145461343602538,2.9509779793728703,3.8331764536536896,0.21458954160178506,0.29438032145926685,0.4635082590928672,0.2100585010055965
2014-07-27 03:00:00,DEHM_BD,0.48577576799838273,2.6899514707031678,3.046522374949667,4.1905267279955645,1.0867065480583906,2.378393874899112,4.477773444756861,0.2256887691267043,0.30187447233963804,0.44494517042286685,0.20440109050591937
2014-07-27 04:00:00,DEHM_BD,0.4561684214224072,2.7668550724520458,2.822938499523628,3.927667618473773,0.9776883580648897,2.239266917987745,4.434620651945053,0.2191493315273453,0.3085664627799298,0.40295051294725376,0.19783762203858687
2014-07-27 05:00:00,DEHM_BD,0.42982412906241485,1.866481303431911,1.8915886734222336,3.4071385369404266,0.9323558994162082,1.9538616112480314,3.0476025715346817,0.16284300948183505,0.3185291823951154,0.3657413101344834,0.18907289243947945
2014-07-27 06:00:00,DEHM_BD,0.41885139073282235,0.9618632846497942,1.1332764849626653,2.8506992247151164,0.877053704931736,1.5579109862250835,2.2241628206909727,0.09815377677644586,0.3344036471682293,0.35216534778426384,0.18055123148990795
2014-07-27 07:00:00,DEHM_BD,0.43413912296940094,0.5933878078017336,0.6769366473228409,2.234756034694148,0.8819723926717042,1.3848836544462293,1.720723854236668,0.13463336168523857,0.37182136916404457,0.3170395063163665,0.17143233692715112
2014-07-27 08:00:00,DEHM_BD,0.4701970753545126,0.43737547013930966,0.4483080714024848,1.973124034459472,0.8954284316173196,1.3138565772666224,1.577416496329601,0.21816836760160496,0.43248632581543817,0.34176975180789115,0.16836554999429712
2014-07-27 09:00:00,DEHM_BD,0.5011629802119544,0.3390294082405417,0.31779889230210434,1.9160217793264054,0.9408682507923245,1.327982123980187,1.6186466141746099,0.2660645609192247,0.4746912897207976,0.42308269873188564,0.1764142684440689
2014-07-27 10:00:00,DEHM_BD,0.5388377412648685,0.38040006444933344,0.17169358255074577,1.9660080223608247,0.9481529748907684,1.5247963492919225,1.690315385463828,0.31184516799393386,0.47629985866956526,0.4466138073022156,0.18463093605215786
2014-07-27 11:00:00,DEHM_BD,0.5904607940319924,0.5269468124349578,0.1373301146511523,1.945820504245658,0.9474227704319358,1.553480863055326,1.787427275702341,0.4550874811264532,0.43434960917331744,0.39660780964791664,0.16393043164084195
2014-07-27 12:00:00,DEHM_BD,0.6307188545098901,0.6857224616350361,0.11733730343168086,1.8490465165933176,0.9956910703421384,1.2408932707046438,1.6718780337477144,0.6660411997236094,0.3628636372542147,0.3012330015247804,0.13125969519992303
2014-07-27 13:00:00,DEHM_BD,0.667001369345337,0.7153746383074158,0.1377337786509165,1.6045446289720835,1.0558938218356668,1.0093758957131858,1.6488185023296174,0.7457974571221758,0.3010281257660476,0.15680047399569555,0.12727025093711547
2014-07-27 14:00:00,DEHM_BD,0.7035706197543069,0.7354719632512963,0.20178255581395219,1.2819174545837448,1.0500272172649205,0.9213618714702618,1.637383347793349,0.7172969884114713,0.2739276701236316,0.1547306145697229,0.15080812298780885
2014-07-27 15:00:00,DEHM_BD,0.6490590586002334,0.3709460163512665,0.23791285084477387,0.9298149212059875,0.9561599965560436,0.8509195764328377,1.4954625988022565,0.6909410468173025,0.2816555047434951,0.19019491486839474,0.17479526162596068
2014-07-27 16:00:00,DEHM_BD,0.5890817550289414,0.1850279114674846,0.27877099538550826,0.8981066757497653,0.7849565559254866,0.9198102110725734,1.2492119075610713,0.6599863511225581,0.32269913097475444,0.2554141846134164,0.19118230649658996
2014-07-27 17:00:00,DEHM_BD,0.5727561135806697,0.10864389478445798,0.2898936934867954,0.9603359582948864,0.6958942594135364,1.005815145926841,1.1361918952203487,0.554679591531325,0.35646405259570274,0.32899484014745145,0.196523305520917
2014-07-27 18:00:00,DEHM_BD,0.5598738398964188,0.06700878784182142,0.29092646754712065,0.8774993790999378,0.7958909375562798,1.0679360134610127,1.0209983313461644,0.5027113255494832,0.3401898503696748,0.3358286731079364,0.19410766192935874
2014-07-27 19:00:00,DEHM_BD,0.5571554713150143,0.12130898160642473,0.30985650487048544,1.015752910485868,0.9671242839236184,1.3032612751741606,1.732576744613572,0.5039770367185735,0.32468830607775684,0.3363555146067877,0.20316206156124614
2014-07-27 20:00:00,DEHM_BD,0.5464037094778839,0.20197923020462283,0.3349881700583958,1.7922035622336439,1.2039695923842675,2.014157826240086,2.421981321727789,0.5274455333854812,0.3135764313216751,0.3946358572535354,0.20934823257158844
2014-07-27 21:00:00,DEHM_BD,0.5479477756372426,0.3346424661620697,0.4317216389894939,2.6223308437551425,1.3351688718776777,2.344070332493939,2.8000992668247213,0.5465588740626165,0.2678680060309264,0.47584909861660135,0.21568162130697963
2014-07-27 22:00:00,DEHM_BD,0.5847311546196334,0.7739835108098918,0.6062400504864659,3.0355372332554613,1.4503959154006094,2.422776536480252,3.278849140355274,0.5448006040995709,0.22360324420196673,0.5304307043637624,0.22422157489133446
2014-07-27 23:00:00,DEHM_BD,0.6163392350383812,1.06516212717083,0.5698561592994094,3.334136951135409,1.5223960214978458,2.6178220135486274,3.725243261234567,0.47414422269097045,0.2177202493750141,0.5599738146600305,0.23570582683182748
2014-07-28 00:00:00,DEHM_BD,0.6398224689165193,1.27099081893109,0.6442261648291464,3.5759476633584346,1.5214453825996443,3.003118355936686,4.177122849196417,0.4068139944920105,0.24373601844730602,0.5800328048901381,0.24986560457299734
2014-07-28 01:00:00,DEHM_BD,0.6719210905853291,1.3703787553347886,0.6449225454099858,3.7613878591267427,1.5222926302964799,3.536762957844702,4.687140966259357,0.39179996790222815,0.36638442583358827,0.6530836435461213,0.2686256745063739
2014-07-28 02:00:00,DEHM_BD,0.7070957213517534,1.3508581306165828,0.517709034983703,3.9610243200608855,1.562903355914466,4.213864626800702,5.074843203435992,0.4042979329733316,0.502133438947834,0.7432823094784505,0.2874006637260893
2014-07-28 03:00:00,DEHM_BD,0.7234672057206846,1.2161908505821881,0.4645860924821638,4.041803098880386,1.7062009601723402,4.532198170713983,5.383699579220472,0.3922700768442637,0.5268691229993104,0.835771320412093,0.3047338468031119
2014-07-28 04:00:00,DEHM_BD,0.6940712436272506,1.074534352557524,0.4575909496669392,3.3472777153679996,1.8014724864069187,4.0641598303494835,5.027962835793158,0.3706959140034856,0.48324169591538596,0.7924038357861697,0.30128252517311827
2014-07-28 05:00:00,DEHM_BD,0.6642717455581412,0.9147400143701908,0.4560093449548025,2.6184846653828213,1.8506287643665262,3.4222024196400493,3.5178191484573484,0.34867503209658424,0.42972172184720625,0.5729461898567271,0.29077447578845533
2014-07-28 06:00:00,DEHM_BD,0.645695900234808,0.8093978193594503,0.46252406835599563,2.1196433640951122,1.9068697914686892,2.6529557467501634,2.527580300640642,0.3137541607591788,0.40336948902502645,0.5425864821454864,0.2851139950924877
2014-07-28 07:00:00,DEHM_BD,0.6265072035287891,0.7214957825723639,0.4362828534844143,1.7692075967600243,1.9299208288077918,2.416645839292521,2.0909667487146613,0.26680247787365674,0.38810616245158003,0.5529709905324246,0.2907733996439399
2014-07-28 08:00:00,DEHM_BD,0.607292617996037,0.6679530538642113,0.4304523841723054,1.6212390460622719,1.9605795325673232,2.1469225093790523,1.9662354422553199,0.2282401100455107,0.37078654553106505,0.5601437066273157,0.31508744397442545
2014-07-28 09:00:00,DEHM_BD,0.5826135085963458,0.6145824101310584,0.43334274616856117,1.4956422634376147,1.9285605833828543,1.957765912222853,1.8640778509331413,0.2040495502518396,0.40804918455433553,0.5795178855049749,0.355966905678052
2014-07-28 10:00:00,DEHM_BD,0.5297518838080019,0.5578767732932074,0.43880480959977936,1.3553673046095238,1.9819017679921447,1.886608375976718,1.7132238100950827,0.18581236167019685,0.41753452718733797,0.6032165071577719,0.3927654335260426
2014-07-28 11:00:00,DEHM_BD,0.522192839340018,0.4848988716183229,0.43503719150899894,1.3517455271682353,1.899118410755047,1.853310732362442,1.6011259602376353,0.17895671035322352,0.3882082798844575,0.5979438248034298,0.3860551538808006
2014-07-28 12:00:00,DEHM_BD,0.5752785141716663,0.39115378992905137,0.4396071435983664,1.460666519642385,1.707136842617942,1.6311237463219639,1.8102598063592055,0.1832670689769833,0.36751194201909,0.5653548261368321,0.34393445734686673
2014-07-28 13:00:00,DEHM_BD,0.6426913416832638,0.36305243962941564,0.4656784777487284,1.319634166541637,1.5149882993109758,1.5527873866278057,1.8858445163365476,0.18554082187858395,0.3860651360796368,0.5368627301885978,0.2845196466123929
2014-07-28 14:00:00,DEHM_BD,0.4754077703435718,0.3100476956419675,0.4812521586624026,1.0818181278516243,1.497232231865963,1.4709974441186358,1.945343666345427,0.1880499850088729,0.37295069578407886,0.5319202733547514,0.24162678827541872
2014-07-28 15:00:00,DEHM_BD,0.48210826521546335,0.2856073317207,0.46838843393774404,1.1459219346547393,1.6008804687009333,1.3834730380686406,1.6921365337812402,0.18863336279540763,0.34882528665714735,0.48283288470863706,0.22541143498294985
2014-07-28 16:00:00,DEHM_BD,0.497230403287234,0.29468320239249496,0.4430129106502385,1.0604452462158882,1.4927313018908097,1.3538421278198451,1.5664814647014795,0.18847005564729907,0.38454265091511797,0.4653539968313442,0.22433558920323207
2014-07-28 17:00:00,DEHM_BD,0.4846740291411827,0.36704077608868796,0.441657040913474,0.7554709464783299,1.3716424294106382,1.3697009623392757,1.6486894031759967,0.169220014451527,0.4350395337437129,0.504462840557396,0.2229999362672775
2014-07-28 18:00:00,DEHM_BD,0.5015580800702509,0.4365851669639212,0.43848352697397114,0.5162754073829119,1.0923152278433983,1.2867997575238184,1.4527686124819943,0.1331733394588017,0.4737278673966637,0.49169449002040394,0.2183021543829153
2014-07-28 19:00:00,DEHM_BD,0.5576280753733551,0.4210506737152681,0.4467493054564296,0.44103082566053914,0.7587805926407966,0.9838612644560143,1.1722140183770375,0.12291827789944217,0.5298631913822566,0.46413021101800955,0.22169778644899588
2014-07-28 20:00:00,DEHM_BD,0.5878878107551273,0.4226153976057973,0.4765180415677931,0.49014138233347515,0.6737380176848871,0.890878044894561,1.6306943556042972,0.13998823478043917,0.5623813407334133,0.42823976070273617,0.2246283092544917
2014-07-28 21:00:00,DEHM_BD,0.5708911893155372,0.49508858572891784,0.4978584944709576,1.0116035346141143,0.7301852282769559,1.0606401230040159,1.598612628583465,0.15712493666991215,0.5630975090946255,0.3932403889275409,0.22597105711162382
2014-07-28 22:00:00,DEHM_BD,0.6205789329969155,0.7447882627456868,0.4901476787270977,1.1456288340618066,0.8287993446053658,1.1046118178208135,1.4759381972051453,0.1490617023161641,0.5539052754686772,0.3808781748425853,0.2257368522184389
2014-07-28 23:00:00,DEHM_BD,0.7158937453260552,0.8328034415441052,0.5074558617976772,1.2329885326252485,0.9063354818354173,1.3340554881772861,1.5666257947012419,0.13496106149800816,0.47357379391752175,0.379621574576606,0.22810656379695485
2014-07-29 00:00:00,DEHM_BD,0.7025526283969358,0.762798920490446,0.5173352148186787,1.6214620506359259,1.0337026985610556,1.5397221310907754,1.8734758833359604,0.13387252215846063,0.4400967128232678,0.37849286832424317,0.2336466421198675
2014-07-29 01:00:00,DEHM_BD,0.5594115446037892,0.736686462832312,0.522673397809267,2.1888133901441598,1.111519630218437,1.721235200069994,2.38922877962946,0.134691346098711,0.442899581629671,0.39380684715524283,0.23849032045121063
2014-07-29 02:00:00,DEHM_BD,0.4660264026189338,0.6901601259025885,0.5250718681105971,2.464731691870806,1.0641087033944483,1.8592784355799665,2.893241881937748,0.12974704187395103,0.4598452383828162,0.44240030477960557,0.2401310726505665
2014-07-29 03:00:00,DEHM_BD,0.469061691145934,0.6913705323739803,0.4848773891848325,2.6416052933545693,1.0492366145015135,2.011236354474365,3.1830165975514055,0.12055603888009671,0.47658829594083113,0.4830618143672214,0.2309235347113332
2014-07-29 04:00:00,DEHM_BD,0.5077627465936727,0.658793654650133,0.461728640616238,2.7195212709022774,1.0861837581228464,2.0272055717516038,3.2114922199795024,0.11155172045304892,0.4753015446793846,0.4648740143866239,0.20483850355409303
2014-07-29 05:00:00,DEHM_BD,0.5323369025788083,0.5757469012738472,0.44085165490172795,2.7344959605006878,1.0871658140202798,1.8507117140517964,3.16951545505045,0.12802412490384874,0.49050807733336466,0.40651745610817436,0.19153961854865187
2014-07-29 06:00:00,DEHM_BD,0.5670962509587546,0.5063237822761573,0.4115842701321467,2.7012674121430704,0.9921582555587032,1.780394920437592,2.997038390084887,0.13795776224423892,0.5460098664381912,0.38528028992564467,0.1889216619155119
2014-07-29 07:00:00,DEHM_BD,0.5698568844715163,0.4401090963815256,0.4233748406932129,2.736313813157883,0.9481026601724931,1.704395309889328,2.8506634518591483,0.13827088984345662,0.5949592290260642,0.37268555186427715,0.19374115024809854
2014-07-29 08:00:00,DEHM_BD,0.5540708479053061,0.38809479083162146,0.4159012558730318,2.9535413680358884,0.9391961025448983,1.6524389346398831,2.7169369864124033,0.14894685280225545,0.5926209325146674,0.3656195586649817,0.2051435593884411
2014-07-29 09:00:00,DEHM_BD,0.528592683899944,0.34242472241465427,0.37066686469478516,2.9202720692612596,0.9435951773661166,1.632871554993668,2.790116434330672,0.1654086567063915,0.529989133959026,0.3590774218846088,0.20655546937929506
2014-07-29 10:00:00,DEHM_BD,0.5295123158816015,0.32639102439404866,0.35372054002439124,2.7228999070391735,0.9229981981547456,1.6165453925675117,2.831000782127374,0.17734927857184546,0.4690793567614908,0.3477434497932926,0.19732037994216703
2014-07-29 11:00:00,DEHM_BD,0.49799712521972134,0.2897269743521667,0.3652862653516139,2.6176530142389565,0.9047526498891971,1.548415459873426,2.4404283406369225,0.17872038900035192,0.42028353170727845,0.3412472101536439,0.1822529372928888
2014-07-29 12:00:00,DEHM_BD,0.46805563619669255,0.2581523766047776,0.36250537875160566,2.179176305637241,0.871808715348544,1.4823034001164894,1.7560773123859357,0.16639958087604484,0.3765215268402266,0.3448644543296883,0.16345768063609106
2014-07-29 13:00:00,DEHM_BD,0.43363653511750616,0.23128895785964382,0.3545713008713721,1.3528494643197524,0.7699887346317479,1.337157026152005,1.2870046795816317,0.14718215091297382,0.3333489961399649,0.36026486135224106,0.14955123355534014
2014-07-29 14:00:00,DEHM_BD,0.38653982912924323,0.19672883358746496,0.3609682035007328,0.9544541590522468,0.6434843089268915,1.0231975267195144,1.1782552009772471,0.12865849114243857,0.29584710682120874,0.4008030890904552,0.1404968295111608
2014-07-29 15:00:00,DEHM_BD,0.3642158609503088,0.19658363337552945,0.36995857720054676,0.7580679087553324,0.5460147354441275,0.7543547078019212,0.9102150380148766,0.12409455056720624,0.2650657422630046,0.41831814754196195,0.13631183365412938
2014-07-29 16:00:00,DEHM_BD,0.3873326409888593,0.22211942707249055,0.35495269408196195,0.8624979907099224,0.4808390201586554,0.5856834194971178,0.5878889461265988,0.13710648840339618,0.25154678400405195,0.40298229465710483,0.13805975869407308
2014-07-29 17:00:00,DEHM_BD,0.40751087777657724,0.24955426205858616,0.3433923308368026,0.5575690276786855,0.4290263766002374,0.5063440994531172,0.4529595930174664,0.1587638344687697,0.27577889649039583,0.39114638509670907,0.1428056119631766
2014-07-29 18:00:00,DEHM_BD,0.37960039956969915,0.2660344746897017,0.31988080582268513,0.38241003445451177,0.3787166363433327,0.45524909854103973,0.42399289952583336,0.15945793230259675,0.3159496142380286,0.3589018125039592,0.15220445056337084
2014-07-29 19:00:00,DEHM_BD,0.3379608844133508,0.27232137159815567,0.2956922451724111,0.3590114193481957,0.3203797984662582,0.4256538284834127,0.41178121978000215,0.13990519592920883,0.35080769727586186,0.3221216756055095,0.1698488136497337
2014-07-29 20:00:00,DEHM_BD,0.31226794654886436,0.2747788214020132,0.3001995489090307,0.3530688377427386,0.26640124697882206,0.439490314657241,0.4846721461628182,0.14189134341474605,0.38284513832346684,0.3010608323544732,0.1918195346937571
2014-07-29 21:00:00,DEHM_BD,0.3268887196653703,0.29800305787250125,0.3175762563748285,0.45747798864550976,0.23996891089519004,0.4200206193778968,0.7482903764874554,0.17788374532693813,0.3949269468049108,0.2954791262104947,0.21454635823863785
2014-07-29 22:00:00,DEHM_BD,0.3526301543084624,0.4148268102052245,0.3565373663118939,0.6261288498439395,0.21984020470777751,0.38491218840293173,0.9773709277344018,0.2149952021102747,0.37465074316930774,0.2916463576027336,0.24049056633131377
2014-07-29 23:00:00,DEHM_BD,0.3340772712688738,0.5382595680480495,0.41985252633595127,0.804725085387006,0.21386805637047857,0.3860296070001738,1.161512155336001,0.2345801681282854,0.35312907502476704,0.2815969300021964,0.26836328193302994
2014-07-30 00:00:00,DEHM_BD,0.3206508577263356,0.5706095462066516,0.4944380941405891,1.0103961049077492,0.2038674736935621,0.38318656511707255,1.3071580929532851,0.23291959653784683,0.3559897298143501,0.272220054742473,0.292650508960497
2014-07-30 01:00:00,DEHM_BD,0.3093641040156092,0.5359414753171499,0.5273087577033926,1.1773548985381157,0.1858423223447169,0.4129118768878757,1.355316165399072,0.22402452529720437,0.36117937595173716,0.2699638616170334,0.31922666935089733
2014-07-30 02:00:00,DEHM_BD,0.3062936337245242,0.5405549702157451,0.5611692994138876,1.2883626359751252,0.18415665068020343,0.4352105484186398,1.3679880193043719,0.2364326343006931,0.3562571388442258,0.2756085407283947,0.3609963006243389
2014-07-30 03:00:00,DEHM_BD,0.29373449996853596,0.5920643150334362,0.5503189501198008,1.3545826204500167,0.2199571526720397,0.46485528383432273,1.351600483892639,0.26418900906943016,0.3458347208611521,0.27743475367169856,0.4128491822358873
2014-07-30 04:00:00,DEHM_BD,0.2751161590613813,0.5616033196295331,0.5356175614619068,1.3111772153268166,0.2928681737991305,0.46782867507028536,1.2316401403043267,0.2726122135811421,0.32315873617027474,0.27311619204171017,0.4503865745028665
2014-07-30 05:00:00,DEHM_BD,0.26306801738365865,0.500740193780019,0.44330202667786733,0.860656174214016,0.3343298486541117,0.3465567733947529,0.8024565888343282,0.25283515395227385,0.3197017732582621,0.26261779417984515,0.473658215599344
2014-07-30 06:00:00,DEHM_BD,0.26006898992849137,0.4760562458464549,0.42105508631578636,0.43477326284224327,0.2963745709865726,0.23615215528640188,0.38281333720045857,0.22020702597234157,0.36159833425198196,0.24896893650299132,0.5039104147518239
2014-07-30 07:00:00,DEHM_BD,0.2597603865282434,0.4701006077666404,0.4393814176002143,0.2753687013548961,0.31853976447709825,0.26954840216940024,0.23993002676476022,0.185514213579772,0.38757385363376695,0.2278402157682443,0.5333950816944403
2014-07-30 08:00:00,DEHM_BD,0.25792341335333313,0.42728099668400926,0.41331764784397546,0.23988139039180578,0.37418477721537463,0.32147494700354984,0.3804887288848449,0.15224208491615127,0.39482802917383597,0.2088285543876139,0.5378120162985217
2014-07-30 09:00:00,DEHM_BD,0.2600231692015026,0.3904037461980781,0.39049287372955577,0.4419271099426061,0.42983816444640977,0.5308633453326299,0.6538413214546883,0.11749819754847207,0.3732460716293378,0.1958364260991757,0.5192064909301756
2014-07-30 10:00:00,DEHM_BD,0.2688281309510999,0.39789597719391573,0.3407958295802833,0.665694801913906,0.4601670381448231,0.8069475656140129,0.7563430326801048,0.09480607448808218,0.3526106821708381,0.19254410846886705,0.4930768747610727
2014-07-30 11:00:00,DEHM_BD,0.28318496018762496,0.3746715756227297,0.29420422497921284,0.8497645987609581,0.510278263308797,0.8735684492807463,0.6950797887830995,0.08792042029245611,0.336904914425779,0.20030749826967423,0.45371949161526204
2014-07-30 12:00:00,DEHM_BD,0.28637233766214826,0.338773393753711,0.2630272618789766,0.8433361796127299,0.4795336908112093,0.8072321013997121,0.7870551031451811,0.09570264536913765,0.3544730626676324,0.21090697970210126,0.37205956654088823
2014-07-30 13:00:00,DEHM_BD,0.27913345102147374,0.29185761606318056,0.24490353489424557,0.8830761655321129,0.39765689459402104,0.7404405773547013,1.0075849587075445,0.1066694970803567,0.38553895534821303,0.22060545255796318,0.2955418670713802
2014-07-30 14:00:00,DEHM_BD,0.26435321198493544,0.23565230861385114,0.2136007674273707,1.0462182107596307,0.36243996683903024,0.6434737523202784,1.1352881268062442,0.10911260816899575,0.4019517903587221,0.2406708928778172,0.26941055209681686
2014-07-30 15:00:00,DEHM_BD,0.2547908460837265,0.1983479483630621,0.1837339190738181,1.1485816534037885,0.34357268382062195,0.5041255626377322,0.963438678814997,0.10900398930438791,0.40013573620049747,0.24079659643519527,0.2892173176860162
2014-07-30 16:00:00,DEHM_BD,0.26046046776125437,0.18181499937997184,0.22524323268040533,1.1037032946278607,0.2929650992446391,0.4420243620803904,0.701325194838221,0.10917830692974727,0.36278929288909234,0.21538222687949193,0.3013354369961735
2014-07-30 17:00:00,DEHM_BD,0.279237635480443,0.1667120894952973,0.2382683964276196,0.8758121939011612,0.23725507874775661,0.39290456869057944,0.47828583594754964,0.10741703740749735,0.33918298719756756,0.2240335236924169,0.30074129060385046
2014-07-30 18:00:00,DEHM_BD,0.2873012861316904,0.15459411134442716,0.21332569605221496,0.5058964042723546,0.2244711859623155,0.3047922585703685,0.3670910208101055,0.10633551285977232,0.310389669372593,0.2584652530064437,0.29442421974893074
2014-07-30 19:00:00,DEHM_BD,0.2904361036360732,0.16316149301865013,0.1845796514349058,0.33787790608719026,0.23576172669051662,0.2881873970444712,0.3450993567294907,0.10030165862895879,0.2684296326138171,0.2751600123787302,0.27826658776093993
2014-07-30 20:00:00,DEHM_BD,0.30414025141382484,0.25737640704543435,0.13848061101822168,0.40360550570365133,0.2900170191391136,0.4385576927515304,0.6298871478490069,0.09564401007796773,0.22116057429239613,0.278524369724389,0.26389592830793335
2014-07-30 21:00:00,DEHM_BD,0.2758595371748432,0.3013908312567974,0.1465088365448545,0.7344427684657748,0.3633503969738724,0.7837940281203406,0.9672857677014778,0.09753583964441588,0.18584277574071184,0.29149419888870626,0.25631555431908687
2014-07-30 22:00:00,DEHM_BD,0.21908517511032222,0.2764014245438539,0.15048015046258678,1.149117699526091,0.4753722717275424,1.1751076131681597,1.2395683470967127,0.10424977660189291,0.18001220808262916,0.3797353586869482,0.24989930587774195
2014-07-30 23:00:00,DEHM_BD,0.1938538996882165,0.20491487003963552,0.15859213620461923,1.4446307636118965,0.6232753151267905,1.5834574103877412,1.4615360992073632,0.11425138058928604,0.17387422951729037,0.6104093990859905,0.2442700245141657
2014-07-31 00:00:00,DEHM_BD,0.15616778523178118,0.14807188611888883,0.22745033431685524,1.6798646178008307,0.7710848831290821,2.0160771419720507,1.8967377610854315,0.12408378881968463,0.1746973901484533,0.6599483156530586,0.23424653792321695
2014-07-31 01:00:00,DEHM_BD,0.1828072992271438,0.15246198427512928,0.2987248088876902,2.005083469099318,0.9889120334209198,2.4666874919908,2.550537914024351,0.13707462563387313,0.19533839219681903,0.40390459823494307,0.21591268988045745
2014-07-31 02:00:00,DEHM_BD,0.1960490773703797,0.17587045718720976,0.342581740747243,2.4875602160500527,1.2688158606194144,3.2502424348289756,3.329158014234939,0.1489004694934449,0.21693141557916984,0.2674532675273716,0.19372276390076085
2014-07-31 03:00:00,DEHM_BD,0.21006509524292533,0.3360649088061337,0.3344122831535338,3.086554585253435,1.6899016481386777,4.994887355508706,3.9187994584785977,0.14332793218396989,0.2294093403367324,0.1910774028386158,0.1708173425195971
2014-07-31 04:00:00,DEHM_BD,0.1956379990800981,0.3827299611651989,0.27408408189517436,3.359393237501102,2.0376731677679345,6.17105729667588,3.993430681986148,0.13224910819792943,0.24300394554873925,0.16276960673210683,0.14785402315251409
2014-07-31 05:00:00,DEHM_BD,0.1891620458778203,0.3569154488818952,0.23638709106221775,2.859754157601638,1.8309113178605865,5.347465006833546,3.823399512390443,0.1366961774846007,0.24680481023976575,0.1934975212485599,0.12979558865593266
2014-07-31 06:00:00,DEHM_BD,0.23898269101750091,0.2802498267840266,0.23533690712213498,2.1761803355452405,1.9348874347172256,3.47370034400999,3.43832654189018,0.14163480540804607,0.23810803817437953,0.22278656368972719,0.11569667990203572
2014-07-31 07:00:00,DEHM_BD,0.2982737981883063,0.23967106212310016,0.25187750321771013,1.6965924169726385,2.25656409017547,2.398460929820073,2.587695595241542,0.12864245338599287,0.22363530235156406,0.2343612193767538,0.10816442264296859
2014-07-31 08:00:00,DEHM_BD,0.3556579498000815,0.25038792857011244,0.2959955028953763,1.4588547955807414,2.1212507823793776,2.0089328963595907,1.9878401668840602,0.1016751195767849,0.20757414629437027,0.24453979276651502,0.10803891895440865
2014-07-31 09:00:00,DEHM_BD,0.3650274787441267,0.22631115209050992,0.2890275832462578,1.5313743271905185,1.962074015068207,2.037888222623868,1.8698026806030237,0.0743709806341422,0.21261737531572572,0.27831308917148023,0.10758753626457289
2014-07-31 10:00:00,DEHM_BD,0.3652597229849919,0.21893770381629443,0.27636382185386493,1.6650686564938866,1.745879744570833,2.329635542029431,2.0169118682274547,0.06350942524136563,0.26732104276400054,0.28236717855471166,0.10931777053842318
2014-07-31 11:00:00,DEHM_BD,0.35899186283798884,0.25385959894080756,0.2721411695259134,1.7507174632147118,1.4222821622463315,2.487991756793568,2.2221191770009416,0.06130467966804886,0.28404812395130274,0.3025709651961362,0.10736627219286271
2014-07-31 12:00:00,DEHM_BD,0.30554741174618233,0.27141813383785884,0.26631888440611196,1.8869037398819308,1.3509641401888803,2.675767487917403,2.416145440739924,0.06389920107256665,0.250646047178367,0.2825717832966007,0.1071430704073121
2014-07-31 13:00:00,DEHM_BD,0.26704790800021944,0.2499343444053141,0.247891397603133,1.6591120811154996,1.3279841665663383,2.8557454956267962,2.257841631296799,0.07023149110268814,0.23632243163959576,0.2573183915768097,0.10819861051152634
2014-07-31 14:00:00,DEHM_BD,0.21200944113678746,0.2241311830836836,0.2329660986711387,1.5646196045857137,1.2389399813853577,2.658396582173654,2.0838357304668196,0.07831159166120812,0.203277610647669,0.2451366793684009,0.10649637582220128
2014-07-31 15:00:00,DEHM_BD,0.20424005592993918,0.20484796501786542,0.20677374270228316,1.5619458415962681,1.0195943821034765,2.5293585674297066,1.917414617414726,0.08118272652252093,0.13482626090895367,0.23777108821342463,0.10471962599561482
2014-07-31 16:00:00,DEHM_BD,0.19131009184452932,0.18833753020657326,0.20842303412347205,1.4211648580509322,0.8556236519082728,2.285556214446343,1.627623449700263,0.08000002230242383,0.12446459624379852,0.20851813838208771,0.1038693724036338
2014-07-31 17:00:00,DEHM_BD,0.19042290104618517,0.1688581000836527,0.2643338324818841,1.108098167003345,0.7943445501631592,1.5072048008593075,1.3735258975395732,0.0800352409281483,0.13803097875036283,0.18208627508684236,0.10320635158433955
2014-07-31 18:00:00,DEHM_BD,0.19676438514989084,0.17462080350029602,0.3453563940670882,0.9175372218004673,0.7530125465627036,1.2293251094418949,1.3854901035845706,0.08242109217437625,0.12871308900218442,0.18589788646379277,0.10175601563823553
2014-07-31 19:00:00,DEHM_BD,0.2090739361294358,0.20159454420648334,0.40446618149744806,1.7200386788531015,0.9232867594458418,1.387062924486082,2.297426420370374,0.08199234996243789,0.11949482904981931,0.1953628499800378,0.10120333676502605
2014-07-31 20:00:00,DEHM_BD,0.22794759429008923,0.2496209752873798,0.5743913176776095,2.171644990106565,1.0426748900614258,2.455709536396956,2.9754544322378926,0.08150468868207192,0.1296811402846075,0.20995894788952954,0.10178743501931095
2014-07-31 21:00:00,DEHM_BD,0.23752342755944914,0.295788792201183,0.8406972013378142,2.3345467811573584,1.1941730286020342,3.9815123338914873,3.578062380005457,0.08339003559813846,0.16553732388847306,0.2214273412855921,0.10279085810805878
2014-07-31 22:00:00,DEHM_BD,0.23338604428003995,0.3942458549119017,1.1104645713695884,2.7539942999763083,1.582212673439226,5.500791647643127,3.953284975693017,0.08696915901153156,0.19348540648587348,0.23038086194395255,0.10504226819668701
2014-07-31 23:00:00,DEHM_BD,0.2351935947650145,0.4857686240764998,1.0716683483631535,3.7745774569387907,2.0542120334369365,6.804272169354812,4.064978111282843,0.09122686701903333,0.18703366586327905,0.23397810854238732,0.10587679748129175
2014-08-01 00:00:00,DEHM_BD,0.2538830811735649,0.7983402823317646,0.8335367896566632,4.88091464873883,2.546713496172762,7.998323295580083,4.371991403147501,0.09832676171604578,0.1742638581675791,0.2713156920349239,0.1002671122951097
2014-08-01 01:00:00,DEHM_BD,0.3877667286852222,1.5232966347114614,0.7566020305036066,5.985457462677644,3.073146322034845,9.193601674595305,5.268461275434699,0.10123469108628039,0.1833881582422088,0.5054996428100926,0.0933631926237372
2014-08-01 02:00:00,DEHM_BD,0.7933448750961175,1.855710230426552,0.684349855746311,6.674267716345933,3.485718648584109,10.34966266220576,6.588884095634477,0.10493969410122982,0.252468836787684,0.7837561868020001,0.08963182709522972
2014-08-01 03:00:00,DEHM_BD,1.5753532611050445,2.12776041055991,0.5793734049490784,6.792748668428181,3.7281744348109442,11.384525263482951,8.157248442972051,0.10532054220519567,0.39348442523754673,1.0079837782808543,0.08825530690895536
2014-08-01 04:00:00,DEHM_BD,2.2104537177758106,2.015905768551766,0.5225567855015556,6.527779950284054,3.6012027488661555,11.932706993561409,9.124367311004221,0.08931785255143082,0.5437321551370458,1.459534226576404,0.09503163946045196
2014-08-01 05:00:00,DEHM_BD,2.726248811624539,1.2813647426354884,0.46419943374101097,5.632676881406664,2.7766255420415034,11.395000284908303,8.924627418960968,0.07773213371143484,0.5582238406824879,1.614782853686636,0.10830940264005899
2014-08-01 06:00:00,DEHM_BD,2.8040825850902964,0.7697126742392219,0.4990277793849277,4.567696045636334,1.5031722609226472,10.152097811122964,7.854378520900751,0.08335700578617827,0.5863434378106472,1.5708511563546166,0.127459577281752
2014-08-01 07:00:00,DEHM_BD,2.552503936542068,0.6965854984485846,0.5810957603343087,4.7983034035788314,0.9765613594988594,9.792479714365637,7.007301285373722,0.09956229928705121,0.5896211120021854,1.3091955276713334,0.15820503547130257
2014-08-01 08:00:00,DEHM_BD,1.8041200295365323,0.6725926547601633,0.48379456649787245,4.275819286040955,1.3078310938263544,9.416588718872967,5.7956827577774295,0.11970007173742621,0.5386788397850933,0.8997950924306781,0.18561833826812207
2014-08-01 09:00:00,DEHM_BD,1.1872118164141103,0.5938926488549401,0.5629733207403121,3.7081347975927264,1.985591975961579,8.24158540371003,3.958956671061313,0.14793669666475492,0.5016855033119859,1.038656392980069,0.21744851040605212
2014-08-01 10:00:00,DEHM_BD,1.0192694352012779,0.6912628927663621,0.7651309245337312,2.6324045020065086,2.551126848100573,6.17386999360292,2.9009610342374677,0.18955509573564275,0.4852453188350982,1.5795025624821615,0.2598957245528277
2014-08-01 11:00:00,DEHM_BD,0.9954025055473158,0.6737491038892278,0.6807219046260973,1.9756491549575048,2.6468754404694956,4.243621168356543,2.648741196349226,0.22333471155979653,0.5372763482576048,2.049680878954944,0.3055631109945801
2014-08-01 12:00:00,DEHM_BD,0.9483403291482617,0.6776069661646009,0.5477557823813984,1.633225634448272,2.486329724546224,3.7270581985185367,2.362515093682946,0.25821387981182303,0.5960035921548306,2.3044408454925427,0.32539730759917285
2014-08-01 13:00:00,DEHM_BD,0.87172085730514,0.7825058443871367,0.4758704635193827,1.4380332176304411,2.401784165597186,3.413369696952165,2.355967560672123,0.3217780769268026,0.5665000705907306,2.199932793655334,0.33138951480422857
2014-08-01 14:00:00,DEHM_BD,0.9036071948320046,0.8339501618175872,0.45594869458904946,1.3880901405907013,2.2783250992506834,3.0607301630448203,2.2397045502388764,0.38842838141804553,0.5291179184958106,1.933822626620417,0.3190180037643026
2014-08-01 15:00:00,DEHM_BD,0.831795519861686,0.514511398388953,0.4781248060662176,1.324797920249321,2.046128408059683,2.8235456629028652,1.8110560997394285,0.43448271414868517,0.5507514840650929,1.6160616849969336,0.28485858455832574
2014-08-01 16:00:00,DEHM_BD,0.6885977517829137,0.43512213819314427,0.5426711040575016,1.2276745192989549,2.0173986617761943,2.6618206731015097,0.8445470948946554,0.5005129104272927,0.6235556096603976,1.1619537285467927,0.2471278345627546
2014-08-01 17:00:00,DEHM_BD,0.666362996285014,0.507156106014659,0.6043450635853813,0.7918019443577127,2.2617118473660156,2.3785668956020474,0.45945523219954304,0.5649617097858782,0.7758972149003317,0.7540944059870553,0.2291232009489973
2014-08-01 18:00:00,DEHM_BD,0.5680027844234963,0.45767760592142465,0.6830223262064591,0.6135998313375292,2.5320576915726183,2.7405803170415277,0.5997823877712128,0.6178640539539145,0.9176201211773839,0.642965387408744,0.2208892446510091
2014-08-01 19:00:00,DEHM_BD,0.5281253246495382,0.48661503051844957,1.065718451047373,1.0585838168885606,3.1592421574873404,4.406390108750397,1.3769454772401701,0.6553057839793331,1.107440973769004,0.5719424491562798,0.22139122696341848
2014-08-01 20:00:00,DEHM_BD,0.5002790066973678,0.8428030304467066,2.2713998784470726,2.2827495253479446,4.38677437897801,5.105320704177816,2.2700496268835635,0.7371849642040071,1.1344147778549063,0.4940954971820808,0.22652087745723337
2014-08-01 21:00:00,DEHM_BD,0.46957012736323456,0.7679674375574944,2.26714685231503,3.4804282304048426,5.556553281666333,4.991639691564347,3.08686319888703,0.7562455954191633,0.9104545261133816,0.4698996384216937,0.23222314665269653
2014-08-01 22:00:00,DEHM_BD,0.48698672284177963,0.6032657110165399,1.4021755561963678,2.735056715525653,5.942605793095096,5.053902544893394,4.819026577880578,0.7241421460268931,0.5876589173151924,0.48363277412180605,0.23520087187515337
2014-08-01 23:00:00,DEHM_BD,0.5141425489177546,0.5237489487295945,1.414001045067307,1.493499505716899,5.813722956716094,5.320473620624372,6.140136122499305,0.6701702694368569,0.4027987852716274,0.4968300603388401,0.23708603024055805
2014-08-02 00:00:00,DEHM_BD,0.4983521358392193,0.40664045381742553,0.886296322813412,1.0569434915079035,5.664530569530922,5.700196168309203,5.0888112166046895,0.6055673854296002,0.3744198583435147,0.4730799968198572,0.2393484567607761
2014-08-02 01:00:00,DEHM_BD,0.45713702012404395,0.3769224528795874,0.8822171624379506,0.68114772475214,5.5794238083366725,6.937495308970291,4.141300846361425,0.5760061598056554,0.4007863211116772,0.42536393903115344,0.2455140010916355
2014-08-02 02:00:00,DEHM_BD,0.417011698136918,0.40747979614812785,0.9191550130359596,0.41698208566677664,5.559042543001089,7.838865512055598,3.172862276587451,0.6114670648317038,0.4166702991188116,0.38379931135260653,0.2568939426771533
2014-08-02 03:00:00,DEHM_BD,0.388477423183355,0.3955615262643414,1.136807327396016,0.38195659363397516,6.3474680969680914,7.36567966208445,2.376428371212284,0.6955544471152871,0.41278031603749477,0.35980262451413125,0.2674695211668369
2014-08-02 04:00:00,DEHM_BD,0.3717640479391592,0.3774982465468183,1.1417616586353585,0.3448869363305624,7.265405490452297,5.798868332686417,2.1108909052079543,0.8881638790409265,0.3994784848210739,0.33224358358417705,0.2602529034774786
2014-08-02 05:00:00,DEHM_BD,0.3391434698160678,0.3563413265120802,0.7057503186764755,0.3191873935970663,6.202764016013334,4.048481528795159,1.5464653472785974,0.9871340270208566,0.38000182930954957,0.29214561179589005,0.25063636130180206
2014-08-02 06:00:00,DEHM_BD,0.2737464079616643,0.32490271476425336,0.3661708857761936,0.3516582818260037,4.041256345299224,2.2405484949832566,0.7065817591755149,0.5208710677298157,0.3643656942677414,0.23952001041261353,0.2646740383038585
2014-08-02 07:00:00,DEHM_BD,0.2439483172183606,0.30022526294642116,0.32631359635278223,0.42111990747076095,2.4192300471491697,1.3921374727421332,0.39713046105924976,0.31339637272244314,0.3533883311402122,0.22624212191707818,0.29285552196632975
2014-08-02 08:00:00,DEHM_BD,0.23661496311432154,0.29228832386803566,0.3430435306347906,0.480793727281275,1.8183136838744791,1.1879420934371865,0.4450993149123899,0.3083688988710287,0.34632976979752994,0.22940728623044918,0.32942584159650357
2014-08-02 09:00:00,DEHM_BD,0.24876725401818442,0.2969006200289104,0.44592573994638857,0.5749203697559097,1.8002689635754725,1.2961620635964444,0.6273973696898063,0.35726106883954245,0.33295036513088494,0.26849488067972227,0.363717756655889
2014-08-02 10:00:00,DEHM_BD,0.3005096723019479,0.31394326118041604,0.5154551939055415,0.8101245788527234,1.9932954233171882,1.501092506586362,1.0905972982076648,0.3825704126179357,0.325210314260011,0.3174963193764095,0.39255103158001786
2014-08-02 11:00:00,DEHM_BD,0.35403017828326905,0.3132529650441178,0.4592755439075594,1.0664563314164244,1.5231869098753574,1.6493584077590073,1.4719857940591314,0.33191842112406145,0.3227588080187094,0.2817111096958694,0.39856867119535794
2014-08-02 12:00:00,DEHM_BD,0.34913340673120685,0.3010408970556361,0.492738646238381,1.1894391729371343,1.0882122350618428,1.5911126582488242,1.553752526012412,0.31809104290192936,0.30866466741348375,0.22834856890805463,0.39015562015259164
2014-08-02 13:00:00,DEHM_BD,0.3029191551284165,0.33722695982834316,0.48880690155902395,1.115960227838466,0.6641315756034152,1.33387921284484,1.4794028784443904,0.3185164564468523,0.2848327292327395,0.2253995911366247,0.38621265654152714
2014-08-02 14:00:00,DEHM_BD,0.26367589305173006,0.35088747674308934,0.45835663780997266,0.9193511669328063,0.3298070733250072,0.6547408528021865,1.3265138482994052,0.329013021962866,0.2581594197796959,0.22312138631922873,0.38119530253911604
2014-08-02 15:00:00,DEHM_BD,0.2558599154388578,0.3386092601922014,0.4367127675226586,0.4115169569259305,0.34549871370031016,0.2739808810104408,0.7286196785557852,0.34925876771195785,0.23646691017664254,0.22153024420944187,0.37099286177422724
2014-08-02 16:00:00,DEHM_BD,0.2453796629619597,0.3428091361933225,0.41458940672949657,0.1796471183708362,0.40900961838701727,0.1646781767778633,0.2481173901820817,0.34304627558862316,0.22851161541042347,0.2282036273742851,0.3486516705913625
2014-08-02 17:00:00,DEHM_BD,0.25381806334821794,0.3427704459587624,0.40136866231301055,0.11433070302914183,0.4121742052892152,0.16308695901434006,0.1543421689448625,0.31734555182319824,0.20736891728186757,0.21515855591468497,0.3121370111986535
2014-08-02 18:00:00,DEHM_BD,0.2547245501027213,0.29128985693556225,0.37673426075038635,0.10407072397230274,0.43713866135424456,0.17693084435915735,0.12864172009790006,0.3181876728133,0.1821549876131787,0.21733847118602134,0.27321490160470463
2014-08-02 19:00:00,DEHM_BD,0.2720757085967676,0.23917192592185343,0.3462049496656968,0.10695539110369041,0.5751974804378672,0.1982643854339915,0.1416543930736938,0.32284639303143436,0.17341116338475213,0.21528652789861788,0.2476353299492556
2014-08-02 20:00:00,DEHM_BD,0.3066348544966193,0.23565866227731758,0.339768034324068,0.11975446252133666,0.8439588213344918,0.5477550864537564,0.1719097133710462,0.3410085629054995,0.16692686154452957,0.21263943545198433,0.23122696764978962
2014-08-02 21:00:00,DEHM_BD,0.35357270155254644,0.23751686991106113,0.3254728112000098,0.12415223341591483,1.2912592297607346,1.5835503479761905,0.434809257245257,0.3432281385911131,0.15507874309833622,0.24041299259820048,0.2212132353098487
2014-08-02 22:00:00,DEHM_BD,0.3911152062043198,0.23074619696678939,0.2890535545661669,0.16370235603165637,1.9600682498355908,2.7003394716661075,0.8765645739207344,0.3131366232460854,0.14881292964961665,0.3274776955230928,0.21399515135530645
2014-08-02 23:00:00,DEHM_BD,0.4856469040032661,0.23373031439637496,0.27954523414904014,0.3310860389117328,2.6123019170309094,3.767804856116349,1.6231020795660607,0.27123904945323707,0.15123311466380157,0.5195120399447064,0.20661384381690642
2014-08-03 00:00:00,DEHM_BD,0.6572945437440275,0.28033289751505924,0.2725701638799543,0.8937734810400373,3.071467490671081,4.84343957160275,2.110447883608153,0.24544348586776324,0.1630561460222527,0.7469278894478828,0.19863749770066838
2014-08-03 01:00:00,DEHM_BD,0.7564093040066957,0.41669443251177196,0.4256523983061216,1.6471536320375177,3.145151835546841,5.92470461684035,2.7932184278475263,0.24318269550009391,0.1832981126231883,0.971967188168764,0.19018494311655276
2014-08-03 02:00:00,DEHM_BD,0.8474067062231898,0.7274858967238013,0.7880643036704511,2.3822433187486873,2.580424069844149,7.019979157376128,3.9414073201181257,0.2667115315098748,0.19628203494263358,1.1446800867788494,0.1820639359911856
2014-08-03 03:00:00,DEHM_BD,0.9719426346069575,0.8589420015664212,0.7862460961099422,3.095200890063858,1.7521712948786279,8.032379420655067,5.205254363426638,0.26635266877117675,0.22323142212183208,1.238786215367317,0.17695459745326073
2014-08-03 04:00:00,DEHM_BD,1.0883240244363248,0.9293750493207761,0.2648046551139872,3.6230108107670214,0.9535117139503172,8.45105135186453,6.387443749518704,0.18470715572962523,0.29361229612904827,1.2611987436997891,0.17710135564755755
2014-08-03 05:00:00,DEHM_BD,1.189112508484125,0.942101160377562,0.8776092251080156,3.6699754469514376,0.43954275270271104,7.1218534651102035,7.170353308943183,0.14149967806900385,0.4446848098741994,1.2710944476968051,0.18447170509589586
2014-08-03 06:00:00,DEHM_BD,1.158336776502561,0.9325170716558395,1.3990501119974186,3.8259862132530116,0.2729449993394873,3.702048612520976,6.896836355612222,0.1373013228490774,0.539064443128472,1.1286772952770627,0.19500351884095454
2014-08-03 07:00:00,DEHM_BD,1.143844055355722,0.9011578306101913,1.4161771951863797,3.582102944100538,0.23590012667661522,1.4983359499008213,4.479374182669087,0.23070791486226946,0.6471244054286973,0.9472639288434432,0.2219310599105489
2014-08-03 08:00:00,DEHM_BD,1.0165389450616529,0.8791120239536091,1.131455529914379,2.2759852538678724,0.265618281475827,0.6551448805400913,2.1931995366726045,0.3548110778822097,0.7587582376672619,0.8681349818312725,0.2658568338393838
2014-08-03 09:00:00,DEHM_BD,0.9337927110304589,0.8065436015710048,0.612992872061273,1.2314836989668572,0.2872551161425932,0.5374625768696608,1.3039646500449535,0.4287483348936214,0.8219996156171,0.8867149195501081,0.34610724506610063
2014-08-03 10:00:00,DEHM_BD,0.9684552493807486,0.6856872558649407,0.44019963436133797,0.8339108627199637,0.2848207624366879,0.6732866681078541,0.9319429398751538,0.45663554007209833,0.8360867443080247,0.9223895307692939,0.40502084782597725
2014-08-03 11:00:00,DEHM_BD,1.0103014798958971,0.6147521329170669,0.43288709932943653,0.7655768489271075,0.30156808287324377,0.890885547419004,0.8750308768107905,0.48993584874920537,0.8152066766260843,0.8652803003600298,0.45507825985810846
2014-08-03 12:00:00,DEHM_BD,0.9927710889826342,0.5584672975034777,0.40800363198589457,0.84367213010123,0.3276904636539144,1.0210265769455675,1.177768967301969,0.49559554471403355,0.539023207272766,0.7491896437437391,0.47548883231510747
2014-08-03 13:00:00,DEHM_BD,0.9815555419782734,0.5764694855852959,0.5349376897534582,0.9967492085867165,0.34252329928245384,1.0048005582756314,1.434254766337154,0.46058794358488175,0.2659755838330078,0.6868206819306243,0.4841581949322187
2014-08-03 14:00:00,DEHM_BD,1.026525532664687,0.5398830323417454,0.7978852812278923,0.9267859211708873,0.3642654314538648,0.9992379916455689,1.399555012924648,0.44744074482522905,0.17223198494479178,0.6667558992107072,0.5011505441824825
2014-08-03 15:00:00,DEHM_BD,0.9023065331038995,0.3773757504734443,0.5786863340274534,0.9239618740647949,0.39114530461152996,1.0082745356559426,1.2078656388560125,0.49013969375205213,0.18111433655840428,0.6860172584888955,0.5093837418053292
2014-08-03 16:00:00,DEHM_BD,0.5053013294281524,0.1781664673690055,0.5193254115497092,0.8896987331594048,0.36585489700687107,0.9573082502664212,0.9813905620467936,0.5529083964960647,0.2195805714563219,0.7394539748631929,0.5121084870067024
2014-08-03 17:00:00,DEHM_BD,0.26141504727329784,0.06740090469335203,0.49847243509829847,0.7210019034361419,0.3462863509304634,0.6692114112813071,0.9896105003780176,0.5708541264120535,0.24837774538454596,0.8041273758236664,0.49485280975756024
2014-08-03 18:00:00,DEHM_BD,0.12252096205995935,0.08919641388785411,0.4432127346675816,0.5458467324133214,0.34646187312140125,0.5766455843258359,1.325105374049178,0.5470284031859481,0.25852430708441204,0.8885131333692362,0.46336626971025824
2014-08-03 19:00:00,DEHM_BD,0.08692060913230593,0.20414241563256685,0.35241454106176995,0.6609821833682561,0.49876561101271766,0.9352690256876841,2.0614206618302786,0.5833196212258189,0.27591536740977635,0.8775046463030768,0.4281592115875913
2014-08-03 20:00:00,DEHM_BD,0.08227841241112278,0.7083321339842579,0.2894073616230388,1.8289672492497706,0.7603752776759303,1.427902150131156,2.3871917209891844,0.6203221282797305,0.3165478947705511,0.8464869668234101,0.39605932270440813
2014-08-03 21:00:00,DEHM_BD,0.10155221922801687,1.5969657940085114,0.445812552765789,2.461309353664787,1.085260166956326,1.7921104302757604,2.4324103432576614,0.6194156298436223,0.3673602531064594,0.8964441092014159,0.37224274204025065
2014-08-03 22:00:00,DEHM_BD,0.1247301715713156,1.3146323292675375,0.6212240094453041,2.2235913674961214,1.584738765099433,2.1536744252028472,2.643708036965606,0.6671242465120553,0.41668502655995304,0.9257585155813389,0.35435568913107834
2014-08-03 23:00:00,DEHM_BD,0.14219944077270555,0.8257284062179697,0.6824696059444038,2.2928265453136145,1.7790880574935974,2.4982698415935376,2.9350837107187036,0.7258804454798251,0.5311603141343593,1.0095748844305217,0.33825111260688984
2014-08-04 00:00:00,DEHM_BD,0.17001552544038315,0.9845474250123449,0.8132367760523525,2.822965683728712,1.5371535349152563,2.754724378461185,3.13373879821291,0.7417046256431936,0.6790187438786028,0.9584283419306971,0.32291725963399354
2014-08-04 01:00:00,DEHM_BD,0.2006102935222349,1.0982458069316232,0.9677372729567413,3.3504320598824653,1.5204897207904442,3.023734771997596,3.430926587476449,0.720989855899047,0.6692549683298169,1.0541183026163636,0.3069265532943698
2014-08-04 02:00:00,DEHM_BD,0.20829402908611097,1.1675247176667813,0.6472419118273904,3.434033952109219,1.2760032063768874,3.279571567708845,3.4912293356808015,0.6741484857140667,0.6216382065935433,1.429162744112257,0.2909005844760607
2014-08-04 03:00:00,DEHM_BD,0.2349315995122677,1.2761241132584866,0.4662310873632034,3.354149023314769,1.0787747961001284,3.638954340373274,3.6553022234010912,0.6085980175733472,0.59541958345592,1.913887922174111,0.2770952123283077
2014-08-04 04:00:00,DEHM_BD,0.3006655008782632,1.3848114260427096,0.4439328106915016,3.1982146665671705,1.2304239547556592,4.067902402847624,3.924912174949487,0.5417007365004903,0.5878192939500511,1.6200995434822887,0.27460256865716737
2014-08-04 05:00:00,DEHM_BD,0.2634143312945029,0.8604653625779768,0.35850049129526546,2.5513891291853286,1.1789096529936791,3.9554320426481486,3.969804360097248,0.47071158282620823,0.5609454592144487,0.8112192230087609,0.2916186901040164
2014-08-04 06:00:00,DEHM_BD,0.3564584784993622,0.40312887887596355,0.21634704974423713,2.237570795943819,0.8316261194228147,3.0023157851819913,3.58869431618503,0.3996769433279614,0.5582631758961081,0.39789877124306616,0.30654082430801355
2014-08-04 07:00:00,DEHM_BD,0.39228044866814743,0.2408498924766787,0.14539897631754825,2.4021073126498402,0.4984939098080573,1.9472201280939636,3.5906743902440112,0.33011303966143163,0.4109840916844456,0.2653248424410534,0.3121178347133053
2014-08-04 08:00:00,DEHM_BD,0.39500381992626,0.1456128509133865,0.15415637668373358,2.6536940531877895,0.3645786567863355,1.4259496341213793,3.196333163490419,0.2668279555907472,0.2106669923288001,0.23694774747692043,0.3245059250323985
2014-08-04 09:00:00,DEHM_BD,0.40045497292628496,0.10689920568051792,0.17700593500504314,2.689842367572449,0.3012623892061224,1.1282425441116142,2.72270332778093,0.20616619837762318,0.13780047691432748,0.17457131573653076,0.3451930235886946
2014-08-04 10:00:00,DEHM_BD,0.3292469731225444,0.10532013215853434,0.1966429962621277,2.204067268229169,0.30816168366316693,0.8997695809535449,2.0056378837970827,0.1703034950256719,0.11985628280413324,0.0713353755134296,0.36434934421512294
2014-08-04 11:00:00,DEHM_BD,0.2902487812465241,0.11545911837828385,0.20156406549630626,1.5647986711971227,0.39470653775677067,0.8278611191161348,1.744318928867206,0.15897830144300582,0.13324530882409757,0.07758924460806874,0.3726938203261651
2014-08-04 12:00:00,DEHM_BD,0.26000601473833135,0.14227443350311683,0.19987844370869373,1.404394881044221,0.5315995082664303,0.81699661255843,1.7240614079741667,0.15680566901743406,0.18785937566880131,0.18711263717719806,0.3788652109090564
2014-08-04 13:00:00,DEHM_BD,0.19423163932473309,0.17876862329913523,0.2021534812965889,1.555582785209203,0.6776897365039586,0.7801412847241758,1.8616585146664553,0.15018355598137353,0.2842344695498468,0.30869534229586354,0.38043489217943954
2014-08-04 14:00:00,DEHM_BD,0.1589081760370551,0.19111011356182664,0.2170710141255629,1.3756485765815922,0.6823097697873785,0.7276024486116506,1.7086444472815794,0.1370547026205946,0.29368439244381145,0.2898966703834276,0.3749067541998764
2014-08-04 15:00:00,DEHM_BD,0.15190385187162106,0.17655552273952746,0.23931656515717722,1.2532433348747647,0.5739168202751967,0.7901848634736751,1.4497823226777593,0.13093204378579937,0.23981025464173855,0.28460003775760523,0.3760404310579461
2014-08-04 16:00:00,DEHM_BD,0.14706287756759576,0.17855657862552496,0.2812986509243342,1.2194359009478903,0.4851780816019232,0.8583187797320004,1.3043044752103357,0.14357932086424785,0.1757214253301848,0.2358846908204128,0.3641568900077915
2014-08-04 17:00:00,DEHM_BD,0.14525945791877923,0.18958221231699957,0.33907030754064005,1.0012319428480532,0.4500961953301169,0.8328915789449598,1.3383207130605856,0.19066079839414565,0.15991539405712768,0.15849760809755298,0.33861995806586953
2014-08-04 18:00:00,DEHM_BD,0.14510968716101885,0.20920577230917312,0.33421090728207853,0.9478876492900512,0.4362958757478183,0.8292981722437087,1.9031996035164251,0.2584404816121094,0.17068915058190837,0.13703405828979587,0.3105334214737638
2014-08-04 19:00:00,DEHM_BD,0.14959042987382865,0.2508055789952833,0.4231987781905667,1.6004364348214142,0.5847806412071641,1.2941982743504379,2.7793626033335617,0.30542140495790393,0.18155883977139628,0.1347167647546042,0.28503556578550143
2014-08-04 20:00:00,DEHM_BD,0.1688853245640071,0.5580308648206924,0.9753562261312787,2.441396842004438,0.7567926578542123,1.776297193251863,3.1289392510859693,0.32816457725158643,0.19056119670635116,0.14012037959987542,0.26605362029080726
2014-08-04 21:00:00,DEHM_BD,0.1969440290464635,1.2760915479827981,1.4880017032275106,3.149561244786859,1.0362803627859196,2.117530358614956,3.382322644637605,0.32979018394017007,0.20807199759801245,0.15201575458283537,0.2570457806136048
2014-08-04 22:00:00,DEHM_BD,0.19467335756551007,2.0893868281063943,1.7823144553946277,3.5507409370479555,1.376148286677855,2.5092548165319983,3.7129546654801797,0.3181501870795943,0.2390121962610293,0.17582252197732837,0.25894011839764536
2014-08-04 23:00:00,DEHM_BD,0.19899078192805633,2.7075271316381455,2.0821313298672957,3.995088869499554,1.7200705018574092,3.136425170807056,3.9074358731976244,0.3108190073067519,0.26555657722967346,0.18925590340132895,0.27281878984208646
2014-08-05 00:00:00,DEHM_BD,0.22569619265981014,2.9800248251619434,2.117468523721099,4.375018364346127,2.037137731020015,3.827766432236835,4.180527450957239,0.30459560115356926,0.2798930313910935,0.18774951809388563,0.2995550615938388
2014-08-05 01:00:00,DEHM_BD,0.24773898492945698,3.04360690367693,1.8247893904935888,4.726821286913476,2.341244594971498,4.468429454853747,4.4346117885379215,0.2675331874521365,0.2721699294364297,0.18622527342438658,0.3362632380634912
2014-08-05 02:00:00,DEHM_BD,0.28222007661983545,2.9890722023262795,1.591110267039341,5.100182471849768,2.570056064918674,5.099497112241987,4.544944142750802,0.22081529920152618,0.25611749056493877,0.1913502494584429,0.3905518598770815
2014-08-05 03:00:00,DEHM_BD,0.33813557609442024,2.6904739393943102,1.3873527785364324,5.36590204271969,2.8067150594351347,5.663262383907969,4.550381372677551,0.1830796413785586,0.23970307090108908,0.2158227151214837,0.46133000617247066
2014-08-05 04:00:00,DEHM_BD,0.36071816215101504,2.3897565523018103,1.0709371620389536,5.363802422483268,3.046028234787182,6.0957734895107265,4.387748131036489,0.15381922749874075,0.22494395877383352,0.27513077716309137,0.49242147104993456
2014-08-05 05:00:00,DEHM_BD,0.3756334671522723,1.793842733645098,0.4893658160017387,4.3410936909979245,3.094913223281752,5.80649184941137,3.9312541228557296,0.1382175582550014,0.19722197662400998,0.3279886369692071,0.4580417318797855
2014-08-05 06:00:00,DEHM_BD,0.36366208969359975,1.0129149601400924,0.16372784795836337,3.148343880460816,2.7027984557347886,5.019017543739606,3.2736481415566705,0.13157880857299703,0.15537066287508688,0.3203110694452779,0.44400329436147573
2014-08-05 07:00:00,DEHM_BD,0.35140755051403993,0.3936363135937606,0.15991991377563664,2.7905829861965357,1.9469029157194169,4.099367717045041,2.5057203252985762,0.13250775701339595,0.127459309427915,0.2915362591781687,0.4184914265368412
2014-08-05 08:00:00,DEHM_BD,0.3167369089336261,0.23633267136609282,0.15617182321165213,2.098068062853953,1.402800081784157,2.833767440871445,1.7270610526876116,0.1367100740977592,0.11524599557562253,0.2551465172166252,0.3895519523731804
2014-08-05 09:00:00,DEHM_BD,0.2886400803050072,0.25325387438774216,0.15347739452803494,1.6620330267764325,1.171966030426696,2.210500495145791,1.3889208473249826,0.12775403236425995,0.10907039257302759,0.23215596629412594,0.36234574773732564
2014-08-05 10:00:00,DEHM_BD,0.26610561249920595,0.3029226203827955,0.1544968323893285,1.5376480444978413,0.9761146603849901,1.8464362751007546,1.3510893280717426,0.11174110541120837,0.10716068686498434,0.21859395409177584,0.3338750927301774
2014-08-05 11:00:00,DEHM_BD,0.2421621684502396,0.3459586912724688,0.16593022338837835,1.4190704540394015,0.9019779988174327,1.7951651517947482,1.3122612939917921,0.10166387709625818,0.10657562491659765,0.2007690934082397,0.30357058763824396
2014-08-05 12:00:00,DEHM_BD,0.22055339622364084,0.3652439831848453,0.17702756547097104,1.314203070860307,0.902496596294157,1.8698062433921685,1.3136118200108524,0.09867645581387381,0.10529381741300221,0.1895544064778097,0.2777725221915262
2014-08-05 13:00:00,DEHM_BD,0.20303725874874856,0.3530603560044552,0.1724005016758851,1.4028408115240056,0.9323879738042502,2.005830397541863,1.4104781063949339,0.09827058906832307,0.10797858992609827,0.1847346586260194,0.2579088382261432
2014-08-05 14:00:00,DEHM_BD,0.1968451344880146,0.3325816049594012,0.16303429947684028,1.6570218067718707,0.9391299858137592,2.125268342188052,1.491131012205288,0.10229045561334833,0.11433234227145306,0.1794199314571522,0.2365966824351413
2014-08-05 15:00:00,DEHM_BD,0.19485288116401775,0.2836356974038288,0.1581481256440816,1.796701589174664,1.0075495572724567,2.2217586285283906,1.4587155445731743,0.11338816676071611,0.12206848393302869,0.17945903151843956,0.22687102768906656
2014-08-05 16:00:00,DEHM_BD,0.19736677312637876,0.2066490143361492,0.15758391986830847,1.8024196906274415,1.089446370088309,2.3380184424283974,1.3737500390292718,0.13085077620995564,0.12854384252015483,0.1814517682921882,0.23225596328876288
2014-08-05 17:00:00,DEHM_BD,0.19616400690456925,0.16248337613017474,0.17831429057528841,1.4616939784663516,1.1019870929440856,2.452279073747519,1.2526838176608641,0.14590591921659038,0.13376255249893984,0.18506321292027847,0.23498786494220306
2014-08-05 18:00:00,DEHM_BD,0.1955005505821647,0.14730293952601042,0.2207112031341326,1.8729049001792646,1.2744379378168098,3.219211548073944,1.534839350386118,0.16404532524944174,0.13646604630961293,0.17939454412462413,0.23252473040217786
2014-08-05 19:00:00,DEHM_BD,0.19539362631190746,0.1418472322662355,0.24705043646605082,2.873900719951593,1.683072700601374,4.442534230148198,1.920044170592461,0.17812766869096666,0.14623724045253192,0.16418127570748214,0.23393966511518663
2014-08-05 20:00:00,DEHM_BD,0.1969569971090388,0.1455027939336271,0.27102196023433733,3.131169136420236,2.3764471589156146,5.111590077089405,1.6292966096524426,0.16996138272670797,0.1622133933513632,0.15407099439031183,0.23375975352968842
2014-08-05 21:00:00,DEHM_BD,0.19948536082404963,0.17058396432542877,0.3389491737929632,2.897686571843248,3.2096310692992795,5.401730148242832,1.5538817043008417,0.15096395874432694,0.1815880729019444,0.15143150587521598,0.23263312872323252
2014-08-05 22:00:00,DEHM_BD,0.21015229563862314,0.27047204541043085,0.376367924274849,2.575734414510511,4.015823181333937,5.084794644443934,1.9789497098390225,0.13612670893911485,0.20196168738952297,0.15187317498753747,0.24236668010605952
2014-08-05 23:00:00,DEHM_BD,0.20487478744602242,0.40660661594340464,0.36491353074413335,2.660247531698574,4.802665640670173,4.64062962165405,2.730670853129133,0.12984743022354808,0.21863997871843577,0.1597209946715258,0.2530106674445745
2014-08-06 00:00:00,DEHM_BD,0.18041804642936676,0.5963396592042582,0.35189762086255516,2.830413052201417,5.342290470133005,5.513427752965039,3.5451595635001607,0.12599118225421346,0.2271616033761769,0.20167684071750488,0.26385291101450553
2014-08-06 01:00:00,DEHM_BD,0.17851857574454266,0.7812028187607877,0.3903130746666116,3.053568378798836,6.308921271989249,7.6075032747751274,3.9866879248371756,0.12243992699341448,0.23006594879504963,0.29406876875011867,0.2759264762567378
2014-08-06 02:00:00,DEHM_BD,0.16391464638440983,0.8624736801571027,0.4806622402583345,3.5585941087443755,8.030547972795386,8.787529337975434,4.441443788643392,0.12056488168126199,0.22835901815048226,0.3746020214879527,0.2856106464356648
2014-08-06 03:00:00,DEHM_BD,0.16848430291806446,0.8410978324438917,0.694433401915882,4.318408210481089,8.76702642303731,8.711314148289777,5.478681840762848,0.12020666116733089,0.23636567034954187,0.41233867838019866,0.2916817074181325
2014-08-06 04:00:00,DEHM_BD,0.17937166002809282,0.7936668778385483,0.9702613558562374,4.383814576781727,7.067875804940325,7.707252452527822,6.521642897856711,0.11861809401808292,0.23640113247849032,0.4298420481717085,0.28695584088787435
2014-08-06 05:00:00,DEHM_BD,0.20019746173774342,0.6168261036847698,1.0003050592947327,3.855057746514629,4.250108034518565,5.831302296032442,6.162748097145156,0.12156253563326315,0.23036846729675292,0.3138104226801963,0.27335556026056396
2014-08-06 06:00:00,DEHM_BD,0.20937691485740464,0.533217888543191,0.7554934083263052,2.752488305286246,2.36384706360491,3.670957604446147,4.507297937894323,0.12263243186561146,0.2279821014551258,0.21571125902272056,0.25904738110441705
2014-08-06 07:00:00,DEHM_BD,0.21366016061555645,0.4798105421742691,0.6538064149684086,1.6136492285816815,1.2208468404083128,1.984398882728824,2.9291482368352613,0.12373083236146946,0.23685826156429232,0.17936740886891245,0.25076327254110004
2014-08-06 08:00:00,DEHM_BD,0.21200419917385435,0.5639384213811274,0.5783277058126776,1.0613444996751704,0.7141445737220683,0.9798911945046006,1.7283109077345673,0.13969594508803732,0.24384924095373,0.1964487869317083,0.23706406371759933
2014-08-06 09:00:00,DEHM_BD,0.2289796524808512,0.7166538475476718,0.5375360521855204,1.0394039848620398,0.9079802636932942,0.7562552973706809,1.1420599828317202,0.15046041587074283,0.23120107555336666,0.21454031118068836,0.2306059281028504
2014-08-06 10:00:00,DEHM_BD,0.26637434951902944,0.7147958932410367,0.5114263269333912,1.094724132517894,1.2131561442951089,1.0702331858044525,1.1961202043924393,0.15403548466168793,0.2037332757454365,0.21949650826136574,0.22090381014428723
2014-08-06 11:00:00,DEHM_BD,0.32379165103338176,0.6088663910664616,0.5844513507544202,1.0366254120223617,1.1989537282077154,1.2634196145880552,1.1746070922796352,0.14656900612341217,0.1731215619181596,0.20477347853575115,0.1805659077192562
2014-08-06 12:00:00,DEHM_BD,0.4027454236555471,0.5889755096929704,0.8235659329046029,1.0025257572345152,1.05523526110681,1.1851233697146728,1.1542662221201077,0.13696164188015608,0.16329448480898676,0.19163499806553116,0.15967866944563566
2014-08-06 13:00:00,DEHM_BD,0.4756887147148547,0.49711514696509107,0.9368745200853142,0.9915367167696452,0.7637540220141084,1.0811109055980634,1.2198598825205098,0.1339630777642386,0.1594578751062601,0.19925354875139423,0.15966901517800047
2014-08-06 14:00:00,DEHM_BD,0.5301672784215957,0.47422104256387787,1.0308575110576534,0.8400525824797049,0.4212527753577706,0.41800855513788693,1.040473570432092,0.13133280147262016,0.16026415426617477,0.2184773732911724,0.17085508400375007
2014-08-06 15:00:00,DEHM_BD,0.5693131588865908,0.53551522186387,1.2159619831568165,0.3601399004985471,0.29754682171426694,0.24728013506095914,0.4054597980003152,0.14190563530942996,0.17911899032268652,0.2544780643674923,0.18197613998358658
2014-08-06 16:00:00,DEHM_BD,0.5899571811470529,0.622689927765506,1.2974920380168151,0.15726037810060337,0.29017508797472336,0.4260524767587006,0.13148789295637214,0.18083993415549848,0.22239685530377484,0.31483882252706263,0.1823269131049848
2014-08-06 17:00:00,DEHM_BD,0.5872179647785167,0.5495746020767692,1.303814052301651,0.18336177420669272,0.3079877569276699,0.458049018931532,0.13952825737156546,0.25179623079039715,0.29352595293919853,0.3562491744584267,0.1627552788120439
2014-08-06 18:00:00,DEHM_BD,0.5536849250324418,0.46023761464331875,1.2513506618893477,0.17917296393339358,0.30271351977319444,0.41769202088432894,0.141003577626383,0.35720239947720417,0.35725025381423475,0.3773826310143238,0.15355372091570568
2014-08-06 19:00:00,DEHM_BD,0.5307529020880778,0.43942180162836786,1.5959599694303548,0.17359170143365935,0.31837387211401,0.6064520238927612,0.38898642470338235,0.45121664862468824,0.43740587308700385,0.4065547792429673,0.1649340126976268
2014-08-06 20:00:00,DEHM_BD,0.5197725194992509,0.6465956402786692,2.3855589786249616,0.19163852000411802,0.33354225964765993,0.8266843731733622,0.6547803475022361,0.5142843950754368,0.48983268637525706,0.42986881706855123,0.17955250426390088
2014-08-06 21:00:00,DEHM_BD,0.49524477576733383,0.9637298469637025,2.8698572481301574,0.22505164423005186,0.4006121120144565,0.8303656646015685,0.7322253946944383,0.632814304703035,0.5316905724157552,0.5167933310349734,0.19071060356619116
2014-08-06 22:00:00,DEHM_BD,0.48684410996133454,1.3510030196149534,2.876128654175227,0.23379409658268638,0.5819684712845761,0.9753831046075195,0.932784208870769,1.2138967155897618,0.5783464439277096,0.6612938287252293,0.19787227104628838
2014-08-06 23:00:00,DEHM_BD,0.5712130414102813,1.8034768583379384,2.868210054162066,0.3874430552246556,0.7847820124996361,1.2589925959485175,0.9958016753093343,2.177794427256659,0.6459617592438791,0.7572563202726244,0.20114064754122693
2014-08-07 00:00:00,DEHM_BD,0.5661437679527316,1.455383747560245,2.572949370983916,0.7834139810375232,0.9436099588971119,1.5546311236802968,1.2710493865917845,2.7741381323052945,0.759100680943601,0.8356041485898602,0.20034295120231602
2014-08-07 01:00:00,DEHM_BD,0.46995413828888616,1.2695705290347883,1.5150972763777317,1.2208591859250346,1.1177087173463311,1.6960986467771708,1.6862028964080997,3.107494932641834,0.851163787329519,0.858282553089603,0.19785548124581073
2014-08-07 02:00:00,DEHM_BD,0.4570756040560099,1.0584410863417557,1.357326479533882,1.6315170046935734,1.3369682808504346,1.7244234606612636,1.9256091349514677,3.225905133972913,0.8937721788269652,0.8347221206826787,0.19175318286244755
2014-08-07 03:00:00,DEHM_BD,0.5093973085047093,0.9503083942135653,1.4566449747515584,1.9114838149456093,1.3050851640247556,1.7794256417498364,2.0536346968663843,3.028875544510782,0.8653644865759089,0.780462641016963,0.18368836734355296
2014-08-07 04:00:00,DEHM_BD,0.4133411128428868,0.9125316291042804,1.6456942900545453,1.8108420548703648,1.2020746019643544,2.3341958091223614,1.953370898523575,2.769610114400536,0.7786547616884484,0.7157547763143857,0.16740366355314026
2014-08-07 05:00:00,DEHM_BD,0.3581855759198229,0.9618414048152062,1.883453944086459,1.2850035735520782,1.0327660478501022,2.560156778473675,1.812421848350161,2.55539791410774,0.5936551731536909,0.5001352820882261,0.14690979511558055
2014-08-07 06:00:00,DEHM_BD,0.3459901849049271,0.6812084399562475,2.2311241687550867,1.1094497318060652,0.9787976650222019,2.3058570132634473,2.1931662490049755,2.526717681518197,0.4582952736678533,0.2961117724085573,0.14410606893612588
2014-08-07 07:00:00,DEHM_BD,0.31841801708089407,0.34044720585259536,2.382300884085025,1.4775844453854359,0.9551131426403112,1.9588186390570437,2.366987377390115,2.3242424844710157,0.403666437770943,0.2683948705958393,0.144793813344905
2014-08-07 08:00:00,DEHM_BD,0.27872118768059645,0.3352669977010966,2.7006792725198037,1.7808448511435393,0.8976779284459165,1.8701916032783465,2.289507303310954,2.0191343767669006,0.3859563124455253,0.2398374410014584,0.1480606770258953
2014-08-07 09:00:00,DEHM_BD,0.25564069069120915,0.40465405071533433,3.049151835090146,1.8941388526092708,0.807573722518254,1.8874361112231366,2.2211108093442142,1.6804408081253726,0.41506482186657134,0.23631073567468544,0.14747028171891588
2014-08-07 10:00:00,DEHM_BD,0.25209374404185664,0.41233047988037924,3.1213791628192933,2.069207393432795,0.7153035965107194,1.9063743315995811,2.094659268936357,1.500254347650554,0.48831486171515764,0.25536801403317333,0.1403281915517018
2014-08-07 11:00:00,DEHM_BD,0.2801234775108144,0.5922854614627885,1.5451820563514262,2.105489294568138,0.6811883064530789,1.8951072996150913,2.0867123968628656,1.3848529289669345,0.5039055931454365,0.341992341489863,0.12938142926983756
2014-08-07 12:00:00,DEHM_BD,0.3633642355796217,0.7392785974393663,0.5074116005001752,1.9255860711874724,0.6838858686416968,1.9873911361179875,2.2250338301074644,1.1094208399342005,0.4914771579311345,0.46822929993049595,0.12057625906812984
2014-08-07 13:00:00,DEHM_BD,0.4045234842425503,0.7317205230019649,0.17252705655569783,1.9153955143503298,0.6249500532665847,2.172990882216166,2.3136090968194134,1.0025579503684594,0.45488643981122867,0.4739249855249421,0.11787300655503294
2014-08-07 14:00:00,DEHM_BD,0.423585525176972,0.8015596450707083,0.05603275683686775,1.8239747151646426,0.5858600071487947,1.4648926700958818,2.069784544385678,1.151430742308616,0.4053587856781045,0.3648434220109017,0.11977051029773308
2014-08-07 15:00:00,DEHM_BD,0.44537426695373367,0.7930010796176578,0.07190515041473941,1.6991014480184856,0.5324570574019476,0.652132135195413,1.9217454998619452,1.2857958072116356,0.36369056964245683,0.3584765815476216,0.12485154028244803
2014-08-07 16:00:00,DEHM_BD,0.4403079697261587,0.5936654078446602,0.1435159619713341,1.510556515023271,0.4905152938014221,0.5270554013280349,1.2334463645080675,1.1482327498094878,0.31894740331468757,0.39714932856512597,0.13088243908774047
2014-08-07 17:00:00,DEHM_BD,0.3418201621105824,0.3578985135073168,0.279977683177823,1.498383008537611,0.46858554212490083,0.5430098897531491,0.71938410556327,0.9090725648531672,0.26579619077449884,0.31593138666273995,0.13763613656392543
2014-08-07 18:00:00,DEHM_BD,0.3546968848220176,0.06371916840624761,0.29029887013841876,1.1615008709089905,0.4696739855138024,0.6970686772865795,0.6432616934470086,0.7647333080368084,0.2565191600069346,0.30152562061994453,0.15290798591283442
2014-08-07 19:00:00,DEHM_BD,0.3635290528553531,0.04460596589383514,0.32643785656800484,1.3357202081748447,0.49471222706940016,0.9752281579631541,1.1417927790060776,0.6889529870141384,0.2600059094926264,0.35094102451350884,0.17331118124626896
2014-08-07 20:00:00,DEHM_BD,0.37059229116352316,0.08444993387951853,0.3917730209674034,1.8372915751885155,0.5451519533811486,1.2091764955496478,1.5242759655695612,0.7624089018348563,0.2594370934237014,0.38628971651218946,0.19902789349294275
2014-08-07 21:00:00,DEHM_BD,0.4646831184138531,0.19063924866170973,0.4120992350213556,2.273107121283715,0.547113594841836,1.5620847699276843,1.8335461119106553,0.769848431172967,0.2611625414132134,0.780484510736638,0.2313554664946545
2014-08-07 22:00:00,DEHM_BD,0.7718317423093866,0.4988115843940089,0.4173020872210711,2.6202398479755997,0.5759366959285084,1.9324789965048845,2.1813455674786226,0.5806011946403233,0.27483402609498303,1.6350676161020492,0.27035983954855036
2014-08-07 23:00:00,DEHM_BD,1.4575468308356347,0.6504315201035838,0.44918696681806813,2.7545051407935457,0.6876234508227697,2.2510260032743803,2.582258469952481,0.34707756109848614,0.2873436843129406,2.4568786444008275,0.3039244272585736
2014-08-08 00:00:00,DEHM_BD,1.7573130425010732,0.6146456271057961,0.4321004537077712,2.916523108000786,0.9574993111341212,2.580369826511239,2.9785728688324857,0.22267894620046003,0.297356779889944,2.806669489863747,0.3240699374997693
2014-08-08 01:00:00,DEHM_BD,1.3197368289463514,0.5584672035069578,0.4427930381188226,3.1442971357471823,1.3631273684976668,2.9853835179449044,3.3122160890803225,0.17539728582115832,0.318034762441259,2.9770848456472856,0.33076919286590517
2014-08-08 02:00:00,DEHM_BD,0.6878316168176872,0.5309444005418551,0.45732199938582246,3.411759029468195,1.855415967992898,3.42741926120499,3.6353642001255304,0.16145946490678587,0.37822241028858244,3.2336637483787847,0.32712656518449773
2014-08-08 03:00:00,DEHM_BD,0.42346853616905855,0.5596532644308765,0.48127683005992994,3.8241987354813385,2.3669606373391114,3.6865847361432014,3.920232069916769,0.14637623810820735,0.5080197344778128,3.6513609339108926,0.31891411988701995
2014-08-08 04:00:00,DEHM_BD,0.2739399651739653,0.5899482294110663,0.4778081431941885,4.176655859235314,2.6261506074364993,3.7332514097394376,3.92221945132171,0.1322897425130149,0.7355748859134066,4.008525362275162,0.3151664311134995
2014-08-08 05:00:00,DEHM_BD,0.24025419896372582,0.557875229142331,0.389827973033795,3.463112302240416,2.499456678844183,3.639940510593625,3.721828267864811,0.13157448508878228,0.6111820207122713,3.578235118198344,0.31826069814412
2014-08-08 06:00:00,DEHM_BD,0.3032300734901054,0.5379792270555491,0.3375240823107585,2.6119796578837793,2.3752126525027872,3.5746604831445543,3.2739905942719263,0.12258319452592288,0.24779157181425715,2.7854728116315375,0.3101793960502557
2014-08-08 07:00:00,DEHM_BD,0.3736390027660689,0.4771907263050722,0.3408162323461146,2.387631503148582,2.3326158020317624,3.533230786782524,2.8496538207638835,0.10708355351212884,0.2091960848317526,2.1012140532712733,0.30811557025795566
2014-08-08 08:00:00,DEHM_BD,0.40032275382410726,0.4537618937716452,0.3285694252519541,2.0147873541130856,2.436096527946048,3.404193622763394,2.76033245372611,0.09806655881033738,0.27547289739499314,1.5136888782644458,0.3150109824395189
2014-08-08 09:00:00,DEHM_BD,0.41507310420960175,0.4649565122678403,0.32632874939095674,1.6215428130596259,2.655023334301841,3.275951579873448,2.969291237680476,0.0922388951982397,0.3245827361373602,0.7175645948128959,0.32742260891078384
2014-08-08 10:00:00,DEHM_BD,0.4459260460305398,0.4369273111495381,0.3380079321598098,1.3123702603423426,3.046012728476739,3.160789213360809,3.387238784563362,0.08890265102430286,0.33665159466695027,0.1964569284870753,0.3455660351307904
2014-08-08 11:00:00,DEHM_BD,0.44697959202904247,0.34985355959789677,0.367234879992327,1.1854590809163557,3.3664230055131443,2.9592640819016633,3.7121323644356297,0.08336082645519041,0.327145567241879,0.1540586654531628,0.36332960072706094
2014-08-08 12:00:00,DEHM_BD,0.42466991542764,0.2607580722896623,0.30015748822781935,0.9477568562260641,3.117457288697949,2.5164893121687744,2.947630937212221,0.07882302492107837,0.32922995309013864,0.2570660477524716,0.37279721062570975
2014-08-08 13:00:00,DEHM_BD,0.4236037760356441,0.22684292109714688,0.23110104919786786,0.6382923667786549,3.0137049567405554,1.8889120907523902,1.8976055572461563,0.08227488655642017,0.3439178385593554,0.3092974010191624,0.3776151156411005
2014-08-08 14:00:00,DEHM_BD,0.429742734815888,0.21290839245468937,0.2142709128907718,0.4516930107430473,2.225268461507843,0.7949888272785034,1.0197354922564106,0.09662549085521,0.3432933784769823,0.31244672014909325,0.3809246564695582
2014-08-08 15:00:00,DEHM_BD,0.4237907878945022,0.19927893863045384,0.2054704207656473,0.42486504570518957,0.9487742084209061,0.3166783141894399,0.49266874162957003,0.1109080684928798,0.31157975297131213,0.3270727937284442,0.3772980829274566
2014-08-08 16:00:00,DEHM_BD,0.4062538985527026,0.14948506888324312,0.20288813953561693,0.34721785306120445,0.3316150326672289,0.20400370974893783,0.4239331920508071,0.1277573057374386,0.2882987754635694,0.3266649635262333,0.3458113736205625
2014-08-08 17:00:00,DEHM_BD,0.40227230882699583,0.14326646103041096,0.21169288353620078,0.333693353653668,0.20185055644523342,0.18115017472736983,0.38418310105028214,0.15179193325352955,0.28723021474911037,0.3264547852030989,0.3062614409557626
2014-08-08 18:00:00,DEHM_BD,0.39952938207349503,0.17236457241273168,0.20969348865625323,0.3958233145075949,0.16128493583240533,0.21569605334990347,0.37228905557165987,0.17173174576952696,0.27967524587337245,0.3217751482455117,0.29115437830426666
2014-08-08 19:00:00,DEHM_BD,0.38812280225927603,0.20113116535612222,0.21318766383656276,0.4242850488656977,0.1709556027018371,0.294425519627084,0.4677946158536396,0.18298448182945848,0.29305904191410115,0.3218456088184537,0.2756720661006276
2014-08-08 20:00:00,DEHM_BD,0.3747533311652231,0.20984672647244718,0.22772323404187145,0.317737927235277,0.2501840326035812,0.35581894512526535,0.4699699769873177,0.1953201042728648,0.3072710296202593,0.3226238262767457,0.2629710990703729
2014-08-08 21:00:00,DEHM_BD,0.35865582648985533,0.238719394561916,0.31258139851980227,0.22812424773587836,0.2723849408710653,0.37131806935452794,0.3461833211307016,0.2103994703274825,0.3497819241960131,0.36324969305610155,0.2540264985022399
2014-08-08 22:00:00,DEHM_BD,0.354301918514349,0.5561075086455693,0.6271848172796554,0.19562727914494404,0.18036823255409942,0.22276943283903133,0.24716176664203054,0.23577874768946766,0.44991671503304964,0.4995023833859116,0.24969730215697467
2014-08-08 23:00:00,DEHM_BD,0.3712350853353283,0.9758704817057627,0.8390681651904647,0.11774434713335996,0.11210606418848955,0.08777830880817324,0.16443196760252463,0.2544880602527595,0.41150602415632453,0.6368099335059283,0.2503175132331845
2014-08-09 00:00:00,DEHM_BD,0.33418860810387524,0.8764590841162057,1.226100977976888,0.0700287827808443,0.14104033516321313,0.04487776845629278,0.08001196570766554,0.2556265034388004,0.31573853845233085,0.6783009428470345,0.2512517441266428
2014-08-09 01:00:00,DEHM_BD,0.30619789719274193,0.7471068287191198,1.5583673163035177,0.05280787569335652,0.19726228877318547,0.2358783978895247,0.05957411047536662,0.24892695507355014,0.24902132143531924,0.6719954699578305,0.2499314571303984
2014-08-09 02:00:00,DEHM_BD,0.3154903048182826,0.9063851313316595,1.0622454798619816,0.05408271133818247,0.6694380935723706,0.6580180633001401,0.1497035138630052,0.2440882901387766,0.21771567601108904,0.7267581663136231,0.24622884701558906
2014-08-09 03:00:00,DEHM_BD,0.4564424250844284,0.9030742496126806,0.8230597557064934,0.054934515182356494,1.5032412072666221,0.6497626271133938,0.2503669161062779,0.24535615727322158,0.19779068995233615,0.7901080732135018,0.24293510258572654
2014-08-09 04:00:00,DEHM_BD,0.49831213575685096,1.00795038708124,0.9831290977627853,0.052366924543932186,0.9437659648836403,0.8404655801734049,0.1183422791539259,0.24340607522704624,0.18715020323339837,0.9271505287178751,0.23092029806970357
2014-08-09 05:00:00,DEHM_BD,0.2974495720359949,0.41508617570963774,0.537735655990751,0.06080347312236892,0.20843343148313442,1.355532957135641,0.16988428747326997,0.2550698795887268,0.17847995240871795,0.820675286776422,0.21555123547998198
2014-08-09 06:00:00,DEHM_BD,0.2178374027819093,0.2128848728880452,0.2461821556791876,0.37506708986012255,0.13831450926002106,0.3331082382950294,0.6147157013173987,0.3556368722109495,0.15544170819276928,0.3915806182372429,0.20795006757546702
2014-08-09 07:00:00,DEHM_BD,0.28255967354678885,0.2079634788247688,0.2924385092989077,0.25491260517559816,0.3684725879739223,0.19578280777862747,0.2598035659356205,0.4231727706125377,0.14006936288116023,0.38827106638412917,0.204541261118811
2014-08-09 08:00:00,DEHM_BD,0.4319721902953599,0.3236528255441,0.4186006855477834,0.259136045833344,0.9077695783551781,0.5693114711606035,0.2774107406316836,0.34513487374439833,0.13496489730165093,0.39299688864748045,0.2011851925111137
2014-08-09 09:00:00,DEHM_BD,0.4744216397763846,0.43160511241520433,0.500402300306987,0.6762113071796111,0.8411593402862548,0.9695812563059292,0.7887927462554722,0.26681234174352125,0.14568722684225038,0.37420928641534573,0.19672967560582433
2014-08-09 10:00:00,DEHM_BD,0.5818470763235434,0.5154494031865743,0.5229641591816022,1.2439951003796814,0.6564415271531603,0.9492506369115785,1.0728457636179773,0.2516474560721496,0.17183102422454388,0.47154763387796983,0.19406372798108099
2014-08-09 11:00:00,DEHM_BD,0.5209676892917895,0.6324724979128874,0.2168527592876529,1.5177838411870135,0.7421076325993425,1.0053295015485584,1.2228285818235576,0.22623912653634784,0.1759855530275817,0.492819453973202,0.1904642461937733
2014-08-09 12:00:00,DEHM_BD,0.5524930030906526,0.38343296759457324,0.13075120037737994,1.465147996747729,1.0519285975151136,1.1566697635787913,1.3405229891597432,0.21764684349507082,0.18336492130265655,0.4442102957902522,0.18546803199490805
2014-08-09 13:00:00,DEHM_BD,0.7203111850755382,0.11331275396135922,0.06056888965227617,1.4088634901968273,1.3478487780699133,1.1049918682779092,1.362590292609916,0.20755583854760964,0.24764766281396605,0.580526681841756,0.18828335947163005
2014-08-09 14:00:00,DEHM_BD,0.5202975588875077,0.049028422049554,0.043980414908254516,1.3233560369221689,0.8441843960165418,0.8079544595827348,1.156876270602441,0.20291176811367254,0.3173330842359176,0.728213705186136,0.19511094755767
2014-08-09 15:00:00,DEHM_BD,0.22463743076920492,0.05220876980877586,0.06536638546179677,1.3086785513584256,0.4920025906601361,0.4812650374318705,0.7991242237465968,0.1938882721182283,0.3654230943565768,0.4797695060223339,0.21545130798395506
2014-08-09 16:00:00,DEHM_BD,0.06526962932782215,0.07910541800562029,0.06371477645513145,1.3094936993817066,0.3499618884007818,0.38945435830277386,0.7371547291594929,0.08684982071162181,0.25194974232226597,0.18800347229967815,0.25413240812211896
2014-08-09 17:00:00,DEHM_BD,0.12033591280963701,0.11468475135805276,0.08015167129414699,1.082165050431723,0.29123599959991864,0.44976306766274665,0.7387760177232794,0.019325587300460752,0.10418981831197914,0.15089861881718938,0.29161380026767797
2014-08-09 18:00:00,DEHM_BD,0.22018216202870936,0.1258384613282666,0.1537379918986135,0.8997909711175676,0.3081729646263643,0.5822616741047656,0.8229813863998818,0.01265784005608806,0.07278088589635207,0.07402575899937021,0.3133851810305762
2014-08-09 19:00:00,DEHM_BD,0.22317915468021862,0.18830937812023332,0.2776775116717482,1.5592059591330032,0.3486923127164784,1.2174987033083744,1.582352249173617,0.024826228976597777,0.05278458886885338,0.10520711667950389,0.3205011065078018
2014-08-09 20:00:00,DEHM_BD,0.2460778648677701,0.27411194231553015,0.23497564575454288,2.1067571656723225,0.34782633399512597,2.04721197262941,2.3041448818174497,0.06795566987771301,0.06409482649444503,0.19520310321731882,0.32182026214347886
2014-08-09 21:00:00,DEHM_BD,0.26016994383209613,0.2613254434375968,0.1498822371987688,2.0850044229689506,0.3822610989629056,2.965420872489301,2.977695900463687,0.11377494277844269,0.07310678413360314,0.23648576970838597,0.3210559532555835
2014-08-09 22:00:00,DEHM_BD,0.2340011186217446,0.20315691656603588,0.1322081904762321,1.5717864107022583,0.6573934558282547,3.907083249803982,3.726302156702581,0.15557228148389063,0.06964601689646918,0.2275897780203365,0.3153408304765844
2014-08-09 23:00:00,DEHM_BD,0.2033810076137863,0.16350251382039457,0.21593171673202205,1.1654444493242428,1.5248680196536704,4.773427062285256,4.439358948963329,0.18831308981429204,0.07904980517947999,0.22643105640254296,0.3081325738332036
2014-08-10 00:00:00,DEHM_BD,0.1969274578417511,0.18998956473596712,0.4790691203465439,1.0204450922694013,2.981621349324386,5.296953092779518,4.20697638506519,0.19498683924952306,0.11626500473205172,0.22461243498290226,0.30314187830797096
2014-08-10 01:00:00,DEHM_BD,0.20186992065178114,0.47521920431024567,0.7847394989710332,1.0423683951973775,4.426880272828527,5.428169560066997,3.339876070216997,0.17712456995637965,0.19050041215262603,0.22963055176731087,0.2989732755799487
2014-08-10 02:00:00,DEHM_BD,0.2262374146985099,0.9065492980431884,0.9709775653894124,1.397493367535331,5.238717293687603,4.561669346705074,2.8446387585463833,0.14034823910526364,0.2245932631796618,0.320391277725277,0.293649735835354
2014-08-10 03:00:00,DEHM_BD,0.3030231114566755,0.9773759721993044,0.9994961540891022,1.0423051956970435,5.06769704428357,3.3661945900636145,3.4654114285736273,0.11066538653153922,0.19159653182269584,0.4690946275952036,0.2758967200583056
2014-08-10 04:00:00,DEHM_BD,0.38904292828497,0.8419093170904458,1.0982258546254744,0.46253723467670416,3.3692973046674113,2.9028010960714354,3.7230266655526085,0.10206655332566815,0.15902396885772763,0.6449705192728431,0.20540873675316276
2014-08-10 05:00:00,DEHM_BD,0.4567771240651839,0.7758059171448001,1.3368069486901835,0.306394927794151,2.341444858769062,2.925191970531081,2.372095421745599,0.10549738088367147,0.14970127967868596,0.6408845322105182,0.11691703018175781
2014-08-10 06:00:00,DEHM_BD,0.4016986650998541,0.6407994921555183,1.404557476251968,0.33086577316686283,1.8075474280597117,2.6292560904010274,0.8541353036468744,0.12871255799778844,0.1925130749208934,0.4030199953095777,0.0877487174121691
2014-08-10 07:00:00,DEHM_BD,0.2573880608102911,0.41623365813097374,0.9669070769210467,0.26969672424245156,1.6272208422379544,1.6588214214871482,0.330961576436141,0.16546353852007137,0.2569690011953982,0.2624892953867107,0.08452993182907569
2014-08-10 08:00:00,DEHM_BD,0.3319007993309733,0.6957037285491678,1.3417071305162762,0.20001291136313515,1.359857384286403,0.8810620164638272,0.2289993422405319,0.1844325402512382,0.2772613274326664,0.22040908196044265,0.090231934469497
2014-08-10 09:00:00,DEHM_BD,0.5132733114439726,1.1631452455212479,2.351926837029664,0.13690704369571152,0.663018217371921,0.6344530476302261,0.15232228189149535,0.1746551528052182,0.2659988575760133,0.3375766716205515,0.09744666717286436
2014-08-10 10:00:00,DEHM_BD,0.5304796662771748,1.2703239834116853,2.6302300302972106,0.09804119245413974,0.34657557800723104,0.3970032858947437,0.1206402252825967,0.20621694521063924,0.20328912245983016,0.48562550808204313,0.10367112150979095
2014-08-10 11:00:00,DEHM_BD,0.6009726394366077,1.4364713452599103,2.0846411739793744,0.09046869029629949,0.26070192965121686,0.19388759762070534,0.21705163948871598,0.3239649171352385,0.1547415812050876,0.47131825143503253,0.1051109092720329
2014-08-10 12:00:00,DEHM_BD,0.5521149211085611,1.3394482332762354,1.4939482117960612,0.07796856719838151,0.300862275533974,0.11452204612696013,0.13463665604881775,0.4312978303669765,0.14357726064727636,0.48424677195067506,0.10871775554473327
2014-08-10 13:00:00,DEHM_BD,0.5090614951663835,1.1520308054526534,1.088682313572807,0.0472008294085616,0.21950671925903287,0.10593140601294793,0.060658983485154645,0.33545006990879755,0.19288822101332698,0.4738359004351542,0.1104201146983268
2014-08-10 14:00:00,DEHM_BD,0.4427826189255946,1.0151956067904502,0.7997417874081898,0.03220142761843025,0.15518370055167,0.16894886680757967,0.031429509929809106,0.500048600721904,0.24966409240572468,0.41059750964501873,0.10864881933370667
2014-08-10 15:00:00,DEHM_BD,0.36559812266018,0.8245957157293166,0.6653750357802479,0.01748355225180357,0.1314045038252882,0.16557504775070578,0.011472465698535618,0.4830268197840149,0.26478925336302245,0.2862610049584437,0.10651858590228255
2014-08-10 16:00:00,DEHM_BD,0.30457675965811454,0.6270661195278464,0.5988565237170344,0.03312856224319188,0.09525589626675918,0.13291373690830394,0.022863246211811173,0.4935564950996102,0.24070820641922508,0.19149557725021224,0.10441972980999112
2014-08-10 17:00:00,DEHM_BD,0.23948051228596692,0.42484484410535234,0.5100040421389134,0.07795414532359944,0.10782465842602763,0.09785953650806811,0.03538946006491853,0.4644712489543156,0.2031501967249251,0.1912491586327014,0.10101711769237928
2014-08-10 18:00:00,DEHM_BD,0.2099122963051311,0.2839279860459405,0.3924367778043908,0.07210844679934618,0.15111860167499275,0.09675035978126757,0.05020886369459575,0.43546386629399986,0.16250604882254086,0.17798485649673343,0.1011109046375979
2014-08-10 19:00:00,DEHM_BD,0.19555750186086573,0.22990659420864995,0.29306865180727304,0.04996101264212796,0.1656482258520599,0.1068609736189329,0.08324188025907844,0.42048978883153104,0.12847185136271724,0.15530202253921296,0.10037167381626137
2014-08-10 20:00:00,DEHM_BD,0.18625760631046082,0.20424610913496577,0.24143421995535477,0.05893875695294549,0.18217812884788726,0.14166046708209543,0.110089013820524,0.382575427229159,0.11670632080352693,0.15425272762330083,0.09952453013917313
2014-08-10 21:00:00,DEHM_BD,0.20891309061659954,0.18569659372816905,0.20377404466920004,0.07792787535443986,0.20592656034217674,0.18175791731892782,0.12002610454236352,0.3575833850063666,0.12398411822595302,0.17856443183999746,0.0989177900924166
2014-08-10 22:00:00,DEHM_BD,0.20149487580495642,0.1243342062766221,0.09786581445858458,0.11624407257021596,0.16511910125020873,0.2515027577215826,0.29841825396407684,0.31453332297155795,0.11743925744129102,0.1749477295511517,0.09825199430610958
2014-08-10 23:00:00,DEHM_BD,0.1331673222621018,0.09013592573762916,0.05484911125437428,0.18924917016671372,0.17011278147131656,0.28822027829063374,0.4702103028901099,0.2576488739178561,0.12302275243173282,0.19375585384301658,0.09841138537781619
2014-08-11 00:00:00,DEHM_BD,0.08224406177219158,0.07985382282805982,0.05273298710449864,0.2443589627387056,0.1928847131791802,0.28085942174219003,0.4803364764539279,0.1624368666388419,0.13497045345218148,0.14913360937128536,0.09852648468065216
2014-08-11 01:00:00,DEHM_BD,0.07293263962474038,0.07326073572939971,0.08407723907514582,0.2935904248790212,0.1731788423636834,0.360045722083433,0.5106099419264337,0.07167689054500648,0.12791658803372796,0.06377874784208273,0.09937547975655785
2014-08-11 02:00:00,DEHM_BD,0.07993770560538141,0.0428341216163601,0.11666373372667344,0.26522575331293063,0.15776633140353477,0.4727460120719743,0.660086540110073,0.022296279286101034,0.09591152204014149,0.03436959000548453,0.10043008662778875
2014-08-11 03:00:00,DEHM_BD,0.05050347278065497,0.07600080274724158,0.08290583022341778,0.15845951417607096,0.13914406759190362,0.5096873452399898,0.5883882941912771,0.022608436791091088,0.06552337254361167,0.044646592824989915,0.10124041196533332
2014-08-11 04:00:00,DEHM_BD,0.10465226349559366,0.11593832779647824,0.05837031380122506,0.12082399180307596,0.13257899621292468,0.4598553448878865,0.4345348813328094,0.041352138566386365,0.04983848319725587,0.060248417597589095,0.10235025112318598
2014-08-11 05:00:00,DEHM_BD,0.1664278864799974,0.08969360956048256,0.053468842574447645,0.11263084485978207,0.12826364987076713,0.32925457662722857,0.2842184116721901,0.08377039542905688,0.04381389512303274,0.0842075278328507,0.10957959122325722
2014-08-11 06:00:00,DEHM_BD,0.16676420178321408,0.07180451104521106,0.05725381739785937,0.12591175648916328,0.1304464292172376,0.2146089727541277,0.1814028840309246,0.09009589281564741,0.06120547926627582,0.15673741747274622,0.12245770145428236
2014-08-11 07:00:00,DEHM_BD,0.14557871358672847,0.06473365573524373,0.056977940351189825,0.13592363305250407,0.14039164972719934,0.19692589319062348,0.18102979920830617,0.06354723449708419,0.11146757126528438,0.18280403873579562,0.13698299877360465
2014-08-11 08:00:00,DEHM_BD,0.14386372206715856,0.06658786272027054,0.06557965704616145,0.15666371143737096,0.1728961319589929,0.22804127150513448,0.19646642672670064,0.0550551298005377,0.09608553980351953,0.1686585318629023,0.15673245210968414
2014-08-11 09:00:00,DEHM_BD,0.13551620927823235,0.07820439257980552,0.0936422313044615,0.23972026210409114,0.2028776313253025,0.27596316179026603,0.2853249269772972,0.047886629430589946,0.08783417667729101,0.14491671202601844,0.19736561524838522
2014-08-11 10:00:00,DEHM_BD,0.155626610152507,0.09477370290357373,0.12110263893159562,0.3849460943207632,0.19553153333298853,0.29845819205594704,0.4186648452320205,0.030299586326449114,0.08488630407424015,0.13826901131972202,0.24351291114114362
2014-08-11 11:00:00,DEHM_BD,0.18555007268263948,0.12826373188903067,0.17071173350261407,0.5751677100174127,0.21020703369920124,0.3131875773857859,0.5690202528540277,0.023014608038754786,0.09605554874104201,0.195387846655352,0.25030608624778145
2014-08-11 12:00:00,DEHM_BD,0.1969829770089242,0.15855631534501083,0.2152189371040737,0.6621474064769083,0.27325754981629546,0.3902748597264708,0.6669425650809051,0.03488049822684373,0.10959890743342673,0.27097015865132673,0.21582504944780026
2014-08-11 13:00:00,DEHM_BD,0.1675822343915885,0.18059949319715135,0.2331997342063468,0.5669878559529176,0.30455811832381396,0.4085824249145993,0.6530927247109101,0.046244023162387175,0.11613452811129377,0.29294781151373395,0.1520552757965616
2014-08-11 14:00:00,DEHM_BD,0.1483830291214304,0.18744017491134146,0.20548397355880463,0.323246581583867,0.30926640229236313,0.29905996587279005,0.49914766490872703,0.06799032168295284,0.10857242618470435,0.3008117037491965,0.08738290157747235
2014-08-11 15:00:00,DEHM_BD,0.15070972400100188,0.15107467131849303,0.1608182302944862,0.1377004975527739,0.28496138323296794,0.19427177227652387,0.341680424279227,0.08122921618390819,0.11650126211063459,0.27627117569227577,0.04325884597629346
2014-08-11 16:00:00,DEHM_BD,0.1431872268678433,0.12082718886327762,0.13240503338732046,0.12864397948898426,0.2864375876393167,0.22049920996975497,0.22324290696565638,0.07843167375780523,0.1404505934964108,0.22598038881921928,0.03325930669044136
2014-08-11 17:00:00,DEHM_BD,0.13004976667237456,0.10368516827226665,0.1306597888305689,0.11394487902112213,0.29756349234058505,0.22886761583908188,0.17976159192114916,0.0723457781328995,0.1506076836743753,0.1762089850477574,0.0461595653624107
2014-08-11 18:00:00,DEHM_BD,0.12002040762358675,0.1032619861447114,0.1482415386070729,0.10424181469375964,0.30252147553637265,0.20195350492790817,0.14757908583156729,0.07479594182027266,0.13825829603471823,0.1503387999645308,0.06234203575659318
2014-08-11 19:00:00,DEHM_BD,0.10980539318445245,0.1119151331560719,0.16959507307809293,0.10317278346973839,0.30132429646897235,0.1893754434442314,0.13421545691925554,0.07789045630183489,0.11615165384190373,0.14004467377935764,0.06685916390353416
2014-08-11 20:00:00,DEHM_BD,0.10897568337250016,0.12289072451996123,0.1597774930176236,0.10588497198333656,0.3081188158994586,0.22479344014619285,0.14511583661846542,0.07981457610672223,0.10101358643527315,0.12663518940915647,0.06607429722939005
2014-08-11 21:00:00,DEHM_BD,0.11773848346261409,0.17085428010998924,0.12985613535971371,0.10413176054405746,0.2878811560948657,0.4209178888068382,0.2381059495910326,0.09493975604458826,0.08984435757648203,0.12499261215886746,0.07025783447492873
2014-08-11 22:00:00,DEHM_BD,0.1341798910981305,0.22673078228529409,0.12823885947949815,0.13565908615927835,0.24554770623330013,0.49565445880432046,0.4356635735535464,0.1102962347470866,0.09050878588433606,0.14394662191924043,0.07669857416611978
2014-08-11 23:00:00,DEHM_BD,0.17470984195602052,0.25896782420205317,0.14240617113733417,0.19914387032456166,0.1987761386305185,0.501673793572728,0.4818343500678389,0.11725656322062854,0.1036647031718214,0.22964150272797876,0.07920431854622995
2014-08-12 00:00:00,DEHM_BD,0.2771769351010245,0.4291090364406104,0.10708419080197687,0.22947561544536282,0.1940294466413464,0.5558451081423208,0.5236984841822513,0.10920648386291028,0.12579142851959257,0.4447079350759932,0.08119728843673735
2014-08-12 01:00:00,DEHM_BD,0.4723943073822359,0.4238617991916276,0.0679988096196389,0.27364660968062693,0.24064376182853242,0.6325524124305009,0.6356520579226737,0.0959012276283296,0.165512179396738,0.6885187359330617,0.08571192213442423
2014-08-12 02:00:00,DEHM_BD,0.7856118266725796,0.4369123959505201,0.061732393918334745,0.35017637368328247,0.2961038596277497,0.7318235296477913,0.671704046613905,0.10471459214625876,0.19040997956345632,1.1362135512101303,0.09474484476801988
2014-08-12 03:00:00,DEHM_BD,1.2461025557674752,0.4974739178612469,0.06581396386966051,0.38611463299064686,0.3198173780547967,0.9022137453348096,0.7870571148709253,0.1120803431867958,0.1745478591797876,1.654815509084197,0.10535824123376064
2014-08-12 04:00:00,DEHM_BD,1.2017415289930864,0.2890351970334293,0.07348474175714198,0.39096666430696075,0.337780471195774,0.9607262564082489,0.952950674252981,0.10041191589985957,0.16833127368577533,1.9126560625363467,0.118045692960622
2014-08-12 05:00:00,DEHM_BD,1.2687131181036373,0.13826070348406205,0.09264445482991218,0.38619300390753764,0.3481699090538173,0.8274134067522269,0.9325164629826334,0.08856190489776657,0.2750042851654509,1.623096472244729,0.1255884821847936
2014-08-12 06:00:00,DEHM_BD,1.238811037283493,0.08876100969545425,0.11233899326114423,0.5213964614000356,0.3471627205994864,0.7049549020536057,0.7834572427180198,0.08194381449335697,0.2798053135121147,0.7659732772314687,0.11916513328238909
2014-08-12 07:00:00,DEHM_BD,0.914098717881739,0.09420562381012229,0.13914843447761124,0.5876003666653158,0.3255906520205083,0.6253481658449861,0.744146638667453,0.07274894361432632,0.23204240227201017,0.578196769695687,0.11801496164430031
2014-08-12 08:00:00,DEHM_BD,0.4303251953510334,0.11396299299930332,0.17219596559322425,0.6094787488465988,0.31847264861438407,0.5629282303023708,0.7084113282504073,0.062352401649104265,0.1459416266775782,0.5593486095323132,0.12688870452749412
2014-08-12 09:00:00,DEHM_BD,0.32467475807472124,0.134146741527803,0.17445641475965257,0.5119236187508375,0.331090535191521,0.5297566063478215,0.677168636167083,0.05676551146047164,0.08845953124411392,0.535646412007492,0.14522824116660166
2014-08-12 10:00:00,DEHM_BD,0.31087120325854034,0.13570838637186897,0.1650435941873117,0.48500418220584735,0.3382939281364018,0.4705654088825918,0.6723944447330594,0.052448712025487794,0.06402948921862969,0.4875858438545185,0.15910489881628773
2014-08-12 11:00:00,DEHM_BD,0.1699743790688551,0.13323934499861192,0.16843766016539183,0.47741681839516137,0.3704480008913576,0.4512017921346611,0.6599477237997342,0.0507157763052836,0.07513709922149765,0.4212353125441073,0.17378408871851386
2014-08-12 12:00:00,DEHM_BD,0.11988859907011025,0.13219007844799655,0.18210420630276192,0.47499702530426546,0.38688494364470233,0.4773736078358441,0.7591727981955021,0.051322908886005665,0.10445127113007006,0.3218605848318803,0.21297138022553153
2014-08-12 13:00:00,DEHM_BD,0.13932530682862726,0.11647386946039727,0.18547211784403758,0.5095913204463197,0.38126060500770786,0.5701162907337163,1.0472991247442085,0.05229684890624363,0.12111970656635218,0.29523812932577204,0.27108370217157346
2014-08-12 14:00:00,DEHM_BD,0.16453329263702945,0.11346955810278635,0.2145656655942276,0.5123349296850954,0.393331576405093,0.546204934554803,1.0875987594894483,0.05711510451432892,0.11976828846059723,0.2881124909202614,0.31421495779338
2014-08-12 15:00:00,DEHM_BD,0.1741492942301881,0.12041979380650898,0.2342749745490587,0.3433538622388226,0.37449249724449574,0.4867539519891212,1.0387985306611582,0.06487139238439578,0.10549767297880705,0.2673150124971626,0.27518014273031144
2014-08-12 16:00:00,DEHM_BD,0.16896611804277392,0.13390859240344946,0.23685239423798854,0.1563488604082455,0.38698040406659234,0.5041172668666275,0.801923279273312,0.07643154520101603,0.09753148411989201,0.2759609584857715,0.22327135208868182
2014-08-12 17:00:00,DEHM_BD,0.15583468755320165,0.14325917711346398,0.22586080310781476,0.11020528980679571,0.3645684766490756,0.505841382570675,0.7339772747727276,0.08278554006507356,0.09964584155082451,0.28998629040447105,0.18414793029101612
2014-08-12 18:00:00,DEHM_BD,0.13870533296577378,0.15455687312719624,0.20491377310576833,0.0995183195691909,0.3352212328778206,0.4548229557528698,0.6453083309557637,0.08445950614300707,0.09730733287736401,0.27766156854106133,0.1490056689618812
2014-08-12 19:00:00,DEHM_BD,0.13924331371242396,0.17616308965943578,0.18859157236713675,0.11159415101470942,0.32117875451020883,0.5922936831669741,0.4687462057222812,0.08351362512807872,0.0909309960115418,0.2850291477559876,0.11528101239745908
2014-08-12 20:00:00,DEHM_BD,0.1675266027513483,0.19153163862207903,0.1978983922559441,0.1328954562334386,0.32373563107497977,1.1016112202707193,0.4379212802429142,0.08306202428260945,0.0899538090474998,0.28153452992231764,0.08807481102315493
2014-08-12 21:00:00,DEHM_BD,0.20225340100452996,0.1815101717190063,0.20910988348133142,0.19155380225418467,0.33739906217526644,1.6069818318698368,0.5409042063447421,0.08574130356895748,0.09210503036678709,0.2096973385307271,0.068042585691497
2014-08-12 22:00:00,DEHM_BD,0.2064716818125347,0.18659583405764682,0.20852189762370096,0.33568121337118956,0.3289250652455537,1.9011216393243195,0.8301175368613919,0.08984738303348343,0.09683961912169754,0.2082935167094616,0.055140209795644685
2014-08-12 23:00:00,DEHM_BD,0.20207378995633551,0.2091946754923561,0.20036676175947282,0.5742782636564095,0.34565332030199464,1.8705315523697095,1.432551076414796,0.09484700853061233,0.11353419139416882,0.39307821144982624,0.05076935590643084
2014-08-13 00:00:00,DEHM_BD,0.2151839302082032,0.22839460186617766,0.22693288341515488,0.7939851102230174,0.36844213185869146,1.8497954539126713,1.993646075387431,0.11024971370179458,0.14263787913547346,0.6617692170442652,0.05272892696258799
2014-08-13 01:00:00,DEHM_BD,0.30294054495479555,0.30374335838353106,0.2890249839009485,1.0535591758424938,0.37289296726349735,1.989375188575154,2.115497331097043,0.13670058506836047,0.16153682641608627,0.8061692641416823,0.05832554687410475
2014-08-13 02:00:00,DEHM_BD,0.43263903708240525,0.37888806388205787,0.26900354023800155,1.3015494653034663,0.39159996843751516,2.1598347325295766,1.8218917581894851,0.15069002252196073,0.17701935653359618,0.8382197099790633,0.06363156856471294
2014-08-13 03:00:00,DEHM_BD,0.6958929349057404,0.46805061742910925,0.18984375884191937,1.5002653218251871,0.4171427679866551,2.346432994768274,1.988229367074357,0.14892533813512993,0.20338465753007665,1.1836763011066045,0.07449925320014632
2014-08-13 04:00:00,DEHM_BD,1.4258519846083868,0.852925540663733,0.19751235225419903,1.630391794291168,0.4327533433880376,2.549907652538155,2.262517073843868,0.1395396165860892,0.2220346232864073,1.6112460610783628,0.09021454325784692
2014-08-13 05:00:00,DEHM_BD,1.8189405071253328,1.2650268011431098,0.16070666888119858,1.5116157440248879,0.46382792817503204,2.3619484607978443,2.2927348467945734,0.1267860931792351,0.20464267561214036,1.6491455954856704,0.10052464320289412
2014-08-13 06:00:00,DEHM_BD,2.2796887638033563,1.0256865593800333,0.12183088178156269,1.1959908460752584,0.45528885375738126,1.5608800462943613,1.798918586110957,0.1170062780653719,0.1735083482524472,1.9045638137871492,0.10011573907835854
2014-08-13 07:00:00,DEHM_BD,2.4238440229298885,0.7041665578733115,0.11983743818035167,0.8743020748564991,0.43830985644198933,1.1145941382152704,1.3246441566562737,0.09685615236483508,0.14713330855370485,1.9872687633217356,0.10494526191952165
2014-08-13 08:00:00,DEHM_BD,1.5404738051159657,0.3373119452994292,0.11638232454760916,0.7693235464664606,0.3737338410090095,0.7853818808761867,1.1037622301892587,0.07769641548441708,0.2346004912986884,1.4686035381759632,0.11303565741081013
2014-08-13 09:00:00,DEHM_BD,0.7675201437893696,0.19478541334401112,0.12283520158692947,0.7327230128470995,0.2962569229674338,0.7436868070349888,1.041167299343655,0.07758135668451653,0.4017266620306949,1.0025923383463917,0.11371067426199079
2014-08-13 10:00:00,DEHM_BD,0.4801864814205932,0.11676030732074039,0.13842361723101693,0.773554908117412,0.28819670099772504,0.6824264813795615,0.9341456975468247,0.08192043791822876,0.5734208478264602,0.740391198908044,0.1112466505441429
2014-08-13 11:00:00,DEHM_BD,0.35626885869445263,0.10526249606722478,0.1419990350483357,0.9462821641867887,0.29975061490103583,0.6073035969829,0.9735725639876955,0.08226488940687723,0.587897296494562,0.7704584755617007,0.11355672385819474
2014-08-13 12:00:00,DEHM_BD,0.29016382009440556,0.12416723064074735,0.12879608554763705,1.2244366571514378,0.3187768781036138,0.5135633856285642,1.2075222761265887,0.0876894066823704,0.5132689497965945,0.7392709338826684,0.12154531720882618
2014-08-13 13:00:00,DEHM_BD,0.2884539331243838,0.11876646971713277,0.11543545648740593,1.4776566963733195,0.31278825990524134,0.5169766090847085,1.2553497010135883,0.0935268962366028,0.5060125614893809,0.661172067550784,0.12996586012462144
2014-08-13 14:00:00,DEHM_BD,0.3702540218122838,0.10812496639976733,0.10420284695717036,1.6880991171386441,0.2816223374948835,0.5067775999608635,0.9914248005566024,0.09232878510032999,0.5281390587216988,0.5807685277771018,0.14363494724026868
2014-08-13 15:00:00,DEHM_BD,0.4709657070267944,0.10676922476476043,0.10306329545446652,1.6133877945896473,0.2577833510422053,0.49393517466552783,0.8958677522287333,0.09230215482987449,0.5575576949039195,0.6258621757357636,0.16308055536116922
2014-08-13 16:00:00,DEHM_BD,0.4546745540239812,0.11852726343397267,0.1160558293090479,1.1812923662825912,0.25951485006633196,0.36754202113423073,0.898329957184681,0.09275087930467901,0.5130884382907335,0.5788667402661871,0.17668813751035678
2014-08-13 17:00:00,DEHM_BD,0.39530461177668763,0.11866438367108459,0.17890811843271817,0.643070358607974,0.2556796039129233,0.22082284715790837,0.6041652498582692,0.09773622460960163,0.42238854252967806,0.40778176508879216,0.18074912631810178
2014-08-13 18:00:00,DEHM_BD,0.3375478581359336,0.11563745187657525,0.24267831365941317,0.4162014366382052,0.28226109480007067,0.2408437448404024,0.6432070211071885,0.10194193451867255,0.32380068694078407,0.3216744265309979,0.17885946118251247
2014-08-13 19:00:00,DEHM_BD,0.3465912105640105,0.12018025567580601,0.2693803077919826,0.5777804154850211,0.31112472160788707,0.4937354796754958,1.0765481601343896,0.09857753720519685,0.2852327457390489,0.33651074276287785,0.17644125503583324
2014-08-13 20:00:00,DEHM_BD,0.3708607273655722,0.1305976452021122,0.20306144785478702,0.835953174453544,0.3345500109764886,1.0185564092138302,1.1804525433140982,0.08907685159791089,0.26755194932357634,0.5681106644686706,0.170714441469912
2014-08-13 21:00:00,DEHM_BD,0.40359549468267475,0.15917111325155367,0.18061133541243138,1.2183653792087,0.328607956265453,1.7285616511229522,1.5854151038414024,0.0793906747411729,0.24514718609114183,0.6778117715842898,0.1663827413535052
2014-08-13 22:00:00,DEHM_BD,0.626593860141414,0.1958462524826318,0.17210063662148076,1.7908511420540678,0.3077702621319517,2.6271875347960867,2.4541340557906826,0.07354306404992926,0.2206865758624675,0.7603688091030956,0.16977508826731175
2014-08-13 23:00:00,DEHM_BD,0.9191594126056062,0.4312220743809362,0.14234837893201957,2.558206264526348,0.2840764199415826,3.5334834594781794,3.10630623161374,0.07240423202361963,0.2072996864942137,0.9042256255757899,0.1859770402024649
2014-08-14 00:00:00,DEHM_BD,0.8345735523616085,0.6404551831783493,0.10909710716592132,3.7142638616567223,0.2719412118125007,3.9301070329294108,3.9600949617856376,0.07466022407799351,0.19637654825648837,1.101185131912339,0.20726906747944063
2014-08-14 01:00:00,DEHM_BD,0.6140562310263649,0.43729496615857577,0.0958568781206337,4.284609000414789,0.2934916941234189,3.2598026664726203,4.085890522474714,0.07548892011830409,0.17306401458965895,1.3078063277621437,0.2185313467282032
2014-08-14 02:00:00,DEHM_BD,0.47248405740333843,0.3453578714961417,0.0990308339697774,3.628243213982511,0.32238681149146053,2.201854073940567,3.3767816157056276,0.07397617366322873,0.16267228399148603,1.6119047383777207,0.2225477648226264
2014-08-14 03:00:00,DEHM_BD,0.43069844528459755,0.31355065258007253,0.0980998961277538,2.398546694145359,0.3785368475457512,1.6481307380741648,1.8302644537611394,0.07008365360897233,0.16400667729683327,2.007303382925536,0.22416963963706496
2014-08-14 04:00:00,DEHM_BD,0.39423273093363964,0.30714956477550076,0.07661642734657734,1.7541192616665353,0.4192366431685163,1.7502432577952463,1.5269170962252,0.06432762650526934,0.17639771758952863,2.155729584701208,0.2235642395670292
2014-08-14 05:00:00,DEHM_BD,0.3991720666679203,0.2860115023800031,0.06650964190914287,1.4997274057561603,0.36847584284938395,1.6356406033308757,1.5285669496061212,0.05711385612196683,0.19442120451302958,1.5043312241457936,0.22125360568265418
2014-08-14 06:00:00,DEHM_BD,0.37831007612541306,0.19986740826660757,0.09025485469937314,1.2513029515875078,0.31074613369116544,1.223943538548206,1.4259305250223537,0.04630186306929613,0.2155185707302343,0.5811581920471699,0.2213049255388928
2014-08-14 07:00:00,DEHM_BD,0.3583672197506389,0.12376661760992824,0.11231413278671903,1.0712864426549191,0.33619752471394826,1.0704659218355943,1.3812207848020142,0.03565607451771727,0.21448434414063575,0.37397019558687217,0.22449346579559137
2014-08-14 08:00:00,DEHM_BD,0.3322736349747888,0.09703237778644057,0.10437384362817034,1.1569303240858106,0.33527523790016756,0.8461860421787342,1.4186021629531296,0.02853143933379979,0.1842397756898681,0.3118049394214991,0.23344801437695722
2014-08-14 09:00:00,DEHM_BD,0.32475578431779506,0.08584940075754056,0.09196900972585638,1.2537464611473481,0.32546355705767854,0.6060392807542717,1.3307377579473167,0.024099907897041587,0.1739028289682416,0.26471667783169983,0.28495281945268836
2014-08-14 10:00:00,DEHM_BD,0.3061372071511716,0.08767706505664034,0.07520303536402277,1.2514375996479636,0.30507851136535397,0.40997399762266307,0.9235611099163605,0.02092064324279556,0.17265902158593746,0.21506372798982995,0.41698803078055136
2014-08-14 11:00:00,DEHM_BD,0.2643389033663178,0.09011914276607387,0.07331149866898534,0.9160833566197624,0.25920280737094575,0.2786552832442055,0.4970293087336175,0.01884483512681703,0.16768450198416576,0.19164328258328825,0.550466561592277
2014-08-14 12:00:00,DEHM_BD,0.26562398823481037,0.08292788992009259,0.08477462361003839,0.3985095516645954,0.23159972643703203,0.1993431255106405,0.3697283854011421,0.017978360679159294,0.16735321454549187,0.17423557899691147,0.5529104481608373
2014-08-14 13:00:00,DEHM_BD,0.2683212282532033,0.06769017205596066,0.10175707086179389,0.20242593384809368,0.20115562605326978,0.18211058128103957,0.3055036296738694,0.01870010001759768,0.17884213014853168,0.15802515574080386,0.4996222902920795
2014-08-14 14:00:00,DEHM_BD,0.21902390597792334,0.06410747569432701,0.10905355588216313,0.13872576460067051,0.1988300898715293,0.16986101328505074,0.19071668971789554,0.019312004062478214,0.18198279400432474,0.15623052246785243,0.3989711374212498
2014-08-14 15:00:00,DEHM_BD,0.1482245841961818,0.07209813031477375,0.09308467258080827,0.16905789263086388,0.2268686620338353,0.14638954350031427,0.15101691139252474,0.018797178819686153,0.13831618939172458,0.17983204778218329,0.2877604498684804
2014-08-14 16:00:00,DEHM_BD,0.12163869646042565,0.08499265060107447,0.08664965907443294,0.21378094038351778,0.27146578932277843,0.160803777570084,0.19288324157097247,0.018002807367934914,0.08640642624328018,0.228889507386558,0.23549776505982345
2014-08-14 17:00:00,DEHM_BD,0.10252700409073832,0.08785769016608112,0.10659712020859109,0.20779817717073826,0.317999818088198,0.19460661087343842,0.21571936066494898,0.019347593184793673,0.0679992073588858,0.24008315936668465,0.20541293029610952
2014-08-14 18:00:00,DEHM_BD,0.10111605953869392,0.09120347397765864,0.1314788370535662,0.18626305223384718,0.3610128916487563,0.3056238007556798,0.31540004218195367,0.021172302383186046,0.059740743040184376,0.19163905574024367,0.19758539010156353
2014-08-14 19:00:00,DEHM_BD,0.11263801462515245,0.1113131234169814,0.2047197210007532,0.5185681216466735,0.4925474162036971,0.8792619870866375,0.664623969800441,0.024267347428830743,0.05626189555696628,0.1274709736142811,0.18983346865712467
2014-08-14 20:00:00,DEHM_BD,0.11691432950777687,0.1415678197123249,0.26791015758309505,1.058827580017539,0.6649053711814759,1.6534285415211645,1.107266998866709,0.02787938977440061,0.0590204333842693,0.09803077863799371,0.1770332056737172
2014-08-14 21:00:00,DEHM_BD,0.1099126411859295,0.20675067593077912,0.22745669204402708,1.672814034600496,0.7669841618236619,2.45080561522541,1.7405772839493288,0.028786394047513517,0.06365740099903539,0.097939404228875,0.159987143418034
2014-08-14 22:00:00,DEHM_BD,0.10246388449542902,0.28219271309108696,0.1909455174696072,2.5122723551965143,0.9544545939069706,3.3401959438874376,2.5789423727486205,0.029197486188732948,0.07807345895684653,0.1030985198354113,0.14064424516645788
2014-08-14 23:00:00,DEHM_BD,0.11925470966623616,0.2856445346148031,0.17398290889453125,3.2907358820655572,1.2994172413105052,4.240897038351822,3.6203741994825394,0.03040505681005212,0.13291210873056195,0.11796361674506192,0.12199315048124447
2014-08-15 00:00:00,DEHM_BD,0.16665005298561403,0.2506878371578848,0.1679153327907621,3.980361156640254,1.3817166433278658,4.741812295802261,4.777114715998013,0.03068631907222421,0.17776296414367843,0.14561687411811483,0.10862883431887531
2014-08-15 01:00:00,DEHM_BD,0.2052761649353428,0.2360732653153243,0.17116397458814073,4.742930290158394,1.1374228215389883,4.677582313057907,5.688510570116311,0.03017289716562356,0.21460955130262288,0.2510442112166702,0.10094233882187356
2014-08-15 02:00:00,DEHM_BD,0.22441965129140742,0.23740678131262527,0.17242897816848005,5.124935945503461,0.8265269532897881,4.4788736283268795,6.204298951120964,0.02747947559324291,0.23161134569104747,0.40837316895011805,0.09514065608969074
2014-08-15 03:00:00,DEHM_BD,0.23152255525946602,0.2433106468564853,0.171420211518444,4.8442693657063955,0.6277041666337474,4.507900371626371,6.264921471409268,0.023628725682483524,0.22443144873493334,0.4893388818550295,0.08624865073525916
2014-08-15 04:00:00,DEHM_BD,0.233554803519733,0.24293489927089537,0.17217833449713876,4.344810734766747,0.5361070708990842,4.431813278830927,5.884326596102919,0.022474675427977864,0.19485805361660186,0.45525387531526385,0.07639704798621685
2014-08-15 05:00:00,DEHM_BD,0.23164834559340014,0.2303333272517308,0.16628518997613329,3.8703427505199013,0.4738634842197038,3.6779184565247895,4.944081339631495,0.025959592701850765,0.1498424993165953,0.40492032266411937,0.07010591904897695
2014-08-15 06:00:00,DEHM_BD,0.2328153340348228,0.20715870616685364,0.17585014386456446,3.340803235508533,0.40958043084438883,2.704744419772014,4.061302767017466,0.031830032347016285,0.10688514128722239,0.35446509315731,0.065039885360305
2014-08-15 07:00:00,DEHM_BD,0.22341144440911687,0.1953338709486659,0.18149345661219193,2.8503845179191285,0.41638207620698947,1.8284185134904525,3.391332389524451,0.03575388575658984,0.09143063055546949,0.3219236667491867,0.06293385536346226
2014-08-15 08:00:00,DEHM_BD,0.20794503978643553,0.19638285021961188,0.16794855488218355,2.5555680357101442,0.46753496694113117,1.394541442282173,2.8484028218538398,0.038188938791384096,0.10576940342145962,0.30520074771260836,0.06493225718618292
2014-08-15 09:00:00,DEHM_BD,0.22494826176211213,0.19580695859313346,0.1449243364106676,2.2848424190123304,0.43910653615118916,1.234305647004313,2.500979386924255,0.040809788823442245,0.1253858291781227,0.28842213295902114,0.06867140909274548
2014-08-15 10:00:00,DEHM_BD,0.24288847032319744,0.167988444521661,0.13543335388289748,2.185986817205208,0.28741832088869057,1.1842353284536435,2.2246694336113775,0.04250128580087127,0.15308515819922075,0.2787362077238782,0.06993276526546523
2014-08-15 11:00:00,DEHM_BD,0.2601249663246048,0.14153506267584964,0.1395639259183218,2.0088252827623942,0.1742441407923213,1.0489438096886698,1.9533319783149037,0.03975635304970088,0.1839457803263513,0.262977883393485,0.06570962432460589
2014-08-15 12:00:00,DEHM_BD,0.27198798441879435,0.11909829346325648,0.14860476970855135,1.9036935292312798,0.1488977408793567,0.7303293348580704,1.8135540581168823,0.035998499437788295,0.20687878150938072,0.20495944771672123,0.05900059833342046
2014-08-15 13:00:00,DEHM_BD,0.28460951873749485,0.10354091036210514,0.158216293125227,1.8892356260239627,0.1666823189567215,0.3545363665969179,1.6886498040042786,0.03720061184409241,0.20971659423843017,0.16878271911259268,0.05214165452507193
2014-08-15 14:00:00,DEHM_BD,0.2846198836920036,0.11242120751771018,0.18749165672538784,1.7460714316735202,0.19047215382470742,0.13769190667902462,1.1008112019612377,0.043446355913876175,0.1905809594051352,0.1641363329399283,0.046286381162298766
2014-08-15 15:00:00,DEHM_BD,0.2510824295614286,0.14822347819232376,0.1834545047349481,1.1471632962979876,0.21352849342362937,0.12145830945766752,0.24047838904821006,0.043832027169999704,0.17629295494683067,0.1539755430151987,0.043067388671315196
2014-08-15 16:00:00,DEHM_BD,0.17021409056173623,0.20593880860999675,0.15485018101494746,0.5511561482643785,0.21897241245422494,0.18278712599422126,0.1661983460155506,0.03235568867589274,0.18006863450780503,0.1736185716209123,0.042536617290341444
2014-08-15 17:00:00,DEHM_BD,0.14593362389911543,0.23255830066264938,0.14090647900963196,0.15082428311213933,0.19716264214050017,0.24158981113002737,0.2612528958138931,0.025944019300657924,0.19483065495997653,0.19609835766523537,0.043763986040906346
2014-08-15 18:00:00,DEHM_BD,0.13054841610610474,0.19128771531789962,0.13133863408096583,0.17667734373124416,0.1783273939508198,0.2360304046626272,0.2932320490576742,0.0348469324746689,0.21529742729544626,0.21030715647311168,0.046906024397319626
2014-08-15 19:00:00,DEHM_BD,0.1261522735586296,0.17261125500009972,0.12047469761232832,0.2416221235233512,0.1759653115906565,0.23775939951486288,0.41231216586833475,0.05733485563644954,0.2368113491714,0.20190627380413032,0.05111917158923218
2014-08-15 20:00:00,DEHM_BD,0.16356634926809263,0.16993670338744396,0.11802707196368356,0.4706801966571791,0.1690428787320479,0.3053254770905943,0.4695023687091317,0.07441625357814578,0.26308864105001073,0.23351391371120847,0.05371931647663421
2014-08-15 21:00:00,DEHM_BD,0.2008881105070932,0.141406055325684,0.11938189643791469,0.5391040873949183,0.1754926635343952,0.4182654006680426,0.44274885456779955,0.07015349996320894,0.2942453159701822,0.1699518391529383,0.05388074635884092
2014-08-15 22:00:00,DEHM_BD,0.22336835748128572,0.12298278848585724,0.10925080157331883,0.4929146264768124,0.18291053820842865,0.540652684392337,0.43083586430499266,0.06172149632406995,0.31570506713032703,0.1432628785419746,0.051545786686305335
2014-08-15 23:00:00,DEHM_BD,0.21508023671982798,0.12019244698110497,0.10552744408965088,0.46679989203517436,0.17839312841333432,0.6418522626913594,0.4609381196920249,0.06277859417767476,0.35212035213679066,0.18365414342803763,0.04769970809796628
2014-08-16 00:00:00,DEHM_BD,0.19628220065820953,0.11837925631010462,0.11232001355835688,0.4993238034016742,0.18654912230864157,0.7348489408811676,0.5176889020112716,0.06805708610724533,0.3507973737949132,0.36648941031566806,0.04354498061379688
2014-08-16 01:00:00,DEHM_BD,0.1900709420881792,0.12118159593948614,0.11919114361334565,0.5742619852316937,0.19593206634767343,0.7883470741951156,0.5737193687314895,0.07398031881769764,0.351199103116393,0.34868129824359884,0.04069710282785339
2014-08-16 02:00:00,DEHM_BD,0.1693644588121399,0.12524490131442584,0.11476238234028675,0.6027189842669851,0.17265172734551115,0.7398023680418048,0.6066807091329933,0.0795117970825242,0.3773724267661572,0.275135389616643,0.038501207161049676
2014-08-16 03:00:00,DEHM_BD,0.14576343827172164,0.11990108111673436,0.11122975364700595,0.6255023580058988,0.1604151342867314,0.6254694082126964,0.5841551068615867,0.0825494558717565,0.3832763996310531,0.2250222079753384,0.03664258236546526
2014-08-16 04:00:00,DEHM_BD,0.14625050490399805,0.11888022038656895,0.10877897927836419,0.6870585550718055,0.18516810099475078,0.5425207952184412,0.5243630898012569,0.08227579856947993,0.357683860285431,0.2048179724427102,0.03549213197833137
2014-08-16 05:00:00,DEHM_BD,0.157210613385378,0.12004604740527978,0.10534467646018943,0.7006654042712179,0.21759671183355142,0.4563053309871862,0.45677189049479716,0.08113644897116339,0.2857933300361035,0.1929585922347753,0.03514494216143141
2014-08-16 06:00:00,DEHM_BD,0.15093549890677238,0.13433433743022494,0.10292786592927636,0.6050037976818099,0.25596093138992776,0.39065681877160313,0.34835285404432204,0.07150156774716444,0.2439940558053552,0.19236475598048405,0.03385087360055172
2014-08-16 07:00:00,DEHM_BD,0.14427777928431623,0.14153816242313358,0.10746431646297692,0.4971144747631129,0.2976635638044029,0.4025396178086567,0.27921064446263527,0.05797620562576683,0.2166270678952707,0.1890516155866997,0.03215008710228818
2014-08-16 08:00:00,DEHM_BD,0.13995186283983965,0.12917096296293432,0.11437800482648071,0.41271630528320147,0.3325863748944549,0.4205017366030392,0.30181378475434373,0.05741393722942669,0.19646795932218422,0.1744826528716552,0.030451046495321037
2014-08-16 09:00:00,DEHM_BD,0.14091704792715604,0.11977972016409691,0.12438623877008434,0.47871766872471255,0.34907073911659414,0.4342317369156935,0.4481040301046647,0.0625192352330399,0.17991717204311838,0.1641732282871176,0.029919100563449205
2014-08-16 10:00:00,DEHM_BD,0.13567784586236287,0.11404315804008294,0.1338371898955385,0.6006881568367837,0.45582356644213196,0.5152280633791441,0.6960346881693683,0.0690128156956293,0.17304845479561,0.15609911865086115,0.0314069522449944
2014-08-16 11:00:00,DEHM_BD,0.12766259422063153,0.11562960099814647,0.13452839404866085,0.8000588965004787,0.5867052920684963,0.6729368952852207,0.79352323774332,0.07659288277462988,0.1716137983700259,0.15286523950016967,0.03376319486854119
2014-08-16 12:00:00,DEHM_BD,0.12416248683941772,0.12992577020428003,0.1326962675210739,1.2218513254271053,0.3971524024636297,0.5464529499308647,1.037998318289682,0.08355001408966946,0.18307172487719905,0.14548433337429145,0.03513337027676041
2014-08-16 13:00:00,DEHM_BD,0.12226938249305876,0.13564569246204153,0.1303358515193452,1.1796813542754203,0.2106786165536194,0.3061947388552967,0.9005514130787411,0.08692337944701992,0.19916471489431792,0.1392422971738661,0.03541779984604671
2014-08-16 14:00:00,DEHM_BD,0.12197210227893926,0.1298376436268059,0.13223001433493553,0.8214410789999761,0.1785753242536446,0.17659468437198653,0.7758195547652431,0.09619604393343906,0.21819202833454812,0.13557207904349378,0.03589530992991731
2014-08-16 15:00:00,DEHM_BD,0.11989780663906745,0.1271708560231112,0.13616418009781628,0.5504998024838657,0.2662662044945731,0.18428747649022365,0.4527421491573855,0.12399197636958427,0.21384715167211824,0.13196319687872252,0.03561692676532175
2014-08-16 16:00:00,DEHM_BD,0.12400173442742601,0.12573461901997854,0.1413367314163629,0.38459289290990173,0.4640543938564135,0.34780613007655137,0.32332810672391377,0.15051153389257696,0.19365240813109086,0.1312660212901891,0.0341058171412836
2014-08-16 17:00:00,DEHM_BD,0.1288795238506291,0.12646985189998045,0.1556172990963327,0.33676789274175756,0.5492549374033883,0.6231586785971979,0.36383703442987814,0.1487239943818851,0.19052277997765213,0.12823905192123544,0.03265741503151257
2014-08-16 18:00:00,DEHM_BD,0.1272036357733985,0.12883006698247537,0.20130572966760138,0.39897163862239743,0.43378025008924304,0.8308159763194157,0.8111450730184664,0.1367840230319612,0.18098284930569328,0.13071344029936766,0.03320252329331852
2014-08-16 19:00:00,DEHM_BD,0.12335772851430746,0.13720795966840052,0.28943931572618414,0.8660980403285081,0.3332657104939408,1.2789222894728687,1.5178312927017712,0.1281404177187716,0.16091166515695388,0.13635217269368638,0.03432277598877027
2014-08-16 20:00:00,DEHM_BD,0.1332170891693135,0.14844490509077501,0.2400616249452524,1.6934940428800553,0.2917474202369385,1.7435623358777748,2.170467983108673,0.1304360812366384,0.141472949953107,0.1390223247867892,0.03547072842358579
2014-08-16 21:00:00,DEHM_BD,0.14272365581387547,0.22169750601629587,0.23042606768339174,2.0452880494525547,0.28571268105633074,2.318266732279346,2.5120743262445338,0.12643236276873523,0.13261832490236497,0.1374522201221465,0.03706301231816332
2014-08-16 22:00:00,DEHM_BD,0.1891680917388293,0.26338647377000723,0.23496453291735145,2.5897373610151657,0.26658320677498804,3.0473257630599075,2.826404645431184,0.11874495470014587,0.1353490742486994,0.13866613816010281,0.03916248816354185
2014-08-16 23:00:00,DEHM_BD,0.23407054521786275,0.2419186657269827,0.21798903556566668,3.5700382881396577,0.2583048778757777,3.1480647660044583,3.5075072481320193,0.11394138323113442,0.14571676729075128,0.13666767453188725,0.042085875739361726
2014-08-17 00:00:00,DEHM_BD,0.29343043135635666,0.2504664546390816,0.18288290599306115,4.231183965822214,0.2847789333983882,2.9803766509859,4.060783811869398,0.11623603086443368,0.16811446840570768,0.16888226377368118,0.04565182900797225
2014-08-17 01:00:00,DEHM_BD,0.2719996223823632,0.2534351890689276,0.16880653066110565,3.7059931583514216,0.32938596932895003,2.8230745409977334,3.91254486250098,0.1313458869837776,0.19183859284536095,0.20729239485340023,0.049229324267478454
2014-08-17 02:00:00,DEHM_BD,0.24038047949141111,0.2074280141818804,0.1506560698485841,2.7744774814299085,0.3623160910240093,2.7063629752480356,3.610469544332053,0.1410745190618126,0.2094947479974559,0.2760786646557236,0.05350344144207764
2014-08-17 03:00:00,DEHM_BD,0.2238240369391533,0.1789260716688242,0.1366841489921407,2.1884065980999434,0.3383186888150357,2.617496382423045,3.450202893988803,0.12448229660320324,0.22044634534560434,0.27855644433559407,0.05727659684438714
2014-08-17 04:00:00,DEHM_BD,0.23653742581029877,0.18501904783139125,0.12502598066551943,1.7962446749963028,0.3563432795331487,2.497855018146665,3.2393374306462785,0.1009289518710435,0.22062060780453374,0.2435532310106797,0.0596827466838515
2014-08-17 05:00:00,DEHM_BD,0.24037737608738927,0.1975957075793941,0.11185561480783468,1.3184287771992322,0.4442745704243285,2.036566669532706,2.656540978666742,0.08221433931758734,0.20838122366527775,0.2398321646226123,0.062447138422059234
2014-08-17 06:00:00,DEHM_BD,0.2349921848951162,0.15453334739882627,0.11108158405508904,0.710897565722633,0.49693138735821457,1.2833485302398546,1.7269089019995973,0.06954453183252737,0.18677183899422048,0.2743536770496354,0.06674418005732718
2014-08-17 07:00:00,DEHM_BD,0.246770813453741,0.12533300421468702,0.12343645472285585,0.48243917448470003,0.4941474153388291,0.784702726301123,1.0658165006031461,0.062372282581527244,0.16693403900261822,0.2960955926286243,0.07439396187009613
2014-08-17 08:00:00,DEHM_BD,0.2798989655797253,0.13174881507319122,0.10274587004300315,0.549338346525561,0.44296611252542567,0.674403326642434,0.8513567323454703,0.05241315634713323,0.163378548188676,0.3348948314977018,0.08391678498168667
2014-08-17 09:00:00,DEHM_BD,0.2919873000985405,0.14657524751996623,0.09273106535257063,0.6994790203227171,0.38526266436561935,0.6745816498468258,0.7615965957608073,0.042555328788366466,0.1507440154519751,0.37706150957813006,0.09397395956474917
2014-08-17 10:00:00,DEHM_BD,0.2946108307072799,0.10736173575829967,0.09173624547504697,0.7742296506423549,0.36218482044786204,0.6503150757438875,0.712438187811747,0.035009784608682565,0.13337190477345123,0.43782312057528633,0.1023865470001796
2014-08-17 11:00:00,DEHM_BD,0.25517968012387376,0.07361325037214494,0.09315239225811316,0.8320701006806361,0.3522038401014357,0.6540675750656983,0.6169984507137956,0.032510168232978226,0.12531063617337482,0.4758867648736573,0.1083047365022377
2014-08-17 12:00:00,DEHM_BD,0.20853675219573994,0.06692225608936014,0.10030305033322066,0.7597968653341045,0.33766668887414025,0.648598663126726,0.6429108096637366,0.03157715136087141,0.11797085503717868,0.21358799014865412,0.11352167965431834
2014-08-17 13:00:00,DEHM_BD,0.1372902209987863,0.07798912466106574,0.10396469553727174,0.6643512726464693,0.3407415847835317,0.6209676250025129,0.7170919297212757,0.031243583289772434,0.11583807268314052,0.23225950986281954,0.12044160709027177
2014-08-17 14:00:00,DEHM_BD,0.1530385035977395,0.09090066597220718,0.09087557123139021,0.5871448558782145,0.3577250804002582,0.598299735065072,0.7243588662684457,0.031549355587934126,0.11176782777314052,0.3587004685511486,0.12957439738612445
2014-08-17 15:00:00,DEHM_BD,0.16795284472043148,0.08379307473459859,0.09920870424418707,0.5774425262891671,0.36380754654698055,0.5633389025487423,0.7357255766327471,0.0313079782598042,0.12998774932693097,0.3110863896336592,0.14021826687922684
2014-08-17 16:00:00,DEHM_BD,0.1492748418525954,0.08918602844981473,0.09507505255413698,0.5235053048179248,0.3401075228513404,0.5321822832394392,0.6781224340111355,0.034364188139730766,0.0851992156864748,0.2298852755786803,0.1470610518580902
2014-08-17 17:00:00,DEHM_BD,0.10962106886491628,0.10068322294393778,0.08382791581511023,0.39672918236789223,0.2859199549127742,0.507504721088747,0.5516462771254201,0.0402287264353385,0.05606170419230984,0.2526281853345245,0.14729274057973185
2014-08-17 18:00:00,DEHM_BD,0.12900286703560246,0.1031833679163051,0.07445163627779108,0.34604417752831157,0.19835731077935542,0.47411704926095016,0.4070020008136856,0.04466895898283351,0.04481164001658073,0.2459234462677558,0.14525644081609254
2014-08-17 19:00:00,DEHM_BD,0.19027337556395793,0.09717827761956607,0.0641340140955249,0.3283421798620163,0.14840559677805734,0.4257688739738997,0.4857766193046374,0.04668931905975933,0.0417737298090947,0.19558430375781716,0.14545090770458458
2014-08-17 20:00:00,DEHM_BD,0.18822307830194174,0.08691876744609818,0.047962445138012226,0.353152944119396,0.1682206565472296,0.3923127785542133,0.7970075717006959,0.05001169420016145,0.044500825372038914,0.1602105091740393,0.14962690365375148
2014-08-17 21:00:00,DEHM_BD,0.18570769154831182,0.07731407504551323,0.038507056057192186,0.4218080252487482,0.19288519375925867,0.3554272366121111,0.8336674686402702,0.05137213978457671,0.05293859182783652,0.1491764586929661,0.15304403338510308
2014-08-17 22:00:00,DEHM_BD,0.18041779630775062,0.06806398400373279,0.03034482936769126,0.478651471999014,0.18955221053782834,0.4251402706380558,0.8705575217184778,0.055191385347447636,0.06797312358616954,0.1647411067872474,0.14552683739502145
2014-08-17 23:00:00,DEHM_BD,0.15021421144223593,0.07010783413314668,0.029613743195803986,0.6376883868224057,0.17459731764905145,0.544360877724718,0.9811284999686654,0.06250057457140863,0.07280625215006971,0.16882106901321342,0.12952639102861682
2014-08-18 00:00:00,DEHM_BD,0.11538848993346312,0.06782242699636137,0.03938087979978749,0.8963584123509092,0.15366323048110578,0.6963029552540552,1.027189013902531,0.061345006858915384,0.07370283034601705,0.16161094453627936,0.11105866814609659
2014-08-18 01:00:00,DEHM_BD,0.11247696895116231,0.057431950846560303,0.042157435973122076,0.9877302927296433,0.13845837536986913,0.8802582790189647,0.9685845776152888,0.05947749709642932,0.07009987018477391,0.18156599344610852,0.09263303031493555
2014-08-18 02:00:00,DEHM_BD,0.11329694758609742,0.04984930618739229,0.03846200284202827,0.9901549808886763,0.14568155718846235,0.980336316068926,0.903106508097917,0.06240287559621519,0.06423116952916803,0.17718066545738884,0.0767857546289805
2014-08-18 03:00:00,DEHM_BD,0.1103057624645378,0.03869187328565167,0.031638113001641356,1.0334645043024933,0.14978926290479475,0.9812068343391448,1.1906208796137867,0.07695691538930663,0.055057837848740646,0.19372371195268795,0.06804989187404219
2014-08-18 04:00:00,DEHM_BD,0.1069184707773487,0.030594659823396257,0.027903346644493662,1.1367955973660508,0.13107633570411228,0.8663151169736905,1.2892262307710072,0.09913166577079509,0.042240931795261755,0.26081989484172974,0.06579754845334437
2014-08-18 05:00:00,DEHM_BD,0.10381919801995376,0.025857427187664966,0.030759492854030193,1.0557319007802484,0.11572721636996584,0.585912978772519,0.9446249510561151,0.10597815866051484,0.03690896279060957,0.275364616182593,0.06523730642763431
2014-08-18 06:00:00,DEHM_BD,0.09274165385517501,0.02167813571249366,0.044269848486432034,0.6109369379810372,0.11254077500067629,0.2534350390926124,0.47136971631188457,0.08338979052318074,0.03244104631434309,0.2815748191989724,0.061307830506004336
2014-08-18 07:00:00,DEHM_BD,0.08018030804896245,0.02000904116105046,0.04127704593563097,0.40523035941577273,0.12551375785522156,0.1378330943195415,0.29351478821061183,0.06583382140437538,0.025941985933362607,0.2415082702965661,0.05721753432522811
2014-08-18 08:00:00,DEHM_BD,0.06587047292474175,0.0255300269478115,0.035640630618478074,0.30404351034867805,0.125972111605564,0.12552063389225393,0.23408238157346245,0.0599863566490838,0.023042500993172798,0.21817701697291328,0.05983887111774276
2014-08-18 09:00:00,DEHM_BD,0.0544363171468068,0.034417039284027916,0.05097361734678482,0.23190582437894058,0.11628313360646353,0.14309689707496182,0.21618794461441457,0.06068288216620667,0.024135502928516343,0.20798065371475866,0.06686561013989939
2014-08-18 10:00:00,DEHM_BD,0.04284667407191814,0.03924789394248493,0.07247283365183974,0.19579667587263497,0.09850481197614208,0.16849972501825752,0.21963550154224604,0.06039709249631318,0.026307415191619568,0.2766651473925774,0.07148761385426748
2014-08-18 11:00:00,DEHM_BD,0.028690590225923622,0.03991170254573441,0.0918426451605185,0.27345918182762086,0.0752060807235538,0.17540603861280246,0.2185442457570949,0.0627033248488929,0.029820275200763604,0.27789975305751413,0.0739595196702055
2014-08-18 12:00:00,DEHM_BD,0.018568867583308384,0.05502984367514242,0.0783612660233861,0.32214710115498146,0.053350400065407,0.16559855709850782,0.21413353166056792,0.06745420506110295,0.03734023969209734,0.16812458324938767,0.07250125908312488
2014-08-18 13:00:00,DEHM_BD,0.018538591534849134,0.07225349616562055,0.06784050217627502,0.35971476948363,0.059176359201483314,0.1015941569422418,0.17621086764425029,0.06468350693049191,0.0458273195704444,0.05884292976058078,0.07404715666059045
2014-08-18 14:00:00,DEHM_BD,0.04367667277301017,0.07104052322211855,0.0450236820702383,0.363311168580756,0.08845875635102372,0.0726985440126712,0.09382984165328204,0.05697782685116847,0.05493460859636061,0.02907188662665655,0.08197373272187242
2014-08-18 15:00:00,DEHM_BD,0.04133659689505984,0.06578528343117526,0.03630925599323138,0.22904685432078076,0.11945020589333011,0.10565037569357534,0.08742468348957526,0.05296110234465904,0.06127684458592892,0.020337048408545597,0.08926945424704955
2014-08-18 16:00:00,DEHM_BD,0.04772735520956451,0.04691202215571517,0.057867648423721746,0.11371461563049161,0.13980986714017568,0.14136555435500095,0.10997636648145556,0.048084134536938834,0.06163097002478371,0.024377105188757024,0.08764004222688629
2014-08-18 17:00:00,DEHM_BD,0.06976517494938096,0.03551131140308516,0.09938293713287445,0.09532435000924967,0.1612269351812637,0.16669055934996452,0.13000624185857854,0.04123252330401567,0.05962580214082988,0.03733539366102683,0.08118366600000752
2014-08-18 18:00:00,DEHM_BD,0.0731284960568532,0.053309198183602816,0.12508779422850091,0.10499505118672081,0.18690793467616654,0.18425831828337888,0.14095404939542522,0.03985250015818098,0.06231578402832091,0.051417466532839795,0.07597149682942196
2014-08-18 19:00:00,DEHM_BD,0.0572542029107748,0.08246463116254218,0.14544707848496502,0.12492306566673174,0.2048006619807331,0.21713908886688718,0.16154829427201584,0.04555550725462956,0.067115292314384,0.07393807757915588,0.07436109838211998
2014-08-18 20:00:00,DEHM_BD,0.044637125767770285,0.1135184212171383,0.14903330219988822,0.17240490210481024,0.2158524900369531,0.3311975808560387,0.3821354134516609,0.045433486957918975,0.05873504638940148,0.08580850524324361,0.07416078834896038
2014-08-18 21:00:00,DEHM_BD,0.08713985664297608,0.13660808789835455,0.15385284200727523,0.3167516704713753,0.22642058707740143,0.48887727516231594,0.7394443061178758,0.03419017800946329,0.03789906566005885,0.06884425634073199,0.07499094841024194
2014-08-18 22:00:00,DEHM_BD,0.12602206187656625,0.14648450450726466,0.16113797577902816,0.6378657754930188,0.23046906891060986,0.6485772504398273,1.0299654031634349,0.024771739811582056,0.028543429301585876,0.0604765593050146,0.07681103912656685
2014-08-18 23:00:00,DEHM_BD,0.1543154425481625,0.15589230023200923,0.15372203091495504,1.1089866620832323,0.21374657441174824,0.8161411925364337,1.2218558456439892,0.018525554177491656,0.030839313723554234,0.10943118290625392,0.07692890975530313
2014-08-19 00:00:00,DEHM_BD,0.17505191156722483,0.15693888340706133,0.1427466740519805,1.6428587160978032,0.19573437839305258,1.076778551414267,1.4117389561847338,0.017041953334679543,0.027211549423662697,0.1511998861582309,0.0733904047390812
2014-08-19 01:00:00,DEHM_BD,0.1872005598274457,0.15017800568698148,0.1384247028597278,2.3007664797144787,0.19616780646168852,1.6352003785541884,1.758344575138279,0.016606564670875425,0.027659959460603786,0.18649684814436113,0.0662091204281586
2014-08-19 02:00:00,DEHM_BD,0.1986286908196381,0.14727839749659885,0.13942430032413672,2.765183634906596,0.22516192044351238,2.3138491678698037,2.4457112899622544,0.013424965557677027,0.029696494417847105,0.21460061623522597,0.05622151092580067
2014-08-19 03:00:00,DEHM_BD,0.2045135783248129,0.14811373009309894,0.1498763814483538,2.7246033042655426,0.31778420790027123,2.7045045107101755,3.2125333141423913,0.0104326471067963,0.03398188334757452,0.2361790881157078,0.04621842686228333
2014-08-19 04:00:00,DEHM_BD,0.21281678348598276,0.15348366891205034,0.1516452447343243,3.367939540547373,0.6437575976992933,2.8256807372171084,3.3155487928423617,0.011384648612089317,0.04240839467131518,0.25512890491585244,0.040950424504670346
2014-08-19 05:00:00,DEHM_BD,0.21268381665812863,0.16105723049527992,0.13648644398274346,4.364653723799428,0.8697805892481933,3.3361181004850895,3.447922501544146,0.014289263469984811,0.04968648640567415,0.26729715934594855,0.03719992369843347
2014-08-19 06:00:00,DEHM_BD,0.2030644276079055,0.15581906583843977,0.11605164858684866,3.438465648947237,0.3969783768298477,3.049198641028225,4.501827196742683,0.014541182326077014,0.05733372404934827,0.2687591074652614,0.04002559315494953
2014-08-19 07:00:00,DEHM_BD,0.1908254324811111,0.1335183622980375,0.07996439721370095,1.9747281427665693,0.3776508028283715,1.631679069120222,3.319272716288941,0.011542265682438284,0.061651342808296754,0.24176921296865145,0.0445910947912843
2014-08-19 08:00:00,DEHM_BD,0.18749990981316655,0.10819786795171915,0.056271229738759185,1.6515028766670852,0.398978966592662,0.8550802814380928,1.732636686281636,0.008231076302583474,0.06423799821627314,0.20524960869189343,0.043615841344000594
2014-08-19 09:00:00,DEHM_BD,0.1838648806780447,0.07515845501707173,0.053484086821155755,1.2137698326714137,0.3317160420941187,0.5395899803996924,1.1128824658852519,0.007657796137211127,0.053900052121435185,0.19971804269583077,0.037192187209644054
2014-08-19 10:00:00,DEHM_BD,0.1792852055032399,0.048532015351263114,0.0595319675142988,0.9646415802269218,0.20933036636877797,0.4359952984531642,0.9578866024106043,0.012075720679439848,0.04246220799840861,0.19515671120579234,0.030240368242326586
2014-08-19 11:00:00,DEHM_BD,0.16938059718273102,0.0411206702698372,0.05879646135335172,0.7749049942893698,0.0752654961897431,0.40433418126597753,0.5931011687791719,0.01680873845790647,0.031928947119447285,0.1768102276007691,0.027407899269816034
2014-08-19 12:00:00,DEHM_BD,0.15984437108864535,0.04675115688452695,0.06979024926330074,0.6974038337927219,0.05296354035135345,0.2156739561774882,0.6938941948989963,0.018958489808660797,0.023386425656438718,0.1645588198205222,0.027847081500220566
2014-08-19 13:00:00,DEHM_BD,0.15130566744895002,0.05060476129746983,0.09126338097307128,0.7038889886951073,0.08367406850371485,0.08902055938174233,0.601815614744788,0.021777729805464933,0.01886465867560809,0.15662596795540354,0.029874689578732537
2014-08-19 14:00:00,DEHM_BD,0.14514887602637275,0.056150283092886624,0.12402410883973802,0.627940489350138,0.12300736449826492,0.07452148727354817,0.20274165042922826,0.023206144293691555,0.018249876187402817,0.14626815244861174,0.0311277734928856
2014-08-19 15:00:00,DEHM_BD,0.13550229258080929,0.08435781897097355,0.1345247167929493,0.3752281599911581,0.16248152948409308,0.09822746310983316,0.07470603176258668,0.026359967293737466,0.0235511120817995,0.14737345965205215,0.03154930723478485
2014-08-19 16:00:00,DEHM_BD,0.11903562883889289,0.11879600019274263,0.14623795464258396,0.13360582371351826,0.20792618614875705,0.16793644476128727,0.0867113324376607,0.028954471113416216,0.037512358470288894,0.14785136507124574,0.03302660835062441
2014-08-19 17:00:00,DEHM_BD,0.11139203179125201,0.1335689844518399,0.16018085153193365,0.10731419557488639,0.22284748682834196,0.26293122851153305,0.1291023621731159,0.03242785498319867,0.0586228882218337,0.15270167718359023,0.03558451990407131
2014-08-19 18:00:00,DEHM_BD,0.10014904434444608,0.1512765341747371,0.1773245881714268,0.17657433742414014,0.21394559454180284,0.3359900484417981,0.2142646124227728,0.03474639777896443,0.07738585191385343,0.16284343336071555,0.03773175912916306
2014-08-19 19:00:00,DEHM_BD,0.09186090290151008,0.16711743968137585,0.1855161883216784,0.279966886328635,0.19286422318048763,0.3873364630489038,0.5468542021932522,0.03652699662583644,0.09656306320647692,0.17181738484263043,0.0414055422336549
2014-08-19 20:00:00,DEHM_BD,0.10502739374923668,0.17682258738979204,0.18024446959617482,0.6123088225043709,0.1839484479910879,0.4785941926969477,0.8776048482202912,0.03565919452344732,0.11597786815338282,0.16935466934107374,0.045740847371622144
2014-08-19 21:00:00,DEHM_BD,0.11466578377691092,0.17891660188512212,0.160587519951136,1.0767796654989177,0.20793143966708316,0.527786378509546,1.0185465581345086,0.03387812707691093,0.12897086964324098,0.1416378438981939,0.05002387037994094
2014-08-19 22:00:00,DEHM_BD,0.13179919141627366,0.16873872994441444,0.1383570086686094,1.399594946196737,0.24340481340229495,0.5458253489638751,1.06362747964869,0.031704973994154624,0.1373268759135436,0.12141257609317997,0.0496729453146177
2014-08-19 23:00:00,DEHM_BD,0.1588709402349229,0.15031332637963066,0.13445593740023992,1.586346877788168,0.26916674255479117,0.61654978921653,1.1037137040941487,0.030466869038640095,0.13947822953598563,0.1324359645328074,0.04777162207548881
2014-08-20 00:00:00,DEHM_BD,0.17263896092316833,0.13341621729292702,0.14689967002824758,1.7603835875892557,0.2787793128779902,0.7095525800096663,1.1603389619732394,0.030810464196293495,0.12855558314463117,0.15824105460185414,0.048037720918833945
2014-08-20 01:00:00,DEHM_BD,0.1634161399044398,0.12942621367394028,0.1603179869069123,1.9530198940203183,0.2766291927743329,0.7890450051079745,1.314962267427998,0.03168942183322376,0.11763165801398445,0.17519779379051492,0.050186677634327076
2014-08-20 02:00:00,DEHM_BD,0.13659623652663302,0.14338280683917456,0.18479110881825545,2.16656650904446,0.2752797679609246,0.8837684334351033,1.4968931626090403,0.03250431843393597,0.11001751877846651,0.18722990110681034,0.053949666137594006
2014-08-20 03:00:00,DEHM_BD,0.12999321186065554,0.16227028014244982,0.19471053099724464,2.3868660414025786,0.26620464336709104,1.0688379483054424,1.702181545161071,0.0330441729109685,0.08900243388053017,0.17935643835226478,0.05954110792562473
2014-08-20 04:00:00,DEHM_BD,0.13662378956727855,0.17401916165617418,0.19116925291526088,2.578133250168621,0.26352567302048197,1.209431118144517,1.8727413589832083,0.033997303023044496,0.06858812373690053,0.14766948962340765,0.06519628496373414
2014-08-20 05:00:00,DEHM_BD,0.14859582642929586,0.1766474971651512,0.170014732360386,2.4877896893460814,0.2600171889756665,1.1323830787296458,1.7840091132336942,0.034874355959963285,0.050420146746849595,0.13373130799350547,0.06919313863867656
2014-08-20 06:00:00,DEHM_BD,0.16685666607033925,0.1591792109445389,0.14196777628635976,1.5545308705361867,0.2797629258106926,0.6712331959261018,1.1228783996329634,0.03396988734805017,0.03799785727996129,0.1334434998568624,0.07155701786676537
2014-08-20 07:00:00,DEHM_BD,0.17916892127181938,0.13630043734814734,0.121407281860532,1.0239340527679475,0.3014792086283861,0.40969878651484515,0.6638812576254425,0.03255601469480361,0.040455612080606926,0.14899938359399348,0.07307906168865268
2014-08-20 08:00:00,DEHM_BD,0.17978814257460166,0.12300120684486965,0.12012488988619471,0.6886051989963767,0.32446716826155764,0.3701055332647676,0.502550168498419,0.032575270959773785,0.04474111490732973,0.1671005926695099,0.07470217626990043
2014-08-20 09:00:00,DEHM_BD,0.15700709277278962,0.12602985857508453,0.11983717518863611,0.6211235214760188,0.35556553289093074,0.43782899542683495,0.5822594374523045,0.03336461771801542,0.0496438552729412,0.16860085319442092,0.07433842470972436
2014-08-20 10:00:00,DEHM_BD,0.13632813011066744,0.12369414378743523,0.11811796084147222,0.7853498110101953,0.39042453432418395,0.5613146168949035,0.7699292193611373,0.033178865275342126,0.05731062375728031,0.15479584653013728,0.07141928420138997
2014-08-20 11:00:00,DEHM_BD,0.1262242472257115,0.1119197789830415,0.1132057364507065,1.0638266498866655,0.43275522725366045,0.6573299782919184,1.0479490280500905,0.031348223144823426,0.06937165817256068,0.1333860319727673,0.06402496249051046
2014-08-20 12:00:00,DEHM_BD,0.12266429180143854,0.11189991935176186,0.11065408253090976,1.4948486608242848,0.49254399363264434,0.5936836373228346,1.3765273287413702,0.02835089481060378,0.08655771908629671,0.12385639669952679,0.05472621215808318
2014-08-20 13:00:00,DEHM_BD,0.117616993797412,0.11037517888604188,0.10892043243887829,1.7700953107354742,0.5103173339651896,0.46671465905084963,1.068001058949401,0.025429148686282432,0.09554307348239692,0.11885707271922351,0.04738451585573373
2014-08-20 14:00:00,DEHM_BD,0.11817595927581637,0.11299663872348131,0.10815039202697561,1.802158613082388,0.5211791741698979,0.404368400676702,0.3416730005260597,0.02353103621751818,0.0868128003047033,0.11915516078028802,0.042372617008510145
2014-08-20 15:00:00,DEHM_BD,0.11482337053515994,0.1073645424782536,0.11501804898735074,1.3685491611771856,0.4994860001360623,0.4588477136026764,0.2549884341217771,0.02527131811916559,0.07710708277842013,0.12274359031585173,0.03830698263127576
2014-08-20 16:00:00,DEHM_BD,0.11057288843690702,0.10673047011147338,0.12205578045802025,0.5473053505476576,0.4456847658348082,0.5552709829397517,0.3703130194094866,0.03222639735534237,0.08206012236306429,0.1198780947751939,0.035233783353895334
2014-08-20 17:00:00,DEHM_BD,0.10866323919840383,0.11121356273885821,0.12199739515290486,0.20863154779418883,0.40273049453655235,0.6987162956525566,0.6996937373365857,0.04320914167662004,0.09718161671390743,0.1142934599883543,0.032392788533689376
2014-08-20 18:00:00,DEHM_BD,0.11017127405663656,0.11848875416774067,0.12224741466069672,0.2770906561103794,0.4011893288348055,1.3975639567947042,1.359022170139804,0.051444276004080525,0.11943901978963975,0.11404482957078323,0.030203750200837015
2014-08-20 19:00:00,DEHM_BD,0.11522124936418658,0.12303518330660472,0.11940073774592083,0.636128316225341,0.3831888919430225,1.8380243589594982,1.7094414813363876,0.06262748704988083,0.13830877585200574,0.11743497909812814,0.029576987251184284
2014-08-20 20:00:00,DEHM_BD,0.11495333061601928,0.11954431922168891,0.1115253672995148,1.1329471159160973,0.35225852467409313,2.222687518910545,1.9878766903864267,0.07087963120076993,0.14097822959463097,0.12078793739018645,0.029659654498141275
2014-08-20 21:00:00,DEHM_BD,0.11068615899105455,0.1142308635871682,0.09760387593858855,1.5636127320740796,0.32767435334765344,2.4882107656413415,2.316684998103011,0.07388092966568732,0.1372648036217315,0.11647526579092558,0.028834538358350294
2014-08-20 22:00:00,DEHM_BD,0.10729464137558652,0.1069572841968657,0.08062547083924512,1.919608932233219,0.36236277791845595,2.6084009820572778,2.8937145589234836,0.07865644990751418,0.13114702502248787,0.11134122280551498,0.028415203981411064
2014-08-20 23:00:00,DEHM_BD,0.10681655803121566,0.09610648763778083,0.07138487557218384,2.4788524101350373,0.4606367714718623,2.795329216423056,3.9773619125824453,0.08100842946847936,0.13378049656581129,0.11206490630134695,0.028645585059706314
2014-08-21 00:00:00,DEHM_BD,0.10246682827885399,0.0823478070708227,0.07029006271949029,3.389113561614995,0.5635282373263779,3.091111391502389,4.996069791893541,0.08088479735067952,0.1298191699077932,0.11148770507854008,0.030126637044029646
2014-08-21 01:00:00,DEHM_BD,0.09285799309121573,0.073401550200963,0.0700599141384636,4.41467589886503,0.6844704016223363,3.478861854284294,5.195132759087644,0.08486120693283686,0.12398866738795288,0.11068604256349472,0.031430888400168444
2014-08-21 02:00:00,DEHM_BD,0.07905856340686204,0.07117972725986177,0.07200664892644261,5.0770193786962965,0.9041181278987531,4.05625448440809,5.0500937601465825,0.09003475411231054,0.12076080872861658,0.10698405019296148,0.033693080610036764
2014-08-21 03:00:00,DEHM_BD,0.07270200037552217,0.07137195858200916,0.07697025416395879,5.891114624166258,1.2239988284715708,5.020970640788675,5.052381610863877,0.09397084608602034,0.11808487785596856,0.1010562728792368,0.03754186973581307
2014-08-21 04:00:00,DEHM_BD,0.07247864125972797,0.0748111300251586,0.07896549822204156,7.277001105530011,1.803814662544427,6.297686183136288,5.568676520923881,0.09778768066241392,0.11836292430901191,0.09304576341513182,0.04165948060729759
2014-08-21 05:00:00,DEHM_BD,0.08293089493499155,0.08010413296525828,0.08368705450872942,7.607488533090119,2.555196258036343,7.027397581100152,6.515853867532295,0.10081556082761609,0.12208480435931109,0.08560758895332214,0.04487782400890946
2014-08-21 06:00:00,DEHM_BD,0.09797708609924961,0.08187456503120874,0.10147313201268084,6.378256509868347,2.512351672237096,6.069589822080913,7.01784396018929,0.10026081588962102,0.12795647124503262,0.08710521545312591,0.04651224682373685
2014-08-21 07:00:00,DEHM_BD,0.09957068732007282,0.07909614437061954,0.11675838902194502,5.852820954885987,2.0330927870011144,4.418457207978415,6.704186073046601,0.09904426871497296,0.1323945072096213,0.10552119114201919,0.048594819536770056
2014-08-21 08:00:00,DEHM_BD,0.09736963171938692,0.08459494567389624,0.12460141428882951,4.997400205995968,1.4764937339205666,3.0915790500705898,5.561172058708527,0.09738352975903572,0.12980490231994526,0.12098587290652146,0.05321450460502399
2014-08-21 09:00:00,DEHM_BD,0.09776800318303512,0.10840922811920348,0.1392466749585575,3.916530672754152,0.8698936100702919,2.448632039216026,3.96744686949773,0.09386396368889299,0.12110095898974911,0.1166477717259042,0.05974900498797173
2014-08-21 10:00:00,DEHM_BD,0.10773711172236465,0.11997189556064204,0.1552552222844409,2.9400453209713406,0.5589218689898773,1.8916394298683827,2.782464561947454,0.09117460949025237,0.11462133160399268,0.10249589950998067,0.06504986069354221
2014-08-21 11:00:00,DEHM_BD,0.12602344715090225,0.1291592739657894,0.15093865411804813,2.5272194664590573,0.8133678805224225,1.2956881672298046,2.36297286175868,0.08751596340609138,0.11605772484225209,0.09907134384648392,0.06918127800725854
2014-08-21 12:00:00,DEHM_BD,0.13536732890451308,0.15069653080580628,0.16350326213942482,2.3850166105542447,0.7960059406244939,1.233950421719011,2.3494466572068466,0.08880359016223331,0.12045391882373939,0.11137661154648044,0.07264170233551626
2014-08-21 13:00:00,DEHM_BD,0.14703440502167667,0.14465551853977018,0.2469404841196629,2.332091482115585,0.6213783875777106,1.2930568617315217,1.8616040771496531,0.09145656988418892,0.12149232630813481,0.1266667585754091,0.07108512059174356
2014-08-21 14:00:00,DEHM_BD,0.1701834300221967,0.15585458357319557,0.23059497074243607,2.57188778025895,0.4818010115616581,1.3418917763242777,1.4390229022921814,0.09697844074156252,0.12772155985722308,0.14049594287353556,0.0661595312617042
2014-08-21 15:00:00,DEHM_BD,0.1837342871204204,0.25413912136014194,0.23132023627614348,2.754331028195507,0.4605037307803797,1.2879533085188966,1.2939678611614833,0.09988061870967026,0.13000564906217146,0.15161285426874402,0.05870957123969668
2014-08-21 16:00:00,DEHM_BD,0.1963828907454711,0.2189355366493715,0.17233573691709655,2.770898128429547,0.4779281380799877,1.2840181475078816,1.5492321272798628,0.10161930048496107,0.12187511690143958,0.16374291333110472,0.04905126113278317
2014-08-21 17:00:00,DEHM_BD,0.24403822029300015,0.2105721462742449,0.1372885568841173,2.4138856651843,0.540919128889935,1.666973842222367,1.8553898640343482,0.10691420082663111,0.12351191815961376,0.17106183648187567,0.04018430265684292
2014-08-21 18:00:00,DEHM_BD,0.27786044701284707,0.211013235279571,0.11203527968267196,2.4134788314837117,0.8178859178124647,2.756811383522867,2.5736247660883045,0.11097452091401025,0.12580006449842468,0.1694197341565566,0.0317933178144354
2014-08-21 19:00:00,DEHM_BD,0.24851348150304972,0.17189116841785684,0.08984914728499009,2.8183435892439768,1.1135199802435236,3.586079703746406,3.3704837633904807,0.11142987067101448,0.12300522178838717,0.1895224636313366,0.027086559975980782
2014-08-21 20:00:00,DEHM_BD,0.24009182703439144,0.1725842451510272,0.07854273188691088,3.030571617273309,0.8801703220405986,4.0123723660808555,4.235348244553893,0.1122821260229658,0.15062084965690076,0.2646247128571299,0.026541833323153696
2014-08-21 21:00:00,DEHM_BD,0.27377353648185243,0.19103414941690255,0.09589880882740587,3.231920424913636,0.7810963924786029,3.940320152430802,4.992004142247914,0.11291195035501177,0.17994673398322647,0.294400763138453,0.0256068921706743
2014-08-21 22:00:00,DEHM_BD,0.2993908970014819,0.1972633538013526,0.1632696356267434,3.900161336481214,0.7325655426826794,3.9862600650213817,5.315644492338608,0.11653419356105316,0.17326214592962802,0.32698144029934323,0.026685019922604216
2014-08-21 23:00:00,DEHM_BD,0.32148824619078187,0.22022060770576052,0.28817733785265115,4.063030613926844,0.6743561715603992,4.0010549202856325,5.528643785837042,0.12276134896461961,0.15389404728574144,0.34164614322040143,0.030467507149404317
2014-08-22 00:00:00,DEHM_BD,0.3682571915823406,0.2919526490951823,0.3130935011170232,3.1021184221408165,0.5796262670827377,3.351993547777283,5.536117766263309,0.1293237583341223,0.13140953253124302,0.35270551012599866,0.03562148708520145
2014-08-22 01:00:00,DEHM_BD,0.6037223908111977,0.4299757961914281,0.25584973069648465,2.154696205935173,0.49700316956304935,2.999147092653625,4.0606953973678035,0.13530249970798505,0.12143094505298746,0.5649274146453669,0.04164670733499711
2014-08-22 02:00:00,DEHM_BD,0.7253793350149131,0.4931560558624625,0.20472748767142662,2.0351631731132054,0.4890227829836961,2.9440774718066782,3.1976123479564817,0.13852092258056614,0.12465264590035464,0.6980376930252633,0.05068658775366608
2014-08-22 03:00:00,DEHM_BD,0.7479563454174762,0.4119138180111504,0.21623444044790271,2.134382976571259,0.5247393050393834,3.0054540273113357,2.8210716900736332,0.1389779259378241,0.13205068830107036,1.2776437649849808,0.0607797512381825
2014-08-22 04:00:00,DEHM_BD,0.9360976645891355,0.35566041166943907,0.5920136539748337,2.110117115573715,0.5933336336684971,3.0782376098385753,2.626820394546798,0.13830778220471152,0.15877735431524923,1.5255284953620598,0.06569260886383693
2014-08-22 05:00:00,DEHM_BD,1.7894170885897962,0.8896972842094544,0.7262472747701663,2.0940498490695814,0.5927486566984186,2.9558756748601547,2.5375268942151603,0.13093521030651684,0.2123455650640557,1.9385265641122216,0.07002856191501934
2014-08-22 06:00:00,DEHM_BD,2.356694645528672,1.332494892601091,0.4569320563710242,1.718705179638736,0.5053663847416452,2.0188343715095063,2.205091132740162,0.12907446607149312,0.2739586418648342,2.6986684732266695,0.07226987103571637
2014-08-22 07:00:00,DEHM_BD,2.533000036865812,1.7713091238903322,0.2847033933715536,1.4746773611735122,0.450439873532988,1.3898459601529443,1.6555993521120638,0.11356197091275004,0.31834802517665534,2.5596399632070455,0.07734162965787324
2014-08-22 08:00:00,DEHM_BD,2.329745677153183,2.062282956882849,0.1356798972235729,1.2917899071106687,0.4054830030244588,1.1504624399178056,1.394713056273507,0.09188626332575213,0.30959222881972775,2.622889379460197,0.0822230847479542
2014-08-22 09:00:00,DEHM_BD,2.1543932202763414,1.276102382310693,0.08546935330148125,1.0258803320380627,0.3625330942969769,0.9448873488749352,1.2336244159385048,0.09336655202415764,0.3436467421013116,2.7901862292668085,0.0880763629214952
2014-08-22 10:00:00,DEHM_BD,1.4223226750917128,0.3178153732698176,0.0914218382735503,0.7469363242019298,0.3520984386241436,0.5986359626650996,0.9539581414045777,0.09162934670706031,0.8046777604972197,2.9184121602636766,0.08859211262814219
2014-08-22 11:00:00,DEHM_BD,1.0724938068864773,0.08843956525099456,0.17074722273797713,0.5667073184313588,0.39275428491912784,0.35630706850427196,0.7988797653302043,0.06817499058016564,1.5852964682870732,2.3837409160002507,0.08378806343077198
2014-08-22 12:00:00,DEHM_BD,0.9215175017986446,0.0484047876470429,0.17437644653837178,0.46569627937963165,0.4753365895369648,0.24511911354863544,0.6919822849199133,0.0525730500173939,1.677588409219645,1.8750384999678655,0.07989571556503172
2014-08-22 13:00:00,DEHM_BD,1.0309156637325465,0.03820211040651648,0.15425181922345885,0.4208449818788833,0.4721939791281893,0.2761825987463642,0.4030501435413298,0.07037279867745465,1.2010098963731153,1.710848977286462,0.07795804860202114
2014-08-22 14:00:00,DEHM_BD,0.7661474339960921,0.03787974752406056,0.13286287348793108,0.26267262593597696,0.42931306888634324,0.30760214422951443,0.1745662011116119,0.08420801073112734,0.8985125411187764,1.5602222243037636,0.07381396687099925
2014-08-22 15:00:00,DEHM_BD,0.46560740929868527,0.038572829881612467,0.1364526857909891,0.15009869944266993,0.38450931073514727,0.36055225008593866,0.15948611023223977,0.07840849092320905,0.6318673123813652,1.3319045564971281,0.06991313921085306
2014-08-22 16:00:00,DEHM_BD,0.44497804600783614,0.03943182408633669,0.15334036298007464,0.11459870294283012,0.36486589254699636,0.4006948195672111,0.19858310610339305,0.06980607232818742,0.43924869936158495,1.0270877537456193,0.07441691693666705
2014-08-22 17:00:00,DEHM_BD,0.3920453294903808,0.050576643137482245,0.1368804602217929,0.1832802227185809,0.40746055808220044,0.43386170933377666,0.22804288896026584,0.06492118658140701,0.26599468200732834,0.6223065026120885,0.08246960607545491
2014-08-22 18:00:00,DEHM_BD,0.3426126302630651,0.07137272184138335,0.12121108644154838,0.24530293727650837,0.3614533880623988,0.5873179659650062,0.39228964969728275,0.0678433098536049,0.18417338879586326,0.43178624965349766,0.0972252643123841
2014-08-22 19:00:00,DEHM_BD,0.2925991087084099,0.08855875816153512,0.10870315225071271,0.4853569268550656,0.25405722680565895,0.9388760203509614,0.8811146040929534,0.0751228640308507,0.1519028852198555,0.4533520658990477,0.1201837672930711
2014-08-22 20:00:00,DEHM_BD,0.22268004414402168,0.10449785541970333,0.1465830792285594,1.0871013122221933,0.197970942622572,1.2996999533721305,1.4954552871650952,0.08022457454887615,0.12184485353430603,0.7628160855088111,0.1515069894015308
2014-08-22 21:00:00,DEHM_BD,0.2020288764738337,0.16231182140877298,0.1562383766486215,1.6522848457472048,0.17762454548254594,1.5807885358289853,2.0996718866192063,0.08185226054361426,0.09459463482508708,1.0123756405342434,0.18379066221082754
2014-08-22 22:00:00,DEHM_BD,0.1558178547716675,0.28423240707184994,0.12818189012344913,2.2263153838185143,0.17594569396804075,1.8150095995830664,2.572047434208182,0.07926640113886782,0.07261459465538017,0.9943479083244906,0.2114445302598227
2014-08-22 23:00:00,DEHM_BD,0.11239331772667807,0.3225137259347154,0.13106043327410696,2.806712156841125,0.1736429152654995,2.0587006325575135,3.0103103526163246,0.06944581562769114,0.0584453691183199,0.9734036032273072,0.23144604563516058
2014-08-23 00:00:00,DEHM_BD,0.11256390963961828,0.26222960341763446,0.11097294942802736,3.3795982128652855,0.18325034976450955,2.4350228928439677,3.447711418632335,0.059964247284633905,0.05320399729221578,0.7352538478329039,0.25362193473735584
2014-08-23 01:00:00,DEHM_BD,0.13544418705951414,0.20063861482391704,0.08959656719213113,3.916975478969624,0.2079467052301041,3.0467539722187817,3.882642719496706,0.0557962459418944,0.05543666901123108,0.4768936292762497,0.2927201699966826
2014-08-23 02:00:00,DEHM_BD,0.17383305365642515,0.18389886103819458,0.09767119046085972,4.365781818275067,0.23443968707113982,3.6262283888153224,4.399013971219516,0.05350019805297014,0.07710583373450305,0.4315153788939372,0.3508435981144219
2014-08-23 03:00:00,DEHM_BD,0.1770990677919331,0.18234042481781387,0.1660777735197542,4.806974513498222,0.28285300999400903,3.8680256009553444,5.044424185396241,0.049847044235394766,0.11089839184907606,0.35461516231096113,0.42686284034065936
2014-08-23 04:00:00,DEHM_BD,0.1914899756224359,0.19386203395660398,0.17918313716568038,5.206364156729858,0.33164973719734214,3.8805061486884123,5.457631007179044,0.047249031716424986,0.14191657583297212,0.3885357811239687,0.5050071428958041
2014-08-23 05:00:00,DEHM_BD,0.17098690620104767,0.15002666553479582,0.1677766180906444,4.478498041734709,0.4173602831316015,3.558235162096107,5.072553860367522,0.047284984776978366,0.24854619191234922,0.4460947328829019,0.5215692427363281
2014-08-23 06:00:00,DEHM_BD,0.14237944832017638,0.18097746578703852,0.14508142541108643,3.7756203103730455,0.3644049797646933,2.674464490032303,3.977233000460174,0.05236754678113325,0.309292118331883,0.29881085239782923,0.4913645835536723
2014-08-23 07:00:00,DEHM_BD,0.12118474269996386,0.18620584991667408,0.14517334164982648,3.240397635696733,0.29321289319555266,2.125918957207762,3.2042117378407995,0.05553586633847904,0.25151518525980404,0.23187062099068873,0.4648272546471934
2014-08-23 08:00:00,DEHM_BD,0.12166704709502843,0.1813136290837636,0.1268827650123461,2.6045220524116153,0.28947592936176797,2.0582750332104576,2.7202504922465702,0.05657400202518775,0.18740109354636153,0.20432342442269422,0.5433219066171835
2014-08-23 09:00:00,DEHM_BD,0.13311349394492794,0.16256456872150177,0.0991024143737832,2.3810106825042645,0.31527680075822384,1.94264464569189,2.4062615740564235,0.05717631146340626,0.1403644217205466,0.18584431593047906,0.5524044138385494
2014-08-23 10:00:00,DEHM_BD,0.15362612443137896,0.14971983511343984,0.073293832432078,2.256610182739551,0.42231880805008104,1.4635979812114743,2.260791215674581,0.06470235670198966,0.11686853278419446,0.16608270524756974,0.3607163704264908
2014-08-23 11:00:00,DEHM_BD,0.16468992335694826,0.10699505551656296,0.05373900513570501,1.6661719349880029,0.4926700220128519,0.7214145052173966,2.110955011337389,0.07530176245840381,0.10697803197611583,0.14556205816623755,0.2162413079715705
2014-08-23 12:00:00,DEHM_BD,0.17602061861841928,0.07285755612735159,0.051316947783243305,1.1653097215480799,0.40790597828418007,0.618756116291061,1.6747889934132083,0.08012353563081172,0.13310624803176138,0.1375431582818738,0.16420605826755044
2014-08-23 13:00:00,DEHM_BD,0.18909996031327164,0.05602862524019077,0.051373829597913326,1.3286057748398559,0.37176047841008736,0.44015097798435004,0.9066914790019858,0.08400734765654845,0.15798287522234,0.12679707187484002,0.13683600454514833
2014-08-23 14:00:00,DEHM_BD,0.15597653052862023,0.044076071335477675,0.04986237581474705,1.2168100206160044,0.38710445710457847,0.31599425417313803,0.7361615069207664,0.08990776224464167,0.13791779727464526,0.1238985719477617,0.11626337980453379
2014-08-23 15:00:00,DEHM_BD,0.10318143827570594,0.044104721391973925,0.06301119667455718,0.8387818092027561,0.40474413252141317,0.2712032118387403,0.642280445949206,0.0924321366129338,0.11726797860813314,0.09915638969644008,0.09868487976440508
2014-08-23 16:00:00,DEHM_BD,0.11085121333695006,0.039908420041751234,0.05865725500481085,0.6514521954124097,0.41697181030539787,0.2856603327269665,0.5386036743268836,0.08345682686085394,0.10479206184821181,0.08029016367287084,0.08300822758385673
2014-08-23 17:00:00,DEHM_BD,0.09516850991466999,0.054763104027435665,0.050667177023501056,0.5512309845923752,0.39759112354086695,0.3569870706186529,0.46951680917696403,0.07397304506889238,0.08205275249047665,0.06939221668970705,0.06853019331346574
2014-08-23 18:00:00,DEHM_BD,0.07114407519710246,0.06085133830984011,0.05041493293454508,0.5026841578205693,0.30134723571907707,0.5796592862428176,0.7251764798622187,0.0667082010920683,0.0542572097355403,0.07607792269063095,0.05721255933197509
2014-08-23 19:00:00,DEHM_BD,0.056116440013437366,0.05287596115785633,0.049534970332249004,0.6447387921115431,0.1945182161881773,0.8785790376199767,0.9573752593873792,0.060206775782383766,0.04075768368541507,0.08345773781621549,0.048484580991603764
2014-08-23 20:00:00,DEHM_BD,0.06710828130190424,0.0493134261663805,0.05226797027475363,0.9143294699850196,0.16356632927376763,0.9661581306794882,1.2448996033454804,0.054122551267463986,0.042220560929736764,0.0994281425526123,0.04375776795254677
2014-08-23 21:00:00,DEHM_BD,0.07517633646885852,0.04884769560154218,0.05918019682818576,1.2770416914157474,0.17022559258762737,0.9044215175443501,1.620947199361084,0.054224724350043975,0.0437682907764635,0.09153791127741046,0.0482983708787482
2014-08-23 22:00:00,DEHM_BD,0.06952929025056066,0.05089879914611869,0.05829279359917322,1.637435442731456,0.18937761629931613,0.831224978093063,1.7004481808665286,0.05423939679303783,0.05560328884628591,0.07197744518076295,0.06123440059943047
2014-08-23 23:00:00,DEHM_BD,0.07136229804298834,0.058188311776688664,0.05871484931862669,1.808107797101974,0.21586764974601552,0.7072700481592922,1.4868351041247312,0.04600582240984945,0.059024913029987136,0.08358739882115525,0.07496044831882273
2014-08-24 00:00:00,DEHM_BD,0.0762525469165853,0.06088910515070222,0.0666270013800216,1.8008393003340346,0.2378407302973418,0.5949697951427916,1.2014786190908553,0.04123272608447577,0.05561519887938199,0.14854625364718482,0.08666142744177681
2014-08-24 01:00:00,DEHM_BD,0.07601903093525092,0.06339436134782045,0.05058267639133314,1.829269893383741,0.2613550630562099,0.5804929396282019,1.0284900539122614,0.0376851161003345,0.052896286781838824,0.18715979743715366,0.09513310526495619
2014-08-24 02:00:00,DEHM_BD,0.07574066532326704,0.07623587828160924,0.032396047560117276,1.6988848805193228,0.2940817669268789,0.6014843549216911,0.9812461869343975,0.03269804124908509,0.05077191700416603,0.20588178751789019,0.10173227348033223
2014-08-24 03:00:00,DEHM_BD,0.08755871874959051,0.06570054901103417,0.027499617189879002,1.3467650675248937,0.32684563577201203,0.6437518156706029,1.0123915749195032,0.030985626038471135,0.050830441401984845,0.21211313421092914,0.10505801329988744
2014-08-24 04:00:00,DEHM_BD,0.10356293704683882,0.04442620378411973,0.03034911460460148,1.250239513055035,0.3834035820662229,0.6934278500981814,1.1089311169207399,0.030031552565070934,0.049414788756519445,0.21918102135121803,0.10230733815835774
2014-08-24 05:00:00,DEHM_BD,0.11107928472605526,0.03366634560103323,0.04020249020464698,1.2136260105134826,0.4398563331715017,0.7241920817798282,1.080994591063941,0.029650932012435398,0.0446269368372181,0.22111023230373852,0.09232214968127193
2014-08-24 06:00:00,DEHM_BD,0.11968102786294174,0.035954879604293354,0.052715152147742764,1.0482337065651735,0.4670622678650914,0.6705651911057251,0.9819551952987536,0.032547022549460916,0.03428775589459559,0.21561155614055683,0.07956835870320896
2014-08-24 07:00:00,DEHM_BD,0.12711500524895253,0.040313418249282904,0.07475445398968633,0.894342508438918,0.4885345101030171,0.6208418011242826,0.8782276708111376,0.03372358084978173,0.03211320572254002,0.21617645451500062,0.06744449795278704
2014-08-24 08:00:00,DEHM_BD,0.10745018402209498,0.04479664781109506,0.09522499564429737,0.8123499949629156,0.504742745066285,0.5966630396198643,0.7741936561368615,0.03271792752811562,0.031317587607898524,0.219886118210731,0.057294374130433263
2014-08-24 09:00:00,DEHM_BD,0.06758830020161326,0.06505217628448308,0.09764648125075719,0.7805894509716662,0.4562429465357959,0.6021961508196475,0.6896929348914556,0.031547435627889225,0.03415324856570906,0.1763785012039866,0.0501850877192615
2014-08-24 10:00:00,DEHM_BD,0.05032536497776382,0.08080572066593966,0.10864203150969977,0.6852038230887707,0.5198927011353893,0.6350627991465968,0.6652487457683379,0.029770267481405703,0.04148268028115836,0.10999790139748712,0.047107206496959424
2014-08-24 11:00:00,DEHM_BD,0.06273678467739599,0.09614704628448584,0.11015183887805607,0.6497496345680183,0.8899976529067195,0.8601161502782022,0.6574420478631058,0.027305962336749194,0.0581866000769286,0.08006750884186926,0.04714470461884027
2014-08-24 12:00:00,DEHM_BD,0.06338593186015011,0.1092705856660845,0.09867651127371915,0.9280079853941349,0.7388200532526522,0.8930933376153465,1.0656359389275485,0.025589887963288538,0.09513439777320234,0.056483985082274146,0.046353519977966634
2014-08-24 13:00:00,DEHM_BD,0.061294886929734844,0.11246355848825729,0.08643073348115184,1.4067063626577705,0.43787757794078425,0.864282395114908,1.5643807877296534,0.027114901506072993,0.1351941291145607,0.05071905346737873,0.04497531153496807
2014-08-24 14:00:00,DEHM_BD,0.07705661771058783,0.10898604542737354,0.08210801136357694,1.562383366854298,0.33101814454648626,0.5166569617152912,1.4862980386683335,0.033794984690259364,0.1323223667617141,0.0509608587085827,0.044766983212237196
2014-08-24 15:00:00,DEHM_BD,0.09242005901800923,0.09957302493335754,0.09409925036376397,1.5458599334342136,0.2526743845896608,0.3257636058764881,1.4097136827583832,0.04005881597839065,0.11234266754818147,0.05630185674478984,0.04529638368908801
2014-08-24 16:00:00,DEHM_BD,0.10108821200812458,0.09449990826188526,0.1134004258566266,1.2420934525518073,0.22560859805175087,0.27352062824690004,0.994031921025111,0.04391706044839606,0.11395209938772252,0.07934732276205421,0.04689956815481313
2014-08-24 17:00:00,DEHM_BD,0.09096976783502955,0.10180249014662937,0.11048093734752445,0.9559965436731996,0.22663314741826596,0.26059249149069164,0.8370706545029962,0.054375938330362014,0.11964964153425989,0.09029365439517643,0.04873784016120945
2014-08-24 18:00:00,DEHM_BD,0.08598520034926153,0.1116639867431517,0.11268160533014662,1.0805493615669375,0.26962516348002474,0.5071682466184059,1.1970327690625169,0.06216364312823672,0.12148932028354135,0.09566566941898304,0.053292801424791245
2014-08-24 19:00:00,DEHM_BD,0.10004919363750116,0.10563894173345194,0.10822381427777808,1.2494996512266687,0.3061579666778956,0.8303136749046995,1.2666623568594755,0.06410715410162204,0.10097772054850113,0.0909212013381148,0.06205549865874681
2014-08-24 20:00:00,DEHM_BD,0.12691244403191543,0.10141714007545961,0.09677124052378114,1.3510611671243313,0.3240893846139964,1.1487628860947574,1.3460690988411723,0.060581370738450546,0.07344346570998415,0.09337797051724335,0.07554538161583697
2014-08-24 21:00:00,DEHM_BD,0.1420435893511549,0.0965084429543817,0.09437068846532946,1.4388213176048936,0.49921860632280113,1.4582095160620232,1.6489342137244365,0.053371928419731714,0.06402126309055822,0.11177804667138436,0.09865398151947176
2014-08-24 22:00:00,DEHM_BD,0.13141860580523135,0.09044543577662781,0.10340043642028571,1.6115997450444637,0.9133226151430397,1.7964564068784876,2.0218550248993523,0.04830823126247495,0.061765715412888555,0.13646410005672058,0.11567674358703181
2014-08-24 23:00:00,DEHM_BD,0.11881532084003257,0.09280860060052733,0.11103950316919965,1.8583628098844513,1.2461191343691982,2.1710385870236713,2.294613228681146,0.048157406537139374,0.06297675387538963,0.14148081070983545,0.1242816616177651
2014-08-25 00:00:00,DEHM_BD,0.10711793331326153,0.10152729130254476,0.11306372540214009,2.204022017385178,1.488097394576033,2.651477352918844,2.546597375994589,0.04542390932547062,0.06239283658403894,0.13118965291039084,0.12829258019085035
2014-08-25 01:00:00,DEHM_BD,0.10670942541616144,0.10586443626225603,0.10717068219254641,2.817247796721139,1.8419450516643456,3.4496853413075206,2.938054438049316,0.03528720997984848,0.0672585457726567,0.12075599938527137,0.13188732452808402
2014-08-25 02:00:00,DEHM_BD,0.12265760352012521,0.10533281043261801,0.09863022065417248,3.7546215288789773,2.4264409755392813,4.408607419659619,3.485364918826311,0.027459755265255674,0.07258343020599321,0.11697155628846775,0.1384105269642546
2014-08-25 03:00:00,DEHM_BD,0.13543527834341837,0.10119544515672266,0.09184467336931022,4.711012505770258,3.0991086539861863,5.0529726533996495,4.267843515211662,0.024103476177344527,0.07502932321881858,0.12783901610343928,0.14495223443459349
2014-08-25 04:00:00,DEHM_BD,0.13877551793741513,0.09522646986088269,0.08482453650009401,5.270687350642685,3.7329798109454186,5.306273963628692,5.0988386401354,0.023705161677296152,0.07228062043357633,0.17251359947640435,0.15092013251884834
2014-08-25 05:00:00,DEHM_BD,0.14130787532177277,0.0877776016530732,0.08155071268373038,5.294106911426559,4.139319983598328,5.274995814311712,5.485694999894196,0.024563625872216506,0.0708255596866271,0.1919836469341813,0.15642222690362934
2014-08-25 06:00:00,DEHM_BD,0.13483203368642593,0.08675925394041317,0.09524141613389696,4.345234863688426,4.276053523669095,4.607038240810436,5.040095207084047,0.023910343951513528,0.06905758794151232,0.1860736765182763,0.16367723886774607
2014-08-25 07:00:00,DEHM_BD,0.13094371061843346,0.10029336906920157,0.11910480323143936,3.6444379770808255,4.1913104500272915,4.038600973736052,4.357971082573889,0.02352393146741423,0.06602795154643237,0.17967306870695188,0.17262407051776063
2014-08-25 08:00:00,DEHM_BD,0.13058319026199156,0.11715766049841739,0.13266878429174409,2.8101720716646845,3.7370484425275214,3.4628761734511784,3.3698012615227007,0.025770926905095335,0.06536824057701496,0.17174890758041284,0.18132928884188632
2014-08-25 09:00:00,DEHM_BD,0.13372485255897024,0.12029793141394539,0.13737053503612964,1.902811069204571,2.8421907053800206,2.6898346374805495,2.4056563149682226,0.029578463607976918,0.06054727545796419,0.16839863990742698,0.19031278550360348
2014-08-25 10:00:00,DEHM_BD,0.11803688678137954,0.11786335865731903,0.1398663530769198,1.3339708201386278,2.1280515920773593,1.8910124997625055,1.73198542243826,0.031876592099777994,0.05122372289408914,0.15573939099524156,0.19619948786281036
2014-08-25 11:00:00,DEHM_BD,0.09546296487042666,0.11475153590172088,0.1339016608763671,1.0992407086332388,1.578905188845056,1.4386417505625526,1.1375670222223389,0.029494620911907774,0.04784818551834657,0.12756065013817022,0.2011911127600818
2014-08-25 12:00:00,DEHM_BD,0.0861735164049825,0.11473853899071097,0.1309638108232569,1.007194687421205,1.225026602716127,1.1740031487683966,0.8193375061357723,0.023797698132154335,0.050250290443841286,0.10061192478838821,0.2032231188317387
2014-08-25 13:00:00,DEHM_BD,0.08614650647212262,0.11663920652601162,0.1350419239289312,1.0723752349849747,1.2471396596715039,1.3617678971761866,0.6037636424207273,0.020032964509770407,0.05349973412853653,0.09334748971627552,0.19780807230111191
2014-08-25 14:00:00,DEHM_BD,0.08939342808226643,0.1238566102813388,0.14626095781411963,1.2951571236940835,1.5162868203831117,1.6504941409411018,0.6781400732840207,0.023958996086921477,0.05625308578904704,0.0925662316498857,0.19093903982179228
2014-08-25 15:00:00,DEHM_BD,0.09410341262236115,0.12499081265972563,0.14555720852572465,1.2036487913547047,1.8163115654082516,1.8044600404490319,1.0473255200816154,0.03513421558094207,0.0568215998019462,0.09137078173183814,0.18345202499421304
2014-08-25 16:00:00,DEHM_BD,0.09797551951071673,0.13578712284348782,0.15744644229426044,0.9731132146353938,1.9176697027927287,1.7806949844708584,1.3670193292836315,0.047326102403495274,0.05436908369351403,0.09362246436787287,0.17606612515406672
2014-08-25 17:00:00,DEHM_BD,0.0998729266280232,0.16094369863510766,0.1735568840788117,0.7161229114074191,1.7312766963978719,1.862135599501723,1.5245356263923655,0.04825727742880566,0.053861129001262525,0.0959904551063515,0.16755613725710655
2014-08-25 18:00:00,DEHM_BD,0.11344597200633379,0.18401864417292746,0.18497760508566144,0.7392607692446513,1.6583810293244665,2.1057330177262656,1.7833706730944874,0.03995608631832046,0.06275787853382869,0.09827706889094048,0.15821191301856175
2014-08-25 19:00:00,DEHM_BD,0.12260775877312391,0.1891330020231963,0.18444185619542364,0.9258931090967153,1.8038179822992346,2.104783577410987,1.9179699405668087,0.033706380057462654,0.07804953717903222,0.10255483614977519,0.14881570459655463
2014-08-25 20:00:00,DEHM_BD,0.14106471393136247,0.20140176869623813,0.17926973616315042,1.2736572266078834,1.893740984338112,1.8475448575979234,1.9868375741018622,0.027879365414171572,0.09858297118727344,0.10866066279826118,0.13865785521298157
2014-08-25 21:00:00,DEHM_BD,0.1629085158051643,0.21439887723079923,0.19297205330969763,1.4984409097316838,1.6385003057196177,1.61639849988967,2.151035352235629,0.020938548716830773,0.08328505570668242,0.12363075451599927,0.1262378604797226
2014-08-25 22:00:00,DEHM_BD,0.18362934761721159,0.2174296108617918,0.20137629474177013,1.4830231746983178,1.3692109052312698,1.5149242667921556,1.8812162227335198,0.015598855954782423,0.08472204899691027,0.14169416398122514,0.11434213349509043
2014-08-25 23:00:00,DEHM_BD,0.1891725202417931,0.2159526855594356,0.18831830958789658,1.3466555240044695,1.2928296255755425,1.400766498440191,1.8297612599857302,0.016276996973266327,0.09781050245138795,0.1767123657806233,0.10494030267968756
2014-08-26 00:00:00,DEHM_BD,0.18437962449269352,0.2040993864250672,0.16981268375567615,1.0288014795289504,1.3363061337383744,1.391941592971352,1.9646791544362148,0.020990953591246298,0.08791280227964965,0.2455703446869355,0.09546440019004039
2014-08-26 01:00:00,DEHM_BD,0.17972999345521434,0.21041817009138178,0.15890346445482442,0.7658820359950989,1.436605795976864,1.6033725205983733,1.998390907348833,0.023425358644865092,0.08008210346718767,0.22676221923246548,0.08736150562971354
2014-08-26 02:00:00,DEHM_BD,0.16324048610801792,0.23344781782470622,0.1609240835626178,0.6121931594972208,1.5771095811909903,1.8225681071686355,1.9909183386222322,0.02610049670450253,0.07927343525781871,0.202098563218935,0.08145924727791444
2014-08-26 03:00:00,DEHM_BD,0.14585440474173042,0.2548714841316534,0.14795893019285683,0.5115574628836008,1.8532826113729364,1.8885099788559256,2.002098105974603,0.028779563981786917,0.09703315737417899,0.2132521703279492,0.07748621939939665
2014-08-26 04:00:00,DEHM_BD,0.11953138626584296,0.29684553529305807,0.11062363164969369,0.5031650340706766,2.2192151438442616,1.9785151615509788,2.1046793277535207,0.0280471035784235,0.1307829805926456,0.20355456715811684,0.07570169756995739
2014-08-26 05:00:00,DEHM_BD,0.11013253347974265,0.40437173274633115,0.1296370226536388,0.5273191459887491,2.5403275937338496,2.065874398781105,2.1133844346854707,0.028789909342180904,0.16297782204051603,0.17180254302004105,0.07658728588814825
2014-08-26 06:00:00,DEHM_BD,0.1345134072131103,0.5264081307790741,0.2658135645451862,0.47717339210664383,2.6374278229929367,1.8937935810048674,1.9913728597533527,0.032721410784398754,0.15975429352954013,0.14448514799156903,0.07767936414285087
2014-08-26 07:00:00,DEHM_BD,0.18860972486257538,0.37954868539314246,0.3852498005465882,0.42230154278487925,2.7657157364619525,1.719788150291252,1.7881957918530547,0.03374367366312351,0.13119162214698082,0.16138104836162634,0.07854324342448249
2014-08-26 08:00:00,DEHM_BD,0.25555744751276444,0.24644067196658334,0.4652205966950801,0.36173296458668935,3.07680078922553,1.6644453192349835,1.4605008520657785,0.032096689035803844,0.11320790670064997,0.20237937600037537,0.08210010429897796
2014-08-26 09:00:00,DEHM_BD,0.16622620117060827,0.1958753989765885,0.3508660659784937,0.3019857323310602,3.3687859730733676,1.6151351906997333,1.2570447002448315,0.03163930864825141,0.10524746595828098,0.2156988381575443,0.0913549946659057
2014-08-26 10:00:00,DEHM_BD,0.1251126454657316,0.18908251831484957,0.3091835260688425,0.25032212323049363,3.5094922254974255,1.5799754956023735,1.2997846846828223,0.03156530462539447,0.10248783507974218,0.29985685366536247,0.10429098479814818
2014-08-26 11:00:00,DEHM_BD,0.11976302044409318,0.1857923567045945,0.3397317605475108,0.21460307731387188,3.3442864714770404,1.609474960166374,1.372048117856572,0.0294899915204587,0.09027978152022219,0.22770649007462196,0.11658945528632488
2014-08-26 12:00:00,DEHM_BD,0.11670576212044792,0.17449655526075727,0.3074385751001937,0.20383672925229027,3.1998557364502993,1.720608139396374,1.331935314370789,0.026210881426324592,0.07698659918752188,0.10302835637317603,0.13119116368956843
2014-08-26 13:00:00,DEHM_BD,0.13837557482597396,0.18312505830597356,0.28334351676343406,0.18135935127117778,3.3344311841282686,1.8107892841122075,1.3943845611925296,0.023087507636134635,0.06588351142955692,0.07069360297558003,0.13726809988603916
2014-08-26 14:00:00,DEHM_BD,0.1770537409646529,0.18453275757465443,0.22670465617279445,0.21205235861500676,3.5701678815096267,1.8747602020318446,1.4116606805955203,0.019903401961698455,0.0581727431478127,0.08260893365422135,0.13803763237844208
2014-08-26 15:00:00,DEHM_BD,0.20166454855067642,0.1639021029147015,0.15779637124414714,0.3342430721467333,3.557749836953895,2.128865140651728,1.6119477875737473,0.017098817941511843,0.05134113413284806,0.0844883954252784,0.14039673367158959
2014-08-26 16:00:00,DEHM_BD,0.15594150553699568,0.16027042852742276,0.15184694609958257,0.4769306306005754,3.0709353609230248,2.33491326274655,1.8891911981667753,0.016012072264993002,0.04791401968833122,0.08167477642329198,0.13894433040613305
2014-08-26 17:00:00,DEHM_BD,0.1842924626552451,0.14909312101639027,0.15111195636610608,0.6347763570867443,2.402758711145043,2.5531316270536446,2.183761962024558,0.017696271817991854,0.04989462028669621,0.0925471566126116,0.12968778262131367
2014-08-26 18:00:00,DEHM_BD,0.24575318071915636,0.13879345667210707,0.1490170807188156,1.0616687147235873,1.5914898563253355,2.8143648810877644,2.6222474992205185,0.021326717921486923,0.05197463467865438,0.10053442196958712,0.1156557354079268
2014-08-26 19:00:00,DEHM_BD,0.2254170945192966,0.14097157472439015,0.17312047331589062,1.6357512038882094,1.046191710955517,2.44349339465888,2.568497574913721,0.022109174728653425,0.045010567850199266,0.13529273905730627,0.10254749902571544
2014-08-26 20:00:00,DEHM_BD,0.18871093080881504,0.16661794693242948,0.17488820008602662,1.9817815403372359,0.7368443395498044,1.8039368065402297,1.982395287480783,0.017779123397898635,0.037675265244276945,0.18086235063949493,0.09305861740582227
2014-08-26 21:00:00,DEHM_BD,0.15737820820563778,0.27316275705923065,0.16316552015401342,1.734265025697687,0.5888339443749189,1.4137073962121303,1.5564925866614119,0.013346339636660084,0.03330543011887974,0.1799739483324729,0.0864383776799775
2014-08-26 22:00:00,DEHM_BD,0.1278655033985601,0.4925738982826021,0.1535711222555843,1.4753179717136853,0.5512548088332662,1.2994353294821457,1.363632410170489,0.011269654380176028,0.033063103151129224,0.213797495803629,0.07905095480624104
2014-08-26 23:00:00,DEHM_BD,0.10263296305749083,0.5900855023752635,0.1401867114589884,1.4077548885046745,0.6152780948683967,1.3097004316233312,1.3524584340257517,0.01191881294572595,0.03350386426439209,0.3229417313062681,0.07100469152689207
2014-08-27 00:00:00,DEHM_BD,0.08914863733829448,0.6201783288960205,0.16259259620207464,1.4849723203045928,0.7309192302745975,1.3978638799345915,1.5375366068767709,0.012770212406160709,0.03175076197999571,0.40254168918775524,0.06535627673237801
2014-08-27 01:00:00,DEHM_BD,0.08515096254006022,0.5717508616025558,0.21911308827454218,1.7740541660927673,0.8081998679275111,1.334200955638932,1.5036629527034937,0.015307601816814695,0.030464108499266375,0.3827667312584869,0.061812535060591686
2014-08-27 02:00:00,DEHM_BD,0.084769530046312,0.5897785982871986,0.22031957092626936,1.8667904878633004,0.815855602021236,1.2396817356450298,1.361124743915582,0.03031373306135858,0.030827233601157192,0.32026091591621286,0.0593727272253743
2014-08-27 03:00:00,DEHM_BD,0.08519629640931245,0.6413792764996178,0.23616568141326771,1.7201097684463207,0.902857823989084,1.2355930800166866,1.3526404369000602,0.04404850093585319,0.034939140324193416,0.27562940155790056,0.057588887320538025
2014-08-27 04:00:00,DEHM_BD,0.07703598771817964,0.6705460613813158,0.3079607904893438,1.6270564045426437,0.996795281051835,1.2873610893810143,1.380614777413661,0.047370914860449746,0.039598695986885174,0.22876501740542,0.05742887596640909
2014-08-27 05:00:00,DEHM_BD,0.06994562570960242,0.573782625589161,0.39861552916830395,1.4933455529603852,1.0712356088198907,1.302618958080865,1.4302571253162226,0.0481197704376957,0.04261513500559859,0.15323779342842264,0.06118883789736707
2014-08-27 06:00:00,DEHM_BD,0.07043013127326957,0.38797993983030765,0.4167517380443214,1.3567210451939324,1.1075924268861952,1.2523905048271198,1.437337178654289,0.05082211280286304,0.04666023132656399,0.11602031346780223,0.06837558030194708
2014-08-27 07:00:00,DEHM_BD,0.07677055148687208,0.2556076168005075,0.39534409029789247,1.1844127673900005,1.122836975488644,1.2133043450149592,1.4166810431489187,0.05029449013271704,0.04811660794281161,0.07427426512041575,0.07470222696174392
2014-08-27 08:00:00,DEHM_BD,0.1018191128455102,0.21321913606694884,0.31687201808360393,1.1400018538999452,1.0832958890882831,1.1901648944860015,1.3424678547226703,0.05043081656006853,0.05026663639727275,0.04040215598041904,0.08271335763501686
2014-08-27 09:00:00,DEHM_BD,0.12351502575775118,0.1631599632192437,0.3271067548946895,1.0951520573414042,1.0352048001651093,1.160673204681018,1.3354280519844834,0.049571425310228893,0.051921058387061216,0.04254791416917248,0.08988130886921634
2014-08-27 10:00:00,DEHM_BD,0.12051772671141536,0.08129462307390044,0.37428738427243186,1.462438694819196,0.9602502360153954,1.369948582987341,1.6959810962803927,0.04908019265241797,0.052720531636249464,0.04703291091647975,0.09434218519425476
2014-08-27 11:00:00,DEHM_BD,0.1143191486706537,0.06694901378197116,0.37578796840053047,1.983304590242057,0.9572110974023211,1.788571768865838,2.1139980297405425,0.050763485569381955,0.05191612162803278,0.050943568457756175,0.09828987193197
2014-08-27 12:00:00,DEHM_BD,0.10162249684128895,0.11073053085780338,0.3886360880623594,1.827358652154689,0.976293673029521,1.8658495354135114,2.146124024892653,0.053274845611590946,0.04838795118055526,0.05594351108914577,0.10147727839663609
2014-08-27 13:00:00,DEHM_BD,0.09931799226982353,0.09961050183655097,0.39860423362063,1.7679809033203473,1.1622158408270193,1.953878238612822,2.008436645058251,0.05660841138793267,0.04627110663898039,0.06814349003518333,0.10253846479682242
2014-08-27 14:00:00,DEHM_BD,0.09888317113097951,0.0988018600820417,0.3741769543437658,1.7138151237268255,1.3716444027852501,1.9377350513881804,1.7469941512363367,0.05979199205097259,0.04497445543050695,0.09483339714901283,0.1025273179072513
2014-08-27 15:00:00,DEHM_BD,0.10312726858302523,0.18868493205482595,0.3448423627871832,1.7287938329752668,1.5951540974108827,1.8932159697823,1.6294517336907528,0.06418844102779392,0.04492379502777442,0.11043889126697083,0.09866985357234244
2014-08-27 16:00:00,DEHM_BD,0.11241460983373976,0.20064461912995518,0.3231416277464478,1.6478276390285789,1.7286930356230634,1.773886795192767,1.6955032301853492,0.07290350712708067,0.047530339274615765,0.11568290621015234,0.09220955220596849
2014-08-27 17:00:00,DEHM_BD,0.10660383768274838,0.22905328360142274,0.3184225398737936,1.380513313682483,1.8730822549792645,1.8128392554748172,1.783270488054058,0.08158108406228932,0.05219545986869486,0.11267621690541202,0.08371007555703627
2014-08-27 18:00:00,DEHM_BD,0.10175209625757413,0.33503660761537685,0.3049616908469796,1.5664444642387245,1.9508261722938054,2.317256630480887,2.2064931268296646,0.09565888883691855,0.059777997814052644,0.10369919728876759,0.07493540869966833
2014-08-27 19:00:00,DEHM_BD,0.09941172129038582,0.4570567894814279,0.28958826290119416,1.7142546769325935,2.194889783012783,2.63075272918711,2.3943271048352655,0.13123229535688047,0.06794142957228737,0.09713697654309465,0.06554081376195564
2014-08-27 20:00:00,DEHM_BD,0.09641288293302978,0.4441849869596748,0.29408759408977797,1.9134952079205207,2.4748950046252003,2.99945192296342,2.544342488565452,0.15571878509742432,0.07154543398361154,0.11040893925717508,0.053713338177454516
2014-08-27 21:00:00,DEHM_BD,0.0966789176845043,0.3911082772920874,0.30471900370663946,2.1574523465731685,2.7801920598416334,3.3265156194185517,2.652979444247422,0.1275452833770045,0.07187494821287298,0.14215085909275202,0.044641040912803395
2014-08-27 22:00:00,DEHM_BD,0.11120783019706601,0.380693778850244,0.3074477545136677,2.4841559187628333,3.283905306109414,3.40329168017204,2.837111631867242,0.1035963576597392,0.07430503081192814,0.22876225559132024,0.0428924484991582
2014-08-27 23:00:00,DEHM_BD,0.22336938698999567,0.39303868523316215,0.304333718080474,2.744796801087323,3.8599641570314134,3.4591274825315623,3.41081131899104,0.09678738089650152,0.07870307724153248,0.3933864700385231,0.046009286818501346
2014-08-28 00:00:00,DEHM_BD,0.35403781846057614,0.39434046844710824,0.2968210328481159,2.643232921301665,4.1899183046282555,4.079923102841657,4.1526230183900505,0.10084006405140379,0.09026598689443692,0.659107438208148,0.05111851400092692
2014-08-28 01:00:00,DEHM_BD,0.35984975261164814,0.37780037664648825,0.29270578497251487,2.3881813484046974,4.77187845423918,5.431716190381263,4.478608988344348,0.10350997297640648,0.14121064456880075,0.9414777092900287,0.05605794661841874
2014-08-28 02:00:00,DEHM_BD,0.36997401078709397,0.3674187297468026,0.30262907872594874,2.105252173472472,6.146639070341778,6.276361692225937,4.42989917634655,0.08684367080892649,0.20665021911531678,1.0189901808601571,0.0609872880661152
2014-08-28 03:00:00,DEHM_BD,0.3445996565230562,0.37185629959497124,0.32858736153468476,2.094279143410198,6.69712376695401,5.929165433616603,4.149867705374176,0.0710332988137634,0.24538373902112234,0.6924036431648208,0.06491102555498929
2014-08-28 04:00:00,DEHM_BD,0.3496065185910835,0.377306259127428,0.3601538093654437,2.1515158258937728,6.30698812966593,5.223182036061598,3.8125621491455988,0.06860188397482025,0.2526535241970419,0.5507323735335095,0.06913174979787544
2014-08-28 05:00:00,DEHM_BD,0.3572751631396448,0.3694006352287792,0.37898485149563277,2.048122362783153,5.642759348620944,4.53370131875639,3.4085608593733987,0.07111276850915567,0.2365345935912429,0.531667171676997,0.07906401798384834
2014-08-28 06:00:00,DEHM_BD,0.35429397571993976,0.33440655293209737,0.3738278943482134,1.73309174464576,4.8329807856210545,3.7272946758746075,2.6342847154293434,0.07537627554175673,0.20524760739102937,0.46734595288390285,0.08566258918928445
2014-08-28 07:00:00,DEHM_BD,0.36301293648719773,0.31241865303153743,0.3893243772359936,1.633975107486087,4.02604409679901,3.360362320664099,2.1858329713695204,0.07704605240506796,0.19007995691712934,0.42546742236144836,0.08773247261373317
2014-08-28 08:00:00,DEHM_BD,0.3672180805220827,0.302773457844761,0.40194187880020815,1.3626878793104158,3.3330346845510057,3.0157913132935614,2.168982849233554,0.08012223573108371,0.17866401513107105,0.40340918144613497,0.08694755531079591
2014-08-28 09:00:00,DEHM_BD,0.3787476323776131,0.2795700065764718,0.3741811582630499,0.984104678828842,2.4610458659929058,2.5051008282251317,1.9197571688479254,0.08269117604415617,0.17987913103351352,0.4152097495364584,0.08561086690505025
2014-08-28 10:00:00,DEHM_BD,0.37535319814581414,0.25029766265767006,0.32969273650416225,0.8013647818703076,1.575058502956142,1.7979691059019567,1.5680290852034662,0.08464819043725141,0.19540645037205875,0.4126128355975029,0.0844785236202505
2014-08-28 11:00:00,DEHM_BD,0.36323108656603836,0.22440943466490917,0.3034273487903375,0.7294047951309999,1.0592465500565618,1.1493010108544839,1.2592436997298906,0.08520762351641303,0.2169859397743641,0.39749914804082465,0.08322232395489226
2014-08-28 12:00:00,DEHM_BD,0.3435196942920795,0.20372052039952884,0.2902117101909114,0.7244389579054661,0.957701123906658,0.9607408855444087,1.0617155897469945,0.08590550118945997,0.22353936252325757,0.3523771825991972,0.0813839154013338
2014-08-28 13:00:00,DEHM_BD,0.3155631539768235,0.18974503051993988,0.2653673884962346,0.6326441156927333,0.8597347790047363,0.9673306690083148,0.8309121050188515,0.0865920925358467,0.2578135365938208,0.30961086504946156,0.0805986368521301
2014-08-28 14:00:00,DEHM_BD,0.30324816920101394,0.19545433341041155,0.3120181252292927,0.6047097463838051,0.8278935060779888,0.9079060539497947,0.6607247094602092,0.08971721957892874,0.2969034542301388,0.29843095872169934,0.07897929807968422
2014-08-28 15:00:00,DEHM_BD,0.30118569274032486,0.22255894694794773,0.503276286330816,0.3785209227352626,0.8248182130566006,0.7356240540588151,0.5944746640112378,0.09398249107861655,0.35561678067051333,0.3013823196268092,0.07577368066085488
2014-08-28 16:00:00,DEHM_BD,0.31029672517851914,0.2212368722033908,0.863575295773318,0.1862488051861632,0.6440360383646981,0.639466174945065,0.40331322177776247,0.09965624514988154,0.40103015113022156,0.32108371536610325,0.07269708183690902
2014-08-28 17:00:00,DEHM_BD,0.3319564839844917,0.18465571821754462,0.6627789659135604,0.1410347416205443,0.4905291630345721,0.493862180977197,0.25701476176846416,0.11049512037884895,0.42432366531704535,0.34612012672900144,0.07021759093643848
2014-08-28 18:00:00,DEHM_BD,0.3371642726757097,0.17830556228222094,0.8196444457600147,0.11966958907024955,0.39674693882575246,0.4011791342975325,0.177939868163073,0.1277986707724222,0.45102333606482464,0.36238030963959117,0.06692267223237296
2014-08-28 19:00:00,DEHM_BD,0.32456989092432414,0.2139904338937404,1.2263281098696361,0.12608202208522698,0.40318444812441706,0.42776235594889667,0.3973749327009147,0.15105544437147614,0.5004748559550939,0.3941543264208082,0.06615826519968793
2014-08-28 20:00:00,DEHM_BD,0.3307435477105014,0.5972268229501243,1.2478624739287467,0.11616762787002415,0.3985595255721313,0.5804404621528659,0.5967677286346875,0.1717279290966827,0.5387805962133406,0.5039001508610901,0.06669257259995659
2014-08-28 21:00:00,DEHM_BD,0.37940136476447095,0.8913636127437151,1.1257335874571153,0.10277505199061444,0.4271570249652675,0.9502422371353673,0.783008689697114,0.1872018805387615,0.48152714249968515,0.6418370559937456,0.06696556037982922
2014-08-28 22:00:00,DEHM_BD,0.46366173163067825,1.0942572292130697,1.6196938603290933,0.31569454663539587,0.5250686412304266,1.594918598189919,0.8622323813224746,0.19241226001985368,0.39413307931289054,0.7558953867228442,0.06717263461017033
2014-08-28 23:00:00,DEHM_BD,0.5530868052742257,1.1801155841515465,2.090945775250413,0.7498778337494048,0.6144115265717356,1.8764695862613663,1.332416198458974,0.18173166057072568,0.34293632254645223,0.8460345264403231,0.06858757282339956
2014-08-29 00:00:00,DEHM_BD,0.6783723676169535,1.0406736216905745,2.3365335099296254,1.1397053900479621,0.6285620381811261,1.839138824007676,2.2022945865438412,0.16341033032921137,0.3131874753807484,0.9190952429870092,0.07044277687746318
2014-08-29 01:00:00,DEHM_BD,1.0093675713901635,0.9905996314472223,2.5688411703705207,1.656602709056111,0.594237563855946,1.7833884600287258,2.4616171587822473,0.1543876450235488,0.2859737426005304,0.9758829774270192,0.07310672579785427
2014-08-29 02:00:00,DEHM_BD,1.3480455643241664,1.1044246583928339,2.6834302875357854,1.9730652914843616,0.5614379134386777,1.4969180360875978,2.559109521806327,0.1543331995327489,0.260603956574276,1.0149576224838968,0.07469562879782515
2014-08-29 03:00:00,DEHM_BD,1.211755473065637,1.1459948786911258,2.3353472320502906,2.2174214175186377,0.5500006825281678,1.4460181663246865,2.5683254653166303,0.1533788716767355,0.22845962959807353,1.0383836634145385,0.07663155836995914
2014-08-29 04:00:00,DEHM_BD,1.0356429419711,1.2339464117748837,1.4677723350430558,2.016104249401381,0.5489354878650604,1.4321504608640552,1.957776961249723,0.17044557744540256,0.19227383804485187,1.0437809137642258,0.07913749085745528
2014-08-29 05:00:00,DEHM_BD,0.8955637325747392,1.2919186271984247,1.2881497118055065,1.550065928399954,0.5454926698996871,1.367489960155757,1.6853381881780434,0.2618884404587744,0.16200484195930875,0.9742824919917572,0.08639030458928229
2014-08-29 06:00:00,DEHM_BD,0.8697131219772621,1.2103003633700775,0.8261335870696418,1.252724697510791,0.5494824093963948,1.162296479640808,1.3646611946349219,0.37036376896306866,0.12969646533843113,0.694714938201707,0.09026244247612303
2014-08-29 07:00:00,DEHM_BD,0.7257024051797598,0.809579952762667,0.7122921636438014,1.144913374595109,0.5337568577139079,1.0408251715483143,1.2210285997067603,0.4429002540689705,0.09309952120039601,0.4103060661002414,0.09040295617574347
2014-08-29 08:00:00,DEHM_BD,0.5923734888457732,0.38793309794343533,0.9126084932972223,1.1916146909747543,0.5549069277937709,1.0295516421881317,1.1608549948150617,0.44666610745534274,0.06483395376545341,0.3174421816515065,0.08636310610891303
2014-08-29 09:00:00,DEHM_BD,0.43761995139033233,0.38948313732401457,1.1067269450510566,1.2275768439481385,0.584752151666209,1.0926812678891793,1.1439884177692676,0.451877357931733,0.05852583854290564,0.415487551467591,0.08121276116620739
2014-08-29 10:00:00,DEHM_BD,0.3587967469119093,0.3634289017184384,1.513451522997317,1.2350056784593582,0.566862305356711,1.1895064165909308,1.1909579595621256,0.45539394980639214,0.05477726234605497,0.5183797833415351,0.07392416750407763
2014-08-29 11:00:00,DEHM_BD,0.39027228868173436,0.29426078754325014,1.8003989072598228,1.2087105651917616,0.5731619594555719,1.2941812978136444,1.2283899494586215,0.43649428193181744,0.05382998156458133,0.5291470128143956,0.06571262163083981
2014-08-29 12:00:00,DEHM_BD,0.4813724472174792,0.40809508446956216,1.48563839384901,1.2261086730771011,0.5944987470122426,1.3406683072275902,1.2774406659302429,0.3777270118792354,0.0537407711345933,0.619232357411122,0.05994221457625264
2014-08-29 13:00:00,DEHM_BD,0.4106706939617357,0.22423302134734924,0.8308634507518664,1.0985671744062921,0.562376079554418,1.302073061700157,1.2873432574333856,0.31232394754185316,0.056015596737392453,0.7300591226205968,0.06009800067374928
2014-08-29 14:00:00,DEHM_BD,0.440051878795959,0.31264240382554587,0.4121567617589915,1.1806209137696169,0.5799545505679865,1.2114528217936873,1.076629635447737,0.27370124734132306,0.07074786137947571,0.5439978485380095,0.06337575826433005
2014-08-29 15:00:00,DEHM_BD,0.45451593062443657,0.5033419004994459,0.4135561553839989,1.0770043426358813,0.530453584849052,0.8938479947787208,1.0594547710625715,0.25610056598648934,0.09589666497838555,0.33038905030681487,0.06734877509661708
2014-08-29 16:00:00,DEHM_BD,0.44972238245733076,0.5417590246772528,0.6143919412593449,0.7260666127594106,0.41554849545920264,0.522598041115344,0.8664220239486813,0.25042414282116615,0.1321396634075079,0.28071287112641835,0.07361228758957282
2014-08-29 17:00:00,DEHM_BD,0.5425999133567511,0.41810218641614594,0.6291386793547729,0.41946798690532916,0.3567739307519606,0.3880438308602876,0.5868200406990818,0.2637976655435898,0.1459565517977078,0.322923017315939,0.07645525750793702
2014-08-29 18:00:00,DEHM_BD,0.6562246456648873,0.46718957852930965,0.6393242146940578,0.28338700596446253,0.35795214157703786,0.43429578822389325,0.5882200992349078,0.3178966954483183,0.14165408699210438,0.3653232620781751,0.07757494109138427
2014-08-29 19:00:00,DEHM_BD,0.5771803716535492,0.7013699253977298,0.6835391281598994,0.33195576085334866,0.3928610333461872,0.6523036481104991,0.804448711069015,0.38617976445625063,0.14312871343535036,0.32647080816484975,0.08019576026307935
2014-08-29 20:00:00,DEHM_BD,0.44694132129235653,0.8261574876783904,0.8336591092670398,0.46577390963596044,0.43478506384558957,0.8081907678041838,0.9777233932624116,0.40546394164860233,0.1513031563840871,0.31449444628438894,0.08309406529753807
2014-08-29 21:00:00,DEHM_BD,0.35689927499076807,0.8525454383325017,0.7409639521536464,0.7195436354808059,0.479033775686547,1.027395126929566,1.2139087766239698,0.35158553748152205,0.1569492082699264,0.31988680672208303,0.08595382088078528
2014-08-29 22:00:00,DEHM_BD,0.38794785256650277,1.1283385695136898,0.7541875479917226,1.1335804442766233,0.4931978261087089,1.274669548353537,1.7363139916677521,0.2992767356733138,0.15338483127341734,0.28822654484109483,0.08855409422906067
2014-08-29 23:00:00,DEHM_BD,0.44921571884508227,1.4214134588340763,0.7773497082033566,1.251381976430474,0.4921824692773818,1.3550498139692047,2.0462764038795025,0.2630640333616732,0.15286931364700754,0.24008463869970276,0.0891109897402263
2014-08-30 00:00:00,DEHM_BD,0.569034087671265,1.1865941731506167,0.8972675777139003,1.1426777680576181,0.4881226889450847,1.3736121329973894,2.098053320791658,0.20515005426071573,0.14841116176557248,0.24398394024323858,0.0889661380804621
2014-08-30 01:00:00,DEHM_BD,0.6035397038882597,1.1042353787778527,0.9946651605805218,1.1740554090720303,0.47553231052033584,1.2768179899090715,1.9569520055132852,0.1817051344282551,0.13555480142571488,0.27461377511224355,0.088496996909062
2014-08-30 02:00:00,DEHM_BD,0.6533852594693004,1.1849772855971927,1.1156626847190338,1.2036016310106077,0.4562512494351715,1.1828179003725294,1.7947112454942444,0.21688878568913778,0.1134374203542549,0.29524921112888014,0.08676583110139106
2014-08-30 03:00:00,DEHM_BD,0.6619950797482206,1.272754822621186,1.2748287842536343,1.189743952988198,0.44910687156513324,1.15003074703943,1.6036145794498173,0.23806453894598398,0.11018682085410446,0.33320214447556984,0.08335716232550783
2014-08-30 04:00:00,DEHM_BD,0.7680290741572156,1.293166599976283,1.2701460029252338,1.1820575999508964,0.43918471377845847,1.1317732203102482,1.5529814187762514,0.25193656693048766,0.11321601641827717,0.44891126549276694,0.08275551107004739
2014-08-30 05:00:00,DEHM_BD,0.9171668323719687,1.3156122390921414,1.266117738214298,1.1529655848026625,0.41904131681174034,1.0867797631492164,1.3868707217585015,0.26816845656853155,0.11643729198791633,0.5213525127847582,0.08473250829313404
2014-08-30 06:00:00,DEHM_BD,0.988980277742408,1.4459219146345323,1.291945505215125,0.9547283029194154,0.3810313319267704,0.9045577992107345,1.1306686930052214,0.2967452514244615,0.12417468266967664,0.5001213435000647,0.08556337915887116
2014-08-30 07:00:00,DEHM_BD,1.0352074833981273,1.767352772886157,1.4967677284027823,0.8407370866450983,0.35449057833060604,0.7548256599553953,0.9777832260981341,0.33818051451724007,0.1405142689846547,0.6262787260267347,0.08678384316299095
2014-08-30 08:00:00,DEHM_BD,1.1238348168986336,2.226990998215765,1.3647833058232033,0.8173356125703721,0.3372658751471154,0.6934480333568528,0.8716243728976557,0.42981689009629187,0.16039066184568201,0.6261577770227507,0.08864913820778009
2014-08-30 09:00:00,DEHM_BD,1.0946410612895652,2.6304631857054086,0.9195129335847874,0.8372652445961278,0.31795289307843877,0.633056492044581,0.8448379571091534,0.5762106655802204,0.18337784713807506,0.512547531876504,0.08954481976046211
2014-08-30 10:00:00,DEHM_BD,1.2551899392654406,2.4204419013758147,0.3490022143330319,0.8447765036737918,0.29151008213030155,0.5570280570647119,0.809242745139749,0.6944826617185771,0.1938186499693058,0.4982605065759457,0.09138617044307278
2014-08-30 11:00:00,DEHM_BD,1.6773654867893875,1.9158269608546097,0.11760179840168869,0.8474439414663526,0.28126862420557064,0.5169949704402078,0.7457576831531314,0.8249315192511677,0.19987429255379352,0.427760459669209,0.09397651908927582
2014-08-30 12:00:00,DEHM_BD,1.862031854109008,1.2502860292506963,0.06345097459561051,0.8060195571309947,0.27732862526477303,0.4882171877235453,0.6534902110198046,0.6496136562436445,0.19756639223182568,0.29379501229860816,0.0972984970890451
2014-08-30 13:00:00,DEHM_BD,1.7160630990406895,0.4874755496995627,0.0976288563163973,0.7114035359810973,0.26964706926031023,0.4400622566607499,0.47805598836768226,0.3810320921836046,0.1938537630718805,0.22828897822318675,0.09960362843162829
2014-08-30 14:00:00,DEHM_BD,1.5170259216099882,0.2237059832040393,0.14077685463254794,0.5231123178071146,0.25498729838155193,0.4065535485011795,0.3686185614111902,0.3253604987620933,0.1885730837383469,0.5756230237576638,0.10141655098342327
2014-08-30 15:00:00,DEHM_BD,1.1324504095192176,0.22246348539986,0.1751253867508889,0.3916768026457117,0.25191598573135193,0.36689169308351527,0.43202538788354283,0.21810885762110344,0.18710911059897845,1.511909820591146,0.1023025991872697
2014-08-30 16:00:00,DEHM_BD,0.9201679703028103,0.21950820955521938,0.23694798414241508,0.35212255384260227,0.2460352624897565,0.3172585786454475,0.4968404350196144,0.14325142604235547,0.1749945442852236,1.8152737660620106,0.10255556001263655
2014-08-30 17:00:00,DEHM_BD,0.8438734491978638,0.19172594074083693,0.26260234706705887,0.34387322654834074,0.23575884324456556,0.2972837417410735,0.5586585302047908,0.11734111149083812,0.1534062609785841,1.796689820377984,0.10008139080644805
2014-08-30 18:00:00,DEHM_BD,0.7451241487259249,0.16362717443181815,0.26776408792280115,0.3399823709010899,0.23402082659907625,0.3601281905392275,0.942144133274635,0.12702273829238472,0.14990159250900129,2.0180286659855344,0.09711088967437957
2014-08-30 19:00:00,DEHM_BD,0.7964063680052822,0.1422269136958158,0.29283170075883713,0.46164295764255886,0.2377914649019528,0.6305529171679308,1.4713301936834504,0.14268508358035226,0.15483581960317666,2.2634308261261484,0.09615224104204208
2014-08-30 20:00:00,DEHM_BD,0.803900363960109,0.3635576287251907,0.30183717784056663,0.9657142684717721,0.2530744087873398,0.9572540263000131,1.8770508448533345,0.10763339183522372,0.16044774348494117,1.4364267148543324,0.09481594484652839
2014-08-30 21:00:00,DEHM_BD,0.997120025298848,0.441158423125469,0.2904107458460982,1.508925354114011,0.27421377201459124,1.3506327508810894,2.1616955805624927,0.07697882595922781,0.16035214060119343,1.0576278689706564,0.09576107315990126
2014-08-30 22:00:00,DEHM_BD,1.1675103775923588,0.4762836626989212,0.3607650634200079,1.9619605716231434,0.3288619821545853,1.7468863479924015,2.5163146260394296,0.0770475034137815,0.16115739553387726,0.8846860305322269,0.09759504868844507
2014-08-30 23:00:00,DEHM_BD,1.562180456306482,0.5557143255183163,0.41955195045551674,2.473385664692556,0.4242314789289235,2.1560144356243294,2.830542240956798,0.10126941070172926,0.16247604989774977,0.6160695720725765,0.09730233106315583
2014-08-31 00:00:00,DEHM_BD,2.155772508035332,0.6572684355784169,0.5476000923019684,2.9978042650990777,0.5004137562321241,2.539462105263422,3.105791694653786,0.12191316899179461,0.15994257050112934,0.5476038243963097,0.09729396918942118
2014-08-31 01:00:00,DEHM_BD,2.582631831665486,0.7988155046376795,0.6584506507738055,3.2760385383771875,0.5388370945770944,2.742111012776219,3.4775588231288967,0.12851883599384678,0.15234661176497094,0.4230189867268279,0.09709311064941507
2014-08-31 02:00:00,DEHM_BD,1.9715023821057658,0.9301591042410233,0.6597668847785241,3.456770841057639,0.5692594990934756,2.840036161718314,3.838764670848465,0.1260708479943126,0.14309152353243426,0.3019838307806808,0.0966083298878935
2014-08-31 03:00:00,DEHM_BD,1.5948515335896982,1.0756075367177278,0.6322340307355647,3.54046860214714,0.5991227859351038,2.906778965697912,3.784577231943682,0.12643114621795704,0.1368091162934246,0.20376321198880076,0.09501939091431863
2014-08-31 04:00:00,DEHM_BD,1.9145744702719152,1.182286945529196,0.6134513097586547,2.859005394637976,0.6473981685331534,2.894210700515471,3.381991488872375,0.1373333429984003,0.13244562574830357,0.20121553569157938,0.09277197317189911
2014-08-31 05:00:00,DEHM_BD,1.4837978100488145,1.1286854882319224,0.6384188396455978,2.6213491858957982,0.6832396204041362,2.721619457652394,3.230999869635366,0.15064102857906353,0.13366351387496087,0.32811886040606064,0.09050464275384079
2014-08-31 06:00:00,DEHM_BD,0.5037371396403851,1.0433084381108788,0.6174817362568698,2.372559147057915,0.4632903777135907,2.181453664977858,2.8824901765892657,0.1944107989118434,0.14406654066804783,0.3288352304618898,0.09076074658569278
2014-08-31 07:00:00,DEHM_BD,0.28085553193714924,0.9110951560561944,0.5920599067071034,2.1106886248972265,0.3488005590124335,1.7027024529796189,2.4843805190875012,0.22588905073631554,0.15544649210820888,0.2781237545664421,0.09908865684564208
2014-08-31 08:00:00,DEHM_BD,0.2821781920958007,1.0038759846633853,0.46216618086003336,1.9333183152857565,0.35222775429359626,1.0987779623578513,2.1041425687760906,0.2137933041621185,0.17107316556144034,0.3115723472243639,0.12218947561170897
2014-08-31 09:00:00,DEHM_BD,0.28560998169420737,1.3863912739963888,0.5485052088351872,1.6919542293728778,0.3573894028442725,0.6004760156054492,1.629272670485984,0.1746964376872031,0.1757242635038494,0.33953131113443513,0.14126692518373007
2014-08-31 10:00:00,DEHM_BD,0.29425017071957693,0.5760020611017196,0.7187165965741058,1.4812638188837735,0.36687535906087604,0.4454710995418647,1.0279604179284756,0.13886847566312166,0.17608489939696148,0.3191722894643526,0.15687829998702735
2014-08-31 11:00:00,DEHM_BD,0.2582922333244279,0.2978034023204259,0.5807582668858539,1.3123522385764563,0.37994432178631415,0.4414593509308341,0.7667225503281916,0.13664518864056074,0.17393920529360635,0.2828746178539981,0.17415412037157094
2014-08-31 12:00:00,DEHM_BD,0.23688508642100714,0.3003130202792676,0.4915027152328659,0.9314608826653927,0.37224678223108865,0.5087726336249265,0.6971897226689272,0.15866316887523027,0.16892486839653906,0.23991094312384484,0.19155577805378923
2014-08-31 13:00:00,DEHM_BD,0.20371687078096892,0.2851607952108,0.3538870405601534,0.7292780574037055,0.3058158906272425,0.5344108041732663,0.6205110714900592,0.17470338107172387,0.1645541395929442,0.2236948531340806,0.20755949081122402
2014-08-31 14:00:00,DEHM_BD,0.1935834400225896,0.27256815206710244,0.12271663005111731,0.7021240587777502,0.24456490126334124,0.4393885662116215,0.5449697987786616,0.17348883087437594,0.15864674019588615,0.2580808173040347,0.2177688748311856
2014-08-31 15:00:00,DEHM_BD,0.2236180624646459,0.24204756097085056,0.16165182294286068,0.529169520404176,0.18730167522545893,0.2955473193579457,0.4281664060295294,0.1650319513910169,0.14076052342756057,0.32299182343319155,0.22081520609388236
2014-08-31 16:00:00,DEHM_BD,0.2466217875373013,0.20602185209330043,0.2259706489152484,0.3902785352173743,0.1633153771364315,0.21325832490938126,0.28957364993956425,0.16255497373242844,0.12353344510596237,0.2959066443094139,0.22040837144990316
2014-08-31 17:00:00,DEHM_BD,0.25681988917876714,0.19475115946883081,0.23905003756413268,0.284981263328698,0.17218317412700487,0.15657636861649246,0.20342764115839018,0.15831710912225994,0.11687921070301685,0.222244554529954,0.21704066025432858
2014-08-31 18:00:00,DEHM_BD,0.2332136964824165,0.20382698102696936,0.21087765179672988,0.21307729787787083,0.17929827637868917,0.15829141331330776,0.18297582942367285,0.14267542522215984,0.11535604795431412,0.15955152820136426,0.2266703955134594
2014-08-31 19:00:00,DEHM_BD,0.17902258669076476,0.22663489360945022,0.19752353540135084,0.24206144636666427,0.2044531836673523,0.23993461494185314,0.4040656688643534,0.13119067561175315,0.11694282234695955,0.14081120379417758,0.24050335029575937
2014-08-31 20:00:00,DEHM_BD,0.14952772609651538,0.24406883702625204,0.2078227489577471,0.43658228899577856,0.26257268200003064,0.3746886727802641,0.7198129730811772,0.12392818712222056,0.11789333608888493,0.12319977194114225,0.25440739445402333
2014-08-31 21:00:00,DEHM_BD,0.14471005435939627,0.24252190644875565,0.22977628091137642,0.8338949079843296,0.3646551821736338,0.4263530192361532,0.8187731470482399,0.11794190124870954,0.12510964283699103,0.12310715867580022,0.2663050538121163
2014-08-31 22:00:00,DEHM_BD,0.13841423461436045,0.20170336574569434,0.24677513625134187,0.8444649054813217,0.5473209345269109,0.45880538109357405,0.821869341803629,0.11140113441906138,0.1464319222050991,0.1552221530506316,0.2781985854619367
2014-08-31 23:00:00,DEHM_BD,0.1541097413602982,0.16529263402792563,0.24521758744822328,0.8452542617509374,0.7423501311252917,0.5536397340177063,0.7770637155061144,0.10456010498302355,0.17396355073752104,0.2573764742462149,0.2951935710917785
2014-09-01 00:00:00,DEHM_BD,0.20838902018127012,0.14685902662267497,0.2268426504283549,0.8562894543259759,0.872519874845529,0.739623022003906,0.7176762120430898,0.09914345784600384,0.19717329162175062,0.3099128531247004,0.28112469527028483
2014-09-01 01:00:00,DEHM_BD,0.268455030590929,0.1456524611328467,0.21228491261715607,0.8382159949188672,0.963834011091627,0.9450181098746485,0.7133543005376278,0.09756907532784195,0.2119397359167574,0.32864087444744994,0.25646837645396575
2014-09-01 02:00:00,DEHM_BD,0.30094193846505124,0.16495588358196317,0.25355102117604533,0.8051227347464656,1.017966070891991,1.114410572417965,0.8142086490612163,0.09847667355861858,0.23606442976324812,0.34157133387001226,0.24181492222420858
2014-09-01 03:00:00,DEHM_BD,0.3154882956210895,0.2108398788351341,0.31836029591159476,0.7410015341103782,1.0641395357028767,1.2196076751095708,0.9100706949818568,0.1009567872895934,0.2444262845985218,0.3588608806375041,0.24441333372138424
2014-09-01 04:00:00,DEHM_BD,0.32338982605844724,0.23172674904273521,0.38813872194498755,0.7478321394862795,1.0919094819656947,1.3133217176670022,0.9739130629925734,0.10529731266480158,0.234487599993646,0.36484369790777554,0.24828903303600838
2014-09-01 05:00:00,DEHM_BD,0.3266497359777799,0.30289979678154916,0.41491772433427593,0.8242568084323593,1.122957042977521,1.3559957226167991,1.0557850425741784,0.11545383242738189,0.22352957114428257,0.37394800685048085,0.24472706711143236
2014-09-01 06:00:00,DEHM_BD,0.3366049315218999,0.3224899356847162,0.4221734765627898,0.8111551790467364,1.0850696380466223,1.2920545068143703,1.0215229031325852,0.14369738357442416,0.21728114863537246,0.3886061568329482,0.24175411113579742
2014-09-01 07:00:00,DEHM_BD,0.36448331449007604,0.31555401924449006,0.4283721222530852,0.724577149965687,1.031325664920397,1.2141893024898134,0.8562375005606401,0.164582379187038,0.2097212275799363,0.366212655909173,0.24767277842180324
2014-09-01 08:00:00,DEHM_BD,0.39294762771804803,0.3156297098819352,0.4359658346950622,0.7203058946170628,0.9133902409446424,1.213481800986675,0.7911596333700485,0.18762293182358608,0.20575424822042676,0.2741979530699271,0.2562170368010457
2014-09-01 09:00:00,DEHM_BD,0.3920864993966369,0.30836370255146633,0.46817458844128057,0.7641674786938002,0.6999642874031791,1.1611372485702973,0.7394298068536752,0.20322840667967904,0.2061691184832527,0.19442592037333165,0.2642116951796224
2014-09-01 10:00:00,DEHM_BD,0.3144865384603616,0.3208637597096431,0.48062043150130296,0.8056365065435052,0.46980274238205505,0.9007068118850304,0.7602748590239009,0.20564695698331215,0.20745143059247861,0.1887007246956531,0.2753024433506638
2014-09-01 11:00:00,DEHM_BD,0.2350798415864444,0.33758223612479393,0.5162692762480215,0.925442232712594,0.4810433313297014,0.7118173496158536,0.7481896056548356,0.21288764889861447,0.20412034734863424,0.18380681907954027,0.2891789860688492
2014-09-01 12:00:00,DEHM_BD,0.22592547768448457,0.35096689864195874,0.56419217027955,1.0450793133879621,0.6387992321226932,0.7691007569447974,0.7344345581929281,0.21240813106197506,0.19950461942859438,0.17310521972735055,0.3004939536281695
2014-09-01 13:00:00,DEHM_BD,0.22839398574917108,0.36528149379414504,0.6097267788869632,1.2092196115159053,0.6303906239775101,0.9378068201692309,0.7495763635439032,0.2070795426505413,0.19018082369230455,0.16652201140395465,0.310046684353066
2014-09-01 14:00:00,DEHM_BD,0.20256610360864769,0.3835486379069066,0.611646649750816,1.5321781131945684,0.6281729577259298,1.0300303271993783,0.8404623121934891,0.2053081842648283,0.18123627566097808,0.16831234081080815,0.3237002617848009
2014-09-01 15:00:00,DEHM_BD,0.18391071503324427,0.4144703640719408,0.5788081910434748,1.5749564562784724,0.7145042514841071,0.9856961713910882,0.8256208335171771,0.20119340984966486,0.174871315022086,0.16858107125898728,0.33609751592879306
2014-09-01 16:00:00,DEHM_BD,0.1748242164548684,0.37113548106666416,0.5367314519928166,1.3592614922627584,0.8604573221258258,0.9113233560238574,0.8904209175692519,0.20172053294647205,0.16981362464494662,0.17060187643886632,0.34891809558465026
2014-09-01 17:00:00,DEHM_BD,0.17360486181162524,0.2741524159370833,0.4950115485923463,1.0775172107649433,1.2379792583830653,1.0532404807369182,1.199530083050978,0.20719222515269595,0.1665279243012195,0.17432372190119472,0.37142521127766986
2014-09-01 18:00:00,DEHM_BD,0.18766971109213762,0.2698880552347226,0.6259321016166594,1.3377323689933234,1.8437951233030179,1.691732548989872,1.5971797857817736,0.21418516418015332,0.16300095738063472,0.17053317985405325,0.3811824875867115
2014-09-01 19:00:00,DEHM_BD,0.20522347569168073,0.3941508602752605,0.6659349159893114,1.605707729472517,2.8990045335113646,2.078138359522836,1.5329333097419404,0.22349890514635187,0.15708519484988112,0.1721507204739371,0.3820387471999169
2014-09-01 20:00:00,DEHM_BD,0.20984499927991693,0.5306463257146927,0.6928332793988558,1.8137916804514516,3.2982057227641923,2.292570628009343,1.6920057754977775,0.22970958260050126,0.15224998659584754,0.18882192435273162,0.37629421022798976
2014-09-01 21:00:00,DEHM_BD,0.21095215642496998,0.693470580463607,0.7984245452971035,1.9633118975910362,3.125199975389347,2.5377466917665092,1.9619834544403854,0.232424691185277,0.14944203561350286,0.20344721871981125,0.3661798106322995
2014-09-01 22:00:00,DEHM_BD,0.21793832356279713,0.8542746519432565,0.8970978008790296,2.0615350559059817,2.9617824261929755,2.788429188865753,2.1678704182365878,0.23456909507811347,0.1442875894225337,0.2193217416144779,0.357356429085927
2014-09-01 23:00:00,DEHM_BD,0.2309965367738721,0.9898973977507745,1.0366280865299091,2.262514934460534,3.0025920029940933,3.008264648880301,2.334376624886887,0.2381367089880266,0.1363792383008574,0.24313992563886472,0.3513990361656434
2014-09-02 00:00:00,DEHM_BD,0.2306708600006036,1.1541135524113475,1.3470586097167918,2.5730671988224305,3.1694586595474026,3.184650227335857,2.5052542817103527,0.24077777443568402,0.1300460990218408,0.29678139542727877,0.34307205711157984
2014-09-02 01:00:00,DEHM_BD,0.22365388629724375,1.198772529686708,1.4034424955298146,2.870665167197557,3.357951374306352,3.410739699534725,2.647664066248579,0.2421600364111934,0.1631404463461881,0.3593213654919005,0.33084733616194206
2014-09-02 02:00:00,DEHM_BD,0.21471133655031374,1.2414225041137263,1.175311739216675,3.0936692698150683,3.569545785372423,3.5885915741533343,2.7288717261583426,0.247801082670749,0.2208392329586757,0.4043448506218136,0.3244579104673094
2014-09-02 03:00:00,DEHM_BD,0.22279547904219116,1.2976662271175534,1.1039557780510978,3.1726701660098677,3.788781662482671,3.686362326748067,2.7517931452648265,0.2642586760418862,0.2276091109224431,0.4573424496698635,0.3347762668140046
2014-09-02 04:00:00,DEHM_BD,0.24668521042931468,1.3983376630946247,1.0934548591810092,3.126994548656131,3.9706303309046276,3.7121494923529794,2.7505011132233017,0.2894132066540791,0.2490315675392885,0.5068149512023944,0.33947939412586375
2014-09-02 05:00:00,DEHM_BD,0.2704573207828961,1.4220936251791565,1.0718473408655729,2.9468332553801178,3.8970249004095256,3.615302631350421,2.6776654685832746,0.3062389893654639,0.26792950933674337,0.509026534812469,0.31520557065781196
2014-09-02 06:00:00,DEHM_BD,0.27579190252101854,1.2916156028357149,1.0116911639228718,2.3736883530907336,3.6732874265330735,3.1740154253201185,2.3758892921941372,0.300848270708341,0.23936101876096794,0.4411147797092422,0.2954129721562564
2014-09-02 07:00:00,DEHM_BD,0.26996387125875326,1.0126614565683156,0.8974719222307553,1.7402981472192829,3.5890512618549746,2.58679644470422,1.9228932188635561,0.31694766232687965,0.20051881654376624,0.3605077365374005,0.2713779730997139
2014-09-02 08:00:00,DEHM_BD,0.2880326389087805,0.5442024108040937,0.6449184381948431,1.4382729175204652,3.1832894337217605,1.862134862148558,1.4872674341505623,0.32395544078095806,0.180979589718324,0.2299550039440159,0.24235308808152323
2014-09-02 09:00:00,DEHM_BD,0.3096402035838668,0.28132123937044745,0.3825932866952789,1.2898932250985877,2.424286031771014,1.2382762026846,1.074988530375244,0.30423120445036544,0.1791829455826151,0.19227656963964906,0.2186668524810158
2014-09-02 10:00:00,DEHM_BD,0.29639660217609715,0.20233307058060543,0.2431979109883069,1.1831627104386575,1.6672760878948447,0.8139552961119159,1.0288798079674744,0.2732664603619229,0.18382116689926925,0.19538969065098535,0.20060397017645634
2014-09-02 11:00:00,DEHM_BD,0.27980032534496385,0.17901072043267294,0.20001701728595528,1.2079773837176362,0.9909405770687945,0.7537000468973813,1.1628636399165488,0.24235755685145025,0.1946093884632736,0.1900901749049894,0.18573119777210167
2014-09-02 12:00:00,DEHM_BD,0.26713394633243776,0.18227046015375292,0.20220024689577853,1.2970281061701885,0.5160076848083641,1.0156582174992446,1.3510424871945648,0.21099786008837265,0.2043851114426878,0.1769934251961343,0.17322017466679204
2014-09-02 13:00:00,DEHM_BD,0.2734057748378534,0.19677269693803026,0.21586863245495239,1.3908034189120535,0.41439357754484285,1.2689589345591772,1.7308881331824326,0.1911288755589391,0.208539395213574,0.16937755070131727,0.16673272648059517
2014-09-02 14:00:00,DEHM_BD,0.26747057824824455,0.20685342989191857,0.22761570674335294,1.5191161488259088,0.583587396496497,1.2614560951775196,2.074623809760764,0.17003168455394033,0.20717610537839104,0.1698150792084924,0.16398928608518318
2014-09-02 15:00:00,DEHM_BD,0.2556637245764442,0.2077577333513547,0.24042576947347066,1.6932019593645078,0.7664958531462913,1.2621964859892745,2.0863248810350647,0.1384327203952939,0.20829406407159504,0.16989274605330335,0.1631254299920063
2014-09-02 16:00:00,DEHM_BD,0.24387127788211663,0.20557411652583535,0.24717645075907801,1.8243394914126685,1.1183237754638842,1.299329274129478,2.2552220619807675,0.11718263910535023,0.20086375546245067,0.1699646935066225,0.16138414056839476
2014-09-02 17:00:00,DEHM_BD,0.23976197500594476,0.19299085702790578,0.26281555121224287,1.7571075247504535,1.5800793566288451,1.4851910031806845,2.341297719745171,0.11098969589335415,0.20133701141846627,0.17643893277629677,0.16013384381675763
2014-09-02 18:00:00,DEHM_BD,0.23475104148278936,0.20188607975347214,0.3245152646267368,1.8524991066148524,1.963730759018857,2.1400800223547685,2.4707578106618984,0.11496574255167967,0.217190792835845,0.17698693793080378,0.16282644954651646
2014-09-02 19:00:00,DEHM_BD,0.23431906062572475,0.22967394085595658,0.44002621748355497,2.1424927102322444,2.4379820631721163,2.7602883670404994,2.700652923662056,0.12295035959794778,0.22314491458963415,0.18152935135587422,0.1660768939285686
2014-09-02 20:00:00,DEHM_BD,0.2313449686142917,0.3254379214096924,0.7650173135308849,2.3379030753399537,2.874584523879803,3.2133044711815186,3.0567987864282467,0.12992893991801924,0.2272209036879722,0.2499809025963394,0.17017888093301137
2014-09-02 21:00:00,DEHM_BD,0.23493377425621492,0.5459562997279089,1.2544380170652765,2.547425803680026,3.1458523426758838,3.561670557279174,3.3012066372499578,0.144032427031995,0.22902623206477932,0.37489441634420184,0.1753528956101516
2014-09-02 22:00:00,DEHM_BD,0.23854667517944458,0.8052826167313248,1.5013421240385239,2.850007671882973,3.393176595972712,3.873170198844596,3.535257397378305,0.15188174110361197,0.22853866202723327,0.5170687215091326,0.1762840079297638
2014-09-02 23:00:00,DEHM_BD,0.24528212733301788,1.0209748870610933,1.703338133921531,3.1364792406235296,3.621658017082992,4.1152273214193364,3.9030873309832024,0.1520975300333608,0.23297216961755532,0.6353591058140917,0.17753221732619195
2014-09-03 00:00:00,DEHM_BD,0.27274495760999673,1.2415261954036427,1.9971180114798461,3.4185099602529894,3.8683563163767154,4.307576339918143,4.391958389898557,0.15840461638095468,0.2458715240360918,0.7381989283597065,0.18120182930705483
2014-09-03 01:00:00,DEHM_BD,0.33371673630422316,1.4720444313922545,2.1425678849769,3.5193118748923222,4.154892931015579,4.571507072289578,4.9126409782022415,0.1686334957663522,0.2630405779880985,0.843484508163424,0.1876919163876272
2014-09-03 02:00:00,DEHM_BD,0.4630960987077763,1.640050934630199,2.1961669407605267,3.281455109472127,4.512517533213405,4.945875909519146,5.024987867963949,0.17570153442123024,0.27173354842067987,0.9746595254819241,0.19611045787257092
2014-09-03 03:00:00,DEHM_BD,0.6676884073132724,1.8966136697362257,2.2162390758337933,3.032455662977182,4.894371042682687,5.280435309120028,4.444062038028694,0.17378549191883827,0.27031496257092863,1.1222610035120621,0.20697648744876368
2014-09-03 04:00:00,DEHM_BD,0.9029580969473702,2.158026072895157,2.3941621262930592,3.0500465526520744,5.200979178656486,5.338025768631502,3.6512794778999975,0.16261414728616355,0.27118900052922684,1.2659476907556728,0.21156439125969523
2014-09-03 05:00:00,DEHM_BD,1.127092670316153,2.2409781430888884,2.5362643061488432,2.9552439964672472,5.086378359924651,4.919794793424951,3.1210840619616205,0.14649849119740532,0.28629403936426395,1.3188271363688246,0.20032044877993851
2014-09-03 06:00:00,DEHM_BD,1.2557435954938327,1.831316551208284,2.396900551895616,2.2129069307115485,4.4176523090083615,3.8186512939405444,2.5787885624394016,0.13083782417708997,0.2568223917584476,1.1328228279620522,0.18828104043366845
2014-09-03 07:00:00,DEHM_BD,1.2248298886679776,1.2204371693409528,1.8825216702109115,1.6462028010454703,3.549871153910329,2.8546537253602096,2.10838789578829,0.12455715399239191,0.21988486254339035,0.8329697661761931,0.17544791981002297
2014-09-03 08:00:00,DEHM_BD,1.1736959831165894,0.7877561141937807,1.3140598717529421,1.2952960066539698,2.7407548522560594,2.311242864336405,1.797804784118715,0.1273457851738482,0.19423416930174905,0.4463690465599792,0.16286232473545764
2014-09-03 09:00:00,DEHM_BD,1.399855346995108,0.4549024801465216,0.7247484473724779,1.099784431650778,2.145300067129231,1.9156772718061827,1.4480194016145578,0.1501184302438445,0.18152381124017739,0.23642392789890337,0.15318317394438566
2014-09-03 10:00:00,DEHM_BD,1.5779462087999052,0.3452963465105461,0.28650740362370025,1.0913562221243907,1.9109212869898136,1.693176385284156,1.1414439118093227,0.1721519334532319,0.17641167236192837,0.17124239325193275,0.14456018758315697
2014-09-03 11:00:00,DEHM_BD,1.5793512607746525,0.24714965837655584,0.22690905879886467,1.2062974188984046,1.8031576439556876,1.440159257304794,1.2116804881960408,0.1817779629527823,0.16881573596849792,0.1573560346686013,0.13647908600319236
2014-09-03 12:00:00,DEHM_BD,1.2938171031011267,0.17357559100010772,0.23725015364767982,1.4275688365073944,1.7553077734038722,1.4264555829475671,1.3196554960754445,0.1992595844981981,0.16092091958555374,0.15953697278962578,0.12907209802497965
2014-09-03 13:00:00,DEHM_BD,0.7509875507915624,0.16105480014440127,0.2533545677543535,1.5209880541811556,1.4927160280431155,1.4300898233591566,1.6173456194803155,0.20681485676466474,0.16179732991851384,0.1673006123858258,0.12163919002414031
2014-09-03 14:00:00,DEHM_BD,0.34919478583751706,0.1637644814548675,0.24218666669459354,1.4893571485128567,1.4262707309633935,1.5060448968295481,1.7716794316818998,0.2102544593103322,0.1667143665403942,0.1696020918358791,0.11522150654149498
2014-09-03 15:00:00,DEHM_BD,0.26176459726465384,0.20657515328030088,0.2259524109280242,1.5473090447546116,1.4506415376452892,1.701489408461197,1.7683925123000348,0.20871376659438004,0.17276301091481105,0.1708417412486304,0.11080697928755612
2014-09-03 16:00:00,DEHM_BD,0.25213333599404425,0.2558825614072202,0.19093466199556972,1.3574949227686823,1.4908876106154527,1.7358519868328508,1.672702285077665,0.20328239233120907,0.17284151426781078,0.19483442390587613,0.10704919509657145
2014-09-03 17:00:00,DEHM_BD,0.2528094803590286,0.30362900832015394,0.1938572813530217,1.057825362318522,1.4729415179947494,1.786101828815903,1.6357230811414465,0.2015666935207533,0.18303952188255193,0.2009781903175151,0.10715942595985346
2014-09-03 18:00:00,DEHM_BD,0.2579134019850252,0.41412685680733363,0.3789633131473411,0.9637487284127481,1.4484338478574588,2.0674776417530185,1.8721820146724846,0.2040508085831125,0.19841756527203694,0.19197000075776383,0.10623415680938768
2014-09-03 19:00:00,DEHM_BD,0.2505877623715681,0.7849125539102053,0.8160076870662953,1.0782671792326821,1.4324989769967087,2.1964358039267013,1.816470757278224,0.21112569016720936,0.20883355653308952,0.21218787606398715,0.10514288406331002
2014-09-03 20:00:00,DEHM_BD,0.28635777872539575,1.1812705218078077,1.3681482620568095,1.2403214162306477,1.590522062263943,2.202059236983663,1.8583261060663905,0.22057716006004174,0.2123158813764696,0.4373281970064815,0.10587765226322567
2014-09-03 21:00:00,DEHM_BD,0.388614232404346,1.4848393272510592,1.9446654134146368,1.478469712042564,1.7615310087503964,2.226132487473495,1.9689271731597373,0.22536017680006143,0.2072275494104717,0.6947454734348917,0.10972090282128781
2014-09-03 22:00:00,DEHM_BD,0.561437550910876,1.8874159206096603,2.47868023002006,1.569816812367532,1.8526840633014363,2.3168884110908996,2.077894035857514,0.2276109429452138,0.19601948138544323,0.7331331949746916,0.11783004380830266
2014-09-03 23:00:00,DEHM_BD,0.7476556108089618,2.317783852687411,2.834440002534269,1.5523804959992158,2.0477539804704312,2.493658294504649,2.1783195254132366,0.2253486117977101,0.18320540169167715,0.9015196277547326,0.12771921744033815
2014-09-04 00:00:00,DEHM_BD,0.5677085105309961,2.6219979931739497,2.9562243252424025,1.5724419489159231,2.271422320363694,2.6785139022520994,2.3037310552276438,0.22645382095722238,0.17108435187548363,1.201512272803497,0.13704527073062925
2014-09-04 01:00:00,DEHM_BD,0.5380583065989327,2.440460590737703,2.845435353657124,1.648205921962536,2.3064323000224913,2.8031977677353694,2.366333922342398,0.21683078769599537,0.16502037627695507,1.4720384607615786,0.1455266905974474
2014-09-04 02:00:00,DEHM_BD,0.6769583322389197,1.9469190888468009,2.6294937338204543,1.7013612318566256,2.3049168430162466,2.8671534491514477,2.3932392263181366,0.19625126270293947,0.16361110385399624,1.3354530314701796,0.1526644590788055
2014-09-04 03:00:00,DEHM_BD,0.6892023717991984,1.6941761924140646,2.3454197402238495,1.758729755063667,2.2790657921488036,2.866309916135363,2.4100644041815045,0.18518655389588778,0.149085359841864,0.9628149827693402,0.16061782607818567
2014-09-04 04:00:00,DEHM_BD,0.7131783084892225,1.6454215110571997,2.0897919332067048,1.865978631240318,2.3060195928187714,2.8520645804581295,2.4821318269239594,0.19143860281332853,0.1575069974447942,0.845540104202181,0.16898366108831833
2014-09-04 05:00:00,DEHM_BD,0.8199250907476991,1.6126089993537667,1.8235510257508043,2.0085245848858335,2.386120992912012,2.839616036634591,2.553306289441144,0.22597275845191434,0.18649477779161,0.743043587328717,0.18211786581502204
2014-09-04 06:00:00,DEHM_BD,0.7843614066195488,1.2367686553405446,1.460624230952515,1.9648662432907535,2.438013340117224,2.7676505373228886,2.5679181820905437,0.31297805265270157,0.20297146827272852,0.6104404679082333,0.18561936286427977
2014-09-04 07:00:00,DEHM_BD,0.7038488326084613,0.6758166241797152,0.9499559689910833,1.7548588589641025,2.506990977684022,2.6890919339267887,2.4737738851220943,0.3347968832057411,0.20373132297894903,0.5163548165462538,0.17979296661892652
2014-09-04 08:00:00,DEHM_BD,0.7240254878430068,0.29032508242985683,0.4658837908603715,1.6464662932091976,2.626379874338452,2.67614618059209,2.4711608861192405,0.3389709415074996,0.20106911306106248,0.43656308586571363,0.17634225136659457
2014-09-04 09:00:00,DEHM_BD,0.6775150409162789,0.26042870532666784,0.30531810606160414,1.6861716326774774,2.808962963776966,2.8630016214306906,2.6066729515938483,0.3287119489340855,0.1970591574431465,0.35833519962720556,0.17370276605674065
2014-09-04 10:00:00,DEHM_BD,0.46116170780223786,0.26166174225423483,0.30010310730569045,1.9082512959861382,3.0946991547679294,3.165725262882421,2.7593860467295395,0.3264318538045556,0.18863248472361818,0.3661864630867167,0.16872036012794234
2014-09-04 11:00:00,DEHM_BD,0.40293228231699196,0.29545517835429863,0.31535327357236753,2.1943608127801495,3.3370532102058545,3.2050758766052967,2.62970761619241,0.33200729440237375,0.17577375724554042,0.3847859710415638,0.16079375413827876
2014-09-04 12:00:00,DEHM_BD,0.4314274002378153,0.3299326768740824,0.3395170471711317,2.274047354899496,3.3048160337915276,2.9413294431435597,2.27633465824693,0.3767389639539085,0.15864686644222223,0.38439168612021,0.15002672639909587
2014-09-04 13:00:00,DEHM_BD,0.4404745960767635,0.32738394555826195,0.37646242500069305,2.1723762219182587,2.9737609547916053,2.7312405703192812,2.1979771328224853,0.43055633759229905,0.1426435090886334,0.3610936268236487,0.14022104770517807
2014-09-04 14:00:00,DEHM_BD,0.4272934464333531,0.34899806634392117,0.37385338326687223,1.9014477281651458,2.6453992024757014,2.450095640891364,2.184593423094505,0.4076040452718128,0.1390057408539656,0.3198825052507734,0.13287740739457837
2014-09-04 15:00:00,DEHM_BD,0.3695104957889718,0.3971057390079041,0.3535338407177704,1.5515439288457609,2.4543712047165935,2.366472635004788,1.9639410721248853,0.3814066630521998,0.142535644234993,0.2811286007601103,0.12800716391915593
2014-09-04 16:00:00,DEHM_BD,0.3601880584456538,0.45850685822956494,0.33799880074997546,1.2686275733718104,2.194453053104945,2.2054507747421868,1.657147026885132,0.3489805322691245,0.14677088227855242,0.26855727137482194,0.12302122785878997
2014-09-04 17:00:00,DEHM_BD,0.36086059007181837,0.41127138616272696,0.3209913958091427,0.978313924256837,1.9940541526217654,2.069603437461009,1.2956289515105355,0.3474973773127676,0.1662426260760035,0.2602781136145644,0.1183552520005494
2014-09-04 18:00:00,DEHM_BD,0.3761921842932857,0.4091019993096193,0.43595381015346374,0.7667705114743992,1.7551816969984504,2.280303405847475,1.5052566483717476,0.41154463631903254,0.20504220747478227,0.25926951913565005,0.1175470536739983
2014-09-04 19:00:00,DEHM_BD,0.37555613230063334,0.5692645099701237,0.663430199966498,0.7402656234416373,1.9727432762906498,2.5216280443562944,1.7562788989361964,0.5380775605741562,0.24526172840262345,0.3020183347250238,0.1175647196093995
2014-09-04 20:00:00,DEHM_BD,0.34921696612958264,0.6827898063394823,0.8301686849759795,0.9809430828230793,2.4325023536115826,2.7029148008251154,1.9599096184998042,0.6685720747286056,0.26295471611800125,0.33321950024381347,0.11825010307633858
2014-09-04 21:00:00,DEHM_BD,0.3210044553700263,0.8764963822738017,1.033481327234921,1.35615866487468,2.6335668711903693,2.8640038805379713,2.1667326793475428,0.7130995501182354,0.2505087673058258,0.36593254242736095,0.12031635620827712
2014-09-04 22:00:00,DEHM_BD,0.32233190051422095,1.1063279107380495,1.1826014367355788,1.6908824446126207,2.734301793238716,3.127274957673564,2.4223189440147763,0.6415478404011744,0.22767206201985313,0.4739539077243197,0.12284365066062401
2014-09-04 23:00:00,DEHM_BD,0.3241121058175461,1.3032037610641787,1.2294003177169242,2.0125916711401612,3.0533477774335527,3.4863231304944615,2.770253915717827,0.5271811979639299,0.20180057580424313,0.6483776470860465,0.12670041661700826
2014-09-05 00:00:00,DEHM_BD,0.3554579217014671,1.623830869379207,1.373794593297369,2.316386999494841,3.5121969244486415,3.8565101900368006,3.1225166785955123,0.4600795069749222,0.18676737695100568,0.7132382867436111,0.13058364965736258
2014-09-05 01:00:00,DEHM_BD,0.40374944904758003,1.6339484552628663,1.7177547904899877,2.676567219706643,3.9215951795862023,4.202656243328789,3.4605530714406956,0.4532804512889427,0.1877215314510438,0.7289110197689384,0.1328095742916848
2014-09-05 02:00:00,DEHM_BD,0.559568604021021,1.45956140671345,1.8683352872203742,2.9398558379617015,4.17033957791837,4.501635164798568,3.7543669228259464,0.5034815336569771,0.1934818763710261,0.774899965302944,0.13488853980950952
2014-09-05 03:00:00,DEHM_BD,0.876424746358171,1.3569530457100716,1.8717953072782945,3.0988998368202787,4.268449646830737,4.73977271231455,3.9944685062090617,0.5819550333894787,0.21020377857347353,0.8091373351275175,0.13868386539237654
2014-09-05 04:00:00,DEHM_BD,0.9344859153798223,1.2416449630510433,1.9567451655385482,3.235680075950909,4.412588120320703,4.909425914191928,4.221456034934751,0.6219805171349644,0.2806148341194167,0.8348843383368105,0.1438703781871121
2014-09-05 05:00:00,DEHM_BD,0.9475708064939081,1.1614375281862914,1.9944169784042425,3.2520978892894408,4.62761281678196,4.967531434586405,4.3042680393055175,0.5843104940865933,0.2852535576253383,0.8223057644665985,0.14814489036370554
2014-09-05 06:00:00,DEHM_BD,0.9796295315330474,0.9511010089818388,1.4628527175556494,2.6660440606488915,4.773282630075227,4.621989075026536,3.9728946454913254,0.5702905030833183,0.2579770546386389,0.7969337095445393,0.14925912445558567
2014-09-05 07:00:00,DEHM_BD,1.1617872051828726,0.7256035120553522,1.106190638175141,2.185531806928865,4.849210793300677,4.3573946764228255,3.706552448252447,0.5790992585226147,0.23731472646094848,0.7900586481705307,0.14902899934348465
2014-09-05 08:00:00,DEHM_BD,1.3651389300327748,0.43103112381912756,0.8918610875591262,2.047786508383916,4.909389823565888,4.245378120880732,3.651804824505615,0.5359837016227841,0.2324448694471874,0.7588207958810402,0.15058914272431503
2014-09-05 09:00:00,DEHM_BD,1.2472386550943646,0.39712281126827,0.7414002614244677,2.3430972652618545,4.7986791633756845,4.266240465885891,3.655276579479219,0.5206552456441148,0.24309964215285135,0.6161732973425975,0.15281292047567877
2014-09-05 10:00:00,DEHM_BD,0.8767715787949855,0.48280942411095834,0.5563049391167575,2.9128028077718433,4.575760633464796,4.29072430656985,3.702345779641383,0.5082355301043391,0.25519705170257473,0.5037183570782979,0.15389178712767762
2014-09-05 11:00:00,DEHM_BD,0.7005365425328118,0.5538568885420517,0.49435199191282964,3.4381283574053265,4.150578812772649,4.431248620736813,4.061624573295023,0.500804252348095,0.2670534093683492,0.5594806835318938,0.15261900179704985
2014-09-05 12:00:00,DEHM_BD,0.6361750719650974,0.6207044625428854,0.5758408214110414,3.852599963004571,4.2428204637935005,4.634841988417044,4.167582069241908,0.476224438759703,0.2703583291744369,0.5648472186586819,0.14771768167467306
2014-09-05 13:00:00,DEHM_BD,0.607487698367061,0.716855719936414,0.6864663054704898,3.5838897354859673,4.681134324584766,4.7389790556502005,3.6535683249867708,0.44706122201766807,0.2871182572265086,0.5378405840653181,0.14445770240572264
2014-09-05 14:00:00,DEHM_BD,0.6149017415006063,0.8062958702340972,0.7251816270389989,3.461867639474245,4.847347406811561,5.05123305995164,3.196220009129746,0.4309427680567279,0.33809311438325196,0.5169366545227355,0.14501023729929624
2014-09-05 15:00:00,DEHM_BD,0.6189186941980802,0.7319274826999368,0.7497168309421254,3.2424312740388466,4.766173679331393,5.1529255629839135,2.8758004200258536,0.42009976740575383,0.42723276021912915,0.485336290198242,0.14543207017398846
2014-09-05 16:00:00,DEHM_BD,0.6161923607853073,0.6925660201361556,0.8441800482330466,3.1142711507418666,4.403361027241253,4.90675012573691,2.666285067767559,0.41588513079243694,0.4527883722946022,0.4496168478708001,0.1452750861127621
2014-09-05 17:00:00,DEHM_BD,0.6185946464374935,0.6804915059698404,0.8662674534689268,3.751991454470172,4.379637548194895,4.783411025293875,2.0082550132671795,0.39374366671134237,0.41841672354461734,0.4340054928369118,0.15128348398540806
2014-09-05 18:00:00,DEHM_BD,0.6061067186642354,0.8661469985728782,1.0438716885740398,5.528042379173611,4.614642164544035,5.443011053714242,2.9144873664930064,0.4093612189293536,0.40092171330244125,0.42046972575212926,0.15951757206363507
2014-09-05 19:00:00,DEHM_BD,0.5657297174669382,1.1288357020129889,1.2825221954857349,6.133473193903136,5.23242912325459,6.067585972837524,4.646547633572522,0.4196225011420779,0.3988588275481571,0.42088422053237334,0.16830759092725225
2014-09-05 20:00:00,DEHM_BD,0.4832670017255097,1.3682930729934415,1.5638031674845592,6.2689856095564735,5.827989796169021,6.128957376849389,5.101605803917674,0.4191297400079271,0.38266824423570167,0.408263197112095,0.17735183412381167
2014-09-05 21:00:00,DEHM_BD,0.4689105298075399,1.691147002081749,1.8367033490446212,6.57076942236569,6.216064913003416,5.856774608626056,4.977784870688905,0.41878020379900915,0.34322338080799203,0.4239665389716482,0.18952332257745136
2014-09-05 22:00:00,DEHM_BD,0.44683984881696454,1.736441170351087,2.251014136661925,7.319782698219223,6.6323919792572115,5.722193948805661,5.262879378997283,0.38390232325270757,0.31826066415862175,0.5459331047331548,0.20456080541114438
2014-09-05 23:00:00,DEHM_BD,0.4312756710584345,1.595571999035594,2.754243958747266,8.286874819207098,7.192502729213321,5.890272494301415,5.963127349595673,0.35382104695133865,0.3025008093017558,0.7090689840776199,0.22064513256847154
2014-09-06 00:00:00,DEHM_BD,0.4319839276879507,1.4454223857007693,2.9105079579283624,9.22160788646933,8.007768351098617,6.326253776915078,6.968970826659009,0.33401710756078357,0.28260362882729073,0.8446636182165635,0.25900747702285576
2014-09-06 01:00:00,DEHM_BD,0.43489152914394624,1.3451689552822221,2.844964145166776,10.023409943226055,8.886470345929494,6.967347734227936,8.002205694191508,0.3187430733235178,0.2656612406740634,0.9334418459250527,0.3111130130174801
2014-09-06 02:00:00,DEHM_BD,0.43076006622137847,1.2829285597380995,2.777049282174963,10.71345089848071,9.306662392822384,7.686654001179663,8.656562165214575,0.31873550223693237,0.25740548259540535,0.9890101615097039,0.3222293271395377
2014-09-06 03:00:00,DEHM_BD,0.4243766121234272,1.218207718450413,2.678563512342208,11.261928188567074,9.040249390203115,8.495617485341924,8.007307863345932,0.33414270762339227,0.25528648434383777,1.0388005389737895,0.2945419870759919
2014-09-06 04:00:00,DEHM_BD,0.4230889581993827,1.196327343114861,2.5638613737660583,11.588888563272397,7.943684375129789,8.935973573260624,6.854964197371212,0.36699436148598774,0.25929076948246477,1.0023498434795066,0.26959773437722573
2014-09-06 05:00:00,DEHM_BD,0.44064671328431915,1.143606378578553,2.4694435204885177,11.522914714226983,6.3481772237169745,8.756782851614803,6.266980151098129,0.4374376698079704,0.27212361011598224,0.8958093487353622,0.24394228861128892
2014-09-06 06:00:00,DEHM_BD,0.48455427951245095,0.8917737246802775,2.237141617517664,9.963616659118285,5.147638453229517,8.065849817181006,5.655279666689343,0.5390697585056907,0.2954691938680228,0.8056979663477093,0.23123841244342733
2014-09-06 07:00:00,DEHM_BD,0.5306105881462536,0.6915632374342996,1.9962331713350565,7.409449634965082,4.585100459750109,7.952549577498828,5.224038189410925,0.6199509257693588,0.2987364398955856,0.705135313927643,0.23203194349357847
2014-09-06 08:00:00,DEHM_BD,0.6168320283732656,0.6525683203514757,1.6427206089349857,6.696381113116918,3.8874252723292817,7.957685002366639,5.458772279270272,0.7211053802803158,0.29785815021905343,0.5372422396371233,0.2350818575235641
2014-09-06 09:00:00,DEHM_BD,0.6973506774143151,0.6938765785082056,1.1734594782387915,7.131760651697569,3.135223149109832,7.589009328309075,5.532017739762567,0.7674161262667178,0.3025807862273369,0.5141570575529126,0.23757730247790915
2014-09-06 10:00:00,DEHM_BD,0.743335015254782,0.7332536450541951,0.9014744608979972,7.579380026959114,2.756954052084298,6.590346212863062,6.422499747972935,0.7032861199378967,0.3208740836032409,0.585430099082419,0.23803476880168528
2014-09-06 11:00:00,DEHM_BD,0.845467184339133,0.8053411322738206,0.9525014814481954,6.831173187546723,2.5542512338854744,5.551104119166893,7.188669104517145,0.5662065116223691,0.35124535603204726,0.6645482000076909,0.23279966638900101
2014-09-06 12:00:00,DEHM_BD,0.942300729764183,0.8364296910260407,1.1699566630182183,5.1511543955771755,2.2867189031683184,5.154023771676645,4.799707347141988,0.4936651995897664,0.3572783072766427,0.8403422272075549,0.2272674546113003
2014-09-06 13:00:00,DEHM_BD,0.941762406929573,0.8571725874942401,1.0824527227666088,3.355773980959624,1.8263115844771312,4.432054841948245,3.2097648206690055,0.5043740693812071,0.375752680965996,1.0102400822008515,0.2353300197281966
2014-09-06 14:00:00,DEHM_BD,0.8920651741637522,0.9038874939049221,1.068520421623559,2.059620212396431,1.5867725475948582,3.4656496295052346,4.677714358535236,0.5286047865905239,0.38880377183066667,1.061605442532798,0.24710472797088312
2014-09-06 15:00:00,DEHM_BD,0.829911735670315,0.9511429814485414,0.4473138306883343,1.6171588474411687,1.5666388597126957,2.8244322770793318,5.104734371706311,0.5402080775597132,0.38769921171488236,1.0060625983162166,0.25157235551054574
2014-09-06 16:00:00,DEHM_BD,0.7764584530091163,0.9616493861788872,0.2895781686030721,3.3469588319921497,1.5868915206093808,2.2251245656120062,5.0428614027537275,0.5515258540471549,0.37353642861038266,0.8942589043529294,0.2590414893210678
2014-09-06 17:00:00,DEHM_BD,0.7384028919174187,0.936976857743249,0.19635045038792817,4.644882648592715,1.4898779216224047,2.1539165684317454,4.424775529686288,0.4792532747518037,0.3637028470921748,0.7944516343708239,0.28409511088899325
2014-09-06 18:00:00,DEHM_BD,0.7436671459545162,0.9104572552848043,0.14561036977002811,5.489096256636273,1.3616776455310728,2.6976038955219805,3.9648096883615023,0.3966892086648725,0.36186997681992694,0.8092182644531307,0.29837654021865356
2014-09-06 19:00:00,DEHM_BD,0.804123916513109,0.8478461714841325,0.23270867778958398,4.583682205748575,1.2717608547877708,3.308547861214292,3.9851543605268738,0.3846485667998174,0.371191975310465,0.9867461294563821,0.3077572046069078
2014-09-06 20:00:00,DEHM_BD,0.8644255487773893,0.7982782084326397,0.263144005770058,4.379219841813391,1.2070634927814268,3.8310877649199004,4.331536531388734,0.4171789636888867,0.37570830962648755,1.011498441381407,0.31450221471124057
2014-09-06 21:00:00,DEHM_BD,0.847196457612479,0.8155673334282874,0.8390799988209141,4.700857453348416,1.2903240052476246,4.1280146008804355,4.4847064959946765,0.47100377986335185,0.4125534014828435,0.9321090659738965,0.32042996635596255
2014-09-06 22:00:00,DEHM_BD,0.7848070520826528,0.884220497861303,2.257918779853324,5.158735258352565,1.4859634218007698,4.081125956568709,4.462061421825798,0.5622733163312729,0.4927310685264167,0.9288167492243271,0.34891743610822124
2014-09-06 23:00:00,DEHM_BD,0.6792175104545115,1.0327888236780185,4.232094910659632,5.425583335405119,1.6004931974802632,3.7402458345291647,4.461866066437068,0.6674269333261158,0.5405141686864533,0.9405232178674112,0.40125290900615956
2014-09-07 00:00:00,DEHM_BD,0.62500290781105,1.2561899155245775,5.396424015996605,5.589997547380273,1.626126923594903,3.5493698242403022,4.655858832852255,0.7230123105710932,0.5262175493501525,0.9752515430171276,0.43851972543776035
2014-09-07 01:00:00,DEHM_BD,0.576886672255664,1.468106492016334,5.333256054489668,6.1158598730152205,1.6504366803826858,3.577528879883476,5.314912073156886,0.7298538390403613,0.4798329318711558,1.1359904826126246,0.4567870498974993
2014-09-07 02:00:00,DEHM_BD,0.5314192241619009,1.2789775017943046,4.988813656457634,6.824688025884455,1.7335079412286545,3.536339213853422,5.84015442304713,0.6031660386207325,0.43069919847033394,1.1372290390310438,0.4589624156093224
2014-09-07 03:00:00,DEHM_BD,0.5165294576837826,0.9130900841144076,4.688444471825017,6.702355708092937,1.7456335361682715,3.2176821499348063,5.41051697833146,0.45211466300323594,0.371878201027961,1.0740757487136123,0.4449205599729716
2014-09-07 04:00:00,DEHM_BD,0.5205510641496599,0.6014025698090341,4.185452835051763,5.684463298263923,1.7601307777779458,3.139918368597664,4.799867510282546,0.3288771975090354,0.3191740675159301,1.0335898061513902,0.4133599486944079
2014-09-07 05:00:00,DEHM_BD,0.5543204345818085,0.8292424247992722,3.4047997691692085,4.549157851830781,1.6901697058476695,3.1601705503640884,4.5133195125977785,0.26931545630302267,0.3193506861477536,0.982591025456339,0.40803944492004796
2014-09-07 06:00:00,DEHM_BD,0.5982225870738032,1.3001311501798152,1.3060792895992095,3.4221097007545644,1.61993330972163,2.8597323650711077,3.9488849652425664,0.31822788719901807,0.37886310341766916,0.9535017321619391,0.40549826173536463
2014-09-07 07:00:00,DEHM_BD,0.6513718685769724,2.1796390996099078,0.1491617543302487,2.9231707777118334,1.4801502547522634,2.4243717950866044,3.176455722186752,0.41866716979047275,0.4103946439423108,0.9593357208031787,0.4151589593815058
2014-09-07 08:00:00,DEHM_BD,0.6992633910951446,2.836568768814951,0.09876588373379014,2.6101315509467016,1.3376405331234635,2.123444595400184,2.405622682375564,0.4685577444231882,0.4421271873868046,0.9317512697517314,0.43563228986419733
2014-09-07 09:00:00,DEHM_BD,0.7273057256575953,2.9289801375905986,0.11270895583858215,2.305703811479109,1.2986581339055299,2.050112425263645,2.2042663670981373,0.44488988100003446,0.4694650578294926,0.7493954576509259,0.43057890107207
2014-09-07 10:00:00,DEHM_BD,0.7304130530416988,2.8895748053624244,0.16986593605506345,2.1860411485616913,1.3319672400769962,2.1623266178640956,2.254607983148251,0.4191641594589873,0.4911396189040329,0.6458522881447663,0.39101090470723804
2014-09-07 11:00:00,DEHM_BD,0.796602974158509,2.686192076952998,0.17644760521564623,2.248400534915124,1.368671467901012,2.3264280022212493,2.353741710363077,0.4274759946829452,0.5045496659616054,0.6976825989238964,0.37822607147332266
2014-09-07 12:00:00,DEHM_BD,0.866154290731349,2.233122005927714,0.18158946273514281,2.35575598897323,1.2881153427442442,2.484790285646506,2.4115043310647666,0.40807006341487156,0.5118781198741977,0.8142589560212404,0.3772149566276266
2014-09-07 13:00:00,DEHM_BD,0.8361272728166157,1.6137971206586244,0.1636703500757691,2.4367343296249806,1.4131804669799097,2.472518176030201,2.4643066879986524,0.35145620828043667,0.5264145507200416,0.8909031755464152,0.37704563824153847
2014-09-07 14:00:00,DEHM_BD,0.8299797535958513,0.5704948839297597,0.16281510439004726,2.509889872319679,1.4607734232603573,2.586659971383574,2.3509824698706323,0.2623286324797197,0.5776847903847575,0.940748401889369,0.3751285826045321
2014-09-07 15:00:00,DEHM_BD,0.8739727497764106,0.2927536886524325,0.18222542480888768,2.6274729902441445,1.3079897459719887,2.791484001199537,2.174154214795319,0.17953473565410816,0.613093979670169,0.9499100512034003,0.38142149546489573
2014-09-07 16:00:00,DEHM_BD,0.8649250507126107,0.19427030348165292,0.18411374302924596,2.6401171852872025,1.295729403655082,2.323689721274289,2.3589003965088264,0.11806225313865559,0.5901448063322342,0.9222980738930233,0.3857805985161847
2014-09-07 17:00:00,DEHM_BD,0.7412296105177513,0.1904434801784675,0.14575391173152374,2.3952521594628595,1.3481038396812604,1.5360488914489725,2.7207064582570406,0.0976004112235764,0.5811456712821046,0.888787438497081,0.40440959258912124
2014-09-07 18:00:00,DEHM_BD,0.472936854442209,0.18436907942421368,0.12802343978835215,2.9640917879498847,1.370630126378853,1.6363303187541325,3.173622220426721,0.09914883698715819,0.5686381469069707,1.004403182854066,0.4221637851090541
2014-09-07 19:00:00,DEHM_BD,0.32362565445601005,0.18803782105701877,0.12522106730128824,3.5062843254003533,1.3220981134493461,1.8480561172221064,3.054636141187417,0.09953989309201498,0.5300067583928536,1.363118018475482,0.42765303704235685
2014-09-07 20:00:00,DEHM_BD,0.6124867358288761,0.19990015868181674,0.16162628959979997,4.070497544428017,1.1495752077996544,2.317909248048476,2.706802359790589,0.09829828542418027,0.5134251537868101,1.7216910196089543,0.42658014343254264
2014-09-07 21:00:00,DEHM_BD,1.117421952017024,0.23299348443959583,0.20341672553201653,4.263730820805532,0.9618876539035142,2.6560683627146675,2.590472236756718,0.09444619343683204,0.5859024391732177,2.037927921396559,0.42451870716433965
2014-09-07 22:00:00,DEHM_BD,1.70982320039029,0.2872954888079077,0.32267685377143074,4.165525617482871,0.8304136926217004,2.6439350780418054,2.8963577758766332,0.09178196425366326,0.6061716509136557,1.966231611741786,0.41908247838154417
2014-09-07 23:00:00,DEHM_BD,1.0681589719037081,0.38874647447923194,0.4469638525827205,4.038822905047566,0.7138242047835142,2.40845282404101,3.035379974058947,0.08969799842754234,0.5917204020809008,1.860298399951653,0.4042974944724886
2014-09-08 00:00:00,DEHM_BD,0.795787861603985,0.5266620326311164,0.47852928372875314,3.865350155327758,0.5877684663759916,2.1714489638950174,2.765259758238061,0.0904387747786413,0.568734496908579,2.8803208027370535,0.37638944671344005
2014-09-08 01:00:00,DEHM_BD,0.5441162841365486,0.5360757120996806,0.5064735603459853,3.2236495832057503,0.5482531389918922,1.9823471756117768,2.4054715461975498,0.09168850816172067,0.5659391291142347,3.891533571159169,0.3566656579450517
2014-09-08 02:00:00,DEHM_BD,0.3337876877375738,0.4838275175769253,0.5792927629589592,2.7786294241851848,0.5605948524013905,1.769708588546994,2.1546069112161867,0.09296805899803398,0.6194727145551143,3.1677151592724773,0.34123178640514595
2014-09-08 03:00:00,DEHM_BD,0.2578513242305069,0.5231601629484816,0.35260419982837504,2.4695133362571546,0.5608108741477131,1.5265351379308663,1.8594734967754247,0.09363848804752088,0.6274936986561118,1.5465538128722458,0.32976405588487157
2014-09-08 04:00:00,DEHM_BD,0.22296662232601538,0.5143968910548649,0.3925877965083298,2.2720852383645855,0.5010449082246702,1.3836427262639814,1.6491925575441937,0.09466231728608705,0.5506132667215167,1.030708386009922,0.33089148017954073
2014-09-08 05:00:00,DEHM_BD,0.20800243115165032,0.44734473167756567,0.2433788056559837,1.9644311470514106,0.4619887266056612,1.3608025118317175,1.5843734691035947,0.09527235847745485,0.4125917208999394,0.6275152106468996,0.3430211691974848
2014-09-08 06:00:00,DEHM_BD,0.20090896706805098,0.46846687219133587,0.14036502347691382,1.724278185248156,0.34555401116617934,1.234852589204181,1.4525021632541502,0.10066395418372809,0.2812124107655323,0.36070608315805197,0.354146207667142
2014-09-08 07:00:00,DEHM_BD,0.19579245347680382,0.42229575905394734,0.10071105518453892,1.655158829545607,0.1706395469280634,1.1048827695236123,1.3264915769104548,0.1060562665444286,0.22275269663650524,0.3090485592814789,0.36615956247702236
2014-09-08 08:00:00,DEHM_BD,0.18967907082003296,0.1931445891780299,0.08436168783563984,1.6091311568066873,0.1434953699676039,0.9725713119849096,1.2685668606013256,0.10958796351834653,0.21028114828114855,0.29883098719116286,0.384643213282898
2014-09-08 09:00:00,DEHM_BD,0.2475564621811242,0.12563089948450468,0.07474090627952118,1.3871303860278597,0.17933549023272455,0.7898354476341535,1.1557804870104371,0.11882544262644129,0.18562156464776,0.23466954032083026,0.39652243095070105
2014-09-08 10:00:00,DEHM_BD,0.2702917543699149,0.11490056786554033,0.031117895979200203,1.1325104985746366,0.24489423676399494,0.6244963992904708,0.8537849557384802,0.12464573691017217,0.15948906655526712,0.22763876913735628,0.39117576721642155
2014-09-08 11:00:00,DEHM_BD,0.2749129239135095,0.07664573200443643,0.03207889471439865,0.9830435787122314,0.3574213765735365,0.7441191760635073,0.655411026927536,0.12119594230939736,0.1655260292040555,0.2694042324953222,0.36960872001232564
2014-09-08 12:00:00,DEHM_BD,0.25673062173987266,0.04549520591254166,0.07565956153274038,0.8232086328782617,0.6518447494994288,0.7775644194869928,0.8125232915497803,0.12091166244242793,0.20252974954834196,0.39376312975576605,0.35328274800420273
2014-09-08 13:00:00,DEHM_BD,0.21735205701431246,0.03337931491839339,0.08482698970830055,0.9078066553351952,1.0346325050274094,0.7106372922924812,0.8831858704698994,0.11930482490511726,0.26000897399738415,0.2786762831990466,0.3456948524728416
2014-09-08 14:00:00,DEHM_BD,0.19730930425847867,0.06122757558325526,0.15140083880047303,1.1448149466421507,1.1926027233404293,0.7663212744933203,0.7487661952283453,0.12311642080224229,0.26779364981112985,0.2171768377835139,0.3416203431568142
2014-09-08 15:00:00,DEHM_BD,0.1485573845197212,0.09290207377313565,0.2591532954374932,1.1972325540523614,0.9178339994436129,0.88831691826013,0.8552431949887183,0.1239805206978146,0.23548232039468353,0.20518241972556908,0.3402075035116891
2014-09-08 16:00:00,DEHM_BD,0.10850789012604266,0.15726424079275678,0.29851740192416576,0.9281443078700855,0.5356043486165022,1.0558553365302628,1.3057802555795002,0.12665504867326222,0.1643963175111449,0.24617338743333814,0.33806352725325056
2014-09-08 17:00:00,DEHM_BD,0.07970812488799503,0.23926805845924587,0.27994249016267236,0.865337696988385,0.3625337198933539,1.3048404309520325,2.3215245266890654,0.1249402175831709,0.09579968705465063,0.21447827638632616,0.3380765570905982
2014-09-08 18:00:00,DEHM_BD,0.0811755983146908,0.30086894799242486,0.22582612533029156,1.7757533606716789,0.29320197951952914,1.2217063591709216,2.314485831624616,0.12559627521189862,0.06361746584563503,0.15947499144556346,0.3392217847333252
2014-09-08 19:00:00,DEHM_BD,0.12095332400088306,0.2831787643238993,0.1797972188827301,2.4707447231097683,0.25308267326654393,0.900288913377859,1.541988183601245,0.11340303786044634,0.04763530545813946,0.10788142585604746,0.34004683720668766
2014-09-08 20:00:00,DEHM_BD,0.19102928814009168,0.22050467322838826,0.159805063490602,1.9665301136772868,0.23757091872305597,0.7498177264126897,1.2673430560552041,0.09034201124198976,0.059082484949296174,0.08687508535572558,0.37551997006502913
2014-09-08 21:00:00,DEHM_BD,0.2117376712383795,0.18351879644753286,0.16759217189148515,1.6663369353123996,0.2327366511978324,0.7260113678753259,1.1312533771552553,0.07053887031660402,0.07743426771601655,0.0916997028366903,0.4212484078507125
2014-09-08 22:00:00,DEHM_BD,0.2233419694167002,0.17069251375789604,0.1704246499469316,1.5970812752771182,0.23131591492161846,0.7506694946802339,0.9789490009471367,0.06821072794618764,0.07612836301528358,0.13104566627540448,0.48428566911220533
2014-09-08 23:00:00,DEHM_BD,0.21130132530787948,0.16778370833394052,0.1624372202908247,1.5334825549525597,0.22354848900543745,0.822808537992257,0.8648260091771303,0.08318707617331729,0.06477189479168498,0.193666460990568,0.585081822834201
2014-09-09 00:00:00,DEHM_BD,0.18370599661873632,0.1805857028409931,0.16525488952763365,1.4929770181098956,0.21465428044251852,0.8839383911164048,0.7806545581916564,0.10332371843159774,0.0516741345425694,0.28363899593347663,0.5561224061506613
2014-09-09 01:00:00,DEHM_BD,0.1661113923089391,0.20334474938816252,0.17622720198187963,1.4582447626627202,0.21854507796976702,0.9314853299471411,0.7088918292975944,0.11380848001011001,0.04278681523764024,0.28503215443152913,0.47398784945178773
2014-09-09 02:00:00,DEHM_BD,0.1593008675717933,0.20901922888611538,0.21891325878370538,1.3682068627925514,0.24225394474272843,0.9421095663941492,0.6736963670108528,0.12790608660756833,0.052663643193840766,0.2706694360296985,0.39896649788349847
2014-09-09 03:00:00,DEHM_BD,0.15614077940242352,0.2274143906758026,0.24960504669485148,1.2385410032619593,0.2647538532483041,0.9102255519759194,0.6705331799616693,0.1377560919249301,0.0651080264426847,0.24768338863715508,0.3463865319590829
2014-09-09 04:00:00,DEHM_BD,0.155765978444293,0.3005831654928729,0.29978813342392435,1.1573452140268925,0.2918534099605399,0.8904278712993661,0.7132593628354609,0.11880302350709906,0.07191659272626029,0.2237363941419124,0.31635987554088213
2014-09-09 05:00:00,DEHM_BD,0.1549064154428243,0.3845252480815978,0.3248528137877303,1.1411007809115892,0.3095853737360146,0.8330983771036726,0.7795246343755164,0.0967114071476132,0.09666728183956798,0.2004450044559453,0.2923244624578019
2014-09-09 06:00:00,DEHM_BD,0.158943785803439,0.4210058025819283,0.3030196554966642,1.0035689723869825,0.3075529091422212,0.6090896377100653,0.7072209905484667,0.10019626542770989,0.09736327591451804,0.18956117168900075,0.2671114051867647
2014-09-09 07:00:00,DEHM_BD,0.1829135692941583,0.3610385375792299,0.3219271492115221,0.719489464191111,0.30925391704837313,0.3644642020836538,0.4506797776855105,0.1048730016200104,0.12318826924131243,0.1922220847621326,0.24609618790665633
2014-09-09 08:00:00,DEHM_BD,0.2264737726075015,0.29079552873068487,0.30472616449479006,0.4965864601437884,0.304764841422094,0.3315790845731646,0.34391041697228497,0.09401805402168056,0.12792095081269733,0.18917521973348206,0.22663804559315542
2014-09-09 09:00:00,DEHM_BD,0.30442150123388495,0.3027175867882555,0.3169277606780546,0.482431584114675,0.2868929602536046,0.3527277863184477,0.38389706207968877,0.09376476263785719,0.12384971871485917,0.19826868693874217,0.2109042391314356
2014-09-09 10:00:00,DEHM_BD,0.32959324449713323,0.2998246476977259,0.3232773855431796,0.5718790880187239,0.28281387998138546,0.4439382835651561,0.4225673668446036,0.09011656869656862,0.13338559022493643,0.2117522325178887,0.19656840435571954
2014-09-09 11:00:00,DEHM_BD,0.2930726377533561,0.3251337853689863,0.33547346044057963,0.7202391858899372,0.30572228486750264,0.5291984454665122,0.5047689519381662,0.07694287118564581,0.14300738415084774,0.2541729806896321,0.18056510564208253
2014-09-09 12:00:00,DEHM_BD,0.28717353282429264,0.358725520884795,0.33992115399098777,0.7765105566385789,0.33900306118508794,0.5981415078131365,0.48897300726107423,0.07708132082800372,0.16534752183828497,0.3096882181834754,0.15918059374277702
2014-09-09 13:00:00,DEHM_BD,0.3056270990825256,0.35725367102344285,0.3453116849484859,0.7397980393065852,0.37111545036679594,0.6654997495813224,0.41312343481134295,0.08798241959584638,0.19221532229416063,0.29576172548082635,0.14638846897821384
2014-09-09 14:00:00,DEHM_BD,0.30937957586312187,0.35379946437686205,0.3565802923973277,0.6020440651145378,0.4011316115885227,0.6533116566126245,0.4586138562237715,0.10336683431263544,0.207621049971096,0.26993355392905627,0.14097085262397707
2014-09-09 15:00:00,DEHM_BD,0.32223985288574347,0.35889114547171513,0.38587547100244085,0.5840701589023783,0.4191049289826443,0.5228005537421128,0.5033509425901485,0.12037401775146013,0.21861229663146647,0.27379376041309084,0.1386083570355385
2014-09-09 16:00:00,DEHM_BD,0.2705933071761961,0.3551794359708926,0.4449710684490389,0.5384208274568969,0.42384692418352227,0.4371824309305089,0.5698623383699792,0.1315970257425529,0.20908814651852003,0.2671405943079536,0.1370885166260192
2014-09-09 17:00:00,DEHM_BD,0.20553960309443603,0.3686358701687683,0.49934714221465853,0.44946578142319615,0.43533900912277396,0.46718643517978703,0.6136244558201289,0.1342830328531674,0.21485205586084968,0.2482039590613129,0.13689337712907393
2014-09-09 18:00:00,DEHM_BD,0.15923990837759097,0.3731052126659661,0.5273128504699793,0.5326470853693999,0.4198266644689253,0.5330300564607044,0.6524205442502475,0.13556493629500324,0.24455239134655904,0.21145859214775975,0.13749354214609097
2014-09-09 19:00:00,DEHM_BD,0.12210853167168431,0.3370343106291582,0.5284499405963067,0.6856203319973682,0.40626307838472525,0.5287760972333746,0.7865209760142211,0.137575128343444,0.25540467344624906,0.1603043699862862,0.1386794629191845
2014-09-09 20:00:00,DEHM_BD,0.1505475672660511,0.28799690197032163,0.48243785024011493,0.887918499045266,0.38793647826265526,0.4620027602550527,0.7895115861449482,0.13699355679687109,0.22517089516083696,0.2335426835780473,0.13953992117295852
2014-09-09 21:00:00,DEHM_BD,0.16338883237921845,0.2472833981649996,0.375731989140585,0.8161115888234507,0.3545587554599437,0.4593363738781213,0.7493560482635919,0.13905359339112935,0.17047262931942003,0.3532775527892633,0.14075229427579913
2014-09-09 22:00:00,DEHM_BD,0.1601574642460606,0.21730310405465772,0.25699630923841144,0.7676372367699305,0.3328136911356075,0.45463093821470146,0.719722871764046,0.14418411425134053,0.14472457972139577,0.5393647150984033,0.14243996790897176
2014-09-09 23:00:00,DEHM_BD,0.15558332888868284,0.1908940387741793,0.17297302043071938,0.7317231296276463,0.33567471634500645,0.4377771558281779,0.6994433398063341,0.14781410573780707,0.1451602560086733,0.8125743190260974,0.14535999741337072
2014-09-10 00:00:00,DEHM_BD,0.173111748002285,0.23467563000862296,0.1372582094707012,0.6874728161263733,0.3619803276180987,0.44529528560961584,0.6711932562204461,0.15300740205469535,0.13872162375709024,0.910800114672873,0.15083437498526872
2014-09-10 01:00:00,DEHM_BD,0.19094066979670427,0.46226642096009796,0.13776089322955334,0.6540776920841052,0.41117058837471515,0.4576678040916797,0.6673277168664509,0.16006748734573364,0.12543417828866735,0.7942771733332424,0.15967034258974697
2014-09-10 02:00:00,DEHM_BD,0.18922720571195692,0.6124561916113248,0.15365221183986533,0.63380103406223,0.48126286273970253,0.4541176078569749,0.6644197753807191,0.16794919815252993,0.11148008878762825,0.5542945185796216,0.1735562747411056
2014-09-10 03:00:00,DEHM_BD,0.20742213635086992,0.552283553713574,0.1768568703317322,0.6202173162914486,0.5226986421747317,0.4687899022618167,0.6506957732922036,0.17137883194091957,0.10274673409125762,0.281802158222976,0.18190455962704488
2014-09-10 04:00:00,DEHM_BD,0.29322888799966307,0.4914406622374382,0.17195410240677284,0.6183060195637168,0.5228580867838672,0.4875833928167237,0.6464946136262933,0.17238694339413188,0.1036012537807202,0.17545439968434384,0.19421467239372425
2014-09-10 05:00:00,DEHM_BD,0.20793800126625211,0.4720997719702217,0.161069182565855,0.6282768840567685,0.5285746814692764,0.4930094428948173,0.6928887841111351,0.17612992936541905,0.11080206686113936,0.15613761021291941,0.19956249929610628
2014-09-10 06:00:00,DEHM_BD,0.16394375364267258,0.2751659786663576,0.1603240389350406,0.6451086352149332,0.528920485243108,0.4466149211549384,0.7046270309271729,0.18586232489395638,0.11841405687985936,0.1266152320683559,0.2170723074913769
2014-09-10 07:00:00,DEHM_BD,0.13097460033274244,0.17981339997116694,0.17335907204179404,0.6366674479638895,0.4884355066026001,0.42621313370892533,0.6147972844070079,0.1934181143656605,0.13093091953192817,0.11120684659925281,0.22890883893337088
2014-09-10 08:00:00,DEHM_BD,0.11482124504618334,0.16959475138251076,0.1872847579920384,0.588862018739406,0.4735861239274497,0.4377751608961564,0.5577216922731704,0.19466526835029116,0.1483919079091445,0.12221941911279206,0.23877001100625952
2014-09-10 09:00:00,DEHM_BD,0.12060233611875201,0.1845671437446294,0.2048354905738262,0.5728368228904536,0.49202534416959615,0.39295927041078427,0.5429500409715885,0.1949946795931374,0.1526607131325825,0.133872032753803,0.25209211728157066
2014-09-10 10:00:00,DEHM_BD,0.13924587200221591,0.1806300906350974,0.22045826973017066,0.5932067728857602,0.4979808017902446,0.3770593933792062,0.5755654710851175,0.20592760333020083,0.14256108674006523,0.1485028698519011,0.2646737196863073
2014-09-10 11:00:00,DEHM_BD,0.1739539485079888,0.18659276323946647,0.22106528382712273,0.6538147263897786,0.4588789366887788,0.4335694211156072,0.6376589549441141,0.20763982549641957,0.1542218958385975,0.16125989701313181,0.27403318555832834
2014-09-10 12:00:00,DEHM_BD,0.21423320414833705,0.20876181662822593,0.21735624919697633,0.7324512069891109,0.46679205400088797,0.5389708742786768,0.7078193905670336,0.20817271889335803,0.18120751083554099,0.1696347425782726,0.2749981427189614
2014-09-10 13:00:00,DEHM_BD,0.24053506974812575,0.22826680417698797,0.21107468675298602,0.8235615924629676,0.522786895086367,0.6296263642523536,0.879096844653668,0.2186775553443405,0.2147033233167661,0.17071448875187892,0.27099961630811203
2014-09-10 14:00:00,DEHM_BD,0.22911561498451974,0.24967002770086735,0.2152728777033788,0.9656008253783758,0.5448191575969196,0.5732715036383385,0.9478708637052641,0.22274948600389896,0.2280610612418338,0.17288367979328606,0.263510225902302
2014-09-10 15:00:00,DEHM_BD,0.20698933626045465,0.2309295277963857,0.2103604581729635,0.9368247796130056,0.49483507851911235,0.5635824749301347,0.9574544749568965,0.223806238024194,0.232992188280376,0.17105095860739805,0.2552569875152734
2014-09-10 16:00:00,DEHM_BD,0.19498602489072828,0.20601055785736636,0.18641760426671983,0.7978711912578259,0.4809393540567532,0.5480444318675863,0.9325348829543524,0.22041758437997153,0.2503200978134642,0.1662932364497743,0.2431849915821399
2014-09-10 17:00:00,DEHM_BD,0.18889218316293774,0.23164427345219754,0.19333009337740759,0.7190772405469317,0.4880796517598115,0.5155971833988557,0.8756593618440915,0.21345045388879738,0.26951079946215134,0.16595220955804002,0.22920596030630883
2014-09-10 18:00:00,DEHM_BD,0.18157390817510877,0.2683345137620949,0.2183316288452895,0.898281007200173,0.5154425543940345,0.5397851043601788,0.9163645676884801,0.21467002522619985,0.2729383011122513,0.1707712755379505,0.2271729219606088
2014-09-10 19:00:00,DEHM_BD,0.1800093505090218,0.25554327925469483,0.2193838849762853,0.9689520463982519,0.537144362092819,0.655898835706869,0.8646857060581503,0.21639918130740893,0.28116996536481415,0.16064650643306902,0.22965880914865788
2014-09-10 20:00:00,DEHM_BD,0.1705757011466379,0.2643930241917822,0.24312786701576072,0.8986814834389577,0.5507059183630718,0.7595003525432198,0.8937702039507567,0.21571097512900678,0.2654129476654459,0.14908665995639497,0.23204772167937704
2014-09-10 21:00:00,DEHM_BD,0.1686750819127074,0.3099030050933401,0.25762775340052557,0.8901190600358659,0.5385053574877884,0.7785507610975972,0.7433505464969132,0.21575532452457327,0.2637002764584332,0.151324285396174,0.23397256691985166
2014-09-10 22:00:00,DEHM_BD,0.18939700300392903,0.2699533057698487,0.3043200950294054,0.709579704318479,0.5185234234836883,0.7245107824095978,0.6362740286830009,0.21671818623692943,0.3126820465817651,0.1678773868117782,0.23513658117226302
2014-09-10 23:00:00,DEHM_BD,0.21935869634897903,0.28511282130533294,0.5753300998968723,0.5612747690002542,0.48278268387872714,0.6153114286216779,0.6161606606530572,0.215017874544284,0.36580376842302254,0.20505474646882532,0.23963800520734843
2014-09-11 00:00:00,DEHM_BD,0.2600297162643725,0.29257865093040736,0.6656878191059916,0.5680833390248772,0.4209157814017497,0.531647430548028,0.6004838222895832,0.2116946470669469,0.39068043883197934,0.2586170580622179,0.2397423842179029
2014-09-11 01:00:00,DEHM_BD,0.32650537189004,0.3072748348244135,0.5265499365813373,0.6028695843403518,0.36358585411452216,0.4436413473713822,0.6129541453245295,0.20692212798911594,0.4106426496529205,0.3035100541554205,0.2310096616766088
2014-09-11 02:00:00,DEHM_BD,0.3697418247460573,0.3477627247583772,0.5398400429098459,0.6614423175309843,0.34026545288415605,0.3948952905771133,0.6480458884997398,0.20317024038685474,0.44924210076520205,0.3723844995946437,0.22312435688369553
2014-09-11 03:00:00,DEHM_BD,0.3827851247300393,0.39891709423762733,0.5600455747457048,0.7013689714187018,0.35699256469022933,0.4142263020901009,0.6949196381126996,0.20166794719973566,0.4711000924329087,0.40051815819488834,0.21300384307432058
2014-09-11 04:00:00,DEHM_BD,0.39986841392884026,0.4622486421897145,0.5742653123348339,0.731497710874363,0.3910645702305855,0.5101147360170754,0.7429356247547685,0.19788022324293839,0.4587419075744412,0.39745007311524816,0.20420648922847892
2014-09-11 05:00:00,DEHM_BD,0.4167227745510264,0.4802041064757713,0.5971556186816034,0.7708388040990268,0.40161847132834816,0.5370922865341587,0.8490863283201662,0.1905729731183497,0.43960176933092987,0.3922943474499647,0.19688899816273928
2014-09-11 06:00:00,DEHM_BD,0.42429996500752865,0.45255073617813396,0.6547564032090967,0.7991470245973542,0.3583772124471701,0.4325360150624695,0.8514860625066283,0.18643864481214414,0.42498724049963044,0.3757039415869395,0.1927628020916435
2014-09-11 07:00:00,DEHM_BD,0.42326915422316624,0.44957498341768043,0.5700455582055927,0.8501455614770649,0.30311235087438937,0.4500859050692714,0.780956442188532,0.18173247012136493,0.4084766915325913,0.35985085896070107,0.1929487076877476
2014-09-11 08:00:00,DEHM_BD,0.4110393904965742,0.4459450726452887,0.5746541357235277,0.9471983742780744,0.32281127129791287,0.533659917269689,0.8686997419379745,0.17300738718780673,0.39768506027329703,0.3463783557116471,0.18970229374252248
2014-09-11 09:00:00,DEHM_BD,0.4011711244393419,0.4462682890346157,0.6137901499929092,1.1244882967820318,0.3749455077776661,0.5976222714306214,1.075708345104296,0.16531816836126373,0.3821830332132428,0.34498264470581413,0.19200406896295646
2014-09-11 10:00:00,DEHM_BD,0.39363273952969335,0.4566983548259571,0.5824905721036012,1.080842921656103,0.46300807587273174,0.681707835051548,1.082367303052441,0.1660044522988143,0.38241524478142835,0.342910629773056,0.2025953045132468
2014-09-11 11:00:00,DEHM_BD,0.3975604242014419,0.4609782833449077,0.5443804777963401,1.0469291166301946,0.5930338620065222,0.8590087669335267,1.0894621112897305,0.17063489544657517,0.3810490763977443,0.34248700288692474,0.2151982961071009
2014-09-11 12:00:00,DEHM_BD,0.38356980875038993,0.46430780433241264,0.5379996961872215,1.0801492579194594,0.7408808214310091,1.1285500861108775,1.1190103808683256,0.17644727952443515,0.38994180920580396,0.3456339786280317,0.2228671016567684
2014-09-11 13:00:00,DEHM_BD,0.36113898690180957,0.4862429577020903,0.5215540010672536,1.1237807910049513,0.9100165580843425,1.2788310576667867,1.172056444941147,0.18727601241496372,0.39009614182644514,0.34278055992219586,0.2278436908319063
2014-09-11 14:00:00,DEHM_BD,0.35143105888666687,0.5039214292247034,0.5049310443460825,1.172576865196975,0.7947114257786306,1.2174644475130485,1.1744149979431946,0.1952610908808464,0.3829133216838386,0.3181811921407165,0.23312223969675988
2014-09-11 15:00:00,DEHM_BD,0.33837979288745895,0.5121228018473157,0.5179134190469274,1.2520576478463408,0.6384411313826973,1.0906514817906068,1.1750122874531124,0.20092172170199438,0.3741455349670053,0.303724003508028,0.23707006997277408
2014-09-11 16:00:00,DEHM_BD,0.3167823344779642,0.47550843520141484,0.528662651145414,1.1784220643860057,0.6069808587055094,0.8220837637946792,1.229260120927894,0.21536955428075966,0.33701378368761964,0.3037292065934067,0.23642707650509412
2014-09-11 17:00:00,DEHM_BD,0.3016146924527047,0.44916425014573824,0.49495055269504645,1.0539605779431183,0.7532404861478379,0.852602940060781,1.5207350324882523,0.22869993739756053,0.33745366127825266,0.2889034973392626,0.24061987750326547
2014-09-11 18:00:00,DEHM_BD,0.2903416726948459,0.47782541270636414,0.5091243980303836,1.23078182315696,0.8323781687695857,1.3227924908113335,1.63493432664384,0.2328698069081932,0.3420476178443789,0.2763898729483056,0.2426923621672796
2014-09-11 19:00:00,DEHM_BD,0.28819468580277385,0.5081364252504397,0.6461110277434757,1.3695161281337085,0.9769532451443654,1.7224088018115837,1.6574148011671506,0.2081587343508261,0.3428671501819247,0.28620457658777204,0.24193451490153453
2014-09-11 20:00:00,DEHM_BD,0.28770571760070096,0.6131352474277996,0.8106053370083486,1.720670535334119,1.2941408004416164,1.9919934285474268,1.907701295929612,0.19705176102508548,0.34761639727215277,0.2924687633835395,0.23799637116602945
2014-09-11 21:00:00,DEHM_BD,0.32132209972123604,0.7597041015517321,1.0116847795298805,2.0581685643220764,1.6570644779558195,2.1979393631445534,2.3778996179429623,0.2082510346704627,0.3443983036879542,0.3337838109247991,0.23034695752276263
2014-09-11 22:00:00,DEHM_BD,0.41049759883482007,0.8754455213203197,1.2095836476237234,2.510260818473355,1.8857098016837168,2.410816291771112,2.535995351767461,0.21837222171759216,0.3151173129307105,0.3599106528767983,0.2229344670890568
2014-09-11 23:00:00,DEHM_BD,0.5296231508962623,1.0820838046431942,1.432677977678793,2.776949852378763,1.935344642041409,2.3058784881630636,2.6351906442650503,0.23581098766741326,0.3011298380266316,0.35510900910405674,0.21881302589605284
2014-09-12 00:00:00,DEHM_BD,0.5835396977673097,1.3953977319052044,1.698479075566938,2.5860119946072238,2.0758587197191547,2.506543463962411,2.8398434676697057,0.2316553741201967,0.29987722431298336,0.34175454319336795,0.21740625470708808
2014-09-12 01:00:00,DEHM_BD,0.6144933012659847,1.8944423548910931,1.9492574673225245,2.6339985386969333,2.367287327647204,2.969526967278997,3.174298566963079,0.2138769220062739,0.29025287870775907,0.34805792973162997,0.21695260895955304
2014-09-12 02:00:00,DEHM_BD,0.625286477823928,2.670327088583786,2.0789569497555123,2.865101837338884,2.6928959951726297,3.473497699011836,3.4254555586513997,0.19744538600318817,0.2699821731026842,0.3581766325699104,0.21429810384373865
2014-09-12 03:00:00,DEHM_BD,0.6494786116537078,3.0514362343314545,2.098208366476701,2.928273584389114,2.898094718608428,3.8131052182564797,3.6015855306915148,0.1923131264500691,0.2588338390988296,0.36768598099356903,0.21216537455475767
2014-09-12 04:00:00,DEHM_BD,0.6487448538985847,2.7625974417326775,2.0324941655023836,2.7486041108505703,3.0261651771517144,3.9086935691644786,3.547195478542177,0.18826797961201502,0.25356033386070265,0.3751656367617848,0.20478628374935
2014-09-12 05:00:00,DEHM_BD,0.4945541268210718,2.5535278207874113,1.998983428665851,2.5487326563668833,2.9374527823581036,3.755369754818911,3.0253456014107876,0.18392410240909543,0.24357621735127633,0.3859325536600244,0.19075855038250325
2014-09-12 06:00:00,DEHM_BD,0.4812720193056016,2.2336127343682386,1.9708347542682196,2.227918796848445,2.550462812048527,3.194872901254617,2.3679551767286715,0.1854554378111636,0.24157048328974273,0.4079202764907991,0.1761631399877461
2014-09-12 07:00:00,DEHM_BD,0.4994310432047769,1.890919575537946,1.920657897164561,1.8526424960199723,2.25600424831673,2.6888915459109075,1.9494192280134244,0.18579975343333072,0.24068823188253669,0.41429831951061247,0.16707951176812685
2014-09-12 08:00:00,DEHM_BD,0.5027870688636414,1.7569600015172968,1.7700202234638667,1.6071078289128373,2.2861416398847614,2.361663631486609,1.8589971522317916,0.1843164595258544,0.23287725526942857,0.4210024420509952,0.1651866964157809
2014-09-12 09:00:00,DEHM_BD,0.5584105194974877,1.3668719770998483,1.2722348271490262,1.629102079932248,2.3812468881392386,2.1625996169836146,1.9331679128665669,0.17925640615434546,0.22530482759166243,0.4211672135323332,0.1654179112342348
2014-09-12 10:00:00,DEHM_BD,0.5987990686164703,0.9171108685422269,0.8563940820450056,1.8043246044061338,2.38508245271751,2.148422286661975,1.9811001400763966,0.17441448340564022,0.2630477294400129,0.4168027308976091,0.16177032260913382
2014-09-12 11:00:00,DEHM_BD,0.5517413137129275,0.7104231922106025,0.6236737956137163,1.990643423926641,2.160441769540985,2.205333933891843,2.109406963242712,0.17337468459669722,0.3165578983904682,0.40149054308274273,0.15749175716054373
2014-09-12 12:00:00,DEHM_BD,0.46787055578207587,0.6420931007099244,0.3695759138114936,2.0544829918645595,1.9790257199606462,2.17562399433844,2.1235357066060203,0.17924894258296806,0.3377267884558403,0.3849157096090586,0.15195731140348345
2014-09-12 13:00:00,DEHM_BD,0.4195341732223284,0.6163390640720701,0.33083646948417866,2.0242792191505554,1.7964578404397658,2.16321198170648,2.081726905240692,0.1984271161576314,0.34021973724681176,0.36611235578837786,0.14390752170125246
2014-09-12 14:00:00,DEHM_BD,0.40518115365277035,0.6225088381512729,0.32853398487890245,1.9425389893746017,1.6316752064820053,2.1221676360398187,2.0876349756552783,0.22710723933771013,0.3363633684434164,0.34589716319953806,0.13380079132237463
2014-09-12 15:00:00,DEHM_BD,0.3921900097246979,0.5853176996237476,0.31430418936654386,1.8363880183415537,1.46851427784808,2.0254946711820336,2.0141010828484958,0.2568161507631826,0.3281159348517482,0.347130756755736,0.12340711348945957
2014-09-12 16:00:00,DEHM_BD,0.3904375753057713,0.6038201653925491,0.27398036408567417,1.780566443839046,1.3469212205643695,1.8101944148217484,1.9139747467239638,0.2740635868738985,0.3024159371516213,0.35154380118787254,0.1121372992010694
2014-09-12 17:00:00,DEHM_BD,0.4158193644511908,1.2502776765095192,0.2665262787678719,1.6713713132333536,1.3854401883040415,1.74099367748846,1.8313862083793677,0.2816011314156499,0.28459314568196353,0.3525829085538054,0.10299541079134898
2014-09-12 18:00:00,DEHM_BD,0.41233216447372445,2.186077451387551,0.31331819073034856,1.7952981186436885,1.2488291494656913,1.7812162727101608,1.9056256128909597,0.2906560205386286,0.2621991664865996,0.35387611131321905,0.0953817148462506
2014-09-12 19:00:00,DEHM_BD,0.4039356290130711,2.490897008412071,0.477790319455182,2.019712510820301,1.2417867225411208,1.8420182633021458,2.075592920612693,0.27921488634794417,0.2433395831193112,0.3563052035636796,0.08669552326632189
2014-09-12 20:00:00,DEHM_BD,0.41244186238248354,2.4120616586061274,0.7461799700662041,2.336570561748723,1.423463905345341,1.95943026734151,2.3493199894224737,0.2564188692324212,0.230568671911223,0.360375279408535,0.07540411892135958
2014-09-12 21:00:00,DEHM_BD,0.43846341561935825,2.499606655204641,0.8828783109220695,2.4292964041262275,1.509163834971562,2.2377346401523335,2.367152438671044,0.2399884625683561,0.21912977027893638,0.3615903050032202,0.06514565253687554
2014-09-12 22:00:00,DEHM_BD,0.40300834755973886,3.4954955371199423,1.0363207318167114,2.06219661959475,1.524530788169168,2.2754071120119934,2.388017272668695,0.24303550849629557,0.20330440184951748,0.36897356157095124,0.05889462258244613
2014-09-12 23:00:00,DEHM_BD,0.370863922548238,3.791981299131269,1.3457427739896424,2.0041522012241817,1.534477349841222,2.2602745309044976,2.4753237281300313,0.2551618409789353,0.18519517970280278,0.38214097044785095,0.05439627919442128
2014-09-13 00:00:00,DEHM_BD,0.38077702463059376,2.7187366111922646,1.8976411613906363,2.063405132500548,1.4838860024650768,2.2044107302365914,2.5990384154413917,0.26905244030088177,0.17299210042160512,0.3725424270105868,0.05013902054856693
2014-09-13 01:00:00,DEHM_BD,0.3683415880131698,1.7291448507642049,2.9310764423577518,2.0555253618261125,1.3865707300866768,2.059266893500707,2.787436988210821,0.2436168905396013,0.16845208864057318,0.35399585853671217,0.04812127981667745
2014-09-13 02:00:00,DEHM_BD,0.36960283320841014,1.2115446290328817,3.900766222280707,2.2361957408609894,1.2906961418894074,1.9134124860491974,2.8423245436870355,0.21379962025880805,0.1682278861445524,0.3791776877299427,0.04878764832350411
2014-09-13 03:00:00,DEHM_BD,0.38004614102273937,0.9129265247325227,3.9539913994262585,2.61884663062077,1.2215605730125727,2.0053795967812733,3.1073502592423723,0.19814867316216211,0.16955076907029643,0.4398067821965272,0.051284469327530564
2014-09-13 04:00:00,DEHM_BD,0.39435736405408,0.660512147842124,3.3222945603392215,3.257989451946508,1.2640790702644082,2.0611497101587632,3.3340632286229193,0.19089647469028811,0.1698850593049144,0.4726880913916601,0.055766475633628375
2014-09-13 05:00:00,DEHM_BD,0.4169302268040971,0.5487309746342895,2.443416888216839,3.534998098748355,1.298562335572536,1.9227781809242033,3.2482095720374398,0.18372041457340105,0.17065438255538506,0.49839365618498976,0.06022583379232192
2014-09-13 06:00:00,DEHM_BD,0.43257512969666856,0.48169717906337217,1.67356550273457,2.999518617510055,1.2474964697371003,1.7757854514456821,2.965381023351951,0.18196087041199188,0.1828264404573244,0.48415944369485586,0.06898690430158967
2014-09-13 07:00:00,DEHM_BD,0.43607096658391403,0.4581239100376142,1.0571338405010446,2.4439259945255754,1.1327064717853115,1.664142672972672,2.7667645087800374,0.18172039451993985,0.1763889494022004,0.4609082284253742,0.0768522529480628
2014-09-13 08:00:00,DEHM_BD,0.4372218523651383,0.4929466250169463,0.7638546367216323,2.2456948101617256,1.0897000124315963,1.62332004580067,2.7721768612903124,0.18015333838630454,0.16179895744254336,0.4522766269814595,0.08379656554201616
2014-09-13 09:00:00,DEHM_BD,0.4151176507069751,0.3894576138341053,0.6887291304654151,2.217819202351919,1.1846965484462957,1.6774093989138086,2.630737124919577,0.17187323359837747,0.14892465950821507,0.4333362587172164,0.08599667548394517
2014-09-13 10:00:00,DEHM_BD,0.38668611071374026,0.2915203816876722,0.5834442814591466,2.2321071071525105,1.3017066719030939,1.69653511234191,2.4639173090579036,0.16159749984084626,0.13027717625417742,0.40109257579679586,0.08585554172832269
2014-09-13 11:00:00,DEHM_BD,0.3660663165482505,0.2764502975650433,0.44960497744232475,2.1744166745161815,1.3608930542645417,1.7223567469673036,2.2210947530954446,0.14992632971439485,0.11511054358688634,0.37594164985449624,0.08474036806605742
2014-09-13 12:00:00,DEHM_BD,0.340230266876458,0.2634746972025534,0.4272804408428538,1.9368368786580308,1.3535371955292836,1.7817494800266607,2.186643826443486,0.1372492606947593,0.10693901241717026,0.3626564325057528,0.08389859845396817
2014-09-13 13:00:00,DEHM_BD,0.29989956117242556,0.24636479967042094,0.46904436218152057,1.85409399339526,1.2890864476673654,1.76595743718896,1.870964138112547,0.12471145609782056,0.1004301949954591,0.33018678910504196,0.08128736809937269
2014-09-13 14:00:00,DEHM_BD,0.27656649595624744,0.22192841723790965,0.42959422098285927,1.8644097681083711,1.2311089650455396,1.7259155529794832,1.6408422844435062,0.1141902166851235,0.09449938258149834,0.2888445219941738,0.0797542544569488
2014-09-13 15:00:00,DEHM_BD,0.2520750563565361,0.19690711005465006,0.40525171586398057,1.4718242644340205,1.211675146653063,1.6938090140628304,1.7815885789159012,0.10849598994825552,0.09234178938448322,0.27258667209135135,0.07910546622275862
2014-09-13 16:00:00,DEHM_BD,0.23086732018824652,0.1757345323302608,0.3534786129418592,1.3192189559988083,1.1536325597561894,1.6493140647064526,1.9448566039320776,0.10610339477894477,0.08960871513396236,0.2311320724593811,0.07699346105754758
2014-09-13 17:00:00,DEHM_BD,0.2381536383613523,0.1519348422492465,0.2368900194236159,1.4395768039604862,1.1266296594792231,1.537151912353401,2.1242128344037714,0.10622407520617179,0.08244825888520756,0.18742476386277293,0.07614589976857568
2014-09-13 18:00:00,DEHM_BD,0.28431229241214995,0.1257359450142693,0.2009702024355526,1.8761337856294418,1.1641398678697272,1.4810661584163602,2.307204001397004,0.10822402802248436,0.07612548766253056,0.23382702810861625,0.07752353418847156
2014-09-13 19:00:00,DEHM_BD,0.2868159952176909,0.10129400143237649,0.21666126685482667,2.37901127493086,1.311419126577317,1.7520165498894626,2.4828493067807886,0.10706902009161669,0.07055355909755939,0.24678087635424684,0.07907008840342655
2014-09-13 20:00:00,DEHM_BD,0.2793543812064499,0.08983482395143219,0.17535055463823015,2.6946807807912387,1.5668451971939625,2.27126609928634,2.9002724126240658,0.10309654372648944,0.06620836748351927,0.2845587973108094,0.08042434780206871
2014-09-13 21:00:00,DEHM_BD,0.3206530872559196,0.0906822673920081,0.13732041888437063,2.8742896563041764,1.7755959747714458,2.4013591380144703,2.434837922195876,0.09919692242611552,0.06641859383645252,0.35113776790159035,0.08217341133170745
2014-09-13 22:00:00,DEHM_BD,0.4061722395332017,0.0980977103494419,0.13079253685977174,2.280775258248802,1.6637749979207663,2.0140785407513797,1.987182447066782,0.09617719121126825,0.07599695003097941,0.3991724970059871,0.08349999631685262
2014-09-13 23:00:00,DEHM_BD,0.4450193202535092,0.1071701837837005,0.14663171515599682,2.1157892869660584,1.5230488216346036,1.728761297808378,2.0090391648969614,0.09322981656497283,0.09588261316175715,0.43942321348256186,0.0841080715114041
2014-09-14 00:00:00,DEHM_BD,0.47907444843474895,0.12767184247412589,0.18284847246452898,2.260344353991263,1.4954770130633377,1.660084036460314,2.301333567592101,0.09004599065413559,0.12330507088427818,0.5071822872558328,0.08405378101410874
2014-09-14 01:00:00,DEHM_BD,0.49591139063531176,0.16944254841583614,0.21566468689284063,2.541751039598698,1.5855431238548645,1.7707231631671032,2.821250436447908,0.08705122977193075,0.1539808402846623,0.53061868927069,0.08334443630820597
2014-09-14 02:00:00,DEHM_BD,0.5205307283192406,0.18965271913735193,0.2132430148773257,2.4365473249094958,1.7515843154340236,2.0690171140298297,3.1745396351963127,0.0842656443043695,0.1850999515111948,0.5209925022587923,0.08482550005503921
2014-09-14 03:00:00,DEHM_BD,0.5456293850939532,0.22848214217888407,0.22405834897374421,2.167046356402893,1.9055306538029018,2.397964912953407,3.2548272625812396,0.08148480943178893,0.21257395834723009,0.5069631396333126,0.08645625020524476
2014-09-14 04:00:00,DEHM_BD,0.5348171649722008,0.28804666996273937,0.2682161682519594,2.002889281092418,1.8651697857098188,2.524570794542734,2.7985229785782453,0.07900549230017923,0.2502636106512788,0.4928200259608401,0.08649008446496904
2014-09-14 05:00:00,DEHM_BD,0.510749612190239,0.3213635690137876,0.3035770520224914,1.875694322991979,1.683457371090562,2.4023805006987393,2.251161250234717,0.07671344913700884,0.29213566925615064,0.4857945602129771,0.08512505457228026
2014-09-14 06:00:00,DEHM_BD,0.5025166325559652,0.3434481509965052,0.3029659659963079,1.8134905206763183,1.4507904657076578,1.9275098624967113,1.7709157460198646,0.07519093088193624,0.3039847129018417,0.48838220356822,0.08140664694778038
2014-09-14 07:00:00,DEHM_BD,0.5128450976363941,0.392300389375754,0.28472300868783723,1.616759754665122,1.1869368360322807,1.4481573187422927,1.3877305455934097,0.07191985700180535,0.30044965863319106,0.4997580578923411,0.07946607566101092
2014-09-14 08:00:00,DEHM_BD,0.5210911582171729,0.4363176768650672,0.30249372862358936,1.3515981369008456,0.9584505805822437,1.127861411786243,1.0709801254712188,0.0686295339073066,0.2943317438891529,0.519597776852902,0.07810045571028018
2014-09-14 09:00:00,DEHM_BD,0.5371805764700844,0.45898711146038945,0.36587378459444947,1.1047378034508135,0.7889897117003006,0.9328516516177735,0.8961674799560511,0.0652113786025287,0.28380304274755513,0.556425683938069,0.07451750476107383
2014-09-14 10:00:00,DEHM_BD,0.5542429737254697,0.48431087716318655,0.45838712169180323,1.0479292517802998,0.7874835786017216,0.8365682379097492,0.8787286252458821,0.0629655709820099,0.2823424246073745,0.5825029058632067,0.07252145914307007
2014-09-14 11:00:00,DEHM_BD,0.5553247877534804,0.5029454255571215,0.5026367429180256,1.0621741634521715,0.9555739465309423,0.8417577706506731,0.9251267611420364,0.06159695487871517,0.28986609530762636,0.5872811394669021,0.0730738128520297
2014-09-14 12:00:00,DEHM_BD,0.5427574815046903,0.5222642513580432,0.5209879240750864,1.0596310285883643,1.1193429051353387,0.884404946972503,0.9604214248023552,0.05968529314209459,0.28987277144671586,0.5647166753560141,0.07523914753425799
2014-09-14 13:00:00,DEHM_BD,0.5315312276649775,0.5142003329052776,0.5437013143842917,1.033903289035793,1.1309436574390554,1.0057133164920695,1.0197885554128276,0.059447554178098,0.28957117927097764,0.5415249846687702,0.07894916458747674
2014-09-14 14:00:00,DEHM_BD,0.5274846931096607,0.47193779280343084,0.5720970732908215,1.0186804191337608,0.9228742060781455,1.1009128536541732,1.0877888073940525,0.06047436502736164,0.280490615459165,0.5090619417447829,0.08385355522032513
2014-09-14 15:00:00,DEHM_BD,0.5118177016562035,0.45815522277078347,0.5710702216740625,1.0594224672743047,0.6985442402046498,1.1651866878560555,1.1683758674608256,0.06170497454571177,0.2776445610693607,0.48526205006897793,0.08415669037597473
2014-09-14 16:00:00,DEHM_BD,0.493843626274903,0.43892269624339286,0.5260215755397016,1.0135609538418593,0.5649497701911697,1.2109382354805982,1.146531334448442,0.061981776953688984,0.2579158870244991,0.46838697174040717,0.08695079389596615
2014-09-14 17:00:00,DEHM_BD,0.4732718581738014,0.3999414169622393,0.4624119326538616,0.9700506879117547,0.5002685010932734,1.2658714774030893,1.0788181188067354,0.060784000833199466,0.23973464560940236,0.44158096486613263,0.09283583927342703
2014-09-14 18:00:00,DEHM_BD,0.4388173205737204,0.3892511615551008,0.43330419861160563,1.1580940344660136,0.4519339864166336,1.4379964260274773,1.216893725831099,0.061831263061957784,0.24031228881318112,0.4183500243017164,0.09904508047485835
2014-09-14 19:00:00,DEHM_BD,0.41527235998682666,0.3882661403142709,0.4118153452552898,1.4061818320390553,0.43174334323647656,1.595901151743512,1.4713532626755264,0.06480369668733607,0.24330511102066368,0.3779901323200365,0.10661751288921968
2014-09-14 20:00:00,DEHM_BD,0.37709123729799865,0.38157849559277834,0.39674997737132867,1.7863154309263622,0.5268684426723117,1.8410004730910816,1.84097373447749,0.07045581231436046,0.23699135330144305,0.37577022121546316,0.11466028513934731
2014-09-14 21:00:00,DEHM_BD,0.3628978570446533,0.3841434649509271,0.39107065314555006,2.2503285623637974,0.7718809290176408,2.154560353977953,2.277341074897663,0.07848348808928808,0.22729629704480975,0.37645452544407904,0.12316482620925767
2014-09-14 22:00:00,DEHM_BD,0.3603210650405286,0.38561575905953555,0.389118979814857,2.6511478316861745,1.1633992337755266,2.4989925482198774,2.7051365068321616,0.09002095008165054,0.22780486053971563,0.36136631048697965,0.13193341246547677
2014-09-14 23:00:00,DEHM_BD,0.36997317652051337,0.36726494251762587,0.39138881824469274,2.879214323667143,1.804329535706771,2.9076574819475787,3.027141609424378,0.09984746501750238,0.22223453438127394,0.3350949003120325,0.14192545513847835
2014-09-15 00:00:00,DEHM_BD,0.36134180884245765,0.35280394617582916,0.39051955364332586,3.1229927674242965,2.3967674597151065,3.4074731662344613,3.2713414266964502,0.10289729056383522,0.218453735168483,0.3127102877378649,0.15760741270393724
2014-09-15 01:00:00,DEHM_BD,0.3473972566916047,0.3469242217065906,0.38500202434124503,3.436094172642098,2.860904650188825,3.855662468651915,3.592608769291033,0.1017506356098227,0.21557911101339366,0.3035192274977825,0.17063441821920033
2014-09-15 02:00:00,DEHM_BD,0.3399758716635032,0.3397386838373844,0.39557220740453164,3.767213861893273,3.3077660471082595,4.116034346323345,3.9757078852823584,0.09964896896664459,0.204137442003507,0.30326533167801784,0.1779101516641901
2014-09-15 03:00:00,DEHM_BD,0.34184327122237523,0.3396402007870353,0.48620896161508503,4.031557355529967,3.712238695509338,4.324602651397204,4.2715597280293895,0.09733667272539687,0.2027590639145672,0.3191332430406287,0.1807270123503459
2014-09-15 04:00:00,DEHM_BD,0.3506403121339155,0.35078986933090706,0.5815293513175891,4.228400998415449,3.9279145540635145,4.606570754727402,4.437047421632515,0.09470509108779472,0.20054684742450704,0.33017038485685346,0.18545164860880695
2014-09-15 05:00:00,DEHM_BD,0.35624160419113926,0.3504719768278485,0.5921323395349318,4.345014112587386,4.141707594212088,4.855902007511327,4.41559173627925,0.0976558202175421,0.19057785610467176,0.3081794678876269,0.18664293832755946
2014-09-15 06:00:00,DEHM_BD,0.32958258136343205,0.3307228930194116,0.5462485918651171,3.9354594897920094,4.355586631675117,4.646165211285254,3.8324511359610614,0.10845147596390899,0.17813524352347462,0.24074172180533399,0.17737772116631959
2014-09-15 07:00:00,DEHM_BD,0.2992413468637224,0.3164721559203229,0.5098159440824178,3.3173980100809715,4.295162867299441,4.118570375051955,3.198444464998862,0.12160169179438597,0.16707746141077948,0.17002172949657754,0.1872796521695848
2014-09-15 08:00:00,DEHM_BD,0.2092499603025241,0.3323231652380804,0.4816966205038082,3.0210274267448813,3.907884171403345,3.587210756083887,2.795775424907365,0.12625279501827416,0.15814900356053366,0.17535584208919663,0.19758951191084104
2014-09-15 09:00:00,DEHM_BD,0.19308126980991092,0.33403490925209584,0.47477827162658087,2.8159544267049084,3.4542200266772722,3.1419389010939467,2.838062661667172,0.13483046172148536,0.15051093056031487,0.17788258898937592,0.20569027252335334
2014-09-15 10:00:00,DEHM_BD,0.20107778402429985,0.33484358213022336,0.5100920256698993,2.758048698524554,3.033171609976395,2.908787137617276,2.812597348072184,0.1383254348970412,0.14084991240088343,0.18422842224441108,0.2096451762485364
2014-09-15 11:00:00,DEHM_BD,0.21659744654715282,0.3139604544007172,0.5308907860512309,2.348902605993277,2.636861070292907,2.810522118986153,2.681717513683507,0.1404262733293789,0.13235600767787997,0.1929974305147176,0.20890624526737714
2014-09-15 12:00:00,DEHM_BD,0.2364519761601981,0.20710552955140699,0.4618048543746949,2.280189090059236,2.4655148649652707,2.8373300916590933,2.7052839355995495,0.14713358377744898,0.11820788838866386,0.18659153840232873,0.2062815705193938
2014-09-15 13:00:00,DEHM_BD,0.2355679722210124,0.19017945110751472,0.40646423176632257,2.4817409144050004,2.626586995308157,2.689594977631494,2.894401086971947,0.15421866396173353,0.10673991640468809,0.16246968495600844,0.20281330813527515
2014-09-15 14:00:00,DEHM_BD,0.2186669115438311,0.20785703964362837,0.3022151440012023,2.656653344328693,2.7325006393757274,2.6712777253126543,2.875995305443849,0.155084725719674,0.09671959396232195,0.148338845859508,0.1994729711035984
2014-09-15 15:00:00,DEHM_BD,0.2006151330830622,0.2184203747036037,0.2597549566755533,2.29564298283636,2.6508060468088797,2.817908596627232,2.8342011330550276,0.15178585667635994,0.09045938244989653,0.13498838514597988,0.19361517482317603
2014-09-15 16:00:00,DEHM_BD,0.17690772781273334,0.21864037069714468,0.24909635827937293,1.8136984892133885,2.392338119032723,2.9807381537557056,2.4332466789720852,0.14535293128516133,0.08732354201060566,0.11421215733924445,0.19155039041005767
2014-09-15 17:00:00,DEHM_BD,0.1501534666182646,0.20306243647194705,0.23225299574841962,1.5060679752632395,2.506327188031962,3.099417850760444,2.2485606695123947,0.1357739006729716,0.08610341914192406,0.10848049819505083,0.19567389425149817
2014-09-15 18:00:00,DEHM_BD,0.1283028053242409,0.20458543140990393,0.2216011725551992,1.9801144555536356,2.9510604866565973,3.1446676239687887,2.6518435752204215,0.13274759959289031,0.08525307175190978,0.11391431775823342,0.19963086200643615
2014-09-15 19:00:00,DEHM_BD,0.1323565910526288,0.19762628333641538,0.23240040436776255,2.367739718604409,3.2641062782829886,3.222616151462036,3.235554433759982,0.13189153398477663,0.08556725186976176,0.11635236706789312,0.20385932815335372
2014-09-15 20:00:00,DEHM_BD,0.13416242468149747,0.16238048993788584,0.22912120820923193,2.718296976289696,3.444372740048741,3.5484122969233653,3.4800680332024303,0.13094267138790777,0.08784260574937916,0.11408729406414005,0.20812806856061034
2014-09-15 21:00:00,DEHM_BD,0.13251316587257883,0.13638876980774645,0.21442936837574236,2.6768068971309638,3.6689964366767462,4.045786011122547,3.5761705008271045,0.13315245741377782,0.09339080073588397,0.10637141865845005,0.2116973982828273
2014-09-15 22:00:00,DEHM_BD,0.12354333719549454,0.12546407361459233,0.1949603244053316,2.373448040960671,3.832853981857987,4.412285123724592,3.2332003327330607,0.13430559302985634,0.09842976915374754,0.104509633198727,0.21613591519210648
2014-09-15 23:00:00,DEHM_BD,0.1246851685366755,0.139688721897852,0.21117947448378838,2.5715251318332015,4.001381373766421,4.472989033548594,2.8947835389119794,0.1365955918741595,0.10340060098539242,0.10283254845966328,0.23006919655329744
2014-09-16 00:00:00,DEHM_BD,0.13168000423432202,0.1416780044222184,0.26264004186349243,3.1575129982620127,4.248098012077231,4.083079986742728,2.9361775001391934,0.1382187936278594,0.10643277589600102,0.09835364695297992,0.26558487732008446
2014-09-16 01:00:00,DEHM_BD,0.14062634280820954,0.14063352637489615,0.3058169238590663,3.7731260972417164,4.50221096128345,3.7470348400404574,3.30572942279305,0.1404661506863971,0.10864557755366497,0.09568850960474537,0.30911654630345864
2014-09-16 02:00:00,DEHM_BD,0.14652067063942892,0.15180449781972488,0.3405238738703036,3.9734895303791924,4.6184885304547105,3.6992329724120396,4.163194954925567,0.14062776349156728,0.11073101604137697,0.09368268858286542,0.3390905603133684
2014-09-16 03:00:00,DEHM_BD,0.15688420685538548,0.17586965099251034,0.3785561612811913,3.633016068011402,4.492131946260087,3.714487206604229,5.099049368136345,0.14658117513452645,0.11237140014160979,0.09692004955809122,0.3747162334497128
2014-09-16 04:00:00,DEHM_BD,0.16656376117691848,0.18677916003793746,0.40139548265010166,3.1864304002097574,4.227361143002123,4.037959631004453,5.1658126483154785,0.17724474610498164,0.11586808418758199,0.09712418296390611,0.4292300368958662
2014-09-16 05:00:00,DEHM_BD,0.15938667535709317,0.18263499656912266,0.3407510321643794,2.4650733083119594,3.885596358649701,4.437266884517052,4.434067971866899,0.20233625810857847,0.12986598770007482,0.0943761021523841,0.43287696251627045
2014-09-16 06:00:00,DEHM_BD,0.15299414835549646,0.17613753354107525,0.3371155572930794,1.9488478379848901,3.848083140092266,4.816561832534802,3.562957322667714,0.19738244031697508,0.1388907942962831,0.09051711511559572,0.31342552023903925
2014-09-16 07:00:00,DEHM_BD,0.15720116317312452,0.20412074275191736,0.4725609394371834,1.6639041520736133,3.9209884746887838,4.653351744851349,2.7055501115658656,0.18701825711119913,0.1400670965052767,0.09702816954790787,0.24326981018394453
2014-09-16 08:00:00,DEHM_BD,0.17069878124469756,0.2374350142703507,0.5413228650440239,1.4962444651017293,3.870591610255173,4.008858408643784,2.26461969173553,0.178488367358297,0.13930657456140946,0.11100146207976846,0.21976688835408303
2014-09-16 09:00:00,DEHM_BD,0.18956932598205278,0.23116067373123478,0.5046174399380383,1.4162629934356759,4.0271749103102925,3.4710741154154734,2.0982618448290036,0.1813297097723185,0.13125962567358274,0.12522746214606081,0.21373307224139554
2014-09-16 10:00:00,DEHM_BD,0.18497284464346228,0.20894746179217927,0.4319888057768228,1.324597821610167,4.077949715627655,3.109005482129201,2.0306773500819455,0.19365656655371175,0.12126017451041364,0.13134018652514542,0.21280098278881995
2014-09-16 11:00:00,DEHM_BD,0.19414523620119298,0.23012505840604874,0.34246777519625593,1.3634486112750608,3.8102337823154384,2.8905220694084277,2.0670866144589755,0.2035754586603305,0.11288033637688953,0.14686560458299464,0.20697563699686602
2014-09-16 12:00:00,DEHM_BD,0.20357614544247032,0.25831864486225403,0.3404975604969541,1.667021466855509,3.549767770355026,3.0484112371248866,2.358542464702808,0.20497206606779234,0.10982329594014667,0.148715560607328,0.20149887504535077
2014-09-16 13:00:00,DEHM_BD,0.20588839768595515,0.2612616172769595,0.3921376592033471,2.162008219616264,3.526019039737262,3.1891283055434947,2.7283821668464623,0.19280953225624736,0.1035949080318049,0.14673524765095192,0.19854489228796673
2014-09-16 14:00:00,DEHM_BD,0.2036198115811391,0.24718608031077186,0.3834478338795002,2.3149456716906185,3.6267163843638732,3.2130852769987044,2.8957417121378444,0.17258667105252828,0.09942919930837683,0.14824948818240075,0.20081800418773005
2014-09-16 15:00:00,DEHM_BD,0.19363227004977743,0.2033388803488301,0.34666691381400727,2.003898835524251,3.6575755126781457,3.3776206569591203,2.7450651925456646,0.1603061289421235,0.09555297059666974,0.14665858580386898,0.20578617585199308
2014-09-16 16:00:00,DEHM_BD,0.17937273547358915,0.18859902209189136,0.2877478565871753,1.6186576182139794,3.5986712809967925,3.388642819301072,2.330212690253118,0.1622200312168033,0.08805454761998008,0.1452934781700949,0.21591565032067334
2014-09-16 17:00:00,DEHM_BD,0.1771782759376068,0.16723423602295656,0.2823285822352274,1.7280791541227223,3.6732421205469237,3.680196761447574,2.4928451553786735,0.1633235457421192,0.08332278551246694,0.16581368266973553,0.22587311717541045
2014-09-16 18:00:00,DEHM_BD,0.17408051754294224,0.16438416015466722,0.36416008030407404,2.1478657243628154,3.96664116454333,3.84302987913491,2.959260523343311,0.1708076032887558,0.0824255023534059,0.25815885174022224,0.23311125715547007
2014-09-16 19:00:00,DEHM_BD,0.1939359878396254,0.17464630789189278,0.46425862959486375,1.522663465792058,4.062780045454013,3.8018081314553207,3.2168026734891004,0.17906056758578923,0.08426738428420638,0.405029698161017,0.23679573378590013
2014-09-16 20:00:00,DEHM_BD,0.2612122072018368,0.20109790035079522,0.5529149112428724,1.2348685540292093,4.1660520442550615,4.049907299695799,2.843782544577089,0.1828433832572676,0.08214316236098003,0.432508403921239,0.237346562401428
2014-09-16 21:00:00,DEHM_BD,0.3858987940659163,0.21642819600908542,0.5927739128730486,1.6991770158583053,4.612336058129948,4.431183098846821,2.921808825767214,0.18206594460262626,0.07750786572702155,0.47407290653351686,0.23605043556961225
2014-09-16 22:00:00,DEHM_BD,0.5466854655120336,0.22681781253397865,0.626378697734,2.3105084867216092,4.972205021474575,4.3087898538487845,3.2114144288937205,0.17957569090265066,0.07579843920143912,0.5225129786464199,0.23540625537631332
2014-09-16 23:00:00,DEHM_BD,0.6355688374558837,0.2409285334922509,0.6161419818103845,2.7885447848830154,5.123934517502612,4.2029279034385585,3.6251146615097327,0.1755280765254158,0.08098700892631279,0.5669437751749901,0.24366547174612577
2014-09-17 00:00:00,DEHM_BD,0.6763440565008668,0.2987300085254367,0.6181104738183065,2.931539962282179,5.053267979613376,4.795070128576059,4.033982824666686,0.17105147290167322,0.09143912614637646,0.6063514653246849,0.2778723037608246
2014-09-17 01:00:00,DEHM_BD,0.7115108633644134,0.3794960404331076,0.6509029493210723,2.8150878651519498,5.019780718960063,5.698032682514665,4.198625875001817,0.16820891087428075,0.10093593118817623,0.6409058285581692,0.3262720861967279
2014-09-17 02:00:00,DEHM_BD,0.7041236582740209,0.4591341196355278,0.7335926140115578,2.7172617967555737,5.440725723165376,6.269964749772433,4.046224549367944,0.16919940399498204,0.11223452151834548,0.6764806804256513,0.36664756672717624
2014-09-17 03:00:00,DEHM_BD,0.7244276399589701,0.586475835136855,0.8062247661808603,2.720288031358166,6.162633445521835,6.484335190842325,3.8809170243558704,0.1842849885338544,0.1516204786361334,0.7235844800579174,0.37718114968143396
2014-09-17 04:00:00,DEHM_BD,0.741976374243088,0.6619623154195071,0.8838854065645994,2.8274860808237445,6.688202388909236,6.473824413700458,3.8418041112701307,0.21066380300581444,0.1767320029924995,0.7857073195600321,0.3495483599098025
2014-09-17 05:00:00,DEHM_BD,0.7705876797332614,0.7584078133500181,0.9841177889270405,2.890762373161585,6.984334642044772,6.223483482399067,3.8461611691473863,0.22350979921963052,0.18572821614414442,0.8680830366030334,0.30359444252595297
2014-09-17 06:00:00,DEHM_BD,0.81842124515092,0.7479376053143385,0.9099770621221744,2.5899469528692034,6.815620182942767,5.468393025612215,3.646439006804549,0.22374985949724907,0.20482198838621365,0.8885985349671542,0.27254221220333114
2014-09-17 07:00:00,DEHM_BD,0.8748875653770659,0.6817873645368216,0.8322653571700024,2.056641212745301,6.097768200621615,4.509996498830488,3.1930273154730093,0.21443537557817985,0.2368957310522718,0.8624021371220423,0.2605222766014559
2014-09-17 08:00:00,DEHM_BD,0.8811237358900532,0.6336263427204453,0.7738231733056855,1.756528921864383,5.25477759896928,3.929886625090532,2.8552887698945426,0.19352380687661463,0.26774232032395884,0.7537151756079588,0.2513689690643547
2014-09-17 09:00:00,DEHM_BD,0.8189981148779857,0.592087154341042,0.7433049680054281,1.7151164442245195,4.59933483757125,3.4468457239080665,2.6069633573207014,0.1598281709282006,0.3077308513897284,0.580733044522237,0.23152567088338072
2014-09-17 10:00:00,DEHM_BD,0.6085483459355612,0.5791547330733714,0.7114818340424867,1.8619834439292038,4.055253503760709,3.128012429458962,2.4351411693990324,0.1415555613302996,0.3240143722151219,0.3975415213389973,0.20356266719411115
2014-09-17 11:00:00,DEHM_BD,0.3953560052974777,0.5878188772655137,0.6887799845590581,2.0160870503855173,3.5253628474324756,2.944434395363666,2.2041113566186397,0.13802528869880343,0.3493985438167769,0.28292896907212206,0.1763516222725202
2014-09-17 12:00:00,DEHM_BD,0.3455928352499892,0.6268892940413275,0.7253410922562586,1.9806599251992465,3.245917967736488,2.746883622985454,2.0313428286897484,0.14425926915845816,0.35834401065319765,0.27190607982777515,0.15525904975702498
2014-09-17 13:00:00,DEHM_BD,0.3385094178341142,0.6863817619694534,0.7942129149750968,1.842655100039961,2.8740380925335898,2.4643365055770197,1.8661632473324483,0.14486303908098475,0.3478779783343942,0.28194883193949694,0.1477306870580557
2014-09-17 14:00:00,DEHM_BD,0.30788349821747274,0.7290631115581048,0.8477055315813253,1.649781281784101,2.398795656338737,2.105488066361037,1.585671792909897,0.13751416196056163,0.33585555798646055,0.31875387503563646,0.14498817149537194
2014-09-17 15:00:00,DEHM_BD,0.2857138938720628,0.7758935568482335,0.8401601128838974,1.5424996352184115,2.101733191305658,1.891892586056697,1.3800323403474415,0.1319301179713708,0.32523400064955105,0.3713032588142319,0.14298118272225557
2014-09-17 16:00:00,DEHM_BD,0.3007410752454993,0.8532934113439544,0.8244653719556649,1.143385895321101,1.5972465304900543,1.7319741600896874,1.2282011169220326,0.1233127335183892,0.3155825043281185,0.4124155162461108,0.1418552895764885
2014-09-17 17:00:00,DEHM_BD,0.34721030046518947,0.7979326490534282,0.9378509202608023,0.9260219796214055,1.135850359975464,1.9760751980901188,1.6594640194675385,0.11999636087375765,0.3086623552475216,0.4025528613801663,0.14304872506009209
2014-09-17 18:00:00,DEHM_BD,0.4215236883361951,0.8424206009548483,1.1433855173404421,0.9603617613795679,1.1940319226345861,2.15230885528,2.0398302820666165,0.12155924941472836,0.3004650369799543,0.3526061782404024,0.14554413716376646
2014-09-17 19:00:00,DEHM_BD,0.46691706069104594,0.7952217843723389,1.1367905913480185,1.2207263183012358,1.8575531346434024,2.623112481426224,2.3510008685163295,0.12041447379100612,0.2353118561606376,0.34849966157503376,0.1491727026988802
2014-09-17 20:00:00,DEHM_BD,0.44744638250212054,0.6981795378833078,1.0270117041898148,1.4941194451713904,2.6938990859715544,3.226306894446058,2.671762615133052,0.11847260048884255,0.1784151435858244,0.5060957197445326,0.15334730632306406
2014-09-17 21:00:00,DEHM_BD,0.426690829953068,0.7083011970877646,1.058140631116312,1.7738509791162627,3.1468282117175277,3.5899226702216263,3.122980899932133,0.11904923901527743,0.16585555374519992,0.705196368516404,0.15875529238991104
2014-09-17 22:00:00,DEHM_BD,0.4684111926466995,0.7925340366907416,1.2325119612476976,1.8781406318090952,3.414085156884876,3.8908921678032886,3.436487740316261,0.12246783861207904,0.1807946948628552,0.7914546183485538,0.1665295313682821
2014-09-17 23:00:00,DEHM_BD,0.5938707476312246,0.8224085858205332,1.4858768968130462,1.9093179261587165,3.7513104772368226,4.2547602675593525,3.552330966371348,0.1225096562600318,0.18706114968719323,0.7949230006058514,0.18599093203508132
2014-09-18 00:00:00,DEHM_BD,0.8439871262135357,0.7813137957286833,1.5275113876532391,2.077908201680882,4.0910606046672635,4.616400090001139,3.612131790007894,0.12690922659153941,0.18141375507459212,0.8046551364357769,0.24687265480851747
2014-09-18 01:00:00,DEHM_BD,1.044070559402257,0.717377903156653,1.4825929856434463,2.3376683969213583,4.438452691990383,4.961037856451925,3.6883858398116436,0.14569988550882768,0.18218489847718056,0.8305747977554798,0.3390009546688758
2014-09-18 02:00:00,DEHM_BD,1.2389331843633948,0.7217872143991291,1.4005845440376923,2.5423329335398726,4.668441100961759,5.2807618320337655,3.8599259934625834,0.2154702451619691,0.21407129874749886,0.845085911912173,0.3707766124496608
2014-09-18 03:00:00,DEHM_BD,1.4539902219273895,0.7769550425322352,1.3101513578837738,2.6566866407610323,4.876162287258759,5.647771328556026,4.131991694578777,0.28141559969130886,0.2286323600526654,0.8854911639676988,0.34073478527616696
2014-09-18 04:00:00,DEHM_BD,1.5198564328365773,0.8874250974600388,1.2360105676493793,2.7494053203288393,5.150692653663063,6.041015239685228,4.348378317123098,0.31841043361907817,0.2095010800836723,0.9536313016875833,0.2984006656678206
2014-09-18 05:00:00,DEHM_BD,1.4531258634809776,1.010496432337761,1.18886138720138,2.781369713651893,5.34209840586626,6.30694861331462,4.3768368473105275,0.34838896202394737,0.21466888254130248,0.9910027583730965,0.262076059031859
2014-09-18 06:00:00,DEHM_BD,1.450402720983401,1.124216026776312,1.1976845600430295,2.5695167370119036,5.491558942806593,6.080886483235418,4.059861836065266,0.3703230034006386,0.25080215838024383,0.9755057885536551,0.234420118155498
2014-09-18 07:00:00,DEHM_BD,1.444357943471521,1.2483017631935143,1.331755161835067,2.141890341841781,5.4949258848598905,5.4942893940255155,3.571189090131338,0.378641323866695,0.28242463186511746,0.9587506176989524,0.21748448226677247
2014-09-18 08:00:00,DEHM_BD,1.2423061804847046,1.3692457766112476,1.5278274986754266,2.149109120520592,5.358669937293625,5.043937407760978,3.2639922042027836,0.3856544813518969,0.3140020067654549,0.945002780692242,0.199527822899362
2014-09-18 09:00:00,DEHM_BD,0.8469035048448665,1.3082569584544679,1.6568409118409826,2.2751151765461426,5.218304444968938,4.78375360164709,3.19898394282046,0.3853131089116259,0.3228102028512395,0.8819930571318044,0.18004500848419028
2014-09-18 10:00:00,DEHM_BD,0.6759337776729091,1.153288103208281,1.5524978678830808,2.4181845827457122,5.085354747192208,4.62973810262873,3.400850996552487,0.3780166288620606,0.3002264121686573,0.7129869479881972,0.16048099855108752
2014-09-18 11:00:00,DEHM_BD,0.6382220027372566,0.9414469882989395,1.2905449766891475,2.7859355569490094,5.075847833445193,4.847466661772495,3.8349951210825934,0.38312196780145147,0.34241940734163845,0.5767203418102812,0.14756449998498167
2014-09-18 12:00:00,DEHM_BD,0.6481964983248572,0.8306673962370492,1.0556670560765218,2.3482151195807335,5.177890884145726,5.008834304877185,4.100526965284674,0.3837793069034814,0.3766585728000662,0.572715531975422,0.14052494785060504
2014-09-18 13:00:00,DEHM_BD,0.6766440189519594,0.7786837151020579,0.9096429077033371,1.1767935651189134,5.08658783400041,4.686279560852847,3.649105299513973,0.35391168099883935,0.3492340441072359,0.5667327923480712,0.136269074354628
2014-09-18 14:00:00,DEHM_BD,0.6744822422442189,0.720513327578064,0.8463332889012177,0.7003996355311036,5.055527711283965,4.0967026837925475,2.791235486428128,0.30388429513868864,0.3369032983794738,0.5649914629983761,0.14148862531403059
2014-09-18 15:00:00,DEHM_BD,0.650257935179891,0.6837319652534205,0.8476333081097748,0.671567125316821,4.9344225653585125,2.873508714293751,1.8381338522319774,0.28196114550089685,0.32205822643548115,0.559593426014866,0.14694861554679897
2014-09-18 16:00:00,DEHM_BD,0.6167582320478983,0.644996998688355,0.8189187777244182,0.53977062171171,4.5042281547220675,2.0060328916640375,1.1273988682868592,0.26325649393136513,0.3048823969053176,0.5276458777655144,0.15179069117361232
2014-09-18 17:00:00,DEHM_BD,0.5932587092985894,0.606538180318248,0.8520808346015838,0.4515273329519135,4.317490199445344,2.046505374338484,1.2535580239023933,0.24611121629603158,0.2908759949584439,0.485706546588968,0.1596638918126437
2014-09-18 18:00:00,DEHM_BD,0.5681039571231701,0.6106996328189205,1.0543815708309758,0.4080104956584838,4.8045856901205095,2.6071072237843738,1.3144891356422956,0.23361791529820256,0.2702989193821161,0.48527878051025813,0.1669733085000647
2014-09-18 19:00:00,DEHM_BD,0.5445753337347071,0.6304604887486939,1.287903715501364,0.3256690185081195,5.129967248219565,3.2856420688992958,1.6601098245646235,0.22745341399467356,0.25530847300564363,0.4562917236717376,0.17177435222731047
2014-09-18 20:00:00,DEHM_BD,0.5658966985655192,0.6737798764563175,1.5173815692941481,0.27861716168880823,5.239927381647835,3.46229075101919,2.043384205319008,0.22407697391965622,0.2657631559943582,0.4985376493904069,0.17577770781401972
2014-09-18 21:00:00,DEHM_BD,0.5756316521076927,0.7763226218175162,1.7432633905410142,0.24249549942542908,5.250103920136341,3.323854398806596,2.0428346269965707,0.21845291238502015,0.27774274050383546,0.6526090863281393,0.18272928612830422
2014-09-18 22:00:00,DEHM_BD,0.5922163280103349,0.8835406770329366,1.9015337976952802,0.23774602570084902,5.017258827184679,3.3711008620418945,1.961791227625765,0.2203130822279088,0.27433867984516386,0.8391256307477317,0.19716719899063356
2014-09-18 23:00:00,DEHM_BD,0.6154644618215488,0.9513582479201601,1.8751016690519609,0.6175574406481665,4.6341269378011205,3.5268252191564002,1.9862324192732523,0.2325852504367007,0.25435919063690215,0.9310620715250819,0.2343574437378525
2014-09-19 00:00:00,DEHM_BD,0.6447852120108243,1.0218934941089497,1.7979641417469412,1.2644939316675963,4.4766174213176,3.741347396731892,2.079339999827367,0.2810158736037834,0.2334962445981282,0.9373869461019336,0.3051692596032656
2014-09-19 01:00:00,DEHM_BD,0.7614080221892916,1.0377500108136304,1.8011602377062048,1.7242741388811322,4.490402267710889,4.067674614203192,2.483606400932533,0.35580939224347463,0.2231443193374904,0.9167028756281732,0.3230014523203856
2014-09-19 02:00:00,DEHM_BD,0.9576511393843847,0.970796748337924,1.8535941682281378,1.9791233518670903,4.53785224326709,4.440650902023226,3.0509256161321754,0.40390849427506303,0.22365116868701246,0.9212061985793709,0.33152194794438783
2014-09-19 03:00:00,DEHM_BD,1.0683039945366606,0.896905655929493,1.8950728677290658,2.1501640146112404,4.672985724704101,4.788788304144385,3.568852073261055,0.42254363916546106,0.23679418044380984,0.9539323440630733,0.3077127689860759
2014-09-19 04:00:00,DEHM_BD,1.1465252207264678,0.8282114096466955,1.8677862759255586,2.275819739867315,4.856422450616887,5.089879122422214,3.956841219211041,0.4248745507192611,0.2713704153478924,0.9913912659086286,0.2613070516496523
2014-09-19 05:00:00,DEHM_BD,1.2569587579198926,0.7973680755665391,1.7874072797333755,2.318215126838668,5.059680665131813,5.3205955902865965,4.199342903791097,0.4144307344072311,0.27535470547088486,1.0526214560484142,0.2270380745545214
2014-09-19 06:00:00,DEHM_BD,1.43047148400072,0.6707702416406955,1.5759547451222968,1.9638513851196169,4.981904157151704,5.082109547942948,3.8892504011899405,0.39595975694194424,0.2601676742804212,1.170544051898271,0.1978908268650714
2014-09-19 07:00:00,DEHM_BD,1.587336350873597,0.44389139265200456,1.270021793514043,1.6806473370127921,4.89883859350714,4.448027110438223,3.339462509352687,0.3863100381445884,0.25700056064785803,1.3341738508810848,0.17932869914811095
2014-09-19 08:00:00,DEHM_BD,1.6849714326212928,0.45139766904248385,1.0503405418753902,1.5540384489673778,4.6785322840555805,4.300325190380002,3.2010341144941674,0.34828509307309974,0.2692623834099573,1.4764453522581606,0.16626364292219264
2014-09-19 09:00:00,DEHM_BD,1.7864334761944973,0.47235045109305984,0.6644998310829698,1.3086183979134058,4.156537806110547,3.9208661542240506,2.8058408513915807,0.31205713536442253,0.28611131694991604,1.4494951309725734,0.15614028490236825
2014-09-19 10:00:00,DEHM_BD,1.788575539695206,0.49066074035074086,0.506644796754713,1.0649559630069738,3.6477555624115388,3.314722138367146,2.208792151569375,0.32390388753857446,0.3321322504006884,1.355014845697386,0.15114687029133195
2014-09-19 11:00:00,DEHM_BD,1.67807098321178,0.5063073051314754,0.5185678254652953,1.136411557049227,3.3073936964112356,2.7726795906105517,1.6325617141874782,0.3545218254940398,0.40916370239842675,1.2830454086659988,0.1550507871507375
2014-09-19 12:00:00,DEHM_BD,1.4587498759434885,0.5208291025467217,0.5271866533585964,1.2732503871662757,3.1852986976236037,2.1377632219908005,1.3336422686291018,0.36353672472584975,0.4546615366537123,1.1518460317759005,0.1807209939172141
2014-09-19 13:00:00,DEHM_BD,1.3711155951911047,0.5284892283111343,0.5369233009697099,1.28607731337221,3.0389937246530714,1.441795028372499,1.10866110323495,0.3752117524722496,0.4725501957177765,1.0301713018806475,0.22970805811925077
2014-09-19 14:00:00,DEHM_BD,1.2438007569303293,0.5237062187659972,0.540184418984237,1.2411020540738318,2.845997463459552,0.9004765909425623,0.8816658965023884,0.38514091805677847,0.4762810942388302,0.9682661838032095,0.26265460969320603
2014-09-19 15:00:00,DEHM_BD,1.0997420278028738,0.5000196614008686,0.5408468166817689,1.281127331451131,2.8593173750602356,0.782313140753982,0.5475487887367629,0.38098778267966105,0.47542818451593094,0.931351891801703,0.2507506220739759
2014-09-19 16:00:00,DEHM_BD,0.9793356853713153,0.4668355729636336,0.5311269369140521,1.2951286970734945,3.1963093281407304,1.4620971506477922,0.28540188569830516,0.3608478644644352,0.47686527875619494,0.9204637838144278,0.24866228838481463
2014-09-19 17:00:00,DEHM_BD,0.8940323037802416,0.6337246226290998,0.5385633185281063,1.5051028572434886,3.6343810269881516,3.4817559955574797,0.2598890805297914,0.3570691618025166,0.4811301842505139,1.0081736840272644,0.25216669950850307
2014-09-19 18:00:00,DEHM_BD,0.8656929240654636,0.9080462131020837,0.7388373086229015,2.172227307759686,3.9755828114723237,4.663152490198273,0.8916236840278434,0.37455290494241145,0.4749074081982296,1.401537269297589,0.25932061574165816
2014-09-19 19:00:00,DEHM_BD,0.9110421021553105,1.0785596944465794,1.129215850254847,2.9977126848782647,4.111090287233722,4.757396716361235,2.120910197668586,0.3837219399121822,0.4573719421098705,1.8436728087314056,0.2683372176663432
2014-09-19 20:00:00,DEHM_BD,1.3396192267498694,1.0417417094947505,1.5372297215813218,3.5958116623404215,4.480874173644796,4.868128970164058,3.2679313613851972,0.3837401791543105,0.44420005941699814,2.2356568408155137,0.27978274904314515
2014-09-19 21:00:00,DEHM_BD,1.8722518210566794,1.0445547960689519,1.932785086193403,3.9390053153794633,5.152107348444981,5.123528120991665,3.9463360739899462,0.38261322521952906,0.4509067012525756,2.6634128684672453,0.3205195216063423
2014-09-19 22:00:00,DEHM_BD,1.987056898981867,1.1159227629264739,2.19562559726082,4.278291225350521,6.004622695571897,5.336182833711469,4.331984450658037,0.3818627236659781,0.4747449016192252,3.0678435929101067,0.4195012631982534
2014-09-19 23:00:00,DEHM_BD,2.181009858971077,1.2128972096681292,2.2942753191392997,4.823298586020662,6.860461680032305,5.6047176198219795,4.713604959147371,0.3822968375059807,0.5178135806111153,3.0689060148010032,0.5242780706650565
2014-09-20 00:00:00,DEHM_BD,2.456423764199212,1.292297618174201,2.365814687699206,5.463615939379649,7.594090585727484,5.9945580726856,5.151384658404709,0.38159204013632136,0.5828606542025506,2.289806648398563,0.6418743829238599
2014-09-20 01:00:00,DEHM_BD,2.682904465831134,1.3870563389740886,2.4756548818636017,5.8364035772942895,8.065414460837447,6.452304243468772,5.536392553784313,0.3841238645017483,0.5952903157685323,1.9333718721418083,0.7149866824965924
2014-09-20 02:00:00,DEHM_BD,2.832035580670091,1.5358865249321836,2.5634567634163385,5.938804578117735,8.424296181125683,6.916465232991989,5.8928735494933315,0.3944328608722453,0.6139377708546817,1.8624703738988937,0.7042616473748534
2014-09-20 03:00:00,DEHM_BD,2.9610637205669823,1.7845195432007244,2.629002862690122,5.913908792051053,8.760301204716034,7.369133523213238,6.256244728308069,0.4074144864304471,0.6542543084214627,1.874604739062488,0.6545857108099757
2014-09-20 04:00:00,DEHM_BD,3.1131181888345094,2.046092279043676,2.6754668157566344,5.87277731616678,9.086535871659244,7.7465526474713196,6.178939981151826,0.4207272356076209,0.6672205077856779,1.870496148750186,0.6208992488252743
2014-09-20 05:00:00,DEHM_BD,3.1844748364284015,2.1645894458233808,2.689154612585609,5.775863806274442,9.322725759661852,7.563961510560256,5.713222662124276,0.4317791937315903,0.6518605980790592,1.8040154702652993,0.5732532571053877
2014-09-20 06:00:00,DEHM_BD,2.9216577656593263,1.99481307466581,2.594528686821949,5.156582044579916,9.073251352958707,6.912178281973125,5.097451503417788,0.4363660393141514,0.62185323445525,1.7221667336835713,0.4718130045697464
2014-09-20 07:00:00,DEHM_BD,2.5363001375379692,1.3681927276003596,2.3220999275705596,4.106175831196897,8.547040446995137,6.238139186150576,4.574869107297022,0.437565988296198,0.6171371055916697,1.6729138003760575,0.4021642526642884
2014-09-20 08:00:00,DEHM_BD,2.2064981864882585,0.9315510572242118,2.1181903088463794,3.7325841538405644,8.392584130247268,5.751925207863887,4.280863836014601,0.4266047631379711,0.6176079768617078,1.6836481380810588,0.36013881300251915
2014-09-20 09:00:00,DEHM_BD,2.01485751523393,0.800226642481503,1.8691225563975875,3.6767553340483983,8.047052880728513,5.5241683072967165,4.160300575445377,0.43346498606269124,0.5967974031578934,1.5458026472239381,0.35038212174673555
2014-09-20 10:00:00,DEHM_BD,1.9869339906526964,0.8939189502508496,1.545497750063411,3.564527355879209,7.729028715410019,5.56839241469201,4.108144265860831,0.4528728592149889,0.5431107941092411,1.3150620737660956,0.37744408159414294
2014-09-20 11:00:00,DEHM_BD,1.9315107097767443,1.1958638585111334,1.2515979384020175,3.389859526479941,7.123714114773742,5.888759768571742,4.178068114264069,0.46027532227411855,0.47835273586076676,1.2652942721548535,0.434028927669581
2014-09-20 12:00:00,DEHM_BD,1.874442395767055,1.343249202147026,1.0809465074491218,3.4569433935470975,6.022414395512394,5.76317196030627,4.027574504926097,0.45182256995599934,0.4647261282251855,1.3993327080822504,0.48688398996124965
2014-09-20 13:00:00,DEHM_BD,1.7649226411143848,1.47184945978723,0.9389544955587261,2.7924476411467696,5.242381622884102,5.169750945908042,3.9647763727859586,0.44818678701594805,0.49533233555819123,1.5276001410799473,0.539535159889357
2014-09-20 14:00:00,DEHM_BD,1.6142743806672644,1.4642755977154034,0.7770304040340734,2.0956651669449795,4.823805681462865,5.535523687725479,3.7208887658994705,0.4388998749700535,0.5265487253793905,1.5435661427994025,0.5805153515502344
2014-09-20 15:00:00,DEHM_BD,1.4872081863389721,1.3023882339696393,0.6465693212624649,2.2094174939500157,4.842750629252759,6.000441241766844,3.7026999532489233,0.4189822441631392,0.5040673426196659,1.4194680834315043,0.5966274600038955
2014-09-20 16:00:00,DEHM_BD,1.4131885846305428,1.3709467206121497,0.5692945204826697,1.9631437287820874,4.891851945586433,5.288922807125987,3.5646504413342583,0.38740777546707966,0.45976458450990837,1.2586141117886964,0.5946306665889686
2014-09-20 17:00:00,DEHM_BD,1.3568205276304384,2.2080496889814802,0.5400816008190386,2.449834116254974,4.825843631787468,5.939627966885927,4.808123608307878,0.3563386045391811,0.45180584051713213,1.3901702694201004,0.5854538942859623
2014-09-20 18:00:00,DEHM_BD,1.3538709039824421,2.663709661467241,0.6640163342645508,3.047776177589146,4.2488357108858645,6.89566206081296,6.741425877991425,0.3394326444642312,0.5453632101459615,1.9181585378488863,0.5651923458163578
2014-09-20 19:00:00,DEHM_BD,1.4607222086065221,3.394950807365214,1.0291313677618499,4.170311702896278,4.09598373761762,7.0111360213282685,7.546962153676375,0.36128490577242317,0.8677107113889306,2.705782576075477,0.5472274832072853
2014-09-20 20:00:00,DEHM_BD,1.8724998148364969,3.4214610036582513,1.6101967596722506,6.731216656991825,4.127257620502711,6.553906752479331,7.9013482202938725,0.4163422064248379,1.3420441043301858,3.592742457978793,0.5347357283573381
2014-09-20 21:00:00,DEHM_BD,2.8664534634934924,2.4637650633000296,2.5100014130255985,8.426844534674434,3.7959707827437663,6.003309493226256,8.868894600547483,0.3634899428683379,1.7370600921629369,4.642614830613016,0.5252517114467857
2014-09-20 22:00:00,DEHM_BD,2.8498772310750873,2.6703007300557324,3.120509720269378,8.917221052860738,3.296252209465318,5.323347414666005,9.254472560645787,0.25361632181955485,1.85503560221985,5.59386472352408,0.5180853242747252
2014-09-20 23:00:00,DEHM_BD,2.623641635440523,3.1759282047111883,2.010000612342137,9.54803165931826,2.6290927811224196,4.459181238809321,8.4515407393579,0.19365671229491924,1.795338827746287,5.628198196108863,0.49257488227684976
2014-09-21 00:00:00,DEHM_BD,2.693410845923207,2.8058918788180067,0.4756514085384934,8.626374915051302,1.6940929657445567,3.666011718674563,6.81706106081265,0.21512804853480297,1.7686172039955856,5.21671487444222,0.4371982870094943
2014-09-21 01:00:00,DEHM_BD,2.488698792490961,2.8279217598283517,0.3517175127036355,7.002072721600444,1.0747806641387845,2.7332786278613614,5.373064879121315,0.24036653215795747,1.8518549571530523,4.4050545619753,0.39874678345126086
2014-09-21 02:00:00,DEHM_BD,2.360339436333371,3.1342890482055106,0.3822851130198966,5.6967526877148025,0.7144761646473035,1.7356393065411388,4.01797435673235,0.2407195418023689,1.9918488052734733,3.7776409297138454,0.3684387099435086
2014-09-21 03:00:00,DEHM_BD,2.1477534820556548,1.4206980470301385,0.3035565623770839,4.45082397965481,0.5124395394842046,1.1776251973892573,2.48402189385003,0.22572073835117723,2.099069800027907,3.1607164381062987,0.34266989733229375
2014-09-21 04:00:00,DEHM_BD,1.8493456249463929,0.5479925437367101,0.27716112526087083,2.8885763724526656,0.5147333012521079,0.5934498743395812,1.6659769842807424,0.2107128100229613,2.1156782299911976,2.924596432753802,0.3255794913231487
2014-09-21 05:00:00,DEHM_BD,1.3479212833195924,0.44320832528193244,0.26587197211185465,1.7174062459877226,0.45496859563495945,0.447094053038,1.375593687843522,0.19450039226632548,2.0234452383738755,2.946730403865874,0.3152550480372737
2014-09-21 06:00:00,DEHM_BD,1.7323481240693015,0.384158160188638,0.2513792250754124,1.24998505468655,0.3261911943034361,0.47206922811512464,0.7395886261015976,0.17545798706861196,1.8042163735878467,3.2195240191689134,0.31802055421072034
2014-09-21 07:00:00,DEHM_BD,2.3626207729643127,0.34076121174366425,0.24947482782343391,0.6992192259257399,0.23000152531759802,0.3850309406956401,0.594556070479815,0.16053956772929043,1.5182655397653582,3.319385942063928,0.3200050677034723
2014-09-21 08:00:00,DEHM_BD,0.9723664775849784,0.30080896463778434,0.27880292412727126,0.5325709695211082,0.1831856063732736,0.246291883846151,0.5425773974361817,0.15042490106508125,1.311721212027669,3.1054783647823334,0.31263541692060176
2014-09-21 09:00:00,DEHM_BD,0.4912540553955361,0.2448088693737942,0.29216552059024564,0.5081869091205964,0.15025675865381946,0.17591964845742789,0.42435035035911445,0.12782901973058455,1.3469361296448112,2.4260459130495784,0.306076724204854
2014-09-21 10:00:00,DEHM_BD,0.43773708728291094,0.20208090293501843,0.2648680552404094,0.48398562894052355,0.1323195850446447,0.16130035474817725,0.3028055691060708,0.09645001345706163,1.4906647426396609,1.3586597551455069,0.301345532511107
2014-09-21 11:00:00,DEHM_BD,0.41633702719241367,0.20470922483773427,0.23427951151220117,0.3578015715809179,0.12595877279860893,0.14836526708436076,0.20849897947146545,0.060139303600788015,1.4479902092657984,0.741354691269435,0.295131158981662
2014-09-21 12:00:00,DEHM_BD,0.3780557188493572,0.20796762482361614,0.2191567085454634,0.3026772656920647,0.12842489311695093,0.13328721701554466,0.22260484115235937,0.04287966716116743,1.113606256380379,0.658551297584977,0.29365876882734426
2014-09-21 13:00:00,DEHM_BD,0.2671232626941705,0.19299947405878443,0.20619547768093052,0.29535542209100873,0.13373976579900815,0.1324196780917617,0.211705961964942,0.044275989765731924,0.8299388237207384,0.49942787210807194,0.2770816265122197
2014-09-21 14:00:00,DEHM_BD,0.16140748789474363,0.16207941217238647,0.18384545674957556,0.27090928708264445,0.13332427977785463,0.13337228286521965,0.17400757620878302,0.04807410869171821,0.6480124103687702,0.43742210194068026,0.24949677319323812
2014-09-21 15:00:00,DEHM_BD,0.13196502865176646,0.13242103019787504,0.14457915049437922,0.22424966128477863,0.1135204293094575,0.1331865788110484,0.16055335687079478,0.052986188265750994,0.39740178220453204,0.38385891408561246,0.20972670169494337
2014-09-21 16:00:00,DEHM_BD,0.10865568396488544,0.10038671177870452,0.0950430102915532,0.161656852930351,0.10147485437032756,0.11384092708330817,0.1496986645266951,0.057362573084706554,0.14123295525169652,0.1907352794779486,0.16863699206883806
2014-09-21 17:00:00,DEHM_BD,0.11172366524231817,0.11238232891849984,0.06681713689561693,0.1362562904772987,0.09573721219676534,0.10446191301272183,0.12787695154171394,0.058152375152527684,0.06998042029400457,0.1650228464662468,0.13680909396539462
2014-09-21 18:00:00,DEHM_BD,0.10088826181672048,0.10917132643301945,0.06292416435308613,0.1146987151539755,0.09410971590369693,0.10715484987698083,0.14343409374873517,0.05805671006658055,0.04768862536498992,0.13396865895864538,0.11629451728778184
2014-09-21 19:00:00,DEHM_BD,0.07443594260084951,0.09168568957030483,0.06327092909829622,0.14954399646093472,0.09923105408295037,0.10764350134348799,0.1658429734626332,0.05629365975209599,0.03733081898751952,0.07195695895450234,0.09964681762503738
2014-09-21 20:00:00,DEHM_BD,0.06746588686048344,0.10734689736052061,0.06484319352543556,0.19636544645150417,0.0930421405707368,0.10700292828606728,0.20122804465583988,0.054173264714218336,0.03688663406212108,0.07123415183661257,0.08777872939223103
2014-09-21 21:00:00,DEHM_BD,0.05550718943312622,0.09310606848315361,0.05823968948108857,0.17953160566146364,0.08842919881214839,0.10221329391719201,0.20002567045009034,0.05012677424835668,0.033129868536573286,0.059803772511550335,0.0827164833766088
2014-09-21 22:00:00,DEHM_BD,0.04678035091057725,0.05666975242034476,0.0489307976861538,0.17700501144737785,0.08674135980811422,0.10131826835096658,0.18426785799599132,0.042053716821677384,0.0291166539440086,0.04339467774667731,0.08527736192152112
2014-09-21 23:00:00,DEHM_BD,0.04210665421122953,0.0465421900802496,0.0482063532757383,0.1853716638117076,0.08622433286377217,0.10166835801919646,0.18348267499452642,0.03765554779138404,0.028300864168159485,0.03736683988517978,0.09490980833727042
2014-09-22 00:00:00,DEHM_BD,0.037788345547971856,0.042908842677443076,0.044331165258128434,0.1851501363898727,0.08401730395984827,0.10027179640181325,0.19723632454406126,0.03759958105661295,0.025906612838760328,0.036258361728929864,0.11038252212092461
2014-09-22 01:00:00,DEHM_BD,0.03400484774201754,0.03900749627366436,0.04154399559278903,0.15987729806339862,0.08014347542796738,0.10025992958493754,0.1806780970751662,0.04091705928473367,0.0237733028977538,0.030864791714203314,0.125425070932432
2014-09-22 02:00:00,DEHM_BD,0.032199443012934224,0.03823373538373266,0.03833302024340222,0.1566777839395061,0.08004154374436462,0.10168031506349766,0.15715927932869203,0.044174870465522514,0.0208026612455477,0.026689032703440863,0.12490435347042915
2014-09-22 03:00:00,DEHM_BD,0.029808194666912508,0.038725823800680514,0.037123352711992325,0.1296675224791501,0.08204710085908867,0.09846873115686831,0.14238516278994665,0.044778183673870056,0.019098248847916013,0.02457048766956929,0.10521087714291752
2014-09-22 04:00:00,DEHM_BD,0.029168780901547276,0.04066502426840918,0.03901975132784461,0.13856441054051183,0.08821796315599216,0.09655278797670382,0.1493408684037732,0.04265998977479482,0.017381444055042137,0.023293387196547163,0.08212860196926852
2014-09-22 05:00:00,DEHM_BD,0.025762898428734818,0.04282043058036937,0.03907209266485843,0.1508450346540781,0.09593503779777772,0.1020872423506871,0.14847049752738162,0.03913793052074058,0.01871993530921157,0.021414343751749207,0.06703613547327444
2014-09-22 06:00:00,DEHM_BD,0.020315407857881843,0.039381539634975475,0.03959564647423037,0.12327240532844692,0.10331326061108131,0.10341846843845491,0.12668003324087174,0.03801682362155603,0.02110404771975699,0.018335527843022184,0.0585261131776611
2014-09-22 07:00:00,DEHM_BD,0.0173883561321996,0.034061578354661066,0.03771565840947152,0.08435106379092484,0.10230599210609677,0.10153934352134285,0.08996317382756785,0.03619418742863536,0.027569321236247085,0.014932579774478667,0.054446620622137426
2014-09-22 08:00:00,DEHM_BD,0.017688234688796912,0.0347500576916082,0.03497406737436934,0.08365949881008475,0.10886349657534605,0.10363335674225461,0.08699806943079677,0.03748520241219248,0.03906987556228412,0.012090614891923031,0.05092179688917457
2014-09-22 09:00:00,DEHM_BD,0.020667152906920533,0.03813611024803646,0.03481014990340117,0.08379781508862294,0.10612889123147806,0.1002145277468463,0.08469928281017457,0.04016748626666375,0.04504346142844282,0.010625392949291958,0.04779779772235071
2014-09-22 10:00:00,DEHM_BD,0.027768981666018277,0.04333272465831444,0.037552230385770886,0.08873531557148379,0.09514853498100755,0.09232126465380867,0.08591709578794299,0.04342665531939632,0.049870814168527594,0.014483605465342882,0.04441929156852401
2014-09-22 11:00:00,DEHM_BD,0.033671030411745045,0.04889330966431123,0.04223290682428483,0.10425031273170594,0.08523852469981634,0.08635950236241549,0.10339751268579672,0.04779569687164665,0.0536593621396225,0.021345951319879333,0.044480282779536126
2014-09-22 12:00:00,DEHM_BD,0.03720046228214579,0.05309001379943028,0.047387464357673575,0.13629794034983395,0.08595093623528242,0.08630301243867243,0.13469469758180072,0.04874456092750266,0.06115876548763341,0.029870020688643445,0.049221558611893396
2014-09-22 13:00:00,DEHM_BD,0.04269736579375488,0.05558041752645527,0.04984487785510425,0.16640890013005424,0.09486884410665364,0.09565960648809545,0.1706046035210516,0.04845318054176138,0.06593855260992687,0.03721990037964413,0.04930963219487558
2014-09-22 14:00:00,DEHM_BD,0.053536690458686705,0.05678479307034189,0.05143799814071166,0.19503181524546803,0.10569006048588064,0.1021560855720564,0.19141340279675417,0.04980885280719392,0.05963159189972424,0.039549766127228964,0.046269571506315714
2014-09-22 15:00:00,DEHM_BD,0.07676739780955531,0.05504141639445833,0.05358854107314,0.20080904469706556,0.11290182685341682,0.10574916142359302,0.18839274045449905,0.05006186596246119,0.051280785594024686,0.039946053322464196,0.04305466478774814
2014-09-22 16:00:00,DEHM_BD,0.09284378782180062,0.053434505256671004,0.054537942921549946,0.1824404610135193,0.11358401345055066,0.11230481663083212,0.17556395994455398,0.04832435272463511,0.04820039075228389,0.04860407580892563,0.04107177256021399
2014-09-22 17:00:00,DEHM_BD,0.08767353678642731,0.05272392403283461,0.05494448174764804,0.16309918280030403,0.12335023460031475,0.12338608796647765,0.20659077812845084,0.047816518769029516,0.04610955262154841,0.06991495352998946,0.041076041272545584
2014-09-22 18:00:00,DEHM_BD,0.0698211901246788,0.052954699745410824,0.055171157812801255,0.24014659370298141,0.14326835528855197,0.1413100815129582,0.260031345606068,0.0476429014146724,0.04397998386577465,0.07933710176243786,0.039205263267134804
2014-09-22 19:00:00,DEHM_BD,0.060750233901681175,0.05492963987985304,0.05482559016132214,0.30720974907661314,0.15102373297724855,0.15476422631046324,0.2779765389416872,0.04769382155476717,0.04126935667581568,0.06845739037029397,0.03851000110853338
2014-09-22 20:00:00,DEHM_BD,0.05653627497250815,0.06948297478778194,0.05688585246006423,0.3676852203624142,0.16830173595028924,0.19773625400617006,0.35216804976998484,0.047827559862581866,0.03931365435480973,0.05937800574820312,0.03818894016676919
2014-09-22 21:00:00,DEHM_BD,0.05183912118673807,0.09903943654994243,0.06440412847326389,0.4296169605507677,0.19191156689534886,0.2610846201380551,0.3738321407350768,0.048387042017408316,0.03855824677339202,0.0541115898876887,0.03828103462953928
2014-09-22 22:00:00,DEHM_BD,0.046718405841494955,0.1345735106723179,0.07720451283724528,0.4187453090148302,0.2188183127019367,0.31583534418431336,0.3906803046461647,0.04869543782086843,0.03845314277411553,0.04861115096020103,0.0390230224004893
2014-09-22 23:00:00,DEHM_BD,0.04330220875080843,0.17773720349960814,0.11146736331346863,0.4158134014023933,0.22882411330760447,0.33768963952430053,0.376861600241599,0.04832670797372886,0.03779818883048112,0.04359240572493486,0.04000578677231399
2014-09-23 00:00:00,DEHM_BD,0.042827953696658316,0.22002313390454548,0.1640727339644968,0.4420735292161046,0.21479040544012554,0.36975292766645196,0.3894960163747622,0.04727668533047684,0.03768965088268232,0.04021685089602625,0.04088698639981816
2014-09-23 01:00:00,DEHM_BD,0.04210859237330949,0.2543258056418933,0.2376014758064593,0.44218553239556146,0.2103369139863852,0.4961797535913577,0.37213318602118406,0.04690267704190224,0.03902524823129869,0.03825033922020982,0.04136947965037052
2014-09-23 02:00:00,DEHM_BD,0.041645119532091726,0.30279646539460614,0.3031797929332967,0.4549803084626316,0.2528305764980614,0.6947714738378599,0.34157420883064593,0.04724585277894574,0.04087545791219024,0.03777301487796155,0.04206262020667213
2014-09-23 03:00:00,DEHM_BD,0.041095924660570306,0.37212338384921095,0.4037557590674942,0.43643703514277804,0.2898181223730195,0.8779909371231822,0.370611039988221,0.04675189166275529,0.04281252669443061,0.038067174939168086,0.042924577536916995
2014-09-23 04:00:00,DEHM_BD,0.04069442161422442,0.4739750107475598,0.4163884444350924,0.4620988861886157,0.34768750521678593,1.0131917039868654,0.4288566266722159,0.04530866374502615,0.04396316264745437,0.04144284573347593,0.04321762560415947
2014-09-23 05:00:00,DEHM_BD,0.0397464012940716,0.5792877364630594,0.36503275073953934,0.6206808562212587,0.4462362092787958,1.1269985204648225,0.5269628122616513,0.04454332205666567,0.04362694898385419,0.048658652741983555,0.043939814853204744
2014-09-23 06:00:00,DEHM_BD,0.03947616908276902,0.6266845079511267,0.29323107983937824,0.7313609676804904,0.5398212697456846,1.259953229812905,0.6332379424714296,0.045723120534164954,0.0399989941472689,0.04567621797851283,0.047470168657237466
2014-09-23 07:00:00,DEHM_BD,0.03919458831914465,0.5353944403003568,0.18402757928617064,0.7570997373400254,0.5653964792293867,1.2597207099685819,0.7657237422478744,0.06443385348038741,0.038724486328467554,0.039540128085902695,0.05078375545682373
2014-09-23 08:00:00,DEHM_BD,0.040623690342825196,0.5372625834873866,0.10126640503311782,0.7553581720583744,0.5673898265827608,1.208597083944641,0.917745792667251,0.09691836283809033,0.041196016577174824,0.03795651054339879,0.052615339321063256
2014-09-23 09:00:00,DEHM_BD,0.044613762867581286,0.41649951017951703,0.08931396485064508,0.7414743325075662,0.7186062043234426,1.130117699859106,1.0257758409978006,0.1598622100437268,0.041710582224966694,0.03858273949840614,0.05482885231068346
2014-09-23 10:00:00,DEHM_BD,0.050827763230384355,0.22575398155557042,0.09434184949239699,0.8337292952116987,1.0813700211739539,1.2058050890845076,1.2224284931089868,0.19788652263220385,0.041848256372840585,0.03899941046081884,0.05712681409717057
2014-09-23 11:00:00,DEHM_BD,0.054620073845417866,0.1804037036926297,0.09533981786500186,1.1169709036784718,1.3672651024603844,1.509878398010741,1.4203400609271493,0.146497516160421,0.04374029010349628,0.04021171065422136,0.06187009689158515
2014-09-23 12:00:00,DEHM_BD,0.05876884828280646,0.15395186330086133,0.10186276958625283,1.2648069433040439,1.5140026460358873,1.9193277146521874,1.5794906544317775,0.10879207641072548,0.04988390964341511,0.06669108930043542,0.0670296169889252
2014-09-23 13:00:00,DEHM_BD,0.06348945326896133,0.15568486855406793,0.11451227681024226,1.1454678061480843,1.622644298465699,2.3482534891337212,1.7828282540413436,0.0996067893450893,0.06676700314725381,0.07984439114575059,0.07056171573496868
2014-09-23 14:00:00,DEHM_BD,0.07084479082924301,0.12444821911173357,0.11646919170096162,1.2784100822881221,1.708927652928494,2.6362467448252414,2.0829881898873728,0.10656802365999432,0.08381348627053295,0.08961306516176273,0.07386726291518639
2014-09-23 15:00:00,DEHM_BD,0.08931922012083443,0.10150163724273552,0.13792730199314374,1.5212262982016935,1.8836674738586696,2.746872649892791,2.370430088498308,0.1127059477881272,0.08822105169075174,0.10060776876163434,0.07610886110193549
2014-09-23 16:00:00,DEHM_BD,0.11719286448037709,0.10301738353077892,0.20494416071710872,1.6656952882781781,2.2996006417401507,3.0443170308044043,2.6008775311273973,0.10987497523900926,0.08441575608687084,0.16812331138068382,0.07532597540795793
2014-09-23 17:00:00,DEHM_BD,0.1002848592018638,0.10398005991983027,0.3318379108262643,1.882449055680677,2.921959717519325,4.0219504761790255,2.946887747272638,0.10277528495173838,0.09130816938074142,0.39330419066859346,0.07729723870523729
2014-09-23 18:00:00,DEHM_BD,0.11084600510816998,0.10741762529782443,0.5253685686787753,2.0057058616325683,3.1740644400820317,4.7325523577150825,3.2732234777034654,0.09919826272549094,0.11679045279956471,0.6318359430318135,0.08022176531255697
2014-09-23 19:00:00,DEHM_BD,0.17144411428465955,0.13032892342695027,0.6661684392550632,2.0273725424145175,3.22167519822639,5.529683280153505,3.837240557297334,0.10044040166524754,0.12396167602656857,0.7019567673972614,0.08238054176045576
2014-09-23 20:00:00,DEHM_BD,0.22257748076272532,0.2728850589356989,0.5109574425178184,2.0833726781299338,3.3947377905059613,6.248692367340991,4.186211253590485,0.11191675650000912,0.15120195762854988,0.40650714197172083,0.08348578054306799
2014-09-23 21:00:00,DEHM_BD,0.16437317237828378,0.6218175497879005,0.37956921783352493,2.0513915368213484,3.691223132853289,6.7693101174457135,4.342730214980065,0.13474747173473225,0.1418650629438506,0.3626124781726486,0.0841322534247806
2014-09-23 22:00:00,DEHM_BD,0.16678299958564793,0.9544536910588305,0.45946056647832956,1.9887518227848293,3.8834677344593875,7.2713246858624805,4.60430818268469,0.14748258036073278,0.13053778655984902,0.6684677423301245,0.08343010659116104
2014-09-23 23:00:00,DEHM_BD,0.27303112780204486,1.0379709878392167,0.654212093179319,2.2663961916940023,3.9219316576055765,7.565170207728834,4.458168817820188,0.15258658016901688,0.15239648604931302,0.7461100491992617,0.08165848939783421
2014-09-24 00:00:00,DEHM_BD,0.7432296181787222,0.998287861935458,0.7387772259112448,2.7951524076385685,4.0161607718209416,7.833770956884673,4.252308584089692,0.1561963575978924,0.17807982137327533,0.5658197750737889,0.07938907249186877
2014-09-24 01:00:00,DEHM_BD,1.0258555322995682,1.1248271034353134,0.7864283582621568,3.2560001417046243,4.103550396873839,8.397257987161844,4.412320307822932,0.15350300598218677,0.1841196378503086,0.38076269016558517,0.07683616452714652
2014-09-24 02:00:00,DEHM_BD,1.1744163589844572,1.2871063882823952,0.6805441370988939,3.3805586827724325,4.077583725281284,8.68050685541106,4.47950414987522,0.14093034362198842,0.17455504941951933,0.772184035476283,0.07704154829798984
2014-09-24 03:00:00,DEHM_BD,1.7861029162536795,1.2810005040055734,0.5483114623094762,3.2978088185560623,4.057724454630297,8.357448144572565,4.4955725561907185,0.12317971730121162,0.12714899256801224,1.3406885622824465,0.08054442200749228
2014-09-24 04:00:00,DEHM_BD,2.2667717876646813,1.3631962895302392,0.46113218357680974,3.2665035667983546,3.9186610404711777,8.570722719881166,4.796423724088076,0.1074099800051631,0.13161734719129725,1.9213081354797534,0.08619476023233669
2014-09-24 05:00:00,DEHM_BD,2.552682961812095,1.5835970067324139,0.2864675527760179,3.4373005852155236,3.8053855401345995,9.01647259857019,5.9928598079266715,0.10485102379758825,0.19476476878438587,2.501123329002829,0.08241180682115637
2014-09-24 06:00:00,DEHM_BD,2.5173307826006064,1.8759014735276112,0.17867800621040342,3.541816516883626,3.0879156548760545,8.964887020573604,7.105113719495886,0.13453597625051614,0.2837409151210309,2.6929125949649935,0.07015072086530433
2014-09-24 07:00:00,DEHM_BD,2.9217440707623332,1.8970253935891621,0.16710638697149058,4.157493078546585,1.6037638767497102,7.723893351853102,7.233887514875981,0.171223842397481,0.3099919550453312,2.9877690777590358,0.06437703011365456
2014-09-24 08:00:00,DEHM_BD,4.134699181471356,1.5884246302432312,0.15786194440580253,4.6380363813842855,0.955498453189535,5.703821535678683,7.061033457177296,0.18093579565912477,0.2668206184080987,4.016300276223002,0.06773744276366138
2014-09-24 09:00:00,DEHM_BD,3.3955927001489448,1.0498080488573638,0.1506514982370617,4.923292053462079,0.5798165466237811,3.7104679716778044,6.598601100025169,0.17484623092833892,0.21567944441095904,4.797450971385352,0.0754222532768162
2014-09-24 10:00:00,DEHM_BD,3.4966888053923046,0.46752817365805877,0.13670258632014198,4.873290015879632,0.4786111337790078,2.2186638217707353,5.0151436677434535,0.16569574018008998,0.1742423524075558,4.458618235312211,0.07711738832060402
2014-09-24 11:00:00,DEHM_BD,3.65260640491394,0.24211550972476026,0.13364832094306492,3.9954211700981928,0.8028159198159166,0.8116081223920707,3.3989671129148347,0.15681245002236197,0.14058190402021617,4.4453052819394205,0.07365546283115622
2014-09-24 12:00:00,DEHM_BD,3.6528407172465314,0.17568375057432695,0.12537361691572924,2.76137812996909,1.0368501890565174,0.3607995087779313,2.103639234497803,0.14872679438240816,0.12143069855807342,4.184146525972684,0.07139087180282336
2014-09-24 13:00:00,DEHM_BD,3.2932383141087707,0.16688352295033587,0.10655687969001525,1.8032256051527877,0.6796681888608354,0.6785855952062521,0.5339180804555257,0.14415456987624967,0.11976180708467947,3.693732285627737,0.06970565433688211
2014-09-24 14:00:00,DEHM_BD,2.5142649212264683,0.1386620543038547,0.10941503574506349,0.5772166629056771,0.33505075653607014,0.8105938419382657,0.280908395480409,0.14111168318213876,0.11948649144974526,3.516844126186964,0.06795165992264153
2014-09-24 15:00:00,DEHM_BD,2.163351903241831,0.1115533513254671,0.10084816742176318,0.250264959758513,0.24965831538235755,0.5222057070166,0.5153862991875937,0.13479799298300402,0.11255836422464337,3.836481923995722,0.06507824652074601
2014-09-24 16:00:00,DEHM_BD,2.1529628143799573,0.12499548393273707,0.11296897844809856,0.4630205930839097,0.18138588952135282,0.3309099188759155,0.5511323605127262,0.12796668438290698,0.1118336281074361,4.021639419973537,0.06755385349743057
2014-09-24 17:00:00,DEHM_BD,1.0660134980777292,0.18326950727304792,0.12345330291517645,0.5588361394580613,0.16619911864330048,0.29168935246052763,0.5645040091007819,0.12996596562691284,0.1370624511804116,3.948149502726097,0.07036183074545217
2014-09-24 18:00:00,DEHM_BD,0.16384027569387563,0.2755760977921391,0.14173513802299026,0.5020342637022605,0.13557185331959262,0.26747463098518953,0.6522495495015507,0.1343948995642096,0.21831392889364606,3.584205963460123,0.0717895616352398
2014-09-24 19:00:00,DEHM_BD,0.05082050699158082,0.3703045049321813,0.1601031108877295,0.4590565702825915,0.13447037427373226,0.2743186808494073,0.8305155435923071,0.11023542084353616,0.33923506517043334,3.458637609988922,0.07283855060399957
2014-09-24 20:00:00,DEHM_BD,0.10634418782726847,0.45114038853408933,0.1450216797661546,0.5460671933059316,0.19508732600715004,0.2970097865228154,0.9262230322126191,0.09570208787536229,0.438230058194585,2.5636474726846163,0.0738114001670863
2014-09-24 21:00:00,DEHM_BD,0.15418008758964938,0.47758017483707516,0.12599681781247252,0.5708179022744075,0.18050697159044424,0.3018609389129828,0.5431309767853961,0.10114154864720977,0.4615049334548412,1.0905453771257958,0.08252415800111128
2014-09-24 22:00:00,DEHM_BD,0.16384446218082666,0.4302070112272467,0.10536141815346886,0.6784427629588823,0.10458339696063652,0.2961951193557687,0.41724187536694834,0.060136527061639196,0.41252987305372935,0.2235847753967923,0.09663352572329675
2014-09-24 23:00:00,DEHM_BD,0.1959034089816791,0.2885581335225642,0.10370297533998658,0.6296802048045225,0.08307458051447743,0.23120673040369516,0.5028313316541106,0.0329882469960114,0.2823239944890885,0.15165888336877684,0.10333046592674905
2014-09-25 00:00:00,DEHM_BD,0.20698190940484973,0.21066537621345593,0.10941720260454774,0.5458378254107937,0.09806392790883768,0.15268507023760608,0.563522622717123,0.04100858268326144,0.2431106776826083,0.18241787575843443,0.10822604865411167
2014-09-25 01:00:00,DEHM_BD,0.17775349918082342,0.2228870090770871,0.07179927231416329,0.6139917756655969,0.13179781771391616,0.1473604265258021,0.3542886044923743,0.0567788141255405,0.2749519217683373,0.2347618858610417,0.114218872083508
2014-09-25 02:00:00,DEHM_BD,0.12680551652842417,0.17106967051567892,0.077683435990638,0.41893823078838976,0.1723474950947239,0.19051642792677587,0.20092714819523355,0.05925349145834556,0.28007641735732547,0.28777732289594243,0.1184529151897248
2014-09-25 03:00:00,DEHM_BD,0.11524070672661756,0.09069248822772454,0.08106082388619412,0.2609825586936025,0.20837472021415823,0.2820328708003833,0.2571977285580149,0.05817414838586442,0.2600233407251536,0.29242979191453244,0.1135967033691156
2014-09-25 04:00:00,DEHM_BD,0.08322820778150326,0.08578248106196959,0.07302774822714607,0.3157207981927325,0.24169239135682574,0.3593696666449215,0.3034346947581914,0.05274587137901331,0.25746964105635867,0.17111440310860038,0.09579988332373437
2014-09-25 05:00:00,DEHM_BD,0.07551496201357677,0.08354246992139458,0.07883831692601422,0.37326952458526874,0.2640740498927235,0.45165633217166495,0.3676392173936211,0.04551076604315539,0.19389403731867663,0.12010300382084199,0.08303420500481262
2014-09-25 06:00:00,DEHM_BD,0.0909687696246927,0.08751533828543567,0.08377953358313289,0.4483264684381725,0.2796420933703331,0.5008890840435668,0.48208219825531406,0.04229144360030051,0.09606523036535813,0.07847002919664363,0.07663824427374392
2014-09-25 07:00:00,DEHM_BD,0.08908070511597552,0.09873400438076045,0.07751146200436855,0.5006111761991452,0.2916156171289085,0.45499325001951185,0.5308853022233075,0.04311778193864719,0.07972337643179557,0.0962577436613849,0.07228816179889701
2014-09-25 08:00:00,DEHM_BD,0.08263491784530863,0.09896000317334881,0.08214883638579627,0.5218538193110976,0.3019676638409121,0.4528188798923882,0.5466989021644298,0.045995000931018604,0.09082038211351134,0.10495317271222342,0.07029930479011959
2014-09-25 09:00:00,DEHM_BD,0.0809442128535458,0.0877126723054457,0.09678850942862972,0.5572002772438502,0.7173404709324426,0.4689633503071766,0.5466084744441235,0.05033367963101936,0.0846588132867298,0.0991270880633499,0.07505751037352075
2014-09-25 10:00:00,DEHM_BD,0.08627575343919787,0.0695501173712268,0.09623657278446078,0.5675745443552301,0.7679030765683762,0.8576211017627244,0.5585239337552594,0.05869637881255922,0.08795528023222915,0.09930764940669749,0.08474882200537932
2014-09-25 11:00:00,DEHM_BD,0.0951890981557779,0.0623083619822811,0.08768694248402716,0.646199155813016,0.3309705253501608,1.3712514653314556,0.7906822740790943,0.0703619985273421,0.09516570059928334,0.10145373135357147,0.0882282426402903
2014-09-25 12:00:00,DEHM_BD,0.09647846754153055,0.07774841922782377,0.08810994876184497,0.9633634861295541,0.23370998987593677,0.949112662757677,1.5304504746145147,0.07787673541152779,0.09080187267811025,0.10120976809741909,0.08997697987714072
2014-09-25 13:00:00,DEHM_BD,0.08557174653630402,0.09165248126473934,0.10099466744277735,1.2453571326942598,0.343276757023651,0.5230640921015222,1.8082734087419348,0.07628799429708964,0.08725517892703405,0.11571040718249025,0.08945604083249455
2014-09-25 14:00:00,DEHM_BD,0.06783767910541845,0.09550665839813845,0.11810059748164169,1.4396531919257696,0.5122413731069722,0.4147180954217933,1.282360360853453,0.08003814936709,0.08762300791852162,0.12057555242650674,0.08764277335243449
2014-09-25 15:00:00,DEHM_BD,0.06750564222529196,0.09982547876262066,0.1181811271340748,1.1917036411538184,0.5591573050046106,0.47397557966970716,0.743943978416008,0.08459144571234639,0.08312878871843203,0.11299893428989266,0.08357439493505484
2014-09-25 16:00:00,DEHM_BD,0.08525358751272295,0.10580132054634202,0.13842058785457426,0.6957932686206887,0.40632595670619026,0.5770007248043484,0.6600834663172852,0.0857802594640853,0.06745482521203343,0.09531562926030483,0.08317196345516828
2014-09-25 17:00:00,DEHM_BD,0.09679745241824526,0.11454891581907438,0.18928132237917353,0.7026410179441892,0.28530404894522843,0.84792587601333,0.9779563893362815,0.0884809476502749,0.060351544433741834,0.07484347774605986,0.08132419044435285
2014-09-25 18:00:00,DEHM_BD,0.10097542907696212,0.11691136092278621,0.20904871139907774,0.9540205010213658,0.37652511479406603,1.1393692473863297,1.3444658741839954,0.10026185528654767,0.07301985664884493,0.07479948148872077,0.0781500955928496
2014-09-25 19:00:00,DEHM_BD,0.11200787105315575,0.13087943007640362,0.20237652766396272,1.3534756554198446,0.4574589432543259,1.5530444135923018,1.9089931745752367,0.10203781545451043,0.1002819513549614,0.08790483457195829,0.07320309592407832
2014-09-25 20:00:00,DEHM_BD,0.1388565025688846,0.16754816935841182,0.17142200596245533,1.8437041018132871,0.47238001962638676,2.097475542805525,2.370001186706881,0.094624083899469,0.11575871878439332,0.1100433794131744,0.0667840748790404
2014-09-25 21:00:00,DEHM_BD,0.16487278640200406,0.20413400781557342,0.14576817408212075,2.282886870249102,0.5466039754653441,2.500157116457484,2.579738459612331,0.09056666355986129,0.11781227342561144,0.15424954868872076,0.05997432177181603
2014-09-25 22:00:00,DEHM_BD,0.19274177433838022,0.271965317114702,0.17300501959220368,2.829933475882322,0.582220620781551,2.7881753899761246,2.852137687471188,0.09662139035140738,0.12043612324237346,0.20855472712409745,0.05426314481709383
2014-09-25 23:00:00,DEHM_BD,0.20063149091982155,0.2912263880199245,0.19784061400512565,3.474269428901589,0.4724473976127057,3.0504076485926515,3.3444497154588317,0.11029542403824265,0.14086873334862268,0.29427942666183216,0.050477327453754973
2014-09-26 00:00:00,DEHM_BD,0.2067066575618984,0.2524905617258535,0.20662707385300758,3.8369671604315227,0.4468218882368411,2.986188961597695,3.811331072384631,0.11368626134113988,0.18736684536365772,0.35738838824797403,0.04812650992972347
2014-09-26 01:00:00,DEHM_BD,0.20285763949435895,0.2548596876589878,0.21714289822214264,3.873328857753889,0.4711266312095057,2.7273555472825333,4.101660920553268,0.10405271329363923,0.21457436028960158,0.36562073141223744,0.04595570237815552
2014-09-26 02:00:00,DEHM_BD,0.19975291838211223,0.2721618777264986,0.22645696349769467,3.6750108653404947,0.4640736350096761,2.5187427441653116,3.9559010247538247,0.09347309466770437,0.18996154008032734,0.3820383864800724,0.04384386032283981
2014-09-26 03:00:00,DEHM_BD,0.21458239324671202,0.2909725425726982,0.2785434776283125,3.380074183586238,0.46910018449868995,2.4277116253875457,3.430278626726842,0.0917291440301824,0.16284994416744902,0.41071055640849974,0.04305195714299156
2014-09-26 04:00:00,DEHM_BD,0.22664785102155516,0.31742280320244065,0.3132363746281061,3.179751207068397,0.4801302489258069,2.4466050569873934,3.1799173887154417,0.10344287730974049,0.1838618827536607,0.4348408108585327,0.04395652833221018
2014-09-26 05:00:00,DEHM_BD,0.18759845986580934,0.41661363900760306,0.24401792487625196,2.9613456527129336,0.496047183529716,2.454601651856527,3.0844442624928194,0.14869077384330034,0.20039058986007224,0.41505569631641726,0.047324054268338786
2014-09-26 06:00:00,DEHM_BD,0.19054446272763406,0.39065308786400355,0.22073534648596035,2.6528509997167387,0.5307898040845803,2.2845242823142176,2.9686348582305335,0.18149785016992,0.1877058871873095,0.3839722440986148,0.053088235943406864
2014-09-26 07:00:00,DEHM_BD,0.17840525907331595,0.23617904928777503,0.20218210178750673,2.161890060368071,0.5239496924324891,1.594229057531194,2.480261117425675,0.15824268878517514,0.19282306906688948,0.31057999955370075,0.058887774685255224
2014-09-26 08:00:00,DEHM_BD,0.2242658552932063,0.21536536580786028,0.16964916186625187,1.4991570765066617,0.49148477725868117,1.0443591457674342,1.8669628392250592,0.1299176901647388,0.19463532970782346,0.23175277640042125,0.06918904619570995
2014-09-26 09:00:00,DEHM_BD,0.26292305359741197,0.1981723202728589,0.15647855155677404,1.2131199505227317,0.4429481624003871,0.7757332974781761,1.4078844385030853,0.11126273953105734,0.25712259685984795,0.19527398082248734,0.09114496845120314
2014-09-26 10:00:00,DEHM_BD,0.2606577550666266,0.16501654099292454,0.14769196419396538,1.0509256030341443,0.41034757134455246,0.6383723122947536,1.0903833603327815,0.0887487151413381,0.25194893691396325,0.26670552350083115,0.10706585480965893
2014-09-26 11:00:00,DEHM_BD,0.25003400916935165,0.15600706697066075,0.1575967440417267,0.9927493830733232,0.4150555589979606,0.5355318926865176,0.9379524222373974,0.07291307317373484,0.20614537157244972,0.28528131205257884,0.11884473983932517
2014-09-26 12:00:00,DEHM_BD,0.2444258181369071,0.15967849538551687,0.17529294999446238,0.9364334180221553,0.4046238885689991,0.48525844746162283,0.7888643396366419,0.05341379422859044,0.19077733577518705,0.26965996588578367,0.1301457360320886
2014-09-26 13:00:00,DEHM_BD,0.21711405033455672,0.17751553231927777,0.14835546805069297,0.8579266511158026,0.41799053948194703,0.4764065334752224,0.6511169306467333,0.038021770281200205,0.19192661137841627,0.2847715627340101,0.13769264623280597
2014-09-26 14:00:00,DEHM_BD,0.1841096434450637,0.1482269770686677,0.11538901844382735,0.7868997159827409,0.45514766836063003,0.4936804424821246,0.6785729902746255,0.03693671866766807,0.17878987754166123,0.23871146133155785,0.14666431355500587
2014-09-26 15:00:00,DEHM_BD,0.1584948147042724,0.11277315252121997,0.07517140394709525,0.714797718615573,0.5176255764555372,0.4740467265393591,0.6464272910156788,0.037959744784846455,0.1495848174012265,0.18548212596322122,0.15358196456934303
2014-09-26 16:00:00,DEHM_BD,0.16193227687875614,0.07490776851030295,0.04046910029214852,0.6088566839603033,0.5628080000196676,0.498058584199773,0.5018381186428702,0.03890519812924553,0.11000038189765043,0.158774138042265,0.14733531297834576
2014-09-26 17:00:00,DEHM_BD,0.15709770849045118,0.04169552375321222,0.02783927210846542,0.5129625786449374,0.5921182816528714,0.5530922414264443,0.6385648785328617,0.036540020723087256,0.05791914873696855,0.16071038890329875,0.12927096754873862
2014-09-26 18:00:00,DEHM_BD,0.11332369700277853,0.025452167334851047,0.02237598013843537,0.6287234403064124,0.5889792076948843,0.8009523867118205,0.6860533268078057,0.0350337329427577,0.036941913783363936,0.16688436632789963,0.09862945723017659
2014-09-26 19:00:00,DEHM_BD,0.05646703287450996,0.020879817659269554,0.017648703677095166,0.9236761861507515,0.5374965812413394,1.1126288847298846,1.1043713166540359,0.03260095880039144,0.03714664103485629,0.13015649098967352,0.0633179610925266
2014-09-26 20:00:00,DEHM_BD,0.030127721720219845,0.017255797552900486,0.016695207733326455,1.1476871914315758,0.4674702970591093,1.3102086933900114,1.3640036205674813,0.030416819093339084,0.03652225573891759,0.07257071436168738,0.03826518753208878
2014-09-26 21:00:00,DEHM_BD,0.02391083897292541,0.015065380892907305,0.018342290005982257,1.5813863111227922,0.4274017098854853,1.4029871537187613,1.2912754664686692,0.028055371925965772,0.03381464412101756,0.03508362082237767,0.029047431471232347
2014-09-26 22:00:00,DEHM_BD,0.02027107423345796,0.016060188162191822,0.021201440364194666,1.7089336881229862,0.39658035503765565,1.4621458797497546,1.1613978850330984,0.02657401046595284,0.03318271250621401,0.02560870493050139,0.028053521017808152
2014-09-26 23:00:00,DEHM_BD,0.018295646007003834,0.017115465897362236,0.022393992555477946,1.6381144699738988,0.45980999712670445,1.5101961967675457,1.1238415128648445,0.026020774028850564,0.03400955167030897,0.02244290151035816,0.029485377314499833
2014-09-27 00:00:00,DEHM_BD,0.019506288265900278,0.018906426487357523,0.024430150927943355,1.6146171405486427,0.7078222748759714,1.5941258292617322,1.1667209583549127,0.02695603560724289,0.033043909022016225,0.020006010872161542,0.030716367241737718
2014-09-27 01:00:00,DEHM_BD,0.02085658032142322,0.021242545019336267,0.027582317061511725,1.5616705716003896,1.025398727373176,1.696194894474393,1.2412716349610813,0.029988458414040346,0.03235814983220759,0.020002124201589522,0.032050812158009326
2014-09-27 02:00:00,DEHM_BD,0.023104068203093447,0.02350014189730209,0.030272043850110324,1.474739702087219,1.3965652749974002,1.8335543697135779,1.2698829988064209,0.03370756829403336,0.03518945094628251,0.022149447771604523,0.03387268262275953
2014-09-27 03:00:00,DEHM_BD,0.025517617991852884,0.025818100952343482,0.03285529703248668,1.408630743550948,1.7789169045529514,1.9822997516921002,1.3023783726067515,0.03753241849444788,0.037501092902775736,0.024845296770765114,0.037048919018029584
2014-09-27 04:00:00,DEHM_BD,0.028402250109709516,0.029736544313700007,0.036137805015515834,1.3435390420479667,1.9603753339124939,2.148374366248744,1.3086424418254243,0.038035580934807536,0.03802933691477383,0.028320097653380068,0.04128377023369768
2014-09-27 05:00:00,DEHM_BD,0.03200479613222643,0.0375136500815683,0.037629555925108214,1.3423171016288025,2.1032925316643434,2.3027929093403134,1.3527542922390055,0.03558268254049112,0.040933539562057475,0.03200502908472048,0.044282834338266235
2014-09-27 06:00:00,DEHM_BD,0.034633276746841045,0.03625277960435724,0.037215014850207964,1.3310630664668663,2.4333130601439485,2.413299075225047,1.4185287926886507,0.033523511025756396,0.044077522326931254,0.03558142122813826,0.04744493347395198
2014-09-27 07:00:00,DEHM_BD,0.03799220794303962,0.037163386389053865,0.03810650049050522,1.2668347484164615,2.8445601877137503,2.4786098195666937,1.4491693284362415,0.033051167776426145,0.04779176482340307,0.038813258051574324,0.04603897080651474
2014-09-27 08:00:00,DEHM_BD,0.04370299812866135,0.03899362911291698,0.04304844733260513,1.2512824682726478,2.9527987847565953,2.5238707068641006,1.5196429692678581,0.035456933388286135,0.05523243104735377,0.04318630177298024,0.04343987147435527
2014-09-27 09:00:00,DEHM_BD,0.04924439389798074,0.041253675777737496,0.047068034931522375,1.1904091963134427,2.9009882392226,2.537954400880583,1.4754107578290767,0.04271401538153401,0.05869634110003706,0.04831884544292227,0.042699218800049114
2014-09-27 10:00:00,DEHM_BD,0.05411577244373485,0.043538252066051226,0.0509937579221301,1.0650370931709159,2.9506744181806037,2.6854257822618623,1.3702243445491198,0.04703414762400069,0.05823237617512683,0.05146528671042633,0.043165769854704814
2014-09-27 11:00:00,DEHM_BD,0.062116252220459044,0.04490399821851079,0.05817641143061916,0.9881251689975864,2.9393940151997513,2.848890574504512,1.3215792160048891,0.048994223954602865,0.0600895780263281,0.052961550331884245,0.042827729406393886
2014-09-27 12:00:00,DEHM_BD,0.07378199645560447,0.04976487772061118,0.06409603110883597,0.8653734258784136,2.150044415919436,2.4147815181434167,1.0587358535344897,0.05111777790772258,0.06231318521698459,0.056767439679300175,0.04157571142978025
2014-09-27 13:00:00,DEHM_BD,0.08961506125773759,0.05576155597279527,0.0708763018595147,0.6677363440779459,1.2258147996104671,1.4860733421098522,0.6354359386566875,0.051308262045672084,0.06164452258924946,0.06430214431709833,0.03988768911009409
2014-09-27 14:00:00,DEHM_BD,0.10003977206939703,0.06267058443556572,0.08546145688182429,0.6167084010488159,1.1223618326066387,1.3233549495307781,0.591414871863476,0.05093585162996301,0.06093425208946679,0.07407281816797559,0.03703007999934719
2014-09-27 15:00:00,DEHM_BD,0.1014095721301459,0.06921431512420574,0.11093318251389994,0.5673901294932784,1.2818398772500803,1.2414314014146643,0.6787072092904158,0.051639552625617945,0.062361907966285865,0.08298276320854193,0.03290862714091946
2014-09-27 16:00:00,DEHM_BD,0.10427215836181299,0.07566630094258214,0.11298778678760102,0.5065976586476283,1.5564052318741428,1.462011645257375,0.8727802184861277,0.04950783715624712,0.06336549547019633,0.09132194161363805,0.027937934997708514
2014-09-27 17:00:00,DEHM_BD,0.10251127769277654,0.0882314129522167,0.09294306856103562,0.7726203728988121,1.7006400623170754,1.7483938438700828,1.1249846763992581,0.04472725788328525,0.06429048607334012,0.0999590665986444,0.024849808128820056
2014-09-27 18:00:00,DEHM_BD,0.09330130744471898,0.11889387756741615,0.10192738783712407,1.1353901515009441,2.1706205314415787,1.9431761324813537,1.2440857336591242,0.04048994645411542,0.06327917345696345,0.10851580742269831,0.022345843406521446
2014-09-27 19:00:00,DEHM_BD,0.1066301033346581,0.18389108192433062,0.13500683362161292,1.628553955175661,2.466720511378493,2.256996813929581,1.7303941264714142,0.03992135853934324,0.06117504813235478,0.11277186607613007,0.02206466474295761
2014-09-27 20:00:00,DEHM_BD,0.11520894457582259,0.25738424537691185,0.16667111901072315,2.0613468740905514,2.7544532108951882,2.626238796077734,2.442074287127822,0.04415954678681428,0.060603726133068456,0.11502109735014301,0.022504743242306773
2014-09-27 21:00:00,DEHM_BD,0.10413386034623234,0.3137373631688971,0.17713795451954872,2.420844251021901,3.0821378754548485,3.227143915126574,3.203144187652038,0.05419065667181262,0.06295894479691044,0.12232151351100178,0.023120543118572534
2014-09-27 22:00:00,DEHM_BD,0.09082571021115517,0.3416076145759023,0.2175498047260486,2.8186689037839376,3.4484842011599217,4.087554633133488,3.8279574668967054,0.07256781118084664,0.06332199720834598,0.1271265058086426,0.02568831833045226
2014-09-27 23:00:00,DEHM_BD,0.07992322876589243,0.350195742996824,0.29145370574123436,3.144557793555961,3.9251471023683546,4.968769711508217,4.284228803067094,0.0992309290534257,0.06579165613494334,0.12987812134528282,0.0290480383936543
2014-09-28 00:00:00,DEHM_BD,0.07418734815546647,0.4129451483006098,0.3713128363419812,3.3167213212085453,4.597880048816159,5.637369328205887,4.732313174798369,0.10351354299738055,0.07444951087079804,0.164905077249784,0.03221297328664176
2014-09-28 01:00:00,DEHM_BD,0.08162826050324695,0.5146876905197064,0.4336432267913014,3.274245283836189,5.355046753140735,6.081839281759116,5.207430805707997,0.08623040642665687,0.0791377875091611,0.24999476803855025,0.035323794773154164
2014-09-28 02:00:00,DEHM_BD,0.13100487862954713,0.6001575132485105,0.5397447723629816,3.1288836291705118,6.102230997238948,6.470593819718222,5.432217647668697,0.0931857016708521,0.07922753385178231,0.3390212174604087,0.039920629274521696
2014-09-28 03:00:00,DEHM_BD,0.2764334938532188,0.6596668063603812,0.7931911343465997,3.078852903180975,6.7237888965350745,6.760848815956602,5.406291159463374,0.1996842941393237,0.0746493187691663,0.49924304395096364,0.04464163860396346
2014-09-28 04:00:00,DEHM_BD,0.35308857241872393,0.75152834782869,1.250078335237947,3.2307405281915633,6.885777719630202,6.912875655949375,5.286738646924078,0.458658351261243,0.07410993840992437,0.7143536185913534,0.04743852036676101
2014-09-28 05:00:00,DEHM_BD,0.3221334516727854,0.9428633407064053,1.9789531878556277,3.38932781014786,6.920980792227356,6.807510290051551,5.076507481620456,0.5248099549365229,0.10228154513178739,0.8365344799380562,0.050820777432220916
2014-09-28 06:00:00,DEHM_BD,0.5222949551849997,1.2944208906658,2.4375567042828425,3.1717594890691663,6.832594220444438,6.409972625537476,4.723057923625297,0.4078890136210061,0.18962751144612844,0.6912758195489085,0.05429570961247627
2014-09-28 07:00:00,DEHM_BD,1.044347839868234,1.8154200538206386,1.9244133014357963,2.7394912882121023,6.573708406702465,5.6506990010958935,4.120177741475029,0.23921315294902756,0.303521023243825,0.7049234232796224,0.05395258344714627
2014-09-28 08:00:00,DEHM_BD,1.2869856254591792,1.853552217923138,0.8866065803881455,2.7020058451938014,6.0037826252800235,5.0164673501369155,3.535445972061456,0.18280405792862167,0.5195936150473728,1.0309298743891564,0.05458447640014215
2014-09-28 09:00:00,DEHM_BD,1.2333592320035398,1.349293983097908,0.47349263795890495,2.408907947184158,5.27617349386271,4.4779582985457544,3.114845992795193,0.1840136614857427,0.8183016077056154,1.1755625800114566,0.05649604340670391
2014-09-28 10:00:00,DEHM_BD,1.3483855563998222,0.7239437932770805,0.21829495170646512,1.9823891577946318,4.606790322037654,3.940702332933984,2.8318441400784984,0.1831612107380478,1.0426591949208452,1.1536459916966781,0.057911288454882866
2014-09-28 11:00:00,DEHM_BD,1.2992309295755624,0.36066183800703255,0.18495479259968495,1.6842916143910562,4.111492395324415,3.4549618445822197,2.58445442692155,0.1660134413072,0.998040956696961,1.2961156323532015,0.058357098985783395
2014-09-28 12:00:00,DEHM_BD,1.3628623122221788,0.2634021262709504,0.17742198984235868,1.4653713987818109,3.742079281216173,2.981795835839495,2.2760721993523774,0.14674163734315412,0.7297656150042637,1.3533542300601022,0.05795346515603702
2014-09-28 13:00:00,DEHM_BD,1.384406895949412,0.21997015879543336,0.17500625577095139,1.428874823007408,3.3660058534183412,2.802698048373865,2.1208325512576836,0.13649173771625372,0.4866198808655328,1.36995601840809,0.05772765053777242
2014-09-28 14:00:00,DEHM_BD,1.2059140392648429,0.1971572931316079,0.1842204032191434,1.3569349569861195,3.1958244099399344,2.801167087160168,1.9964229188210176,0.13902573291144324,0.32778630831203875,1.413566272331234,0.06045416244210133
2014-09-28 15:00:00,DEHM_BD,1.118213600996565,0.17459657492702974,0.19986648681409058,1.050630679519715,3.198773269814425,2.791704216290859,1.7894762670442177,0.1439010093095897,0.2541229379675303,1.3089900130307022,0.06709605307803085
2014-09-28 16:00:00,DEHM_BD,0.7985492648448609,0.16143557393166647,0.2299774394067097,1.1878066992432144,3.1491452672591356,3.0685687331122447,1.9912705696044588,0.15699492843906393,0.22577204656356673,1.0907241594736745,0.07582960952183301
2014-09-28 17:00:00,DEHM_BD,0.39521968376326133,0.18234918098966924,0.44719153043394233,1.644739891865244,3.253802345780843,3.1256194085993076,2.3420864585191588,0.17259960694821544,0.19856518121613312,1.130563977999394,0.08426300785278613
2014-09-28 18:00:00,DEHM_BD,0.2541616006900718,0.3556835806390738,0.6833242460698742,1.9808625757582714,3.516648142040088,2.9381270557820405,2.6257477331947725,0.1812685368508099,0.20212173486976182,1.2840252032964306,0.09020125248905084
2014-09-28 19:00:00,DEHM_BD,0.18975455081966455,0.6157723909750203,0.8426699642806632,2.248026110081691,3.7059514403342133,2.8056232156587946,2.8678510000788213,0.17564918890088776,0.26753038823747066,1.3242476388515532,0.09286693197625037
2014-09-28 20:00:00,DEHM_BD,0.17810272193568272,0.8973751160645828,0.9892116936510753,2.6086163966816125,3.7906277669236483,2.828656522000305,3.183779771984926,0.16786046643856903,0.3230191001929342,1.1385662603829054,0.09293432713061255
2014-09-28 21:00:00,DEHM_BD,0.17949581980028406,1.1590631527843964,1.094243508313324,3.2479987145803855,3.7599496311160205,3.056513402824108,3.638921666968308,0.15213635753190136,0.3702610216188802,0.9447708327665179,0.09367974357285325
2014-09-28 22:00:00,DEHM_BD,0.25759701960958936,1.3787844273125398,1.1872776472717088,3.8761948179979617,3.7320111924576516,3.609231029152536,4.384724665857721,0.1342797500212489,0.44049468545973286,0.9257526921335981,0.09638542869466225
2014-09-28 23:00:00,DEHM_BD,0.43851393975000585,1.5612115401691813,1.2690565731726464,3.9111862272060343,3.8675315453129757,4.406596526610792,5.2089096579055765,0.12265640651862587,0.48268561733487975,0.9897670493968203,0.09880720488387336
2014-09-29 00:00:00,DEHM_BD,0.6007766642000711,1.7174003936428692,1.3696606165659777,3.6647829362329905,4.478435642234987,5.101464217831576,5.412240130516699,0.11402769860034805,0.47642111620858296,1.1121930775555595,0.10048902411498888
2014-09-29 01:00:00,DEHM_BD,0.7344615033758896,1.7706223166375983,1.5592425321616417,3.140131058839614,5.6418188966258205,5.603211764667439,5.038203512695435,0.1060783883820845,0.45776562609415494,1.2671173619336262,0.09906323442874469
2014-09-29 02:00:00,DEHM_BD,0.8620679993157008,1.614376345014917,1.8209139411105215,2.5102567958384676,6.710658470178085,6.028313519920148,4.707938678455866,0.09917516595440898,0.4361934168483315,1.4178660923675446,0.09406797801837605
2014-09-29 03:00:00,DEHM_BD,1.0025085956280493,1.5378047306905498,2.1160346631386875,2.1583921923519025,6.946524666104425,6.253558826402554,4.3102569117624485,0.09289768875176066,0.411138932776898,1.5379841881702465,0.08882794005915967
2014-09-29 04:00:00,DEHM_BD,1.1127632784918684,1.5459095806753635,2.365365363470837,2.004025538879861,6.5988295904094585,6.230576574429648,3.9012936377018814,0.08872738832593885,0.37719759365290406,1.644870465838462,0.08465351839681722
2014-09-29 05:00:00,DEHM_BD,1.128748411756635,1.6130006452227104,2.5975865652123837,1.9898963815741564,6.3657424128807145,6.061415202399091,3.724425779575292,0.08591769143004892,0.3497221579912303,1.7131785360912233,0.08069785770439758
2014-09-29 06:00:00,DEHM_BD,1.1879961079480732,1.675621331995083,2.5344507370527465,1.9392366982068305,5.918922314961729,5.667758666164796,3.707858326447619,0.08508856107057057,0.37017051405072193,1.6832888367797436,0.0761619842639809
2014-09-29 07:00:00,DEHM_BD,1.367853938914463,1.7723934951725506,2.336096208404694,1.784673524924468,5.045015074399653,4.742110693413448,3.7394515679888207,0.090823371145895,0.3448016829711198,1.6255108352609908,0.07018930858134986
2014-09-29 08:00:00,DEHM_BD,1.4162991489054635,1.9424241592748277,2.382694547497323,1.6314249235197211,4.145224096629537,3.738916002036139,3.4814349376221463,0.0910986834497004,0.30494901861101387,1.473984750360567,0.06302322569627064
2014-09-29 09:00:00,DEHM_BD,1.3684907646135986,2.1071672840408326,2.284618374841651,1.482016460360294,3.3443833651862103,2.9624226578900417,3.005155860225493,0.08801911256832053,0.2639385319717972,1.2531282269450266,0.05691501814684704
2014-09-29 10:00:00,DEHM_BD,1.2484876760904862,2.231976876855148,1.8651961859597779,1.3895879887346363,2.676669925957558,2.4011117891306504,2.383854976317974,0.08441019270666864,0.2283772774621099,1.0864484457217518,0.05234255661705431
2014-09-29 11:00:00,DEHM_BD,1.1623558016282693,2.3121354354279906,1.4036768946141516,1.4277726078888393,2.317084941319089,1.9425455384744856,2.2220567706037975,0.07966267884340593,0.20095506033115074,0.977440084310586,0.04908315893647013
2014-09-29 12:00:00,DEHM_BD,1.1858215756398438,2.286260986287774,1.3235206692814083,1.0571070801579852,2.0682494635994066,1.6112366649937193,1.8537514824251593,0.07617247097729464,0.1891408431038259,0.8522492164113116,0.046697217429758034
2014-09-29 13:00:00,DEHM_BD,1.2426167383595554,2.1218223200218,1.6223321732342568,0.9374464548823443,2.009103641426795,1.5119958981417987,1.3366263546477275,0.07490788092296094,0.17708561562303435,0.7774562649265327,0.04469882602652411
2014-09-29 14:00:00,DEHM_BD,1.156745415899623,1.9886638152192573,1.4550758696533554,0.9158245262243261,2.034454763258229,1.630821333788295,1.3014156785426523,0.0745066866727024,0.1557881614849715,0.8059613803420937,0.042769212051625975
2014-09-29 15:00:00,DEHM_BD,0.903824145877012,1.9203206919795806,1.1801185400603402,0.8603220442791923,1.9670001570895004,1.749034057645611,1.5277041391422472,0.07387491221965765,0.14200604167252764,0.8428402154055172,0.040079896357567674
2014-09-29 16:00:00,DEHM_BD,0.7600066232030676,1.7876404830190014,1.3128695153624834,0.7911308462032913,2.1206436374018507,2.0482643685502406,1.7696945266239983,0.07386773354475772,0.15038014615640036,0.9429554692220943,0.03722352474505335
2014-09-29 17:00:00,DEHM_BD,0.7134063983462446,2.0225086276030293,1.995547118826289,0.9344712815080225,2.6228765724602154,2.4164870810653154,2.1884885427702265,0.07383419929133074,0.15296920142705542,0.971936448727422,0.03438832468421095
2014-09-29 18:00:00,DEHM_BD,0.6711167427509952,2.1951855861394334,2.8515674732672656,1.1910638472677446,3.092935374100856,2.5404878830247375,2.3365044992951383,0.07332873586769964,0.16171003412825746,0.9741269106515605,0.03217762167933161
2014-09-29 19:00:00,DEHM_BD,0.6386177092567342,2.3084722132450457,2.958246797223536,0.7591056283659097,3.521017299064285,2.480307074907514,2.433162376761074,0.06971391233721305,0.2670932884017191,1.0730141886227558,0.029751028067061463
2014-09-29 20:00:00,DEHM_BD,0.6345872920151311,2.471564797554575,3.2018644390424824,0.5275892712328402,3.4952044248248195,2.6275046788253165,2.3247199718950107,0.0642835951023216,0.38812175061631926,1.2079556415812187,0.02809362422709658
2014-09-29 21:00:00,DEHM_BD,0.6406667487975011,2.5395313257383836,3.3807454790528775,0.8375508601854066,3.3321048237855226,3.228229087463866,2.085438030546928,0.06140269618329459,0.3561672851503639,1.2801834083505765,0.02694007758120184
2014-09-29 22:00:00,DEHM_BD,0.6214733330683333,2.4579506538731004,3.4216312266572864,1.3042178336158383,3.481206029478901,3.7845742775915006,2.3602608314132993,0.06505624777952428,0.22023935064380973,1.0734051512349956,0.02597532999394208
2014-09-29 23:00:00,DEHM_BD,0.6287300210131873,2.2345673513420836,3.4184774114525274,1.6908563964494019,3.8517314678223955,4.052503612376223,2.881715027453116,0.07132583215685553,0.12996990566857153,0.8430941946200095,0.025461708599317324
2014-09-30 00:00:00,DEHM_BD,0.6104982499000995,1.655220653400784,3.4682020249593672,1.9665562292408516,4.291569658112132,4.008751481060669,3.400057844803364,0.07658834853555051,0.09296438727406775,0.8328226716166176,0.025403733642528282
2014-09-30 01:00:00,DEHM_BD,0.613358597367145,1.2943840792715828,3.3200065010490785,2.306385037965694,4.7758621147793345,3.659565784864426,4.074805632835063,0.08076281028794399,0.0787220584450405,0.7144216400723951,0.02586577542728716
2014-09-30 02:00:00,DEHM_BD,1.1852832036149874,1.2022172742528094,3.298675936455564,2.6578711121247887,4.8239437799213825,4.056747620424238,4.387277814652928,0.08336783000714941,0.07233793461325326,0.473124274839009,0.02638982889306025
2014-09-30 03:00:00,DEHM_BD,1.458441043179212,1.132588135344358,3.5049636284594987,3.1649805747093307,4.245152784695327,4.92294436855182,5.035472930529057,0.08628674356722024,0.06863610029605202,0.29924472576764405,0.026168930078347495
2014-09-30 04:00:00,DEHM_BD,1.2111082874345755,1.0793019550270682,3.6044586829708702,3.507372492987849,3.5848157455699146,5.471570729305073,5.760383861173423,0.08902488976310925,0.06670973098640307,0.19957010006943704,0.02676476550624024
2014-09-30 05:00:00,DEHM_BD,0.8049860565872768,1.3605227808802576,3.347586681938376,3.9367482452296834,3.1224009766126426,5.671865371949672,6.082571564769075,0.089223088433307,0.06436791680281034,0.15087273268944748,0.028041027202201786
2014-09-30 06:00:00,DEHM_BD,0.48101157776993986,1.2356831093175709,3.397019236037205,4.13313596000222,3.0293711165336523,5.134113534545247,5.6281860496044445,0.08983891228766046,0.055404856013255,0.10320573207417666,0.0294055161337844
2014-09-30 07:00:00,DEHM_BD,0.2623115914637903,0.8969553634222224,3.057701684726221,3.866793065117276,3.204576876867972,4.08021802308267,4.956391450499604,0.09551077273292219,0.04951496445188053,0.08893174601089365,0.03641982088224248
2014-09-30 08:00:00,DEHM_BD,0.16630202398310867,0.6031105201266893,2.0682550162203217,3.524112072225865,3.248680693918839,3.5809127198133988,4.4122146154478985,0.08890334648916833,0.04626164752933342,0.08548896016197775,0.04341829673579875
2014-09-30 09:00:00,DEHM_BD,0.12955235611226223,0.3595342542367212,1.2504907886398164,3.2928992943646347,3.1983436658473314,3.552687446743633,3.9143794845835354,0.08417020514431636,0.04235192882058843,0.08110804685670221,0.04049042366423054
2014-09-30 10:00:00,DEHM_BD,0.12493722674690873,0.2599523159185095,0.8995239150072145,3.2242630237581413,3.105408718573339,3.4809338707704285,3.680178827470096,0.08331801895384887,0.04102018056109413,0.07910056901562791,0.03467440717145213
2014-09-30 11:00:00,DEHM_BD,0.12162176827570295,0.20122269879523136,0.6950917240639526,3.1862187644815596,2.837836670442978,3.3657442800453117,3.7261261419694884,0.07855456364063347,0.04081271363724828,0.07903318661337876,0.035548765326162565
2014-09-30 12:00:00,DEHM_BD,0.11430731863211709,0.18218404340614608,0.5659723367727417,3.1103791447353943,2.432562722583236,3.3370924814031158,3.557527031674093,0.07533971926207353,0.04015400456527876,0.07810806109263461,0.03573226239088565
2014-09-30 13:00:00,DEHM_BD,0.10731092776756787,0.17342738395456447,0.5146621662382764,3.099857896420989,2.057143972928105,3.005201289773011,3.4120387077887875,0.07155797103134962,0.039605944189124165,0.08000544150306213,0.036261467360238865
2014-09-30 14:00:00,DEHM_BD,0.10304142903932298,0.16647950411953322,0.4852941094442862,3.0411381973216134,1.8300040860237927,2.7297221290486546,3.240470694220182,0.06573276907124485,0.03861236173540051,0.07864513815027192,0.03593723140596718
2014-09-30 15:00:00,DEHM_BD,0.10352241228361019,0.15183348936656252,0.45750295145075004,2.848498722692403,1.645463857481964,2.550367680730961,3.1054852690001993,0.06251208545660071,0.035625606195538256,0.07278721491869564,0.034506864402239844
2014-09-30 16:00:00,DEHM_BD,0.10225822498089221,0.13733383371587649,0.40156593458658607,2.6627624026018553,1.6081956438402458,2.481549322975185,3.0074414333825956,0.058107202358948916,0.03331767741280578,0.058587892132715286,0.03346025223661252
2014-09-30 17:00:00,DEHM_BD,0.1038471754602383,0.13709813864869266,0.37050096241692276,2.574475790347976,1.616379319866076,2.7423692550138026,3.0976868135237803,0.05387352502860046,0.030900221039845722,0.055346294605169474,0.03196191739294432
2014-09-30 18:00:00,DEHM_BD,0.09537235646657809,0.1912782301805711,0.42603549814332276,3.192292586409005,1.7032167905464768,3.3686652959242434,3.5451756181259753,0.05150070130174796,0.02810473882693865,0.054969037156246445,0.030564257648075428
2014-09-30 19:00:00,DEHM_BD,0.08755229481191543,0.30194845615427696,0.47671544131395494,3.915526461233669,1.8488926988305896,4.247835856774955,4.205918524125233,0.04895512392861265,0.025831388257865587,0.04820269326034513,0.029930089783178026
2014-09-30 20:00:00,DEHM_BD,0.09408943284491944,0.2904708060734436,0.450976287623145,4.620244670734664,1.9117144376353918,5.122413606337929,5.039389074835648,0.052049856512554296,0.02545394073826156,0.04908953608731698,0.030355269767201314
2014-09-30 21:00:00,DEHM_BD,0.0825066031628526,0.3548324109704441,0.46014068235594313,5.292667469099587,1.928837911364883,5.828933460196629,5.836912567777794,0.05217582805753145,0.025945390709897743,0.05343166238930207,0.031137511012855643
2014-09-30 22:00:00,DEHM_BD,0.08068938156905572,0.43573865515694876,0.5771592910482786,5.427842895754493,1.9887450883671642,6.282159276616639,6.567332707589268,0.05160747343936932,0.026104374759438925,0.05721031349639051,0.031456313468592886
2014-09-30 23:00:00,DEHM_BD,0.07126933613179595,0.36391439093007966,0.7710970864223461,5.234327635217195,2.1074905958247188,6.462655665652614,6.720211706505362,0.05032473645154661,0.027617171748628093,0.05237811946087505,0.03226610018434109
2014-10-01 00:00:00,DEHM_BD,0.06767213407724973,0.2824934527464561,1.1656503413786583,5.523301359277243,2.205801982500404,6.307601372136965,6.488719722121109,0.05458711702750282,0.02950331142466127,0.04883613965696721,0.033183975226314055
2014-10-01 01:00:00,DEHM_BD,0.06599030136196578,0.23781599277911555,1.6535341604856884,5.589594227744058,2.2942780759106576,6.462717240132658,6.2950784146407575,0.06558031629902289,0.03138845973923637,0.0468485916980046,0.03533126566967131
2014-10-01 02:00:00,DEHM_BD,0.06044230587535116,0.3554145431984498,2.119089554496171,5.378525730850053,2.4620080650995666,6.476049496155152,6.182178285782871,0.09895354262993189,0.03501646158486909,0.047098357764378075,0.042133579620493064
2014-10-01 03:00:00,DEHM_BD,0.06483098682337367,0.5216390758671802,2.8044449783486534,5.165152495272453,2.548414130207151,6.311353276256794,6.339236229292285,0.16049308670897022,0.037127247785567294,0.04802785058627722,0.05792970589589315
2014-10-01 04:00:00,DEHM_BD,0.07768240172255587,0.6296999244300182,3.5249736917949495,5.160875376862837,2.4771417525561157,6.287005167490749,6.458462485732049,0.22145801652867336,0.038197580942729084,0.050517731492684,0.0656492300738766
2014-10-01 05:00:00,DEHM_BD,0.07875645784460289,0.6729469685868745,3.935214460351827,5.41796422762569,2.2189860897548495,6.364137794910885,6.577572592444436,0.21380680472731578,0.04308260420267753,0.050255385353827016,0.06673913122004813
2014-10-01 06:00:00,DEHM_BD,0.09310510891035309,0.6813091937103588,4.04431691961074,5.220325631982443,2.056845883279145,6.148393048436938,6.770996723079288,0.2112277368371933,0.046633920928631174,0.05532470289058416,0.07104431295870789
2014-10-01 07:00:00,DEHM_BD,0.11235649411526494,0.7299846040098135,3.5768276083228994,5.147818993343389,1.812164783952534,5.0755802132359795,6.131603993812959,0.22759160325072686,0.04953139281623453,0.06129041804977709,0.0760346726483198
2014-10-01 08:00:00,DEHM_BD,0.17701171352569234,1.1472896724704977,2.865303552417542,4.6577578820025565,1.5114749135702847,3.787184633519346,5.303486624675012,0.25089043709518366,0.05176721807448881,0.07065705611539766,0.08068310793131583
2014-10-01 09:00:00,DEHM_BD,0.2624735766499139,1.5691979064044346,2.4579787002552402,4.272547278281028,1.2826913783843814,2.987078740389836,4.813867844552645,0.3103135374727471,0.05534003724875383,0.09847008496522315,0.07370856330527906
2014-10-01 10:00:00,DEHM_BD,0.34927957461665615,2.137631324864676,2.2393433530548474,4.242121018966665,1.130318047029823,2.6323624175931606,4.591971222483404,0.44814833046957836,0.05982144309727924,0.12179063137585518,0.06477883543190759
2014-10-01 11:00:00,DEHM_BD,0.5005061006676451,2.5327110479647654,1.8527757784772012,4.153148614523442,1.0346918521450459,2.382504477403171,4.142929238600897,0.7130200096331163,0.06345688492454568,0.15035558544906305,0.061534840248771844
2014-10-01 12:00:00,DEHM_BD,0.664340639725935,2.205704386889566,1.6423563726718118,3.8540296532605365,0.9840213063318282,2.206695445642008,3.7131592774064344,1.0780099792436508,0.06339797668746656,0.16003775078025054,0.06189671254304448
2014-10-01 13:00:00,DEHM_BD,0.7687868094649888,1.8470895001635736,1.1064828557858895,3.5229819744326685,0.9236915364396572,2.1791970363574658,3.4008923042949917,1.3045161754381658,0.06157783406032933,0.18952468952882523,0.06678412502072968
2014-10-01 14:00:00,DEHM_BD,0.9331793843578033,1.69535621363007,1.1937421054043085,3.1654219080259782,0.9021554472639038,2.110128663031545,3.162817604840382,1.3920148070783727,0.06893960822477463,0.33412779756184263,0.0712072211998072
2014-10-01 15:00:00,DEHM_BD,1.091267142182319,1.327441479900994,1.349791980955044,2.8351607609184653,0.8943499948708153,1.9837941650375384,2.965708607170667,1.3737483248937314,0.07796785610158917,0.4523259579859578,0.07140399199580956
2014-10-01 16:00:00,DEHM_BD,1.2261858816780888,1.1490907953954104,1.2978493561227293,2.562274050679136,0.8966865293703228,1.9404920629842577,2.826868757204082,1.3712432878758385,0.08495106970599385,0.5579497628135819,0.0714546657985696
2014-10-01 17:00:00,DEHM_BD,1.4424643008427875,1.3539003974855408,1.252241583565087,2.828521834933925,0.8845652176757343,2.051299104065603,2.7580403579369275,1.2907531506925822,0.09226051991613625,0.7217391621507783,0.0693012529483546
2014-10-01 18:00:00,DEHM_BD,1.7544059842219022,1.2399579055095864,1.3968191956798137,3.3227603203766884,0.9807308416060962,2.4958993600926336,3.1635255481458273,1.0236138899494707,0.11315806550996325,0.9616474253970055,0.06747912908371728
2014-10-01 19:00:00,DEHM_BD,1.977009150491675,1.8903944387961507,1.6322072306047946,3.8718526459428437,1.39404566415217,3.1107342717135573,3.848393793396195,0.8889857992494106,0.14087442451882878,1.2543138452829388,0.06553037964662646
2014-10-01 20:00:00,DEHM_BD,2.3537142273926435,2.1521874965363645,1.816417110730068,4.348202150904813,1.8350207865985029,3.635309448806778,4.636544554420478,0.9054716469803452,0.20265731113783264,1.7221575538688083,0.06339656433516734
2014-10-01 21:00:00,DEHM_BD,2.6148666443245023,2.257663916912321,1.92678484983148,4.694163090672349,2.0642940057779198,3.951349778666673,5.308416087544408,0.8258579848540575,0.39893904731390345,2.538516288764477,0.06362658201943772
2014-10-01 22:00:00,DEHM_BD,3.022903695940571,2.176220083346368,1.7914425384412538,4.892611901942518,2.110165327663533,4.097663852235175,5.771513679406475,0.6874505029213986,0.727815148074614,3.38587688715735,0.06564140114625816
2014-10-01 23:00:00,DEHM_BD,3.2147327086920106,2.223664213776601,1.5823586643085574,5.003632511299038,1.9077797534504626,4.1925003018968,5.885080498739691,0.5166376697838865,1.2375457538192811,4.088040770145078,0.0666747872568501
2014-10-02 00:00:00,DEHM_BD,3.3132506590550577,2.343438851722847,1.393679321493063,5.160774701004609,1.7614165986015649,4.2713320273211535,5.7333204912633295,0.29652092670972446,1.8075687481222396,3.9839057678947367,0.06594238030526972
2014-10-02 01:00:00,DEHM_BD,3.442488996124333,2.492522919620642,1.1653384674629903,5.562094546907554,1.7514547743524238,4.251268539072778,5.68637043089921,0.13191309883647118,2.1749052757892198,3.664792099223826,0.06510925956665332
2014-10-02 02:00:00,DEHM_BD,3.750803650960196,2.408961526623495,0.7858639874312623,6.126382231380083,1.7392304193437007,4.015389227257599,5.9492362712001,0.07192327396991649,2.4102076967168973,3.7353177363466106,0.06874134944323262
2014-10-02 03:00:00,DEHM_BD,4.153968030672222,2.059972286105789,0.3545129609345506,6.633630688701795,1.8221140531938338,3.83445224963452,5.81678591089057,0.07205815528275428,2.5691567191931606,4.178066275820676,0.07450996191680948
2014-10-02 04:00:00,DEHM_BD,4.33917621070616,1.69448416251518,0.23388515952099814,7.036406055961984,2.037132681839699,3.8046359312799254,5.466905499919612,0.07185312025565632,2.6276783365376293,4.7910351607846655,0.07942033669066126
2014-10-02 05:00:00,DEHM_BD,4.705865376848113,1.3756058992531768,0.1305942913272343,7.320811716242398,2.246457759618368,3.7615082168639637,5.4910736946341725,0.06794819371897716,2.550318825431205,5.442514097367805,0.08787255607992402
2014-10-02 06:00:00,DEHM_BD,5.341070807740046,0.8647051444470415,0.09860134431930616,7.052482253411405,2.348888014571797,3.6139972289115008,5.255879305282709,0.07053660119723508,2.4328030492821338,5.654179444583729,0.09968159552464248
2014-10-02 07:00:00,DEHM_BD,5.293344823911404,0.45613677807037245,0.09233466319023648,5.317892160571572,2.296763069404699,3.2577215586364985,4.909943072330757,0.06817028978761272,2.022030951335952,5.6228425774714355,0.1222653242447738
2014-10-02 08:00:00,DEHM_BD,4.601106173048979,0.24325687756760733,0.08679216962622054,4.458771622095026,2.1892962244562573,2.8975967324792826,4.621076018890881,0.06403737139468998,1.6536815929035098,5.69847229364195,0.16527246232896214
2014-10-02 09:00:00,DEHM_BD,3.7505094879873866,0.1080606430759768,0.08123423385657706,4.376471712476392,1.9473593383814998,2.681618177481729,4.469118562947899,0.060436416400491515,1.5794554713647067,5.650581844416122,0.21368208378934056
2014-10-02 10:00:00,DEHM_BD,2.8475166316109988,0.08440174062708325,0.07928275285705093,4.247702367331426,1.6830227690319695,2.5058519863800175,4.611226821551365,0.058732606464718916,1.4227379538579612,5.681607995174671,0.25158858445159965
2014-10-02 11:00:00,DEHM_BD,2.005050335169548,0.08238107876260992,0.08533500505126301,3.620552181899924,1.6627014556728283,2.3216096993268818,4.437383215973806,0.058013805700906036,1.1961416064397896,5.292869712614715,0.2661830592176638
2014-10-02 12:00:00,DEHM_BD,1.4194910255078907,0.08125185262921135,0.09036339981313085,3.9432045731406293,1.7822512123555314,2.050187043424269,4.229204679760777,0.05745976672088679,0.912974372827462,4.769654488468885,0.24314955254887508
2014-10-02 13:00:00,DEHM_BD,0.8765285103007872,0.08336973157263117,0.09053563481838196,3.5641371269067283,1.7938543838700907,1.7889916953703695,4.073789823462637,0.05680523898464629,0.6572401100934062,4.306714938592212,0.22776318477541943
2014-10-02 14:00:00,DEHM_BD,0.5487022047348192,0.08003858555081353,0.09328215640237858,2.919526841039672,1.7757413119458196,1.6751705594994681,3.7048230940352553,0.056486615791388514,0.48810184712394133,3.818408872632495,0.21579799377556233
2014-10-02 15:00:00,DEHM_BD,0.3451587262027995,0.0837087237001104,0.09561061285371629,2.318250303044454,1.7093781184273493,1.7175951225668422,3.3439822995598165,0.055362080688443234,0.37726590095516743,3.3754757758777685,0.22057181838626747
2014-10-02 16:00:00,DEHM_BD,0.2610098878646897,0.08759416187772746,0.09657349843076321,2.390353051010016,1.6039423530134371,1.9384062363525996,3.459907949312428,0.057918901027198225,0.3412074938882106,3.39131149062698,0.22559530957310603
2014-10-02 17:00:00,DEHM_BD,0.2224824743538657,0.18595856981883377,0.1448088405414033,2.7611891082010747,1.5564519754840804,2.368305930420462,3.8011137270052577,0.06262634845175817,0.36000702953606833,3.595911698002896,0.22942126973848817
2014-10-02 18:00:00,DEHM_BD,0.19875201473257034,0.3694884573730116,0.24622347290672636,3.075255379467523,1.5213904764594457,2.579483696283735,4.0248149874650565,0.0694154451369299,0.3941240559921506,3.4105647170902396,0.2326141003555417
2014-10-02 19:00:00,DEHM_BD,0.18413335112880264,0.5384925465396424,0.33819116028009627,3.6142908950293795,1.492330783080887,2.739893794842496,4.2946112021331135,0.07468683709410712,0.4114776456990278,2.983143497679862,0.23496583713686758
2014-10-02 20:00:00,DEHM_BD,0.17550073501955057,0.6753528290010687,0.4081938580956509,4.240385063680526,1.5727467638877464,2.99609125793293,4.574522234090284,0.07524765050215114,0.4538522708691469,2.509909991152072,0.23750326781069528
2014-10-02 21:00:00,DEHM_BD,0.16857275192618593,0.8015746281913705,0.5256625678522437,4.878667996139638,1.835545442207908,3.4188235322461713,4.940599845583735,0.07297182674416561,0.4711489623387156,2.1738290035516394,0.24084863592639477
2014-10-02 22:00:00,DEHM_BD,0.17119525199063107,0.8893961406428312,0.7084693078195908,5.534012364707462,2.2295070596049955,3.950336731685267,5.429750839722488,0.0701013711507132,0.4784527987637556,1.9593954853971673,0.24704714008793688
2014-10-02 23:00:00,DEHM_BD,0.23640038533042523,0.9689467240181651,0.918507936117332,6.111585927502985,2.754863162901422,4.45279129178869,5.993248784201025,0.06895826673574837,0.4716263472948967,1.8544330057522282,0.26106979129812447
2014-10-03 00:00:00,DEHM_BD,0.43026436676988017,1.0257686642505974,1.0918751583033355,6.546134337155456,3.2392758988215133,4.537861562147858,6.620926675412615,0.06996998094882156,0.4345998403714968,1.775413983079288,0.2927366547405025
2014-10-03 01:00:00,DEHM_BD,0.8279831512289377,1.0355749374954824,1.2333661096735724,6.848440934709216,3.5359346302722043,4.505584772840969,6.781290418922855,0.07326835944946465,0.3257099918389319,1.779673399593383,0.34341432528035004
2014-10-03 02:00:00,DEHM_BD,1.1188690933974978,1.0876527199940829,1.2757207141373788,6.995799426907726,3.599667961119991,4.476986057715205,6.605704796644428,0.07591649545839602,0.27533496942814434,1.8254051158313267,0.39249447258928527
2014-10-03 03:00:00,DEHM_BD,1.1775270892807748,1.3280545488388715,1.3177583519686302,7.0373533264143155,3.595399908351987,4.4286576156996285,6.3980294051034,0.07757577324492824,0.2979442822198568,1.8521723803984187,0.4251928067080366
2014-10-03 04:00:00,DEHM_BD,0.9611907427842915,1.5583019962308045,1.7996357376441288,6.929841949440788,3.6467822211185843,4.384327513538734,6.0908471617369235,0.08088248694413168,0.3187855687256902,1.9152515019728522,0.4475152487264025
2014-10-03 05:00:00,DEHM_BD,1.038049400941059,1.7903570664653778,2.208796795242586,6.2086550974954005,3.7431806428095324,4.4283455105542044,5.828492428152981,0.08418483317369564,0.3401561657571046,2.045673790765945,0.45989053981239547
2014-10-03 06:00:00,DEHM_BD,1.0996633509463816,2.1573356813012614,2.3388337454656782,5.041455055563112,4.005423187076398,4.344451831957668,5.497663637223131,0.08881517900459447,0.3429074051711707,2.1847657057193666,0.4943080485396576
2014-10-03 07:00:00,DEHM_BD,1.0960029564777016,1.8703072846714301,2.280922666332554,3.7952811966218194,4.331519278027355,4.134900417112853,5.445874730150637,0.14350021629424745,0.3151150161431728,2.1878112934930622,0.548119726499815
2014-10-03 08:00:00,DEHM_BD,1.0728163533736859,1.5032681434227422,2.0239598304527955,3.2733338236883283,4.593596043776349,4.453722280861923,5.388739557474183,0.2673137030614306,0.29046274632275104,1.9309438323233463,0.6252082541649439
2014-10-03 09:00:00,DEHM_BD,0.8599872456666128,2.194306099668519,1.9265924894994555,3.5243959465494568,4.859712405408046,4.739127622146998,5.101680928025871,0.43576593734757496,0.27922742200870054,1.4121841796019954,0.7042501969555718
2014-10-03 10:00:00,DEHM_BD,0.6667021383273204,3.0615815241336266,1.8091511333433528,3.883421289322057,4.97859926873676,5.087170477360385,4.613485587526802,0.6637445181963497,0.2904814268452812,1.0599972661232762,0.7273914021394565
2014-10-03 11:00:00,DEHM_BD,0.8729065986132749,3.699558066095345,1.509165995655297,4.288818162693037,5.594631995526168,5.76685842605219,4.677629807444232,0.7021445217412243,0.2894427146402535,1.020228238049353,0.6827040711745199
2014-10-03 12:00:00,DEHM_BD,1.7511835267293008,3.667686847102286,1.246992914826534,4.2427580957949536,6.324071853810069,6.025945004708735,5.006527299187723,0.7104950434198603,0.30465473703793133,1.8204654555104578,0.5752937333232583
2014-10-03 13:00:00,DEHM_BD,3.1017134225762386,3.6118614387205965,1.3280963812412017,3.620453649642068,6.0607336325473256,5.5707404217658265,4.772433804243095,0.7589060818959027,0.4380260831914097,3.6676714397354355,0.4358077471326395
2014-10-03 14:00:00,DEHM_BD,4.694747188348972,3.1225297621752057,1.5670192478133693,3.4804965088585362,5.072876454914465,5.224907310364233,3.8780390867349896,0.7862833778724074,0.4290312264651269,5.502871927482268,0.3304225505089409
2014-10-03 15:00:00,DEHM_BD,5.511005575698406,3.203444010712427,2.091024990697899,3.166145203958484,4.089075211514826,5.2710849193724805,3.3754129545522655,0.6889844644095003,0.33157013468612706,6.9885015949793905,0.2553843276699074
2014-10-03 16:00:00,DEHM_BD,5.302209366341506,4.023388341086981,2.7170160875994958,4.230758472184567,3.9361771388044957,5.7358572114412185,4.338511066327743,0.5842345899116992,0.3771052960646204,7.430946473707036,0.20809551765224424
2014-10-03 17:00:00,DEHM_BD,4.7012095370694995,4.770417751301917,3.2098128470138647,4.93578083505612,4.627190186554947,5.932487442375918,5.1876348312323595,0.531015259450078,0.6862365928746997,6.812553567426056,0.1773448043651015
2014-10-03 18:00:00,DEHM_BD,4.671209769554578,6.530316276109886,4.143323238374157,5.13381404145055,5.6292132693541035,5.909557675996895,5.874454328426686,0.5184163770845531,1.7635458266668778,5.991865642758384,0.15231509276070157
2014-10-03 19:00:00,DEHM_BD,4.730692188722236,7.525191436717777,6.170236344069749,5.107614034194511,6.530313509266394,6.01718025136077,6.7775586521378575,0.5295441842919587,3.66271094985215,5.361701728238762,0.14760444123969876
2014-10-03 20:00:00,DEHM_BD,4.561842228113314,7.374631493366933,7.761784805128343,4.7928922998762316,7.057456424487334,6.735045151400951,7.289413557133141,0.5522034522816539,5.30257802945718,4.933276185472906,0.14624095257236155
2014-10-03 21:00:00,DEHM_BD,4.370166493145144,8.591087828335091,8.066603669031007,4.624793499357982,7.357394434732665,7.3909864399075715,7.354028727193285,0.6117349524977803,5.87066945996046,4.543432814890892,0.14772683606584533
2014-10-03 22:00:00,DEHM_BD,4.066987989881001,9.102861248551683,9.002935548102977,4.870937017436983,7.843038636413644,7.655065780257152,7.195585830542337,0.7164800506053864,5.869878037290573,3.8654115544898806,0.1573722042361646
2014-10-03 23:00:00,DEHM_BD,3.4578110022778805,8.46333519059792,11.748020063574216,4.761289180290607,8.523681384867448,7.723171971302496,7.400129226518786,0.9490422307129205,5.9457384867846965,3.63087514838241,0.16542146192430496
2014-10-04 00:00:00,DEHM_BD,3.1880691402022543,7.352746053645238,12.907334891370354,4.380574677321987,8.693221161709427,7.418932369630996,7.421194718073296,1.3159863069947808,5.577327504744529,3.696276017488539,0.1722722788928914
2014-10-04 01:00:00,DEHM_BD,3.360783868068159,6.693570571529568,12.512845838260578,3.9565797282823763,8.50201807017191,6.81856610829813,6.994899121714319,1.700730929094851,4.780436252492667,3.883964947330803,0.1762039539464748
2014-10-04 02:00:00,DEHM_BD,3.551588766191304,5.9198128991621735,11.354100228467436,3.7268374039547845,8.607674473344876,6.711087227153319,6.447927217090611,2.043319231855497,4.217282772146612,3.9096144288915395,0.19195720570961003
2014-10-04 03:00:00,DEHM_BD,3.6186107353913783,4.884026194328965,9.870199286941755,3.607897967958977,9.226581513208528,6.564035324952228,6.002799371000311,2.5167239297958837,3.8866711877144873,3.727699963695109,0.2175897433878946
2014-10-04 04:00:00,DEHM_BD,3.602058302638158,3.996163899619226,8.125899403847605,3.5095937307317957,9.429943720085726,6.290361577269344,5.609709743452525,3.5833040368518234,3.4393867476072915,3.390386089775562,0.25313368624468324
2014-10-04 05:00:00,DEHM_BD,3.4426422198414803,3.562380191887147,6.816264625846501,3.5077337598019667,8.650554715056753,6.072785877703298,5.217971834390303,5.011944078707994,3.0600309248127044,3.0302478310176735,0.283789844434848
2014-10-04 06:00:00,DEHM_BD,3.0400529249927404,3.449716521139647,5.968774627594422,3.4358308090197127,7.777973691643202,5.8155021667907025,4.72012898281902,6.670489143109918,2.8952014013312013,2.6928094252060353,0.3230801778752216
2014-10-04 07:00:00,DEHM_BD,2.498413504048213,3.0261314363750333,5.3660640586540325,3.2072674905308256,6.950087054456714,5.401974799398692,4.18950452846007,8.077790533634126,2.8702579158622026,2.462478235210106,0.3695687889926322
2014-10-04 08:00:00,DEHM_BD,2.1088176038315893,2.3596077986088324,4.724674906732933,2.885754147197966,6.1433769092437585,4.9783699478722445,3.7629192494320303,8.647557782840208,2.705632600183189,2.3139588846234975,0.4192341905255661
2014-10-04 09:00:00,DEHM_BD,2.171550306046461,1.9704274469799037,3.71976586398994,2.724770973920779,5.455124342645751,4.8640664430074025,3.558833364131483,8.759008425483296,2.347427007914968,2.2758214984499103,0.4808479036410175
2014-10-04 10:00:00,DEHM_BD,2.4597968238190884,1.66433652905887,2.7437452560552766,2.59075082571022,4.996943291560867,4.800546157391179,3.487229572027379,7.114414548150748,1.9950211143022034,2.661553257092228,0.5777363355776317
2014-10-04 11:00:00,DEHM_BD,2.7391387906845424,1.5177423986977525,2.4872699329374406,2.4824849244128737,4.382566260305361,4.5707287654874955,3.413251392648839,5.00540288524121,1.5828822365332582,3.1851227332900187,0.7075713030107574
2014-10-04 12:00:00,DEHM_BD,2.9857767360096377,1.381858692746982,2.5920759790894596,2.363374820341228,3.7009748426041797,4.051212722747968,3.37870268155159,3.9405162926736472,1.3288892633738367,3.3893449009192924,0.8441414289144251
2014-10-04 13:00:00,DEHM_BD,2.6012552160481923,1.2718056890221965,2.8459251705218804,2.1447290558246026,3.201521276229745,3.662907636364548,3.133859320035202,2.96879381496951,1.1710794703336107,3.0320520194528577,0.89219342246958
2014-10-04 14:00:00,DEHM_BD,1.901728051574291,1.2320040729881683,2.9306374378052684,1.9119263380448717,2.675817752729153,3.094132328016083,2.948180268502535,2.1356723871329426,1.113355444530174,2.6082945516850753,0.8581265347752408
2014-10-04 15:00:00,DEHM_BD,1.474928897147295,1.210006189791161,2.7774502263340795,1.718625487934601,2.392521759003742,2.811758685180143,2.6572023014678527,1.625941861533858,1.0975159613199539,2.3080630964115287,0.8516359159249113
2014-10-04 16:00:00,DEHM_BD,1.32810402061701,1.3023184869227975,2.4284754410008276,1.7826587874491417,2.4337511935875975,3.0955339420213974,2.9313029398917054,1.2071127522049472,0.8798134722301463,2.191703110774034,1.0035751132649935
2014-10-04 17:00:00,DEHM_BD,1.316746044846119,1.3822654908979084,2.01313256225822,1.9658067627887044,2.956941978034097,3.406373737736884,3.014465281161851,1.0939955647221207,0.7724873817848414,2.413272789391493,1.1416869662519389
2014-10-04 18:00:00,DEHM_BD,1.356685296829529,1.378859800440428,1.7589638741179625,1.9234644206045557,3.448742289080367,3.6828349351523624,3.1913498359036048,1.1352568212358651,1.0966528349662412,2.432882760248943,1.259042653457898
2014-10-04 19:00:00,DEHM_BD,1.3033645431129668,1.472826731419714,1.9135879314680224,1.5933886559645838,4.127473800520809,3.8362376505842772,3.3777678030789193,1.233784445059374,1.7323898197869307,2.0866018725663253,1.3676303375379857
2014-10-04 20:00:00,DEHM_BD,1.0461281416189618,1.5443416979902493,1.8749532297052087,1.7333041005666312,2.5019968504012424,4.17069584099355,3.2592602706014593,1.3536563292146846,2.0733898287731236,2.063111748756798,1.431678822131243
2014-10-04 21:00:00,DEHM_BD,0.9350389940499964,1.5105238398993435,1.8373329311698239,2.028185335113867,0.7551283473217674,4.890882109481493,3.429715517628197,1.4954531447820738,2.0781528727738943,2.1588040606812315,1.465400105684325
2014-10-04 22:00:00,DEHM_BD,0.9796005962076411,1.3514139907244345,1.8389206799132447,2.704599772311777,0.3122938567807059,3.9819547337001433,4.174360525181008,1.560115821071416,2.0857564004866354,1.9439804099232045,1.4520215755167045
2014-10-04 23:00:00,DEHM_BD,1.0270418891438118,1.2141912868901599,1.7541584850737455,3.576144340242598,0.12834394043487013,1.769858451610233,5.425831141319726,1.5472506795303897,2.27621306594671,1.4166699053196299,1.388148252800144
2014-10-05 00:00:00,DEHM_BD,1.1563713421437758,1.2585230304303365,1.6359105670284262,4.783257587506924,0.08082487377297583,0.4771479665959387,6.675324077485524,1.5326550164185837,2.4021508290818767,1.1436037113671542,1.2710976096803694
2014-10-05 01:00:00,DEHM_BD,1.415692392975322,1.4330556310351388,1.5722903589808073,6.525163440392081,0.09051769088958847,0.1843208592870435,5.283873822544824,1.5532003799245881,2.1716765121933155,1.1365472661929217,1.2010289146686717
2014-10-05 02:00:00,DEHM_BD,1.7891018749746173,1.5290988495429552,1.624893150660026,7.0198487060090615,0.1450682201599655,0.12647521378355675,3.5690914215454534,1.5911193725880235,1.7706725146951627,1.3059820970282785,1.213935344258845
2014-10-05 03:00:00,DEHM_BD,2.274853491256673,1.528554227532669,1.7192530055260105,5.682163898948575,0.20485191866633934,0.14208371843089923,2.0095937385471827,1.4603247542238234,1.4588452268178365,1.6585445228647748,1.2420474239091575
2014-10-05 04:00:00,DEHM_BD,2.7267402601714377,1.5749913309173036,1.8248815765368533,3.61071442072962,0.20874239139988315,0.17043766154813395,0.8265540339487297,1.2953050378451496,1.2973435740687371,2.1589295945390004,1.2582008690153805
2014-10-05 05:00:00,DEHM_BD,2.9814725882801643,1.70838124417959,1.935681571086801,1.6642393082626081,0.1739921743003231,0.2171843406639393,0.39725482418564606,1.2796819352586195,1.2503603852273057,2.6580352641525975,1.2431174253395945
2014-10-05 06:00:00,DEHM_BD,2.951330163656724,1.820771350262129,2.123946186684113,0.6639509247920705,0.1649690223431889,0.26866129429329844,0.4996611690547317,1.3681963113147764,1.1638687437961064,2.8246411875060633,1.109120881344974
2014-10-05 07:00:00,DEHM_BD,2.775455445225255,1.699187013891331,2.5755632594636375,0.4559143161374125,0.14099741335927266,0.17350810349429385,0.4375285853790188,1.3936481006922572,1.137711603012532,2.598609221134123,0.9447563732504098
2014-10-05 08:00:00,DEHM_BD,2.3344132484862814,1.45444909610191,2.9698487299196277,0.4092083449796697,0.11437123171788165,0.06972414692893872,0.27189155380882707,1.3817665876176954,1.0973811306256056,2.1840072009208007,0.7961733720727263
2014-10-05 09:00:00,DEHM_BD,1.974633216714724,1.384684910972477,3.00557035693586,0.29239768972213503,0.09800239893624313,0.06411104065172618,0.14226695003657366,1.4089560960137844,1.0119358730930184,1.8398431992139108,0.6719372974900155
2014-10-05 10:00:00,DEHM_BD,1.7367562548839393,1.3903162126700903,2.7441942945084046,0.3054230062039859,0.10230813167470264,0.07133545028907666,0.10530868009172331,1.4551626804623008,0.879636720727484,1.6174585211498291,0.5797690072364731
2014-10-05 11:00:00,DEHM_BD,1.6567637998988296,1.369708465040631,2.3621351549222296,0.4546153911842271,0.11252643064152434,0.0859726232602853,0.16027149509925728,1.4512438522441684,0.7596402805854915,1.4579115755900367,0.5131524968415498
2014-10-05 12:00:00,DEHM_BD,1.6453897032026246,1.248654172423503,1.9422128805480798,0.6730298810569189,0.11675393526798798,0.1240291162299195,0.25679493537987264,1.4049495563046634,0.6675942104032728,1.3542859414489568,0.45364642256330684
2014-10-05 13:00:00,DEHM_BD,1.6214355667323432,1.0414657460965446,1.5723520600531924,1.042813433469455,0.13493940394724,0.13125624535436264,0.3831612536554643,1.3508126546651869,0.6227381263776286,1.2683613152642548,0.39178842680029563
2014-10-05 14:00:00,DEHM_BD,1.5739133317007823,0.9192345100367254,1.4627092035875573,1.069693833083576,0.13041505206210527,0.16365057960632845,0.493249047513258,1.350190543097779,0.5991294341134216,1.2175128157430657,0.34103747050233174
2014-10-05 15:00:00,DEHM_BD,1.481000982978344,0.9010946550415595,1.3491669595968563,1.0214913163363892,0.11111069173190037,0.24011167494502955,0.5467345323136683,1.3862432670602203,0.5670722367345602,1.1203543048874907,0.29823315275363604
2014-10-05 16:00:00,DEHM_BD,1.4838333082894453,1.0871045398013828,1.4929242971282763,0.7660615319985256,0.12009618663950813,0.21316626080217121,0.5257206594655632,1.4879452213726936,0.4460396440354571,0.9276673067003068,0.2634807715421261
2014-10-05 17:00:00,DEHM_BD,1.4737844357676013,1.4139006049298732,1.9420332420671542,0.5269241926835946,0.16853951733008593,0.2757622854036933,0.5482037063043584,1.447332062131986,0.3560098005481751,0.825366491056986,0.23250044327594327
2014-10-05 18:00:00,DEHM_BD,1.2588324840866332,1.5933349439219338,2.062610838615929,0.6458664867373606,0.26741726030145296,0.4130746820840383,0.6338584889173821,1.3998192719384284,0.3134499181644162,0.8915962642563587,0.2064450958564504
2014-10-05 19:00:00,DEHM_BD,1.0719802043556648,1.7054888271874324,1.8969975430955814,0.8393995166077423,0.3037851345487881,0.5542431196203967,0.7463900667982534,1.2743139279972016,0.32340293642956536,0.9939259205427612,0.1867284570370985
2014-10-05 20:00:00,DEHM_BD,1.125320776507552,1.7964554447582581,2.0193066218032945,1.2090082920324494,0.37922259906360745,0.7351268405412383,1.0184229525346724,0.9865635082551464,0.3830899093560115,1.0865833484563485,0.1718315895844436
2014-10-05 21:00:00,DEHM_BD,1.1602263425845443,1.8106208260171455,2.032454586631188,2.159067534735721,0.49149483981399206,0.9815804075961002,1.462383869093724,0.7465415602290629,0.5367989915847369,1.171765136557629,0.16817712197089557
2014-10-05 22:00:00,DEHM_BD,1.1808396947133686,1.6570081644535433,1.9833475808648782,4.155519047987264,0.6099109704597152,1.2769956075699906,2.281040409282396,0.5548195005361083,0.6936752267410499,1.3467964041911133,0.17422465234156684
2014-10-05 23:00:00,DEHM_BD,1.2328298766932595,1.448241446303118,1.8870498144275394,5.93361406752649,0.7951491159491194,1.6721366819650232,3.986429924300615,0.45292381375166346,0.8848730592479136,1.576549014362406,0.18979800615655248
2014-10-06 00:00:00,DEHM_BD,1.3099172325000092,1.3041153899825877,1.8322174058405638,7.064324972106163,1.1222375013330845,2.298734566398259,5.454027750939981,0.4473340776397451,1.1067533699004537,1.6638578075346526,0.204121540263891
2014-10-06 01:00:00,DEHM_BD,1.4105194522728248,1.2343054224206331,1.7797437869869341,7.034435769089749,1.6062364763728016,3.3844812476871877,6.949629418439533,0.5278502035965484,1.1681963290858268,1.6253370062501171,0.21138882512547055
2014-10-06 02:00:00,DEHM_BD,1.5034848630966786,1.2422073678683339,1.7551104954181334,5.767729105188539,2.656044939985927,5.16951551281236,8.125031964331269,0.7348965239312919,1.0313792054487392,1.6373223793004636,0.21713667139280576
2014-10-06 03:00:00,DEHM_BD,1.558984312316408,1.35591763768294,1.8154250497155662,4.987289077430852,4.3336532657840685,7.189290508405188,7.597254576914222,0.9692940265516565,0.8305189731427653,1.686952830110416,0.22489018233753727
2014-10-06 04:00:00,DEHM_BD,1.5469883943744935,1.4491614872952028,2.0170031661375147,4.2639469441512885,6.170124775680292,8.740996306581096,6.037134200135591,1.127763111840114,0.6572814463662542,1.7525871356218679,0.2305474812702833
2014-10-06 05:00:00,DEHM_BD,1.5555720697741882,1.5322610766951785,2.3876804869691832,3.7008556616098436,8.006753341420982,8.635571247346666,5.3132710996176025,1.1979617063836008,0.5542802791251427,1.6879893776166626,0.23014269928840442
2014-10-06 06:00:00,DEHM_BD,1.6640440590115435,1.6524961293368832,2.8213769359347567,3.75766631155936,9.027496935577341,7.685405880434092,4.669434333979189,1.1860490404528006,0.45711397814830745,1.3185562254990544,0.22935883980014346
2014-10-06 07:00:00,DEHM_BD,1.6868106863668444,1.5810283965721943,3.129150141270179,3.899525279710852,8.352199195385962,7.160628416665077,4.2963201432302505,1.0771087923876195,0.3674107420101993,0.8834844117198418,0.22623053543390695
2014-10-06 08:00:00,DEHM_BD,1.4573462762374152,1.5537295034409337,3.1870914411453626,3.8435296943683133,7.649456650730897,6.745050365595774,4.3313018371855705,0.848192663218081,0.3113766967297531,0.601315435528911,0.21961105953874063
2014-10-06 09:00:00,DEHM_BD,1.023155121137006,1.4169861800687484,2.8469481912108723,3.789614486628372,6.414802690844578,5.63415775930498,4.248703741299055,0.6908474450618215,0.24682719515031187,0.4469853220886689,0.2105279356097615
2014-10-06 10:00:00,DEHM_BD,0.7158224372634174,1.4540818004448826,2.353114863431866,3.6374432254947244,4.222888933779344,3.773242236124588,4.208148532649783,0.5901297673534042,0.19308715964290998,0.4214451738247764,0.2045754391383938
2014-10-06 11:00:00,DEHM_BD,0.5398823720230953,1.355188285829157,1.9957069076317686,3.6094469560965248,2.695932051360891,2.645942442585256,3.9603482321212127,0.4502436847417428,0.16546518245703054,0.37765298711695233,0.207055239937417
2014-10-06 12:00:00,DEHM_BD,0.4465014924852875,1.1588180363039067,1.621513360399534,3.52303617913074,1.9289536698744658,1.7312478027547267,3.6914768699697853,0.34562406256472683,0.15225468639583079,0.3691084173893392,0.2093573713653533
2014-10-06 13:00:00,DEHM_BD,0.3850682997299416,0.9109655640993661,1.3595272595584484,3.453124058477294,1.6815587868312398,1.2509541647261926,3.3354568424047506,0.24225155722076053,0.1524902891050906,0.40492404098937157,0.20938436089720552
2014-10-06 14:00:00,DEHM_BD,0.3705357534605169,0.7042557935370329,1.2130293763093407,3.342366457573129,1.3354077612720918,1.0369378676968357,2.753490028402145,0.18461756872672574,0.1605657628386618,0.41247040302951576,0.208012482824698
2014-10-06 15:00:00,DEHM_BD,0.37289161513580926,0.5657833132134895,1.1302044647873595,2.9524340985493733,1.0316817977312276,0.9174257192930393,3.093569701138271,0.14898646247911257,0.17133200558780912,0.41469320630915174,0.2038045886925793
2014-10-06 16:00:00,DEHM_BD,0.3926616424166026,0.3590606947520739,0.9408289325811621,2.4938592724723168,0.7978088550668138,0.9034992814903732,3.7693252572299545,0.13337316361226825,0.17187910723742955,0.4395575264064164,0.19687021182076986
2014-10-06 17:00:00,DEHM_BD,0.4328087330726742,0.26523830598423537,0.7827421104009811,2.4098631095764356,0.7305977749133551,1.0336891610751264,4.008722698340451,0.13449336244655763,0.18022272989661647,0.41772137019420263,0.19190802222892622
2014-10-06 18:00:00,DEHM_BD,0.42208194009864225,0.28990053632472623,0.6529813465614953,2.1863946588721985,0.7940273830177496,1.1922890462413909,3.740964430459829,0.14374224514827108,0.20118414191963663,0.372270961550048,0.18866179789915666
2014-10-06 19:00:00,DEHM_BD,0.3765545614046206,0.3603167793359875,0.5783735998951924,1.7653940170720368,0.9334481244477023,1.3055407142956594,3.454542152416355,0.1603825377399077,0.24626416663305795,0.33034519668885265,0.18799785763864393
2014-10-06 20:00:00,DEHM_BD,0.337785514714897,0.3919461689867788,0.5770684048360405,1.4448799421927376,1.1071115912946314,1.3355832414107625,3.159432474954496,0.17435007255773058,0.3413267394598479,0.27861202670495255,0.1947651007581408
2014-10-06 21:00:00,DEHM_BD,0.3317739539956998,0.3868651069960416,0.6430369536841729,1.2470002073226483,1.0842611659682588,1.5229132263296528,2.6628156968984946,0.18183462763134847,0.359341775050247,0.23511902686474134,0.2106394104428215
2014-10-06 22:00:00,DEHM_BD,0.481416208345103,0.3835954639666015,0.7081101674386114,1.2634163231888358,0.9181742822249954,2.2291737944314693,2.223682834209362,0.2158973093244479,0.31495497748845713,0.323424609681299,0.23450777717689042
2014-10-06 23:00:00,DEHM_BD,0.9703697566782007,0.43400369626617746,0.7816498422891867,1.2946612639848614,1.0599528567545022,2.657514005916649,1.991568326923682,0.24812206552946925,0.2948459991961111,0.6170960366807563,0.25993935809648583
2014-10-07 00:00:00,DEHM_BD,1.386051466746612,0.625297226289762,0.9148305173213698,1.2152786643620181,1.4299953440583077,2.0475336343340276,1.9446449378278232,0.2517343789312988,0.30756420235983073,0.9723998404597485,0.2782847113355341
2014-10-07 01:00:00,DEHM_BD,1.485877415761517,0.9697171565904085,1.1766487473029288,0.6362367374945628,0.7778059322749218,1.4496509727974414,1.8366118873474908,0.24193107265060768,0.29777560551621945,1.2052785686189202,0.28341803327715936
2014-10-07 02:00:00,DEHM_BD,1.517560115989193,1.2272736166109377,1.5267755999806103,0.27601959723796854,0.45731940914825986,1.0393524989844043,1.044269941883201,0.2344905318704154,0.25749187221718006,1.2737780649165529,0.2790399079950945
2014-10-07 03:00:00,DEHM_BD,1.7106106674221904,1.3474374324694764,1.8298156153397183,0.1631620625899253,0.39608638533960083,0.6061638547579602,0.3193514762423558,0.24224321966383588,0.23323165514239444,1.3709462526586464,0.27280199400717375
2014-10-07 04:00:00,DEHM_BD,1.965527469759886,1.5252557707640293,2.013187927674859,0.10541726641202094,0.4865789124666898,0.30908429333540466,0.1297148604884929,0.24916687478788188,0.2671214101204483,1.5997394575769082,0.2694570654435432
2014-10-07 05:00:00,DEHM_BD,1.8519628360582745,1.8119464360426039,2.1681310622370393,0.08732737306566374,0.6253601135517702,0.3414878282702324,0.08059746295278698,0.24752360104255372,0.36219654332933005,1.7020815953665227,0.27066762558699115
2014-10-07 06:00:00,DEHM_BD,1.6574271202586777,1.9018351397074666,2.3404808425574353,0.09976122670643604,0.6611588202894665,0.39709961537021154,0.08337668105415347,0.23617027757730313,0.4730660432180854,1.609180157109797,0.2821153951885085
2014-10-07 07:00:00,DEHM_BD,1.660069377973974,1.6979084749070181,2.115760492928848,0.12240969908317165,0.6424313249744195,0.4132984340020871,0.13008249698214921,0.23027339155985024,0.6407503246228303,1.5901517376829684,0.29782798204799166
2014-10-07 08:00:00,DEHM_BD,1.7701739139533044,1.5820608939045666,1.8655102745206653,0.1747307445055437,0.6251484801795262,0.4342313066261698,0.22362409274874356,0.26646221751267074,0.8277673402067273,1.6275409511844814,0.28997844746167756
2014-10-07 09:00:00,DEHM_BD,1.864759888322018,1.6173959889896214,1.5892885009812936,0.2093988011082994,0.626991974728417,0.4697522113863476,0.3197098922141629,0.36608992413846775,0.8431986131208389,1.7402625358615817,0.26875235848145784
2014-10-07 10:00:00,DEHM_BD,1.7863441190394969,1.5299580181400478,1.2542785529498757,0.19947961778247655,0.6629774983762575,0.47108548209691586,0.3205862693695961,0.4701050239375232,0.8434436168628929,1.763342128949985,0.26921891873555237
2014-10-07 11:00:00,DEHM_BD,1.6216607417997344,1.2156102287266775,1.2068754059862346,0.18268858373434918,0.6118525564010346,0.47285530875013215,0.2551524831860936,0.5225794162015243,0.9169689793279767,1.7071873211311082,0.32647309104104055
2014-10-07 12:00:00,DEHM_BD,1.487772059278004,1.1138580038463324,1.238833599520563,0.1570272990084841,0.41755401974590944,0.5007793011392396,0.23219091966485947,0.4576060757173598,1.00611004920423,1.5676325046941266,0.4336643371222866
2014-10-07 13:00:00,DEHM_BD,1.3977100708017312,1.4069418366784416,1.56761129684577,0.12583359487892878,0.2612612417223723,0.4577809353415667,0.26533062468980545,0.3821208655786513,1.0742141281606257,1.4681235543005728,0.5191232888397854
2014-10-07 14:00:00,DEHM_BD,1.3517539893231914,1.5166333652036916,1.5300431739129452,0.11796561597388114,0.19036609751304595,0.3727082128680267,0.3002111590930552,0.4602520213548838,1.1267702307745813,1.3311893279139138,0.5655139872720697
2014-10-07 15:00:00,DEHM_BD,0.7455804541987179,1.0940638987079354,0.7550143783382504,0.10631172790635457,0.17769796080356448,0.25492889528515505,0.2970894441206342,0.5141705174714325,1.0487686262977123,0.8189200805065222,0.5783159878847538
2014-10-07 16:00:00,DEHM_BD,0.5357685847698803,0.841440237365862,0.7459186794254434,0.09632445768509192,0.1691865944750792,0.1507216368301753,0.2652815554599417,0.4910507707817851,0.9538425956471264,0.5117117115528881,0.5822303806097293
2014-10-07 17:00:00,DEHM_BD,0.5696447612636605,0.6040856176926708,0.7590963258791941,0.08945553797441243,0.16407081232553794,0.14676292128321272,0.29137655054173367,0.39608852285429824,0.8410587599363922,0.7306796622791583,0.6038562087603541
2014-10-07 18:00:00,DEHM_BD,0.36310436929800294,0.502405307170641,0.48157995772215767,0.13675908302102813,0.1641212677624377,0.22521155525765257,0.4142582426245782,0.21773525117475526,0.5402952780244498,0.6820852627170624,0.617049850413571
2014-10-07 19:00:00,DEHM_BD,0.202797647225065,0.3469484210813626,0.21070506700351938,0.2638979472223575,0.16294515401249732,0.3791290238924342,0.7150869138999076,0.1188910026102884,0.30495774858528724,0.5900081727943165,0.6159431311156486
2014-10-07 20:00:00,DEHM_BD,0.1369526129672617,0.31506339754464296,0.1287522200309748,0.38107324034690915,0.17479785575559353,0.48947869646631864,1.0514130912117308,0.07682676299381991,0.2986821116156503,0.3958955170215113,0.6132135258718813
2014-10-07 21:00:00,DEHM_BD,0.1798782696864077,0.2893815348234807,0.1275902561553281,0.48202513674953656,0.19276098842136546,0.5584279698194172,1.1693687164027542,0.19329909147050228,0.21590690452926767,0.2287218259396851,0.6273798819876043
2014-10-07 22:00:00,DEHM_BD,0.7317935605720948,0.3404813485481101,0.10862941167860639,0.5789470846914526,0.21580244481218963,0.7263931981196813,1.245229528737512,0.18066130314098183,0.12340829490110267,0.17174545533555957,0.64725111111545
2014-10-07 23:00:00,DEHM_BD,1.33376185084541,0.3621538449483521,0.0789665207793929,0.6591542834581237,0.25686830427328106,1.064680354426862,1.3133403875359608,0.09620689661834377,0.1275047700181462,0.3493846845473485,0.6381397123566269
2014-10-08 00:00:00,DEHM_BD,1.5197758880365684,0.25393524918939253,0.0696778071515075,0.7344215288724495,0.3783885366570087,1.3547601592965106,1.2880750831725385,0.0729380635082535,0.3197438368930457,1.0647919148115097,0.5863420900669319
2014-10-08 01:00:00,DEHM_BD,1.5964155354016851,0.21068990218557515,0.11084085094982683,0.8008798117932185,0.7008568401800281,1.4856819921720203,1.1976019803633415,0.0661268704568849,0.7401909030332614,1.5488860711047814,0.5087847953696921
2014-10-08 02:00:00,DEHM_BD,1.7255031012802593,0.17194819760526808,0.1752651467178551,0.8545467809520388,1.0410192491286994,1.5002330639758643,1.1742022658474647,0.10113296632997446,0.8981548639305351,1.659916461410744,0.41286769661620254
2014-10-08 03:00:00,DEHM_BD,1.7928786761724553,0.10122668867599224,0.22521819378346306,0.8799194980848467,1.2545561202381388,1.4630333612419595,1.1771957657843557,0.12977211562261434,0.7879581066056458,1.7978647976143824,0.32940186102339986
2014-10-08 04:00:00,DEHM_BD,1.66493510850857,0.10088574723289405,0.1343269779399074,0.9186484921665117,1.3205753696847706,1.3834905235497306,1.1881824496157123,0.12049672434884108,0.6125678195425547,2.0391325147387,0.255695849052239
2014-10-08 05:00:00,DEHM_BD,1.3909042968887968,0.16285520356703015,0.13747424134633118,0.9031915787652156,1.3497960510423384,1.368239912557918,1.2755798814778778,0.09135121692401348,0.32074065832169957,2.248045117029511,0.22507740076091123
2014-10-08 06:00:00,DEHM_BD,1.2073870771181123,0.2035718871291295,0.1666865768579861,0.7956703367805241,1.3737290259203547,1.4825259758892717,1.2963485981502587,0.12173107567431388,0.12465429178442786,2.348552552651397,0.24781156509501842
2014-10-08 07:00:00,DEHM_BD,1.1059843337505828,0.31995795261655974,0.2139310842054821,0.6278136733672024,1.4120344726077585,1.5330287943598222,1.1624640842322354,0.1448366231937053,0.12637060507181078,2.2039390845394764,0.28347853771184794
2014-10-08 08:00:00,DEHM_BD,0.967068979821381,0.21915860224913564,0.13524275728266827,0.30895423873136335,1.3536081436401348,1.0911846164867691,0.7790679787361284,0.14680916709432834,0.14123069544529981,1.8868624614140954,0.4307377833935385
2014-10-08 09:00:00,DEHM_BD,0.9539380188570264,0.10389840239437517,0.07884462529897218,0.16469037787914087,0.9551538633619481,0.5514056170795403,0.3675313517395604,0.15807980230752358,0.17588677206125095,1.6504554505781723,0.5750556701523879
2014-10-08 10:00:00,DEHM_BD,0.883487354573803,0.07836331033551117,0.06906352739625138,0.148775995739863,0.624717649131529,0.3737653973579533,0.21682711247261782,0.17536899224724142,0.22684128353658123,1.4810485662657897,0.5863807167425157
2014-10-08 11:00:00,DEHM_BD,0.8051760433773149,0.09466574793469607,0.07206722004411958,0.15779704429832483,0.5519903158798534,0.2455826657048108,0.1760393410497452,0.18134271125500076,0.21143688271908076,1.2868707350797786,0.5065134057487605
2014-10-08 12:00:00,DEHM_BD,0.8251366356924384,0.13985905443526098,0.09292930128653755,0.16555872663403376,0.3903304891315753,0.17134859190463375,0.16124601012327233,0.17119011960112945,0.1594934987172948,1.1593380035305092,0.3724164676540844
2014-10-08 13:00:00,DEHM_BD,0.6727954738184354,0.32611590416952607,0.21482062752197134,0.1846009144928416,0.27758616741080294,0.1441637087120853,0.15811269188798108,0.14456970442014733,0.16744583826079484,0.8673525311646162,0.23684314018910274
2014-10-08 14:00:00,DEHM_BD,0.4715340831775554,0.3800455950929869,0.4191135589496948,0.19753495895989917,0.22045673433860993,0.1472269934169706,0.17287330219817826,0.13286055320989318,0.49736457026740843,0.6579791401724162,0.15477640698268627
2014-10-08 15:00:00,DEHM_BD,0.3368910359975049,0.4866214132021203,0.5054309911952173,0.18555098420811164,0.23761972975590492,0.15150062772134001,0.17880629792986,0.1340667887022066,0.8216340262240946,0.5563775745145518,0.12332492943311628
2014-10-08 16:00:00,DEHM_BD,0.1883507275180313,0.6639707503114379,0.38021705890520385,0.1618585898139878,0.29804254636497934,0.1466300757486394,0.15994855217749654,0.11554912391960957,0.8121299253263976,0.5116824053129315,0.11415544702485864
2014-10-08 17:00:00,DEHM_BD,0.1886136622397624,0.644201308754875,0.3323275728923624,0.1510241558882355,0.3041441655022348,0.168219655612012,0.1460437151809812,0.09010563430886236,0.7990937093808368,0.7133425198406302,0.11121926440999526
2014-10-08 18:00:00,DEHM_BD,0.4635431832811634,0.5571672983065055,0.7176145666729958,0.15428335157813375,0.377159469796568,0.30455649739623986,0.15975838956684668,0.07105645678786783,0.6922824935663018,0.8628175222465573,0.1094277245902886
2014-10-08 19:00:00,DEHM_BD,0.5598600619229318,0.8311200823098435,1.1857352968541583,0.15469038738375349,0.5656941442543315,0.41497738373096027,0.1931196318743304,0.08363267907088141,0.7109297794377335,0.8349512889591307,0.10987705938930098
2014-10-08 20:00:00,DEHM_BD,0.6177788550359931,0.9413817842636987,1.3184068439934964,0.1459599858885555,0.7086104135014442,0.4762352962703894,0.20809690060582012,0.12895839673996187,0.7893251033406755,0.4495497332939362,0.10801348791843057
2014-10-08 21:00:00,DEHM_BD,0.707808521846149,0.8493798724257379,1.4759171540508045,0.12865557510579162,0.5133213508371914,0.37753957508137154,0.2034861097037047,0.27534878120363443,0.7885194308181273,0.4097593542339724,0.10703704006615905
2014-10-08 22:00:00,DEHM_BD,0.6386109757721732,0.8405211567097818,1.79520337507687,0.10679787082994287,0.43518025317708964,0.33342715028967873,0.18450572721058262,0.6945069949598586,0.8242241571128434,0.5365611644747312,0.11622067670733313
2014-10-08 23:00:00,DEHM_BD,0.48681571143528024,0.9541260106179569,2.032893176553582,0.0869732171935803,0.45588089118476716,0.5095909959546604,0.18956417265433434,1.274026837011203,0.8376279931914492,0.6315659271978606,0.156348997204595
2014-10-09 00:00:00,DEHM_BD,0.2541559069837634,0.8998235208980586,2.1935095422337585,0.07483759905947882,0.4695267884993575,0.7017996342241901,0.28891069001045977,1.1254061122649721,0.8515085589301691,0.5501154156411725,0.23184597225923936
2014-10-09 01:00:00,DEHM_BD,0.233745676976909,0.9040973541370622,2.2053712288968406,0.0804921186915185,0.4373478854572539,0.803906108870659,0.46217815089012804,0.35644352790925643,0.8317918758827446,0.6183592952931951,0.3486741521553496
2014-10-09 02:00:00,DEHM_BD,0.4163000626034802,1.9888381561754644,2.069176820848868,0.1040383200959077,0.4374785950919938,0.8325708068890992,0.6496093376722518,0.2870113020795955,0.8997738009243831,0.9555570900690509,0.49855773748078397
2014-10-09 03:00:00,DEHM_BD,0.8409724016345653,2.550386347812472,1.5586901377105369,0.17820371686007985,0.4471288710336153,0.86378673661429,0.8668803307956923,0.5106308850924297,0.8403867663522808,1.2126624617645354,0.6489635602241847
2014-10-09 04:00:00,DEHM_BD,1.496196578034307,1.9977310339092091,0.9331420168335999,0.31693883071218054,0.48813971762461805,0.9251791329025705,1.0057412797124894,0.5146153638217225,0.5965444832726193,1.313262358398512,0.7897954666302656
2014-10-09 05:00:00,DEHM_BD,1.937708444230668,1.8566806433966243,0.482339178752557,0.4182026721502953,0.557167160108881,0.9429485900459477,0.9819461191912696,0.24912174458350977,0.523534284977652,1.4787010844078845,0.8624818423049523
2014-10-09 06:00:00,DEHM_BD,1.8662560445685032,1.882845226025884,0.13112492107778417,0.43919406318522597,0.605812495336288,0.8411104436041255,0.8634414097679454,0.11448477519929395,0.7403426375372706,1.4319706512426025,0.7414408127935789
2014-10-09 07:00:00,DEHM_BD,1.7125123727767635,1.4347721581609372,0.11990621810164061,0.38011484331621,0.46008521992152085,0.6071050853893806,0.6423340352276712,0.08432774495176959,1.1672860873582587,1.1136562987055072,0.6295746531998924
2014-10-09 08:00:00,DEHM_BD,1.5377883307831852,0.568809561293777,0.1159222321205398,0.20617380429219767,0.2804308996196393,0.3156411064529992,0.32622482709026657,0.0846827772300783,1.0286032679743597,0.6707521276085775,0.6247687233126907
2014-10-09 09:00:00,DEHM_BD,1.2062053026193287,0.16338894234099421,0.11534238011827685,0.125484079032184,0.19884766426938344,0.2162969515080837,0.1859894729973547,0.08919479556703933,1.279776870432235,0.6584232969865598,0.7538912289845199
2014-10-09 10:00:00,DEHM_BD,1.0429470758892578,0.1442166611537708,0.11665397262680333,0.09802282857116798,0.15374861784513566,0.19330098920432265,0.12507373970238042,0.08736069404242544,1.1649849552690146,0.8067725644772336,1.0396513349961116
2014-10-09 11:00:00,DEHM_BD,0.8707000584489694,0.14717902911007388,0.11249441535081701,0.09252327435561393,0.13501960408758826,0.16633199795409764,0.11049619797749717,0.07973772013507766,0.8568543485537684,0.8474485688144153,1.258924344317531
2014-10-09 12:00:00,DEHM_BD,0.6475356381245737,0.14900863157392472,0.12097856252392743,0.08973916542769053,0.16286289181701602,0.15344461214995297,0.10625271827911596,0.07298724733413171,0.6104276253877161,0.7370950891441432,1.1553909306007717
2014-10-09 13:00:00,DEHM_BD,0.47103341164497997,0.15374972809488882,0.11573740946928726,0.08773434938884077,0.21161475005933536,0.18477690386167303,0.12005353432476451,0.0665685949179761,0.49099311770719933,0.45898025925473707,0.9013968374916258
2014-10-09 14:00:00,DEHM_BD,0.4221566354081264,0.1895976455491315,0.1323997799725526,0.08446726707310669,0.21301675676085052,0.24660965864212764,0.12115087170073484,0.061582045315000944,0.47841739618089496,0.2880721991532156,0.6397047743004094
2014-10-09 15:00:00,DEHM_BD,0.32642045016994475,0.2143933595177001,0.1701254346870537,0.08220613108894036,0.1686122465507242,0.27980774710786793,0.11175143062733339,0.05904862290139764,0.5164566254440974,0.20379705392155634,0.4909633062948729
2014-10-09 16:00:00,DEHM_BD,0.2528056096216808,0.21495393084729972,0.19396641549624907,0.08378783307047442,0.12684125393289594,0.2793368481661587,0.1069908646391666,0.0618092552275524,0.6024504800486331,0.31311308645071906,0.42259330567063313
2014-10-09 17:00:00,DEHM_BD,0.22768586567868293,0.2343848358794671,0.22424199057176292,0.0871939759293574,0.12462630631405158,0.4047272777056691,0.23071985967589037,0.06458848379694845,0.5732035305816423,0.7832966018020896,0.37326557010799877
2014-10-09 18:00:00,DEHM_BD,0.3382478869761288,0.44310839639216076,0.4322874595677926,0.13336999517356266,0.15912653121099093,0.6479642260024021,0.4846576285288654,0.06404440611773166,0.45515921313565,1.1973790420800168,0.3362190829219931
2014-10-09 19:00:00,DEHM_BD,0.6463026937372368,0.7369045069266673,0.5722383190982656,0.2929601090149499,0.25452186379878416,0.9992487415062056,0.6452497509729662,0.05835629969605699,0.4133993553463434,1.3022913044508329,0.3063618620522021
2014-10-09 20:00:00,DEHM_BD,0.9978218351970508,1.1259960889532794,0.6644852565131945,0.4374644061395013,0.4062005825217416,1.4117790146934643,0.8362501160593238,0.047813325650612686,0.49336903641262575,1.299357960270688,0.2685754656992298
2014-10-09 21:00:00,DEHM_BD,1.3966310769810792,1.4835141388992799,0.7173319134088175,0.4396459379393369,0.5931945924659607,1.6580557787609516,1.137734376800024,0.04181855028319628,0.6661754740714154,1.4052707715387553,0.23295094006616
2014-10-09 22:00:00,DEHM_BD,1.8876322340962153,1.8118561319063198,0.6226897329268232,0.44156080372149764,0.8029161572579817,1.7040949546821644,1.29290912149926,0.03931375146691446,0.9493841505960025,1.6246503041954712,0.2063459983940329
2014-10-09 23:00:00,DEHM_BD,2.3258560226227996,1.9411625702678117,0.26997015209811787,0.4473209283554742,0.8332098280082665,1.5935453197929903,1.167000274194629,0.0314100819614831,1.3296480733688913,1.9223613375197728,0.1951986440872912
2014-10-10 00:00:00,DEHM_BD,2.530900057894953,1.7053055706667903,0.0614307941008486,0.4607245979515247,0.7088586209956229,1.4723859203071543,1.0525455901879754,0.026811769209606387,1.7237457500691216,2.5140862489482387,0.23919298444958775
2014-10-10 01:00:00,DEHM_BD,2.6480894113664712,1.2336360437188294,0.05918049004304679,0.5502894008569686,0.5843637947563896,1.4254489359764488,1.062796889613954,0.02916158566249986,2.0975536668519674,3.206105539203007,0.3473582124965442
2014-10-10 02:00:00,DEHM_BD,2.5418741150571256,0.94613550191563,0.07141274592012394,0.7166688676038985,0.5699331790400552,1.3836917920397405,1.1396766742027473,0.033992946337570835,2.3135548654713673,3.8478809542505443,0.4510970249612827
2014-10-10 03:00:00,DEHM_BD,2.451360745005349,0.6723487406403208,0.07879093845526662,0.9002664744421828,0.5359226973461522,1.3068954773435697,1.216047046109013,0.038670659638023824,2.1883015024241748,4.044119460576307,0.5269883258272123
2014-10-10 04:00:00,DEHM_BD,2.479119588006892,0.34572779051863667,0.08042652427692579,1.0346904015052594,0.4562927159499841,1.2247498171374704,1.271883331474686,0.05005619822720053,1.729202692142506,3.806895697478615,0.5987435146364103
2014-10-10 05:00:00,DEHM_BD,2.630096217456936,0.3413861508570547,0.08762494172842572,1.1058738842256446,0.4166295797973708,1.1561303038130342,1.2704689814538292,0.08007739366505275,1.152525282595565,3.6724114759261157,0.7030825516431312
2014-10-10 06:00:00,DEHM_BD,2.7126289792377642,0.3078739403875316,0.10160894934147688,1.1055600118386306,0.42590534617697806,1.044758398407467,1.1989818056595378,0.11408874683752651,0.6346323540349176,3.5987213592049105,0.8206096417560149
2014-10-10 07:00:00,DEHM_BD,2.408024478261178,0.12096229340220901,0.13605132703495423,0.8089669963544899,0.31351110598647025,0.7765131012802349,0.9279314122318884,0.12313820648065757,0.323067415543436,3.173050693040356,0.9063374274908936
2014-10-10 08:00:00,DEHM_BD,1.7230185472449766,0.1360511859506391,0.2553709526628142,0.46801956779364107,0.24070214643975243,0.544146792773155,0.5696048409277433,0.08168328517036501,0.17336132171241087,2.444150535267478,0.9443625221697707
2014-10-10 09:00:00,DEHM_BD,0.9953796945197867,0.14476088098417025,0.4687602661825145,0.41014410008617813,0.20725915687884194,0.4761249705797393,0.5059015056105132,0.08582511131283808,0.1189746723199496,1.8518168693005246,1.0165965557463281
2014-10-10 10:00:00,DEHM_BD,0.516460724674455,0.16053050598837892,0.5686864731267908,0.3966210358806734,0.21275568669034153,0.5006643417165818,0.5064700867680989,0.08121768319405134,0.1157735366676281,1.2796780924086895,1.100056641827782
2014-10-10 11:00:00,DEHM_BD,0.32099891857628926,0.19536576430797098,0.5513305533210864,0.427332785424698,0.23321720433382295,0.583723132023855,0.5635217682911711,0.07373889266501166,0.13724359040559725,0.9972959811622178,1.0886479069133685
2014-10-10 12:00:00,DEHM_BD,0.21949322235289945,0.24918975346494454,0.5293874036626063,0.41650409082057793,0.2611078849326632,0.6292520291819516,0.617983147277424,0.07774105868808913,0.1481799336571222,0.7621289064297271,0.9158664457467895
2014-10-10 13:00:00,DEHM_BD,0.15895107010225754,0.2980841558249223,0.5245296823227801,0.3394015989257928,0.2760888465118778,0.6413693256859926,0.6910598867635783,0.07652191056621249,0.15733219879249105,0.727759904718016,0.6289792160619736
2014-10-10 14:00:00,DEHM_BD,0.1492445373123627,0.3416281445918313,0.5700000733136537,0.30462157511394816,0.26686545022616154,0.6709116012831079,0.648504790335144,0.07877394374747744,0.16024169465549276,0.7348618994216277,0.41163460869474683
2014-10-10 15:00:00,DEHM_BD,0.15004825741442723,0.35413717734542166,0.6597992706001568,0.21991112003591867,0.26923630912736507,0.6747684169550817,0.5741250581741727,0.08270977220541384,0.147818359076029,0.6173246608309633,0.2978939675576757
2014-10-10 16:00:00,DEHM_BD,0.1546801297632254,0.33626394828758815,0.878659917604051,0.1875464657855067,0.3110659495156025,0.8267044532695151,0.6190784193437222,0.08722711401872452,0.15000410426642843,0.48921552197112705,0.23116027792666283
2014-10-10 17:00:00,DEHM_BD,0.16705890353593036,0.3601533922936413,1.0731815738150314,0.2882781589790617,0.4285537250833992,0.9287795211771255,0.627900963689359,0.09433308499433737,0.1629716809294986,0.5624097397041321,0.16923773169742543
2014-10-10 18:00:00,DEHM_BD,0.19352770595444818,0.4276605218453667,1.0995616259308532,0.47749744795881044,0.8481751806161307,1.0269021786356967,0.7566536777371166,0.10470497009176255,0.1772280927675249,0.8135812661631654,0.1269286765520047
2014-10-10 19:00:00,DEHM_BD,0.21458728437962918,0.5899383465101858,0.8773146786066214,0.7634965687870003,1.2941601519838333,1.144062270553927,0.9393388100599342,0.11764467858161945,0.21741736749735463,1.0050660659607615,0.10378734544756148
2014-10-10 20:00:00,DEHM_BD,0.22886626927118614,0.803176921977878,0.7169763832475454,1.1217327828725439,1.579433145637794,1.3098046101296947,1.1403564512954831,0.1420027703312784,0.3018878326694834,1.1464191864677593,0.09627686215078522
2014-10-10 21:00:00,DEHM_BD,0.2568701274536735,0.9894002870958281,0.6993719116331962,1.509440114996921,1.7306559426624943,1.5603844390530004,1.446258077439355,0.18222899557203034,0.4312782610559788,1.2738449444519553,0.0935033275633139
2014-10-10 22:00:00,DEHM_BD,0.30573971102148745,1.0910780909950846,0.67209129630737,1.918260252144501,1.8171813347817782,1.8806908913801148,1.8496424817238086,0.209760977303367,0.5307246586623229,1.37320672038428,0.08984569063890419
2014-10-10 23:00:00,DEHM_BD,0.48462185559738535,0.9823772223109518,0.6677928450026128,2.3717604228324403,1.8155419624788676,2.295893495448056,2.3201194137200303,0.2079219364566541,0.6937170444720652,1.5304520149682495,0.0877324720873113
2014-10-11 00:00:00,DEHM_BD,0.8546085195009729,1.0042299424066488,0.7810903284916353,2.8290296775997055,1.8333816092788253,2.710853451431743,2.7549405999927226,0.2007000984120368,1.0870667519058006,1.828961069085365,0.08642577872669167
2014-10-11 01:00:00,DEHM_BD,1.412947486563856,1.0416539471857063,0.6629141323291835,3.2784022497370877,1.9217436450574021,3.0391549316737674,3.1148247588031905,0.20833027404762786,1.2964469996699317,2.141915202989336,0.08400678540286162
2014-10-11 02:00:00,DEHM_BD,1.8631986218631358,0.7953044484952836,0.6864338576162885,3.6406638436135266,2.024856774175423,3.342175070272049,3.537735808111123,0.2676472077202609,1.3800901030342931,2.3630903839543462,0.08313843677202311
2014-10-11 03:00:00,DEHM_BD,2.199901672065107,0.5601054974733666,0.9714473801977419,3.897839999840179,2.1642694571211165,3.6145376045867024,3.9802753219664426,0.3662420689840613,1.4426065460433997,2.4486958991676944,0.08412628847734888
2014-10-11 04:00:00,DEHM_BD,2.519329954264708,0.894296623833077,1.3148035781577507,4.140743276763599,2.3430735017558155,3.8761012779061215,4.4161732355258705,0.46088633127495643,1.5040445043239368,2.501827267803121,0.08743058901383155
2014-10-11 05:00:00,DEHM_BD,3.0684928614331177,1.654308747696625,2.3626367418356704,4.367975873738525,2.50821645419152,4.135066295702673,4.806572409447385,0.5245895902264863,1.464488149305582,2.5570783291471755,0.0899960791510617
2014-10-11 06:00:00,DEHM_BD,3.8886523543028675,2.8857950684173215,4.010460252024816,4.407468285576608,2.650973294747289,4.252670570558195,4.998978683681977,0.5273801061710714,1.2456767264829856,2.468440037716683,0.09187125161892248
2014-10-11 07:00:00,DEHM_BD,4.0457308650482915,4.418744452940673,4.6565336168091935,3.693061985039226,2.641077988155685,4.01214469799352,4.559973811530455,0.45982449521832164,0.8527369857737235,2.1419724839095027,0.09389639532325778
2014-10-11 08:00:00,DEHM_BD,4.039138901793043,4.8782342605869236,4.562755868084337,3.249303511255175,2.5795246160252256,3.7958533594431496,4.188504292511491,0.35045135972846275,0.5893449057303741,2.191837160792202,0.09339031595305998
2014-10-11 09:00:00,DEHM_BD,4.161177298934665,4.81344983926596,4.416174076570133,3.5967949201831906,2.5777757350492974,3.681429982325088,4.288399598224361,0.2990790540530159,0.7071597693482414,2.377272372350693,0.0915146628576563
2014-10-11 10:00:00,DEHM_BD,3.9890005237165607,4.691204816647125,4.36420922157806,3.604492348628867,2.5112830057307067,3.332060075132418,3.824687920313589,0.29637031915426243,0.858501086155437,2.423334448523638,0.0965162571508157
2014-10-11 11:00:00,DEHM_BD,3.8066396363041988,4.54614722873025,4.243268091256769,3.4099366667800566,2.640584586881133,2.728757813716101,3.143267143066198,0.3082099913158266,1.0920599538596347,2.9497375339109078,0.10629040921813328
2014-10-11 12:00:00,DEHM_BD,3.4930428874448882,4.476560319212609,4.234799981299255,3.083737058959599,2.8137771686977,2.331592292689451,3.0163968825618634,0.28307664157502344,1.5924627359548813,3.1601458837337533,0.11721008230935309
2014-10-11 13:00:00,DEHM_BD,3.1162343491903592,4.299858434361671,4.010577514407523,2.418005265991112,2.728859677885011,2.5306695806524235,3.3279439100280803,0.316967982420735,2.1760426222226212,2.696960397567196,0.12593803607199558
2014-10-11 14:00:00,DEHM_BD,2.7427205374462664,3.9046604059010965,3.786052392134408,1.5522159411890477,2.3789465418857567,2.3041865307558025,3.1711026172226995,0.5217933426688983,2.011355838290763,1.9676863375398335,0.13526604862059227
2014-10-11 15:00:00,DEHM_BD,2.6116780640036423,3.8841741149712834,3.561919023715503,0.7336283272826043,2.15239063400224,1.7223615291858951,2.1285759376393467,0.7854521797275635,1.2440563433066776,1.7691570694303926,0.14020015988468174
2014-10-11 16:00:00,DEHM_BD,2.532151906113438,3.912763753517617,3.658542347449635,0.49825646942130586,1.970674115203396,1.4329329622419722,1.1418475536465078,0.8930623753756284,0.6093290042779176,2.0852153657549017,0.14580989226329588
2014-10-11 17:00:00,DEHM_BD,2.473099260507035,3.3546452367611934,3.8496181109345615,0.6423151083795878,1.8816864506123938,1.4416506092051669,0.9554192400892386,1.0436857571867666,0.29201760175855507,1.9403257235185056,0.15371818078465277
2014-10-11 18:00:00,DEHM_BD,2.305143467152789,3.272504559647883,3.505847634195044,0.7717646425046989,1.9767400117752376,1.929900266992418,1.5165027949574978,1.184335233279029,0.31780000669284564,1.8801251155460625,0.15747579009282853
2014-10-11 19:00:00,DEHM_BD,1.916331880925043,3.354001359703867,3.122158342516864,0.9946645234179645,2.420717417758733,2.375065497766065,2.397430571251571,1.1653453932965172,0.37768124880755294,1.8963443694007023,0.16015236858527623
2014-10-11 20:00:00,DEHM_BD,1.9435494668010018,3.286923149559287,3.6022247377854124,1.4523918915799998,2.9365984729439996,2.7333215858071878,3.28069389976663,1.311178433868466,0.3931526399401809,1.7887610709794237,0.1585918460727784
2014-10-11 21:00:00,DEHM_BD,1.6872876812702604,3.0198275214990042,3.1967568802976154,1.9376369178323747,2.875751124641674,3.0842471041467134,4.042387855685277,1.9477826687108535,0.6227069747942958,1.4821257731612025,0.15165070761324362
2014-10-11 22:00:00,DEHM_BD,1.375774901673915,2.9286594192545863,2.7621668193089026,2.683944606244764,2.3579039660002397,3.0839871855767256,4.157953349139431,2.479437324456051,1.0535186124455045,1.1726071291530968,0.14653913293849205
2014-10-11 23:00:00,DEHM_BD,1.098527365615731,3.0637109400107523,3.542613364360692,3.0036808185978234,1.7648546966333385,2.7735577156335207,3.990184263456306,2.4816129877257156,1.291004693665188,0.9354825155731848,0.14219308782648052
2014-10-12 00:00:00,DEHM_BD,0.9356673046542516,3.508908844336613,5.34603304692774,2.797733801499204,1.6387626637978967,2.644023007225525,3.288857682380844,1.9287608750894103,1.1819552777722477,0.8610780854317265,0.14168815550379202
2014-10-12 01:00:00,DEHM_BD,0.8374845129504984,4.4312128447320225,6.806707941999224,2.6420691018027163,1.8712189673021364,2.6005957664256916,2.861239637588393,1.2930714425835712,1.0179463274113834,0.8607606004310259,0.14606662396118034
2014-10-12 02:00:00,DEHM_BD,0.42181050731739017,5.320661181034305,6.21701930020703,2.7915159186426455,2.183459459120531,2.632370883217324,2.807240624667127,0.6139390489726233,0.8881608900689519,0.8685627253714646,0.15379251884565676
2014-10-12 03:00:00,DEHM_BD,0.4137417297657764,6.270962846655096,2.9219639169036142,2.888631763060698,2.376972145307853,2.6908880241458024,3.034165861697942,0.23903548428558963,0.7122280480452441,0.8865070422501581,0.16397406474160492
2014-10-12 04:00:00,DEHM_BD,1.0878227139655965,6.895586173972234,1.0604726893055454,2.8001503620746266,2.4051645083594786,2.7390222298561495,3.2106760031470936,0.1310778482092636,0.5081975759457236,0.8584125666671851,0.1823268640722334
2014-10-12 05:00:00,DEHM_BD,3.6449522883033945,6.84572056128393,0.6405183044521678,2.666878333419305,2.3220551081234126,2.816450681731654,3.387704935382009,0.11503435089825173,0.2861676779606937,0.8885263276895509,0.20732431590177097
2014-10-12 06:00:00,DEHM_BD,6.528365547276693,4.284296427884354,0.7422730318517842,2.385175423042823,2.282378586959531,2.941323256909121,3.5024055358427946,0.11764641519149294,0.38877780055417666,0.831063007034033,0.22593713497895726
2014-10-12 07:00:00,DEHM_BD,7.03455467624112,1.5359672928849315,0.7888571039433964,2.0587570675424396,2.222460282346804,2.8996107947300187,3.1814423524099515,0.11134800772881587,1.4063496559779904,2.544609678390753,0.22215849005732674
2014-10-12 08:00:00,DEHM_BD,5.379972811454684,0.8316821243652468,0.5382866268777404,1.778367978458663,2.171235962662836,2.8715314836543144,2.8356352023842324,0.1114196888951583,2.412400647475831,5.860667899743898,0.22325811858337355
2014-10-12 09:00:00,DEHM_BD,4.306149131238107,0.932381980050383,0.717931686416699,1.5301000591709326,2.219360407302305,2.6706160584074308,2.508884662750131,0.1435034974390267,3.08108898317297,5.734820270098011,0.2271939035252014
2014-10-12 10:00:00,DEHM_BD,2.8863011824795883,0.7124464022031985,0.7300366405938332,1.5727805652331552,2.2730411981631207,2.5161357314169708,2.1422689679456677,0.20475106205714855,2.0050983223002867,4.383129940271918,0.22355674927326608
2014-10-12 11:00:00,DEHM_BD,1.6665632252416689,0.5740219920426676,0.6187287845331708,1.5675180879779655,2.3210113748369183,2.4155829749375157,1.934155064739775,0.21395649772390707,0.8995044425562349,3.864987869334882,0.22038176447635394
2014-10-12 12:00:00,DEHM_BD,0.8508764018082897,0.7176606531810668,0.5035800922704488,1.5647984012117084,2.3688228810956504,2.304595653683624,1.8338470999600487,0.19144722684734486,0.7291828205622731,2.929783840424297,0.22059987156982291
2014-10-12 13:00:00,DEHM_BD,0.6735977066318223,0.7386257019328604,0.4560929853229131,1.671823994255518,2.373759900107399,2.1897735464963866,1.8388404483217475,0.18783180141162584,0.47207381063533943,1.7851518611024344,0.21679520887397452
2014-10-12 14:00:00,DEHM_BD,0.6503898592096287,0.7000065045266342,0.4605330116802127,1.625496024381973,2.28282648339852,2.008471406293068,1.813211096100268,0.19008875750961116,0.5513271465081719,1.0570100458736624,0.20272129512551226
2014-10-12 15:00:00,DEHM_BD,0.652079482041858,0.6265896005141758,0.507890037825586,1.4121491193368647,2.2423647090140975,1.8464605951518227,1.808427394408449,0.21039904062910453,0.5146445272517949,0.9236538855345966,0.18792279725770464
2014-10-12 16:00:00,DEHM_BD,0.741893903636299,0.5867923736050247,0.5675421453503955,1.2544951240466142,2.382059942150985,1.9263284122932576,1.8432197936470587,0.21114207915118427,0.4333486675005779,1.0218240287862996,0.1733110355762577
2014-10-12 17:00:00,DEHM_BD,0.7292564333346672,0.6049944182840945,0.5637632797414704,1.3440434382724793,2.50905711721292,2.1759914682863783,1.8997770853269622,0.21338811957964668,0.3214673442108299,1.1133062820632185,0.15652187892135228
2014-10-12 18:00:00,DEHM_BD,0.597722954823263,0.6132080003897434,0.5764239503078739,1.7068030440042394,2.543195742838715,2.371019733219333,2.3176160321734542,0.21755891910524328,0.25127289999514807,1.2168564845232968,0.13748737371174607
2014-10-12 19:00:00,DEHM_BD,0.5449494189618062,0.6643609978214132,0.6282627412913285,1.8933872877734832,2.676539763404658,2.6216530968566074,2.709423830731432,0.17795963681161162,0.25459305647145947,1.3239989483264136,0.11949075315462421
2014-10-12 20:00:00,DEHM_BD,0.5501795865226629,0.800127064906638,0.7159705677617636,1.5635896465746837,2.9188500475403454,2.9508651441792284,2.9433260265592835,0.11850806051102455,0.35227720419555897,1.4134032702144326,0.10658826592970154
2014-10-12 21:00:00,DEHM_BD,0.5732965233963913,0.9661782770789156,0.8228103244226268,0.9675193376540054,3.1307898986658387,2.869774903231147,2.7647698841113004,0.08466606725156292,0.4159172615852951,1.543431598569201,0.09873668982733964
2014-10-12 22:00:00,DEHM_BD,0.5663693170472234,1.0716607931641546,0.8162745347468676,0.6190870402267581,2.8274171766539338,2.3552390822558906,2.223922114208853,0.06635946097982565,0.4506746062134951,1.6085054004491308,0.0942928780993445
2014-10-12 23:00:00,DEHM_BD,0.5555298686224361,1.1035086627618536,0.6848136315553541,0.6158699021026888,1.997062311597308,1.6477340412989308,1.539670355741484,0.05440303954807562,0.48172687602639186,1.6921344329866301,0.09519547076084174
2014-10-13 00:00:00,DEHM_BD,0.6103191261848551,1.0821968285283563,0.7476475713708204,0.5468927796850618,1.2905870276013482,1.259630505679868,1.120688491746001,0.04610889705471906,0.5148696521969139,1.8112867828587813,0.10033654311770561
2014-10-13 01:00:00,DEHM_BD,0.8353954093606257,1.0780730397934046,0.9409622482401895,0.6478742026474966,0.9067942704620584,1.2748316184705049,1.0913850777745426,0.043168130779419854,0.5586016760402173,1.9519261762277316,0.1152171144112664
2014-10-13 02:00:00,DEHM_BD,1.0581751902158931,1.0966318667240067,1.1413185419743277,0.9911961277973166,0.92760955773063,1.480959673516338,1.3643415800892067,0.04167463505214053,0.603376740778461,2.091627454086486,0.12888687783239397
2014-10-13 03:00:00,DEHM_BD,1.1305347267172672,1.109225305351659,1.2507024057533893,1.2974677661673344,1.1687025851611978,1.856010348589046,1.7150271346157764,0.0389957118591292,0.6569366160415112,2.256862055692412,0.1433299650194494
2014-10-13 04:00:00,DEHM_BD,1.1294968604636613,1.0489042662277095,1.3222193991648823,1.2838492591610509,1.5452758021825503,2.155085662940627,2.022515366985026,0.038191641185944744,0.7099404737544803,2.298158571567731,0.16057695207499412
2014-10-13 05:00:00,DEHM_BD,1.4758586136213876,0.9776770771879911,1.3606081074943328,1.1341764506039458,1.8871861139116342,2.10694314150692,2.015954826815225,0.03857341079684891,0.7724510583260469,2.2897635320601424,0.1729927874190871
2014-10-13 06:00:00,DEHM_BD,1.9934009588681068,0.8988806172351584,1.3909502376750775,0.943118702015262,2.1448694930096575,1.7126609665051082,1.8869157328307973,0.038676298566246214,0.8098145588947925,2.2374760075707267,0.17409807934766153
2014-10-13 07:00:00,DEHM_BD,2.1760068943282636,0.7799628917559329,1.4575929156932435,0.6189802669758838,2.1243544576724642,1.0982825832125265,1.3654147693755518,0.04203747749889261,0.7717635840017907,1.7425540604915937,0.17095771553511252
2014-10-13 08:00:00,DEHM_BD,2.0737553797297763,0.7061954093744606,1.332724022026013,0.35567839432800064,1.6323064253560267,0.7814028835713991,0.7389378904384931,0.044969018531804704,0.691911361883143,1.2165437910323194,0.175290779254774
2014-10-13 09:00:00,DEHM_BD,1.7192355563995871,0.705796847525141,1.1889876889272568,0.22451817880930813,1.012601247861937,0.6820390216092246,0.5593937834555958,0.04538219112703554,0.5514830155559581,0.865090633444672,0.17548282658108846
2014-10-13 10:00:00,DEHM_BD,1.239224345212311,0.8178952567663049,1.1725313329011724,0.19025036094058756,0.7698899102528671,0.600440674659262,0.5189761354471646,0.04479435594473957,0.4154241693635691,0.6990235360551997,0.17397441475728515
2014-10-13 11:00:00,DEHM_BD,0.6932531422733492,0.750565676687677,1.1061610052630002,0.19700014849982503,0.7356010819418588,0.5481017953151787,0.476571760527282,0.0439199975856091,0.31041539893511555,0.5401035996681334,0.16825188934193325
2014-10-13 12:00:00,DEHM_BD,0.45942798054624334,0.6240255580178531,0.9451338951929151,0.19445950916941096,0.7191068574485101,0.49152296899108483,0.39107838720988586,0.04202409822756605,0.2360249757422378,0.3808764900576299,0.15468306615773048
2014-10-13 13:00:00,DEHM_BD,0.3467211856157726,0.7509616015341802,0.7499847908110697,0.2001293035164463,0.6919790978191187,0.4887767714543093,0.33262835508920424,0.04068311916265631,0.1965736079103474,0.275676037544757,0.13849366101370592
2014-10-13 14:00:00,DEHM_BD,0.2502713940067227,1.022300499001304,0.5411908794455732,0.18138957513401258,0.6544631926457583,0.548385293145685,0.3307533622304669,0.03943979572607894,0.18081500499271902,0.2322638595578306,0.13431875874431667
2014-10-13 15:00:00,DEHM_BD,0.20155714311452103,1.14012205552933,0.5593927976825165,0.13780408228108282,0.6014514016506518,0.5452617033398767,0.284896779902329,0.037554282022900794,0.17396557498843968,0.21066166270366973,0.12806438299768969
2014-10-13 16:00:00,DEHM_BD,0.17882269499584094,1.0674819317627606,0.7756935751087297,0.09815042350538905,0.5543964553893659,0.7478823264048426,0.3742214445312519,0.04916566899038488,0.17315917247211582,0.18012353480989804,0.13117381509220571
2014-10-13 17:00:00,DEHM_BD,0.17296525168564156,0.7569224662912744,1.224373055192634,0.14526670887570528,0.5293188110310234,0.856900212452781,0.5218483439857514,0.07592142283267911,0.1678292407063333,0.16054306509540758,0.136019562926258
2014-10-13 18:00:00,DEHM_BD,0.15633094499469247,0.4246406362192612,1.775484048515664,0.3178518372293325,0.503706487437298,0.9841554403240036,0.7458462494098731,0.09644189341164013,0.16005045529839426,0.13683117152576094,0.1414088591751281
2014-10-13 19:00:00,DEHM_BD,0.13621555249268982,0.24352803214565347,1.9625942260696971,0.5269966807183053,0.6241351201097527,1.194608826655668,0.9396224194417298,0.12086379904241817,0.1522355371226134,0.10783082100599886,0.14730225544340106
2014-10-13 20:00:00,DEHM_BD,0.11246841200573819,0.2076292171334384,1.6102766527478787,0.7894173256511616,0.9719386396340326,1.4529184473536123,1.1385509069829325,0.20584496401003544,0.14372835785065036,0.0896774686990957,0.1601004724696149
2014-10-13 21:00:00,DEHM_BD,0.09605067460896428,0.20048090800263219,1.0827716080280854,1.0647969161139261,1.350418035975066,1.7672929439778335,1.478384363420168,0.23160083458109743,0.13747100512810445,0.09119360131180129,0.17229679405178636
2014-10-13 22:00:00,DEHM_BD,0.0910534429901371,0.17822257381594264,0.9204335708468012,1.2237154123292353,1.6420550160310556,2.1857902227767356,1.8666844248030823,0.12759583823429638,0.15521490024435824,0.09905698920052952,0.18063789407655878
2014-10-13 23:00:00,DEHM_BD,0.09526733674443319,0.16924903647042797,1.052115533189499,1.2256719809529817,2.0459182847071884,2.360509330935192,2.0858668390807673,0.06359179148406181,0.19201817127265497,0.08971814537388714,0.19020603410786935
2014-10-14 00:00:00,DEHM_BD,0.09666629734424863,0.16339973387526244,0.8813156110936542,1.25059458489913,2.302530664727536,2.4266766819903403,2.1669304979206068,0.04911783807319745,0.19418233451855824,0.07599612334813094,0.19864348139858218
2014-10-14 01:00:00,DEHM_BD,0.09169243954977932,0.17249865647626744,0.7786627608682564,1.3271964721158467,2.3353247913907986,2.3994629314876095,2.103927343659338,0.05508476935120435,0.16918984258472441,0.06615157207270374,0.2094662819108634
2014-10-14 02:00:00,DEHM_BD,0.08771426593998428,0.2045266824737121,0.8065853343344992,1.427082233542813,2.353543476448499,2.368245900010928,2.022219533586957,0.06408813672151292,0.17734483563974257,0.05914627269486069,0.22522864623620154
2014-10-14 03:00:00,DEHM_BD,0.08192738664248017,0.260638007063968,0.8578299216599855,1.4938945583653163,2.3770643661636672,2.398304563921672,2.002308468346389,0.06992381225272144,0.20615857494225942,0.05425979098293797,0.24997273598603892
2014-10-14 04:00:00,DEHM_BD,0.08404961594541081,0.2867597894841244,0.857796122989836,1.5256419910782324,2.3550936842495784,2.381906629980929,2.0338952995797133,0.07419086259469834,0.23936407162848378,0.05383071135798228,0.2693072186799672
2014-10-14 05:00:00,DEHM_BD,0.08093015612357274,0.3159114746516011,0.8400761271150363,1.5289879226935559,2.118929972120365,2.2707861950851256,1.9804980574742534,0.07857575973511015,0.24842050168488156,0.05830571214343214,0.2777016046994457
2014-10-14 06:00:00,DEHM_BD,0.08427812586987833,0.2795441298725455,0.8157126575122309,1.4572524183755045,1.7949362205601342,2.0048273093189546,1.8806793248648397,0.08270028450825088,0.25939698531669325,0.06887644089550907,0.2673166088069602
2014-10-14 07:00:00,DEHM_BD,0.09278500261319554,0.21907626642362205,0.7355119743108562,1.24093064672684,1.534469947088838,1.6180287052578954,1.6749371871752279,0.08368182790696085,0.3016340880029321,0.08777494857065571,0.2391659779492578
2014-10-14 08:00:00,DEHM_BD,0.10046002632552047,0.15901449976871718,0.6352487651862948,1.036860540052215,1.2570073619049533,1.25969897252897,1.3088888947747068,0.07567939856543013,0.28152130091842953,0.10349432332385898,0.2228482399051263
2014-10-14 09:00:00,DEHM_BD,0.11417613589076432,0.14248507693558923,0.5368616548552898,0.9980972855226469,1.0939810975254303,1.0592041484222183,1.1600375855032046,0.05969459430142877,0.22662386886055563,0.11026929337672414,0.21560899479579165
2014-10-14 10:00:00,DEHM_BD,0.12477651730119825,0.1321440803550788,0.40106139958813536,0.9882732717188151,1.0248366949778307,0.9983897905791896,1.2084214762425007,0.05330118625936785,0.17370812422084375,0.11774196258519068,0.21023040980184435
2014-10-14 11:00:00,DEHM_BD,0.13266755268878988,0.1713338789077335,0.3658334351815049,0.9663347718719439,0.9588220122328655,0.9854386864060666,1.1076124557888936,0.04992520846695153,0.14358700666766597,0.12413840456083755,0.20746673965003323
2014-10-14 12:00:00,DEHM_BD,0.1377616210639743,0.1619042789382207,0.3219176190241263,0.8376645906631095,0.9018565198964159,0.9618309786102106,1.0140931713880332,0.04879962399105998,0.12970248972832915,0.133778861245775,0.20585917657384648
2014-10-14 13:00:00,DEHM_BD,0.15174209383139253,0.20508805639288374,0.3222206048285868,0.7156310886457199,0.8324572800277337,0.9508858741928335,0.8640749341909777,0.04933131839680474,0.1304029790669003,0.1387780654959664,0.20509602079432449
2014-10-14 14:00:00,DEHM_BD,0.14464407608154164,0.1976683626117556,0.34283098676834367,0.6828092686935165,0.8244795229691011,0.9146829471945902,0.8389081352454429,0.05073621406738628,0.12553913651005935,0.1388140284814072,0.20543224072024216
2014-10-14 15:00:00,DEHM_BD,0.14101620600967527,0.21089620520777982,0.3256051694085099,0.6068354797064809,0.8433636399944848,0.857202582531815,0.8622925433542131,0.055408665305944,0.12656512650355678,0.13928258042619887,0.20714438578147426
2014-10-14 16:00:00,DEHM_BD,0.14682810616769812,0.1885271789860794,0.3061060087119717,0.5626885004667059,0.7906833712567551,0.8195673164389256,0.8608486176890185,0.057760379259651454,0.13002193453748923,0.1424172226018723,0.20695331885129203
2014-10-14 17:00:00,DEHM_BD,0.14977276746479315,0.17586941300448836,0.2883374994657234,0.671726252642394,0.7309931567081669,0.8283625703497156,0.8230201818972546,0.0594175017551384,0.11835813784776121,0.1464388487953578,0.20579492672475042
2014-10-14 18:00:00,DEHM_BD,0.15235299911847902,0.18702424270121137,0.285759736886256,0.7457833027862404,0.670603847787359,0.8714540807237565,0.8353257267098574,0.06540343732242618,0.11395578856128147,0.14697706305463434,0.20515322038661676
2014-10-14 19:00:00,DEHM_BD,0.1621343831099476,0.17050650832500883,0.2652730784443531,0.9142280771643864,0.5877693260316432,0.9081894375186937,0.9197859398800413,0.07189917458510775,0.11713232072369595,0.1453881249691269,0.20473439011909061
2014-10-14 20:00:00,DEHM_BD,0.172453013437686,0.14282445078477493,0.22395091246170457,1.1093719637674244,0.5328042772335279,0.9129809778607554,1.2052855724297755,0.07096153075759704,0.11446760672021712,0.14493162260158476,0.2064592029977961
2014-10-14 21:00:00,DEHM_BD,0.16861512328263828,0.13464875504797197,0.18769851123929476,1.2179437086629001,0.480201067933836,0.9880840927491278,1.3814873338116263,0.07427836933020728,0.11246197912320513,0.15088783325209276,0.20545721127726116
2014-10-14 22:00:00,DEHM_BD,0.15988750282275,0.13954839717022244,0.18551196986592128,1.2296448913746838,0.4165384045363403,1.1067244012249233,1.3653356440766093,0.09477348679442409,0.11889149786114224,0.1559800342215092,0.19662985343299785
2014-10-14 23:00:00,DEHM_BD,0.17664327089882445,0.14911789691055988,0.18513538409147573,1.3098623783806538,0.3945666948912943,1.1576575995815332,1.415226709942975,0.12318762407239517,0.14134833746236566,0.16037230713302353,0.18503686404056846
2014-10-15 00:00:00,DEHM_BD,0.16600386876441292,0.1372553073669759,0.18518607678933105,1.4858408432598398,0.4264983265209802,1.1471557922460578,1.55221532964641,0.1376469323732143,0.18319715113427018,0.1673975666556325,0.18148119695294634
2014-10-15 01:00:00,DEHM_BD,0.164348926177849,0.13581543839767796,0.16986099160682283,1.525791312656101,0.4754156320495856,1.12621326469847,1.641411974932843,0.13946220463089629,0.21015344983166312,0.16829666056025522,0.1807924639106912
2014-10-15 02:00:00,DEHM_BD,0.16655275101897293,0.11728298912404095,0.14618419209794772,1.6051900326087964,0.6580025144185591,1.1629858353582296,1.5471319344328336,0.1397961965320631,0.22428773993031567,0.1738320268844621,0.17789156353410318
2014-10-15 03:00:00,DEHM_BD,0.17662712020478202,0.10863646373905228,0.12275961567293017,1.680649221724142,1.2003709716139734,1.2053725161300552,1.420406554643276,0.13846048547610623,0.22708427990234442,0.18783226699946648,0.17658679517984383
2014-10-15 04:00:00,DEHM_BD,0.18144128188124845,0.10079608102398906,0.1032365647925238,1.5347488917471523,1.745760254454631,1.3212411314946308,1.3954451854862762,0.13952324582610276,0.22478728780232363,0.2318693541174648,0.1764014946582912
2014-10-15 05:00:00,DEHM_BD,0.19257851929040148,0.09093136412071051,0.08099188553347711,1.2908402330748379,2.1279379439846893,1.564837504752213,1.4836644717131915,0.14609476644337163,0.2236472709426282,0.2740323189815225,0.1717858445192499
2014-10-15 06:00:00,DEHM_BD,0.22830494273861857,0.1620155234228492,0.08830527907110033,1.2860800855856378,2.2825579534459024,1.8734098768966896,1.503039586249748,0.15595500927798442,0.22411306702192862,0.29810128802835,0.16252155632983883
2014-10-15 07:00:00,DEHM_BD,0.2523115886751561,0.3448442515200514,0.1764581589916626,1.2801086488715532,2.1458478171796536,2.19074674459826,1.597306040341108,0.16681745067380355,0.23661952640287562,0.33404965893887895,0.15149255903765546
2014-10-15 08:00:00,DEHM_BD,0.2634809362690429,0.5478078417137497,0.38535285608924563,1.269846715564968,1.7305881120309792,2.417707277564029,1.6697006494968663,0.17084601325325657,0.24476639611154788,0.3456521694228238,0.14041374089727177
2014-10-15 09:00:00,DEHM_BD,0.2729077241788711,0.46974250114107496,0.7172204694189049,1.2463910867030115,1.322744878823105,2.3902377475711623,1.7870729319321457,0.16961800239521999,0.25198743012864133,0.3390595708367088,0.12599230708412804
2014-10-15 10:00:00,DEHM_BD,0.29131429121048175,0.37556139394829513,0.7555097560186549,1.3409374891753505,1.0294067444293666,2.3702798417166266,1.8822755677939147,0.16846560464389615,0.23205675180908286,0.33528558172876005,0.11266627474970176
2014-10-15 11:00:00,DEHM_BD,0.2778813442032224,0.6758302245061845,0.5612831999388209,1.4101675916025407,0.8892815633215941,2.381968136797417,1.9474991814562506,0.17034280966568732,0.21135985831830628,0.33255186303477025,0.1021651620527822
2014-10-15 12:00:00,DEHM_BD,0.25064423894490573,1.1237027309380565,0.6278694558942091,1.4784316568497715,0.9429699898204067,2.343265323592314,2.0355652404342455,0.17014898117780666,0.2363534337493031,0.3304968744514811,0.09409506226734249
2014-10-15 13:00:00,DEHM_BD,0.23702314400847055,1.3788663735572342,0.9188743083036329,1.5136476948049822,1.0512796171304444,2.3052400153026342,1.9697088543641874,0.16323146057803173,0.2567426134935021,0.3188867933124443,0.08845402307564847
2014-10-15 14:00:00,DEHM_BD,0.26597522768621784,1.377536968794437,1.2481202689528268,1.4897253351379325,1.1996431327745039,2.268308783215817,1.8510259335730856,0.15601647395806373,0.2572820929029955,0.3198154827804885,0.08516228889636222
2014-10-15 15:00:00,DEHM_BD,0.29035812949029943,1.6725660910928948,1.524568440926414,1.4892802478730163,1.4515123089292086,2.1406676452045605,1.914710747914624,0.1593503321790508,0.2530976489523052,0.33825407387075235,0.08255824886995473
2014-10-15 16:00:00,DEHM_BD,0.29867749945183963,2.2383115028460567,1.6061714351810088,1.4826483866839104,1.672264320874354,1.9926809837896384,2.0177511442338476,0.1737042086254432,0.2366242475619166,0.3519762413184111,0.08036308792420657
2014-10-15 17:00:00,DEHM_BD,0.32805249491035227,2.141408421199678,1.5802179861276262,1.5884885302978953,1.86759163356361,1.9642573286941083,2.1843126809674103,0.184385841173306,0.22134392166774716,0.36680379910102684,0.07955894517436612
2014-10-15 18:00:00,DEHM_BD,0.36098696737052627,1.8776485130450873,1.5205431638134161,1.599860546663064,1.934670258553487,1.926939439437314,2.301554986572096,0.18823886450920244,0.20584757789343572,0.3730662370244181,0.07981813257017391
2014-10-15 19:00:00,DEHM_BD,0.37465978502268893,2.040802884645044,1.791643941764993,1.638896691909145,1.9675897375503717,1.9538112483276293,2.2822584418428358,0.18167675389979027,0.19272747084327027,0.3831103065717592,0.08037069078596525
2014-10-15 20:00:00,DEHM_BD,0.36404816866351275,2.144023653974774,2.1370507492539303,1.8248020915606618,2.0174575422078393,2.0048792187132856,2.0373772262225196,0.1730316498885488,0.18117148356243945,0.3721917732444404,0.0816909834094228
2014-10-15 21:00:00,DEHM_BD,0.3337860064667276,2.215141632158212,2.6332458026033514,2.055328889859779,1.9905817527985494,2.1354787124298458,1.9454306851347258,0.15729556382998816,0.1729145597040652,0.3577957250504381,0.08304563274911649
2014-10-15 22:00:00,DEHM_BD,0.30183257699914273,2.601429010923624,3.237087526383285,2.3857869641871994,2.1808330718874696,2.5056403833876053,2.144855600849106,0.134350266051879,0.1659373808971791,0.3546958907561748,0.08605847818300165
2014-10-15 23:00:00,DEHM_BD,0.30293507119361307,2.874397421601505,3.5680703272392855,2.764636464606377,2.9867501777974024,3.22921598596847,2.786907573128998,0.11119244996036165,0.16516581134174005,0.3439272071438467,0.09379482284927268
2014-10-16 00:00:00,DEHM_BD,0.3302176902021466,2.834116878475493,3.221299542053753,2.904365669225438,3.9728485653984826,4.180205254109664,3.7260086232052747,0.09000702218805287,0.16364519356235843,0.3345007165157048,0.10527139599380012
2014-10-16 01:00:00,DEHM_BD,0.3326899861229304,2.895339043028075,2.850496652358875,2.859638148053516,4.534705384477952,4.82540106979339,4.384154661659745,0.07315318958648584,0.16219331205870952,0.32365021443843833,0.11686578172473047
2014-10-16 02:00:00,DEHM_BD,0.31791141731240774,3.0638480442222,2.766573345538374,2.8098567303274615,4.710933996778719,4.978908348449019,4.6378238522436295,0.06481100152092507,0.15718963862327837,0.33409445672074334,0.12921096727739984
2014-10-16 03:00:00,DEHM_BD,0.328338112588059,3.081264152913634,2.6822550617296637,2.6412642178378447,4.6844401326631475,4.615114917970982,4.4206665885428915,0.05766801885887505,0.1475210942870936,0.3440561674698627,0.14268912519339755
2014-10-16 04:00:00,DEHM_BD,0.40503296553252716,3.0768985074279556,2.7437785430433044,2.385492753970179,4.19996382488658,3.9035692818379335,3.854845418491963,0.05010095959102249,0.1429656354738771,0.3456771604844089,0.16263029545165475
2014-10-16 05:00:00,DEHM_BD,0.5466995037525145,3.3438051719696724,2.9775031063787303,2.1301376854614675,3.7279571441288595,3.176995182056067,3.180667832561605,0.04393544612070538,0.14670877642896013,0.33372711020790496,0.18632662231041333
2014-10-16 06:00:00,DEHM_BD,0.5963776441785134,3.41212632248718,3.276074537702462,2.0192036758394623,3.2863269335348066,2.589818506676192,2.6109446507096923,0.04096314787907516,0.14890982131350763,0.3305590224617533,0.1885032055412465
2014-10-16 07:00:00,DEHM_BD,0.5882562934031803,3.318823206619142,3.3916342552713132,1.5351958679078255,2.3122526846609377,1.8419446106608413,2.09542220754094,0.04080731083083893,0.15640467357991253,0.30910799920471366,0.1713441382671798
2014-10-16 08:00:00,DEHM_BD,0.7112445734493223,2.9184124704254404,3.0732003562738797,0.49022051303579367,1.716748437420884,1.0995111211505266,1.107478214807932,0.04198106646940109,0.1601398964586853,0.2651778801288082,0.14981129592385128
2014-10-16 09:00:00,DEHM_BD,0.9153496906432834,2.2855407864659734,2.936415085651196,0.2833970476953632,1.1582854442883515,0.9082916134663899,0.6061667823974646,0.04613946906907466,0.16102261180758462,0.25020664057895065,0.14176684976672746
2014-10-16 10:00:00,DEHM_BD,1.1748760944111551,2.1767555127718445,2.899514871112919,0.3297370403274954,0.5697428328591725,0.8198576148069869,0.5853519254464639,0.048431842256728405,0.1554222737995068,0.24460104189838625,0.14321493019332165
2014-10-16 11:00:00,DEHM_BD,1.5421580924461245,2.2788434306448515,2.7746748536014856,0.43746898934794787,0.5616487333768418,0.8244559805451732,0.6963941263037101,0.0492864467432721,0.14884401688002508,0.23408404451878448,0.1485678855845051
2014-10-16 12:00:00,DEHM_BD,1.7797529197001478,2.349642241950495,2.4711867962746927,0.5969822577439718,0.5752131745083443,0.9212515697490694,0.7856529276240345,0.04983014208482563,0.1395630133961,0.22437493633901454,0.15199553134476754
2014-10-16 13:00:00,DEHM_BD,1.8180653122919936,1.9281966765260496,1.8547254544514191,0.6789509248887793,0.5135512353960424,0.9487449771384981,0.9205918970746905,0.049368717689439526,0.12793948809668182,0.23354000351650578,0.15046595527932963
2014-10-16 14:00:00,DEHM_BD,1.8031430888076994,1.3612519139474744,1.3937960387156951,0.7421000580219754,0.4322115925282984,0.9081457099245789,0.9740429379357118,0.05016036542627949,0.11562158820330617,0.2165882899898837,0.14562191934783922
2014-10-16 15:00:00,DEHM_BD,1.791324169394098,1.4119612042728056,1.0848736850346923,0.78242583517722,0.34768172267893327,0.8128354720447384,0.9915016096896393,0.04921353623500082,0.1112106529577867,0.20322564589435393,0.1425872422814927
2014-10-16 16:00:00,DEHM_BD,1.8265015987144637,1.7164286755072313,0.9467618862821512,0.8389428965492993,0.29322330430259436,0.7838886042353614,0.9585719395761452,0.05196885985482469,0.1119413753122462,0.19860526904726683,0.14194844177518734
2014-10-16 17:00:00,DEHM_BD,1.9708290387865972,2.007497595201977,1.0698760544143582,0.9670428953490724,0.3364678646432607,0.9151298299865657,0.9559617007933605,0.0474606392810492,0.11380232088640088,0.2425715667771,0.13795119800648784
2014-10-16 18:00:00,DEHM_BD,2.102723690648493,1.8303572611728876,1.3897230179817468,1.1506164399670737,0.45171198346427155,1.2208558187199774,1.199486741589511,0.04936075418550502,0.11485595501311348,0.31721048825618214,0.1306411559276492
2014-10-16 19:00:00,DEHM_BD,2.3285724842165214,1.8777328814202163,1.6181667929182908,1.494442260390525,0.6444420534511284,1.4942468817604824,1.6440873515953802,0.058834192399140325,0.11481664801916093,0.31821919892858064,0.1275227098887445
2014-10-16 20:00:00,DEHM_BD,2.4029120171307197,1.895329918912612,1.6436251933241266,1.7988587525794515,0.7760691341322474,1.6765499642729935,2.059758115403545,0.05576957528365759,0.11702760724103989,0.4158895378717541,0.1274221321688341
2014-10-16 21:00:00,DEHM_BD,2.569718247000135,1.9526653337601805,1.4950543210362233,2.034682847208107,0.7635957040859944,1.810728357204498,2.4002220877753917,0.04811958243386798,0.11884535309499107,0.45369976099308984,0.13238759286892057
2014-10-16 22:00:00,DEHM_BD,2.6428538120060856,2.0427028526777797,1.4215428080348804,2.1235157585026165,0.714526820590552,1.9494101366850114,2.6162381798300918,0.05072918196782458,0.1188543831125086,0.3944789756981486,0.14443759554295624
2014-10-16 23:00:00,DEHM_BD,2.6183617452393615,2.1709734764828,1.4584622248542582,2.205190108191351,0.7033889795394055,2.231590519313102,2.778123987809177,0.05295256619721638,0.11696962364251719,0.23564694363215233,0.1510632950398889
2014-10-17 00:00:00,DEHM_BD,2.617351368704746,2.3418830005577926,1.4766843420443663,2.220992315028459,0.8150760389989613,2.6468829351990113,2.9876268570543036,0.05673931242451053,0.11488194912423365,0.17160154810007652,0.14714769718407877
2014-10-17 01:00:00,DEHM_BD,2.7579045837650216,2.735375722536226,1.5203228883327067,2.2184880198253722,0.9419612867897562,2.948366159745011,3.175033901550388,0.07405727134030292,0.11163503164348185,0.19029045198391992,0.16180290886484025
2014-10-17 02:00:00,DEHM_BD,2.772980470092972,2.7146090249616535,1.66142332929544,2.40772521176146,1.1854442554507032,3.1302194484644277,3.3458854135914438,0.10541861607156672,0.10830944463299566,0.2227405296102608,0.18139833685433368
2014-10-17 03:00:00,DEHM_BD,2.538590773602272,2.227942545959864,1.8842488194968778,2.421229176777185,1.6739523167348653,3.115682922307087,3.3738370570349208,0.13418395572703318,0.1030841242272498,0.22728888958051774,0.20125744482799718
2014-10-17 04:00:00,DEHM_BD,2.161192144451765,1.9159689659766144,2.173787104335255,2.34948650602705,2.0894938621818087,3.1162389582560466,3.3808812695913284,0.15988556003238996,0.10044573179522512,0.18437558202097648,0.2167136650545789
2014-10-17 05:00:00,DEHM_BD,1.327778273488744,1.8501901240475915,2.3567984189447255,2.2971440133939924,2.2444329068096165,3.05806950184301,3.2666710219129205,0.1668234965520723,0.0954826936457397,0.1587758009390438,0.22718785794897806
2014-10-17 06:00:00,DEHM_BD,0.7695609397611021,1.885019407452318,2.46164492219318,2.2371244003229833,2.256725748276659,2.9996498701835423,3.1548128411239245,0.15445330319803197,0.09200868236730786,0.13709712121694337,0.22025407417777867
2014-10-17 07:00:00,DEHM_BD,0.4127725900534121,1.8740284271916516,2.488446383096348,1.9803630445300422,1.8352744576533606,2.5470656535659484,2.809869329912886,0.14178503089606745,0.09558430267584493,0.11275398751791094,0.168047466560807
2014-10-17 08:00:00,DEHM_BD,0.36906923932561175,1.4714018398146866,2.447076422730518,1.776126797559463,1.0943516649638303,1.677306612174274,2.4262443038810426,0.12613521438114322,0.10222663736485854,0.09866591624693466,0.13888339775740388
2014-10-17 09:00:00,DEHM_BD,0.3684654235094481,1.381165342794489,2.3316903614683904,1.4496553408330792,0.6511411231003514,1.0216860043030094,1.8861527305054273,0.10986200051754699,0.10526324776323034,0.09074331662593624,0.14183072173117178
2014-10-17 10:00:00,DEHM_BD,0.2645710949304698,1.1073944950299355,2.2104955716342842,1.1014745133460238,0.5517957079423125,0.6889356347296645,1.3197567585084837,0.10527065788552153,0.11352284156462633,0.10236015880038726,0.1460598443025117
2014-10-17 11:00:00,DEHM_BD,0.17429546113183245,0.6710127940213348,2.1192248638310343,0.8131892398111706,0.4759794682598997,0.6097930001344313,0.8661463660510325,0.103298350339718,0.12328128565012007,0.09698300114342587,0.13694843813926202
2014-10-17 12:00:00,DEHM_BD,0.17036228572395146,0.3932549530385905,2.0397402032947456,0.6508347151854574,0.3909024845021869,0.6300042900769873,0.6772159615228823,0.1023719609558208,0.13376448046318704,0.08714691824940429,0.12393064814807603
2014-10-17 13:00:00,DEHM_BD,0.17801009839297716,0.33508561609744375,2.011286436209402,0.6038293736427265,0.39846334245059156,0.7064424193536629,0.6040008350213206,0.10512209602296342,0.13834035229667538,0.08184719933043053,0.11650751270662738
2014-10-17 14:00:00,DEHM_BD,0.1702254989880812,0.3609020505241491,1.8503003989158717,0.615237833965534,0.44341150635452936,0.7285696237065618,0.6491600459368192,0.10162386546928422,0.12610178384389478,0.07958540911274956,0.1070898956494445
2014-10-17 15:00:00,DEHM_BD,0.13755205334551845,0.3559332956503404,1.5048687752496208,0.6306306303475806,0.46659810086319675,0.7476301672985098,0.720011559789066,0.10263833639290175,0.11197684446590715,0.07233235735406623,0.1052582492423955
2014-10-17 16:00:00,DEHM_BD,0.11779784601908391,0.37550179808982154,0.885034405741836,0.7316129921447045,0.5719888613438977,0.836829856186138,0.8711026498769834,0.10493095038838665,0.09939263568467617,0.07362094362313916,0.11380690101829963
2014-10-17 17:00:00,DEHM_BD,0.12162431021189543,0.49988985846966233,0.7078460880436633,0.9528509598240542,0.8144638821566663,1.087175660406032,1.1597027305052263,0.10840854299291951,0.09396940528644065,0.07259545762902382,0.12428676076663406
2014-10-17 18:00:00,DEHM_BD,0.13712665892438253,0.739349256316962,0.7798772614837777,1.1092778828169587,1.225945217572935,1.4115093518322972,1.4771373969604074,0.10846968029033388,0.09379670436757143,0.07958683157817514,0.1384027252773533
2014-10-17 19:00:00,DEHM_BD,0.1630058201363891,0.9478207901680618,0.8520662411429156,1.1882656322685792,1.6398253109758067,1.6185579582308887,1.656044337437745,0.1046769003356247,0.09377292801597435,0.09243021701965826,0.1566602690942122
2014-10-17 20:00:00,DEHM_BD,0.18748312368469766,1.1735672662089398,1.0827679110701158,1.3975545538029297,1.7815521081797825,1.7003248395369766,1.7925850436603605,0.09959682495452443,0.09242378479083767,0.1067714274630068,0.17648782821559036
2014-10-17 21:00:00,DEHM_BD,0.19600149177012954,1.4728117501633728,1.4779168348420475,1.3271670494445453,1.8434335930967052,1.8871126888129757,1.9138221361179317,0.09323796830557265,0.09281594374425702,0.11259327325026174,0.19938908155344864
2014-10-17 22:00:00,DEHM_BD,0.23834647034113748,1.8372250284003198,1.930700142323328,1.3139569275614689,1.9006000186323049,1.9881557150490092,1.903311611087406,0.09395418326541766,0.0948538806925642,0.11013421324467691,0.22742690420364503
2014-10-17 23:00:00,DEHM_BD,0.2831713488165707,2.281111250449768,2.23001884422395,1.2192937080701667,1.8683032644757533,1.9106357763440422,1.899144671330595,0.10470420275196417,0.09638198361367789,0.10875804666076344,0.2582305526997059
2014-10-18 00:00:00,DEHM_BD,0.313440522263157,2.7797223740220165,2.3988349848685244,1.1915640903360136,1.8403609741606748,1.8641885678502184,1.800681548321368,0.1347103077958523,0.09929013936176766,0.11295852707193606,0.2861406706421445
2014-10-18 01:00:00,DEHM_BD,0.3518281293999006,3.0112634827205795,2.591975135097136,1.207218455438512,1.7814432169565464,1.8870751297642274,1.734943005048723,0.17600223389323788,0.10159225849214237,0.11471248671171974,0.31112336341825636
2014-10-18 02:00:00,DEHM_BD,0.37321406665132256,2.9086124371903974,2.729043515203848,1.4615630119452578,1.885243029928822,1.9386903414032577,1.789275379411848,0.22428472213458256,0.10347138063906675,0.11998777891189745,0.34200973933680284
2014-10-18 03:00:00,DEHM_BD,0.4053821434379635,2.8764848502073894,3.1303803982519574,1.3507737204038548,1.8813094883383903,1.8022845548791322,1.7925262740707375,0.248564477704726,0.10592603556530655,0.12264503730437765,0.3771339680755005
2014-10-18 04:00:00,DEHM_BD,0.46497554528595114,2.616679771335125,3.324135461111495,1.04042268459348,1.4882349670441077,1.372174569635354,1.6350293123404773,0.25095564009591925,0.11062648081780992,0.132051412560299,0.40453053724365184
2014-10-18 05:00:00,DEHM_BD,0.6082230772860011,2.3515496167226138,2.7238924798458277,1.1959074192014476,1.0540430019097868,1.0758815489319478,1.4020192915256415,0.23433605261106027,0.11482585159194994,0.16663932063821552,0.4314043440659466
2014-10-18 06:00:00,DEHM_BD,0.9971290749838342,2.2225319496880984,2.2664057903238013,1.1713478153481613,0.8168737191675602,1.0123427742597555,1.4562533414855923,0.22198014631384982,0.12059183735814288,0.2147964809727775,0.45120420857531596
2014-10-18 07:00:00,DEHM_BD,1.4336349043346477,2.4560301273636704,2.2309958465916138,1.0011515595473905,0.774276591841746,1.012275457605907,1.2728816702951535,0.19594856472183014,0.1427759545522438,0.32836506945586164,0.3700020397433742
2014-10-18 08:00:00,DEHM_BD,1.7125841171482576,2.83257920902661,2.3180380694638254,0.7683923833762575,0.7911222692980616,0.8179191014923446,1.018448644556191,0.2075214987847488,0.19747887924505608,0.5512987682720158,0.2587510700539522
2014-10-18 09:00:00,DEHM_BD,1.6791152809606675,2.6374827172541226,2.8782728352200406,0.6094149829604895,0.7934129512732615,0.7304559493012306,0.811254627334855,0.3405812473627925,0.254410435523861,0.9617771654427698,0.23197114138022987
2014-10-18 10:00:00,DEHM_BD,1.5975006736245707,2.737076445138948,3.9439231207634515,0.4674660415677353,0.8561338574253861,0.740478696266123,0.6879893043469024,0.872384040933363,0.3324643856375755,1.3533316214504376,0.22722705409227864
2014-10-18 11:00:00,DEHM_BD,1.5699963229867187,2.8450243493996474,4.167763066389265,0.2728645889119142,0.9855755403114341,0.8108447539014099,0.5934918188778741,1.2598002679604665,0.46978094716763585,1.773801512413026,0.22621658121381877
2014-10-18 12:00:00,DEHM_BD,1.239314397382345,3.2267761701419944,3.8250108000528513,0.13312531613783585,1.0980026783864898,0.7588589707334226,0.42146453640027903,1.2851505039532296,0.6850759208881063,2.1155558091201097,0.21613415442399658
2014-10-18 13:00:00,DEHM_BD,1.0332912264467566,3.7603788406140146,3.597969240230209,0.11314030023858093,1.0423318530232133,0.49957669271995647,0.2510009002596281,1.260989601960238,0.8980245008302945,1.972958946710739,0.20110890512262455
2014-10-18 14:00:00,DEHM_BD,1.4705613056674176,3.7867382071697095,2.892033423617482,0.12084870504224796,0.7249484527831699,0.31155623106273755,0.1497056390369915,1.8261436955423467,1.1183937219750182,1.9884023493657512,0.18159697634680874
2014-10-18 15:00:00,DEHM_BD,2.321945324830741,3.6244040946063527,2.2107272385357795,0.13236048058474986,0.6057340755376683,0.34061230779206764,0.13038934535363006,2.4680142858809417,1.322360787001073,2.152709312403627,0.163552848583156
2014-10-18 16:00:00,DEHM_BD,2.671121398845197,2.9119832212522114,1.8784431018743168,0.1544575368892812,0.7603647211556159,0.5441460130581262,0.17579090192667826,1.889429762382377,1.4596673502942266,2.2950330079202197,0.15261393567630313
2014-10-18 17:00:00,DEHM_BD,3.189256298120449,2.4160686788597285,2.0288581582753045,0.1876060011254142,1.0371059553483502,0.7731622396037394,0.35897493821524384,0.9512401031199842,1.6744558536769683,2.690336080796227,0.14767660171968647
2014-10-18 18:00:00,DEHM_BD,2.937730419375699,2.4141948613889865,2.093150181911696,0.20136627863025014,1.1844229486189386,0.8966179281099508,0.4922746120350496,0.4690260585598367,2.1846506222207847,3.5835399232356258,0.14376798354346354
2014-10-18 19:00:00,DEHM_BD,2.7693323895999256,2.7283406949854463,1.8216357489755037,0.2217726964749846,1.1016713137834646,1.0262365280184471,0.5697379555318862,0.3199497166288643,2.485844863501042,3.870010905155959,0.14127933233604636
2014-10-18 20:00:00,DEHM_BD,2.607669298655929,3.1379874162241186,1.4009693123723221,0.3260493206229479,1.1024981370081939,1.2246567372592216,0.788706022129234,0.2538155610274336,2.105659897091501,3.56181830191914,0.13904243514033723
2014-10-18 21:00:00,DEHM_BD,2.157045740664953,3.386278877376993,1.0495299144357628,0.583862035765542,1.2518934768765115,1.4382486132108154,1.0761304550700197,0.2783132627353816,1.2613836772103235,3.4140881545384976,0.1433570605433382
2014-10-18 22:00:00,DEHM_BD,2.138272930207467,3.5268176363385892,0.9351944512200814,1.0126869281625148,1.4669342954151703,1.6175407270623912,1.3020346178957873,0.301576742427796,0.8887247008729352,2.8858303965071643,0.1606391090603288
2014-10-18 23:00:00,DEHM_BD,2.6539934288467055,3.22218422429084,0.937216001831491,1.35604011031166,1.626835270065658,1.7562126990746196,1.5010267853706944,0.314174165586233,0.8544747270228712,2.482446120341727,0.19612919959165143
2014-10-19 00:00:00,DEHM_BD,3.2788174345186816,2.4838148343163535,0.9639094158129218,1.5880095698147958,1.6836531337561949,1.8869347779113053,1.7329586112220328,0.3509312336765974,1.0645922015418672,2.703858976496011,0.24435328475385895
2014-10-19 01:00:00,DEHM_BD,3.5864377083054473,1.76868226865954,1.0073194454115175,1.646003926941409,1.7428210690848156,2.015368712139469,1.9710928218049166,0.35602351293347767,1.4611817958540747,3.313364679906239,0.27076967805422364
2014-10-19 02:00:00,DEHM_BD,3.582878193815639,1.4761073666612896,1.01986053640451,1.5224451499976412,1.9076949601061233,2.125899447667768,2.042986866039329,0.3406399785149841,1.531301496905498,3.917506223181076,0.2659505282623855
2014-10-19 03:00:00,DEHM_BD,3.4082901427805616,1.8010306150999968,0.969999482284222,1.313089112328736,2.163772927027582,2.2312368158532085,1.958285114154936,0.3414501521616429,1.4857407554704696,4.009220880774278,0.2913165606931176
2014-10-19 04:00:00,DEHM_BD,3.1740000846033545,1.8478179605002327,0.9376956868200399,1.1040606569769496,2.435483501273487,2.3382216384058547,1.8296626922763781,0.36689673489823926,1.360456189713506,3.74102086843824,0.3731445048683252
2014-10-19 05:00:00,DEHM_BD,2.6405076720667346,1.4042370705350744,0.8723092156990616,0.9938510304199444,2.6729808052220196,2.4766910049770865,1.7188329088601726,0.39898929619923224,1.2226272964395024,3.3446587543346737,0.4429850239141797
2014-10-19 06:00:00,DEHM_BD,1.7099627367401216,1.0491700729737616,0.6099529595820629,0.9505994738842815,2.783373539848141,2.577103706468914,1.7523002540158796,0.39082225773006674,1.1932485345960036,2.989905831543719,0.46784715672398436
2014-10-19 07:00:00,DEHM_BD,0.9609080696692598,0.6286779892403189,0.28913419662451606,0.9440705879121016,2.5780254743061777,2.5598786482515834,1.8795547918175222,0.36593017037294795,1.3017432416410557,2.7108057479981986,0.4509295032360031
2014-10-19 08:00:00,DEHM_BD,0.5441643332038493,0.26412535429286876,0.18990164449683627,1.0187586098244923,1.9226131305514276,2.300021347761224,1.8972883658767077,0.35844715869940813,1.3111503691931627,2.442571191060757,0.40380366714999305
2014-10-19 09:00:00,DEHM_BD,0.40008835656930214,0.11720813247917825,0.1647881814590058,1.0132631982691056,0.9879113958474621,1.9538859778631692,1.8226770381216255,0.3252705633886902,1.1064043614769912,1.9210677456037513,0.3567418729850439
2014-10-19 10:00:00,DEHM_BD,0.3487114234206592,0.07226166227525382,0.1511950155471393,1.053373631307114,0.3968892093075624,1.4483590732028124,1.6173201120354879,0.28861642518147823,0.8422359958280434,1.2671532298216992,0.2910933671469334
2014-10-19 11:00:00,DEHM_BD,0.22880062608678342,0.07248817349213277,0.15929486968421952,1.0266267389798533,0.3087125156292411,0.9636963133998557,1.3277520709900485,0.254781200568974,0.5547830940234662,0.7881083965819724,0.2459810566676453
2014-10-19 12:00:00,DEHM_BD,0.1114497080801822,0.09672408404370754,0.1819534826583181,0.9314154112231028,0.294899485425325,0.5469856929691066,1.21451386420002,0.22308123225197185,0.3185851310017703,0.45708069209230595,0.21986589035290283
2014-10-19 13:00:00,DEHM_BD,0.09034448802740293,0.14455157612285796,0.221290410446436,0.9028690084250525,0.27909338272932444,0.3663215363278146,0.9679760980351778,0.19948693285971864,0.216954654915668,0.09676505532492646,0.21031269964310734
2014-10-19 14:00:00,DEHM_BD,0.10975119121989209,0.17634680328529773,0.2528311526625555,0.7886049595132325,0.25883666672679584,0.31024407669372267,0.6242941894037796,0.17080855631310474,0.1723277170946448,0.053006904172808185,0.21761374717102777
2014-10-19 15:00:00,DEHM_BD,0.1304341058954572,0.20506299463757915,0.23930290388489592,0.6204984260002112,0.24281454715171819,0.28661528702724154,0.4059329605477204,0.14280534886579938,0.1665508713647256,0.13158212581192869,0.23735697027658445
2014-10-19 16:00:00,DEHM_BD,0.1258115572817273,0.23292045462286262,0.2255245907761808,0.4876619773530474,0.2271130445634851,0.23516701228892456,0.34290823160398876,0.11799487071658467,0.1842969168752151,0.3344713179131049,0.2582032759825733
2014-10-19 17:00:00,DEHM_BD,0.17628313137844898,0.24096554112912255,0.21121264640870957,0.38172270606455655,0.19934509963605068,0.23197141762877077,0.3410937221381649,0.0964474045401502,0.20574506127739306,0.3825736166979953,0.27727467215971074
2014-10-19 18:00:00,DEHM_BD,0.27888036842289377,0.25011998900832605,0.14720969412635734,0.40034247670737816,0.17092706932115354,0.3336678124962618,0.4671475868417338,0.07103713233912126,0.21794430492417405,0.3828647513121133,0.30059174123414895
2014-10-19 19:00:00,DEHM_BD,0.3313995097272655,0.26395289859600823,0.09377221230651767,0.7165595730271135,0.15072833156662982,0.5010747970555407,0.6510388340927573,0.057373403046697385,0.23713897806391568,0.4497642320692352,0.32716811205956087
2014-10-19 20:00:00,DEHM_BD,0.2496328549250028,0.1920210439247989,0.07515116578520499,0.8101540851344988,0.13940761174195437,0.5249395542395261,0.8792486718176469,0.0495555587610563,0.2279206346348393,0.4607576226649246,0.34227997354052603
2014-10-19 21:00:00,DEHM_BD,0.20028305129957605,0.11546310450945525,0.06486738864568284,0.8825435172260875,0.131005443273168,0.4471803062517693,0.9896322799659036,0.04160533090953184,0.1692274486835114,0.3995149138317815,0.3396726612322137
2014-10-19 22:00:00,DEHM_BD,0.18003769556873006,0.07115649052190345,0.05281550362919621,0.9474229853156442,0.12341811752019909,0.42470508640426574,0.9179769019165321,0.037859638913745795,0.1329919041473696,0.35116708330363494,0.32227136495159925
2014-10-19 23:00:00,DEHM_BD,0.1604075697933649,0.05933272153251329,0.05220013832071108,0.9255596476260584,0.12513813381481903,0.48439857824223986,0.8412523322078126,0.03459096379569904,0.10835288588593935,0.3064288967520882,0.30166170924973784
2014-10-20 00:00:00,DEHM_BD,0.11495811493945998,0.05273894807080129,0.053688007998766864,0.8965194823654415,0.14347503917271254,0.5536644828755789,0.8542428420002537,0.028397421099615003,0.0772757597754732,0.21286232020208137,0.28194795127011707
2014-10-20 01:00:00,DEHM_BD,0.08717687628749973,0.052177451098344506,0.05633815579831816,0.9063411556110461,0.15904088265538205,0.5497581572625734,0.9269054977475768,0.02491115772598842,0.06014554750863337,0.12058507670244303,0.2592286939366532
2014-10-20 02:00:00,DEHM_BD,0.07494290249715782,0.054613276307820494,0.06328500793799058,0.9647012406972159,0.1653410331442392,0.43423100150640614,1.0028742162449948,0.024057121837221935,0.05658544389227046,0.09398049921667045,0.2338544655306077
2014-10-20 03:00:00,DEHM_BD,0.06087181092258521,0.058886797203860884,0.07055264414306305,1.0793384714648089,0.16635021913681164,0.3004166490630517,1.0857601001281991,0.022319214865178072,0.0521351476729753,0.08251024935535503,0.204079743242401
2014-10-20 04:00:00,DEHM_BD,0.059210321545705574,0.06485139500768333,0.06154972905118144,1.0615524997608794,0.1584428763108886,0.25761328222654484,0.9368992303482605,0.021258828629338464,0.049469125804400486,0.07819586480764959,0.16500215568504983
2014-10-20 05:00:00,DEHM_BD,0.06315690947687234,0.060236713695357796,0.057214595119004175,0.8359036985206638,0.15219083678274398,0.23407291588138376,0.681139193370542,0.021043301641353578,0.04879426929616352,0.06625331425735416,0.127753966870575
2014-10-20 06:00:00,DEHM_BD,0.07249754591691522,0.05399799854287199,0.056864948305385694,0.6684532790341343,0.1533463548181111,0.208833701470236,0.589541263162181,0.021052491646471615,0.044404688744831215,0.06822731354634846,0.10314351437340712
2014-10-20 07:00:00,DEHM_BD,0.07508538204614518,0.05332865033039108,0.05819173702731551,0.54718216519973,0.1539144102743545,0.18980017295670626,0.48467659948312436,0.01920670536209316,0.04360451967803168,0.07436417009942457,0.08597683094327029
2014-10-20 08:00:00,DEHM_BD,0.0688423233797912,0.05469562134356059,0.06012960967891013,0.3946236798113101,0.1531917059300746,0.16965741269300502,0.32720441676565265,0.016930460287318146,0.04701729846297744,0.07987023988459013,0.07232742612678306
2014-10-20 09:00:00,DEHM_BD,0.06353318610787856,0.057377379970253474,0.06205683209414113,0.3266824926237536,0.16098688270504571,0.1694684951155413,0.26173187289222827,0.015387320082604333,0.05061980163820072,0.07607546406583382,0.06372594992896762
2014-10-20 10:00:00,DEHM_BD,0.06434444666912763,0.05938636336040123,0.06565135511841508,0.3007228274784775,0.17572683347848223,0.1910507802627662,0.2691622880004138,0.016056597105148097,0.04874561845092088,0.06999098802289903,0.05608137144098043
2014-10-20 11:00:00,DEHM_BD,0.06596480212198505,0.06201410977822489,0.06949273085981017,0.301136711153241,0.1923752253909128,0.21337370982335635,0.2881661820052772,0.018036164302867808,0.04718583722680787,0.06859993699034433,0.046196394973739445
2014-10-20 12:00:00,DEHM_BD,0.0688888661985948,0.06527101265571846,0.0741838582110357,0.31894544634707267,0.2032293347529227,0.22804202005555319,0.31153749640288897,0.021555350950084946,0.04385507250275452,0.06935016243181409,0.036754841360093535
2014-10-20 13:00:00,DEHM_BD,0.07128798339589441,0.0691259579322144,0.07970193540009601,0.3306956964138813,0.2028987323186359,0.24478475806035055,0.32433868642719216,0.025534689238209316,0.04169001382176752,0.07017108769852368,0.03061019103100811
2014-10-20 14:00:00,DEHM_BD,0.07277238659628744,0.07286819618047155,0.08328006536480492,0.33721786221091354,0.20216779583989636,0.2677612388366687,0.34606056866557316,0.030278516454306847,0.04325702045448115,0.07275374367624865,0.027086647525989656
2014-10-20 15:00:00,DEHM_BD,0.07522796244700408,0.07457448941679988,0.08361521138997272,0.35974874824833325,0.22593234892331052,0.30200064266930493,0.3545845276475409,0.03805771869996335,0.04739304007669903,0.07544700000526897,0.025742184014953536
2014-10-20 16:00:00,DEHM_BD,0.0780257290112701,0.07411277355517969,0.08405941275257268,0.4122939428755059,0.24332149078591714,0.4168874767194236,0.36716377543923207,0.04628424352482799,0.05103170857701909,0.07856516071916929,0.026553148330100723
2014-10-20 17:00:00,DEHM_BD,0.07989119283206937,0.0736600470001958,0.08990574075635956,0.5881377872127271,0.2711563353460979,0.5510605802204859,0.49118342112277225,0.054332736150039466,0.054791596213445155,0.08224913300879816,0.026314219894164586
2014-10-20 18:00:00,DEHM_BD,0.08068997361872632,0.07561739131585322,0.099354776215128,0.8397726487716581,0.3562857345045078,0.6627818206803034,0.6518252312907329,0.0614801543499042,0.05803685048566419,0.08389010702680402,0.025576482906995702
2014-10-20 19:00:00,DEHM_BD,0.0831542132147569,0.10109351773175732,0.10581170093860551,1.0753201612351924,0.5208012237242515,0.8720621792801018,0.8152942821919182,0.06535382966432242,0.060103052460285716,0.08406714256885614,0.025589328767271845
2014-10-20 20:00:00,DEHM_BD,0.08615216987930233,0.15284077562534287,0.10788380678378484,1.173791415491409,0.6253882711189707,1.0497075161314267,1.2216358710514417,0.06829502770916777,0.06285419844740284,0.08668813545763263,0.026823362910583244
2014-10-20 21:00:00,DEHM_BD,0.09069304746257574,0.2064179742962505,0.10814178527480892,1.2076006011196379,0.695317249054145,1.124773242583538,1.5749157569815608,0.06923553750498991,0.06716901092436328,0.09255524726126482,0.027654456867033095
2014-10-20 22:00:00,DEHM_BD,0.09807619537056254,0.24260620926277882,0.11671639874076827,1.2661136497497005,0.7931551115693896,1.1433070242569852,1.5598365932843985,0.06910286871981793,0.07142392192902644,0.10372597645275942,0.02789468516817778
2014-10-20 23:00:00,DEHM_BD,0.10798280745036899,0.25650219766532995,0.1320123851435892,1.3873709461344768,0.9006749867448303,1.150669697903922,1.4528141339936986,0.06620076244002192,0.07434843478680925,0.15012320638808824,0.027887842528733844
2014-10-21 00:00:00,DEHM_BD,0.11367657425411726,0.24088473155613976,0.14940425680759867,1.39071183094054,0.9510177030038461,1.1661746104897257,1.4557617493420083,0.062493931826334385,0.0772103365232515,0.2106742851884476,0.027583495345367012
2014-10-21 01:00:00,DEHM_BD,0.11291274858973671,0.22404841985371893,0.16567540657617671,1.3330700520210417,0.8204634232822805,1.1740130262766881,1.4890927212511738,0.06003589196389519,0.07784814110829244,0.23609694910727425,0.02762177287807396
2014-10-21 02:00:00,DEHM_BD,0.10445433711498492,0.21335676430122924,0.182495413657918,1.2400616677931104,0.5597235948934591,1.159087955354566,1.5487507419657196,0.06039094291723787,0.07747618498608452,0.2638754479142835,0.02874188175462122
2014-10-21 03:00:00,DEHM_BD,0.11383014175067871,0.21246583104852212,0.21221970831465886,1.1661366121073526,0.46626938156962383,1.1825724027604005,1.6630017367904193,0.06369931227134534,0.0788007985843531,0.29123531224820753,0.03125885390126601
2014-10-21 04:00:00,DEHM_BD,0.16482800457298982,0.24150932304550993,0.2650389858756609,0.9657845513665233,0.4846497876747696,1.206887230009753,1.5684785645932169,0.06914069609410523,0.08640756629034868,0.31605820366831483,0.034430457813701736
2014-10-21 05:00:00,DEHM_BD,0.263974303585065,0.27720553898772793,0.2978183524617785,0.7567601227347879,0.5619969029771534,1.1147013548816973,1.3231211105011298,0.07452907279603446,0.10366659825950843,0.3638290051965555,0.038672180117172966
2014-10-21 06:00:00,DEHM_BD,0.2986995914819323,0.3309258608997543,0.4167991044545592,0.6557678651567059,0.687674604019001,0.9792430890558427,1.0946540562739573,0.07738807282705396,0.1462832723049446,0.41269170316544357,0.044120281509642874
2014-10-21 07:00:00,DEHM_BD,0.2504179019521129,0.4039186402898258,0.6232138461317773,0.6079223302677366,0.6911703686397337,0.9105340754727017,0.9102076165141048,0.0832531070212949,0.184587463881634,0.45991866174687157,0.051045669977157156
2014-10-21 08:00:00,DEHM_BD,0.2918783338817533,0.41406277714138845,0.43103815024886627,0.7854984928106563,0.5056066051896102,0.8178080558830196,0.9349492407279694,0.08179152965404775,0.18828973688953551,0.41078934128504696,0.05734515971155599
2014-10-21 09:00:00,DEHM_BD,0.5639043081522964,0.4001171018305001,0.5747655742679938,0.7953541494659905,0.35827661897990837,0.5901841115295561,0.9426653130537586,0.08059003294296553,0.1754482076333741,0.35701365541401997,0.05937367132536124
2014-10-21 10:00:00,DEHM_BD,0.7231508704341225,0.5148520235171913,0.5364744187581818,0.5776652523748296,0.21945865137862025,0.4313090855786483,0.613998042960384,0.08940541584458193,0.1508480463355499,0.4314369995504524,0.061540313241896114
2014-10-21 11:00:00,DEHM_BD,0.874532747110849,0.6122917147018945,0.3051630375505604,0.4206181023230653,0.10832071862325987,0.27538503325890273,0.43706928531620703,0.13230484661120906,0.14878708754067296,0.5143817032189058,0.06431858343858252
2014-10-21 12:00:00,DEHM_BD,1.4844547230770115,0.7929929498463753,0.2682327360612234,0.28670936042010076,0.06430955424953227,0.16132742090462582,0.2882131786645139,0.21177944615014815,0.1701245050776935,0.5622352484471809,0.06542652487465168
2014-10-21 13:00:00,DEHM_BD,1.5854789563174474,0.7968224183895858,0.21451770176413099,0.18251130991541048,0.0830014894003327,0.08776014076387034,0.18372958853711363,0.26249143079356274,0.20052392861855903,0.8898599582208391,0.06908700018793318
2014-10-21 14:00:00,DEHM_BD,1.7018370486622678,0.5870428844972199,0.23234716578608958,0.11920166673391437,0.10292153703449292,0.07258027642727556,0.09840043776810918,0.2603290501331537,0.208997068688697,1.6418632114141098,0.07416305667411519
2014-10-21 15:00:00,DEHM_BD,1.9460718435447537,0.4829977791224418,0.26168417530218363,0.09512830066803828,0.09059463030342463,0.09410195846806087,0.07693152353298749,0.2520371342319901,0.2122301465108558,2.0559314963887476,0.07746323714666051
2014-10-21 16:00:00,DEHM_BD,1.6491706902013392,0.4519787492302735,0.2029181807354336,0.0848139269104075,0.07518537201812135,0.09328568246496362,0.0988486010900744,0.191224281668756,0.2010558712365617,2.171140131187914,0.08307831959456197
2014-10-21 17:00:00,DEHM_BD,1.0169271187334892,0.32060271493327674,0.1425645067437324,0.09171887837093261,0.09137939002497572,0.08467394766281523,0.09352455432132899,0.17460995125772893,0.20130569118702069,1.8786272103738038,0.09258827706143252
2014-10-21 18:00:00,DEHM_BD,0.6412621823626545,0.22913396298961353,0.1380206243544973,0.09401050904476013,0.10150178230218343,0.09217036152537433,0.07985132980218254,0.24137158682569382,0.2288010796726353,1.5680313784959072,0.10290413908291601
2014-10-21 19:00:00,DEHM_BD,0.4478998578658606,0.1909382224179734,0.1589993944623413,0.09361946566140739,0.0691228751697577,0.09952499594128676,0.09116229265624477,0.3586215031550265,0.27960927791828283,1.3309166173210807,0.11504688723105914
2014-10-21 20:00:00,DEHM_BD,0.32617657872479866,0.18566080458763978,0.2436840531427582,0.09779961164019936,0.04772972646423139,0.07201577439569172,0.08890917467902174,0.4210051980855781,0.2276242650911304,1.1317466012974555,0.12966618430595833
2014-10-21 21:00:00,DEHM_BD,0.32271613221778056,0.17512598162493664,0.29287970714604805,0.08095641701411155,0.04176994952139142,0.050101846419970564,0.054751396701304356,0.44903891432482734,0.2158033811873662,1.0003621443400927,0.13901894051508967
2014-10-21 22:00:00,DEHM_BD,0.38902593590266066,0.15623840360832852,0.3240840138794119,0.05550139843934091,0.044487970641177835,0.04370047370247068,0.03664005768253609,0.5675005898487008,0.2847201653794012,0.915584492677723,0.14641842404332003
2014-10-21 23:00:00,DEHM_BD,0.46804753341747907,0.20040151098367165,0.32282119073226007,0.04300338424702978,0.05140589782422982,0.046724534620431316,0.035746096434670936,0.7367420129116717,0.3509431039562076,0.7886956879466763,0.15677794035466378
2014-10-22 00:00:00,DEHM_BD,0.4936523255874914,0.2933008018358715,0.3092200021031605,0.04102287821462143,0.054428623170903814,0.05252437897826071,0.046898313319176,0.8027712697083502,0.329226498657614,0.7376058023585369,0.17003992077464225
2014-10-22 01:00:00,DEHM_BD,0.47632413480701147,0.39905814345506474,0.2965870496716279,0.046087303179430744,0.05494817100319071,0.05527987949311495,0.05591855963865399,0.7162061009749677,0.3131890029536488,0.7214702708406495,0.1828454010708442
2014-10-22 02:00:00,DEHM_BD,0.5055884003453933,0.5172557673754008,0.3166905830044359,0.05105535116998004,0.05751361837295346,0.05721041431913604,0.05795964866343754,0.5428474544870574,0.2673374300199792,0.6791689864068378,0.19584889568600788
2014-10-22 03:00:00,DEHM_BD,0.5542594472110877,0.6181072231025762,0.3599212558260712,0.05410320421925093,0.06352102845367023,0.06218791881958479,0.0568495524313607,0.4065159544993098,0.20463420701930293,0.7103226434287965,0.2069339905018452
2014-10-22 04:00:00,DEHM_BD,0.5306298426326619,0.6981101251122379,0.40896350171432233,0.05525730022068596,0.06826301999548429,0.06782662449502373,0.05597501683362333,0.3066651205701939,0.1511718216814147,0.8067158169530153,0.21536604789643066
2014-10-22 05:00:00,DEHM_BD,0.4705923284089565,0.6375680238037055,0.46331926529802925,0.05859149802265622,0.0754514247930747,0.07205675321402129,0.0542636661344632,0.25790618961615475,0.1250265314495725,0.9755464792260924,0.22303112522009516
2014-10-22 06:00:00,DEHM_BD,0.6223656173095857,0.5048867919524465,0.4889906860156048,0.06103067328316965,0.08532724881949365,0.08031124911949722,0.05373868476912263,0.20795110347675153,0.12184521910413625,0.9978729053825839,0.23078982076502857
2014-10-22 07:00:00,DEHM_BD,0.8626220324104197,0.4625689201263128,0.5911288880199386,0.06342527371229613,0.08889477317288509,0.08877344775995687,0.054471217130481184,0.14523739266676816,0.12341334244174403,0.8947496127915777,0.2391647899616555
2014-10-22 08:00:00,DEHM_BD,0.9096463268310727,0.41169042127742544,0.9267791689934932,0.06487809488988877,0.0893840014834887,0.089792145092294,0.057019991155517445,0.10685461150743987,0.11917578041200046,0.717291040352754,0.24615806864992246
2014-10-22 09:00:00,DEHM_BD,0.9012276417445892,0.3143008363263361,1.0008250725951209,0.06128293060171295,0.08793049977393814,0.08766020013747838,0.05961107695208378,0.0991622238452172,0.11878266721957809,0.65557566253592,0.24972294825950636
2014-10-22 10:00:00,DEHM_BD,0.7283711365247809,0.332230396502164,0.8979470582315199,0.060708643077802694,0.0894968541871325,0.08776832246538248,0.0671929803865122,0.10580604445938947,0.11696838009582586,0.7080893126381467,0.2552495821911886
2014-10-22 11:00:00,DEHM_BD,0.5891875817904341,0.47760011066880653,0.7045856775291617,0.06593130494921225,0.09688428971225509,0.09470387694306318,0.07572084726819585,0.10668684390859655,0.11940955396899951,0.8034739047082141,0.26002540326355944
2014-10-22 12:00:00,DEHM_BD,0.5866151821819063,0.49518412434010695,0.4982069130618334,0.0732282998782657,0.09999905246101302,0.10176448015561769,0.08674982245928761,0.10687024696385469,0.12515839187718447,0.958021836961191,0.263598942531254
2014-10-22 13:00:00,DEHM_BD,0.5477106853070888,0.555230696511897,0.38298461344951035,0.08094962868889823,0.09625984520679326,0.10349937360879838,0.09204542039632206,0.10951379480986836,0.1267339041334983,1.061001946047633,0.2701591400025319
2014-10-22 14:00:00,DEHM_BD,0.4826741391533136,0.6499321187235821,0.34248571151269713,0.08706467061682473,0.09435655451098443,0.10231549647724301,0.09742791156185422,0.11146639525858676,0.12957509331990194,0.7498554474861268,0.28196816135904734
2014-10-22 15:00:00,DEHM_BD,0.7679902520410158,0.708327561221727,0.33883002040961907,0.09197129967638133,0.09257026825329273,0.10234877489365422,0.10253450304457377,0.10885139549855127,0.1314453237299958,0.6215246116975359,0.2888538727493583
2014-10-22 16:00:00,DEHM_BD,0.8375093065089287,0.7645491580039251,0.39750862078579785,0.09237999047489968,0.0903510766553179,0.10427189454459658,0.10232476254537713,0.10623052328607048,0.13011793155161472,0.2685840758423953,0.29619582460798316
2014-10-22 17:00:00,DEHM_BD,0.7642794886584905,0.8817553914871648,0.5911510760184764,0.1131559861063686,0.0891413376092723,0.13540949829616913,0.14363166702967284,0.10001107186473884,0.13114476457100877,0.1398820539671499,0.30260012759062443
2014-10-22 18:00:00,DEHM_BD,0.4791577377959312,0.9464685654997592,0.7726173893210443,0.19300886312626706,0.0993272665115212,0.22948421168904745,0.20459267815369522,0.09685662597198032,0.13936989005903297,0.11877458564179239,0.30671159717202173
2014-10-22 19:00:00,DEHM_BD,0.24368396585488156,0.9669872313533001,0.7167114469612003,0.3170215555484027,0.12280669432022591,0.33872823096943044,0.2753337514905858,0.09874498906765124,0.1504809997969166,0.11925316485679273,0.3106248505645896
2014-10-22 20:00:00,DEHM_BD,0.20045838939817381,1.0696357236076437,0.38972472766748667,0.5084729454353479,0.1568133285083854,0.48382917050620694,0.36971519992967816,0.10747964501000916,0.15903906189998246,0.12486553271208496,0.3187755333630926
2014-10-22 21:00:00,DEHM_BD,0.17916068782885614,1.24680662772447,0.1431638251970594,0.7238628824865355,0.19964705988428075,0.664498649649752,0.4953254330511969,0.13847440717885254,0.16556289570591173,0.12720309901989232,0.3283627049497514
2014-10-22 22:00:00,DEHM_BD,0.17013999811540004,1.5090760671167494,0.1071528522200786,1.0073342737843565,0.2452295899405096,0.8509346210421168,0.7396189526274973,0.212208336841408,0.16524279346479215,0.13035388895895914,0.3335317952770739
2014-10-22 23:00:00,DEHM_BD,0.16845303219940677,2.010911738359314,0.0783998650661331,1.382903623863443,0.3550233508312166,1.0237608145405637,1.2239518712972155,0.3104781723605375,0.1622735916499356,0.1349913336576284,0.3278110155890508
2014-10-23 00:00:00,DEHM_BD,0.1814978753634052,2.089471548023234,0.06941616176007398,1.6865128622815702,0.534308020014062,1.2734435427466864,1.7922951869775634,0.4259086597010213,0.15948739646872956,0.15386127672464522,0.31299680059175927
2014-10-23 01:00:00,DEHM_BD,0.18295557276366095,2.014809113886795,0.06367132802748876,1.8376990881130975,0.9633912929185175,1.6764420191098033,2.133565337235669,0.499210249141557,0.15339244253220596,0.18620923195809208,0.30085145492244497
2014-10-23 02:00:00,DEHM_BD,0.18419909274979254,1.8234733841073647,0.07361373089262324,1.9877879429596337,1.4527296863920682,2.188729912240862,2.2730131411435894,0.4332488628722726,0.1446285818054491,0.19692901608142618,0.2957408422363175
2014-10-23 03:00:00,DEHM_BD,0.1719192168134031,1.6543534199937389,0.10293551714688134,2.626146436681798,1.5424383853055375,2.61572729154157,2.7001016650585106,0.30277656579025075,0.13993345066157384,0.2016805359673503,0.293250729642771
2014-10-23 04:00:00,DEHM_BD,0.15563212323136721,1.079316353107147,0.11378253095445078,3.1149881692308603,1.5176623951803123,2.8363438982599964,3.4101974892747604,0.2481508495905529,0.142328209006494,0.1912337605518575,0.29431453607082364
2014-10-23 05:00:00,DEHM_BD,0.15363593133548617,0.5077490145365864,0.113387430536479,3.2611197967673182,1.5428588496730522,2.966678402432601,3.6861622449800358,0.1661140692939329,0.14061192992790705,0.17468352776215945,0.29638370193902386
2014-10-23 06:00:00,DEHM_BD,0.15736059501005556,0.28579230375064935,0.1216785167918168,3.316221738468095,1.4135428494201878,2.8430605579368438,3.6359566817473143,0.0825921782912313,0.13128969756120926,0.1589994759824998,0.2985989939758925
2014-10-23 07:00:00,DEHM_BD,0.1535819190813099,0.15009230499325307,0.1412328030726076,3.0907033701286495,1.2780261948580365,2.3416925615367927,3.36521552413113,0.05933471803517077,0.12711138081666185,0.13052586605252037,0.2959381466968729
2014-10-23 08:00:00,DEHM_BD,0.159699116044723,0.07285898853977853,0.15871062346977222,2.4163515131030224,0.9357868152577592,1.937727219716264,2.6444286238752728,0.05334160312335922,0.12524103539200485,0.1134255288624297,0.2887207508421897
2014-10-23 09:00:00,DEHM_BD,0.15494467354538363,0.05653740177524951,0.2327757057185298,2.2304319534479045,0.5120142929444834,1.7810660766828899,2.2194898294298073,0.052596781256357035,0.1217781501620133,0.12397689249427173,0.27976894376270917
2014-10-23 10:00:00,DEHM_BD,0.15474629394137746,0.06297787029765571,0.13703531470402458,2.251014013000773,0.30871107209399323,1.5708865187050332,2.16077483628041,0.051140954427412816,0.11914998607369008,0.1372521718857354,0.27041282276811995
2014-10-23 11:00:00,DEHM_BD,0.15519534044832903,0.07703568537939096,0.1128705006662836,1.9947398043697198,0.26957911284847175,1.2937306834571207,1.8532691797905878,0.04907887288241925,0.12203900719560554,0.15910617030217594,0.2648396022900938
2014-10-23 12:00:00,DEHM_BD,0.17343708601440744,0.09325781430901017,0.129799439939401,1.5354084986317347,0.25295509554890905,1.0619294561298958,1.6404565114239817,0.06841245528696317,0.12318772758765949,0.20247151710758088,0.25890684129081654
2014-10-23 13:00:00,DEHM_BD,0.18224107474622064,0.10504250330449069,0.16239217145747611,1.2301773165047762,0.24308723764990453,0.9185741225611834,1.519190448403096,0.088318940151839,0.13085403414106453,0.24222118294688105,0.25406180291388175
2014-10-23 14:00:00,DEHM_BD,0.19095917390747671,0.13004979855110624,0.23600960254103306,0.9588357335015384,0.25677898155145334,0.6671983822393361,1.2531659981008227,0.10051613622440474,0.13469070903381264,0.19829289705176667,0.2490065036761388
2014-10-23 15:00:00,DEHM_BD,0.2007055357292875,0.3296080995772559,0.3579661780106405,0.8535701966065418,0.31007287752287455,0.5681690313889314,1.1323309686396485,0.10764601743538382,0.14054256071609492,0.1715711633614034,0.24249153755128364
2014-10-23 16:00:00,DEHM_BD,0.21272959167880698,0.6547609169449499,0.5180019035906871,0.8187221252708717,0.33532849999445474,0.9244961875739315,1.1244509761905552,0.11280829137532021,0.14914896389745602,0.18503208645621552,0.24251497226798896
2014-10-23 17:00:00,DEHM_BD,0.25270897221095495,1.1353070850292908,0.7875194991794523,0.8514513050376697,0.42372259595631145,1.2438869186254293,1.2987034707564016,0.119447531877011,0.16818119407757876,0.24341063298196744,0.2486153562295249
2014-10-23 18:00:00,DEHM_BD,0.2835421799492113,1.761291513002053,0.8957540714008172,0.9212339255291124,0.6669932360573834,1.4328233673781496,1.3991496599486444,0.12603900262570236,0.19209186242150822,0.31493511335730806,0.2507147923601232
2014-10-23 19:00:00,DEHM_BD,0.31364439164538044,2.422031080110849,0.799318849274505,1.2279667462170156,0.9955486425378381,1.875587487834748,1.774423228615985,0.13035284773331596,0.20186223136189618,0.34208501109340944,0.24479270595501165
2014-10-23 20:00:00,DEHM_BD,0.35988620819371886,3.2157711550949526,0.7595156873938314,1.5226383628242803,1.388297744047686,2.0788285551367482,2.239451485279052,0.13894688239612135,0.21652995821934415,0.38714998098410275,0.24540141651137723
2014-10-23 21:00:00,DEHM_BD,0.43110517545913396,3.877624466579756,0.6551193626709231,1.7829683383014825,1.6111818094337154,2.1031630691965244,2.374640542344147,0.1648926724356226,0.23389368519029807,0.40246911303474514,0.25236143085638985
2014-10-23 22:00:00,DEHM_BD,0.6906377954200307,4.408053112313633,0.7599507463785742,1.7410260474483958,1.4987639574416143,2.1887354683838414,2.2179823917627415,0.19552865717064585,0.25337857255149615,0.3483983404099459,0.262037049690677
2014-10-23 23:00:00,DEHM_BD,1.3661692256442333,4.4642913007976945,0.7960651660221599,1.4744377059214795,1.4132680578253467,2.236819660222814,2.1850895688266725,0.18933572015516453,0.29905418129828865,0.28034910887504966,0.2609471137575083
2014-10-24 00:00:00,DEHM_BD,2.2263159328064757,4.059760550586164,0.652857809961767,1.412168063738099,1.4641021357673267,2.2274972119400602,2.0077381191526835,0.17800931773513548,0.4037415018023165,0.28624619252699307,0.2577494142596516
2014-10-24 01:00:00,DEHM_BD,2.934101329364145,3.9328901182935248,0.8906705108583904,1.3011979676205245,1.5729320719949529,2.191174598270667,1.8715268363949646,0.20954046954464156,0.5948331984711299,0.437932088737165,0.24565847012059058
2014-10-24 02:00:00,DEHM_BD,3.555661471112003,3.863062925265161,1.1263669016654674,1.2005370709903305,1.6455303737759823,2.14791757076882,1.721339784568488,0.224978468508683,0.93919764699782,0.7209542719562785,0.22600705875901947
2014-10-24 03:00:00,DEHM_BD,4.15600040817339,3.7235787320762874,1.1474649533228676,1.1494093555481917,1.6440213838287048,2.0624642322463567,1.6034658934466108,0.22872465794730917,1.5135543867627368,1.3175426468262343,0.2111294689812277
2014-10-24 04:00:00,DEHM_BD,4.871849896875016,3.6267432580828993,1.0412644485055416,1.1193027476851733,1.5578852015263358,1.9234316142386774,1.5493847502460225,0.23044998171418887,2.192923253128957,2.033387632599703,0.1995584339552395
2014-10-24 05:00:00,DEHM_BD,5.175803802067868,4.0935277062706135,0.9425883041694864,1.1549898927043007,1.5263189245496993,1.8659809115156822,1.5040911594604698,0.23008860593073055,2.8869832125309203,2.404153444145217,0.20080879882026567
2014-10-24 06:00:00,DEHM_BD,5.4714512630763465,4.529765586286316,1.177597731497332,1.2243876669280138,1.5743657961531776,1.9263003357993504,1.5620547343254159,0.22678769502617402,3.553916884912765,2.7763283489322506,0.22448534229390776
2014-10-24 07:00:00,DEHM_BD,5.013781679816601,4.762153923851343,1.7869006147446636,1.304731816331162,1.737378647388064,2.0802314414893184,1.6355562058644624,0.22153453956864766,3.9411288781096974,3.2309987661169095,0.2955949776907217
2014-10-24 08:00:00,DEHM_BD,4.736368316464532,4.986451941980106,1.7051727586802883,1.4021118602255371,1.8246486588658721,2.2676093257936887,1.6283170737610895,0.2191292484959586,3.733736035258267,3.9970636086966937,0.38800536367976324
2014-10-24 09:00:00,DEHM_BD,4.111567594913752,4.498015772340448,1.1521956865246825,1.3648728220482422,1.6916460565302776,2.284917950061945,1.6501546165276912,0.23487275665506718,3.664202199570034,4.594875281805844,0.4261637545200995
2014-10-24 10:00:00,DEHM_BD,3.4103773718250685,3.5858724297896405,0.6953907928825251,1.1880619865455613,1.5959532679760875,1.9056300934913568,1.5182829576023078,0.26790747307285645,3.4417437114202603,4.457265453583784,0.4088563213677727
2014-10-24 11:00:00,DEHM_BD,2.3546707171513606,2.7559566654251926,0.4700598669978207,1.0534903675494356,1.5524542790766573,1.4730049109842709,1.244962076797776,0.2995419324085301,3.263983248557467,3.9677255600841064,0.3468582666128756
2014-10-24 12:00:00,DEHM_BD,1.8304381522538935,2.137859922317578,0.41880191003949135,0.8256133603224183,1.4932437895764645,1.3897673405771998,0.906808523914183,0.3233369162698835,2.9324918227985783,3.3062891003089026,0.31019454095046484
2014-10-24 13:00:00,DEHM_BD,1.63622275124043,1.8366890638971498,0.45003687005467596,0.6188413350706232,1.345434033995366,1.3968417402623319,0.7035952237231714,0.3638628724223747,2.5691101272962986,2.5740858995579017,0.3022656213665962
2014-10-24 14:00:00,DEHM_BD,1.766568922877806,1.8062343528924318,0.6069923723472025,0.5272419488741155,1.1207956363875513,1.3706635766277984,0.682995729876195,0.3747544337537324,1.9796173110167494,2.2049858951591617,0.3158063924448982
2014-10-24 15:00:00,DEHM_BD,2.0866204048538863,1.79271380904845,0.9256134087057746,0.554619916628656,0.9712325565187074,1.3126445629850554,0.8059661441111069,0.349679150458183,1.4655363222103102,2.0220784564060508,0.33452893091058455
2014-10-24 16:00:00,DEHM_BD,2.4710549757127542,1.6057782621113275,1.2073801869345693,0.6534585474264148,0.959676589518066,1.3354975823418174,0.9801191970953209,0.3295118629796615,1.305509982212358,1.7065335039350336,0.3666008173611165
2014-10-24 17:00:00,DEHM_BD,2.8436614027182125,1.56766318653218,1.1110477190665877,0.8003544890907165,1.0553110596348623,1.4584603620250172,1.168030498229964,0.31200341091633765,1.4619763108472341,1.6642695520280752,0.4123736385569312
2014-10-24 18:00:00,DEHM_BD,2.729825826636217,1.6790930615709863,0.7001911478837533,0.9756192647566181,1.2053182701272798,1.6679431751056928,1.3525337475379733,0.2898596627163514,1.8010856627311933,1.6489064148296446,0.4570906947779089
2014-10-24 19:00:00,DEHM_BD,2.3942448327267627,1.7610401391985886,0.47172463773522644,1.0895343997711537,1.379217602531982,1.9685349501365612,1.6317551007582636,0.2751480136289074,2.143191197707392,1.7500100185996623,0.5029109575630548
2014-10-24 20:00:00,DEHM_BD,2.197829544883658,1.953471364587019,0.30650607716361283,1.0672395034105813,1.5433173388432806,2.20463344925655,1.8271215725125929,0.25768512250391756,2.3924904746196884,1.8278160195629205,0.5386760719880006
2014-10-24 21:00:00,DEHM_BD,2.2111546125844055,2.116073142096824,0.2478898153339954,0.9274619884280028,1.5677020836246711,2.237998600725868,1.9047040127870438,0.22214798288259635,2.3854400423190647,1.9333358655027206,0.5789078515152319
2014-10-24 22:00:00,DEHM_BD,2.3714857914567578,1.9598854783830977,0.27707744198505757,0.824477674470834,1.3344196451190298,2.1439494153082728,1.890478355121544,0.1760177542617357,2.1294436982320715,1.8624651150645688,0.6021592010568269
2014-10-24 23:00:00,DEHM_BD,2.4714515063069387,1.6985819641162596,0.3692228595334058,0.8801611370543877,1.0115628030102142,2.065694498458663,1.9072859886254696,0.14869903506634735,1.7333864159825072,1.7452298525614478,0.611042864542636
2014-10-25 00:00:00,DEHM_BD,2.429481711204322,1.469423079509607,0.4585151099538244,1.0165893400722184,0.797414003249444,1.992520235795387,1.9411918209350598,0.12457897388823319,1.3708835371310077,1.7383763713800722,0.6104836661268398
2014-10-25 01:00:00,DEHM_BD,2.2538260073055514,1.3673019782652378,0.5136946388586772,1.1854253315939478,0.6452700036589243,1.8699493506604803,2.027542044392413,0.1074133687298743,1.131493794510914,1.7634321954973786,0.6194274862464051
2014-10-25 02:00:00,DEHM_BD,2.016414206499355,1.3002784062570751,0.564020094337865,1.3446038488761847,0.6066057404443994,1.7639687186550415,2.162916687032224,0.09650273539066301,0.9335302056403365,1.9221100421898532,0.651522477096822
2014-10-25 03:00:00,DEHM_BD,1.8589802525213177,1.210316672495548,0.5396105612450033,1.4743806706785472,0.725739800727032,1.6865270074040428,2.1585774003062568,0.09868968224700517,0.7929773509288205,2.0754671231051813,0.6725000883471826
2014-10-25 04:00:00,DEHM_BD,1.7482013537484873,1.259724175007214,0.4948183890656589,1.567642648605359,1.0306946966232173,1.6824366456335746,2.095645790227281,0.10628969994655796,0.6664306538876797,2.21160533110667,0.668759410977722
2014-10-25 05:00:00,DEHM_BD,1.698371836604169,1.8099945113470541,0.49079271034207583,1.6137574836887312,1.4294442778085823,1.760746128842834,2.0901647764024642,0.11745957057947276,0.6176355213976183,2.4726760991159735,0.624296336292671
2014-10-25 06:00:00,DEHM_BD,1.863124317803811,2.00294134492093,0.6432992229875413,1.641722248455707,1.74214496167724,1.9003948552445533,2.119839057163019,0.13762052332079017,0.6015468174906446,2.763952925584903,0.5939240787989737
2014-10-25 07:00:00,DEHM_BD,1.9821896611416152,1.6009523644748282,0.7035552066334914,1.6107282707849968,1.6727291586240942,1.960245560139453,2.0843813916598974,0.17683968786377455,0.7284497170201688,2.7815892455020172,0.5859014649647009
2014-10-25 08:00:00,DEHM_BD,2.247858882724978,1.022881569757727,0.6309864980370061,1.4315080565454497,1.4458354792938755,1.9623373795379375,1.9286247342387366,0.21981232628228142,0.9584572957412805,2.694525665519256,0.556188431957513
2014-10-25 09:00:00,DEHM_BD,2.5210225580474503,0.652442818738399,0.5248026901670952,1.3043396856966538,1.3762298051340691,1.9159020361447243,1.8592561969392074,0.2090473113993554,1.0826696341142243,2.5739935337203086,0.4904383364719803
2014-10-25 10:00:00,DEHM_BD,2.7250085624057707,0.4859125654913833,0.3520424098589614,1.19838494970447,1.2111770373282396,1.8949712232295297,1.7877397932195265,0.17646350191541946,1.182909212589562,2.713610467393454,0.42809601205759196
2014-10-25 11:00:00,DEHM_BD,2.8725123873263176,0.5715330882864841,0.1666004903387434,1.1696690526166575,1.1617680067647156,1.8536343663704895,1.68192256692068,0.15349330866014102,1.2599164082381409,2.7176492503037757,0.40343293306884564
2014-10-25 12:00:00,DEHM_BD,3.0200993884316456,0.7697659929540717,0.11238116290306666,1.2188424139637666,1.1722442204979995,1.679204064220829,1.6573583634891667,0.14458620213843398,1.242407479995971,2.6880293366424595,0.4076940865164342
2014-10-25 13:00:00,DEHM_BD,2.900486530121018,0.6982436022981191,0.0936175950318443,1.2352756390768547,0.9641555584127408,1.3499650268183596,1.7128651939114212,0.1415187322302907,1.1904190087665547,2.791609294049639,0.4153718861379276
2014-10-25 14:00:00,DEHM_BD,2.7065478352730885,0.582450869037551,0.08737698883800053,1.228814323572644,0.6526123178339189,1.2926378981497977,1.7451424447641368,0.13763954796792924,1.0823598600039677,2.847635327006989,0.4296514886432338
2014-10-25 15:00:00,DEHM_BD,2.3421723877488128,0.5334761547200275,0.11085376411066654,1.2022729531534422,0.45045222670548124,1.4233128023448534,1.7229946838773436,0.13561108276555306,0.9505073498814738,2.963764843175846,0.46099170341069795
2014-10-25 16:00:00,DEHM_BD,1.9045050942542652,0.37933632868695355,0.27492808453733797,1.2912976189617733,0.5862194782859086,1.4193413914748714,1.8668448537586722,0.12462546719748513,0.7802783242806536,3.0585985679189553,0.49708000326100493
2014-10-25 17:00:00,DEHM_BD,1.4585527498752453,0.301132658339706,0.3917721754693195,1.5956354099968153,0.7811474917554202,1.5454923929564668,2.0439374433990216,0.10022940337792019,0.651313946075756,3.1627048492356966,0.5517772726719954
2014-10-25 18:00:00,DEHM_BD,1.102941537337834,0.28890685304178465,0.4228814534065981,2.06644795921492,0.7816025315415963,1.853909241430176,2.2637080360472708,0.0817480827399109,0.7458433926010877,3.056243903646452,0.6175036249920876
2014-10-25 19:00:00,DEHM_BD,0.9577021719005447,0.42327819292556706,0.3898663662239903,2.4979833915942065,0.8370453830764233,2.1670499445336446,2.7770457160139665,0.08536724647902638,0.7916925302723609,2.5539362872697757,0.6761568189537058
2014-10-25 20:00:00,DEHM_BD,0.8860684691924137,0.6919326431069505,0.2896671576491733,2.5998772681063835,1.0337950972957048,2.5266569404266437,3.173669551466906,0.098208977760393,0.7701139883605016,2.175606633055171,0.7183218764139991
2014-10-25 21:00:00,DEHM_BD,1.1889374650092144,1.0329142824270812,0.15959844071022058,2.442429691450519,1.2098940120122186,2.7486961774561274,3.0604236466233616,0.12127712619426644,0.6860467861597983,2.0446104018595266,0.7474995572977512
2014-10-25 22:00:00,DEHM_BD,1.015133161308635,1.0107973704590543,0.12570768941177068,2.804895846848851,1.2991222986981785,2.588246888638018,3.462273497876795,0.14806683994716022,0.5879837690126896,2.0630929243360763,0.7737052971473615
2014-10-25 23:00:00,DEHM_BD,0.8833334037385135,0.8471699546929827,0.14092039214615565,3.6268896581290524,1.3944521634259632,2.552650145143233,3.9960737027953472,0.16010584955901827,0.6355455094733834,2.20965840441632,0.8047078849148517
2014-10-26 00:00:00,DEHM_BD,0.9402026873572357,0.6016048213866165,0.21148720337848073,3.7862795761676042,1.4977825624367176,2.791966167911533,4.193698698871555,0.14833242357661,0.6881932099184767,1.8120391410857812,0.828452231991263
2014-10-26 01:00:00,DEHM_BD,1.1541018900770321,0.44092971157277,0.3946267843153703,3.4909136383097525,1.7119619106868234,2.9972811077404398,4.052580768493591,0.14714657759680863,0.6100720721070282,1.2257158580552414,0.8313911958151123
2014-10-26 02:00:00,DEHM_BD,1.333155753272781,0.47497380743024864,0.4980347926979036,3.121733088670881,2.032116471795305,2.9205305294267365,3.715821671701446,0.166881648847251,0.5951986441347654,1.4570341455864162,0.7973570592393167
2014-10-26 03:00:00,DEHM_BD,1.3553323053262754,0.5567830595361626,0.43329012346064055,2.7938351665503904,1.8246132644296065,2.5922750304941555,3.5380276554293464,0.19293645054842334,0.5130464433604851,1.8095054292954504,0.7549692443173192
2014-10-26 04:00:00,DEHM_BD,1.2930706845014635,0.6545892465358554,0.2754825550110171,2.492552844593399,1.1164554670245945,2.4240625771540683,3.3821994445574144,0.22617144037744952,0.42527451126303517,2.1313385857149214,0.7043184394993073
2014-10-26 05:00:00,DEHM_BD,1.2997620026653445,0.6937479721448477,0.23725469015128176,2.196789631288843,1.2017588794242964,2.5042323525184114,3.126804619412748,0.2295830113865061,0.4317149774650856,2.204301828622995,0.6268015812558587
2014-10-26 06:00:00,DEHM_BD,1.7341727583527753,0.6179823562335361,0.23757701642044482,1.9506400382737301,1.3823333920883014,2.5326477713317517,2.876316706242752,0.2230788499942234,0.49405076026707884,2.4002611846493234,0.5200974672558065
2014-10-26 07:00:00,DEHM_BD,2.0303349855736457,0.4547657347994972,0.22331558656671216,1.81604038978843,1.4564849399707094,2.4025083950117043,2.598913364410973,0.20499883149923737,0.5019533556991628,2.750221978403153,0.4146070312841422
2014-10-26 08:00:00,DEHM_BD,2.040632838856028,0.27549596057862974,0.20250555149286087,1.6027016033313748,1.3864156625464932,2.12928577965972,2.3961142559335413,0.1551132840751948,0.4569850949387903,3.001923980624881,0.3556460128978918
2014-10-26 09:00:00,DEHM_BD,2.0069883079491833,0.23489941527463837,0.17560624423642748,1.3607991889874174,1.3007409982045368,1.948476682593597,2.1444010952927393,0.11573251766324034,0.410571411958225,2.830183866223893,0.3233479894949028
2014-10-26 10:00:00,DEHM_BD,1.9341997625618799,0.22701095348622408,0.1563230672198649,1.2628229770398398,1.2596262359060626,1.7705230900205788,1.8536873282424626,0.09544659628948174,0.3939814404537061,2.62346782589863,0.3105700018173269
2014-10-26 11:00:00,DEHM_BD,1.8530788356506687,0.18616751718301777,0.14548750867347227,1.1364151903206599,1.1704586066450877,1.634789824913484,1.627895856888519,0.08650067773126054,0.3534758046021871,2.5777464329329343,0.32402906421986877
2014-10-26 12:00:00,DEHM_BD,1.866876308463954,0.1514059345907053,0.1371280482554307,1.0405783120998962,1.1599318098736786,1.541732648852002,1.4820883469692698,0.08519908703240543,0.34675103479240077,2.521937834094702,0.34614188759924364
2014-10-26 13:00:00,DEHM_BD,1.7488921323628281,0.1294720330135575,0.12789169159109232,0.9966920511081792,1.137949151325489,1.4651985835312167,1.385025488006462,0.08514740109717452,0.34006030967303535,2.3654774627956514,0.33988913305203183
2014-10-26 14:00:00,DEHM_BD,1.542886125233243,0.11728952139460412,0.1191325020111349,1.0071654699293255,1.1764413648870633,1.379044741723237,1.3105352164404793,0.08678924394138143,0.33448532207423803,2.2926658747983164,0.3139390180852403
2014-10-26 15:00:00,DEHM_BD,1.3881634246945802,0.1136482965839681,0.11037343392029898,1.0367450099968085,1.2269709848899535,1.3471645934512653,1.2432636813618836,0.08966852325428265,0.32612749821569764,2.3246233600276147,0.28199031281440967
2014-10-26 16:00:00,DEHM_BD,1.2799764362633508,0.13064638114432384,0.11040727433419766,1.14519994836724,1.305708769525839,1.4360015548980747,1.3236801521294879,0.09351941887901154,0.3206380369563214,2.455122930598659,0.2671549668608838
2014-10-26 17:00:00,DEHM_BD,1.220077430434143,0.16416222861014645,0.13142146762331802,1.3773016146555745,1.450322036811027,1.6780780712587746,1.6053940580362895,0.09669351863983071,0.29559685489408655,2.443158453841181,0.26543524517269096
2014-10-26 18:00:00,DEHM_BD,1.2256395555946882,0.23162813021436085,0.15366335131435738,1.658842626761647,1.6587503815911804,1.97246360439769,1.9547887553397578,0.09109961588965723,0.282988844475746,2.403275950056198,0.2729254055180469
2014-10-26 19:00:00,DEHM_BD,1.2833463007782306,0.23792669289384025,0.17753180869116403,1.9046517642815177,1.843155830031261,2.1958136885136086,2.405873828797114,0.07879879479808717,0.27559863053016354,2.579470181093069,0.2826983780032535
2014-10-26 20:00:00,DEHM_BD,1.4074024983315914,0.2103553830685245,0.19882088609485982,2.1074430138662725,1.9241044098179787,2.323354319429635,2.798860156898447,0.07257567243810727,0.2820617039481549,2.8510951106150264,0.2845485306332352
2014-10-26 21:00:00,DEHM_BD,1.6207521459605547,0.25161201061610583,0.22940235986751237,2.2148228218687125,2.045970839238614,2.431514356248651,2.914252266440105,0.07227734129092632,0.30107809043962486,3.078254292039704,0.280984857789846
2014-10-26 22:00:00,DEHM_BD,1.8340481975538654,0.3540845056398084,0.2611421293624532,2.051217897780833,2.155396120670177,2.5121451579125784,2.8911278491797026,0.0716574033455829,0.3264668464341759,3.3697448679762427,0.27241303537119166
2014-10-26 23:00:00,DEHM_BD,2.074762352109477,0.4333675186442245,0.23226331877795187,1.9889030655535778,2.2903425827964394,2.5535379202871864,2.9060620222564064,0.06443902739681288,0.35348333661273124,3.7251010620904808,0.2631141559790912
2014-10-27 00:00:00,DEHM_BD,2.2249642488295955,0.4034524624122289,0.18360722361777376,1.988011648985124,2.54557381012179,2.5644240046556805,2.930920572134955,0.05459166474346059,0.3940594940179958,4.099099743869919,0.2505686727501544
2014-10-27 01:00:00,DEHM_BD,2.1631270387590678,0.3502674301175056,0.15206027519554383,2.148280848254759,2.684448020435627,2.6151216027226303,2.9459189124729206,0.04926098449090481,0.4415716244754194,4.2316209049525675,0.24216805185830215
2014-10-27 02:00:00,DEHM_BD,2.220023198271543,0.30908571431433546,0.14601789213325816,2.349361421676711,2.632524800430648,2.686613887459072,2.954645976547971,0.04673004157640026,0.438175885407608,4.23946505574407,0.24300864903381084
2014-10-27 03:00:00,DEHM_BD,2.374216447099987,0.3045398825372061,0.15276247350467936,2.3896658304303027,2.4680352978830786,2.7013608642221247,2.941924544536471,0.04412128328195763,0.3946728492382541,4.2786638346062045,0.23647036939011407
2014-10-27 04:00:00,DEHM_BD,1.8145373440768382,0.44347851099550717,0.18542725863908943,2.5427989486193283,2.2643181004788726,2.6721865790877954,2.9605392132014456,0.043046862254580355,0.30934895201778034,4.211787311403136,0.23184697391019657
2014-10-27 05:00:00,DEHM_BD,1.3531295943939687,0.5780641731921302,0.21955277701885667,2.7726881917624735,2.1625728326527587,2.6313949816928575,2.9504346883406236,0.0431071708430488,0.2698972933129593,3.6982847679305078,0.22395731057665758
2014-10-27 06:00:00,DEHM_BD,1.0970529772097244,0.5357694978098942,0.2262227636511156,2.811814358890989,2.214829238736369,2.588896155672376,2.964298499361975,0.04333889891426069,0.2547801346077024,3.340318616384435,0.20332635012165395
2014-10-27 07:00:00,DEHM_BD,0.8976038079611397,0.4469936592486198,0.23005877478189643,2.5376371971661085,2.2400840089912433,2.470037602486925,2.920882804462282,0.04355751904474086,0.25318315313022566,3.1242733504273184,0.1757558760731456
2014-10-27 08:00:00,DEHM_BD,0.7465747324743679,0.38942367636116204,0.2562126673954166,2.293795223380909,2.1157433545636946,2.2851749476546868,2.7982009602001128,0.045113361424589465,0.24623617906778106,2.5657109974498673,0.15127780531232932
2014-10-27 09:00:00,DEHM_BD,0.5352149318035784,0.34785266962463485,0.30155181595214164,2.1083723454051118,2.008045521330829,2.139809175244889,2.7156669708982575,0.05056152887006748,0.2484213692282326,1.8808927996588591,0.1273511604078299
2014-10-27 10:00:00,DEHM_BD,0.4419424833789746,0.3464349761707706,0.34309813229167824,2.0651391872600255,1.9407804449574881,2.0969604203392445,2.6285713105210657,0.06605697534524355,0.24407120337160296,1.2803573284669651,0.1052174991252715
2014-10-27 11:00:00,DEHM_BD,0.4579517303670755,0.36002182720491643,0.351941934797801,1.9992346303401298,1.8374995657851452,2.1118429423453846,2.505649831951554,0.09732849692590523,0.2453170438126846,0.9657781101971596,0.09101844353429134
2014-10-27 12:00:00,DEHM_BD,0.5231447517995909,0.3724271830588951,0.3717115315948985,1.8284478336842314,1.7636631002792016,2.1729762028800645,2.3339034441393602,0.137139457760509,0.26613358759000877,0.858452331592128,0.08389652213366348
2014-10-27 13:00:00,DEHM_BD,0.5739858001203183,0.4069426518924068,0.38968474422242483,1.714010960764659,1.7893813396730809,2.1499041224713022,2.1672256057798,0.17411323218734934,0.30389890909491096,1.0514202894384053,0.08076334595678365
2014-10-27 14:00:00,DEHM_BD,0.6402171640715841,0.49295630828093717,0.35806604844492385,1.552250729241179,1.8099034326715049,1.9493620316745923,2.031758804925149,0.20610730432804666,0.3534168319517745,1.3842457743843644,0.08004940476430397
2014-10-27 15:00:00,DEHM_BD,0.7402563902241736,0.6301125600403547,0.3425038247063694,1.5189696612087116,1.8871811598152015,1.7465536822279184,1.9562520981028813,0.22852127992386917,0.40043626516789177,1.7534538513344708,0.08124416824972124
2014-10-27 16:00:00,DEHM_BD,0.9801645356311742,0.7717928500237315,0.6422268069281825,1.6621144022157806,1.9362175679271645,1.8007313493144002,2.0011448529270934,0.2578182126359128,0.42189716209832556,2.072639295506426,0.08648770994389708
2014-10-27 17:00:00,DEHM_BD,1.4667165566876088,0.862072607967155,0.9562259952996299,1.9493370620625439,1.903026990340658,1.9759053426371525,1.913854522247543,0.30138667269609853,0.4635814105470478,2.4195952320537977,0.0958651218752103
2014-10-27 18:00:00,DEHM_BD,2.0639366073969754,0.9142708365908916,1.0034880322570445,1.9109775027297118,1.9530347177243992,2.199923974638084,1.986053386722853,0.35170125275546676,0.5495582075274734,2.7144696878640078,0.11117960308715477
2014-10-27 19:00:00,DEHM_BD,2.6635941641864536,0.8965758876992203,0.9627961946496181,1.9280458780584946,2.184039756717388,2.4190338062507823,2.2650081912183166,0.3939937371868639,0.666033221895173,3.0097803978268836,0.13412184132362379
2014-10-27 20:00:00,DEHM_BD,3.1797157900240354,1.0181129889373293,1.017919094379181,1.987678105146694,2.4872613939939208,2.5606106502331327,2.399826041854001,0.4340044548833369,0.7668415742459893,3.3210446199053862,0.1681050420356214
2014-10-27 21:00:00,DEHM_BD,3.372926013700506,1.298276131219156,1.1320451475829256,2.1083743137139908,2.5704261496885676,2.6963518280142402,2.3951678038696436,0.4746779665867611,0.8754333305751532,3.514444941896757,0.22356821451866052
2014-10-27 22:00:00,DEHM_BD,3.5966882017664954,1.6931037572055683,1.2891462049626186,2.277015583487483,2.5166036573994255,2.9730297138683897,2.5648970234812674,0.5234975573648883,0.963290603090152,3.810739225556505,0.29278567973636066
2014-10-27 23:00:00,DEHM_BD,4.047911678277869,2.1384826491816153,1.4972279183818773,2.539422443237786,2.461241020459975,3.2139437770162056,3.044952973646488,0.5318302061730622,1.0347293839234113,4.443229822859863,0.3449441493854484
2014-10-28 00:00:00,DEHM_BD,4.544346805825694,2.5956921057019384,1.6310739111568127,2.7966428369418876,2.448889984066207,3.6251469138348615,3.6937825464373852,0.490489701238051,1.1495795546295493,5.1335769668617806,0.39598959888674307
2014-10-28 01:00:00,DEHM_BD,5.008659409039895,3.258745351396613,1.57258432812328,2.954472612607146,2.5279024639876098,4.255661199848308,4.163475383543588,0.5184888815057649,1.2935960782407223,5.443749347511269,0.46326112039055667
2014-10-28 02:00:00,DEHM_BD,5.649984615346562,3.932127245677225,1.4879046487482184,3.17449498745333,2.7849092580321337,4.855288779890136,4.273794777544512,0.6351698956507443,1.5367003275693207,5.698059673427297,0.5136254129069857
2014-10-28 03:00:00,DEHM_BD,5.901058545120338,4.319672078618933,1.6561419782005906,3.47666377529977,3.0613212400714773,5.426978396632606,4.22807878361613,0.7072123270381987,1.9085569443637134,6.009124508757927,0.5311788001396693
2014-10-28 04:00:00,DEHM_BD,5.871780366938413,4.601491616662135,2.066452436474614,3.7536243018788995,3.478945645467974,5.589899058113723,4.163564250040981,0.7232159366514535,2.513317087471113,6.245486271089092,0.5241060681915933
2014-10-28 05:00:00,DEHM_BD,5.98024681043286,4.998171850717556,2.4629444806460827,3.946499518276901,3.96703114886499,5.378151064000069,4.198700250802851,0.8584543045395612,3.286139278302044,6.199866803472675,0.5032658196517404
2014-10-28 06:00:00,DEHM_BD,5.961069939329624,5.277481318195553,2.7597627043088,4.04001218502868,4.177287283888534,5.003000539749521,4.343685125306849,1.0397318727886677,3.71268571360901,6.018441113829464,0.48132110575205167
2014-10-28 07:00:00,DEHM_BD,5.62828215850912,5.2174401010207045,2.7211317271589066,4.004833925313308,4.349554692291153,4.500979294908339,4.391468007403004,1.2149105695813893,4.312668320475072,5.428299242706745,0.48584917181147247
2014-10-28 08:00:00,DEHM_BD,5.056906032691933,4.152429615896176,2.3170275476971645,3.4844819593389915,4.463624425355173,4.0499521609400935,4.026547779635499,1.24172898427248,4.2449871889925745,4.737188714122697,0.500029811739195
2014-10-28 09:00:00,DEHM_BD,4.316871341579736,3.370414561458947,1.9804394847621194,3.17825264347498,4.136306241840483,3.723123291788734,3.670901857308071,1.1066269738188386,3.970642830905691,4.087023514604755,0.543264444935806
2014-10-28 10:00:00,DEHM_BD,3.685825736697873,3.0277482374528666,1.868757316800093,3.0325834492301786,3.734847987658406,3.4071623762900582,3.486820800703564,0.9495940065103768,3.7416515431818365,3.7206996726869375,0.6141542608921509
2014-10-28 11:00:00,DEHM_BD,3.378091886385932,2.5547067540532415,1.8005314820463174,2.9986004425952784,3.5168850795784663,3.171346789416581,3.275160813707809,0.86750157019414,3.465487884138822,3.5470063563872247,0.7608442588668409
2014-10-28 12:00:00,DEHM_BD,3.1912545434243356,2.110312477835056,1.5871934750594183,2.8335107526271024,3.3447996952990495,2.7591262077905783,3.1271984550459235,0.8452931590850651,3.197598418769483,3.300650206053592,0.9758329467041418
2014-10-28 13:00:00,DEHM_BD,3.307841416913109,1.9231435932312426,1.4847231045959026,2.520563758616215,3.1160609173432605,2.3629932570941956,2.8819855546343796,0.8335880316714941,2.9132257360529152,3.1966035575246874,1.1741343765350059
2014-10-28 14:00:00,DEHM_BD,3.881195523421748,2.056465061279505,1.7133481559617434,2.3304594112444765,2.8860722902864966,2.0457779743984497,2.7205056835939563,0.819892958643101,2.713139963272512,3.285094283668677,1.4011199425552971
2014-10-28 15:00:00,DEHM_BD,4.5042047358498,2.3797992353474053,2.2097464090838757,2.325084124473817,2.6374182053332005,1.9776730959926752,2.6996509366097396,0.8680816900674999,3.042806307789814,3.1558537347955666,1.4983371764596178
2014-10-28 16:00:00,DEHM_BD,4.519247279939151,3.1146661774359563,2.8648292290380315,2.4127670140671804,2.449066498450306,2.0361671339441187,2.5825723963398133,0.8989824746328591,3.5124734684934795,3.3069844454202206,1.5129392043491976
2014-10-28 17:00:00,DEHM_BD,3.952295603639069,3.8843025789412833,3.312166237141405,2.345339757335704,2.471148435403352,2.208359747883308,2.587091547593688,0.9073264704054593,3.994941996153155,3.47937222690801,1.47176172647616
2014-10-28 18:00:00,DEHM_BD,3.640095355727013,4.354696633724247,3.423193223807076,2.395336527423755,2.8511686292010423,2.4378461239680127,2.6499462614114035,0.9030459322553872,4.210542375855474,3.254908235863893,1.406986738397355
2014-10-28 19:00:00,DEHM_BD,3.5743649746955275,4.759012499207979,3.6252099006510248,2.5941512985647264,3.1231968473839236,2.7915175600780224,2.847294556844113,0.8139625667841731,4.418492087714262,3.0599608587530907,1.4019191798951827
2014-10-28 20:00:00,DEHM_BD,3.571631879796431,5.023365456244981,3.50201197237839,2.9235668094629816,3.201967792459455,3.1919400060444225,3.2602469214590606,0.5517201863121985,4.844820752311377,3.1198270724281936,1.475585283535651
2014-10-28 21:00:00,DEHM_BD,3.750646725735251,5.267362192237011,3.236146989044161,3.08214601018399,3.291489396546517,3.5569779529303873,3.521692156895049,0.2456834566773845,5.151332666527717,3.3319928619044337,1.633054817704622
2014-10-28 22:00:00,DEHM_BD,4.153848815430256,5.524922320036039,2.8195045544675454,2.7973172445200865,3.3716473767887685,3.6729787401745044,3.5147256618040994,0.06227439599784062,5.346106810179138,3.4419688765964747,1.8618634516539394
2014-10-28 23:00:00,DEHM_BD,4.699860551255309,5.7694719909176335,2.16621058911413,2.4623161766657913,2.9942119901834148,3.4350434452916447,3.378042114046218,0.008565448985122934,5.63905307725721,3.4482835278527477,2.1589701973456297
2014-10-29 00:00:00,DEHM_BD,5.438077025004547,5.941317745238082,1.701340468981513,2.0401111917220986,2.512923954464514,2.7628223095854048,3.037144582287194,0.004383292950466151,5.9531103382011175,3.475844343339991,2.493769444261376
2014-10-29 01:00:00,DEHM_BD,6.154906468207063,5.9183111015009855,1.3910703811467044,2.1305794769464272,2.27743166153267,2.7519651366548423,2.8626284169463254,0.019305868296045664,6.271921392117363,3.6154258469177183,2.824314794669513
2014-10-29 02:00:00,DEHM_BD,6.8638296408544415,4.767696356792694,1.1279008123322773,2.2068256675166196,2.0291181558484954,2.8675090287516145,2.8216024624686162,0.050670599387437065,6.26508567346496,4.193759109488254,3.1479614963137887
2014-10-29 03:00:00,DEHM_BD,7.362888057782468,3.243930569089071,0.46620524787854856,2.2004524525367595,1.736285620210357,2.8033017356481476,2.778587179748198,0.06291988484155372,5.66574378668122,5.165762501351585,3.367265855256748
2014-10-29 04:00:00,DEHM_BD,7.44770907154679,2.2729159851414535,0.03818824395218391,2.1233630867388693,1.5673633003173397,2.6049252192533245,2.8687342675235135,0.06374472953964015,4.310615820469502,6.273162297932073,3.485860458636582
2014-10-29 05:00:00,DEHM_BD,7.092410990151158,1.3607881837830156,0.037815740338217475,2.222050511895729,1.4984548838522471,2.4319064124376046,3.0014031210440573,0.06704338659888126,2.558836695089992,7.088326801860184,3.5469712793402373
2014-10-29 06:00:00,DEHM_BD,5.318106398463808,0.19232894043255938,0.05005592027426078,2.572778375764521,1.5395861715191044,2.3223040691690184,3.033407151577561,0.07255643584141493,1.0926043948217667,7.237257572589869,3.3792871110212803
2014-10-29 07:00:00,DEHM_BD,3.790122762904018,0.04760328684493315,0.05520378783865762,2.4905846755697416,1.5785302296841888,2.262151113484129,2.7500924433020515,0.0760264128982833,0.2712505870341835,7.343701712307664,2.680276586562968
2014-10-29 08:00:00,DEHM_BD,2.066946597587317,0.0572417874333328,0.05993471438834613,2.267363837946255,1.4448480132977943,2.0966208350841877,2.422576229421161,0.07251628762520841,0.057420236471984396,6.396368049023459,1.6829146521495122
2014-10-29 09:00:00,DEHM_BD,0.6391267272695176,0.06250029874647277,0.06349419707277539,2.044560108064366,1.2224503657850994,2.0145241416217994,2.2713401264347817,0.06129223509217587,0.06572877884906224,5.2478096263500325,0.8777453208762604
2014-10-29 10:00:00,DEHM_BD,0.11110727225034023,0.06345362197368543,0.06381705518451032,1.8361549150146077,0.9772208959033106,1.961301185212267,2.079455495848733,0.04518104582299466,0.06452290574215795,3.8195853748904542,0.377355468773871
2014-10-29 11:00:00,DEHM_BD,0.07495740707843546,0.06579157104876171,0.0589147779385974,1.6779769062893046,0.7834900709077552,1.8919872537788436,2.013886156808442,0.03939213277632363,0.06546491403038365,1.7074602747755387,0.12480874182736545
2014-10-29 12:00:00,DEHM_BD,0.07506296889867159,0.06531352263913098,0.04483542773802873,1.6128520575277219,0.6359286827495461,1.7702673934526845,1.9962896439969067,0.04059780092386743,0.07046128889319478,0.40886304534437684,0.0501183550895595
2014-10-29 13:00:00,DEHM_BD,0.07280055158733141,0.050178407547866344,0.03597239548301374,1.6159002781155114,0.5444839719433989,1.6459813477385585,2.014770443141713,0.038258310780934855,0.07485444010411145,0.10500430690494666,0.03570180745363171
2014-10-29 14:00:00,DEHM_BD,0.07366733801253124,0.03783440873901982,0.03469051465790387,1.716296285998605,0.49641155074034626,1.5443370355159276,2.048017662704839,0.03748085915937775,0.07398268013291426,0.0799374094473309,0.028156731460120252
2014-10-29 15:00:00,DEHM_BD,0.07150230054375939,0.036890399073340144,0.034776723261728995,1.7493804217502866,0.4209581114685994,1.466888627906599,2.093327449930285,0.038104815412808454,0.06944007010388095,0.08684623120251847,0.028559332865340115
2014-10-29 16:00:00,DEHM_BD,0.0657237021912469,0.0448000302295304,0.03530756570211294,1.8877079608647591,0.38407186918683517,1.4913376186687473,2.1961305399444737,0.04241226377761793,0.06629184733231293,0.10590199425087819,0.029299088685488736
2014-10-29 17:00:00,DEHM_BD,0.05722365888793468,0.08404050731465196,0.038109766956688274,2.0489638559244825,0.43960305427509705,1.498164846919019,2.2484603828827803,0.05069840137387914,0.05884992274796357,0.13173879007061504,0.030140129849897012
2014-10-29 18:00:00,DEHM_BD,0.05065054391984812,0.13149114586422384,0.041794265869976366,2.1819089945674,0.5264858721751555,1.515792515640687,2.279722419988455,0.056685168504441184,0.05611991248454327,0.14510746689916965,0.032966729771209013
2014-10-29 19:00:00,DEHM_BD,0.04722293909967857,0.18513444705018128,0.045239621612215675,2.2695998635851855,0.6351301352090177,1.620558216853809,2.34037063172709,0.05874610921111524,0.05517910948195071,0.14836185870782234,0.03558534546904835
2014-10-29 20:00:00,DEHM_BD,0.04821245682957096,0.2121906256590706,0.048660653839843415,2.2523110918645033,0.8150559271869657,1.8707966214492244,2.4772297653999305,0.057183116355808396,0.05689788326303643,0.15724677477680568,0.03680979338691723
2014-10-29 21:00:00,DEHM_BD,0.050605903460474055,0.22187853990722434,0.05220491287921659,2.241334730018465,1.1368822558621443,2.2499916149818247,2.707545978241942,0.055040022276285905,0.05736906221193113,0.1676919155217272,0.03788240020572845
2014-10-29 22:00:00,DEHM_BD,0.05053622375033316,0.2265085463534696,0.055603796679756595,2.282326724783522,1.593123293298584,2.6850744202558148,3.0083778280976907,0.05229346232173957,0.05613393389280446,0.1791577231162489,0.0397003040321067
2014-10-29 23:00:00,DEHM_BD,0.052217961575905726,0.2458384462817715,0.06326196910999855,2.3696275124508066,2.116104006663698,3.0911346323073126,3.3010853791149395,0.049014505179533596,0.05418382307121138,0.1987919706806483,0.04081874705830288
2014-10-30 00:00:00,DEHM_BD,0.05410271338257464,0.26175329881195075,0.0707333768212442,2.482237101085351,2.6121421743547697,3.4643445718559622,3.569165897139043,0.04905751222930832,0.05438622426096913,0.21908267377839946,0.042088239249713964
2014-10-30 01:00:00,DEHM_BD,0.05814806593078757,0.2587138037518952,0.0705948610403885,2.614100382176599,3.0507191325623486,3.83389977847252,3.8536376326304143,0.048341529309348985,0.05554720124394611,0.23976986893318816,0.04377584866043002
2014-10-30 02:00:00,DEHM_BD,0.06024737915480848,0.24996476873674192,0.06867404753809794,2.727861467032539,3.510427684846498,4.155981596192623,4.11805088747772,0.048170378664247504,0.0570889156439811,0.2475507390999595,0.04702931544602543
2014-10-30 03:00:00,DEHM_BD,0.061150087344346085,0.255866358265156,0.0736750452751947,2.7800767934869395,3.931949206779514,4.347552216998228,4.31067545230967,0.04768138761459958,0.06018095559579889,0.21647563087022093,0.04883546666859221
2014-10-30 04:00:00,DEHM_BD,0.0631523009030868,0.2758896875013608,0.10015416676510205,2.770704716830084,4.194478812738292,4.359657973570224,4.415435123775905,0.045352299750354125,0.08027011197383731,0.2300645662221319,0.04886458510091572
2014-10-30 05:00:00,DEHM_BD,0.06808652754850907,0.30240626380658464,0.1436211683515867,2.877741308479682,4.440140842692298,4.245164235003499,4.460273643916492,0.04456876911183584,0.11935183480149224,0.27930799003006535,0.04938465020747908
2014-10-30 06:00:00,DEHM_BD,0.07298718928964093,0.3261429272197849,0.19597369518059102,2.921823070582998,4.467533393888926,4.124885051146605,4.3580015585016785,0.044267818031717227,0.1784042545804355,0.3442559277793642,0.04993533981848998
2014-10-30 07:00:00,DEHM_BD,0.076717340239766,0.34657295243898983,0.2617085602827588,2.5640904703931677,4.257379227083531,3.9807188822026793,3.773057577516336,0.044036537518394724,0.1984305314386033,0.38288065881648103,0.04973089388450713
2014-10-30 08:00:00,DEHM_BD,0.07929358295280477,0.3411437570243468,0.3156426498503804,2.2999591485930955,3.868051394159367,3.894901221782325,3.2422354612854614,0.04471162162645017,0.126061491439857,0.3773806155786802,0.049882995906539204
2014-10-30 09:00:00,DEHM_BD,0.08035957237495789,0.33198687017190376,0.3265020860560064,2.435505693110158,3.682250360869176,3.9827723546314617,3.294948733504959,0.04427549509307937,0.09005478451720836,0.3755963830051501,0.0521856396487354
2014-10-30 10:00:00,DEHM_BD,0.08219064426365992,0.30379191365946023,0.2651762997564886,2.513456476383968,3.6272460280757057,4.0613370427639675,3.3010602518697256,0.04280394702251937,0.07402943121847506,0.3351039852737608,0.05453669479833439
2014-10-30 11:00:00,DEHM_BD,0.0810476648911646,0.2261696119587274,0.1590574725630407,2.391352259386212,3.5438967955803875,3.7644489455961025,3.1249959204056355,0.04120378356715324,0.06531862477015869,0.27793840420524546,0.056163310473802124
2014-10-30 12:00:00,DEHM_BD,0.08156916958049629,0.14718470166026146,0.1376142286871214,2.1201353025790244,3.703818629480037,3.6585381283345026,2.7221951054549027,0.04049646540285969,0.06111906162332038,0.2568885075429977,0.05749370448697585
2014-10-30 13:00:00,DEHM_BD,0.08201837227079538,0.10150546128818344,0.12904374526527176,1.9056429571787827,3.486526404210847,3.5505556332190062,2.492433758271949,0.03979849986831959,0.061526482534633394,0.2316264588408944,0.058265309474494646
2014-10-30 14:00:00,DEHM_BD,0.08010503532149577,0.06775220721399085,0.19178445454225684,1.8326878295039002,2.9440797517659734,3.2744519275030077,2.5562599403593453,0.04118457698352303,0.06630783119375093,0.2693686707108179,0.05740055491067812
2014-10-30 15:00:00,DEHM_BD,0.07719600006905837,0.08973844872418094,0.32879413704012933,1.8161899703367652,2.825319936734078,3.193907695945371,2.469194649445961,0.0431237829348614,0.09598559224730842,0.39725462716144905,0.057649325297693205
2014-10-30 16:00:00,DEHM_BD,0.0768603933125081,0.2176472072903845,0.4853107543743639,1.7474253760554936,2.5963732822291394,2.994267465451529,2.2880827909336015,0.045141914053923406,0.2161333654307813,0.5569197567285247,0.05715705553904609
2014-10-30 17:00:00,DEHM_BD,0.07896613961970655,0.4000968115042951,0.6181682438979884,1.6495211672006898,2.310634922517876,2.6133450455163105,2.1071641657513682,0.04635945072476451,0.4154257340028306,0.6874928060846357,0.057125363812287375
2014-10-30 18:00:00,DEHM_BD,0.08293311809896947,0.6960564677486245,0.8236079907379577,1.408932088592083,2.133778206121276,2.319288995785354,1.9277490087127553,0.0461365446981329,0.6205555923707489,0.8453181493872217,0.056770126555740506
2014-10-30 19:00:00,DEHM_BD,0.14727799306843653,1.0416435499209724,0.9979296053146994,1.312115860777777,2.068862830772032,2.201513986596025,1.8493326936266934,0.045808305039667915,0.7906456167296357,0.9024386550510256,0.05653832728218632
2014-10-30 20:00:00,DEHM_BD,0.38573435809657897,1.2128097019827957,1.2054153819107818,1.4826171772405503,2.0397983427726825,2.1817798839263465,1.9169404409463096,0.045373656127365394,0.8855806520798644,0.8941740845429431,0.056799588330051526
2014-10-30 21:00:00,DEHM_BD,0.4005440577053976,1.2446007741864276,1.340421683079799,1.8469701828842071,2.127260844996673,2.0670114254304393,2.126854201472482,0.04407649914175693,0.9222310625606618,0.8646228566208528,0.05692686699525928
2014-10-30 22:00:00,DEHM_BD,0.3889422205237391,1.1946701997949638,1.4740223153203698,2.0916347327305838,2.2879872386629496,1.9603686384446581,2.247522327989315,0.04449387289687162,0.9219591720102294,0.8376717148735654,0.057030331719323035
2014-10-30 23:00:00,DEHM_BD,0.5541277479894062,1.0321011313762463,1.7793248763065692,2.1553843455219144,2.4960353169480536,1.9792157828240475,2.2469283868087766,0.044587117155763925,0.8942206327725389,0.9019463667618948,0.057450244607541265
2014-10-31 00:00:00,DEHM_BD,0.6003286201040446,1.0100221614111264,2.1045053785393755,2.3096523114200553,2.704779503265512,2.162288345623655,2.2360859594906213,0.044227261104971285,0.8741390894670785,1.1102149671485646,0.05803505480003068
2014-10-31 01:00:00,DEHM_BD,0.5659983512023463,1.1199231977484474,2.4338959709273444,2.6385010627338037,2.9180334800418892,2.409320252527296,2.247710925593934,0.039141773890619985,0.8468945984286307,1.3856863109947553,0.05850908865610599
2014-10-31 02:00:00,DEHM_BD,0.5969806024101935,0.9063128786701207,2.9621434036001606,2.897989425056262,3.1351596311425647,2.536293945738344,2.3215738669388486,0.04405915030491521,0.7905098891277325,1.5056417982716672,0.058753393988352144
2014-10-31 03:00:00,DEHM_BD,0.7673668067447981,0.8919801219147491,3.464748212449637,3.0658742728907757,3.4112463416931225,2.542970875761596,2.5021150455993064,0.05128214123083264,0.7116053825956605,1.4822562872086187,0.057613603825575524
2014-10-31 04:00:00,DEHM_BD,0.9381292812725273,1.2588445578089043,4.222537328638367,2.9918689297778718,3.5539694157120536,2.5063434755946292,2.6882563809802096,0.1286966585278278,0.6195057174478935,1.2409925886774436,0.05612938665546733
2014-10-31 05:00:00,DEHM_BD,1.0950081408115535,2.373376559554194,5.18864723977183,2.8345789915170703,3.660690456024148,2.5190382994033245,2.7992756472647393,0.22808631539356874,0.45676513093077575,1.1437080371268395,0.0562079472741123
2014-10-31 06:00:00,DEHM_BD,1.5757489811475247,2.9340845364698596,5.8852176615004765,2.6768698862167826,3.743436559468182,2.6083914592473407,2.8484358984543197,0.23689701683353628,0.37493657532943403,1.2996486029807226,0.05773120667544675
2014-10-31 07:00:00,DEHM_BD,2.1404655089932088,3.020034173202388,6.0752987679505175,2.3975514919388017,3.834647035744311,2.8405925660180777,2.9191989708215322,0.2332484955441019,0.37405305809321815,1.4752655904619145,0.057646557883550845
2014-10-31 08:00:00,DEHM_BD,2.6399772179110723,3.2430211754186127,5.737105263808033,2.148598239310719,3.795930586649054,3.216563939801774,3.032838410253944,0.15399579054912543,0.3815788329709878,1.669985618393517,0.05619790429565641
2014-10-31 09:00:00,DEHM_BD,2.9172038798292577,3.818365037555534,5.463306747484502,2.0634108451623607,3.7062212178852456,3.222733806252924,2.955827784619099,0.11350135688737026,0.3657658112266937,2.0922585076637503,0.05538246458715866
2014-10-31 10:00:00,DEHM_BD,2.917755569233107,4.338836163187918,5.323565813653425,1.9035806252575918,3.548021419354293,3.0954605058042324,2.936380493197175,0.12306461890747755,0.35880604809713296,2.4468214868131963,0.05598685718053709
2014-10-31 11:00:00,DEHM_BD,2.801068058463234,4.46398126926711,4.868963239828257,1.7831163094441953,3.279697493024699,2.981459476707337,2.8557809843875166,0.13411882825490076,0.3337820438385475,2.6295723693911865,0.05555823279836795
2014-10-31 12:00:00,DEHM_BD,2.80626336069365,4.412776387869555,4.2080444366778575,1.676355254362777,3.0240977188409377,2.8408855293281525,2.734522736865096,0.13896767882416014,0.32233157976792415,2.4450923417140182,0.05395576468394598
2014-10-31 13:00:00,DEHM_BD,2.999013178700425,4.46026182308009,3.647368523126117,1.6286714367435282,2.8531786396296006,2.7287372206692355,2.5992007144904146,0.19345637598920595,0.4480251627352111,2.194902076085259,0.051605249285114105
2014-10-31 14:00:00,DEHM_BD,3.13921072578907,4.450593121663052,3.755778582351212,1.4451431365699312,2.8038699582390407,2.7244092497398484,2.545075568752438,0.25116455911584185,0.6856924103382741,2.1350784674721925,0.051840260702800116
2014-10-31 15:00:00,DEHM_BD,3.1824984851940696,4.568223540370847,4.260803640507389,1.2543543246854245,2.8895337147948585,2.7766500577230446,2.485738012680601,0.3378702566856331,0.8358689945730666,2.271279313581023,0.05168753023437684
2014-10-31 16:00:00,DEHM_BD,3.198618600447712,4.708923073439594,4.859688153134342,1.2601032390412938,2.8755190970536404,2.7528287289583107,2.2941148055915885,0.596643851989042,0.8384370246508321,2.6870611028979323,0.05216352212817076
2014-10-31 17:00:00,DEHM_BD,3.313938177900802,4.691089818722313,5.370198166311239,1.3455466912012208,2.885985900261275,2.7027756433275596,2.038524416297375,0.9577590641142054,0.8876354381600692,3.1723455801896985,0.05246700321962249
2014-10-31 18:00:00,DEHM_BD,3.450276758582897,4.827995458973906,5.905910820459109,1.4065033737626211,2.869896913941878,2.5962231802555618,1.9862096336358732,1.3467174918748808,1.0837365618101251,3.486168992285325,0.05227543183213571
2014-10-31 19:00:00,DEHM_BD,3.570128871214844,5.62270060108689,6.145317136360612,1.3686024288765717,2.8247483304108525,2.470042077655899,2.1606073265279933,1.7006550779418645,1.4509937591929127,3.7723946512598965,0.052466174964823586
2014-10-31 20:00:00,DEHM_BD,3.731863567964863,6.5185099926177665,5.949669374863375,1.3640356748263567,2.6667173005390943,2.370014794306171,2.2611950859033754,1.926610849016793,1.8759529635303231,4.129835493251071,0.055550680846356705
2014-10-31 21:00:00,DEHM_BD,3.9485049941004284,6.206091564092241,5.611136712998115,1.4636867073052335,2.453762162756044,2.3207860483380003,2.2873454093233105,2.0204464407768845,2.3510842984618336,4.516698740829905,0.06209475862099853
2014-10-31 22:00:00,DEHM_BD,4.424422886303175,5.9609583661505905,5.641961798572316,1.7143457027199989,2.303684132988072,2.32487008491482,2.3027723074769595,2.006520320090577,2.965791374601759,4.8501754552766805,0.0736002057616982
2014-10-31 23:00:00,DEHM_BD,4.882144538772156,6.501492413389916,5.976282959987261,2.1194787004008235,2.2794981227830404,2.317797667959076,2.3726051977434044,1.954703147905469,3.4899163203185055,5.076800163098465,0.09253223927803858
2014-11-01 00:00:00,DEHM_BD,5.446763321593786,6.383102655456244,6.1669909116943185,2.4483162408561063,2.3559066719839405,2.2839939668847578,2.601291674700338,2.0389016779156033,3.828325956859477,5.29728578530684,0.1246851520493131
2014-11-01 01:00:00,DEHM_BD,5.713490756001044,6.410553922033981,6.350913873131331,2.613390081657821,2.4814191601957507,2.2427327240018897,2.851451505946436,2.081216151664406,4.137533659205251,5.525572281737541,0.16826431370220593
2014-11-01 02:00:00,DEHM_BD,5.753173380483593,6.532493909133934,6.601317028261777,2.616097689789254,2.638206179525172,2.212007346708912,2.9497753574586314,2.034230760446191,4.397612852158695,5.693826982302061,0.21440590791937764
2014-11-01 03:00:00,DEHM_BD,5.749685098303445,6.676238180989399,6.91952032986492,2.490608189174226,2.760809618918393,2.15115467797658,2.857707298258894,1.9720262756288052,4.7261557890670005,5.673749253175279,0.2566379272078745
2014-11-01 04:00:00,DEHM_BD,5.641702718480286,6.706338497954942,7.187498026450407,2.296217586685917,2.8281125089302113,2.080119855214461,2.6219862088564527,1.9563547112946957,5.248061948824079,5.673508749253415,0.2833809532335394
2014-11-01 05:00:00,DEHM_BD,5.634554020429383,6.7052607010613565,7.3082132825944015,2.1260525773474033,2.862825223342689,2.0179007403601728,2.381531177786006,1.9877098687559367,5.735285409409851,5.695550588794285,0.28723800323123505
2014-11-01 06:00:00,DEHM_BD,5.8012086232884235,6.894177625054233,7.0779806804844565,1.9772948416052423,2.8865333338285564,2.006459202515647,2.1803483966908064,2.088407064543218,5.944115573451967,5.833191701046573,0.27378739265801266
2014-11-01 07:00:00,DEHM_BD,6.126649717835784,6.9467630816457415,6.417672832680847,1.7745325845403428,2.8521625625495064,2.0228527336984783,1.9947978719088095,2.2959006733211873,6.087923483471498,5.982627586743627,0.23892296283079195
2014-11-01 08:00:00,DEHM_BD,6.260649682019615,6.07095790401265,5.392286951539032,1.4286986107334054,2.758316685695703,2.2049835148808894,1.849424113177707,2.6292728997190298,5.988187252875119,5.817229184723609,0.17551229587956546
2014-11-01 09:00:00,DEHM_BD,6.227330950024556,5.0332085025448166,4.573860403852137,1.2325365893650895,2.648421497450868,2.4186332772673245,1.8103923250299845,2.928496733129024,5.493103024929017,5.57477061961893,0.13091307914428857
2014-11-01 10:00:00,DEHM_BD,5.932866986480914,4.183014290194462,4.089459441155848,1.2125444312858364,2.5060070875599654,2.544748734313686,1.8729042792392403,2.95855008511126,5.045779720315709,5.4389115943996975,0.09779497229662018
2014-11-01 11:00:00,DEHM_BD,5.5764485529155,3.646569009543084,3.7994719185251835,1.2255167487171645,2.375941418095131,2.6278978930551524,1.9602468323049433,2.957827339067459,4.949127859704718,5.396980700393831,0.08281474770811603
2014-11-01 12:00:00,DEHM_BD,5.118250183584499,3.2724588522628495,3.3235472124031933,1.2412830552578094,2.265057528790684,2.6621196888161904,1.97763221261529,2.9369752808296683,4.895107620070204,5.364537878786233,0.07589166068826779
2014-11-01 13:00:00,DEHM_BD,4.623791792012088,3.054293858057153,2.485472036297238,1.1833857389235178,1.972018658087641,2.653050297101793,2.0057410504568396,2.5859575954847034,4.739243813444451,5.437303892831393,0.07532538571183094
2014-11-01 14:00:00,DEHM_BD,4.157249252671455,3.018231777302935,1.6951275879488703,1.0499432976709646,1.7716954529883342,2.692687056831512,2.057629942951213,1.9457039438487589,4.626266299888808,5.612144973868858,0.08001989247614037
2014-11-01 15:00:00,DEHM_BD,3.816135527241882,2.966402157070725,1.4022215575129455,0.9034090782259167,1.8047960972898651,2.811764561180543,2.0479997922820234,1.0914200559275595,4.731718627814055,5.740657694324144,0.08752133274910952
2014-11-01 16:00:00,DEHM_BD,3.84330196489457,2.9778074531856196,1.1710647413844,0.9700159734233132,2.0796657714213085,2.8883196790190757,2.1370484425916665,0.4855502018469571,4.641533654056079,5.71974574811764,0.09631866997579094
2014-11-01 17:00:00,DEHM_BD,4.160579594842662,3.0706602583638425,0.954955172685727,1.0991361013421848,2.370321259278515,2.8895607400786343,2.3009141101581014,0.2598587383547052,4.563000360247829,5.668522234135391,0.1282910974760026
2014-11-01 18:00:00,DEHM_BD,4.325684924411746,2.8740832237908056,0.7615598676518263,1.3571054282017283,2.609463007583739,2.9170257971916005,2.4819478452754384,0.23008617603611184,4.563045595391393,5.558995133173987,0.24421177603048033
2014-11-01 19:00:00,DEHM_BD,4.380683933336208,2.275630723140221,0.6577517769837042,1.6460428962302953,2.735664130388273,2.920718765730614,2.7269382041251538,0.23557711873311538,4.610156422083378,5.166682749541943,0.5380249604488465
2014-11-01 20:00:00,DEHM_BD,4.552597930156164,1.7408354370231183,0.7037517801399285,1.8845113898202837,2.729324698156456,2.8831566465062086,3.061282112816097,0.21995298180514938,4.734415138677657,4.878764614601601,1.0152591355968315
2014-11-01 21:00:00,DEHM_BD,4.887850796150996,1.4069821155163273,0.7664016949455636,2.079664537287645,2.643318592807328,2.785426710535214,3.4039624756084974,0.20581747339353895,4.711584850181267,4.912004508680943,1.5087896229156104
2014-11-01 22:00:00,DEHM_BD,5.252866214998978,1.2088866449368838,0.7837747017255587,2.251158263446099,2.458301558692753,2.7223308968234385,3.7128213810995687,0.21076415097059675,4.5151901930943135,4.963361763314624,1.8832002294804342
2014-11-01 23:00:00,DEHM_BD,5.565647991224127,1.1022424800740462,0.7591876842579288,2.464733889458013,2.1693776219107206,2.8122741696736924,3.9782590203475343,0.21736496066881328,4.243122771916017,5.099614655079217,2.206719836461768
2014-11-02 00:00:00,DEHM_BD,5.874924628836362,1.0472887892002891,0.8393080842370604,2.6740552244220224,1.826142143823076,2.938602895438224,4.148138321893104,0.21628075834214677,4.07589919275932,5.521653803011794,2.530306187116876
2014-11-02 01:00:00,DEHM_BD,6.139528319215504,1.0003188861093857,0.8186139713835412,2.76345562997463,1.4717590935072675,2.9944704433673293,4.21079043270668,0.23707106221245594,3.9508684053868803,5.852613153442572,2.785206091310419
2014-11-02 02:00:00,DEHM_BD,6.597719136292449,0.9709294208824821,0.7419741509884965,2.815807979595232,1.412297676102407,3.027578969456577,4.29226174390118,0.28082790596980584,3.761358069729209,6.0267870736218985,2.857169761139229
2014-11-02 03:00:00,DEHM_BD,7.0825880937771295,1.0082091659606804,0.7055987522278149,2.859165144845833,1.5945020267050711,2.9809656179149497,4.221609221918326,0.30667380304567504,3.4632626203932615,6.2030293167039385,2.7676017547189815
2014-11-02 04:00:00,DEHM_BD,7.246195116070659,0.9869479815345954,0.7154108068773428,2.961160365451173,1.60186554301545,2.8917507735857284,4.120464477359227,0.30791959308832884,3.0119967782082036,6.539421432578964,2.5371624798401444
2014-11-02 05:00:00,DEHM_BD,6.892851183857079,0.8502880663698167,0.7507056331351584,3.108101555989159,1.592215789629584,2.702622352891825,4.108519594910777,0.2309644118622689,2.5512939455384016,6.927620751208691,2.2608300535144004
2014-11-02 06:00:00,DEHM_BD,6.748188249663273,0.896966458118353,0.6352888787449522,3.119484510206926,1.6294549242068173,2.550145037325905,3.863442088319423,0.1924372338907419,2.4711763804600575,7.1726838334075,1.9470267972301507
2014-11-02 07:00:00,DEHM_BD,6.829359103431981,0.8711778068908675,0.5298673102920501,2.4420124450226313,1.6115522470789032,2.2443225790758454,3.072261295132704,0.3273176133220642,2.1493697100023925,7.177529985451614,1.706639162249328
2014-11-02 08:00:00,DEHM_BD,6.465737135771569,1.0886546105429018,0.3966522000679279,1.4517063209225982,1.2538919135390874,1.5329903809174847,1.9398538439001936,0.4220785873259604,2.0557963365685006,7.010218547681943,1.4811713638737563
2014-11-02 09:00:00,DEHM_BD,6.080556619946071,1.2777598878299177,0.5830504046205092,1.0038437012815196,0.8906408471721411,0.9050743771948339,1.2333526898043137,0.22445745232164852,1.1301844097296894,6.88298847840339,1.2614398031089828
2014-11-02 10:00:00,DEHM_BD,5.246051708797887,1.13200500258566,0.3552594441268865,0.7597443982836487,0.6967416252360026,0.5958347868834226,0.791277347694619,0.13584749461121845,0.9918258064707834,6.730651976977308,1.150277326440008
2014-11-02 11:00:00,DEHM_BD,4.411850428018989,0.9236767173255873,0.46662284738669013,0.6550114327691146,0.5800168410746357,0.48905939164128304,0.6483850796805134,0.1363977606650813,1.4845515242696832,6.548036735792616,1.094802790371417
2014-11-02 12:00:00,DEHM_BD,4.015361518995836,0.919100394890024,0.6075167300363116,0.5138000229726755,0.5141769562675826,0.42785782057137484,0.6145806371053001,0.10919895161882032,1.7974369039477969,6.267282851616419,1.0163547246888744
2014-11-02 13:00:00,DEHM_BD,3.7917099197257493,0.9238938441178528,0.6060599224660405,0.36338836670292685,0.45252554589605065,0.3645366101793599,0.5050365397379111,0.08166046648814326,1.704945845764638,6.093582019407338,1.0120923150259489
2014-11-02 14:00:00,DEHM_BD,3.348044582810516,0.9637811175962536,0.6028348198963025,0.311500835889505,0.4297969275982689,0.31214127795847735,0.4135579674901135,0.06169883897722683,1.5497389993206783,6.086323443744704,0.9863001611422373
2014-11-02 15:00:00,DEHM_BD,3.474324319758292,1.0801626203517563,0.6077007762955741,0.28794221619919114,0.4108555901222023,0.3171927995147372,0.4267940377913177,0.04841442597531239,1.8071963182720683,5.8138868995985185,0.9788741891495395
2014-11-02 16:00:00,DEHM_BD,3.3042927732994958,1.3216069747103867,0.6711011459477583,0.3358058194963247,0.4047616904879989,0.44495005346312544,0.5285816577810577,0.03984311893236343,2.3325597733571937,5.0896882306513795,0.9960424925051071
2014-11-02 17:00:00,DEHM_BD,3.0688977083806415,1.6544784072386474,0.8729141051851261,0.49302627270983446,0.5424205852646624,0.643864303964055,0.6262824775877656,0.03556878745225716,2.63470364183899,4.326934021281665,0.9856074660586333
2014-11-02 18:00:00,DEHM_BD,2.953681312276422,1.7907672895562554,1.0520131064729465,0.6560358440318552,0.7563292044388268,0.8288253912605148,0.7551652218903925,0.029555904326636562,2.695836731191612,4.039847473414893,1.0232765516272047
2014-11-02 19:00:00,DEHM_BD,2.7135559219428953,2.101747478127323,1.098350277101629,0.7643483179145762,0.9705652746007823,1.1095273441316862,1.0419997526251024,0.022967042076308154,2.7601430301169305,4.233491657771708,1.2610550393481832
2014-11-02 20:00:00,DEHM_BD,2.5953640176778014,2.30616566529456,0.9713430420582416,0.8208023688570165,1.0711207517345203,1.258019880528096,1.1956480335689463,0.021724274949056724,2.8800859350465795,3.8863844362965274,1.5730027744997663
2014-11-02 21:00:00,DEHM_BD,2.8194923802666443,2.424308516818231,1.0080804159661176,0.8195712156613095,1.0050074035728396,1.1537910590668652,1.1990915391190373,0.028754196299826125,3.036743417704264,3.5750731654597354,1.698768048678562
2014-11-02 22:00:00,DEHM_BD,3.122854367786628,2.4820803753791743,0.9489594332412585,0.7513150387626519,0.9515437469173456,1.0113582380174961,1.1882822900536538,0.04220268147468548,3.107908006373299,3.5159258313342843,1.6882110305933655
2014-11-02 23:00:00,DEHM_BD,3.32452610042502,2.534028000517628,0.9920980659502221,0.6973200959157348,1.0061480313926563,0.9249047457324604,1.0412588367311983,0.05947075934031968,3.2870283448194155,3.479875454851223,1.7588688296540829
2014-11-03 00:00:00,DEHM_BD,3.3272850021455316,2.7101235638519476,0.9799026528428646,0.6437175677899445,1.0818694568921998,0.951656934278633,0.84008746641614,0.08288277169181954,3.2897641072214396,3.3055216100531415,1.8719050952116771
2014-11-03 01:00:00,DEHM_BD,3.1813816653543157,2.8874313270466683,0.7533274670557928,0.5356765480840753,1.0793123272997047,0.9417759364091425,0.7051830964442167,0.11317700696490696,3.003792991811565,3.139513704914013,1.9834090063696728
2014-11-03 02:00:00,DEHM_BD,3.095645882260532,2.9657054713356015,0.5064447600607503,0.43978180801064876,0.9660424794575013,0.8478895281643717,0.7175510195820823,0.13921127734757946,2.8480754443407426,3.015680386607051,2.132756586771794
2014-11-03 03:00:00,DEHM_BD,3.081486367735723,2.6364709494985172,0.48346908328175164,0.3742967890117544,0.820800331491935,0.6929199985738421,0.6464608839152601,0.14935709162106725,2.7436838902389633,2.7454861614972352,2.327221572554558
2014-11-03 04:00:00,DEHM_BD,3.0685677833564577,2.0508282041044903,0.47500897320522156,0.3420587040665186,0.699651104218983,0.6009275290162075,0.5495172073448273,0.1479702391400186,2.3887554766007506,2.5217419399961827,2.4950430816986784
2014-11-03 05:00:00,DEHM_BD,2.9348566921918096,1.5890281159842108,0.4548860841096525,0.3402882302767753,0.6002572354944794,0.5555137533043792,0.5085661629977444,0.14924592414937907,1.8333634966620058,2.3899702306010573,2.6505146109864857
2014-11-03 06:00:00,DEHM_BD,2.7200931477330252,1.576280953676649,0.40026027595871283,0.32440963310980064,0.5387685007977392,0.5420981020947941,0.45783863860746365,0.15860973252665242,1.3089906251990049,2.3982147887563707,2.8242621378202175
2014-11-03 07:00:00,DEHM_BD,2.364262197665535,1.5994318752632173,0.3159236234731394,0.2941912921304086,0.5174051338350539,0.5266041315988538,0.38230829876923056,0.17292386587735248,1.0520055106596322,2.286811471773286,2.882022167811859
2014-11-03 08:00:00,DEHM_BD,1.852331213633199,1.2569227550779467,0.20944058935321386,0.2667422066438861,0.4844179253228147,0.4424646921317563,0.30678780192736904,0.18568704242348655,0.8800559460530988,2.06345971035626,2.6970289016563354
2014-11-03 09:00:00,DEHM_BD,1.370916371327131,0.7921458379491394,0.17425974111654438,0.2219612653583246,0.40621930224113156,0.35296697214019135,0.2709011548518496,0.19017757176825761,0.9254291946004376,1.9324043380292941,2.500881414132099
2014-11-03 10:00:00,DEHM_BD,0.993643293972382,0.5230296901777235,0.17207083828340383,0.1834355987290743,0.30469939552509917,0.2828390722655981,0.24394578533448094,0.19261211118891824,0.863339251187858,1.5158082149370884,2.127504287707829
2014-11-03 11:00:00,DEHM_BD,0.7447563407481653,0.4184355509388679,0.20551596917341328,0.15553167483002603,0.24415144298496644,0.24205247902895546,0.20563962926331372,0.2154616455332188,0.6383391435790643,0.9864828687552833,1.6436650453853843
2014-11-03 12:00:00,DEHM_BD,0.6286711610559036,0.38025670946282364,0.2640328187079333,0.15382602881760216,0.23147462357562712,0.21391413714184473,0.17326032411275483,0.2471790101448631,0.5166709899106062,0.7598221158224605,1.1903545101011102
2014-11-03 13:00:00,DEHM_BD,0.5505193052688304,0.3565994081327214,0.3277875095766928,0.16903794082308957,0.22032572345244464,0.19032004370570174,0.17803374470325384,0.1857544473522528,0.4543467505147203,0.6950048026794324,0.781859534730807
2014-11-03 14:00:00,DEHM_BD,0.5224599515045986,0.31859395947088276,0.3370914821560416,0.18210635000075956,0.21491147646181039,0.18871994976607825,0.18755284981489756,0.12829406763486548,0.4219864085925311,0.6708843193497596,0.5076335217039569
2014-11-03 15:00:00,DEHM_BD,0.556200114276445,0.3411835061328994,0.3557297873396287,0.21216367330037383,0.23844262645119085,0.2160964880002763,0.19728598129424668,0.12684850264213962,0.42097872787328083,0.6247499010960913,0.3559887237594634
2014-11-03 16:00:00,DEHM_BD,0.6643953340870201,0.39940733297846076,0.3276432703998169,0.25153118378770245,0.24756097256427384,0.2405521363710305,0.21855112206381064,0.12648625731320115,0.41168036495287896,0.6783652187364024,0.31904120323944124
2014-11-03 17:00:00,DEHM_BD,0.7243944015614134,0.5272062309299955,0.3420532435262935,0.29414835629861796,0.26121734874762814,0.25127805812754545,0.2399874845411225,0.10866281341798587,0.4440679414433868,0.8250675840554468,0.3163559947529746
2014-11-03 18:00:00,DEHM_BD,0.6088922818521747,0.7105186996997915,0.42226390073406295,0.30787515420540684,0.2439067257545235,0.25983360959494944,0.2619180214795201,0.0842061505286022,0.5420487792029107,0.9460999579733771,0.2917688241407894
2014-11-03 19:00:00,DEHM_BD,0.7503831930455901,1.0172046187691925,0.46934328368878886,0.26878389054271723,0.2040566855301008,0.24148409955138042,0.25119463683725907,0.13050093360688525,0.7369577900789108,1.080774618909331,0.24844543772566569
2014-11-03 20:00:00,DEHM_BD,0.9313987696664943,1.3216816796184412,0.48940781962145496,0.20666570520597963,0.16224789555835525,0.20521100334071316,0.21307279831118173,0.1510198103226161,1.1243368224102852,1.2789596933716953,0.2189002790461326
2014-11-03 21:00:00,DEHM_BD,0.9773969411419063,1.3685328292731789,0.42378866326851233,0.14938281295069597,0.13544253985938604,0.16215170952423527,0.1792709132814342,0.11052454605334419,1.1539331275320996,1.3061423517584334,0.21485038472254706
2014-11-03 22:00:00,DEHM_BD,0.9674189999415062,1.5449120820803999,0.6154769488519215,0.14440970381451876,0.13342321444644584,0.126754569029407,0.1648828607074194,0.0671981234425304,1.1339793402819753,1.2477488061052329,0.23425239005016596
2014-11-03 23:00:00,DEHM_BD,0.9430478319658799,1.6814081709835538,0.7855517800782679,0.1642828579897165,0.13457008487099772,0.10707747752425133,0.160510949344409,0.03757989823210972,1.5317375962979347,1.3124265234602148,0.2844786173233601
2014-11-04 00:00:00,DEHM_BD,0.907817881097443,1.683948176588255,0.9530328529728298,0.16182451433867082,0.20004108107687416,0.12267182898127345,0.144155155179774,0.024912967736511332,1.5681357744210027,1.2715688201732513,0.3579984722154391
2014-11-04 01:00:00,DEHM_BD,0.8294617238436104,1.5771468826554436,0.7930182919796125,0.1515286714616626,0.3499464622359209,0.3032894998342433,0.11863398101788467,0.03698564166873679,1.3191954415334948,1.1606757111754222,0.4481334650454807
2014-11-04 02:00:00,DEHM_BD,0.6526212167464847,1.334802807279923,0.46110229628421306,0.1311082467805361,0.5093251276862807,0.4696935346454725,0.10824954144982722,0.05713586008857342,1.0886233420809546,1.0649963027307343,0.5636719713172648
2014-11-04 03:00:00,DEHM_BD,0.5811826038245633,1.1883484542016016,0.286264658076415,0.09782419302469979,0.6629584578501617,0.6125580499173191,0.27785073343860295,0.0756627165088522,0.8215512295798211,2.110447700433276,0.7026455878658755
2014-11-04 04:00:00,DEHM_BD,0.6541364200734505,1.1484193533806701,0.1277102868184018,0.12112663571590607,0.8613599680163477,0.7924758141268644,0.5310510198941393,0.08909539157171731,0.5051052725573814,1.8184488309306117,0.7878909040904287
2014-11-04 05:00:00,DEHM_BD,0.6261586767037294,1.010916645878168,0.08039379568422517,0.3715730946902254,1.1234990593782928,1.0514260734972722,0.5690434840525604,0.10230213414095327,0.32281514969858327,1.1038152109897685,0.7876550880853563
2014-11-04 06:00:00,DEHM_BD,0.5680165597809441,0.7468656751947454,0.10035185427231824,0.6679450485118906,1.4335142380365031,1.236655282486721,0.7254042902841215,0.1186920184322631,0.3441269829223863,0.7732816162954307,0.7809524685659004
2014-11-04 07:00:00,DEHM_BD,0.5306700615015962,0.4996486262150039,0.1163519208350931,0.6848006129747464,1.6489024460958328,1.3194584917670849,0.9746763516332252,0.11624106572794246,0.3719863481473177,0.6621713968503058,0.8030066819564277
2014-11-04 08:00:00,DEHM_BD,0.5228217855599272,0.23472169687727223,0.045787200202807216,0.5028632076285471,1.6360693103958084,1.4045914302694464,1.1626848036470987,0.09464560694511737,0.4037251986443995,0.5971612244236693,0.8420478785521583
2014-11-04 09:00:00,DEHM_BD,0.5077145012055091,0.06315425417010657,0.04767457051093438,0.5019603617300514,1.561021380060115,1.3475118278651645,1.1521379978993564,0.06744378281290157,0.34602769484109697,0.469328636689342,0.8214325981872459
2014-11-04 10:00:00,DEHM_BD,0.4442791976515732,0.061454395287703766,0.06319882786558713,0.5338732228719137,1.4715712867426558,1.240391215925077,1.0625709981272993,0.06624325221552023,0.19623922312258274,0.3962466861006617,0.7950984087444561
2014-11-04 11:00:00,DEHM_BD,0.3322665445934148,0.06501930918806742,0.066192568340626,0.5106440272516659,1.353973914123365,1.1801544235695527,0.9615901837323547,0.06986328027041612,0.09548458669354191,0.35578613738184434,0.8590102285850245
2014-11-04 12:00:00,DEHM_BD,0.25610761279566074,0.04531908142155494,0.06935428786676538,0.46548549443126647,1.1123112692218506,1.0796786536791059,0.967958222294206,0.07393009510137825,0.0718987500775953,0.33027370585424465,0.8062218663258897
2014-11-04 13:00:00,DEHM_BD,0.261732105372237,0.07876360806548026,0.07917464594532717,0.4401111693750165,0.9338000410416873,1.1065777203348248,0.9379597452293069,0.07673438615746027,0.0744464221289217,0.31864712219224217,0.5618659356480886
2014-11-04 14:00:00,DEHM_BD,0.23774786425535083,0.08772225864739144,0.08876100928553543,0.41866930306682637,0.8929457390186331,1.2161319958405805,0.9649926941914216,0.07280557980354138,0.07922073440698431,0.2945790576030252,0.36761280518482287
2014-11-04 15:00:00,DEHM_BD,0.1540127154458686,0.15779830452870797,0.15414872814624192,0.5306832291362021,0.9738108212529227,1.4190333784541866,1.0888096328463972,0.07170287478787293,0.07567596621457974,0.2929152897943366,0.2686969053133562
2014-11-04 16:00:00,DEHM_BD,0.10287131037538866,0.2624713582539381,0.21516417634964,0.8324830935772085,1.1769545217326678,1.6288763625407707,1.2406676500324103,0.07746649633705602,0.09968170641035334,0.5171253084536925,0.20153637045205955
2014-11-04 17:00:00,DEHM_BD,0.06683366686530393,0.3199538648660838,0.3112763977788444,1.289159338914581,1.4254227668839716,1.870172113105394,1.446967637796485,0.10409538884430172,0.164818815051783,0.9485918082291018,0.1498988824759289
2014-11-04 18:00:00,DEHM_BD,0.049253669469756844,0.3926282188533661,0.4575819927239061,1.9252033795838754,1.7603978546765715,2.1120203857342137,1.7347417087646049,0.17377099534499915,0.20066421319195302,1.2670618127061963,0.10967104425894694
2014-11-04 19:00:00,DEHM_BD,0.05035390039509611,0.4702626108424801,0.4771234394582478,2.692793283170448,2.04188875496982,2.346981645852677,2.0915695351920154,0.2510134472999441,0.22587801423569845,1.431447502852824,0.08217758738369868
2014-11-04 20:00:00,DEHM_BD,0.05515422156724257,0.5159427375828868,0.49584475981647524,3.4616732422926386,2.277798382289479,2.617543667506487,2.564776040893614,0.2771336007462534,0.25858876358324373,1.5408232945466853,0.06277226088597372
2014-11-04 21:00:00,DEHM_BD,0.06450995335479368,0.5933340728910129,0.518901339715145,4.1116292621891475,2.5383714777099935,2.906783853446034,3.195504073463707,0.2609541675180383,0.32922700242614716,1.4814060768609048,0.049900733894324915
2014-11-04 22:00:00,DEHM_BD,0.08205339246421348,0.7020069433028995,0.5932657356636039,4.605003719323788,2.802896908238644,3.235220477633663,3.8980276316579525,0.11995640711726147,0.42929887202889183,1.449655390172191,0.04087698258424161
2014-11-04 23:00:00,DEHM_BD,0.10193519347353826,0.826578576193004,0.6760249348929313,5.047075636203352,3.149474936394794,3.6009289689234794,4.5798863772633975,0.08062128355834616,0.5198388594591803,1.5342989969155658,0.03231490252691304
2014-11-05 00:00:00,DEHM_BD,0.11856058440641962,0.928876856889786,0.769165297164404,5.4539178480502875,3.43222947338362,4.0102070333271325,5.223406490873749,0.12687208527477908,0.5700739998594111,1.551366215609056,0.023781934154969386
2014-11-05 01:00:00,DEHM_BD,0.15893319302041997,1.0128095652538618,0.8786652615064887,5.711246913772509,3.789870837606694,4.449018758793483,5.773666822126726,0.1490346565540821,0.5618141889305412,1.2242298218476169,0.017544716942575565
2014-11-05 02:00:00,DEHM_BD,0.6780528677578666,1.0948236153513735,0.9547194938815291,5.925327229750219,4.092319641815897,4.882534105544945,6.173491665471109,0.1488687986932053,0.5117659478556923,0.8552888207956112,0.01500456086749894
2014-11-05 03:00:00,DEHM_BD,0.9978428560448018,1.2219973886112228,1.0085534358337611,6.1261249334083425,4.311544815447812,5.30796444151955,6.536711460899336,0.12851708627951897,0.4275118923095427,0.6181530193601454,0.01655800197800026
2014-11-05 04:00:00,DEHM_BD,0.8681933020981982,1.2120702415360538,1.118574350759704,6.208839621095845,4.5063954906309975,5.713806271397307,6.807692940090434,0.09220524421047879,0.34866760609533626,0.33297556587668303,0.019692597302121383
2014-11-05 05:00:00,DEHM_BD,0.64178561981444,1.256130989419357,1.3161873192009104,5.840104612874075,4.878015941906357,6.024198429019686,6.890842232132075,0.05631089953882668,0.31391245013969005,0.17820659128566174,0.023719882566210368
2014-11-05 06:00:00,DEHM_BD,0.37681625280835185,1.2157676872127292,1.4765052558501692,5.607924923730836,5.206528561631671,6.200365942163816,6.727389246782656,0.035694763725323056,0.3125496910068577,0.08617933727023563,0.027343970568305617
2014-11-05 07:00:00,DEHM_BD,0.1496702565272035,1.1090996828211896,1.518293548441449,5.204489483262528,5.02671777193662,5.997575400124664,6.18576301279393,0.03316415055806736,0.32053219727160154,0.04833095634913642,0.03115097741240632
2014-11-05 08:00:00,DEHM_BD,0.06200951156028059,0.9468333753449394,1.4631911530895565,4.565898351461459,4.529161741309828,5.259303099127365,5.765890652277461,0.04020125544316114,0.24094585514932398,0.03855374548774115,0.0363309067156164
2014-11-05 09:00:00,DEHM_BD,0.045393271946338805,0.6018795056366898,1.2931141741798315,4.3180005046460606,3.999826519963819,4.621795458957458,5.250894793329601,0.04915191621730081,0.15367988096531232,0.04076097726043996,0.04277666782483911
2014-11-05 10:00:00,DEHM_BD,0.043960061644962904,0.5694243798591447,1.1870651590857082,4.291614302666377,3.6805365685085722,4.01312776267935,4.860088989331385,0.0557065598508527,0.11251434449440084,0.04277435662542232,0.052275629424825144
2014-11-05 11:00:00,DEHM_BD,0.03977112693759976,0.37566080691436465,1.0314148394997567,3.6119267185142108,3.4053247003820726,3.4208668679950107,4.810589127944271,0.05918084293560111,0.09965598186124457,0.05121959509886905,0.061806898332985485
2014-11-05 12:00:00,DEHM_BD,0.03425955286525179,0.1671231439266912,0.8469576457196715,2.9463705101457083,3.169037086582754,2.976484215384608,4.586328904127397,0.0596525935546494,0.07354384258482355,0.08490317107454859,0.06770637407020877
2014-11-05 13:00:00,DEHM_BD,0.08482533636370655,0.0912525226921692,0.5906395319058472,2.2691799737117466,2.8830016509903618,2.5525496175779567,4.037239604764892,0.056934206528467965,0.05050208180130212,0.13054518913100582,0.07142429520317113
2014-11-05 14:00:00,DEHM_BD,0.20733266519531585,0.08152109624384969,0.3122357589443079,1.8738133276459483,2.5492950801957726,2.1116549716413315,3.4002682201609438,0.057246983349448805,0.03832288935895529,0.21626560760814684,0.07483133150579573
2014-11-05 15:00:00,DEHM_BD,0.28561438938193007,0.06824692488642034,0.2340469045752518,1.5200763637501278,2.122720824033158,1.6194466653018607,2.7461195928546944,0.058629781553121214,0.031774812623311145,0.36178628576536653,0.07675323426339353
2014-11-05 16:00:00,DEHM_BD,0.43287980388298625,0.052892117476954485,0.3128068362544798,1.1544002081629081,1.8906375769247523,1.4322693590306552,2.128275620636608,0.05771361338465467,0.02835413527418619,0.666074008359143,0.0788772265404438
2014-11-05 17:00:00,DEHM_BD,0.7062038652641326,0.032456053076258144,0.2390161022130582,1.0816205080114714,1.7492721217010425,1.3416229011246292,1.835510319200403,0.05424688198654903,0.031166656639510584,0.9137808733089663,0.08377323928117449
2014-11-05 18:00:00,DEHM_BD,0.837389398689866,0.02507354332434225,0.12981742922893716,1.077814921974783,1.648540867916085,1.284983869854082,1.7084642987333951,0.051889882169770835,0.03671492923981027,0.9375745784828067,0.08635184852402755
2014-11-05 19:00:00,DEHM_BD,0.8658801757181435,0.0237500339004,0.06599034190292724,1.078208195142301,1.5819909405499475,1.2503232095399395,1.7032888405452786,0.05122660350944374,0.040730044724727,0.761123725951463,0.086438423016988
2014-11-05 20:00:00,DEHM_BD,0.800119471777752,0.02455917177306469,0.04185201347154968,1.1224420555222867,1.573358047879322,1.2616494184675449,1.6541822065097156,0.053435061381398564,0.044935563019718835,0.5845433355833496,0.08825717501859699
2014-11-05 21:00:00,DEHM_BD,0.7949018918111175,0.03655245212964698,0.03192384206505183,1.2765391099941827,1.4768548451985768,1.26298625197427,1.632857214178695,0.05860982707224536,0.04334304946644221,0.540268036086224,0.0886222128260502
2014-11-05 22:00:00,DEHM_BD,0.8171561243424564,0.05423422380000808,0.034666613071822616,1.5526870013388445,1.4390357212617895,1.250197103487146,1.8251767768375717,0.06714233258122912,0.047594913568985486,0.5700221047361846,0.09046490798597102
2014-11-05 23:00:00,DEHM_BD,0.8047195088980346,0.08321490102587714,0.03339427207367109,1.8427594029221364,1.4851478043860342,1.2996411000916677,2.2369143901479687,0.07355937899624568,0.048429480710662755,0.5839817693044245,0.09433292564382817
2014-11-06 00:00:00,DEHM_BD,0.7950046863779425,0.11160531044779325,0.03424333679564578,1.8695105122736748,1.5447857544142194,1.4596923388326544,2.66343986571312,0.07796464682419157,0.05128689987801934,0.5509600775664019,0.09881783652610829
2014-11-06 01:00:00,DEHM_BD,0.7755493215701356,0.1311892953231882,0.042543923068900834,2.0285573886554165,1.5916577130016742,1.787282327008478,2.835069782354776,0.08383970667242883,0.05525903247679106,0.49788671294776476,0.10136095749582849
2014-11-06 02:00:00,DEHM_BD,0.7156992055299505,0.14540263430330427,0.05736571931876224,2.371831416180249,1.6023378480733004,2.099217053171012,2.7440992583070836,0.08946839904483045,0.06121568871703913,0.4381063043886352,0.1022618897880193
2014-11-06 03:00:00,DEHM_BD,0.6533506693021953,0.15261726101463535,0.062179395763651495,2.498657719790565,1.5791452007954145,2.2442273807926627,2.6378250809361115,0.09551915645316733,0.0688892213608044,0.40160082977286293,0.10274809815405271
2014-11-06 04:00:00,DEHM_BD,0.5758000857424735,0.15570761491584,0.06544421151256648,2.6687108654989,1.578086353615826,2.2519581286121038,2.6114761513252835,0.10287155205052162,0.07366130290433744,0.38841326509995844,0.10383636374178803
2014-11-06 05:00:00,DEHM_BD,0.49773118258777055,0.15491199936426944,0.06900842914225062,2.7096508267225055,1.6346773506813228,2.286733442640152,2.5837346408458166,0.10731299098018203,0.07595466762928269,0.37709442670728294,0.10443816001354693
2014-11-06 06:00:00,DEHM_BD,0.47215010570872556,0.15391241670585226,0.07284097387303737,2.751170488235297,1.7822534097011022,2.4118453857597775,2.7380060122731784,0.10764296214179635,0.07625468840102188,0.35723412914517677,0.10218739438726551
2014-11-06 07:00:00,DEHM_BD,0.47619869020284156,0.15473232911949678,0.0797199074579436,2.7219433667612103,1.86967221601338,2.532754340740834,2.8809697889253085,0.10672218741353971,0.07588452489221452,0.34155573709697984,0.09956953151324743
2014-11-06 08:00:00,DEHM_BD,0.475060927222981,0.15343402477138876,0.08961858776691829,2.4304227772555334,2.0306924206228985,2.74172885016545,2.8652840001872106,0.10447780121639015,0.07343794344031473,0.3474903549978577,0.0956263570227332
2014-11-06 09:00:00,DEHM_BD,0.44832136622300356,0.14647692402292792,0.09635022021586706,2.150406561169955,2.1814529603232615,2.920081319940417,2.8533482243549844,0.10458029684459431,0.06411401528733301,0.395975628727289,0.0895827169619499
2014-11-06 10:00:00,DEHM_BD,0.42853031593699226,0.14001926840061726,0.10088031693711949,1.8123088717183795,2.3162124186509625,2.9169456405840806,2.59928317853311,0.10777690574290688,0.0577386082433814,0.46786854625694785,0.08391035473302455
2014-11-06 11:00:00,DEHM_BD,0.42059439713335806,0.13560052468508663,0.10459871181530493,1.5350480871475471,2.5471603932903184,2.847907220858345,2.3475992717396625,0.10969354179574044,0.06105222635212804,0.49320746712518204,0.07918279885436395
2014-11-06 12:00:00,DEHM_BD,0.42164499052614896,0.13256740526763158,0.10708270088118954,1.3402169001184647,2.7066431856210142,2.6997434027037435,2.079872929784231,0.10886041350329287,0.05951096195921285,0.5194640460265759,0.07651719927974023
2014-11-06 13:00:00,DEHM_BD,0.448810769115833,0.1284192756164205,0.10645408830275727,1.2047342203458835,2.7301792425791205,2.6201014129144826,2.0031854917516303,0.10743886418997303,0.058342336742542446,0.5490876654221681,0.07638291943416914
2014-11-06 14:00:00,DEHM_BD,0.47628637688296016,0.12653601543925277,0.10610522141775665,1.1791936912114052,2.6934460204186617,2.5946037339517263,1.862347040642583,0.10328788478684017,0.05904159897432069,0.5621653185366763,0.07952154194651158
2014-11-06 15:00:00,DEHM_BD,0.5098725894559698,0.12445277154283536,0.10672631950643395,1.2172804623462388,2.6065540748972804,2.3666437695562648,1.75233026446532,0.09969410272301622,0.05943972504552027,0.5637056076509709,0.07976296733113913
2014-11-06 16:00:00,DEHM_BD,0.5495674281874008,0.12250872559728858,0.10805887641690362,1.134732341765298,2.446755670635542,2.1084848157721705,1.6411946086153606,0.10309417288200132,0.06380756891451184,0.5552759406876971,0.07947559680646275
2014-11-06 17:00:00,DEHM_BD,0.6558710316622035,0.12258063775498754,0.11239471804894163,1.1650294118668973,2.4223177881162594,2.1007865155890264,1.569113046554019,0.11255342661125808,0.06626679038708093,0.5646608470000946,0.07997046200864007
2014-11-06 18:00:00,DEHM_BD,0.7630709242280671,0.12592590518763738,0.12493396371730081,1.3251635415674434,2.3473008024326134,1.9921308140839349,1.5195562446939457,0.12906726749315156,0.07739679251506448,0.6016929095966853,0.0808937173007055
2014-11-06 19:00:00,DEHM_BD,0.8656738165974833,0.1383839952555193,0.1405831396209566,1.4157794973421656,2.0571470632837663,1.8619731399522623,1.6265580793956136,0.1486611624340934,0.0878307347998755,0.608901722116348,0.08698061174327487
2014-11-06 20:00:00,DEHM_BD,0.9856873903668316,0.16520467824263899,0.1719821239586267,1.431680276898264,2.0260625952614846,1.9154245034236317,1.7320895156232778,0.1691108075628288,0.09732664347625153,0.654232977462109,0.08703246785949913
2014-11-06 21:00:00,DEHM_BD,1.1108223207186267,0.20892258037845834,0.22771041578800308,1.4079989382881966,2.3279042277535145,2.0472000569750333,1.6502582156333598,0.1897434339188841,0.11061001332132013,0.6810845797135533,0.0851336929318773
2014-11-06 22:00:00,DEHM_BD,1.198216867014051,0.28796706178062215,0.29480979949717206,1.4099259265082322,2.3006953224523086,2.1392450463094588,1.609968674487223,0.2034783818296807,0.12125807452701134,0.6361450235760615,0.08361251856054165
2014-11-06 23:00:00,DEHM_BD,1.0512275462254403,0.4289962755112956,0.39929889207763825,1.4545649374172316,2.279583293174934,2.075871914372798,1.607631699612034,0.2062547477942564,0.12977326030122519,0.638280165284179,0.08699089536990967
2014-11-07 00:00:00,DEHM_BD,0.6607800841806548,0.6055631547043285,0.5827600317443268,1.5895497516770931,2.299243836265644,1.9458789279156596,1.6869259138267243,0.19599040456472416,0.1372538935184734,0.7467957095034605,0.08393809710002492
2014-11-07 01:00:00,DEHM_BD,0.5089799633511342,0.8704913930953811,2.0649252572523453,1.8553788907841895,2.1472341857667545,1.9770704825436312,1.888584159765958,0.18910902711991562,0.13887427085236048,1.0139452074140434,0.08014579261651249
2014-11-07 02:00:00,DEHM_BD,1.0395327158061693,1.2178716296844625,5.0034150179488215,2.030890439565312,2.122101184776169,1.9740538474500062,2.2177784079517076,0.1711150202994863,0.15214271520729394,1.1874993475535716,0.07839031914648822
2014-11-07 03:00:00,DEHM_BD,1.7465691055567887,2.0963779370039886,5.633523977383952,2.1686456895387645,1.8044691171476617,1.7725585139859001,2.361608293734359,0.15872810414294697,0.16453832706027186,0.8917195931440685,0.08124614767387031
2014-11-07 04:00:00,DEHM_BD,2.8051799323280484,5.026297080206607,5.652620783878913,2.330662973776109,1.4846136270076686,1.6130967425978835,2.492617390032727,0.14518393892037676,0.1801456009849067,0.9392433259409665,0.09059330427245688
2014-11-07 05:00:00,DEHM_BD,3.9778130479203138,6.202327201463753,5.366465848056112,2.314188577698527,1.343247570739556,1.4764708016175052,2.535519508506959,0.13781198639642434,0.2055929387486376,1.2566660018226528,0.09643453682473384
2014-11-07 06:00:00,DEHM_BD,4.699777648829352,6.0723976326344085,4.371921618952314,2.0392213382643414,1.2765662616704638,1.5632263892815563,2.280559004151919,0.12876321603809465,0.23321599994084197,1.8421615769203052,0.09573963791452803
2014-11-07 07:00:00,DEHM_BD,5.099224768223284,5.373031896500095,4.172510612739664,1.4337426051193987,1.335729744850283,1.5601338597647878,1.7097688108037739,0.13564810862654808,0.26473166855069097,2.6096979220783014,0.09337805594861961
2014-11-07 08:00:00,DEHM_BD,5.418989834824142,4.402973744266704,4.280239511701623,1.1192581746078072,1.3131291260635551,1.3865330577007966,1.235498867887915,0.12980479517150653,0.30409241717305946,3.0403366408676438,0.09392740416426197
2014-11-07 09:00:00,DEHM_BD,4.435122911362517,4.230729085990638,4.18008998410184,1.0236193727979042,1.184603805190064,1.173456741404586,0.9891246435065,0.15240339947093265,0.34881449476460447,3.667978996317017,0.09121662438381214
2014-11-07 10:00:00,DEHM_BD,4.001145823060744,4.014536480574478,3.852260556620784,0.9292834415383222,1.0219199411025874,1.0186854916643417,0.8585640350044966,0.14400885821739198,0.4591150647843908,4.311026622988043,0.08944438739557259
2014-11-07 11:00:00,DEHM_BD,3.908256663466233,3.039923440523074,3.568468203794039,0.9025466325212048,0.7199108636306923,0.8493402140753474,0.8296125453744873,0.1663370630759372,0.6031893514837045,4.663713370157835,0.08912112475015443
2014-11-07 12:00:00,DEHM_BD,3.4644471964448655,2.6678325484311673,3.3418588452967724,0.8191906120749941,0.42932369888135213,0.6816308070089694,0.732533716552202,0.1680851977236381,0.6865368470282689,4.5565322707051505,0.08980320312874619
2014-11-07 13:00:00,DEHM_BD,3.309735496994157,2.4373775494499132,3.1473155798644408,0.6670079352292354,0.25194684510304577,0.4509704335663417,0.6230321782344175,0.1898964591404422,0.6253109047769441,4.255240382073682,0.08937027424618353
2014-11-07 14:00:00,DEHM_BD,3.227399814960756,1.9647449604662226,2.742472545916687,0.49885377406909054,0.2692460279291518,0.2505112663171904,0.541114369425912,0.2436861360465734,0.5557193399590998,3.9099742368203017,0.08859331552815611
2014-11-07 15:00:00,DEHM_BD,3.0378422575639514,1.8363432504190316,2.2775639358314823,0.40316141617119355,0.3163992244759922,0.251606734815461,0.3752393208697449,0.7076488251995666,0.5141506168495619,3.512274751632621,0.08652431017549697
2014-11-07 16:00:00,DEHM_BD,2.9247360839671734,1.8462225387505442,2.006666946446383,0.22755881892445223,0.3555908035774924,0.32686269831083187,0.22477653339914033,1.7037567540570349,0.5191080594531703,3.4878243551486086,0.08564237123854446
2014-11-07 17:00:00,DEHM_BD,2.989831929739793,1.927134739571158,2.0190011853202576,0.21624881174950206,0.420475855301551,0.42033664492340117,0.2889053862317834,2.45446578666972,0.6618554425842733,3.7410297884076837,0.08668385746279945
2014-11-07 18:00:00,DEHM_BD,3.247637285046335,2.2311018290402367,2.2700717638121617,0.2969551344049332,0.5239219863972322,0.5315700407392336,0.3943921693465298,2.6847413300353287,0.8998428652731701,3.780741316958258,0.08723895418872574
2014-11-07 19:00:00,DEHM_BD,3.4428941225069765,2.5429190373031614,2.5513415750948836,0.37541024928280553,0.6018880816951138,0.6184771538465887,0.5126735003848463,2.7910597137984254,1.347149361527469,4.0120580579480825,0.08774855589124822
2014-11-07 20:00:00,DEHM_BD,3.5219496626381392,2.741697074780753,2.855261012582768,0.4627686003398536,0.6677654798989137,0.6828359113845093,0.6202406277326498,2.558956982605979,1.8566088185602427,3.9733739387367337,0.08714869201948844
2014-11-07 21:00:00,DEHM_BD,3.500579605456735,3.063763332607024,3.1254590747605033,0.45552253249586516,0.7026265404186256,0.7155254857624156,0.6934108244067398,2.1720287404981256,2.075833915476948,3.735220466759233,0.0886412157820164
2014-11-07 22:00:00,DEHM_BD,3.3503007231702475,3.181630918572726,3.0861254321775173,0.4726270349690521,0.6908605605450574,0.7089267845027142,0.7098964844963013,1.8018054666114227,2.182066084789485,3.610479515982494,0.08954211557412514
2014-11-07 23:00:00,DEHM_BD,3.308176779401251,3.155221848431475,2.505546115304928,0.5479564986127271,0.6281438257776154,0.6692552211288497,0.7285991995903786,1.8177335871119051,2.391682942610085,3.660893731145044,0.09006906800558773
2014-11-08 00:00:00,DEHM_BD,3.3513471325485433,3.1373535392645144,2.3182422626678143,0.5894759509116341,0.5534892705853515,0.6005552891633632,0.7350010532051044,2.225855320375935,2.512305109681785,3.5576376171216064,0.09129165713191484
2014-11-08 01:00:00,DEHM_BD,3.3283408723011982,2.991841749465532,2.2598835519884153,0.5952974305810622,0.4924502686426508,0.5475141289633014,0.7280841415762662,2.4085670024045367,2.728696410693191,3.658603070520137,0.09222367042806451
2014-11-08 02:00:00,DEHM_BD,3.27379005454297,2.7868937071805915,2.205994090347982,0.6026601068773684,0.433928038163334,0.48752354050986213,0.685458145284414,2.017571822697222,2.7668657675583286,3.860313911500475,0.09181908122017265
2014-11-08 03:00:00,DEHM_BD,3.064810803131126,3.069536545680388,2.064127657403987,0.5856435540730495,0.38047564603976897,0.4252066489652987,0.5717101075351098,1.9890380533935035,2.753551084742769,4.3029771219635204,0.09326210171363533
2014-11-08 04:00:00,DEHM_BD,2.856578059016727,3.118889792372804,1.8665393372950987,0.5263952828282126,0.3469862951720644,0.39382598500527954,0.46525125896059316,2.1683034374107604,2.896298984095305,4.31541601957217,0.09564378863079456
2014-11-08 05:00:00,DEHM_BD,2.5325141585404425,2.7234451240723727,1.6769110303736454,0.4821782496785986,0.33334000920274753,0.37761499040014396,0.409639672483466,2.0653690676938,3.0556731944972277,3.7474241411527434,0.09228148627058709
2014-11-08 06:00:00,DEHM_BD,2.4440557918452104,2.3365938358118097,1.4803274363028132,0.47978264989352015,0.34598698392298993,0.38700173573844965,0.3906734043678339,1.6241926942016556,3.2834105013982953,3.4347768671217094,0.09356432880600786
2014-11-08 07:00:00,DEHM_BD,2.5608539906889853,2.1321251185593164,1.2465424915460706,0.4812465042751204,0.37526305822728423,0.4252086046173982,0.3982527994578301,1.2070613335194624,3.327927960302085,3.0649870108442427,0.09669118711707522
2014-11-08 08:00:00,DEHM_BD,2.4179114347264545,1.789463083804653,0.9195506656753294,0.4162506770263947,0.3142161717611992,0.4115754860173187,0.4052229706502469,0.7673555781476384,2.7324415485306455,2.4130265594989435,0.09810064951521333
2014-11-08 09:00:00,DEHM_BD,2.131472598897577,1.379188065989575,0.556981330377945,0.29801142905948147,0.23853385236954538,0.35359644710239235,0.3506955327443395,0.37178485854607063,2.3123939203698187,2.0080454704318687,0.10100084889195442
2014-11-08 10:00:00,DEHM_BD,1.7055021471338114,1.0718387368787394,0.298455833996348,0.24589511226506572,0.30866238785116223,0.31801103313215007,0.2956091974367402,0.16023470032023257,1.9582527880314924,1.7444285563001496,0.10482930977296549
2014-11-08 11:00:00,DEHM_BD,1.4600472505376858,0.8203207155336987,0.19781902918688354,0.24416906062493068,0.4073538780209537,0.3362980973886222,0.29253057845566915,0.09829379803854946,1.7162824996736739,1.645524548467426,0.11338953249288489
2014-11-08 12:00:00,DEHM_BD,1.3167101049159093,0.6193603567096655,0.13889211846751445,0.2236661930194735,0.4337622119568124,0.37634638651770314,0.31876302017127567,0.08172268914677196,1.517504895001212,1.6447149860419419,0.14007463318457938
2014-11-08 13:00:00,DEHM_BD,1.220219868111012,0.46530588942829465,0.10990975441963659,0.19793317365660498,0.4462088593981832,0.36789771634927576,0.31135749983476757,0.07436249581877132,1.4308132216483669,1.5801814781250418,0.195415364145257
2014-11-08 14:00:00,DEHM_BD,1.09972320974614,0.3610949178011722,0.10423429313398538,0.2405109596514937,0.47965760233662325,0.35963577740287794,0.2721685714424712,0.07234855157716193,1.2975356252612327,1.4847440058970616,0.24570794869744642
2014-11-08 15:00:00,DEHM_BD,0.9867364155616192,0.34075788995868017,0.10492897581853827,0.29910782281819825,0.5107813332887529,0.3713768003805078,0.27395161087421044,0.07956594441139127,1.1621117492557869,1.3891377354128123,0.29118331346300885
2014-11-08 16:00:00,DEHM_BD,0.9464389504255553,0.4041588643191859,0.10963447305390751,0.3705883775033705,0.5781678116909879,0.42147209116400886,0.36040469289748833,0.09228128912125703,1.1144226665563461,1.2807622462684005,0.3022464832884747
2014-11-08 17:00:00,DEHM_BD,0.9632791563342493,0.501616156024353,0.1406980489030039,0.5176402511174858,0.6841465261527453,0.4861777522817558,0.518956337450603,0.11846376761094647,1.098533229740354,1.2463858420853153,0.3031028973202196
2014-11-08 18:00:00,DEHM_BD,1.0376793095585293,0.6487442366494474,0.29577553759288155,0.6428692141992818,0.7110133863931531,0.5896394899669442,0.7583324923405985,0.13956937958054227,1.050690505702888,1.2545352826356526,0.3266249608095978
2014-11-08 19:00:00,DEHM_BD,1.1819957013373315,0.8647705349154742,0.6155131010596191,0.6761815082093965,0.733263660274681,0.7411208454955447,0.9515829252788035,0.14949890520315606,1.0862381314075424,1.3335022542978605,0.3933623190405649
2014-11-08 20:00:00,DEHM_BD,1.3922396114109579,1.1717621211939004,1.0884089312235126,0.8023879934260854,0.7330952531508542,0.9204304853831957,1.0089146457705775,0.16352390401516104,1.1735310136660841,1.4856095785971573,0.5453505228422464
2014-11-08 21:00:00,DEHM_BD,1.5105933151722308,1.4300322766973133,1.3843547697787346,0.9729383302434662,0.7167379972850996,1.0928091584524668,1.1330027230653121,0.16492518825866276,1.2037439099842078,1.6397458627396595,0.7881531706317002
2014-11-08 22:00:00,DEHM_BD,1.844332577610472,1.6195966526718728,1.5530054072392114,0.9471813708851323,0.7059015454610902,1.171123641574127,1.2430436781311198,0.14503200968340016,1.2030489044174655,1.3730066072246991,1.0016655605839238
2014-11-08 23:00:00,DEHM_BD,2.2265851069118434,1.8330531025674828,1.8730563764215349,0.84744147819572,0.7207714577632862,1.2636333485391624,1.2522710432757806,0.11966664159715157,1.2211650660587883,1.3771388575968142,1.168659852437661
2014-11-09 00:00:00,DEHM_BD,1.8276590547290397,2.190799761927922,2.4260971403440124,0.894818473320147,0.7450010125639289,1.3302114241910774,1.2286763414555322,0.1539744391515477,1.2971244223384,1.461977862488836,1.2809077675237877
2014-11-09 01:00:00,DEHM_BD,2.04870806906336,2.9287953182100654,3.318542632020435,1.3387739806516281,0.8740939842736815,1.3461713503541481,1.263322725625313,0.8773704622274636,1.444376901211295,1.5851978663171455,1.3379124070980772
2014-11-09 02:00:00,DEHM_BD,1.9603195141670247,3.226451409161669,3.644174002984828,1.713321366202701,1.1571507037988726,1.4551536557435218,1.6737722214043789,1.5026514837656915,1.6973554568142015,1.7265214755448652,1.3253255484166924
2014-11-09 03:00:00,DEHM_BD,1.9720245506908278,3.085644760635426,3.6445535853729956,2.1863854668720624,1.3999104440064076,1.6881890500956842,2.1220426639511154,1.8344105644603816,2.1096515967073426,2.005076062971577,1.2789230496067274
2014-11-09 04:00:00,DEHM_BD,1.8908626146823166,2.7286583902571904,3.325220109999301,2.6779305088104453,1.4533305854164718,1.9836769562225767,2.55720753632193,2.1507066063189133,2.2293612957181783,2.236546640019449,1.2322409864362702
2014-11-09 05:00:00,DEHM_BD,1.7109978388125495,2.4451863393235582,2.822218694774613,2.994622092651394,1.5620202041704114,2.2778273794608332,2.92032796592474,2.5236421239395814,2.211199510951694,2.1278427534360254,1.1957463071292544
2014-11-09 06:00:00,DEHM_BD,1.8575600108746066,2.080602295911815,2.516345205294244,3.3398712326804136,1.7649270834639714,2.573894869477255,3.1514163344811505,3.103965397622399,2.218478021683395,1.9814193894492553,1.1809312921086978
2014-11-09 07:00:00,DEHM_BD,1.9033684094944037,1.790298453502462,2.243076655235721,3.403017323202691,1.9978845088245487,2.7521296605107533,3.3081463069583106,3.6442700141303614,1.9135536509413833,1.8583289429698464,1.1752580135949282
2014-11-09 08:00:00,DEHM_BD,1.7110235166390149,1.7903041587943678,1.91878233985206,3.4115067828188654,2.1250551115826144,2.7863798142072627,3.227415844560494,3.5007289227779212,1.641045378558319,1.6555028805932868,1.1187384724907437
2014-11-09 09:00:00,DEHM_BD,1.6011168751960807,1.5805325643717543,1.8300584777979805,3.2874873424959743,2.1459327194415545,2.672358312930734,3.1452866209645873,2.76752127602376,1.4524554245157726,1.590649717024723,1.0695677663932275
2014-11-09 10:00:00,DEHM_BD,1.536450552684031,1.4600275832760705,1.754382206115206,3.0590737108527404,2.1138428744087134,2.4760552005408214,3.037811079888214,2.1330966088103502,1.2288076972257345,1.4932030531139486,1.0633990182758588
2014-11-09 11:00:00,DEHM_BD,1.520012755228579,1.4690819587335409,1.8128764340035672,2.724956511849995,1.974831858157549,2.3234903822102098,2.830241073859222,1.7657147958084942,1.06600100361704,1.303062938113245,1.0982578565010521
2014-11-09 12:00:00,DEHM_BD,1.3352610881596616,1.6641587631454517,1.7984523679658575,2.333570008748164,1.774804491200581,2.1040394198625787,2.5303896508057027,1.487964703886099,0.9259471074179698,1.2576881290959496,1.1555882028201407
2014-11-09 13:00:00,DEHM_BD,1.2834705960738657,1.8279162203237327,1.8046548766487336,2.020856641219753,1.655662170106438,1.8306496190686097,2.276347472294277,1.3128931995789148,0.9238489850984468,1.5407407101335147,1.2360139894264843
2014-11-09 14:00:00,DEHM_BD,1.3770858822212555,1.80715312864018,2.058117825698222,1.779059787670695,1.6176708092442538,1.6939806126040038,2.042229432637772,1.2717333278567902,0.9843769487072713,2.1643321268068973,1.319714302946096
2014-11-09 15:00:00,DEHM_BD,1.8932057366015573,1.7362290397183089,2.3248819283857456,1.7724283184647476,1.632350651439353,1.7909171530002872,1.9669536326350552,1.2215157031195332,0.8639562958146818,2.4859520765688146,1.3169018300288498
2014-11-09 16:00:00,DEHM_BD,2.2952093222531955,1.6539372448215468,2.2882681708057095,1.761968414025756,1.686572370297698,1.9302608362505451,1.9082277523826152,1.2410271560616974,0.8026791703783347,2.053062275508238,1.2504338234347336
2014-11-09 17:00:00,DEHM_BD,2.4879151943323574,1.6071925551340651,2.4221864835729523,1.9268643188921728,1.6762661880149046,2.042547273318475,1.9724771506375416,1.4310050257850062,0.9843203950433246,1.7418200320779267,1.177072662292882
2014-11-09 18:00:00,DEHM_BD,2.634914262530766,1.9083255197359135,2.4235510563415428,2.256559983945211,1.6158039770474106,2.054240325973651,2.1951867354544405,1.7396556566322037,1.1255896568500623,2.5322063767214678,1.1147130390323186
2014-11-09 19:00:00,DEHM_BD,2.5563462926709652,2.6381115530419277,2.4622695509916266,2.3886010745107527,1.5829538929663995,1.968406456486828,2.587229813014258,2.010556964230556,1.113995206869766,3.5763498789422212,1.054119551391676
2014-11-09 20:00:00,DEHM_BD,2.3372054751813414,2.927531971797351,2.574962199238697,2.411975506745841,1.6288550371897523,1.8670073192433245,2.752342280691122,2.0649928330729903,1.1302195952886342,3.4708584648958594,1.0029180791964287
2014-11-09 21:00:00,DEHM_BD,2.104469545595795,2.7630450688421213,2.825496600540024,2.381582918149813,1.8761960200117458,1.9156379219390471,2.7507947893760987,1.9857311077259483,1.3042409685395655,2.767141630879194,0.9721288011530043
2014-11-09 22:00:00,DEHM_BD,1.8272936911527067,2.519085883812653,3.1679045235642604,2.3461781539898503,2.114806553330587,2.020423122553686,2.69444694454688,1.8869443238633126,1.6121378944861517,2.112265075021684,0.9945642878334782
2014-11-09 23:00:00,DEHM_BD,1.8329987299618495,2.498788930499163,3.3932215667791104,2.2905538275743664,2.2752841356363147,1.9969373489000586,2.694401797326566,1.8434790720167757,1.7960294298107924,1.8392663483344764,1.0376351286245136
2014-11-10 00:00:00,DEHM_BD,2.038007745257411,2.5147901428041792,3.4744258795463714,2.205330748260284,2.4087818545276156,2.1831903783061914,2.6675281366597123,1.9018680257863552,1.8854710411159692,1.8406788964195178,1.0543476138057186
2014-11-10 01:00:00,DEHM_BD,1.99149932296671,2.5716907735547236,3.602352605945563,2.0584478379509514,2.496811384416483,2.408643742401545,2.5322519951347218,2.0397007755066454,1.8382893605858088,2.06421456363338,1.0017788201772049
2014-11-10 02:00:00,DEHM_BD,1.9469025532304496,2.7937375326445144,4.051109391497215,1.73364157839934,2.5251063590989955,2.3797223879268805,2.364074044424675,2.2276495204295217,1.5965801922136547,2.45162773437554,0.892101015281975
2014-11-10 03:00:00,DEHM_BD,2.128169084085748,3.0659366647983712,4.596304723379224,1.3080452544165513,2.3849684523536356,2.2956626144307317,2.0324338585967396,2.382095535048321,1.4659869173642992,2.6569994084742667,0.77790944929976
2014-11-10 04:00:00,DEHM_BD,2.4741188921261204,3.352162890405748,5.138771888217296,0.9426853723918431,2.384231073954734,2.4116073334927455,1.6137482719175682,2.4352137480371074,1.5060789623826742,2.776345805894863,0.6885195688741652
2014-11-10 05:00:00,DEHM_BD,2.655784647570066,3.6538060078048473,5.614891082651758,0.7942362299567012,2.54207508017492,2.5930115564951244,1.3748936651046435,2.461459505412206,1.658723620094955,2.868081376384799,0.6153793285510316
2014-11-10 06:00:00,DEHM_BD,2.718595039134286,4.023371662412233,5.524478209305929,0.7710804493144345,2.5618095228430513,2.758850157530596,1.4324988312339264,2.5604202566397563,1.8570722885794937,3.024216696405558,0.5364283443772326
2014-11-10 07:00:00,DEHM_BD,2.7449621497795267,4.477662910475834,4.8903861438902645,0.9157591260354262,2.4337586568439846,2.7774661693352503,1.7139272051532937,2.7854327436731006,2.0248530263619124,3.1414132887881823,0.45562776751379463
2014-11-10 08:00:00,DEHM_BD,2.8590072120190975,4.878807509566653,4.243850232957134,1.4508411924309246,2.2169143329241776,2.6810504882193635,2.1368058575949815,3.016799529128261,2.1194979668913785,2.836498849975488,0.39972213245707083
2014-11-10 09:00:00,DEHM_BD,2.957416262347813,4.8668176404328465,3.645762611682574,1.9392860206650628,2.048370321823438,2.534248192363861,2.4591807005083224,3.1684298689762596,2.04393260764936,2.540304388295473,0.3826355596280888
2014-11-10 10:00:00,DEHM_BD,3.19013843169544,4.49885665022398,3.271662666020278,2.056193884973609,1.9318790910538821,2.4651928749923475,2.568507836464075,3.343866671238262,2.0606904287709855,2.4431288610471382,0.4131599831968546
2014-11-10 11:00:00,DEHM_BD,3.21297192098391,4.274641686598862,2.9140758815255974,2.0039312224904204,1.8718674323283597,2.4094232144973753,2.596672897781121,3.403200065382672,2.0900595407653415,2.4418941168620365,0.4692451704201846
2014-11-10 12:00:00,DEHM_BD,3.016991186479479,4.102816618018689,2.2484498183124164,1.8477099880839203,1.655451498929935,2.0965738920984136,2.5225094229122416,3.0502328032185138,2.069628695328981,2.6578655369971793,0.5288794784586129
2014-11-10 13:00:00,DEHM_BD,3.0632137381510485,3.7751607842637913,1.530230606883463,1.5643737897482741,1.373721669165166,1.8468978146789865,2.109551388037257,2.6195745959050623,2.0361835302819546,2.80906446418724,0.5990310881355776
2014-11-10 14:00:00,DEHM_BD,2.968479591679126,3.5063797555837257,1.3511866082350228,1.2609116093357602,1.2470259147862368,1.686111081973753,1.7389757158028287,2.1847930773817654,2.1854161392011773,2.9289316513579267,0.6754204844581335
2014-11-10 15:00:00,DEHM_BD,2.8676040878242417,3.235538954987448,1.7539870915410147,1.0708978338133688,1.1890311106562033,1.4442011695820953,1.4722825586479837,1.7231333943110703,2.487595766713894,3.251495024244691,0.7640626934343763
2014-11-10 16:00:00,DEHM_BD,3.0187186402012918,2.8850169544965603,2.700919838776011,1.0713576765050088,1.1766584212337179,1.2899548210044367,1.3163048133489663,1.185188869011132,2.7310662420187755,3.390678785884434,0.8747296597149967
2014-11-10 17:00:00,DEHM_BD,3.7437952004379023,2.7462665832388207,3.5351835176630644,1.1289428520805687,1.2512552489446755,1.2689737401847632,1.253647787001521,0.8349940994852408,2.8177349188709724,3.527755500037872,1.0010116673190705
2014-11-10 18:00:00,DEHM_BD,4.4428412028566555,3.1346310895209455,3.642544967209641,1.1856013273726136,1.4415964340832712,1.3494920741493395,1.3015199446054968,0.6902743366453796,2.9435067035256,3.6667788774700463,1.1058253397370503
2014-11-10 19:00:00,DEHM_BD,4.752138796766309,3.29552449059827,3.384682364509968,1.1758579485293346,1.640296238823258,1.415358054364901,1.3534628315010073,0.6366775024200695,2.987124714077488,3.999467138862116,1.1752264385310374
2014-11-10 20:00:00,DEHM_BD,4.412790666291123,3.364101718919948,3.4033455807810764,1.1781051860822718,1.5720478864962932,1.4012394831130757,1.4009621680931084,0.5948409180259611,3.1006059936119246,4.650290741751907,1.216350045063235
2014-11-10 21:00:00,DEHM_BD,3.8565589785365257,3.5697335170830744,3.4245392906698817,1.295066053787558,1.4574829377193843,1.3622914860260578,1.3631355611159617,0.5146622905574552,3.42777582196665,5.307944650554712,1.1862005867307632
2014-11-10 22:00:00,DEHM_BD,3.66406371474802,3.7223155446861473,3.700829092749528,1.320724862606507,1.4080493759626709,1.2985760735626564,1.2936447569863279,0.3925182513378279,3.492928473878628,5.217461497120997,1.0834259658775571
2014-11-10 23:00:00,DEHM_BD,3.676214098538475,3.5209326709646542,3.8745825775404343,1.414409036466549,1.3825076934636198,1.1982311147186835,1.3394294127599893,0.3105773129032552,3.446629297196567,4.49803426731219,0.9303965608357451
2014-11-11 00:00:00,DEHM_BD,3.8070438808610607,3.5072502599889828,3.793657505392804,1.604955646943904,1.3387418216218427,1.1268327848460233,1.4042994050756246,0.26854860314293744,3.314348391633667,4.056212359781715,0.7857404423216753
2014-11-11 01:00:00,DEHM_BD,4.235854103203355,3.584811164870602,3.4733932353983725,1.7951847769598686,1.2608364958164096,1.1034824312517,1.6639701829699296,0.26739191938502693,3.28324540526133,4.155741150728946,0.7127151471603429
2014-11-11 02:00:00,DEHM_BD,4.49494746151641,3.6184643254726567,3.1864701076123163,1.9592364591985427,1.126085717288931,1.120173443427545,2.155223715794608,0.2937812578772193,3.393108872027937,4.269220761928707,0.7595182821636925
2014-11-11 03:00:00,DEHM_BD,4.689031089902537,3.612288173273904,3.086820162990843,2.1873191895724275,1.0405142719997371,1.2673915698042093,2.3034733418822966,0.32007396573744706,3.4152257184445673,4.406591827080358,0.9415247375050513
2014-11-11 04:00:00,DEHM_BD,4.823855535794952,3.577793910787152,3.0285705455134995,2.278136103695892,1.0208928167906357,1.552096285964058,2.4046962128633447,0.3121881449733674,3.7636972882902016,4.709915343674454,1.1924078585780227
2014-11-11 05:00:00,DEHM_BD,4.8680310587971425,3.5939276871819423,2.915596047924058,2.15613708624623,1.0544759906491123,1.9801078720572558,2.449199670566046,0.32638704349212333,4.0915079943776735,5.023724161528792,1.4981098694351642
2014-11-11 06:00:00,DEHM_BD,4.692292182545252,3.5065921811001655,2.8802544627986992,2.222888678589788,1.1954163281166181,2.3464381432244323,2.394684344476804,0.38154275529082854,4.177609073018544,5.1807484547500025,1.7810338216889743
2014-11-11 07:00:00,DEHM_BD,4.577411741093444,3.329586248705658,3.1280351725608013,2.885623091445118,1.7651380214242078,2.2676404216798547,2.5064944790204664,0.3728513077848403,3.9377911023774788,5.0641446668756664,1.8688151843333662
2014-11-11 08:00:00,DEHM_BD,4.414193368572928,3.113729225571743,3.264298685172745,3.0655209577706186,2.1030623251941636,2.0829639263646356,2.925792682142803,0.3303809035090729,3.5620409757746847,4.613414250823791,1.6973772288746853
2014-11-11 09:00:00,DEHM_BD,4.218738661775105,3.0006708678287173,3.1371151162108966,2.6200621629057053,2.0371157257891324,2.293801037482503,3.084362353916959,0.3228359749503805,3.3263359267075363,4.26042495139468,1.3081079609907023
2014-11-11 10:00:00,DEHM_BD,3.998354590733573,3.112551632230967,3.1335535416508256,2.39368951215501,2.1016203854017865,2.620374611830543,2.754453661249155,0.3045834960725157,3.0875045941820747,4.02319999085105,0.9982712688916513
2014-11-11 11:00:00,DEHM_BD,3.627882495907168,3.106330792954294,3.1287164729740704,2.2826241711508093,2.3061160789694894,2.5167906973139833,2.5381890064819714,0.2590750717612494,2.9650003802839895,3.766736338041527,0.7676073946525342
2014-11-11 12:00:00,DEHM_BD,3.461938574433178,2.985892421527798,2.9608785497523424,2.1731101943499738,2.282312065194177,2.24431635957003,2.3881576998668357,0.2146512311650275,2.9585704368767307,3.4777287440113636,0.6170449082522454
2014-11-11 13:00:00,DEHM_BD,3.1251974637353612,3.0295444732318604,2.8055898941032926,2.0996054167172,2.0316039712338867,1.9250372138290024,2.1600528201756384,0.1995940818960291,2.9357736375834302,3.2551649624992818,0.5510188009215081
2014-11-11 14:00:00,DEHM_BD,2.5078733729338647,3.365057815622707,2.598502045891061,2.236430579423502,1.6666807525548466,1.7493094602771637,2.0988467184866195,0.19506605261278995,2.7353325997081446,3.0579074579176915,0.5309319878383763
2014-11-11 15:00:00,DEHM_BD,2.310300836926549,3.5617711221556836,2.7177377020691402,2.4385897754793113,1.6639269999506776,1.833547981907002,2.5427283638323845,0.1854024676588319,2.3980272527538613,2.912844632132755,0.5269492764002944
2014-11-11 16:00:00,DEHM_BD,2.7597525657416133,3.415952664541472,2.908447232955708,2.4640946603773703,1.8722529039626965,2.1461774300431804,2.7862416806575454,0.1786647410324017,2.6027185259822194,3.0069659630790917,0.5326249453119353
2014-11-11 17:00:00,DEHM_BD,3.729278208279759,3.1767438385391236,2.8567865707759283,2.47841438973996,2.1780440322975196,2.4810420539086713,2.9028634603025063,0.17385020076794958,2.7852086114734553,3.2614837071774714,0.542467601647462
2014-11-11 18:00:00,DEHM_BD,3.7635831169686473,2.7133410310458204,2.7434363327464273,2.3901543486710684,2.4426162632896773,2.536102520167037,3.0951806690446597,0.18339021897697227,2.7277764553244968,3.5369524734547455,0.5595073467145076
2014-11-11 19:00:00,DEHM_BD,3.6436395198545597,2.277808426096402,2.499863095668219,2.2894592582522266,2.4817643741612674,2.383709810217784,3.304078235530139,0.2480360570479637,2.588951360004712,3.5658275391178202,0.5915292096675864
2014-11-11 20:00:00,DEHM_BD,3.335772576139904,2.5262840037357055,2.3333797370020486,2.312197958373657,2.302599766012158,2.124919640116266,3.2798857710858083,0.344089807445373,2.2903597629991923,3.291315455614887,0.6656082104341295
2014-11-11 21:00:00,DEHM_BD,3.041083407427892,3.0902054992362857,2.5362117831563484,2.3621922653658296,2.1522760442615443,1.950364385733072,3.1389909119127086,0.39547487145697696,1.9527247083207966,2.9407358974741773,0.7823315435447128
2014-11-11 22:00:00,DEHM_BD,2.4111851359802485,2.994635330696013,3.0420566411150247,2.4659667106992935,2.031868396217285,1.893318446636227,3.10230341628696,0.4603569540232373,1.810247467305176,2.6779630844557287,0.8996215886989389
2014-11-11 23:00:00,DEHM_BD,2.0563812975905837,2.606187683684919,2.6712903265140207,2.612543388000656,1.9844018685357947,1.8520585626705945,3.1595694403372603,0.6035838037554545,1.7177822585102542,2.34251001162909,0.9338057064894935
2014-11-12 00:00:00,DEHM_BD,1.920062382987812,2.3813523211673275,2.2408323584720495,2.6772486085846863,1.9602507163085556,1.8439032826778659,3.238707649327007,0.8017728830633125,1.6586356876793502,2.041009558337331,0.8850766549252497
2014-11-12 01:00:00,DEHM_BD,1.7086745299306514,1.992234446864426,1.9671852289454452,2.740674643887132,1.9698795750239677,1.8083286244495151,3.377580918924845,1.1064148712752013,1.6377034835140407,1.6424168991471826,0.7992342942498984
2014-11-12 02:00:00,DEHM_BD,1.5197198840261623,1.7079413058465533,1.7807065005375444,2.737861147607799,2.012899597043409,1.807789202133069,3.497646908023694,1.229785328417346,1.4602176002620162,1.4702443512180448,0.6407799714808374
2014-11-12 03:00:00,DEHM_BD,1.3601254098491369,1.4942728189835135,1.5988504907517693,2.73975358201189,2.0525432106400303,1.899648117861888,3.482955398504058,1.2962653684300927,1.3108365601364333,1.4963506618040798,0.5217064288538507
2014-11-12 04:00:00,DEHM_BD,1.4156443628635256,1.360839046342559,1.446407969121393,2.748819997845822,2.097812151062549,1.9699410040087564,3.3950180151171425,1.4391750403849035,1.2597069162640349,1.6468788418132063,0.4460222233182889
2014-11-12 05:00:00,DEHM_BD,1.5272949552632866,1.2978146087884717,1.3929806618833358,2.754179273086609,2.174024473958169,1.9850645404905256,3.2825806308032766,1.459352433507666,1.2697529185910894,1.7389626662345234,0.395490125317897
2014-11-12 06:00:00,DEHM_BD,1.6240061578830332,1.2989581728690305,1.4978881249473432,2.654334574019408,2.242843736173713,1.88132514976855,3.126175699065183,1.387283611570224,1.2648082120067998,1.7176291757015885,0.3633568629886255
2014-11-12 07:00:00,DEHM_BD,1.6233542974353208,1.3810410430113227,1.6490326013737544,2.30121064881216,2.219805583089168,1.7379124911422121,2.67134375167829,1.310381061767712,1.2559720345757155,1.7166774650428445,0.33626932885590693
2014-11-12 08:00:00,DEHM_BD,1.6638494805838353,1.4430848528075404,1.7946478567376734,1.7887675120365991,2.018035292664694,1.5640935151733937,1.8423562889513116,1.2259000122541934,1.160306690606307,1.61811058926668,0.30257180740219536
2014-11-12 09:00:00,DEHM_BD,1.6843276084445602,1.4940578815628216,1.7876945626433194,1.3380608851300995,1.756316361527833,1.3184782481925916,1.3964261691916735,1.1775067932815104,1.0452101509820668,1.554875440579802,0.2837814755687629
2014-11-12 10:00:00,DEHM_BD,1.6031019139371065,1.426267022899054,1.7430495582976007,0.9407649405844256,1.4992787900263198,1.0942852319059657,0.9966586543913825,1.1766235256210713,1.027933480115421,1.5466869856783747,0.287554237992782
2014-11-12 11:00:00,DEHM_BD,1.5808209365479278,1.4577094563536346,1.7313647610575704,0.8153639230255834,1.3165985640902502,0.9640739235255866,0.8761114919861953,1.1272839484407753,0.9825211447910964,1.452098495254442,0.29133680144396834
2014-11-12 12:00:00,DEHM_BD,1.5135336360557379,1.3764666234810279,1.6695912489388325,0.7936736044855572,1.2370932430849049,0.8960653531635427,0.9328384940380422,1.1106691533631459,0.9345567197861149,1.3340341635603457,0.29464781959792125
2014-11-12 13:00:00,DEHM_BD,1.3846998230733722,1.3249923936817423,1.5492179726397248,0.7620412443921959,1.1822518002372142,0.9057655121040544,0.9312051036294029,1.0908811569974943,0.8600360237161069,1.2807751456484198,0.28643145276985116
2014-11-12 14:00:00,DEHM_BD,1.3148750474780986,1.3011694116295875,1.4585550870203599,0.7251354873202418,1.1607776169003825,0.8863068159601573,0.9224968043119433,1.037938097462654,0.8625374810648335,1.2619636169610824,0.2909144136515166
2014-11-12 15:00:00,DEHM_BD,1.2853696900304408,1.2118711000387743,1.3900148747043684,0.8189346155318161,1.1869520076635054,0.9241779318742563,1.04553972074264,0.9710637688694893,0.888062708546184,1.2545896101143583,0.28802440209693264
2014-11-12 16:00:00,DEHM_BD,1.3030303198018949,1.098100385232009,1.311788636287339,0.9206102671204667,1.3048276746417373,1.0339904711081238,1.0898387808844638,0.8973832640260084,0.9118693929894267,1.2639830944668127,0.2776100530898803
2014-11-12 17:00:00,DEHM_BD,1.355525264061559,1.0534880310591124,1.23445711204933,1.0599376532849982,1.4289751028512505,1.16993065670015,1.109931427927055,0.789360612959247,0.8943565031719207,1.3099140100081264,0.2551633424033364
2014-11-12 18:00:00,DEHM_BD,1.3975484209506959,1.0579276262336967,1.1877185045351832,1.3449178992132305,1.425458337632751,1.341856479568947,1.261338133907124,0.6771226579487508,0.8625589259411394,1.377257325660512,0.23096687468846325
2014-11-12 19:00:00,DEHM_BD,1.4591620555861293,1.1030565021929937,1.167548406895548,1.7086988552335332,1.2519242715328267,1.4814890844569035,1.6403865162414721,0.5492053218770027,0.8532704465062915,1.470263739010021,0.2133485336511069
2014-11-12 20:00:00,DEHM_BD,1.5649763142298534,1.163078802046054,1.169008595061195,1.9974294250648814,1.2909834520567882,1.3340021680039886,1.9723614844362611,0.48320369356758874,0.8442006504070759,1.599451648585908,0.20740486377401254
2014-11-12 21:00:00,DEHM_BD,1.7255470465520024,1.2735389975915243,1.1972482528778956,2.007409811585789,1.3498276793179942,1.3983313326982445,2.2089142442875818,0.4541790881053358,0.8284480172328651,1.7669215943133834,0.22053825981953631
2014-11-12 22:00:00,DEHM_BD,1.9126221053150296,1.3682586256571205,1.3376084026758002,2.1027293231388344,1.4076897482107162,1.585490247515668,2.236667061816179,0.4414212996344268,0.8383929818961023,1.9577563503983615,0.23800652138030148
2014-11-12 23:00:00,DEHM_BD,2.1323784259644896,1.502370164642399,1.5621126675427706,1.9335534583337375,1.4714337332344007,1.7022027328554494,2.1420083202726685,0.4341333378857373,0.8741091730481385,2.225500759012252,0.2444114798186626
2014-11-13 00:00:00,DEHM_BD,2.362317300236821,1.6789727841692044,1.7360589474121482,1.627278752879575,1.5473535554596083,1.8800385736955771,2.208155564596115,0.4217394779822229,0.9142584971916675,2.5403177423255148,0.23241426845373564
2014-11-13 01:00:00,DEHM_BD,2.6372842940347643,1.8847663526218013,1.8718789391524577,1.6358904664134142,1.6257480392249626,2.0442877069990013,2.298349450720619,0.40868210081979633,0.9663401912563294,2.731702936509401,0.2182277408850005
2014-11-13 02:00:00,DEHM_BD,2.8474459602427484,2.0917172212810256,2.0534372523624915,2.0189436849857016,1.7162870220695994,2.1618606342922875,2.4015232419755335,0.3976071420943736,1.0193174203730375,2.77509377155602,0.21462559567669393
2014-11-13 03:00:00,DEHM_BD,2.9031677463562042,2.279287778885644,2.23670402854532,2.538004706921526,1.8289222687164322,2.274250993639872,2.5221055092072517,0.37360403606057146,1.057507453020662,2.791255204744041,0.22542577029800032
2014-11-13 04:00:00,DEHM_BD,2.8642903807760773,2.458171713425573,2.4094102929617884,2.951822311943509,1.9525371087679408,2.4215113965652613,2.6350999574113874,0.3437234109515323,1.076450551913157,2.745993808707297,0.23932019644852717
2014-11-13 05:00:00,DEHM_BD,2.788994431232661,2.59958907025354,2.5339250366079855,3.315880264132818,2.0015085685810865,2.606841287948444,2.8189199728964347,0.3350473392464964,1.0832322776077687,2.688565808530077,0.24843140956163398
2014-11-13 06:00:00,DEHM_BD,2.726184546690434,2.7041995660346747,2.607331720406078,3.5537867044528886,1.996990833439976,2.6925894860908746,3.0145946877491183,0.37543572674531484,1.0897047361795977,2.6683621005240084,0.24974302657898506
2014-11-13 07:00:00,DEHM_BD,2.726043735415712,2.718753237038199,2.640805355110844,3.387989886480096,2.162220480017443,2.6686190949280135,3.2403899772758855,0.42006457639273237,1.1055635694735868,2.591676299862117,0.2483840897181629
2014-11-13 08:00:00,DEHM_BD,2.6827389394607395,2.678127905127313,2.652810382201849,2.9642970214582784,2.2357024021098297,2.411866778772735,3.290246998059171,0.46410939165875303,1.1370141830763034,2.4069247837123275,0.2513565533770993
2014-11-13 09:00:00,DEHM_BD,2.5823493425392363,2.6048074144812676,2.61258515750797,2.526163162514456,2.101599584037464,2.11310500339754,2.973448480456121,0.5225936081226914,1.163015913334228,2.252137511810213,0.2623599065683408
2014-11-13 10:00:00,DEHM_BD,2.444647266415358,2.536840719292257,2.6046052778470514,2.2191746566080135,1.8013613456878204,1.7776245081584074,2.537455597287209,0.5734974945151804,1.1840028026935459,2.1641351304844023,0.2797971629126461
2014-11-13 11:00:00,DEHM_BD,2.3292837491963803,2.4954230670671538,2.566512864123853,2.000546421150074,1.6237217404818605,1.5513493861392336,2.214453585576635,0.604442474497631,1.213477098830603,2.108860370694883,0.3040600076009518
2014-11-13 12:00:00,DEHM_BD,2.2509612616565824,2.413226998948837,2.5212288443536006,1.9294250015220618,1.527280367593642,1.4640881246289452,2.0051940348825994,0.6373352606575191,1.2335100978336855,2.0802129705409707,0.3222381652287951
2014-11-13 13:00:00,DEHM_BD,2.192617479790896,2.2484759046034704,2.4697400887090435,1.9879452820827472,1.486001300827756,1.3484557928680418,1.8173197816539488,0.6615898595416545,1.2278005950355624,2.0492485596862435,0.32980037906751025
2014-11-13 14:00:00,DEHM_BD,2.1242938658344745,2.0695810097862313,2.4902434418804846,2.164585267944722,1.3858853135457694,1.2513949823747983,1.7895331536409131,0.6809376255007087,1.2135733117424463,2.0109786163958163,0.34486358052536825
2014-11-13 15:00:00,DEHM_BD,2.0821596129979936,2.011047268444039,2.5494125903614027,2.3420076733411057,1.2511041683861588,1.2647484968857108,1.8961457443977752,0.7253073140043764,1.2148538475142023,1.9800905594356544,0.3673763130835442
2014-11-13 16:00:00,DEHM_BD,2.032540535249188,1.9852732298610358,2.5864625804150663,2.5072563951712565,1.1605192888236615,1.3940752426314198,2.090997669979767,0.7519503272536397,1.2473882117390447,1.9046507883815467,0.3842944674835725
2014-11-13 17:00:00,DEHM_BD,1.9874035556714238,1.9564482488439603,2.5548107932023423,2.575221829847256,1.1977735934140195,1.5249266447706764,2.2418838779014347,0.7635268831685186,1.3073031033598723,1.838150151566863,0.40059048214830456
2014-11-13 18:00:00,DEHM_BD,1.9513274197751282,1.937962683035899,2.5212111471009484,2.505999495295684,1.2878850981559382,1.6179837043979823,2.2928248427625935,0.7858214405176787,1.3502132161078322,1.7783440171992033,0.4186569262064248
2014-11-13 19:00:00,DEHM_BD,1.9007339970883728,1.880110595551841,2.4467139818843737,2.3843321293615594,1.428997629904349,1.7489800361790506,2.3027784476149598,0.78979091680862,1.3702313885147497,1.7136556459962575,0.4352837973687518
2014-11-13 20:00:00,DEHM_BD,1.8453430859059097,1.8620912722288814,2.3487758782075905,2.357335401476724,1.717680310222786,1.9924064323370494,2.2787360947891626,0.7986771670800447,1.3713586674134057,1.6553229484708607,0.451912873358745
2014-11-13 21:00:00,DEHM_BD,1.7870436469244957,1.8097096937098724,2.2398060185115227,2.791355927210567,2.014415814038962,2.2008459734472865,2.3266604936042685,0.7620361622889339,1.3415065239058435,1.6247484043903648,0.4667405238865501
2014-11-13 22:00:00,DEHM_BD,1.742940971777737,1.7869604527895897,2.177349913708591,3.633543387868116,2.2230170731503005,2.5115003420259563,2.7377177802201684,0.681971475379318,1.2847556018927693,1.6105263943952326,0.4799027789349294
2014-11-13 23:00:00,DEHM_BD,1.7661250793310999,1.785894979485311,2.1509157854775713,4.430780729784072,2.4661377692464455,2.85223351574335,3.649080922312145,0.6619653706343471,1.2180487424430997,1.6279004303301126,0.49099426793050005
2014-11-14 00:00:00,DEHM_BD,1.8217586143451932,1.8142764623445644,2.0862424477977606,4.87523074586967,2.7720589110186835,3.1398129547278817,4.574193045006395,0.6995660233533381,1.1723602565959097,1.6574035712134838,0.4987999977220594
2014-11-14 01:00:00,DEHM_BD,1.8295222190594673,1.8214330998738482,1.9699626577990594,4.881574827977819,3.029414204842262,3.5435017263205535,5.17397398069879,0.7204260561412945,1.156491229287833,1.647052591015063,0.496850835895948
2014-11-14 02:00:00,DEHM_BD,1.8571531845460831,1.782858007495478,1.907840627916623,4.819969023851428,3.168650187154049,4.351100143136499,5.5071055153888455,0.739039142537266,1.147898496699482,1.6794212006612868,0.490830952514978
2014-11-14 03:00:00,DEHM_BD,1.8476339504545927,1.769535466667488,1.8539238227363724,4.746708505065039,3.5840451610621065,5.091956200609523,5.357466943300478,0.7664587765071541,1.1401611378295717,1.78560298397284,0.4913573145944437
2014-11-14 04:00:00,DEHM_BD,1.9106241271573308,1.7704049193593858,1.8288580748924383,4.615530169406439,4.253792583201919,5.295123857835309,5.119997458352171,0.8054667455401271,1.117557353952527,1.9641981755629554,0.5086230081311611
2014-11-14 05:00:00,DEHM_BD,2.000364353428781,1.742960990033336,1.8483978122608595,4.431984224406637,4.726846457132734,5.205846864054627,5.0511941902676085,0.8430815379868448,1.0772772706042975,2.085971352565158,0.5362321346671878
2014-11-14 06:00:00,DEHM_BD,2.135782634591684,1.75211794862587,1.9061795338739873,4.120815971879322,4.900595696960706,5.376954149817832,4.920941114593475,0.8818008043887464,1.0455992428632082,2.1328662752912564,0.5656546399988607
2014-11-14 07:00:00,DEHM_BD,2.2253192473478616,1.7572024284153431,1.9464654379990136,3.954432468565663,5.145943659311459,5.447597241076829,4.637705161022339,0.926614833049178,1.013323923882991,2.1457357248622926,0.5921355221956595
2014-11-14 08:00:00,DEHM_BD,2.2988191396901385,1.777508847313039,1.9322620649283195,3.9181190316398786,5.372659978806688,5.400478641336698,4.423116524840799,0.9351524504689871,0.9832485686374827,2.1842537162359803,0.6233807141532002
2014-11-14 09:00:00,DEHM_BD,2.2481385413926653,1.815337228021435,1.9092850224231181,4.048034370303718,5.2580181367857355,5.009023521542133,4.385331986508073,0.9277417220158873,0.9725352648890018,2.217487161525786,0.6653106462394818
2014-11-14 10:00:00,DEHM_BD,2.1973206597794688,1.8407369987650213,1.871944768543518,4.15740769500127,4.716189591632348,4.445942057146278,4.437393526584419,0.9203844849354028,0.9772051730090752,2.1101481164277764,0.7079083863549492
2014-11-14 11:00:00,DEHM_BD,2.2504995395997955,1.855113333579395,1.8387837125179682,3.829283425396226,4.2394629759890785,4.0725147935190344,4.289954232266299,0.9158575164225696,0.9780207979706301,1.9665468707112352,0.7376476024501025
2014-11-14 12:00:00,DEHM_BD,2.282766166231963,1.853241474588113,1.7813817508956882,3.4878303157400516,3.7219109298130286,3.447364893247297,3.9531001098810985,0.8939499427814036,0.9631536778794229,1.8608361489324157,0.7404474057893827
2014-11-14 13:00:00,DEHM_BD,2.181081867291393,1.9197765779556752,1.7204180189016367,3.1449388128510996,3.0271099925719693,2.668021729552928,3.582645129290737,0.8804908677792549,0.9414247659751026,1.7800965636597037,0.7237692368287593
2014-11-14 14:00:00,DEHM_BD,2.163282321623083,1.9806125291195233,1.6534856049120283,3.0574729207125553,2.328223729148718,2.2933447053401825,3.4053139416488536,0.8806044318687916,0.9153767683033458,1.7436249753072393,0.6984443698167521
2014-11-14 15:00:00,DEHM_BD,2.107188419898832,1.9902431750115195,1.6504856596461777,2.8697020120882986,2.023497562979733,2.1994284460018743,3.4458814721237023,0.8601914613050221,0.8980212889315745,1.7541929919173194,0.681482340823598
2014-11-14 16:00:00,DEHM_BD,2.0253198909914447,1.9801286606817365,1.7433606115613831,2.446623166348595,1.9444589997230073,2.205264542228351,3.3932660805736004,0.8325312321437895,0.8940431053801718,1.777887699062079,0.6811858290596678
2014-11-14 17:00:00,DEHM_BD,1.9036163635466248,1.9164421852006766,1.8311677863475029,1.9466079961650182,1.8963017509366153,2.2323484281373123,3.091246619378312,0.8220599792037159,0.9050151862778049,1.7823176209142804,0.6910853724503517
2014-11-14 18:00:00,DEHM_BD,1.8609516950091718,1.8115514465615825,1.945371674193051,1.4944271719318087,1.6882841218801075,2.1654835364189404,2.608272900407143,0.7953491443066297,0.9156188632966763,1.7270795885304082,0.7087956325915641
2014-11-14 19:00:00,DEHM_BD,1.8343323240076748,1.7275001698671515,1.9831326144866646,1.3166530385105242,1.4079179299585707,2.023916396701364,2.1865711454767536,0.766585570115,0.913036083251657,1.5388889763736724,0.7300428437773323
2014-11-14 20:00:00,DEHM_BD,1.7294812971033342,1.6028272311131189,1.6574884966724692,1.3020180658654277,1.2018045882785646,1.8470098916675455,1.972987466266374,0.7417575328082777,0.8990821077684312,1.395804271783065,0.7510745849760062
2014-11-14 21:00:00,DEHM_BD,1.6127407570298578,1.586705387685299,1.5123215818232765,1.3551713782007795,1.0981872059135231,1.7209058003005566,1.9112082088670799,0.7232341281366347,0.8831210576945263,1.3385492657287883,0.7751574715832433
2014-11-14 22:00:00,DEHM_BD,1.4968544178412668,1.6481224132204053,1.3865890900268778,1.3977369070088799,1.0916422164785675,1.6406954795411286,1.9000014550464597,0.7091479073854722,0.8764089469342679,1.3076815387695702,0.8032403169695288
2014-11-14 23:00:00,DEHM_BD,1.4208792584182788,1.6009538621711266,1.4847291543576122,1.504383669751028,1.1727111676635873,1.562132428634781,1.9545461666058004,0.7018853091634624,0.8789091437354637,1.2954907912621647,0.8216347147829085
2014-11-15 00:00:00,DEHM_BD,1.4386410484667123,1.5557005586375812,1.6194355727756022,1.6796612584254562,1.3276828322251608,1.510110554192435,2.149515840764308,0.6917942604453117,0.909626234073825,1.3539212865918873,0.8290102988242729
2014-11-15 01:00:00,DEHM_BD,1.470071697526127,1.5053664349998628,1.762623707505539,1.9878373842802717,1.4808773389270529,1.5330900032484625,2.4224616456070267,0.6866818212649225,0.8946089199013821,1.3836906493697314,0.8305614975412934
2014-11-15 02:00:00,DEHM_BD,1.4915951738394049,1.4758230390280018,1.8353961539089678,2.522535163892079,1.6083521533968204,1.6390858426321964,2.719925103389424,0.6946975109765399,0.8762759003313259,1.349696768296659,0.8351902413300052
2014-11-15 03:00:00,DEHM_BD,1.5081059181176124,1.4998613632071298,1.8891426845137775,3.2568022158093486,1.5960096085513382,1.881393375598389,3.210881051949618,0.7065952078147977,0.8573833248273096,1.3471734844243526,0.8407620438171922
2014-11-15 04:00:00,DEHM_BD,1.4860431189751624,1.4651308673403782,2.1239153413300214,3.549889147214911,1.4306212606034705,2.1022599336645627,3.8851913004775325,0.7076836436094156,0.8580518765439837,1.3442253911669084,0.8423882254534587
2014-11-15 05:00:00,DEHM_BD,1.4259937471577524,1.4709100973301752,2.2789674085059017,3.323822424022331,1.3461152397735046,2.35179419959033,4.208875665512129,0.7150843259298428,0.8806665462053194,1.342615017411816,0.8405864830334857
2014-11-15 06:00:00,DEHM_BD,1.4117875791145114,1.4851246870888117,2.0412524544585495,3.194055852770478,1.4629554082188663,2.8492961293859818,3.656570428776733,0.7186324269016832,0.8904431312394886,1.3218620483172498,0.8447915062502211
2014-11-15 07:00:00,DEHM_BD,1.4484875832050668,1.5003092579719237,1.8057116836240141,3.2751279929548627,1.6813805674441575,2.8484593354298924,3.310892119708697,0.7135790577166155,0.8957543145495,1.3115873296392895,0.8624212712649442
2014-11-15 08:00:00,DEHM_BD,1.4588860033229387,1.4972039218952973,1.671166618051529,3.2906147734980142,1.824309621098258,2.414221086219622,3.4760551921720317,0.7016204868264309,0.9116624875592998,1.344879364171741,0.8973222815139033
2014-11-15 09:00:00,DEHM_BD,1.4979640219378723,1.4652031407572887,1.6244305971504003,3.023346567496636,1.729761344805462,2.2687648469422808,3.3539407743436724,0.7030691789035359,0.9412657147498615,1.36999504418917,0.9500485642925462
2014-11-15 10:00:00,DEHM_BD,1.5192173440711123,1.413565592418469,1.5919802097722142,2.6893031835309684,1.7395475824503321,1.7839845502459142,2.889393478325426,0.7211509468108043,0.9941297325660288,1.414054518839037,1.0117568888752722
2014-11-15 11:00:00,DEHM_BD,1.5130423348163669,1.4267189447053614,1.5049840964390337,1.8434132456850034,1.723197623163698,1.3797206401585638,2.3822825925980142,0.7321218579125963,1.0500146449628238,1.4414997953910103,1.0561686561310943
2014-11-15 12:00:00,DEHM_BD,1.5066902539599032,1.4704808658626956,1.393013037591842,1.1104778737326118,1.5222266686354353,0.9221007179801175,1.6445665072256808,0.7302114386007841,1.0964935881428886,1.4310440329773515,1.0855714933036453
2014-11-15 13:00:00,DEHM_BD,1.5272767561838216,1.4654072032328043,1.4346432965174596,0.5732115203850989,1.2932616271184,0.6636191666804063,1.1680982447882282,0.7201124041481595,1.1329036157993646,1.4495152268969826,1.107466117034219
2014-11-15 14:00:00,DEHM_BD,1.57743831308417,1.4072919509676842,1.49617684559993,0.3211659850771208,1.1701460106500419,0.6404394216697702,0.6397479066601797,0.7049847114810627,1.1720912029656534,1.465541853196146,1.1237970032687856
2014-11-15 15:00:00,DEHM_BD,1.602177649071326,1.4540780643162128,1.5732724548310224,0.32318325693103256,1.0987327692633175,0.7384530279769345,0.4840802866466297,0.7025685005878843,1.2096712051358913,1.4809259494190337,1.1494780760830454
2014-11-15 16:00:00,DEHM_BD,1.5747964886961114,1.5121709668116083,1.5941835851353032,0.3976429796387526,1.005537527843176,0.7775628234533511,0.47011368778165924,0.7404846881473087,1.2497051498108915,1.4893958972838102,1.1780288673867796
2014-11-15 17:00:00,DEHM_BD,1.549003590400003,1.4872357611829787,1.5916917842634581,0.5382119520890032,0.9350894681662448,0.6840958888969362,0.5600024779560921,0.7967370994776672,1.2569876579663994,1.5212872829726665,1.200410122838812
2014-11-15 18:00:00,DEHM_BD,1.5746519357480293,1.4194230943599901,1.6338772402458448,0.6283323320091938,1.4246390322871578,0.6725734226078528,0.6745859523623494,0.8376620345782487,1.232016137439804,1.5492775381965749,1.2130868200319633
2014-11-15 19:00:00,DEHM_BD,1.5975951780987439,1.4589247864148767,1.6578119184699094,0.6208551950243137,2.450626679375376,1.2035193822399644,0.5808658124214408,0.8743968813803604,1.1984544537126598,1.5706536406694165,1.2219875240202247
2014-11-15 20:00:00,DEHM_BD,1.626489387570172,1.455457104350533,1.6411165550845117,0.69692806625931,3.1415467820903427,2.2551791735161637,0.7467667507956969,0.8971646348169073,1.1768462929553443,1.5935281978332159,1.2233912955987452
2014-11-15 21:00:00,DEHM_BD,1.6885195661795138,1.4786466860706828,1.6196829213562975,0.8978527505798204,3.3637669602032467,2.927012106493803,1.1074183717641548,0.90975261841882,1.1559967080721862,1.6445419166913628,1.2122889488486945
2014-11-15 22:00:00,DEHM_BD,1.7513695264470577,1.5003442509812581,1.6320704216685888,1.2461587099828881,3.2842387828031576,3.16466816213781,1.577700775713298,0.9288852093251421,1.1431787341092432,1.680973708632812,1.1753059637984633
2014-11-15 23:00:00,DEHM_BD,1.8019747465083003,1.5200970437688008,1.6400894743361323,1.6169233042175875,3.2066949984919044,3.3283638370913957,2.0837345646365204,0.9368784996970742,1.1386951693439484,1.7544393767143784,1.1182831487560272
2014-11-16 00:00:00,DEHM_BD,1.8834363883674146,1.5206112836455554,1.69644370466128,1.886938039563371,3.2889267046676554,3.554564321694554,2.5867263922075217,0.9164957400222122,1.1395409923531674,1.8377413874533026,1.0655088979963212
2014-11-16 01:00:00,DEHM_BD,1.9465526792657655,1.56191971709216,1.764466934321411,1.995667287405977,3.3425754026379924,3.772421621650702,3.0159883339512055,0.8884586783629284,1.144018521388918,1.9017814130501354,1.0170801742286235
2014-11-16 02:00:00,DEHM_BD,1.9598193227485148,1.6343584064649046,1.7988837995970994,2.029249804490522,3.277708340166793,3.9486541055172832,3.1880853661616886,0.8691449419747664,1.1473913581683488,1.8731965966285207,0.9754046315905451
2014-11-16 03:00:00,DEHM_BD,1.9167410000001688,1.707682821974829,1.7878534364384784,1.9375040218896653,3.1301384311187475,4.048321246384433,3.1394293452593653,0.8464615365900098,1.1290722082111566,1.8108405613908356,0.9401977302230895
2014-11-16 04:00:00,DEHM_BD,1.8433290576784267,1.6928479775892198,1.7704011128282544,1.8811736655436515,3.073071565416623,3.8960758297697375,2.98389644488671,0.8243430633397401,1.1028260354287411,1.6895855528573693,0.910103809853643
2014-11-16 05:00:00,DEHM_BD,1.7049531941661145,1.6595579628945885,1.8393982513763754,1.9043880246520164,3.040693499178516,3.445028670851273,2.77739872063148,0.8049049480497835,1.0833838540212297,1.4970899523400514,0.8819576956616341
2014-11-16 06:00:00,DEHM_BD,1.5121350000079905,1.6321043392583168,1.853390582065433,1.871042344403922,2.9778212151689294,2.942841803839534,2.4643291092279975,0.7962933335868269,1.0652597784977127,1.377525509917885,0.8511519202796369
2014-11-16 07:00:00,DEHM_BD,1.4085504277444816,1.5578423285156675,1.8299272248310783,1.7449813578447724,2.9274580677496598,2.438088988919227,2.0675013419859454,0.7956312241700291,1.043391197637012,1.2997906796470284,0.814456616912596
2014-11-16 08:00:00,DEHM_BD,1.3440810727829486,1.4558576010507345,1.7629162260570375,1.557277556095223,2.827845550364333,2.092605918351599,1.6269071948402243,0.7972846311751752,1.0233117818543453,1.2532344328381864,0.771328805876635
2014-11-16 09:00:00,DEHM_BD,1.3061050362790747,1.3866792810514847,1.5926836854592805,1.4036515964231226,2.6732728113147077,1.9028320865065251,1.2408062667851465,0.7855372375687211,1.0152483639339125,1.2256548152031004,0.7294864886268229
2014-11-16 10:00:00,DEHM_BD,1.2836067856056244,1.299889487974355,1.4409007756929195,1.3034073367860242,2.408726975420478,1.8161314810937919,0.9734731302775811,0.7664420149565486,0.995988008248941,1.2123899854078888,0.6848392591559886
2014-11-16 11:00:00,DEHM_BD,1.268672778653875,1.2394986483825243,1.3336529108440038,1.342224270868408,2.0054023358529642,1.7986982924570944,0.8189687376990327,0.749796697210148,0.9677588592811649,1.2091381881166063,0.6442552210935205
2014-11-16 12:00:00,DEHM_BD,1.270037455412373,1.199569197555729,1.252829032094786,1.4440308929559822,1.6698518260540323,1.6088882466705632,0.7392151670296594,0.7472058893859387,0.9356156522719469,1.2205060612628236,0.6047781619952245
2014-11-16 13:00:00,DEHM_BD,1.2731097689891606,1.176801477361433,1.2142574022264963,1.3680715157451653,1.3398486263835034,1.5000858222802786,0.6745413502837732,0.7574172328001261,0.9084662488046473,1.2302263762450218,0.5725143344089016
2014-11-16 14:00:00,DEHM_BD,1.2737059707937761,1.1603264756483582,1.191858050390426,1.4681449434106726,1.243367258390193,1.4215459142436095,0.710240667941795,0.7694970395252108,0.889150393197108,1.200653876354657,0.5487951068410276
2014-11-16 15:00:00,DEHM_BD,1.2570421285183355,1.1423486099341884,1.1804101711895874,1.6130770030821608,1.2274437200733601,1.4336510057122316,0.892979675144238,0.7832968415915965,0.8971889909273385,1.1784808347587892,0.5328298282009363
2014-11-16 16:00:00,DEHM_BD,1.2513018313832023,1.152325246626511,1.1496363199668935,1.860168189685292,1.1465371806013653,1.3995600008663436,1.2537593814024786,0.7939424830341338,0.9276697502991557,1.1775240300271566,0.5287482517221942
2014-11-16 17:00:00,DEHM_BD,1.2357068879862874,1.1571889009400458,1.1309585039011762,2.0834195018908477,1.1238483796679182,1.4473146316835632,1.568001276641065,0.7860341207791864,0.9573742725307122,1.1772730670507068,0.5350313776220752
2014-11-16 18:00:00,DEHM_BD,1.228576596822068,1.1568140366041657,1.0954026131650059,2.2839441470753785,1.1671730150158492,1.6647933346087704,1.8285886286193775,0.7595916772563008,0.9687898426111042,1.1957215463815816,0.5464761259068733
2014-11-16 19:00:00,DEHM_BD,1.2405679450548066,1.117228449116796,1.0195525153699145,2.4620207927824334,1.2124688945027535,2.0810452024382617,2.18781548999066,0.7313963018457591,0.9673053904674948,1.2367927349586412,0.5554272268042711
2014-11-16 20:00:00,DEHM_BD,1.2678476133389396,1.0164436534054577,0.9150282573745027,2.1685345074718123,1.4446352488260368,2.5218092569024555,2.6427857389853155,0.7089009974782168,0.9653336515264213,1.2391236484455315,0.5579793011582829
2014-11-16 21:00:00,DEHM_BD,1.2735203452368824,0.9036773403306304,0.7938520547226815,1.4781978011019115,1.9869218522344634,2.1526482800497204,2.525700398582359,0.6855573144178837,0.9536267412512003,1.218103677903274,0.5544956004023551
2014-11-16 22:00:00,DEHM_BD,1.2755945490147917,0.8298966481069474,0.7087466534661502,0.8853771083532539,2.3414400625905802,1.4800203623077532,1.7554757054491614,0.6637178678528218,0.9618524197411535,1.214074918493796,0.5486530704012326
2014-11-16 23:00:00,DEHM_BD,1.2805651579056678,0.7811638961675762,0.6715800173727795,0.8750536642949613,2.0648930001559784,1.1622384695356462,1.321856543518748,0.6499168821828067,0.9583876554005964,1.2402305594063456,0.5468801132160052
2014-11-17 00:00:00,DEHM_BD,1.274214093682151,0.7345301503842696,0.6391905895167309,1.0648036942612893,1.568884104104892,1.1382143667794278,1.1587422430314438,0.6413879885237663,0.9551540904655493,1.2590191510787139,0.5495031155560165
2014-11-17 01:00:00,DEHM_BD,1.216867395282425,0.6719449630218743,0.5981412789663019,0.9415007459428897,1.2620611064202314,1.1283910645723814,1.4056789155628726,0.6324880950526892,0.9557034927041642,1.2430410473504383,0.5514277428750693
2014-11-17 02:00:00,DEHM_BD,1.162422489587618,0.6024329174046591,0.5379824358949807,0.6656290127898088,1.223363817089953,1.2194102856534472,1.361221603610128,0.6208056278769671,0.957549903872218,1.1990927108307088,0.5584410859369486
2014-11-17 03:00:00,DEHM_BD,1.110877492524991,0.529410746100135,0.48757938533049067,0.6159871897471777,1.212467903586812,1.4527529882605885,1.0025724032827188,0.6002436911585926,0.9587942654991521,1.107926388168591,0.5708083238719404
2014-11-17 04:00:00,DEHM_BD,0.9845521606372017,0.4714000260429829,0.4689128920655697,0.6679589360597774,1.5100496915578234,1.197427802628139,0.868490858412698,0.5800295262381433,0.9490241259406507,0.9674154799478757,0.5885821157191693
2014-11-17 05:00:00,DEHM_BD,0.840733316989392,0.4720065538641437,0.49101231353639624,0.6933361055592913,1.491890092080985,0.8086893871078092,0.8261228950949222,0.5712267677975446,0.9412556741403043,0.7570325536120309,0.6080880018442869
2014-11-17 06:00:00,DEHM_BD,0.7198618406310303,0.53797830032425,0.5340034376495377,0.7397492276157089,1.005531907072195,0.667526659344955,0.8614250785394199,0.5768796228316424,0.9424819623386486,0.6002627439736201,0.6270750652876496
2014-11-17 07:00:00,DEHM_BD,0.6342109179529174,0.5828767865322343,0.5809331376382754,0.751406789441693,0.7005501864401134,0.6339931406498466,0.9245552553956047,0.5824253443394601,0.9493727858555315,0.5092261394434701,0.6546002807883917
2014-11-17 08:00:00,DEHM_BD,0.56392648825882,0.5597457311257347,0.6048661947589321,0.690881655333516,0.5895481962469544,0.5917546571243495,0.8440006764522521,0.5950118085323273,0.9557667256096377,0.45604033246277353,0.6875244995503127
2014-11-17 09:00:00,DEHM_BD,0.5115826201219204,0.527156483858535,0.5960979387024229,0.66862258192098,0.5449143112270091,0.5493473828169924,0.7279693516701018,0.6150012632936239,0.9589403079235832,0.4128185550766763,0.7241221528563648
2014-11-17 10:00:00,DEHM_BD,0.46868465605310616,0.48087674616082554,0.5844633494464633,0.7017650877608927,0.4980766004684334,0.5257817550515902,0.6990605323675274,0.6374572762182354,0.9302024371373466,0.37983310172421153,0.7567237924066186
2014-11-17 11:00:00,DEHM_BD,0.4287060353980783,0.46868542656222345,0.5713836101563413,0.7674205960981185,0.4735263821486988,0.49535873726875546,0.7403573383790021,0.6539462920081615,0.8773962706410884,0.3660758736435742,0.7787564847708865
2014-11-17 12:00:00,DEHM_BD,0.41618423549507855,0.4742419070297944,0.5723682445547169,0.8012383949881314,0.4697672472783818,0.5000735154425997,0.8137843288169858,0.6134593028155713,0.8201380873111216,0.3638134926208283,0.7867205689086019
2014-11-17 13:00:00,DEHM_BD,0.43054167707793983,0.46285455091278865,0.6032080815071565,0.786136466497957,0.4827744249744176,0.5568493604534914,0.8599858815951877,0.5756712215186655,0.7493590514144394,0.3755690885541785,0.7853167320192418
2014-11-17 14:00:00,DEHM_BD,0.4751177910098571,0.4558363288817909,0.63222319424427,0.7370311375756408,0.5185740308235212,0.6454934610838126,0.8617218356957987,0.5354840204020588,0.6825137204025475,0.40403786104627815,0.781485376969669
2014-11-17 15:00:00,DEHM_BD,0.5327817342755826,0.46032678225783563,0.6557521649676525,0.6868617655123129,0.607204063073548,0.7804669157969008,0.8467890681505615,0.5031405417593567,0.6352814069018465,0.4450243046019434,0.7821223323239386
2014-11-17 16:00:00,DEHM_BD,0.5837123639552759,0.47665950056587336,0.7159022773139014,0.6668506057888335,0.7787986709648951,0.9931463897632908,0.8892126768235953,0.482566721505895,0.6071212169121717,0.5050618366463261,0.782771431766264
2014-11-17 17:00:00,DEHM_BD,0.6492613618167874,0.5150932509110768,0.7862042736130823,0.7846015516359967,1.0879804801603719,1.251010921490842,0.9481362195385659,0.48163625509629016,0.5704508069856509,0.5655100315132643,0.7798036268551647
2014-11-17 18:00:00,DEHM_BD,0.7353143888445453,0.5729720713567021,0.8772361067324712,1.1439394989375038,1.4281296013822755,1.5428286871459242,1.2338794607216097,0.4827956197053752,0.549689889506679,0.6346224347526719,0.7793468163323028
2014-11-17 19:00:00,DEHM_BD,0.7777514045587415,0.6528793149364722,0.9781831659043358,1.4905604068097287,1.7540209640979347,1.6737187355031005,1.670359724393247,0.47692654809705903,0.5257021803307067,0.7263746707600447,0.7870219034568964
2014-11-17 20:00:00,DEHM_BD,0.8364650464207841,0.7002354163742502,1.1013296780286672,1.9174542738018214,1.9465954542066157,1.8951762929012317,2.1357723445055927,0.4650413041580468,0.47786256509955954,0.8781787893930869,0.7924742674690111
2014-11-17 21:00:00,DEHM_BD,0.9477704652169207,0.720661447746728,1.2207776633620822,2.026482030551783,1.988129862795656,2.210798017367998,2.3135225398450854,0.44824281744237987,0.4361510078829153,1.0233516374489944,0.7855657929728271
2014-11-17 22:00:00,DEHM_BD,1.095171597989914,0.7026191879524815,1.3240696465162933,1.971335561721213,2.33971262106277,2.417884930482274,2.3064894682883637,0.42261763179011635,0.41977629413978185,1.113219302704325,0.7751498165453039
2014-11-17 23:00:00,DEHM_BD,1.1856662142354015,0.6997390353832568,1.3736683419326368,2.09795466827228,2.6009860045258746,2.483815920113375,2.499064714200867,0.3877541477964072,0.4264190630837435,1.1394363930393476,0.7651866039920691
2014-11-18 00:00:00,DEHM_BD,1.236819693768164,0.698650819257609,1.3341212905158684,2.1823890689835883,2.713061484065882,2.5755638485783265,2.8726724198020483,0.3627655560105107,0.457557343199048,1.0962140938569231,0.7670302714144717
2014-11-18 01:00:00,DEHM_BD,1.2077768247440737,0.7171381087997812,1.232619073233828,2.264749643275217,2.826920415366241,2.8200068824385225,3.1820378387294874,0.3402562719475104,0.5642895535632779,0.9701019843416776,0.7659853692123828
2014-11-18 02:00:00,DEHM_BD,1.104171401270125,0.8460491787535435,1.1677119733884442,2.372054841634714,3.2303597394045096,3.182345423459541,3.364846375102118,0.3148376872636377,0.7326371133521944,0.7465471943245596,0.7607281650523747
2014-11-18 03:00:00,DEHM_BD,0.9080330255745537,0.9114470626762095,1.1025346231227369,2.5555271888543594,3.595587419051723,3.4386311448261515,3.417333601472515,0.29511888614460813,0.8414938189119658,0.6674027460158988,0.751586917617456
2014-11-18 04:00:00,DEHM_BD,0.7035840862142666,0.9235430835205503,1.038924136794879,2.7458695436593485,3.7518572995850863,3.4996576362307197,3.257865898241303,0.2799629265871456,0.9234396612516604,0.9425395441823057,0.7447433925247122
2014-11-18 05:00:00,DEHM_BD,0.8368283688435237,0.9560859948872867,1.0635256041671015,2.7414214949381006,3.7597416365987346,3.516852097345591,2.90329634899146,0.27645414702113713,1.0593460442857816,1.324059410250373,0.7441779228012403
2014-11-18 06:00:00,DEHM_BD,1.2025618217940444,0.8398823400850408,1.125646737134432,2.4324286627928218,3.6034506611647243,3.3267146492631405,2.386542896857981,0.2790807515370099,1.0845539259834585,1.4885914263659867,0.7568626096468255
2014-11-18 07:00:00,DEHM_BD,1.4810847422660327,0.6686480847509856,1.0776619445885822,2.2402239188050768,3.1509764000962797,2.8445578742748827,2.21565756315465,0.2856736847203595,1.0182340875228122,1.4524487397856498,0.7830918972644092
2014-11-18 08:00:00,DEHM_BD,1.4701790724125505,0.7565263520083855,0.9602458416780782,2.1715549203235103,2.607940558943383,2.406888823217143,2.2110053011854665,0.3098722753481938,0.9405839952356927,1.412412322584484,0.8265181967873009
2014-11-18 09:00:00,DEHM_BD,1.4502025851667766,1.0091706240551126,0.7366184656184586,1.9068543993087437,2.341122871436878,2.3116359065007,2.0049229826418404,0.34704495925292356,0.8981261697171627,1.3647084803731553,0.8872918109122523
2014-11-18 10:00:00,DEHM_BD,1.4197030457527937,1.1994255181271813,0.721312369575498,1.6718052022199932,2.3647301097193827,2.214301760276707,1.8468808353299346,0.40001449522219584,0.8936754288957082,1.2901793027309887,0.9151713964525074
2014-11-18 11:00:00,DEHM_BD,1.3659761758509,1.288505114175696,0.9519907964556268,1.6190136011730885,2.3328509649888485,1.9979865387807711,1.8272695525419125,0.4685525769964232,0.885485156475082,1.212209078938868,0.9192840696933469
2014-11-18 12:00:00,DEHM_BD,1.288536663108347,1.3701461781665685,1.16346853044467,1.587392112028736,2.2232821974550365,1.9070570729364835,1.9590838398677148,0.539376416922994,0.8587152769890054,1.148397915917421,0.9031069165107257
2014-11-18 13:00:00,DEHM_BD,1.207879818212092,1.3522722929011377,1.248476018269592,1.5957881741761986,2.174134612188673,1.9460188155421028,2.1542297724042143,0.6640626792608946,0.8305750036986451,1.092875759375284,0.8871742622013175
2014-11-18 14:00:00,DEHM_BD,1.1308899247580764,1.2568139769750182,1.3309721861833472,1.722443508014813,2.2077276470562133,2.06872557887496,2.3475179350996607,0.7477505978049337,0.8121578534459089,1.0415397155327453,0.9034969076327222
2014-11-18 15:00:00,DEHM_BD,1.0730652007898223,1.1236465375193117,1.3484492678487254,1.9605793450705002,2.3038008486794426,2.2703374139789707,2.5357831460176166,0.7545204827686026,0.7993248797630228,1.0134141368274623,0.9190705124344682
2014-11-18 16:00:00,DEHM_BD,1.0424320987758413,1.0126046594385383,1.2539035228860145,2.2409216932605895,2.50393348508104,2.5032178629742363,2.743370126899498,0.7361093894058466,0.7935437674221448,0.9961263206936604,0.9526638197900843
2014-11-18 17:00:00,DEHM_BD,1.0297632067803293,0.9467887076022381,1.1059472742805676,2.4699344933819143,2.706328381613881,2.7495434149438296,2.8692307312566006,0.7399248425777255,0.7917014326023543,0.9980946109324415,1.0053308532102334
2014-11-18 18:00:00,DEHM_BD,1.0255111897220088,0.8884807096560112,0.9937322368505782,2.6415441245700038,2.9185821662474263,2.956563416194678,2.96713158709385,0.7701347853063326,0.7926783623410505,1.0290652392962483,1.0449632383132539
2014-11-18 19:00:00,DEHM_BD,1.0374876360370964,0.8381846716615743,0.9279761726723145,2.7909393088191514,3.176761364307673,3.1147498612306403,3.018612856938648,0.8019377858912385,0.7954105671167481,1.0513190194153972,1.0586572499369458
2014-11-18 20:00:00,DEHM_BD,1.0453473205906525,0.8264870065292157,0.8728417879349598,2.9144696899488007,3.3592372132785844,3.258901247248769,2.983164174411635,0.8253741032470925,0.8086854085402634,1.0740047214496136,1.0766669830604083
2014-11-18 21:00:00,DEHM_BD,1.0703609499013425,0.8303949029831216,0.8324700253586796,3.0032744993430724,3.4102705969302045,3.3257700272123327,3.0354189486864858,0.8468038969775474,0.8349891618718555,1.1231930718641727,1.1086890503541937
2014-11-18 22:00:00,DEHM_BD,1.080286733337119,0.8392334650020183,0.8217183792456099,3.1017817849025393,3.435133303850595,3.3333573650600608,3.1258156895710254,0.8512123393821925,0.8809693855264037,1.1768225593690573,1.1474703644010051
2014-11-18 23:00:00,DEHM_BD,1.0868245886329562,0.8708209444592334,0.8254095818245689,3.1625066741379824,3.5298626249060434,3.3856010270554266,3.225177410040134,0.81849002923612,0.9142430852143093,1.2132594323005155,1.1932535769242048
2014-11-19 00:00:00,DEHM_BD,1.1416448484949395,0.8918202596545312,0.8469607439274341,3.153927340411837,3.6686346334990856,3.4391024306448346,3.315276765623949,0.7828613045040866,0.9484573378667932,1.2289906037529184,1.2646763782799988
2014-11-19 01:00:00,DEHM_BD,1.1767362068406118,0.9101700663886404,0.8860454854467102,3.087568731700496,3.7450693394409647,3.5354064131379292,3.419660295614233,0.7759612073053685,1.0220601805967884,1.269381465055123,1.3298990791396423
2014-11-19 02:00:00,DEHM_BD,1.1983638431729189,0.94369277490573,0.8980617879173881,3.0209341712790265,3.799899479845717,3.6008976068050824,3.562197907161356,0.8026285140683169,1.1111450544653367,1.3270227903175726,1.3959482507025451
2014-11-19 03:00:00,DEHM_BD,1.2260152078720181,0.9857367933093686,0.9040902716779069,2.88661067115481,3.919272227652896,3.6779237697380687,3.795826129872604,0.8225451777802872,1.1858628752875326,1.3828162827620656,1.443396812311001
2014-11-19 04:00:00,DEHM_BD,1.25883163889464,1.0378717602383927,0.937495159414534,2.8799250870051925,4.094512554465334,3.7927236707846292,4.023374120589085,0.8464428453578137,1.247505826757569,1.4316770508508756,1.471917115085721
2014-11-19 05:00:00,DEHM_BD,1.3153652406769618,1.1325892751772981,1.0012337949471326,2.932782915389555,4.412568988507865,3.8920499158563673,4.2829394879770994,0.8727267239571384,1.25778635616716,1.4834418324202672,1.4769705060870946
2014-11-19 06:00:00,DEHM_BD,1.397398264288567,1.2352277026325649,1.0482158727707527,3.036926171185057,4.714994453597723,4.046392566589489,4.4151849466244295,0.8770125228228466,1.2956538090508058,1.576739100482762,1.4413570539945737
2014-11-19 07:00:00,DEHM_BD,1.4847235928565636,1.1867462799039739,1.109859923461571,3.154404498412203,4.8548431933604,4.157620443790401,4.34126714207075,0.8421497871422349,1.3140582158539071,1.6592981424289381,1.382243674325645
2014-11-19 08:00:00,DEHM_BD,1.5557443961913138,1.1399536955612584,1.2117405653487148,3.164832105110307,4.757252575681895,4.052132397643262,3.930725354309579,0.8036569240795495,1.292688722064793,1.6749124547701981,1.3047929210767149
2014-11-19 09:00:00,DEHM_BD,1.595279260905739,1.1405505036054575,1.2452246519107582,3.164832105110307,4.757252575681895,4.052132397643262,3.930725354309579,0.8036569240795495,1.292688722064793,1.6552802927602643,1.2463334749568626
2014-11-19 10:00:00,DEHM_BD,1.5806601716380566,1.1350636552456768,1.2225179018188175,3.066551059079525,4.496562896831365,4.038669915278044,3.7190467547946513,0.764044615656333,1.3211977855758368,1.6161615769098792,1.2109457440297677
2014-11-19 11:00:00,DEHM_BD,1.581275982573498,1.1353459243793367,1.1584521366919647,2.873159852513317,4.343017645152231,3.7731257746119513,3.3624891167177804,0.6001793063038448,1.2739462470252065,1.6301402360242792,1.1862800767883286
2014-11-19 12:00:00,DEHM_BD,1.635224372966364,1.1425349532889668,1.085759987238741,2.8198022172767714,4.0091988218354135,3.751246084339308,3.3252930552465654,0.5564460613342467,1.2739984095362575,1.6122506080159171,1.1718987867728992
2014-11-19 13:00:00,DEHM_BD,1.6442371137301577,1.1438661504062684,1.0462192691611383,2.825506956446117,3.920180574891474,3.4295660913721897,3.0355198344392793,0.5434031800887104,1.2672149139938362,1.5341071125643047,1.16238977320645
2014-11-19 14:00:00,DEHM_BD,1.6470134144529327,1.1681588124485645,1.0094527267078353,2.9300898465692233,3.894504888223664,3.344778283282583,3.0173934267549356,0.5438394541410414,1.2606175785250613,1.416164497423265,1.1528326045634039
2014-11-19 15:00:00,DEHM_BD,1.5883313987263386,1.1984158664604698,1.0438294346218149,3.259022585656929,3.9280514685602634,3.5553569335637314,3.2667597737355525,0.5580880039310955,1.270454990561118,1.335132984261727,1.1499453986133634
2014-11-19 16:00:00,DEHM_BD,1.475263828116157,1.2317523811244535,1.0987045397036024,3.5111268300877434,3.9071658392866606,3.7187449661065752,3.423414184983101,0.5743627010359613,1.2598653535302757,1.3481319736026227,1.1452003363574668
2014-11-19 17:00:00,DEHM_BD,1.4021770908677391,1.308155062942956,1.2226662135317123,3.7186681448321233,3.8529381755281307,3.8092939280716136,3.555410511184054,0.5810113681493745,1.2138132703947415,1.4082761929141916,1.1564906758716702
2014-11-19 18:00:00,DEHM_BD,1.4065284774364297,1.3802588999649341,1.2720533141081716,3.88413178525691,3.800280470943301,3.918802371358061,3.7398633127942675,0.5826525614061718,1.1508729607272565,1.4248708518177085,1.1728916551352664
2014-11-19 19:00:00,DEHM_BD,1.4579089236661793,1.3460385639136736,1.2713388462219148,4.001918211835241,3.7604295825754708,4.041849732072514,3.9552583455113632,0.5853355620046052,1.1086541621804935,1.3813454503448679,1.191957512171343
2014-11-19 20:00:00,DEHM_BD,1.4669768504669891,1.2189013961070336,1.2777441523749096,4.0575090433635195,3.8674532508286665,4.179364741947792,4.185163515235199,0.5868706855216668,1.1066392409688093,1.293138553302884,1.2120639211104065
2014-11-19 21:00:00,DEHM_BD,1.4562741702928954,1.166323862443978,1.2958153842513271,4.069484232972986,4.087172582593958,4.332431206378445,4.451152073085019,0.5967360550155489,1.1113345407489315,1.1886407477163523,1.2276275985652951
2014-11-19 22:00:00,DEHM_BD,1.427605634557139,1.1873467493982817,1.3069365402761424,4.062851798385797,4.2600300876033685,4.489018169903061,4.73707951444776,0.6141818285388476,1.1237473498400208,1.0891716464623062,1.2288976174105706
2014-11-19 23:00:00,DEHM_BD,1.3464341811852159,1.1735709144240674,1.343495526213548,4.060845752495856,4.346292488253068,4.667165776743708,4.976670215355378,0.6242307532239273,1.1123397151647136,1.0624832743516937,1.2214382689726353
2014-11-20 00:00:00,DEHM_BD,1.212325193188861,1.1441586046630945,1.3358325048544875,4.128505170926478,4.4623734683345075,4.893953656401589,5.147796594826778,0.6222406781740328,1.0515519769320965,1.0721295282226055,1.2149392687936125
2014-11-20 01:00:00,DEHM_BD,1.097846074764356,1.1157659114027574,1.30253775042071,4.288485606347727,4.54252017454766,5.22504521119662,5.305323601062094,0.6160100274620336,0.9731350628285715,1.0505051166993007,1.191743517408371
2014-11-20 02:00:00,DEHM_BD,1.032721817361228,1.2132225451926923,1.27309750705163,4.551401448769887,4.509462110510106,5.607957757649725,5.4296464926737285,0.6115337147128397,0.931374616064541,1.053185344693805,1.1535279033471644
2014-11-20 03:00:00,DEHM_BD,0.9778148744123428,1.3527435705257616,1.2806460774835757,4.805116867936975,4.724428587881009,5.880672546912827,5.534288799734416,0.6127332456101531,0.9979430556794162,1.0451361043775884,1.10633097570464
2014-11-20 04:00:00,DEHM_BD,0.9557501144258491,1.3059160356240311,1.2693313181359973,4.987050955292634,4.937536881045598,5.866172672934575,5.657430962499222,0.6284382387188606,1.0840648505250736,0.9992183189471369,1.069609510168433
2014-11-20 05:00:00,DEHM_BD,0.9901415800674911,1.2228709030663676,1.2571059955464956,5.125384726382002,5.091413865499105,5.549083030046295,5.736794971398164,0.6387710988690667,1.0721243250336683,0.8845747653817617,1.0439427147455511
2014-11-20 06:00:00,DEHM_BD,0.9995732088844058,1.19954762103942,1.286293549378733,5.191590351251461,5.261728305725706,5.207849317799849,5.62409190023192,0.6426572800966406,0.9985880586960911,0.8033621475490288,1.0287266080471873
2014-11-20 07:00:00,DEHM_BD,0.9815313934334228,1.2626499163849307,1.3498407443165035,5.117973044089031,5.259385229864071,4.793041214513763,5.4252720903905285,0.6510234423092898,0.8988832535907345,0.8112951101547686,1.023915911021009
2014-11-20 08:00:00,DEHM_BD,0.8922342891783756,1.2126553631502675,1.3846776513895995,4.7352405977425045,4.93960080723778,4.427071705861433,5.062171717722923,0.6631279291305392,0.8077172547557763,0.8035280166945363,1.0295690637510269
2014-11-20 09:00:00,DEHM_BD,0.8374864256571396,1.0047951318622188,1.3843060443628046,4.131504468717349,4.655961546332842,4.2259149910381515,4.426673208529545,0.6644496383058054,0.7415299583614803,0.795354357646449,1.0465265700720996
2014-11-20 10:00:00,DEHM_BD,0.8705408828457583,0.9015621758258308,1.3477458427326847,3.5993625215312797,4.48917859791368,3.983413344505025,3.6676187542166394,0.627296270557598,0.6876563313440233,0.7726911166910709,1.0547742173058539
2014-11-20 11:00:00,DEHM_BD,0.87194739947304,0.8817698381447698,1.2901839019758872,3.1874022440113725,4.264794228317944,3.9158455380906165,2.9681936905620407,0.5936982672421549,0.6200711438321693,0.773005513674804,1.0505124953053147
2014-11-20 12:00:00,DEHM_BD,0.8583271235887286,0.8487785879892807,1.2398202888199117,2.9895353740832764,4.018479883419924,3.7410764904691223,2.6034306712236974,0.5703935400199808,0.5414985842634736,0.7795917040797645,1.045416959067285
2014-11-20 13:00:00,DEHM_BD,0.8287807353698583,0.8137561298868292,1.198828732563788,2.927235506354237,3.771807855312171,3.3593818981406676,2.5585582425747,0.5438018147611693,0.49129133076326903,0.7697785064433494,1.0410567303705587
2014-11-20 14:00:00,DEHM_BD,0.812716353808958,0.7994808067603711,1.1769902195778257,2.8243853491667004,3.5575107396228156,2.882506593862082,2.603938170193126,0.5172045753792835,0.4744617823918069,0.7739832175870751,1.0330451866545527
2014-11-20 15:00:00,DEHM_BD,0.8138421058337332,0.8317162049688626,1.2216828134503843,2.808721692115634,3.375682510978037,2.6868716089423854,2.68095815939851,0.5216619950194016,0.4656698799797147,0.7876742929128085,1.0244632550706714
2014-11-20 16:00:00,DEHM_BD,0.8050529595943016,0.9646400856071716,1.298204053821063,2.8406644649181425,3.0967053715497492,2.836326988790221,2.8327152960247517,0.5296856691019737,0.4657360010948265,0.8052188646076972,1.0192449493666738
2014-11-20 17:00:00,DEHM_BD,0.7816834879345201,1.0684579193787882,1.3716778338014561,2.9021657602019344,3.0034013462058327,3.1599377331043157,3.0000150384185025,0.5397190368624357,0.48323384097518846,0.8353213609792034,1.0199510410083084
2014-11-20 18:00:00,DEHM_BD,0.7603449269400152,1.0098849859752226,1.4454700063080783,2.94831724376434,3.3179057773594636,3.4516647843656703,3.090686808287208,0.5583990483751531,0.515202054122606,0.8637864131679233,1.0258715926086903
2014-11-20 19:00:00,DEHM_BD,0.7807303624520986,0.9669600765594792,1.499931134497428,2.9865764703597915,3.804389261679968,3.7438156542332206,3.143256279757319,0.5783889925017336,0.5654861020591824,0.8906105597055624,1.0380210242787749
2014-11-20 20:00:00,DEHM_BD,0.7981286365012277,1.1481497797922486,1.5246285328307678,3.1715919704420097,4.3005829273604,3.9870058806403144,3.327813841299103,0.5880925161063457,0.6335138453516084,0.9131820286100316,1.0512947993116826
2014-11-20 21:00:00,DEHM_BD,0.8142903346261905,1.380961676895919,1.5055445966358691,3.397712048866725,4.66388076179433,4.101785085811898,3.6239965108084427,0.5906220311596,0.7051141742422973,0.9351061424777862,1.0645533288891613
2014-11-20 22:00:00,DEHM_BD,0.8468562146493064,1.6204200857992022,1.6369013506258931,3.5053966740955427,4.815012700576194,4.109079922441217,3.834544842586501,0.5906079203570328,0.758624850716357,0.9555867436780418,1.0799008034395425
2014-11-20 23:00:00,DEHM_BD,0.9079426251375745,1.531240456228084,1.608851036734488,3.4454275106772636,4.736854958921546,4.1282657154728755,3.823296687866111,0.5928531391832456,0.7809608448083649,0.9731186133418069,1.092497089940831
2014-11-21 00:00:00,DEHM_BD,0.9331596397725725,1.234170801099823,1.4498175946475704,3.3730086709325016,4.537941109037418,4.169551748371614,3.772351509049132,0.5952583426670912,0.7798005653993122,0.9916267964495402,1.1028517537810651
2014-11-21 01:00:00,DEHM_BD,0.9378337752938002,1.1039742435863613,1.2649199450109851,3.3210155535203363,4.448385317884377,4.1884626629056605,3.793411871040421,0.6007654671925429,0.7775395311893344,1.0158043635748601,1.1116564668522029
2014-11-21 02:00:00,DEHM_BD,0.9479039400641078,1.0790848235487844,1.1733866112272116,3.2352342044915234,4.541387024158789,4.201831849385958,3.713340082742034,0.6075064939192569,0.7825445469661834,1.0214182266148892,1.1254199947535992
2014-11-21 03:00:00,DEHM_BD,0.9521360018519195,1.081365342128668,1.1388764992978424,3.1681618191722265,4.650369819474388,4.187771540744912,3.637475115926348,0.6109780233113526,0.7884639694341219,1.0032884265934934,1.1412980794186143
2014-11-21 04:00:00,DEHM_BD,0.9329584617742774,1.060925477824579,1.123403364448375,3.0194257924882004,4.699506806089421,4.1552458864903095,3.644208471652024,0.6113005726895668,0.790282340943241,0.963381439648221,1.1641076833645718
2014-11-21 05:00:00,DEHM_BD,0.9545052089921099,0.9772827114392957,1.1459924234581367,2.85147432706228,4.667890819641659,4.080420224578972,3.697422984753153,0.6093846857858489,0.7840640631531872,0.9236550891986235,1.1953611897855112
2014-11-21 06:00:00,DEHM_BD,1.0268809341028506,0.8327242760040888,1.1921264503081956,2.6896497079742736,4.526289840318156,3.9218473769012743,3.7329147010782164,0.603059478196422,0.763728955949803,0.8939077994538361,1.2454523319526178
2014-11-21 07:00:00,DEHM_BD,1.0378560885667376,0.7344858294716406,1.2386909911190194,2.6611640826577716,4.319983903323859,3.771271938804011,3.649596982702663,0.5931424437416634,0.7217707110859912,0.8580117350358814,1.3064297637064755
2014-11-21 08:00:00,DEHM_BD,1.053509519166741,0.675472033005869,1.2263335126670112,2.8220018208461046,4.029327160023688,3.6472950041096865,3.4116153029577854,0.583494155763445,0.6624234043093652,0.8190426462226597,1.36367421439684
2014-11-21 09:00:00,DEHM_BD,1.0679948209055508,0.6820759481965353,1.1255327344663837,3.0474166740161346,3.724771188828244,3.3798055090186105,3.0741866510326616,0.5630172425625468,0.6243935565285309,0.8187480717656176,1.3938175735529792
2014-11-21 10:00:00,DEHM_BD,1.045473628336941,0.7269408653406333,0.993972761855208,3.2247736684837474,3.411667327270133,3.1509532319561906,2.882415989499169,0.531827232389655,0.6118042716326271,0.8580420835549991,1.3971395826547919
2014-11-21 11:00:00,DEHM_BD,1.024334118246599,0.705921444382877,0.8929511582390508,3.176281682287798,3.13191174247375,3.1507069404350574,2.7994451739154274,0.5147529301021818,0.6063534149089085,0.882523138875231,1.3999077390606423
2014-11-21 12:00:00,DEHM_BD,1.0193251779640111,0.615036266503462,0.7822215679160203,3.08590869556315,2.9493246011828527,3.2570594963991875,2.786035323709455,0.5022235148500044,0.6169772434954194,0.8713219048351024,1.3867435813680475
2014-11-21 13:00:00,DEHM_BD,1.016055247823184,0.5363710435911104,0.6892058661448617,3.010661652395362,2.9726879694290367,3.1642202621950952,2.752127628069012,0.4939184877460193,0.5777220944125512,0.84760627909412,1.374858849007599
2014-11-21 14:00:00,DEHM_BD,1.0451301384809346,0.5411372955553815,0.6255657234316225,2.8519971613035655,3.006057062907623,3.0450949105148686,2.703249889125097,0.4785894921848654,0.542870090594717,0.8532400692502533,1.3938021135935559
2014-11-21 15:00:00,DEHM_BD,1.097805021620211,0.678621206463631,0.6240106741279956,2.6477158178509015,3.0044652646323096,3.141772250728577,2.558381837514845,0.4732305850003895,0.5216450734214253,0.8972630613441843,1.3503901275003702
2014-11-21 16:00:00,DEHM_BD,1.2196564966147643,0.8306295258226711,0.6950196060181036,2.6854082627801725,3.103961507157173,3.1937977879565036,2.50613634256792,0.4837574131521553,0.502779899972045,0.936233677447813,1.2360829663029311
2014-11-21 17:00:00,DEHM_BD,1.3631275031861714,0.9452566228687485,0.8275627963571855,2.9006574001573378,3.234345054575109,3.1897292002141286,2.513061686826779,0.503711080479479,0.4944956347723124,0.9604343864492979,1.1104171996088326
2014-11-21 18:00:00,DEHM_BD,1.372502034553909,0.9828024105127666,0.9616499586929474,2.9221047406182903,3.310421612562987,3.2634592081325033,2.6856762928196507,0.5251653150527222,0.49978991043021403,0.9257618865854258,0.9874189927120506
2014-11-21 19:00:00,DEHM_BD,1.4085518005514905,0.9789056276716617,1.0963576140644098,2.8464629242512283,3.4747405489146224,3.5451666631397654,3.1549105549208023,0.5548014938358138,0.5135773412968521,0.8522763494535506,0.848959312506169
2014-11-21 20:00:00,DEHM_BD,1.3875849216744183,0.9711272812446019,1.1970636109705945,3.030203057589296,3.7529965471438462,3.877802571602751,3.5182214311000624,0.5873524109863647,0.5288246239099216,0.7690486763538457,0.7491564063084124
2014-11-21 21:00:00,DEHM_BD,1.3417861123609263,0.9644729767218232,1.2688508832809748,3.1735487329378937,4.040804088291592,3.933745544654159,3.543409327465086,0.6055221489505636,0.5475526572114671,0.7146241648651199,0.6792995368561148
2014-11-21 22:00:00,DEHM_BD,1.2559300478913058,0.9989760986999049,1.3655020843456893,3.3094327320797925,4.136282764561269,3.7973253922091565,3.716292618776243,0.6317268013009096,0.568379677115954,0.6724381722047381,0.616885699454248
2014-11-21 23:00:00,DEHM_BD,1.105710794082034,1.1114086120434616,1.4426204507453064,3.404064446706864,4.068692022624859,3.8086716494178283,3.885356907036659,0.6932183410714566,0.5823796109930875,0.6180084113686092,0.5542163019798695
2014-11-22 00:00:00,DEHM_BD,1.0032611196261796,1.2597526644014614,1.458964752575392,3.4841799594214162,4.094205767204105,3.935959473776004,4.1051808409398935,0.7601190270500269,0.6065048121857312,0.562060707282895,0.5040793714083729
2014-11-22 01:00:00,DEHM_BD,0.9378178780676052,1.4219264481739469,1.4640580521070234,3.534656152352837,4.259850196779174,4.15884131659136,4.260367151025511,0.7789930993580363,0.6388803464950559,0.5401045180319668,0.46467578272417176
2014-11-22 02:00:00,DEHM_BD,0.8996811133307987,1.601862832235894,1.4338419622545386,3.6096477747082902,4.494350623241784,4.383230297229022,4.33092762433567,0.7840565921978792,0.6771887036442117,0.5646940475192737,0.4298831406939401
2014-11-22 03:00:00,DEHM_BD,0.851149811718146,1.8815563926534913,1.4222316747926222,3.64397974277055,4.703118380394852,4.467421814082154,4.346186879320226,0.7936096923760465,0.7069869248812297,0.5737262610884108,0.40600749960266047
2014-11-22 04:00:00,DEHM_BD,0.828430759723757,2.1936295822645535,1.5081866370338342,3.5931856261520445,4.724501262457324,4.494109164442309,4.390996869979213,0.8204034759314487,0.7230317631561168,0.570283671544851,0.3946839839769712
2014-11-22 05:00:00,DEHM_BD,0.7941443877277073,2.4007865521883036,1.6649284291332793,3.5311376828217442,4.6910606785238445,4.506559977874694,4.35231428968041,0.8445059012929397,0.7412188661036401,0.5763526728537591,0.38631365285101804
2014-11-22 06:00:00,DEHM_BD,0.7690828372055233,2.385441340182144,1.9103445205450056,3.5133682841726896,4.69505378218466,4.440863338853961,4.233131948592637,0.8577127860133582,0.765663007891933,0.5995495632796112,0.3812297396468859
2014-11-22 07:00:00,DEHM_BD,0.7593950348231097,2.0994906574168613,2.2939223046740285,3.574515304535371,4.5294733820863815,4.355143296837544,4.07400962319087,0.8514798793681548,0.798958847678295,0.6453757905461126,0.3790241676027256
2014-11-22 08:00:00,DEHM_BD,1.004092044186954,1.6500448805871049,2.6796549537461067,3.6258512832310377,4.261319236634751,4.089688695052589,3.9809283033482243,0.8379419615485262,0.8117109519961592,0.6932821701627178,0.3736797835947351
2014-11-22 09:00:00,DEHM_BD,1.4819215738159839,1.1604175940730794,2.7249851794337525,3.475132151379646,3.848767589596077,3.6846002552842947,3.8609104483963854,0.8002825406552105,0.7341210542883246,0.7147439779756986,0.370373428115209
2014-11-22 10:00:00,DEHM_BD,1.8977474159322494,1.1562190053030406,2.5126256532457143,3.245288850218018,3.310030843881271,3.179702265502325,3.5546717604635742,0.7558232164416695,0.6682385018183081,0.7423378024788829,0.3653396460591193
2014-11-22 11:00:00,DEHM_BD,2.273425967913049,1.3513414588936836,2.590910059681542,3.0341248650966914,2.748585224540213,2.734772933234208,3.1990381273915216,0.718593474232843,0.6166835682827384,0.8520735174601852,0.35467042832473783
2014-11-22 12:00:00,DEHM_BD,2.8459444808003838,2.043420919046315,2.3942139519141628,2.7584823511536767,2.2903867944376826,2.382798454216787,2.8932529052195646,0.6875847327137365,0.5958471570912748,1.1922643245244524,0.34446205981799805
2014-11-22 13:00:00,DEHM_BD,2.239617130907747,2.3730685348885814,2.017474409536892,2.4216041459745883,2.026146881091927,2.1472510443688533,2.573490609347797,0.6585383259271178,0.6008796797260315,1.6331021500765042,0.35422728831937506
2014-11-22 14:00:00,DEHM_BD,1.869513382882158,2.1946744256842985,1.9924077452419884,2.1967738247528503,1.935319371665523,1.983591109512258,2.3297564050281525,0.6385208847116399,0.6396625086253181,1.7057438185619032,0.36213129536698324
2014-11-22 15:00:00,DEHM_BD,1.9685464028147108,2.357894351779506,2.209450161978034,2.2414567980423055,1.9250004536870309,1.8743572257721357,2.2748296368608667,0.6361785556701338,0.6965985741912794,1.5913199765776733,0.3675104943113011
2014-11-22 16:00:00,DEHM_BD,2.560597991848105,2.457517249355373,2.17208684346498,2.24031232284889,1.9386509002191756,1.8783149236354644,2.3389937599071424,0.6671893480945843,0.7634670797595666,1.5524176373451017,0.37881461063708516
2014-11-22 17:00:00,DEHM_BD,2.814153426239438,2.211760147034428,1.94701009998932,2.1532955558219085,2.0211846613645856,2.041633373872137,2.4757843952367184,0.7049009004141669,0.8634153275890241,1.74493021532153,0.3957075071497244
2014-11-22 18:00:00,DEHM_BD,2.3265638273999887,2.265681089217968,1.7524043291321116,2.088290564726912,2.19745072105224,2.26170504123307,2.557129876266668,0.7008173254651575,1.0685125783725176,2.056043476599811,0.41927629287501544
2014-11-22 19:00:00,DEHM_BD,2.2675912996351997,2.2139438493538908,1.937952678706306,2.221709699585658,2.455777986479304,2.543156827878082,2.547888669399796,0.662690060814768,1.2307378562900517,2.1419195224107708,0.4510667056844719
2014-11-22 20:00:00,DEHM_BD,2.0651559778932853,1.836239532732507,2.0051056883843628,2.413498454581979,2.616384927431226,2.7610860907182917,2.6192508482934356,0.6139232522412388,1.32710265104522,1.9662832689913363,0.4886191990680263
2014-11-22 21:00:00,DEHM_BD,1.962454347564485,1.74622678705,2.0319940445079103,2.4755683274419606,2.628100845907659,2.6601135439524533,2.811623908262816,0.5984994857932627,1.3807194415981976,1.6798618322531786,0.5306608867439359
2014-11-22 22:00:00,DEHM_BD,1.8109771013642662,1.4157015346676438,2.301165799686898,2.538109097288987,2.5876393382638203,2.5651876307198487,2.9025998167406932,0.602729115179479,1.395750210148785,1.652273997214817,0.5785367519732065
2014-11-22 23:00:00,DEHM_BD,1.4542370314520225,1.1680897695061645,2.691023539512288,2.530527960756391,2.63985439449117,2.6365148459899324,2.945344893588165,0.5846432916140555,1.4812029942378402,2.106061829991562,0.6292779367322616
2014-11-23 00:00:00,DEHM_BD,1.1219402337739617,1.1810817559941207,3.0876722732039545,2.483337236763379,2.9678766824305756,2.8598619474121056,2.976628185169373,0.6079531207385659,1.5068057866948843,2.386645793805242,0.6830965689365496
2014-11-23 01:00:00,DEHM_BD,0.908056946049258,1.3740810609765353,3.405818232765891,2.4951779463903914,3.2694755989930266,2.9390505771488415,2.94262724908444,0.6538948607575893,1.4385612543616444,2.384572865605936,0.7402710127196501
2014-11-23 02:00:00,DEHM_BD,0.774462027541548,1.7630305818851666,3.592782737192078,2.5550600997792254,3.369569833510914,2.7824630112723976,2.9078712769849355,0.6904670895065366,1.407830397278443,2.460014582203332,0.8063855293395423
2014-11-23 03:00:00,DEHM_BD,0.748602136272043,2.1728499042123977,3.737902371140078,2.4963479555962214,3.2969244955329087,2.570762316398406,2.7730314613065845,0.6949823655840754,1.4979069207994269,2.681624370299139,0.8818388226155005
2014-11-23 04:00:00,DEHM_BD,0.7115374505373089,2.4567061192690955,3.916992267621789,2.3791466233859935,3.2056930698729635,2.3955432784687827,2.5575713651970915,0.6917081048159301,1.5076573610622437,2.8158029415452877,0.9579047894880806
2014-11-23 05:00:00,DEHM_BD,0.736194574623853,2.729898816802483,4.268404069896943,2.338674241245731,3.0852132513833768,2.2174413045096326,2.364360807428233,0.6784157444997132,1.5190231333534419,2.9021508824392828,1.0381223818129575
2014-11-23 06:00:00,DEHM_BD,0.8131136609100176,3.054182421355163,4.772033180273919,2.3863520924872113,2.8457688475948273,1.9608913682667002,2.1996801302756204,0.6579874945133551,1.6436111745402218,3.0774663927032053,1.128281411802146
2014-11-23 07:00:00,DEHM_BD,0.9691086812928691,3.1897745844472896,5.037057700372502,2.4527071545990395,2.427981723917881,1.7543315490533107,2.1218860232636994,0.6495423235513642,2.0201017055878046,3.3879518190889852,1.218950081862249
2014-11-23 08:00:00,DEHM_BD,1.1711369641353562,3.407477896101577,5.01457396079588,2.3629617752436642,2.023690554931378,1.6560831757047425,2.078779625889813,0.7964083579880743,2.354219324459508,3.036373540499951,1.2673882692940066
2014-11-23 09:00:00,DEHM_BD,1.4268744533353486,3.5316463314373516,4.800080120685275,2.0574389198208465,1.6958818501620296,1.544537046629344,1.9515116357639337,1.1144824632900951,2.4975005744965375,2.5951217931900685,1.2582705904423026
2014-11-23 10:00:00,DEHM_BD,1.7454383878629283,3.4342589131914862,4.598747227956438,1.98597596799645,1.5726189418844436,1.4589003201614423,1.7724035834880172,1.4468726209492608,2.8375406769543887,2.3408936112489633,1.2554715032439727
2014-11-23 11:00:00,DEHM_BD,2.0611789752529934,3.5250459051123824,4.432940530303863,1.9178781308076924,1.5274149364534857,1.4454264317409367,1.6514078014005105,1.7173204164292666,3.0569077041289954,2.1698658159834476,1.1830225968326535
2014-11-23 12:00:00,DEHM_BD,2.4096946628123894,3.2358855859988322,4.53840978851089,1.8003549263963476,1.5573207251351677,1.372861235574003,1.5139411743052058,1.8294894288756698,2.844337298491225,2.046964901137588,1.090196422000397
2014-11-23 13:00:00,DEHM_BD,2.5687763944982835,3.6930299937168973,5.091668762323125,1.7039277701743631,1.607208486430978,1.337045777253199,1.5431416975903716,1.672430641693119,2.5082915815747526,1.978357545326046,1.0104851956975645
2014-11-23 14:00:00,DEHM_BD,2.7078062507605645,4.630066955460878,5.024772621885786,1.6322742464279236,1.6458716110811533,1.3000076520811632,1.5927118441203163,1.3978327172403038,2.31712518947348,2.1070979178451594,0.9530307160481997
2014-11-23 15:00:00,DEHM_BD,3.2797297209726093,4.8778285316669105,4.70834864321219,1.7586217362521057,1.7268117329846997,1.3544759008219047,1.7399315779069457,0.9795263839010708,2.2557619866979124,2.1949717071720274,0.9129723375939578
2014-11-23 16:00:00,DEHM_BD,3.501209721847884,4.632949795284639,4.223799951774309,1.7703885907530676,1.8464035706978432,1.468672228193447,1.8476265332363928,0.6967623588040842,2.1332624199146033,2.6146342383944337,0.8830033937273919
2014-11-23 17:00:00,DEHM_BD,3.6313590306970247,4.284920505283869,3.750845328002791,1.735303143749261,2.0034768446841444,1.6668765626113984,2.039003479339981,0.559668896513013,2.023805117945373,3.181584076776467,0.8495538836109637
2014-11-23 18:00:00,DEHM_BD,3.7200041817678007,4.216368617783688,3.606468980925049,1.761413620792324,2.027622042337116,1.9854882134774106,2.1797813657616816,0.4458533177850768,2.058208145331591,3.332667832210287,0.8070789611506461
2014-11-23 19:00:00,DEHM_BD,3.886196845200942,4.254086813435919,3.585337335660418,1.8574228920312184,1.5044383675036508,2.259003208362353,2.17498760320277,0.3207914082096888,2.2730485077647122,3.3135644255147594,0.7788220510545373
2014-11-23 20:00:00,DEHM_BD,4.021501729486626,4.18444328152175,3.4632472363939346,2.0610389322651974,0.5332830142828774,2.2253399363599353,2.5013706937861016,0.22336192132587526,2.6076745973429825,3.2387796899402885,0.7726531741105019
2014-11-23 21:00:00,DEHM_BD,4.05893061832211,4.405167759895231,2.6284121067025024,2.2078653287740995,0.11989720543015737,1.641491944448604,2.8766470143877596,0.1757958643088628,3.0141474906659873,3.100509778456315,0.7878563589280844
2014-11-23 22:00:00,DEHM_BD,4.241704407783346,4.630671111811626,1.8259525187366876,2.5099501141129705,0.05792677726395415,0.6982764937663601,2.824264235866215,0.12275256702991194,3.226493992519453,3.102953112747855,0.8254977324722708
2014-11-23 23:00:00,DEHM_BD,4.427645790775465,4.441103934994591,1.1023727814642597,2.7158031074728326,0.06766398310669682,0.13808345420630982,1.6154692422268142,0.056044339780714325,3.3227117246617377,3.1473461181877926,0.9005996234900504
2014-11-24 00:00:00,DEHM_BD,4.383482584700323,3.519078743164481,0.5284670920098199,1.892096382430239,0.05788198569559481,0.05887929791777553,0.42682376670642286,0.022792579702175943,3.400604739166796,3.1303801512823997,1.0222182298943772
2014-11-24 01:00:00,DEHM_BD,4.322716500704606,2.349456753271934,0.19574563712571044,0.7755907673603208,0.07490717848624087,0.07150415572370152,0.11699198147901052,0.026931251938640863,3.548394601642639,3.2633925017958507,1.2688004975216276
2014-11-24 02:00:00,DEHM_BD,4.001375337329228,1.3635613522262313,0.046682577467429154,0.2382784331451064,0.12621025249702378,0.1713753839117566,0.08424708150618082,0.04695233948038417,3.3739481650123,3.394280668203235,1.7024603499087316
2014-11-24 03:00:00,DEHM_BD,3.4706718449020384,0.6199918460696335,0.021255281933069817,0.11744350494356494,0.18460587235621168,0.3272239942583044,0.0869149520758247,0.053925607679933055,2.7445115398512034,3.2518778553099192,2.151418285420239
2014-11-24 04:00:00,DEHM_BD,3.153705183058195,0.2166557103574834,0.02883762181011781,0.13206217706069726,0.2275914820183441,0.42332809061950427,0.1617916353405889,0.027985635655671214,1.950484701999463,2.9285615844453874,2.2950283723586797
2014-11-24 05:00:00,DEHM_BD,2.549415369541291,0.07998351034287468,0.03380838377974649,0.28620502398223324,0.304634127610498,0.46415959662884204,0.33383028046955265,0.02767988565277287,1.5403445779026583,3.2570782964971663,2.074818021246493
2014-11-24 06:00:00,DEHM_BD,1.392932980482923,0.06167217883016899,0.03633831707522901,0.6065511521702791,0.3356182355516635,0.49374831784871714,0.4523592149415058,0.03087575118290243,1.111989965332048,3.229851957137017,1.8244632088404895
2014-11-24 07:00:00,DEHM_BD,0.18781020986208677,0.07679196404432276,0.04319678235477288,0.7534369709608086,0.3873695405986695,0.5890665404986439,0.5348003620651117,0.0320585284162311,0.6685251169706554,2.946275480867699,1.6692369044955073
2014-11-24 08:00:00,DEHM_BD,0.03180779537397896,0.05824081534011509,0.08451049246500938,0.6343896032406726,0.456421941264721,0.6290089796216831,0.5612567340414574,0.029454621764430595,0.28615213064974865,1.9011486433198301,1.5656199888682365
2014-11-24 09:00:00,DEHM_BD,0.033837592026879894,0.0508512686580689,0.16261179362779712,0.5509778728284629,0.48827635727302166,0.6325985558503924,0.543729383883691,0.027558867842853003,0.10129418865735855,0.5555957247574569,1.515480480106473
2014-11-24 10:00:00,DEHM_BD,0.049008534398374416,0.10315595258893254,0.1421437670100805,0.5427029092022979,0.447150854033958,0.6468531888687831,0.5158309544920274,0.027227681649788085,0.05807456192061748,0.07287091823494983,1.4588836093803494
2014-11-24 11:00:00,DEHM_BD,0.053041827750541205,0.14730529904028164,0.10348533606733645,0.5488798800346254,0.3862178978399605,0.633299294997747,0.5470913623477001,0.02858747286752308,0.054976178997522045,0.05786842165124731,1.3379290131729842
2014-11-24 12:00:00,DEHM_BD,0.06669606923253503,0.13132316147015644,0.07524552696905319,0.5658306424656739,0.3600976317911361,0.6064401986869505,0.5760145248055596,0.03314105178485616,0.059344614698532826,0.08394551882948832,1.1168343173928559
2014-11-24 13:00:00,DEHM_BD,0.1023663469161371,0.09481969148637708,0.058674187942433204,0.5978088488727213,0.3580713874334608,0.5878672001671499,0.6029651646397356,0.03472031667877677,0.06518020573362689,0.08827406565045001,0.8480842603418044
2014-11-24 14:00:00,DEHM_BD,0.13592267974552683,0.073331121711158,0.038507320209894544,0.6706812526639028,0.37774493110934737,0.596521908798397,0.6475434804047551,0.03495710855793077,0.07950214200368136,0.11159180099383205,0.6037308940529543
2014-11-24 15:00:00,DEHM_BD,0.11984739856234274,0.06229492992687543,0.03687486984439524,0.8360296613095614,0.42467753320181023,0.6363446412570407,0.7323461985537542,0.034983839616612396,0.08545620724693859,0.16400162192890175,0.3973284551152819
2014-11-24 16:00:00,DEHM_BD,0.09439268621411626,0.04278257650762695,0.0554358701357385,1.0352055022566347,0.4924594999259453,0.7924262983660655,0.8842760826623963,0.03639903827925196,0.07495948715273276,0.18102792883548174,0.25561696134218703
2014-11-24 17:00:00,DEHM_BD,0.06741841909636492,0.04412353650592255,0.04851335387808727,1.2762780981990136,0.5608732467157754,1.0088246728443047,1.0936372113902093,0.03694941067034594,0.06614729240044001,0.1530644046357354,0.18545601601230668
2014-11-24 18:00:00,DEHM_BD,0.05105212720670482,0.07642830615488949,0.0429951140462233,1.5557390897611107,0.6086987691052677,1.2457577390692935,1.3582973443820026,0.037030250283898586,0.0608279927342756,0.11640666837773864,0.1602014766063959
2014-11-24 19:00:00,DEHM_BD,0.045878852463599726,0.1255474269737954,0.03884560020176101,1.8434563127166743,0.6357012047328916,1.4177351300847951,1.5624797519147442,0.037525890275607675,0.05238272912202387,0.10047417114486909,0.1556825510785797
2014-11-24 20:00:00,DEHM_BD,0.04933618863681205,0.11936543183674558,0.042485061001614505,2.1031928582186588,0.675512736286543,1.5451536077419343,1.6860499410647387,0.03786643138345319,0.04234967263226382,0.0843984738639787,0.14492790927086827
2014-11-24 21:00:00,DEHM_BD,0.05593232433821523,0.09902779301147892,0.04540362751155138,2.4103476744801524,0.7361607385000772,1.7219387177499967,1.809636392941719,0.037444116720501186,0.03748247910638318,0.08421816109534339,0.1229935314070014
2014-11-24 22:00:00,DEHM_BD,0.06835629246972957,0.09590026177783954,0.05147962403623606,2.688994813933855,0.8024603762697196,1.9280775247200834,1.887491238974026,0.03694113474793714,0.03444862194651728,0.12203702367226926,0.10913841744560739
2014-11-24 23:00:00,DEHM_BD,0.08008983327430183,0.09232846419006559,0.05568513535829483,2.8555387226478803,0.9073310299098165,2.1284780914926587,1.9662731978147872,0.036635158133340215,0.026894813430763814,0.14089573872922734,0.1114078930999372
2014-11-25 00:00:00,DEHM_BD,0.07178059650354077,0.0919922270734514,0.060233420766494156,2.9456952167504133,1.0552991317767744,2.3076432144910513,2.0495519887379743,0.03619279168775293,0.02375278026305862,0.11907425034518582,0.12791212419253412
2014-11-25 01:00:00,DEHM_BD,0.06319438416003233,0.0953855502615494,0.06516959341258724,2.9943869681317388,1.2375059474148786,2.452068660988093,2.1538819128372975,0.036365299241489166,0.02222375573355091,0.10037746259382793,0.1537483770977133
2014-11-25 02:00:00,DEHM_BD,0.060049796890178475,0.09788873996993974,0.06917372149651975,2.9959205834197493,1.4414970678004715,2.5671850995556946,2.2803293776131706,0.03833226117101721,0.023219675077268635,0.090955437275036,0.17471846040651257
2014-11-25 03:00:00,DEHM_BD,0.0612199501457622,0.1005879087896771,0.0746302485396049,3.0564327915954213,1.6778252251502406,2.677079177140858,2.4195877901595693,0.04242129596123225,0.026735225753522416,0.09523182100674588,0.19627165517549605
2014-11-25 04:00:00,DEHM_BD,0.06237263799872233,0.10759643178560052,0.08697722172408355,3.190651071135163,1.934307241282873,2.7541035348867267,2.550164168198086,0.04760043083333159,0.03309679213458005,0.09919692053941061,0.2237138240495053
2014-11-25 05:00:00,DEHM_BD,0.0659467116968705,0.11271598648185362,0.10453971018795376,3.3315018954779094,2.1442512393728737,2.7782032009817494,2.615775850869222,0.05294569923880499,0.03973981160036803,0.10645033527033393,0.234485625300822
2014-11-25 06:00:00,DEHM_BD,0.07384590281870207,0.1144140882972813,0.10367080654550564,3.4372947810134664,2.259768683746783,2.8143321989973757,2.784689773956958,0.05792882059227424,0.04818313409213885,0.11517031878048534,0.2283741342096734
2014-11-25 07:00:00,DEHM_BD,0.08517111666429782,0.12145635178941519,0.10872415862617545,3.3607858236264083,2.2941040146873,2.854014142229531,3.0368975667568296,0.06292869814583088,0.06612251291031232,0.12324116943346322,0.20366677200787578
2014-11-25 08:00:00,DEHM_BD,0.09708247734485181,0.15008961323392567,0.16809683119967567,3.1850860768822944,2.2444903013678825,2.7905541451373326,3.0975920312854446,0.06825163628508084,0.08534983539818441,0.12979395267463273,0.1646449575170385
2014-11-25 09:00:00,DEHM_BD,0.10005970676198585,0.17307759420876018,0.2127217779721179,2.9878505638273554,2.1267729283655665,2.704338377628791,2.955456306393079,0.07313520036814607,0.07755563110683542,0.14978297532118848,0.12017035556589034
2014-11-25 10:00:00,DEHM_BD,0.09956889110801725,0.18629203965129315,0.19712354915000957,2.8824537097193272,2.0569153512986285,2.6383422210158636,2.8138435412828446,0.08122191303745824,0.06738548077657175,0.17290309273269716,0.09645859138600921
2014-11-25 11:00:00,DEHM_BD,0.10256889799112436,0.19880838829980563,0.18056067140888643,2.7065874435616157,2.0192466379621448,2.5815936593190996,2.6312922026188024,0.08891627048426759,0.07120259658525482,0.18752917262479646,0.07825125601114279
2014-11-25 12:00:00,DEHM_BD,0.10410132370795107,0.2099815684007258,0.2111243679008865,2.438305069532035,2.0723937107304753,2.494233940840079,2.397821491715402,0.09638075918214388,0.08606201574272812,0.20003084626077194,0.06468148551879982
2014-11-25 13:00:00,DEHM_BD,0.10536633419218458,0.2259685525046113,0.26506142643159475,2.11918872851037,2.088879142907385,2.354785916488658,2.1950506090070157,0.10904254299717937,0.11119025880132712,0.22262589533081734,0.059872449956842294
2014-11-25 14:00:00,DEHM_BD,0.11850502020859616,0.25462513659836356,0.29954816879976054,1.8138781508994892,2.0784900552493775,2.2434611731574767,2.006689403638545,0.1296855790708679,0.13776002658370867,0.24150425512975066,0.05893797895039196
2014-11-25 15:00:00,DEHM_BD,0.13596711334696956,0.3039598812080255,0.3885956539386324,1.6295101642150267,1.9852749523740203,2.1457981216155595,1.7211470630229637,0.14851889789826228,0.1662946960861979,0.2664971345273893,0.06272049735852257
2014-11-25 16:00:00,DEHM_BD,0.14004797309793066,0.3649806614178581,0.4906705035273077,1.6375991535211354,1.7860464744241897,2.077318613438027,1.7548501087225843,0.14661836354771146,0.17805295614603886,0.3104878271804842,0.07059674637214494
2014-11-25 17:00:00,DEHM_BD,0.16188243543106115,0.49044648068534674,0.5713229172971193,1.5968741924185272,1.9600924871817813,2.00624185216342,1.8988097105627995,0.12887130330284574,0.19330271104417734,0.3679108781630358,0.08008003757715691
2014-11-25 18:00:00,DEHM_BD,0.20369529431643885,0.6653001118634081,0.645972633826062,1.5041989021000801,2.1317920142961477,2.084057455580587,1.9353468126085005,0.1185474293466098,0.21700422901868802,0.44375336475560134,0.08843297632049495
2014-11-25 19:00:00,DEHM_BD,0.21498421922271127,0.7819078896017884,0.7071786010315361,1.5631986409513174,2.313961708851296,2.123753872637171,1.9716220687585766,0.1117823555687627,0.25784076375771303,0.534914106905072,0.09394932942108061
2014-11-25 20:00:00,DEHM_BD,0.2049710156057634,0.8833995655175624,0.7396431908593281,1.648078620403907,2.3612148159839585,2.160272965236122,2.004850640710252,0.09894316176194687,0.3060460675660146,0.6007104954804512,0.09679890691666142
2014-11-25 21:00:00,DEHM_BD,0.21793645060532713,0.9375339514470147,0.7544849355836771,1.7902719742201734,2.3666038620691423,2.2579820380378375,2.1219640050361184,0.08462919924810987,0.3442848693225903,0.628759893058965,0.09858990628226674
2014-11-25 22:00:00,DEHM_BD,0.24965743744864582,0.9797700313040614,0.7650717157356162,1.9627536579600255,2.4563461419729746,2.4121321113269687,2.3117520614901412,0.07057420353339969,0.3880079553844033,0.6532257406950811,0.09949179308152573
2014-11-25 23:00:00,DEHM_BD,0.2991561673414287,1.0272340723409223,0.7777464696896541,2.1317038493228657,2.6394705206078197,2.5454125808559915,2.507443143335874,0.06253874714408987,0.4656497940659522,0.6746864549312134,0.09993580574559346
2014-11-26 00:00:00,DEHM_BD,0.35039316097007583,1.0505095990526396,0.791221522218918,2.2395426149765374,2.81296142782839,2.6723496892160226,2.6740599867951547,0.06103878414209688,0.5700822368956355,0.7337439063944946,0.10083333683266624
2014-11-26 01:00:00,DEHM_BD,0.4156911905995476,1.0595924375746306,0.7981845662171021,2.32792813445495,2.949332283051051,2.8044128723963304,2.8032688658451894,0.066559973283063,0.6647317240536958,0.9045694475646642,0.10504778361585967
2014-11-26 02:00:00,DEHM_BD,0.4460747120728622,1.0115117322809994,0.7892535127960354,2.4440908525990066,3.0854513684391414,2.9340096490573604,2.8756077071641344,0.07724802782903831,0.7197900404070315,1.1528736252592457,0.11061580019891756
2014-11-26 03:00:00,DEHM_BD,0.45511714879861087,0.9428166154948062,0.7598473712643607,2.50463459959744,3.2064136350456116,3.0334640750658624,3.004715773220331,0.08285977683947643,0.753465829247385,1.3622911631309242,0.11479731494270401
2014-11-26 04:00:00,DEHM_BD,0.46123981107456613,0.9310444461592287,0.7262172911401977,2.5038442845020463,3.3001157682819104,3.071342559423227,3.027466997025339,0.08584945943201182,0.7853852696008978,1.4969900971062016,0.11672491306462356
2014-11-26 05:00:00,DEHM_BD,0.5064952602348849,1.0867669527145474,0.6040642125137569,2.456889494225504,3.3165878858241253,3.06400368519984,2.8893899780078938,0.110161579720525,0.8159887421029061,1.586163089001551,0.11724909117697105
2014-11-26 06:00:00,DEHM_BD,0.5912859436060487,1.3187745857324358,0.5671808823981438,2.396863048066157,3.2791463701112615,3.0089716436958533,2.654835538117447,0.14347670287746286,0.8541157775440067,1.6382725335107697,0.11830003440842173
2014-11-26 07:00:00,DEHM_BD,0.6859352575454023,1.31442516515119,0.7506929727134819,2.350471752326202,3.1786322017038335,2.9657034035157173,2.503796657185015,0.15866641591908687,0.9042390146555006,1.6281927529318327,0.12027392041529864
2014-11-26 08:00:00,DEHM_BD,0.7615267686007449,1.1781110687071736,0.916344162840693,2.393420264361359,3.0365542320334846,2.8908681715901428,2.4289519293844,0.1743393682110167,0.9483385827736929,1.5185390870627098,0.11907251234374605
2014-11-26 09:00:00,DEHM_BD,0.8334742474858089,0.9866016440552192,1.0485993121229997,2.4561276725286163,2.877828564015921,2.8348146607798705,2.391081843342544,0.19351453208692027,0.9487193148673698,1.3464859200560557,0.1094588592385845
2014-11-26 10:00:00,DEHM_BD,0.9089169039534777,0.8442230847495048,1.0876826822095738,2.484677233062179,2.8191983896312167,2.785046179998033,2.4165009364766536,0.2057143064155559,0.9008496638991126,1.1633359273996735,0.10073246025773686
2014-11-26 11:00:00,DEHM_BD,0.9030116679520905,0.8258941448286361,1.0659923706683703,2.517812175655741,2.801467112206388,2.7654148960944083,2.484456817586945,0.20145796173526892,0.8464438639324809,0.9898094659068986,0.09864302928088393
2014-11-26 12:00:00,DEHM_BD,0.9516716892986743,0.9225244920076522,0.9724749121501296,2.5461842991018955,2.802136083153411,2.7818245494323093,2.5301020745838123,0.20238811535531534,0.7765381121128472,0.8836677243718409,0.09886316312901192
2014-11-26 13:00:00,DEHM_BD,1.0849867301471716,1.013513306608172,1.1441477984656019,2.561393520116114,2.8265924504353026,2.7870301645446123,2.598279935099871,0.19905257776744673,0.7669967828672517,0.8126807635512835,0.10076436162232304
2014-11-26 14:00:00,DEHM_BD,1.1856233495094068,0.9873632419019658,1.4299165918199206,2.584696718267027,2.8517227368319302,2.809557197315851,2.6634043826815534,0.19072555074682498,0.8195224593116178,0.7515132344075416,0.10443584002029489
2014-11-26 15:00:00,DEHM_BD,1.3035916166908665,0.9507321451311233,1.5696237200731782,2.608378259630984,2.912038713114483,2.927516695589389,2.7417447105604484,0.18732782776261364,0.8486984545923303,0.7483126913148452,0.11206076192181318
2014-11-26 16:00:00,DEHM_BD,1.4599956940504724,1.08892192687721,1.4854037587183713,2.5980859817982127,3.0372404686793595,3.045224025534501,2.7929728749929166,0.19111275510179598,0.8406580936075094,0.7780197183288557,0.1209891354582504
2014-11-26 17:00:00,DEHM_BD,1.6155916796499887,1.2938267225040958,1.4674704968556762,2.695493585843165,3.194462694865769,3.199137505961096,2.82901822261792,0.20894672995188154,0.8373098773231402,0.8714298311770905,0.13570620042635348
2014-11-26 18:00:00,DEHM_BD,1.7352507886670248,1.5190058557367419,1.6308387168474168,2.779349628283085,3.4054681458807936,3.3750008598016343,2.978423717859013,0.23902044845612208,0.8311058481314498,0.9616941784290061,0.15252312602825205
2014-11-26 19:00:00,DEHM_BD,1.7827220516821143,1.684431938920738,1.694672615807913,2.804717496026725,3.588189823747199,3.492224269045402,3.239548653624081,0.2825746773076676,0.8008749969936395,1.0509609578291117,0.16619657027785645
2014-11-26 20:00:00,DEHM_BD,1.7999028037514417,1.8545522522990403,1.6650724799740777,2.8209594805367777,3.664598516713068,3.4355736453128034,3.3556137422581003,0.32746340532607005,0.7543895117524264,1.121848217877508,0.17887483241123595
2014-11-26 21:00:00,DEHM_BD,1.9389588758304621,2.0892453866784555,1.5528301197957806,2.8245573554966366,3.481066009856472,3.2818708154254614,3.3426380804315343,0.3735813327251629,0.7282736294693313,1.2824110936543043,0.19546405453255394
2014-11-26 22:00:00,DEHM_BD,1.885917565112561,2.250105121882036,1.4740564407436083,2.8100513051133658,3.219568404460356,3.1165243665505074,3.29517859539099,0.4292728984568571,0.7057516703483986,1.2967160799492194,0.21537885876259288
2014-11-26 23:00:00,DEHM_BD,1.770440889269756,2.1751770122382603,1.4270020506255237,2.8108649261969623,3.04592884643781,2.9588965219560133,3.2788228851237715,0.4812370983297737,0.6757772841678885,1.0008012060382125,0.2348470907033001
2014-11-27 00:00:00,DEHM_BD,1.5984204227394239,2.0746135759500413,1.5326615458456054,2.805729425305408,2.927591728902748,2.850757978067643,3.2578800764970746,0.5169167529947286,0.6278096793414059,0.9326609557417024,0.2533314309665746
2014-11-27 01:00:00,DEHM_BD,1.3062756237735227,2.068117447791025,1.677400599270612,2.7907218533109064,2.8028562398485257,2.794256032817322,3.2490025550953003,0.5366624133000871,0.5674847227062247,0.9216131332084205,0.2708835817117988
2014-11-27 02:00:00,DEHM_BD,1.1972719314056262,2.128531543228291,1.7389128452482445,2.7579365034497383,2.711775140151456,2.7901460960083204,3.223865254969942,0.5274076200536917,0.4983219159903517,0.9121998821804308,0.29299073181607754
2014-11-27 03:00:00,DEHM_BD,0.9839892468561976,2.1047415554390474,1.8473818650430163,2.708241268243734,2.7281039060102423,2.816755910048256,3.2126371185677165,0.4990801787383853,0.4475777885973971,0.9124481917422136,0.31611247835677103
2014-11-27 04:00:00,DEHM_BD,0.9261418574721738,2.086740031460077,2.0266878271129354,2.6872695343065915,2.801482074239699,2.8416495639173185,3.1637176973256174,0.4801635575230232,0.4528764475485426,0.7988397636620979,0.34251525168908753
2014-11-27 05:00:00,DEHM_BD,1.053222821275536,1.90517035668388,2.3015267576768808,2.7749083307322344,2.8965079001120344,2.8532493356231794,3.103679644626208,0.4532482208556309,0.4589726258259865,0.6990355787768285,0.375179754372239
2014-11-27 06:00:00,DEHM_BD,1.1931168105030432,1.581658155509904,2.5191621126776935,2.8981501784927244,2.9185412256583323,2.840735887517465,3.106775896384031,0.4359529470317064,0.43540008021615734,0.7742589066191297,0.4142611624065877
2014-11-27 07:00:00,DEHM_BD,1.30847500592418,1.4414054947543145,2.742573956477093,3.015462527057025,2.892378702805921,2.841685642980414,3.1713047637963654,0.40267961953273956,0.4141999075531143,1.0285989614632074,0.4618742863429057
2014-11-27 08:00:00,DEHM_BD,1.6356787060958147,1.438064491002783,2.9402766259891733,3.068126889249381,2.822594033977599,2.8173609319537096,3.2321996740326076,0.37132543434692533,0.4060959682199988,1.2282131549792177,0.505550554750515
2014-11-27 09:00:00,DEHM_BD,2.2755562794151154,1.5310875554405898,3.009751903260648,2.9473381974534782,2.632773416868373,2.6865486680896353,3.15515898119076,0.3400672030733618,0.4044131133680696,1.3829844385668821,0.5222965843659639
2014-11-27 10:00:00,DEHM_BD,2.6802910085564102,1.8963563476572187,2.89909546555683,2.9294390032398883,2.4306509814604613,2.5897905696048116,3.05464914922826,0.31575360830720967,0.40440723076689966,1.5381682408129145,0.5159521215770859
2014-11-27 11:00:00,DEHM_BD,2.9033100764876605,2.1013153695072235,2.8172075836185737,2.957924309109967,2.405344551263518,2.521468639626857,3.024518062148667,0.30452238286969247,0.3679212146735004,1.5704432634089516,0.5160533272126502
2014-11-27 12:00:00,DEHM_BD,3.231119233272225,2.0627671998310095,2.855481509075202,2.9223628867914213,2.4448678398301174,2.527498052350574,3.0658769672574016,0.304047832169216,0.3439764767160918,1.5015155015072739,0.5218111132581672
2014-11-27 13:00:00,DEHM_BD,3.566458744218573,1.9527612779724597,2.876857698813267,2.800046448991714,2.4654598418040647,2.536103260581648,3.0782030222507224,0.3044175502042471,0.3490392900487732,1.5908887831415701,0.5312193987314169
2014-11-27 14:00:00,DEHM_BD,3.7354727097176763,2.0612009547668695,2.673227241107896,2.6976087396943935,2.575248397059267,2.560224921275556,2.9635074490093958,0.31679774999356813,0.31309844386949487,1.8040380914271066,0.5470916961553016
2014-11-27 15:00:00,DEHM_BD,3.521898556837142,2.23096491736114,2.4172461243881287,2.660883692394659,2.6474054759730117,2.7235237614822783,2.745664672142356,0.3322780079704428,0.27599745024316924,1.981106766412519,0.5498016351449908
2014-11-27 16:00:00,DEHM_BD,3.3483946091959256,2.242328630082607,2.396049543048888,2.668742366510974,2.7592883013430303,2.90623008314778,2.7171954121306854,0.3335466632275654,0.25853339470845466,2.221433578809947,0.5519322696975291
2014-11-27 17:00:00,DEHM_BD,3.2830381528414785,2.2951477202546595,2.3656706045186517,2.7325450478847513,2.9710901696847545,3.0532859602471056,2.8826285135179988,0.3247209819940197,0.25351564433190027,2.417111753894426,0.5492019006522092
2014-11-27 18:00:00,DEHM_BD,3.262253864334226,2.2841622260570524,2.366346208563298,2.717934587590606,3.1697512422058747,3.1449133195808296,3.075432037619287,0.322483790873643,0.2514520224892661,2.455219707800299,0.5467214102231897
2014-11-27 19:00:00,DEHM_BD,3.0477518976583333,2.2537729581964014,2.355048423061073,2.6753963951811066,3.3051547175447036,3.1780451536539367,3.1888770824239936,0.3466980347699392,0.267685719046874,2.509645345209539,0.5433913686130195
2014-11-27 20:00:00,DEHM_BD,2.8368781784341115,2.206178589379191,2.293655085063279,2.678294095926332,3.3749010137521207,3.0421933938966803,3.203219643424395,0.3716094323192629,0.3627972126590142,2.264576085475199,0.5350521464690564
2014-11-27 21:00:00,DEHM_BD,2.6269231543417275,2.085529009981155,2.1168929132956262,2.751278900380052,3.301111739478728,2.813225450288864,3.1721438365121983,0.3921693263824469,0.5274088158858439,1.840155187161416,0.5250752551265945
2014-11-27 22:00:00,DEHM_BD,2.33252337671712,1.951074562715292,2.050486046829522,2.801993629660152,3.071167326160264,2.6618070980691826,3.151460470451398,0.4194398925724065,0.5175197348895062,1.4812490404509007,0.5127220207400153
2014-11-27 23:00:00,DEHM_BD,1.9163796845222265,2.0522020721554757,2.031491697292328,2.803054957132787,2.873152990128735,2.6195912764212093,3.168470184432832,0.4380731054770387,0.44980094618488553,1.21154693817839,0.4968485256458166
2014-11-28 00:00:00,DEHM_BD,1.4643663629541548,2.4689461419063807,2.214125802332461,2.847114483978251,2.802570531488168,2.6348265338620256,3.2054806086828074,0.44214954752963037,0.4204200407857819,1.2366587615769358,0.48295212489523687
2014-11-28 01:00:00,DEHM_BD,1.2262505511329322,2.6204938514605165,2.5498864801003034,2.980673155697071,2.782530761542583,2.647870257473274,3.255624656662267,0.45364719000019116,0.42513464050582606,1.500952350888178,0.4804739348955591
2014-11-28 02:00:00,DEHM_BD,1.274333056755066,2.1592900465417655,2.8432195143802463,3.190720645002133,2.750200112872571,2.6559026081349697,3.391313198646641,0.4744267487875744,0.41565302304156126,1.6974103710880504,0.4821246925658079
2014-11-28 03:00:00,DEHM_BD,1.4313068648698926,1.6752735710362718,2.81694411472097,3.45675632173439,2.6495514742619473,2.767976694197278,3.623642185488904,0.4751692568144201,0.38083098422963146,1.7528266515964643,0.48670428539117794
2014-11-28 04:00:00,DEHM_BD,1.6099907529986277,1.5486824359061568,2.5952204675473274,3.6931077226428197,2.604695754192348,2.949910275019071,3.8870770278044584,0.49032312297306946,0.3659083032544702,1.918978834736086,0.4996719260123557
2014-11-28 05:00:00,DEHM_BD,2.0267315417428313,1.5959861148753762,2.401442234493792,3.840203398280424,2.8090360583775773,3.2616813547141064,4.139220965670929,0.517371530130878,0.40936524654043827,1.9892566695542446,0.5249044974856729
2014-11-28 06:00:00,DEHM_BD,2.438260278882757,1.6600721500255913,2.3869152394472435,4.0057515451819565,3.116503209140492,3.7097898749562512,4.327540275630946,0.5150589702326058,0.4844512576349079,1.7641124000209942,0.5788085120626911
2014-11-28 07:00:00,DEHM_BD,2.336276227170993,1.7746285785340148,2.2655935756098478,4.1502770257172354,3.5619361252281534,3.9360694864117276,4.45760043722936,0.4699375614217668,0.5720318112984671,1.6359156718409154,0.6581366810402647
2014-11-28 08:00:00,DEHM_BD,2.0422535103562196,1.9641484448796138,1.8161565335870908,4.046610656356341,3.7868168303311642,3.814271431735773,4.169251292136744,0.41528450642220666,0.6326310793971643,1.6556303437407967,0.7140026652373233
2014-11-28 09:00:00,DEHM_BD,1.894604446244817,2.1654443746333008,1.5478465988276526,3.8068000668757316,3.6361875648314923,3.580537788587414,4.006792207765155,0.3676272922841458,0.6686808972343614,2.294395784545988,0.7089215230319648
2014-11-28 10:00:00,DEHM_BD,1.9006898860368693,2.217996658979505,1.4715227602279186,3.4216926449259377,3.3631670915764307,3.2571040542923013,3.7432403448563725,0.3384501124159991,0.767921586875394,2.4179321355010384,0.7229928228797668
2014-11-28 11:00:00,DEHM_BD,1.848592594280094,1.8287528715223913,1.657724353203401,2.856809612376265,3.0235853795631202,3.4500444134222006,3.210122309568634,0.3090379336531832,0.9130775391344725,2.2663771952223035,0.7605444307482707
2014-11-28 12:00:00,DEHM_BD,1.9005111025153287,1.388473172017727,1.9363615944317356,2.3465055778938804,3.1277762548138437,3.379187133051293,2.7601723276465187,0.344369113677889,0.9806391969320363,2.044681038803235,0.81487381917282
2014-11-28 13:00:00,DEHM_BD,1.9668325986009836,1.342144801493939,1.9699188354684132,2.0357622389239163,3.344029652548452,2.908171812172308,2.467385081756894,0.4620641753996908,0.9998193753458093,2.0623446712854134,0.8933685327773262
2014-11-28 14:00:00,DEHM_BD,2.066668376172334,1.4707801582218125,1.8944815703898388,1.8097455788490513,2.9426488933020623,2.5371164079834316,2.2360861865667148,0.5437763844349979,1.0426361429560371,2.1061884943067284,0.9923300976288132
2014-11-28 15:00:00,DEHM_BD,1.998333160912022,1.692953426772421,1.6863056614801941,1.647966547292856,2.5761192301502995,2.382459297140172,2.0671113115872632,0.5719215243494511,1.0928710407534241,2.0665599706725777,1.113018648060048
2014-11-28 16:00:00,DEHM_BD,2.05648728175655,1.6716994978904351,1.6093250124786516,1.7175360976927843,2.4375889425925266,2.2367550830309657,2.0875320554969083,0.5999041963014007,1.0857330079764314,1.9803644370584563,1.2371044571752567
2014-11-28 17:00:00,DEHM_BD,2.13555709541291,1.6568622257504146,1.4957453329131938,2.080987959927479,2.4294913762938113,2.1669140714742414,2.3924577790785726,0.6572517362858354,1.0279998447654024,2.002354594530277,1.3662639466633646
2014-11-28 18:00:00,DEHM_BD,2.1072557131916287,1.6366826079858097,1.5190263190864028,2.3395344328532435,2.516573525611886,2.4160063368467917,2.6675051609592035,0.7401485942002013,0.9858040148534438,1.9906844168386233,1.486395141293658
2014-11-28 19:00:00,DEHM_BD,2.0456025987750293,1.760842248312626,1.7649229682942482,2.4798157222308954,2.761291459906816,2.761000126158498,2.7004022268690235,0.846649906444866,1.03544229274638,2.0615443550189583,1.6022846717383248
2014-11-28 20:00:00,DEHM_BD,2.1300110281580684,1.904623224721849,1.9518571925854682,2.531373423313291,2.9527986747085206,2.8712544240093956,2.763799048552243,0.9567678333555534,1.180585526651479,2.1541993888715654,1.7409461028578506
2014-11-28 21:00:00,DEHM_BD,2.329772797867656,2.0009969837694617,2.1361661536493894,2.4485426371684533,3.0396925782347193,2.9527996801571597,2.8271561016644,1.0344398892775923,1.335309460018538,2.311343970057517,1.8107293110724165
2014-11-28 22:00:00,DEHM_BD,2.747049262804091,2.056535457682908,2.264694724479318,2.503075161048118,3.0965931000072935,3.0045769854079722,2.89158449154096,1.0663856359535828,1.4258615134193189,2.513783253322989,1.8314771293440835
2014-11-28 23:00:00,DEHM_BD,3.115439819258899,2.1646563651106505,2.2096105384057765,2.5381940556881775,3.149897375569479,3.0284169751863415,2.930225002269786,1.0585904114036633,1.452994686659714,2.588500067764521,1.8232788361172005
2014-11-29 00:00:00,DEHM_BD,3.1067364751004236,2.4168671497497707,2.1993145742359754,2.6058396662636962,3.1933908107865205,3.0658603827733453,3.0250119715325754,0.9952993831490724,1.4606047852875665,2.6005162531710417,1.8051124336120115
2014-11-29 01:00:00,DEHM_BD,2.9472574895424954,2.6205013200933114,2.1670761579512803,2.6259234466710457,3.2453239946987926,3.115265453470247,3.110862505270941,0.9177100267669558,1.4456179264018871,2.6078021117173877,1.7747468320246784
2014-11-29 02:00:00,DEHM_BD,2.740092604856305,2.6784576924533257,2.1200446161331232,2.6349901668351086,3.3214408009575633,3.163515250978391,3.134702131593798,0.8582835143467782,1.4294140495909007,2.6006390625415188,1.728229158653766
2014-11-29 03:00:00,DEHM_BD,2.629862118234616,2.7435962156838087,2.1294175729987392,2.6113765996319307,3.3651613063264474,3.17456897293677,3.1057765286740473,0.849047619941309,1.400680424768664,2.5730922939804475,1.6671269341269135
2014-11-29 04:00:00,DEHM_BD,2.7802611325959115,2.6597527730278,2.14697304493133,2.556516963322819,3.3706933248814073,3.1484881367539557,3.0334405546588847,0.8555575188839435,1.460668367530089,2.613449070109521,1.6068428299051525
2014-11-29 05:00:00,DEHM_BD,3.0337353098606883,2.535518660497314,2.131068519179821,2.505704726696012,3.3416853159839475,3.093771167719346,2.9771954663711364,0.871139148673117,1.555708193136435,2.8628890182165256,1.5537965193179994
2014-11-29 06:00:00,DEHM_BD,3.335372216274887,2.635990447382305,2.2687219051752985,2.5032122999947832,3.308903512927252,3.0097302703567825,2.9394692595176934,0.900570999944508,1.6073247310092347,3.1019730849103486,1.518908500541076
2014-11-29 07:00:00,DEHM_BD,3.7451983322411735,2.893056579655702,2.55950345980268,2.479967962729944,3.2468556792307925,2.9326748889135925,2.8671772890215688,0.9858106239514051,1.6923683053383556,3.1161471430406964,1.5020764100867137
2014-11-29 08:00:00,DEHM_BD,3.9022521741987957,3.03265106321102,2.892018718787134,2.4094550030771407,3.1426135807179403,2.859561069970649,2.7335723538262946,1.0742715453636646,1.805281400952337,2.9314361832869165,1.502565751759261
2014-11-29 09:00:00,DEHM_BD,3.677228576935558,3.000323038935587,3.0864304471012205,2.3152923635037372,2.972987471416272,2.717084623524218,2.5468175793859675,1.0941265431945024,2.0352070109279916,3.005522928337717,1.5120564661397786
2014-11-29 10:00:00,DEHM_BD,3.21950536691783,2.63307443464011,3.1323626625077425,2.2768454798718807,2.7763783498944212,2.599821528491394,2.4053019682466132,1.0925928436401486,2.1084823551455143,2.7792987885592506,1.5223806349268183
2014-11-29 11:00:00,DEHM_BD,2.7671186005926134,2.4343655187445883,2.9609807021534444,2.3050751196418133,2.6145860567723633,2.535369519557681,2.2864987836684247,1.1343640195736289,2.077701958340686,2.4780951203565946,1.52973555271307
2014-11-29 12:00:00,DEHM_BD,2.4961652177484335,2.36788965752095,2.7682109159615633,2.241396193025429,2.512524639736897,2.4714824138915468,2.201187189348228,1.21789164239645,1.979115675855875,2.350063840860841,1.5345534864011965
2014-11-29 13:00:00,DEHM_BD,2.324382888415977,2.384249883096814,2.6991035067576172,2.121979679375482,2.453009898603234,2.4271904790588685,2.1117580941420546,1.3539155265348404,1.789971352084726,2.22257164452557,1.5787445204861463
2014-11-29 14:00:00,DEHM_BD,2.2713090423370152,2.3191641358919446,2.7488144471709433,2.0195148368169398,2.404786352579073,2.362971253633515,2.0457253747285007,1.457949487911053,1.6718706283071265,2.1271425416663647,1.6200657700113532
2014-11-29 15:00:00,DEHM_BD,2.279784757145473,2.165278177463282,2.9329505153920503,1.961439168038107,2.3807942838527802,2.305027387232409,2.049105776619412,1.5096435382554307,1.6304660276869778,2.0111311919430097,1.674158418758819
2014-11-29 16:00:00,DEHM_BD,2.23033115957138,2.0880862382216696,3.142693204141483,2.0865508462369715,2.403296956246119,2.2853306842960293,2.1127767000236823,1.5083585288465025,1.613022499361867,1.8382401661780945,1.7163313945025394
2014-11-29 17:00:00,DEHM_BD,2.175437846791047,2.1131851011596092,3.4420868438012517,2.232149393957833,2.468435563708426,2.349206333230673,2.253249037807505,1.5021635507637263,1.6116314484544452,1.7298385716672504,1.7603828795517515
2014-11-29 18:00:00,DEHM_BD,2.1380789353788843,2.1548082822085313,3.4819250406367335,2.3647003080922477,2.549937950133502,2.5321425437392153,2.4541879725143794,1.4894690842585265,1.6610818962778116,1.6226478044347155,1.7877671412813942
2014-11-29 19:00:00,DEHM_BD,2.0841157986907732,2.217261008694372,3.3933203268482166,2.4691834058619575,2.672646284396255,2.8119691883266476,2.6431159804699877,1.4700738813659548,1.7165462215687968,1.6330626482017978,1.7825275364422986
2014-11-29 20:00:00,DEHM_BD,2.11591606355149,2.215659979014946,3.313763307584189,2.587026755652974,2.853791384606017,3.130584945959049,2.7848416068058617,1.4011043467962743,1.7960864250737048,1.782075032130701,1.759764948775582
2014-11-29 21:00:00,DEHM_BD,2.2510123940138405,2.25341610080461,3.3330289479930886,2.5698321531538992,3.1257294213520734,3.4082739067802756,2.931392156480183,1.2514259577405453,1.9176415030945138,1.9128139660096652,1.713013297734037
2014-11-29 22:00:00,DEHM_BD,2.396025537101816,2.486864869522628,3.431096386808306,2.5165568972028813,3.4419009597970773,3.5649541330058114,3.0438193993380143,1.1405598150774836,2.0172659326337268,2.075512878728479,1.6353007641419581
2014-11-29 23:00:00,DEHM_BD,2.638674810541937,2.773112601640826,3.5923990143529885,2.534639378388141,3.7304377868923053,3.695044477238946,3.20199740858866,1.1537877095907927,2.087210662936158,2.28087381158511,1.5455903937611728
2014-11-30 00:00:00,DEHM_BD,2.6918637466177717,2.855142266665376,3.839576811138438,2.6030437791605845,3.905693193768757,3.8163698927905525,3.3162837886135095,1.1671401282638312,2.137782055270621,2.504567328945102,1.4356086333232372
2014-11-30 01:00:00,DEHM_BD,2.469463106612116,2.947413380432477,3.9072714396133668,2.811338111226252,4.0382240894458485,3.903643159178342,3.35624524082398,1.168212322923392,2.056318413435328,2.634817008245224,1.3431094452177734
2014-11-30 02:00:00,DEHM_BD,2.424860464699566,3.1204379476245494,3.7606101628225437,2.970810935865459,4.136461819889127,3.9537208897541882,3.627083366333835,1.1635006636409462,1.8570606319063716,2.6611574812015584,1.2917895298818873
2014-11-30 03:00:00,DEHM_BD,2.5324320960918816,3.2879276723876876,3.7650322849657014,3.058268639598163,4.18202208440314,3.996236102202181,3.7303590302267957,1.1554318057280035,1.7507170286318288,2.6720422285877827,1.2696655525709688
2014-11-30 04:00:00,DEHM_BD,2.6763103496137264,3.354263717671037,3.8794475231756085,3.135596205108692,4.190220377077712,4.0255009836024485,3.7325754278748637,1.19059548816517,1.7265466796261073,2.688026394207047,1.2689666299331188
2014-11-30 05:00:00,DEHM_BD,2.674905780497342,3.1851173255386946,3.845148056826554,3.1898811817481043,4.1985399687578155,4.0379553860156285,3.831343915024025,1.2570887367083876,1.744404911070764,2.706321985703859,1.269764678201275
2014-11-30 06:00:00,DEHM_BD,2.6255635522216556,2.8728918172419817,3.7046172790428624,3.172530732709019,4.21164354898978,4.029526378338657,3.8700391385969564,1.3419769883984327,1.8279153721932695,2.710966638757432,1.2940105780060636
2014-11-30 07:00:00,DEHM_BD,2.544379259125293,2.758761857469678,3.4241252295779807,3.219954321637508,4.236335579372747,4.027743540847982,3.87156639515673,1.3615118653562666,1.8710946578362584,2.704572628902909,1.3223923806019195
2014-11-30 08:00:00,DEHM_BD,2.4864188532686233,2.600491204185784,3.2856142896142604,3.1984092196478784,4.230145894195013,3.8310536033001643,3.7344662165717946,1.38088182540223,1.9031114033322036,2.6485915588081657,1.351175217297105
2014-11-30 09:00:00,DEHM_BD,2.381675399944782,2.3120419714397187,3.2469397300699354,3.0032200959013036,4.106231706000923,3.7446099844231546,3.5398846577277996,1.368228417736888,1.8755347068728507,2.496409351030241,1.345180017064037
2014-11-30 10:00:00,DEHM_BD,2.184778907622099,2.190725500159264,3.0059310562142727,3.1677913115690153,3.9478275782452408,3.706623399485152,3.4689181065575507,1.3248822017303108,1.7404292577275635,2.2463828327242235,1.3335855440937727
2014-11-30 11:00:00,DEHM_BD,1.9979431588214638,2.0411005395126343,2.668202685739696,3.260601166980369,3.825383823198884,3.583852198365714,3.4644293152034313,1.3061432962802053,1.6166565642419457,2.0986583761890882,1.3166235099917372
2014-11-30 12:00:00,DEHM_BD,1.9490861693720523,1.9212797543925046,2.6180209295636416,3.2183592533715197,3.5774275692655695,3.1888812630922567,3.2615893058213534,1.315038819310069,1.5405909122322499,1.9649677979095421,1.3030074105405807
2014-11-30 13:00:00,DEHM_BD,1.9646673818898575,2.001115786533952,2.587308499802649,3.1595481958249096,3.476819850040455,3.091623554591208,3.0975531243042043,1.3104456363759935,1.4825685762349516,1.8794627790170337,1.2779915968377515
2014-11-30 14:00:00,DEHM_BD,1.9823765912583657,1.9279712970019878,2.40437303812176,2.9164341708085937,3.395552952716744,3.0868517005736,2.748989728696442,1.3359431306380034,1.498027983898893,1.8932740515887183,1.284064783874452
2014-11-30 15:00:00,DEHM_BD,2.003019931483115,1.686656823159233,2.414273559932336,2.8859148469410085,3.343460242220223,3.1598861656598665,2.7407904850282376,1.3184033929565548,1.526332916275193,1.918366132291974,1.2926802344172077
2014-11-30 16:00:00,DEHM_BD,2.0264457299103587,1.7600570368002355,2.1924716325395552,2.8256909155453322,3.5831344437468386,3.3864282908737406,2.7773808123408044,1.2944937949233501,1.5420367875938565,1.9266757517369633,1.2971614022194595
2014-11-30 17:00:00,DEHM_BD,2.0649502286410684,1.8263439362291245,2.2261614078411833,2.6918841154283095,3.796120462981099,3.5944719602111617,2.9180802620169826,1.2789054175440966,1.5828054856475142,1.8344346198069754,1.2898263302295283
2014-11-30 18:00:00,DEHM_BD,2.091134269684827,1.8866179123689886,2.1754911691131813,2.824816655081804,3.9110909892842507,3.654969904604758,3.266285730084038,1.2839032471092044,1.6372124755823023,1.8156141642376706,1.2720460246961562
2014-11-30 19:00:00,DEHM_BD,2.1121933460760784,1.9732134080457409,2.063742548595183,3.2699013843935596,3.863946288993289,3.6726236914314865,3.3423497079058513,1.2724923172742129,1.6951615503988084,1.7876356662658357,1.2459605318366735
2014-11-30 20:00:00,DEHM_BD,2.1178679922599284,2.060227911256134,2.0615603969076277,3.1826534122658963,3.7763554217315645,3.6397145310629018,3.164974140139659,1.2308860394740104,1.810802824638008,1.8400909345119274,1.2201035893584788
2014-11-30 21:00:00,DEHM_BD,2.153205701204651,2.1737812548080533,2.149763176743239,2.991121361116718,3.6726867176721223,3.5830804068074644,3.029130612578349,1.1969876226890086,1.9558217453275513,1.936256044761814,1.1951702487478406
2014-11-30 22:00:00,DEHM_BD,2.241507381700702,2.3429599288897034,2.2574615617008136,2.711873466988253,3.5965852299896506,3.5338654679023365,3.063954523075921,1.1892252882912755,2.1401465082209516,2.066178726284867,1.1756748979653417
2014-11-30 23:00:00,DEHM_BD,2.348091807516142,2.540993822057104,2.4230215226475798,2.4932169353210507,3.560940500089035,3.378998058833099,2.7683394325182022,1.1939251060143112,2.3162764961011897,2.231163210644354,1.1569157817790656
2014-12-01 00:00:00,DEHM_BD,2.493727027248607,2.7284090958829412,2.6122312278160917,2.424309710851056,3.4395436183238335,3.1645009964377273,2.5477556117279696,1.1995567837670444,2.4301492341717146,2.377501947865617,1.144281131718233
2014-12-01 01:00:00,DEHM_BD,2.633103355808218,2.8252843499445324,2.765533434387969,2.35555104756941,3.249063686071336,2.9469394834175184,2.526584224219846,1.2291048833620548,2.412775199479535,2.5122243804556357,1.130158943749219
2014-12-01 02:00:00,DEHM_BD,2.7069855652078503,2.9308246614108775,2.8844401583736365,2.365520969555764,3.1921699907485745,2.8427184332126574,2.7433420494946006,1.2933571747796238,2.293967619937286,2.593630851200731,1.1070487564676998
2014-12-01 03:00:00,DEHM_BD,2.776381662861838,2.892695949488507,3.0456207415856236,2.505899330068353,3.2233300655432466,2.9152897315623525,2.9515261570526605,1.3459797182625532,2.1852825190917406,2.618110484969089,1.1014368260617555
2014-12-01 04:00:00,DEHM_BD,2.8846156093034403,2.7378363747588934,3.1204158972421983,2.6089013649132244,3.3134885544440382,3.052876533526902,2.9250951403593124,1.4001093984286488,2.115473963643685,2.593258363851503,1.106617585074976
2014-12-01 05:00:00,DEHM_BD,2.9481439612614193,2.5893565229305304,3.0876737606220797,2.6735219762193663,3.3525682697643364,3.113877000401144,2.7495351476146115,1.454657832367122,2.149924769844264,2.5277417407314138,1.1213670271841436
2014-12-01 06:00:00,DEHM_BD,2.97378069912657,2.5293155079966345,2.9913738944378507,2.631774882581399,3.26510980955468,3.029359679264131,2.607739366613035,1.5081075010424851,2.242755809091367,2.4880454442367794,1.1467336987256258
2014-12-01 07:00:00,DEHM_BD,2.916067593747714,2.4770525024546255,2.9543551592411483,2.449534697781666,3.1035243465153735,2.8641514681725955,2.5151273945041472,1.5660575565809012,2.33513800932806,2.4674985997936805,1.1867002582860364
2014-12-01 08:00:00,DEHM_BD,2.7942853438634403,2.400759388367641,3.024388057845968,2.251106224693825,2.8928637923613727,2.7306574781371427,2.435143710221972,1.6206574676118046,2.379276110772556,2.3622576688168198,1.2225382650620118
2014-12-01 09:00:00,DEHM_BD,2.6447980004738993,2.2652347865774853,3.092763581087229,2.075590903067182,2.675610565266316,2.5698850943541034,2.2338429480012088,1.6535411629999057,2.380482275568992,2.1687902670323473,1.2391866676754786
2014-12-01 10:00:00,DEHM_BD,2.5141242403188437,2.1185067272957414,2.8674930386594113,1.8880187394236687,2.507591193119336,2.3809012661999582,1.984678310198038,1.677437747468613,2.404368011120204,2.0364924193820078,1.2866137774346955
2014-12-01 11:00:00,DEHM_BD,2.387390734738531,1.998671921194866,2.5740294629753717,1.6933441413286847,2.3289749274092957,2.134673065773978,1.7548221644350162,1.7328564313606916,2.39100286208041,1.9570836067061406,1.3622886752435939
2014-12-01 12:00:00,DEHM_BD,2.2432001799532006,1.8702097658275814,2.3277941587043456,1.5650243683229736,2.096070920671548,1.8929378034280306,1.6096949941895848,1.7874053612749279,2.28082405566372,1.8912284204185568,1.4086730942043475
2014-12-01 13:00:00,DEHM_BD,2.089385768694923,1.754353528170213,2.1930989394988147,1.4509414833360996,1.8846186435455197,1.6988451184897009,1.501306983959589,1.8950141118688881,2.1147058653662727,1.8237836927732083,1.436369569776915
2014-12-01 14:00:00,DEHM_BD,1.960250130038486,1.6724359332519025,2.0814766644353115,1.3599164449021368,1.723053339178391,1.594119668977306,1.4270327463544277,1.9577152805122733,1.9530893129175155,1.7691614228249202,1.5019826571359487
2014-12-01 15:00:00,DEHM_BD,1.9749355200023568,1.6320818031524866,1.9820595157837269,1.3556335852626091,1.6335723143953227,1.5316242890839644,1.4149377084973371,1.9410749004310373,1.7826478472244087,1.8021110817467467,1.5593781122176162
2014-12-01 16:00:00,DEHM_BD,2.037693347225149,1.5698667789882235,1.8878804581554254,1.3658576563780014,1.5866459696301491,1.5480880555365428,1.4259143817499977,1.7572075963944198,1.6295838629926833,1.8624359117299876,1.5900291916270182
2014-12-01 17:00:00,DEHM_BD,2.086364451958422,1.5157423818200826,1.8323365292086886,1.3917149740504864,1.6030545833580803,1.5785702802016621,1.4693319653383323,1.5054118948651851,1.533542311327653,1.8416340296147948,1.5850006957921385
2014-12-01 18:00:00,DEHM_BD,2.0297736511965283,1.4581672718073428,1.8185103037103614,1.4119508370324607,1.6831316081135441,1.6509982670162329,1.5009034380681956,1.3571409358996154,1.4974712211769865,1.8306204215171187,1.5053368445639312
2014-12-01 19:00:00,DEHM_BD,2.0643312620909047,1.4049717862918227,1.8554227866693567,1.4040372527538896,1.767830673114485,1.737167938140899,1.5320111902699265,1.2916874298468233,1.4838625908073784,1.931546610087231,1.397946807406582
2014-12-01 20:00:00,DEHM_BD,2.1991840128278453,1.3719382595530898,1.9315504757761062,1.4398078603787952,1.8522311189205176,1.760998376489453,1.583261655439368,1.2940147187892346,1.4625568765740842,2.0827566686762493,1.3227035911881924
2014-12-01 21:00:00,DEHM_BD,2.381095371703359,1.3958142919570953,2.023026993426055,1.4363518437490475,1.9167240180427396,1.7878734854638711,1.6453393571298822,1.3075660615764186,1.4269820086895675,2.1999684031220155,1.2913912290342897
2014-12-01 22:00:00,DEHM_BD,2.556118290942153,1.4820647057311982,2.1424057202289486,1.4941541339994595,1.9650067219444807,1.8211540411027918,1.7043165672085194,1.3510153911097347,1.3604494090537727,2.3058928035948982,1.2695182538449017
2014-12-01 23:00:00,DEHM_BD,2.6192986762829404,1.573433546847403,2.3048376147802405,1.5773539918820565,1.985270454357471,1.8643628343738157,1.797847506089437,1.3518046967694908,1.3509629911047218,2.2845883236398175,1.2480994195805488
2014-12-02 00:00:00,DEHM_BD,2.6640084407445785,1.7202077857254445,2.4372638794546386,1.6494581673404813,2.023623716311797,1.9458535731633981,1.905458802159993,1.3054733523242175,1.4234119624471664,2.220694018607866,1.228822104824558
2014-12-02 01:00:00,DEHM_BD,2.6122441711679847,1.9351100450224243,2.5311973277021576,1.695366946522229,2.0783563840166037,2.0252613942955016,1.9912310235976873,1.210970788872689,1.5373665274053812,2.2131856668463676,1.2138104564019665
2014-12-02 02:00:00,DEHM_BD,2.505213891245127,2.239934534226749,2.6585825030101047,1.7468656551680832,2.1739679228486635,2.096462794887873,2.091005057418451,1.1358312528526782,1.6356701541039347,2.217492163121011,1.1902056948483735
2014-12-02 03:00:00,DEHM_BD,2.4184443443901835,2.3564763100802715,2.866087514846642,1.8251768829525838,2.253317662612314,2.1656708286298416,2.178258809962099,1.0704765398696066,1.667151957153529,2.2834539489876944,1.1739248295368627
2014-12-02 04:00:00,DEHM_BD,2.35429028820768,2.451895227915554,3.2369078568903893,1.9233738850130593,2.3197087627241695,2.2689538344594293,2.2557235668630002,1.0264058943736551,1.6741668687801807,2.332079097314626,1.172158351380229
2014-12-02 05:00:00,DEHM_BD,2.311527723002136,2.446007700307978,3.5898863816102375,2.007170759045881,2.4402932018088292,2.36841638190492,2.3400324269456,1.011661376674175,1.7024052294241916,2.3052969631401075,1.19141096068874
2014-12-02 06:00:00,DEHM_BD,2.226543091291487,2.3537921784297886,3.8342536831636713,2.0683954993238243,2.6008713663457312,2.4270051990559054,2.38778986259499,1.03446461902678,1.7715371781103157,2.2889151043497025,1.2505988209495693
2014-12-02 07:00:00,DEHM_BD,2.133463852351606,2.374589574157179,4.027728123347509,2.1382294338096677,2.7099945680744337,2.4871069781942987,2.40376936977062,1.0664166656443477,1.8184629419171032,2.3418947510030588,1.3496843669695033
2014-12-02 08:00:00,DEHM_BD,1.9212740722113848,2.571595354314563,4.126825450412062,2.1733484674299723,2.7596937075922874,2.530273572784974,2.4034796201629076,1.1115017986332625,1.810310513667427,2.4308335090242603,1.4705373049910366
2014-12-02 09:00:00,DEHM_BD,1.9333372477313877,2.6694807755134997,3.893254161514753,2.173019821353816,2.774091304467847,2.5200533046085307,2.370594644005338,1.1075478654936701,1.7128844942644985,2.4906276505681872,1.5575855559812486
2014-12-02 10:00:00,DEHM_BD,1.9068978888684511,2.4267160503146052,3.5090576415313506,2.092501682202034,2.777584636881156,2.4724139252891475,2.3327366216319576,1.0790307895991207,1.7413242277649044,2.4618701246452996,1.5561426382177324
2014-12-02 11:00:00,DEHM_BD,1.8126287256458404,2.07787936481148,2.933409626534111,2.0139421807155475,2.76512762231055,2.4135656395942053,2.270393601171266,1.1006361162733287,1.8565001830227303,2.36053820153713,1.5113152915310675
2014-12-02 12:00:00,DEHM_BD,1.798328675134778,1.904299527079314,2.5979042390863714,1.9425443837124137,2.7543528186289796,2.3640011325124326,2.2088272911149436,1.2276098873149976,1.9190603006881848,2.3106684230562973,1.4520079894122575
2014-12-02 13:00:00,DEHM_BD,1.804010270804465,1.9066337740425021,2.4864545053754816,1.8646848935431763,2.7458717533370005,2.3385822005233057,2.1854369155032853,1.47121667469576,1.9410577519861982,2.303464549997351,1.3907070788520528
2014-12-02 14:00:00,DEHM_BD,1.9019074978351593,2.0961357966175536,2.4074187426101026,1.8285796493152784,2.7430739118773477,2.3598408549105496,2.2035746279498447,1.6726063959239423,1.9635432890693565,2.34220509736848,1.3324508756809497
2014-12-02 15:00:00,DEHM_BD,1.9990727762071787,2.225264103976912,2.464743791659593,1.8872055474936893,2.787247247924327,2.4481850055739605,2.293246959925627,1.7462175268480182,2.029275890259468,2.3568206097846476,1.2983761546318697
2014-12-02 16:00:00,DEHM_BD,2.0340494332538546,2.2223797739562077,2.544317816288487,2.1022277520105,2.9101996992533667,2.649870003381724,2.480792890742392,1.6855896374130248,2.060788324127337,2.422809544219781,1.2786654256495507
2014-12-02 17:00:00,DEHM_BD,2.2757116672959925,2.2783441626761336,2.7181118794243933,2.2220495854891285,3.1818924901291687,2.7824318313086653,2.726378571652358,1.544811633937955,1.94226865590043,2.486186384797903,1.275664784056926
2014-12-02 18:00:00,DEHM_BD,2.5529534358409234,2.422330147109598,2.949788880962018,2.4813452578384343,3.6156253664468965,3.0842561734700427,3.1013506248073908,1.2341886643393523,1.8644359456031034,2.5213673854380385,1.2865611653420514
2014-12-02 19:00:00,DEHM_BD,2.7843470565086395,2.649632517502625,3.182231277585848,2.823782879577553,4.0964317575845355,3.5643578985430793,3.5704286860854895,0.585726542722173,1.8004578575761376,2.626615208382667,1.3005088535178266
2014-12-02 20:00:00,DEHM_BD,2.9316027599489,2.7876942452734834,3.4266512491092134,3.2339291970165727,4.26219725428059,4.108821920929482,4.144008195111394,0.1754122002003387,1.7900418560810056,2.662685091801658,1.2545695460169017
2014-12-02 21:00:00,DEHM_BD,3.0486601783692606,2.849679676160666,3.736446318187562,3.6377985422512324,3.8898252747083033,4.426152757136616,4.623979277802789,0.08955505868006661,1.8206724132979932,2.51267605937155,1.1921071103084273
2014-12-02 22:00:00,DEHM_BD,3.1511152877648376,2.965582728585547,4.092318006467274,4.029328052677798,3.619322078411132,4.525914228307789,4.842795796319612,0.07664318404459616,1.8692929261863604,2.423449301535711,1.1137066209145075
2014-12-02 23:00:00,DEHM_BD,3.200451786679916,3.1846544632994584,4.322325030053261,4.390449006982158,3.1753727253317994,4.27374284146609,4.946976270046761,0.05977897802909254,1.9247894302350088,2.401752896479368,1.029624670269722
2014-12-03 00:00:00,DEHM_BD,3.2072389868261,3.465305565819113,4.411116654615219,4.591668835198032,2.586308617808637,3.9957704398987763,5.242363942772524,0.05039926975899484,1.9627944601691893,2.3743451361029595,0.9621804434328618
2014-12-03 01:00:00,DEHM_BD,3.162078414113147,3.7332427846202156,4.39611821785628,4.558882237146225,2.638585992468889,4.1420932240944675,5.435100846208016,0.04905958156373517,1.9845477322960727,2.211771817260758,0.8646744859182613
2014-12-03 02:00:00,DEHM_BD,3.0044100218539125,3.8102473638978345,4.344363919938756,4.48001734253154,2.9827136779660735,4.350353752816912,5.4820367678977915,0.05198576496328109,2.0186356669240952,1.9623962082658872,0.7649058440928405
2014-12-03 03:00:00,DEHM_BD,2.705269901613593,3.721317745329504,4.293728444841439,4.475289803472491,3.3871307650775933,4.728585081005927,5.7063309532433655,0.0545596305015635,2.090467038704697,1.806906673155874,0.6785551437554648
2014-12-03 04:00:00,DEHM_BD,2.42363069445312,3.6757429355487004,4.243141937110262,4.3835268794040445,3.757586560879787,5.081361334998515,5.922266705582551,0.05501756575509657,2.1138024468264263,1.7736085433477908,0.6000753226534241
2014-12-03 05:00:00,DEHM_BD,2.160038826894611,3.6774705291434104,4.255444047619506,4.242362682844162,4.146717136345972,5.241633002071622,5.631694257545268,0.057152059541368996,2.0746133787748215,1.7547713934114015,0.5596500241312616
2014-12-03 06:00:00,DEHM_BD,2.0521061301179233,3.7037218177459814,4.264810907649642,3.9120097423268163,4.248699391664453,5.193657082276893,5.168064409768096,0.06385269448464487,1.9961544537153841,1.7407922376998886,0.5293510312789338
2014-12-03 07:00:00,DEHM_BD,2.0059263675747068,3.646417958687494,4.22536931433774,3.5658390156683417,3.9419739141440115,5.3543588918672285,5.040913002660157,0.07335579666931512,1.9217176134495064,1.7373193350487948,0.49870320083569153
2014-12-03 08:00:00,DEHM_BD,1.9410468374817074,3.6642423200757346,4.175325993239524,3.3197537262577717,3.572209179515289,5.5838676654081505,5.393984448229207,0.08151450086953571,1.9081810792393237,1.646056363148717,0.4697610509103207
2014-12-03 09:00:00,DEHM_BD,1.894973695367351,3.6585580381870964,4.108154943997557,3.1900584646888133,3.6601772962616472,5.319460026210539,4.975357195815687,0.090039644126105,1.8795200068894031,1.536388047414492,0.42183734057096633
2014-12-03 10:00:00,DEHM_BD,1.8661188527984172,3.2649042880230996,3.9861296817822645,3.0677761737388227,4.040572889472911,5.113757159405354,4.472601486097722,0.1005133476379606,1.8385746449607612,1.5279177444824343,0.3789766895942738
2014-12-03 11:00:00,DEHM_BD,1.856886630712375,3.042323757158732,3.7449458378256413,2.838058972571282,4.2140931267835615,4.812429324738046,3.917512215180923,0.11194193004014885,1.800205941601228,1.5586732900640554,0.3918892958062916
2014-12-03 12:00:00,DEHM_BD,1.8635887777034195,2.9829762348721913,3.6248511488738018,2.6224665967261602,4.238807286184235,4.408308903763689,3.4314234231212404,0.12171798923921293,1.7678522425715624,1.5308499869164827,0.4304106208180871
2014-12-03 13:00:00,DEHM_BD,1.8453506144645067,3.2209253369955455,3.5400256774235377,2.5552718120737676,4.165662040227097,3.9687404899980305,3.1498307271759165,0.13339230636777813,1.7205643533607944,1.5216416200288245,0.45257669996282
2014-12-03 14:00:00,DEHM_BD,1.7736770117524268,3.3028316234914983,3.3893652075893876,2.6064034335790787,4.054944103323729,3.7755641603237016,3.007326974504137,0.1484105555691383,1.7031039745629206,1.5637998944281235,0.43310845624018585
2014-12-03 15:00:00,DEHM_BD,1.7710352299916,3.2668168261681023,3.1519051116419528,2.728262301333708,3.97654269212185,3.7446030226748137,3.038089669456054,0.1606895061593222,1.6268651099220293,1.603521868072857,0.36407823372922893
2014-12-03 16:00:00,DEHM_BD,1.8245944507654759,3.195932010003341,2.992000789112457,2.9373798200938177,3.9469735157489145,3.8224711636409063,3.1998470132213463,0.16692810615269463,1.5645292956382781,1.6392909193766148,0.29076280873252347
2014-12-03 17:00:00,DEHM_BD,1.8724159717010123,3.172815598235494,2.8926483574077664,3.2249211275058327,3.979060433452927,3.9608557329514564,3.4300485002064542,0.17281479542902195,1.5628303839615358,1.7248812148531578,0.23848958782829174
2014-12-03 18:00:00,DEHM_BD,2.1056082317341893,3.2160651108721865,2.8142718380061926,3.4943824984740273,4.152608156555978,4.133842570496857,3.6333374835479613,0.17789918864366125,1.4975837337689102,1.8409043964645377,0.2144836817400299
2014-12-03 19:00:00,DEHM_BD,2.5312792364743473,3.3192384725096273,2.7440319740759183,3.686810649239045,4.326957839371619,4.255071222213411,3.6825484591253503,0.18198309142408883,1.4319130566094818,1.930028766390722,0.20484281110730213
2014-12-03 20:00:00,DEHM_BD,2.2071949256487358,3.4004248626983875,2.728741605351349,3.8396625746940467,4.430637308837324,4.387212528102128,3.762225831822452,0.18264604573946427,1.4323562330458315,2.0196572370822525,0.21040084501364498
2014-12-03 21:00:00,DEHM_BD,2.1218178689948815,3.4339743548429986,2.793907359451713,3.929135324213274,4.416906830110688,4.422249145223297,3.962390702553747,0.18197702607683827,1.4506208072702587,2.0367431017410467,0.21604605698805984
2014-12-03 22:00:00,DEHM_BD,2.272794008475551,3.1868188547579006,2.863041822098155,3.973612727411961,4.482841554791728,4.20477689846077,4.034598982163595,0.18114029977675522,1.4222845079134405,2.031764404420269,0.20603070759763115
2014-12-03 23:00:00,DEHM_BD,2.3038630588420226,2.685449494778328,3.012384392402474,4.010581818613963,4.54315569334393,4.259724923703336,4.105532132097154,0.17880103119704857,1.369277965414077,2.035345668843579,0.1964306599806783
2014-12-04 00:00:00,DEHM_BD,2.06278101349644,2.4388992956017703,3.1715216334067042,3.8179011677905583,4.472336688473396,4.414905586806906,4.185945330750057,0.17851116263631722,1.3514221674540638,1.991092274885103,0.19077538297418029
2014-12-04 01:00:00,DEHM_BD,1.7548935273739046,2.21257140476508,3.245725301166728,3.3700283200253,4.454798767871023,4.514114637268445,3.988554161259228,0.17830733468608917,1.3443835080881417,1.9080847730213497,0.177346280046607
2014-12-04 02:00:00,DEHM_BD,1.6439080770645664,2.1287366362481004,3.268864258571824,3.238366834411795,4.437477743712485,4.441699198350705,3.751763593459984,0.17721683600787064,1.3515582382388414,1.8990723784878525,0.160487929551748
2014-12-04 03:00:00,DEHM_BD,1.6592718124951422,2.171826289529605,3.0771007595877835,3.1657467985708254,4.451241239389954,4.15238856568403,3.6360362574023815,0.1762282780228368,1.3755876387204231,1.892109296967003,0.1471387897969827
2014-12-04 04:00:00,DEHM_BD,1.631485073752273,2.1850904680804724,2.9509062561693633,3.1369185691614767,4.442011296797195,3.9921914804678513,3.567032635100814,0.17339670185761505,1.4129083203014732,1.8678500191756595,0.13981324528466899
2014-12-04 05:00:00,DEHM_BD,1.4856235544094445,2.0782281974876846,2.8662015030359296,3.123146823647531,4.3302322513177876,3.8819780950618914,3.5527188806574044,0.17341098684327663,1.4272770739495755,1.9799427509346663,0.13641656307586464
2014-12-04 06:00:00,DEHM_BD,1.3490326666921377,2.019389826126838,2.7735902675175423,3.1275066613120024,4.1828333531800235,3.809770754115214,3.5619280348306432,0.17525590739152383,1.4457043652290107,2.0817521667429166,0.13390805353724392
2014-12-04 07:00:00,DEHM_BD,1.722349900625646,2.15720875874701,2.617001062213245,3.087548874240909,4.0753549540640295,3.7706137878148054,3.528971241027529,0.17634553403886025,1.4816429722380637,2.1125381377433285,0.13005285409388123
2014-12-04 08:00:00,DEHM_BD,1.9815515630547702,2.160692205922902,2.0743511371954426,2.953429339870807,4.00180265712565,3.7183929833533274,3.401774333487417,0.17976919217884524,1.5695566418366877,1.999368630534835,0.12285220641350829
2014-12-04 09:00:00,DEHM_BD,2.178148743394017,2.104861835913062,1.632369433125509,2.7459590793220854,3.875804915209674,3.587165312923831,3.150031345464718,0.18205649514656494,1.6325905389685929,1.8408510871190276,0.1141637399745359
2014-12-04 10:00:00,DEHM_BD,2.1322448300877213,1.9028952799605579,2.1159585613743404,2.55739999174822,3.7376624285220776,3.3815110090611356,2.8498460513346537,0.17835499492606602,1.7322685973520577,1.5909125012631342,0.11116005466205514
2014-12-04 11:00:00,DEHM_BD,1.9563127803549172,1.671636355702132,2.0108397611324116,2.4143164660763032,3.5729111407727436,3.166111156889456,2.6203916903799254,0.17591711011126038,1.8229169582825526,1.3617432883098721,0.10976210707064242
2014-12-04 12:00:00,DEHM_BD,1.7485728074915707,1.2947138673225045,1.9302967235498876,2.3244052012131906,3.3619749128960734,2.995464303745946,2.447494713018586,0.17323151348030824,1.8817144111942314,1.2976563214100896,0.10895784726527515
2014-12-04 13:00:00,DEHM_BD,1.29600878547661,1.2902320168631896,1.7589177561718223,2.205719466642903,3.1689115313005294,2.833422364043158,2.1496335731425624,0.17504499445790403,1.950789161802605,1.2030715027532728,0.10980523580155314
2014-12-04 14:00:00,DEHM_BD,1.3750443618929387,1.3153793938672824,1.4990370725465567,1.9398068033753388,3.017244269037761,2.5893219689301223,2.058292330123003,0.1830078191181923,1.9927812852728741,1.3402219261416093,0.11390101937276992
2014-12-04 15:00:00,DEHM_BD,1.6369686432283,1.2785619154595675,1.6473937784309687,1.903095927148629,2.912148284820055,2.5118692306443933,2.055888579285388,0.18957117166914028,1.8508514313872158,1.3314001331616159,0.11789279406846247
2014-12-04 16:00:00,DEHM_BD,1.479796311425194,1.276813966906336,1.5844785479187593,1.9770664319034745,2.9000077846920664,2.487820943005648,2.118743457389357,0.2112427337524293,1.5075559638436138,1.3178486058530257,0.1256486288985166
2014-12-04 17:00:00,DEHM_BD,1.3678443888956306,1.163011682834951,1.7779943050618003,2.071477080552597,2.8980841285438173,2.4624678175942556,2.1986115472696737,0.22007233563847825,1.2258565757131576,1.2630212029113805,0.14101641558601502
2014-12-04 18:00:00,DEHM_BD,1.330502901600804,1.0328085929603128,1.5479432834480704,2.210183165842199,2.902663894311738,2.4823446993429577,2.3414170944325754,0.24940152186010014,1.0540417500266432,1.2479743036190047,0.16352508518516762
2014-12-04 19:00:00,DEHM_BD,1.355957589509245,0.9894128163823485,1.3162591439245641,2.393068037653344,2.9017096747907702,2.5441702268987636,2.5211272643505955,0.306369070124477,0.9663244067448378,1.2055612811983378,0.19599284535023603
2014-12-04 20:00:00,DEHM_BD,1.4551416886195354,1.1936517332042569,1.2821269110200555,2.554044410366277,2.939163231809964,2.6515809052177275,2.761811679299235,0.38124465728815626,0.8952977591255307,1.099139633127451,0.2399095113424769
2014-12-04 21:00:00,DEHM_BD,1.4999140172064118,1.483411168912053,1.401202193756327,2.6536391223413576,2.963752227823654,2.8523923345481825,3.03460800129397,0.511991435393337,0.7867840040981768,1.0591015887129307,0.28973714815941864
2014-12-04 22:00:00,DEHM_BD,1.7295819484252295,1.7538515868216287,1.4613262585294247,2.680734827450281,2.973249194401005,3.1235993545412786,3.2555656773021315,0.7136787946867569,0.7421181589668989,1.0094156514430046,0.3449449986679991
2014-12-04 23:00:00,DEHM_BD,2.058256254014019,2.0530273946030437,1.589771049221903,2.703575798091971,3.059401743018979,3.318330695679422,3.4000894280661687,0.8404281239926814,0.6907149216359852,1.0396558393728732,0.4099375241422466
2014-12-05 00:00:00,DEHM_BD,2.4377619121634964,2.161866409762278,1.5780712367022782,2.7386802713755802,3.139665696385281,3.2828657619506103,3.5329483328353906,0.7985135282170773,0.6525385051247478,1.147051820783168,0.47871036864618055
2014-12-05 01:00:00,DEHM_BD,2.717977157444805,2.1700900955121964,1.520768268259093,2.7876873077437883,3.178982429096124,3.146718221018929,3.6034802731877313,0.7033648558140545,0.6740351606373488,1.4257302962102738,0.5472686880299866
2014-12-05 02:00:00,DEHM_BD,2.8576866777938608,2.174533568051867,1.5280729738844188,2.8670937589706758,3.2267022161446284,3.0853891304711283,3.612349996251532,0.6340003200439921,0.6922224664773791,1.7466656630419939,0.6089401766778482
2014-12-05 03:00:00,DEHM_BD,2.8627330157768727,2.2475907851805164,1.666918312008963,2.961508525007128,3.2975962215393384,3.147370461232604,3.5622739055102217,0.5212797900057768,0.7089354683460293,2.0898891218639912,0.6726662314942292
2014-12-05 04:00:00,DEHM_BD,3.002541319254041,2.3364098032335843,1.8945371934433606,3.0696241665243247,3.400237441982283,3.3120871790777624,3.5312380151562177,0.3942954023626539,0.7242377489000558,2.377946883923114,0.7508980334489559
2014-12-05 05:00:00,DEHM_BD,3.284921193863153,2.209203140883562,2.1465075270789677,3.271796130682064,3.57919000796231,3.608096633302221,3.597362738201565,0.3801265773453098,0.757788720579408,2.825318720703721,0.8267078216838324
2014-12-05 06:00:00,DEHM_BD,3.2976534064435965,1.8492077868682473,2.262138175478439,3.652736379947904,3.670961204013632,3.8755539610917826,3.771173479165414,0.3856732190731912,0.8139445564571768,3.0507467390477654,0.8774559533570241
2014-12-05 07:00:00,DEHM_BD,2.859665300745964,1.601420245771827,2.428186644556081,4.176946187017202,3.7471266561468406,4.202536436556849,3.9810482371906533,0.38813654566168776,0.8835214069965854,2.8550860725152494,0.9098844390282219
2014-12-05 08:00:00,DEHM_BD,2.2265306466078756,1.5660835220926395,2.8059621179067404,4.450246486560031,3.969772146472761,4.456992012636609,4.195928906377664,0.39705606331408005,0.9517319282613694,2.775914351856709,0.9407437208333238
2014-12-05 09:00:00,DEHM_BD,1.8539967958974837,1.5544245581547729,3.283326661542161,4.245611191931433,4.1621488267213085,4.467715457243506,4.459373629157779,0.40814164740890246,1.0670074534150957,2.6163606634014847,0.9418599051739274
2014-12-05 10:00:00,DEHM_BD,1.7206910859382152,1.67324462180187,3.8581816175667503,3.986990845618279,4.342507834050281,4.258610863029728,4.55729406871413,0.4210420631548761,1.301074505728483,2.3253765769609807,0.9172296615377068
2014-12-05 11:00:00,DEHM_BD,1.5142768054756521,1.9511092702485993,4.136323644864264,4.317738653156125,4.584432049804903,4.06130269624392,4.593237318112027,0.427378564441949,1.598458047029972,2.051064009926319,0.8627960697376729
2014-12-05 12:00:00,DEHM_BD,1.1468668958334625,2.4846815129286144,4.179375158306918,4.2034116499756875,4.6905074026309865,4.089863417530937,4.4167592955368065,0.41927781329914926,1.7505894062805176,1.843423922052607,0.8034314184191822
2014-12-05 13:00:00,DEHM_BD,1.022243300937577,3.2392755808626648,3.9967834751619002,3.8499869875817527,4.1233756779620006,4.282935620853509,4.349867748969037,0.39217292124018066,1.695460717152357,1.7031561788597913,0.7802515664262324
2014-12-05 14:00:00,DEHM_BD,1.0140138864397723,3.869575108887629,3.606391805827365,3.7319813623778435,3.291899018460307,4.410966617822493,4.254174008391563,0.3720438111922143,1.4726162707990407,1.6524021463634635,0.8041865032701754
2014-12-05 15:00:00,DEHM_BD,1.1889811534302017,4.133177817503982,3.2303007101831556,3.6156976428179184,2.761778805611758,4.385400802881925,4.2113543715013115,0.3554580856516955,1.2587436437916755,1.490742949388419,0.8690293996433728
2014-12-05 16:00:00,DEHM_BD,2.13698529145473,4.054830207277697,2.8996460173456162,3.578731236109435,2.315249273098069,4.147272597373137,4.227176862705701,0.33515848490187883,1.1879254727907478,1.408505717529886,0.9739182195694371
2014-12-05 17:00:00,DEHM_BD,3.621495024195834,3.7551293814669484,2.5470160905091594,3.7151622354002254,1.693355853249142,3.660680241600423,4.3301643630506215,0.3260816461401432,1.1505250882360338,1.2771019944401085,1.1082503593779354
2014-12-05 18:00:00,DEHM_BD,4.759167404735339,3.474703621227003,2.1266217438041983,3.986247320843601,1.391905091443865,3.320639985712152,4.262639191467923,0.3314354023830592,1.1645451778269187,1.7477071764675922,1.2201232204436883
2014-12-05 19:00:00,DEHM_BD,4.811877171582358,3.1000369694357595,1.9778316607026465,4.105338021520469,1.3723747391429824,2.8192615309781077,3.8414279798317956,0.34093628647595636,1.1868475608782842,3.7193190957767195,1.266090151392035
2014-12-05 20:00:00,DEHM_BD,4.684494607728504,2.6035740459941796,2.0006240595314235,3.888404731027007,1.2501981429185858,2.291626503828015,3.4483310189006606,0.3351754556404798,1.2772956453598292,4.922389535709992,1.2248468369948118
2014-12-05 21:00:00,DEHM_BD,4.797857683247309,2.483676203334583,2.081030954183475,3.6826673669552443,0.7773071620920812,2.1040286671379045,2.927596379266668,0.3023217344757913,1.7482686185972394,5.139865633050495,1.1196378341987727
2014-12-05 22:00:00,DEHM_BD,4.984694463515634,2.202202933205394,1.892170597558776,3.343815962286051,0.3705289244907838,1.8768770299091446,2.6077945370019435,0.25092781740210934,2.5438020515906814,5.348217760365664,0.9762314088267088
2014-12-05 23:00:00,DEHM_BD,4.747513307033221,2.21042348555387,1.40667052138421,2.959937590450439,0.20964256882027704,1.5994792427090392,2.595448862150872,0.3046760336617379,3.254678463643268,5.867075344904558,0.8386773936188219
2014-12-06 00:00:00,DEHM_BD,4.09259202371001,2.2741897443008843,1.097284349385188,2.9513977775145905,0.15516112802779752,1.4073959821600468,2.5166591183495104,0.29095450270134954,3.48112548876945,6.005384806770644,0.7524772258347272
2014-12-06 01:00:00,DEHM_BD,3.430322812016784,2.2048991677578886,0.7283711752297379,3.132466793642604,0.1345847946532721,1.1000897411334443,2.2343548965617614,0.11578528312589488,3.210130920813186,5.665469877503306,0.716199473029375
2014-12-06 02:00:00,DEHM_BD,2.726115223031379,1.9252843190355602,0.6730409418085432,2.941120862794169,0.12141603157994328,0.8131769697065487,2.0454952021585986,0.0666075605316179,2.8379179655927325,5.218280136387504,0.7084858304169774
2014-12-06 03:00:00,DEHM_BD,1.7615083452806624,1.4776800880615042,0.6522376036545029,2.593250394584974,0.1285675384111794,0.613708854152765,1.9904794768436298,0.06993413756053883,2.533736316000782,4.762218314419063,0.7132479886481164
2014-12-06 04:00:00,DEHM_BD,1.4283445738229714,1.121246296524445,0.41035803111649777,2.4226270416728894,0.15232202005914866,0.4923307170472712,1.8810585462721099,0.0786972991299255,2.178870828735139,4.021061973032369,0.7214369458768889
2014-12-06 05:00:00,DEHM_BD,1.250521797722457,0.9743540939294407,0.20081938315895895,2.2920390116774736,0.17999036574913171,0.4367061114091774,1.6959299339386589,0.09081927732646444,1.855794147302639,2.8901402930187623,0.718648608387094
2014-12-06 06:00:00,DEHM_BD,1.0339870750739144,0.8002741215632948,0.11415328160170807,2.1176433388809905,0.21375066036073948,0.411530070489021,1.422677495420468,0.10158061899245704,1.7169285320955003,2.187146784351664,0.7059175381249934
2014-12-06 07:00:00,DEHM_BD,0.9290626360933855,0.4384240143527299,0.09419794674876023,1.8774642678830142,0.27446166324137466,0.41693306045571105,1.1248842511060058,0.1102166055138408,1.6844639170684945,1.9475859531524777,0.6882328297796565
2014-12-06 08:00:00,DEHM_BD,0.859474840568793,0.20567620854159463,0.0988945394297874,1.5972795993020787,0.3107728189511387,0.4368599068119179,0.9339606451943808,0.11024452596679318,1.515827544393316,1.5596041102982405,0.6268350389944506
2014-12-06 09:00:00,DEHM_BD,0.8682889474581554,0.13696269884479043,0.09839466253112472,1.2423369414305987,0.3053390510182979,0.41785607809847686,0.8026624752863415,0.10563066386732255,1.053593849531617,1.1200467273461165,0.5223765162037219
2014-12-06 10:00:00,DEHM_BD,0.6844548873292654,0.1413516777217393,0.10244825537333715,0.9407636617491262,0.2892721549512398,0.411748267799128,0.7090811684343921,0.10659592210678365,0.7042152957335113,0.9236090744713659,0.3984090718397479
2014-12-06 11:00:00,DEHM_BD,0.3005685249135084,0.12568166759661742,0.1069589331638928,0.7438895195683303,0.2869705677918064,0.41987901446385417,0.6708952277335167,0.1077852183422538,0.5523884650488942,0.895434623348984,0.2965987836942553
2014-12-06 12:00:00,DEHM_BD,0.12331211060590108,0.12415860458086965,0.10374393566558823,0.6570991985439353,0.28593816010218576,0.3990554519891528,0.6369908177577466,0.10535933775123661,0.45975204892789934,0.9043116346479019,0.22834429431878317
2014-12-06 13:00:00,DEHM_BD,0.09485737597888316,0.1324549911591611,0.10069750280345782,0.6473041942230426,0.2916915979974379,0.37552077313463783,0.5930769312830375,0.11266697865349924,0.43648008293415863,0.6668207562918216,0.19097161500322063
2014-12-06 14:00:00,DEHM_BD,0.10376111709378179,0.14810011383073327,0.08804558922712905,0.7003610274377827,0.3004137349530227,0.38182897218772144,0.5690654301893441,0.13794579974586132,0.5133675130356754,0.30943083689818146,0.16919548857433617
2014-12-06 15:00:00,DEHM_BD,0.11844648971809059,0.17815122692321467,0.07864054162634375,0.7517457730763036,0.31096514761977356,0.43060766181525073,0.5676026771719695,0.1894564951551238,0.5599552436734456,0.20796870740601306,0.15477449950035138
2014-12-06 16:00:00,DEHM_BD,0.13042590372389876,0.20934463173012005,0.08071036372047953,0.7971216229160657,0.3553549718142812,0.5584082126993033,0.625301065804248,0.2073642830288317,0.49238906834720164,0.19999494847883686,0.14674843327020243
2014-12-06 17:00:00,DEHM_BD,0.1344750831438413,0.1861177374475075,0.09566183768863785,0.8949221060240484,0.4207023362319089,0.7528814637983694,0.7458493139244744,0.16684129865761835,0.36845875919759263,0.20578920826366628,0.1457106673776441
2014-12-06 18:00:00,DEHM_BD,0.15714041641174806,0.13506792936243808,0.11283552904607656,1.060557614423651,0.4854663500470854,0.9794534403404058,0.905936857214597,0.12972637825526287,0.3133758508967979,0.21419159382540728,0.1519019567636613
2014-12-06 19:00:00,DEHM_BD,0.17273824425567852,0.14736687867020004,0.12922175338455985,1.2724100534994656,0.5551543571845489,1.2231505893237422,1.0823503480687422,0.1125877315612323,0.32109701405927527,0.2283848792710246,0.1633862863880669
2014-12-06 20:00:00,DEHM_BD,0.19895392709378146,0.1766782084698881,0.1279562953855864,1.5081223101545378,0.6372573181768878,1.4914342598744574,1.2908147318974517,0.0990706052333581,0.34655316821677595,0.24959815291481083,0.18027110884924402
2014-12-06 21:00:00,DEHM_BD,0.1793466646688337,0.23121884404557747,0.12135587347910962,1.7819606181825702,0.6876279588585952,1.8428955609850814,1.6007398667479695,0.08965157447006536,0.3672750826629996,0.28240944454047806,0.20619232603271148
2014-12-06 22:00:00,DEHM_BD,0.22054761746135532,0.2179495176750048,0.11888644311887608,2.1378914226942776,0.6609496385073288,2.1709127451861465,2.0659278131105747,0.08468840928892589,0.4487373149431496,0.3369500422828271,0.2412473156203345
2014-12-06 23:00:00,DEHM_BD,0.22291361660784095,0.2393091524269802,0.09043936635176464,2.5813214442489603,0.6990461528675536,2.1954086259574677,2.5701977340626656,0.0775217220369445,0.36561189159700647,0.2978371465533692,0.2697468163791763
2014-12-07 00:00:00,DEHM_BD,0.2595616111776418,0.20280196001876133,0.0802767449004817,2.975871179659316,0.8562066732812671,2.0431815565711773,3.0517150232295553,0.06611009235419311,0.21046467564102256,0.28064833761356767,0.2876197224048769
2014-12-07 01:00:00,DEHM_BD,0.2417255766504909,0.16681161595114027,0.09505692124286624,3.260486331866642,1.1508270474486797,2.2397359797471017,3.4436410456259714,0.05991044489158306,0.16977033668367178,0.2881245474324188,0.30778291835951255
2014-12-07 02:00:00,DEHM_BD,0.3338369474027305,0.15436275168658686,0.15936037496333472,3.4696208186695983,1.4178602254382149,2.017917543210089,3.8995229043569974,0.05377076665651972,0.18782632907437144,0.33871147355468934,0.30069559897479814
2014-12-07 03:00:00,DEHM_BD,0.3411685458363498,0.16721847776568016,0.4141394279724452,3.9713183615274215,1.6395928982108832,1.7704573391095364,3.8159256696375365,0.04208423391555415,0.18138683459543603,0.4022432320407963,0.29630956027655153
2014-12-07 04:00:00,DEHM_BD,0.3446017211326304,0.19918116274922842,0.48368085663260885,3.9457518213500227,1.966690427259095,2.115742495857328,2.790303277579173,0.0338580083265015,0.15535062925832338,0.5496045782926026,0.3104056308308941
2014-12-07 05:00:00,DEHM_BD,0.4424457406788412,0.23323580292438856,0.5824101590169499,3.4732101550311314,2.4949920412085205,2.817175700192246,2.467836802259129,0.029896304275734528,0.12141347133980113,0.6540053855457622,0.3214857959555647
2014-12-07 06:00:00,DEHM_BD,0.6681329761572181,0.24868986259021086,0.509958281411184,2.978375257877321,2.7535816257758996,3.624477186833751,3.0961641083465796,0.02900814333354112,0.1241389265729114,0.9578553328440338,0.31747239025457746
2014-12-07 07:00:00,DEHM_BD,0.8916544396442547,0.313054198291297,0.2657735431880363,2.462976663684701,2.2877608059562933,3.793145740355021,3.5209128984531715,0.02790885435827297,0.15782141798995428,1.2480407505634057,0.2944496574320643
2014-12-07 08:00:00,DEHM_BD,1.038237277926905,0.30912046408221583,0.1636705755224357,2.4431917940582335,1.689422057664441,3.2391038582212945,3.299160488775854,0.030268786181268405,0.1599715198673306,1.6450027709631623,0.2616591911272332
2014-12-07 09:00:00,DEHM_BD,1.2300005243888776,0.30185636377993497,0.12820338329249514,2.2884134246069308,1.2055843721011095,2.2813814412894846,2.687299611059306,0.04190702046577714,0.1495487413780017,1.6163053896526247,0.2144550226804241
2014-12-07 10:00:00,DEHM_BD,1.4913602461584048,0.246026814591342,0.09116689483961303,1.791504013112158,1.012147277998142,1.7707343902928703,2.088780184424674,0.056083513745793845,0.14994586538778604,1.5926540134538383,0.1845263322281534
2014-12-07 11:00:00,DEHM_BD,1.476124893301455,0.19368006763410045,0.050405145067926295,1.4632858046495785,0.6676927121976948,1.5492650939746615,1.7946236117756245,0.059871422228042745,0.13268521486965934,1.5770366381308576,0.17637142431541103
2014-12-07 12:00:00,DEHM_BD,1.463958699873649,0.13865627551567966,0.03952057296294701,1.331787788258493,0.3784346716023701,1.2422138008738426,1.6717754046499747,0.057723621960142586,0.10312788069474499,1.6862584603491846,0.17805439386475594
2014-12-07 13:00:00,DEHM_BD,1.5128128611427825,0.08949560260603415,0.0466284048271597,1.5517437969121068,0.22307519624627184,0.8354492227092938,1.539256971455596,0.06914793035126053,0.07523750276262861,1.7783656330159305,0.17635739202953854
2014-12-07 14:00:00,DEHM_BD,1.3655795184062889,0.056068269506636924,0.06605622494371835,1.596395018671977,0.15746723623689723,0.49118001959133717,1.233884371532783,0.09636392638334995,0.055781529928855426,1.7637397463810909,0.16859180168624022
2014-12-07 15:00:00,DEHM_BD,0.9963973019947483,0.04139441587453924,0.08642035331218617,1.286504176353053,0.18010376397260924,0.36016822767393303,0.8015126773905678,0.1051131239550082,0.04400350477921769,1.4375102929740304,0.1522579814864764
2014-12-07 16:00:00,DEHM_BD,0.6641933474032299,0.04783943721423379,0.10168677845908579,0.9301341510214085,0.2177920228636822,0.430526387743948,0.574892033477092,0.09057413663703827,0.03800344058005596,1.2976653706204333,0.1454895168437109
2014-12-07 17:00:00,DEHM_BD,0.32428582767566655,0.08519980490795905,0.1026058056272455,0.6988577600529342,0.24403291817125847,0.5647226026253798,0.6354897366528207,0.07213746559743298,0.037044629024444005,1.0788278435523435,0.1531298366817925
2014-12-07 18:00:00,DEHM_BD,0.1282176976542266,0.13744005250475583,0.09132808156879262,0.7177702369253045,0.2258965080467238,0.6974550449989246,0.7890602810376242,0.06510496376300907,0.04573100803647183,0.692076781743709,0.1605046564793237
2014-12-07 19:00:00,DEHM_BD,0.08276402253606814,0.1542117284821718,0.08025535244738671,0.8384482103920682,0.19299438644103697,0.7457552286461299,0.9942408895437977,0.059897935173287814,0.06844217114939335,0.38982532207648246,0.16837305660390395
2014-12-07 20:00:00,DEHM_BD,0.09227001778899206,0.13514679370280802,0.06851306972480364,1.0266504131343983,0.19241593496276055,0.6752341910357702,1.0936929272536444,0.0500291499777277,0.09729635156583036,0.20341706744737906,0.16820866611396995
2014-12-07 21:00:00,DEHM_BD,0.11501415017272801,0.10641029753369505,0.06333270827233317,1.1131076492330012,0.2294551839204969,0.6005553126128715,1.0537416659116745,0.04290137147718918,0.11828026427662454,0.10865270439083666,0.15811955781296588
2014-12-07 22:00:00,DEHM_BD,0.13458151392272666,0.08582180888680496,0.06835732511971129,1.1006247137670733,0.2740199155831987,0.6193365337999316,0.9791571220581117,0.03747374791529842,0.11804508515579608,0.1122876568355596,0.1449074632413521
2014-12-07 23:00:00,DEHM_BD,0.135309535818952,0.08245354617031858,0.07602848972775038,1.0878894986830232,0.3314452378779183,0.6945572095069434,0.957899687292329,0.03378851121573354,0.1055999796474257,0.17336045701691633,0.13126968339616774
2014-12-08 00:00:00,DEHM_BD,0.1164590041333855,0.08220780696504039,0.0744624808113135,1.1085853239687626,0.39791382736782543,0.7662595950913427,1.019261190950484,0.031094475829711817,0.09282249571249346,0.22053067464900655,0.11977886755664591
2014-12-08 01:00:00,DEHM_BD,0.1081509832074399,0.08069596650446594,0.07199421603123067,1.0687823045111122,0.46006491615537537,0.7863248434336199,1.0421189350088476,0.02781893029862658,0.07904782093878596,0.2160758391623942,0.1098302096897014
2014-12-08 02:00:00,DEHM_BD,0.10528854773956342,0.0874497417411536,0.07608676439445454,1.0099861980314087,0.45136180258696895,0.8130970697647822,1.0375362104044503,0.02934868602928225,0.07424647247580572,0.19529996878051192,0.10169095588251814
2014-12-08 03:00:00,DEHM_BD,0.11736572304535646,0.08116991856072116,0.08272120206403533,1.0003677533917128,0.42251493905573134,0.8753253343619799,1.0404509795136563,0.03362536626599018,0.06912624039533874,0.1834673118730074,0.09391599884466956
2014-12-08 04:00:00,DEHM_BD,0.1285580861514899,0.08302292500816037,0.08115238119147239,0.9775532972508016,0.3785195259167252,0.9069307816117302,1.0526674811700778,0.03377684882100902,0.0655927904622628,0.17673352364424608,0.08648250830402118
2014-12-08 05:00:00,DEHM_BD,0.13334483626104876,0.08772818872577909,0.07536185529154713,0.8871975754828378,0.321906476708385,0.8949150261970027,1.0004514096387802,0.02975151573657638,0.0669044878409429,0.18535218435974776,0.08078432713303244
2014-12-08 06:00:00,DEHM_BD,0.12147685533700034,0.08720858424056752,0.06836853947758896,0.8559959960120777,0.31202391051144324,0.8503492220488493,0.9332455681602749,0.03216951802418646,0.06660930316082425,0.2026996012602606,0.07749559008957567
2014-12-08 07:00:00,DEHM_BD,0.10880355151142912,0.08388049154580622,0.06422410626931098,0.8843410315221548,0.3272391295416048,0.7968682494427821,0.9135060505603021,0.03977538798445128,0.06562580749076537,0.21462910395959378,0.07536461222363622
2014-12-08 08:00:00,DEHM_BD,0.10365556328206302,0.07765618797590648,0.05994995256448159,0.925894342680224,0.3169140636625465,0.7269792542029498,0.8781751529739098,0.04280000190002599,0.06342753564164028,0.1940664695509266,0.0712839761070696
2014-12-08 09:00:00,DEHM_BD,0.10192889988354391,0.07077501390795626,0.055672016388592246,0.9226509183973632,0.27930994028687933,0.6055231713029555,0.7720622821254701,0.04207873301343748,0.06455466177437678,0.1775094812803481,0.0671391878315106
2014-12-08 10:00:00,DEHM_BD,0.10041824186911796,0.06566021108875854,0.050667863874679746,0.9409864267349964,0.243067015108075,0.5414223162188333,0.7494435783288695,0.044886846570221184,0.07288867675966344,0.16266281972333543,0.06420060054605342
2014-12-08 11:00:00,DEHM_BD,0.09739482919662242,0.06113198252029697,0.04473038589321763,0.973899976499221,0.23521732535673753,0.48044723384292787,0.7647744249189994,0.05057352302279999,0.07710113320947612,0.12436800079580493,0.061759883779717875
2014-12-08 12:00:00,DEHM_BD,0.0916414277970813,0.06037794776887842,0.04297324872275802,0.9440859346001951,0.21791352484370577,0.43047260560951184,0.759241250410506,0.056026973966765134,0.07122579115647107,0.11603994005685074,0.05876020357162684
2014-12-08 13:00:00,DEHM_BD,0.08540713895773036,0.06140245823194958,0.04361179545917057,0.9205753702284425,0.20988243036929974,0.4153836941012623,0.7391626606528962,0.05435978785449338,0.06413438748833018,0.10340787531563483,0.056130506728167454
2014-12-08 14:00:00,DEHM_BD,0.08331638440510716,0.05451076257199609,0.04457695293629528,0.9228691754477302,0.20483648394064957,0.39097943744765584,0.7090177966290385,0.051039018696402046,0.061523415714778804,0.09617852986260854,0.05445305644961297
2014-12-08 15:00:00,DEHM_BD,0.07861337401069694,0.04989265417627573,0.045218597890179325,0.9027293766741897,0.21443195366299692,0.3696770781962899,0.7275310985301865,0.050864228585780255,0.06324467272549336,0.09603681888668143,0.05487968047588875
2014-12-08 16:00:00,DEHM_BD,0.07043011511815703,0.04568033931670409,0.044656412336255134,0.952444644245627,0.1740162052718549,0.41753554964544587,0.7815514260081247,0.05148623549069079,0.07094834045772194,0.1003933221190971,0.0587408633604266
2014-12-08 17:00:00,DEHM_BD,0.06999754118205731,0.06311434504007259,0.042560420979202256,1.0730865256246667,0.12588444581835517,0.5060742274179774,0.8086312330521375,0.05462100773519241,0.07396979144044664,0.1458448401899313,0.06330382090310208
2014-12-08 18:00:00,DEHM_BD,0.07979842344506981,0.10856624382507624,0.0403429806100969,1.1467237771564651,0.1101253343749791,0.5691025937625334,0.8387783334285684,0.06489551230181764,0.07283898591179147,0.22297953375144258,0.06461914526851364
2014-12-08 19:00:00,DEHM_BD,0.07933082590243941,0.10639667668540015,0.03838635494076729,1.1864449247216653,0.11331988726769557,0.5274653966820948,0.882021395511995,0.07877066218846462,0.07276351583650792,0.2576193473437555,0.06598756868412
2014-12-08 20:00:00,DEHM_BD,0.07638850158109778,0.09403710407515044,0.03860019842215659,1.1993041698623634,0.12604172695415083,0.45105685787155514,0.8805759051331062,0.09172725414954182,0.07346756383914715,0.20365453819939916,0.0677242477777681
2014-12-08 21:00:00,DEHM_BD,0.07128712404983932,0.08334362785355984,0.04118362557457734,1.2028888159597828,0.12119409540549829,0.3885039725833193,0.8624101964606589,0.0966576517269329,0.07895549825053177,0.08717850023337032,0.07045135154863562
2014-12-08 22:00:00,DEHM_BD,0.061785448123421356,0.08473087030107487,0.038889097572577504,1.1567623661336581,0.09146750384040163,0.36753607950045025,0.81120845802536,0.09086271096786473,0.08582077193914901,0.1371835357871266,0.07545043157295885
2014-12-08 23:00:00,DEHM_BD,0.05774478866128932,0.0894897702652144,0.03816558410699412,1.0729945109018753,0.08421899411922307,0.3758302283842238,0.7740504385356896,0.08737426813409642,0.08400807721586417,0.15914161231705992,0.08412475083662878
2014-12-09 00:00:00,DEHM_BD,0.05474265040147834,0.08977951949213395,0.04339125677531403,1.113413516325946,0.07405006619463188,0.3543068737650267,0.7660808333710057,0.07535515292197452,0.07066742001706251,0.12410564033999735,0.09598942351811326
2014-12-09 01:00:00,DEHM_BD,0.05018731151537726,0.07643855158357168,0.05726461377240472,1.135331139534472,0.062008724757973,0.32467825981618126,0.7602104179283045,0.0644380757985496,0.06347653665239916,0.1516365171073749,0.11124505620195507
2014-12-09 02:00:00,DEHM_BD,0.048988155448820854,0.0757972223620314,0.06167887672084016,1.0580219460114393,0.06105810722732443,0.2619625211016091,0.7342810612800554,0.0626346174156619,0.06702076923421568,0.15539416124380934,0.1317091467197051
2014-12-09 03:00:00,DEHM_BD,0.06194001573536293,0.0895854301060897,0.06004887396896584,0.9587047479235392,0.06336460160574864,0.17173183162430605,0.7120374515895651,0.06935514983953664,0.0760768041462263,0.1637037650738619,0.1556635395833593
2014-12-09 04:00:00,DEHM_BD,0.12558875202781516,0.10140464805702312,0.08900131256728651,0.8717466735978342,0.0666992434014727,0.16573457067373398,0.6577183300712814,0.07947371903352665,0.08463757536328384,0.17136628131705084,0.17703427800652793
2014-12-09 05:00:00,DEHM_BD,0.1919994294090242,0.11824108056896346,0.1480397986706206,0.8978194036595185,0.08718666842590314,0.18842385054111244,0.5953520258863672,0.08958146164411909,0.09979496816919184,0.18246271531317368,0.19258266385345474
2014-12-09 06:00:00,DEHM_BD,0.2160435130928874,0.17277401636947867,0.18986233470141298,0.9383778495728491,0.11940742696548114,0.21361202359048553,0.5677910638076037,0.09791120622561994,0.13343094176815815,0.22544536306659674,0.20731643439884043
2014-12-09 07:00:00,DEHM_BD,0.20622154368747952,0.2193945647030649,0.18929130912082603,0.9561350965525088,0.151428598159683,0.25828749163708914,0.5582092384024766,0.10169469831962125,0.1773475873421318,0.2809493991128447,0.22072336536648549
2014-12-09 08:00:00,DEHM_BD,0.20971725186887658,0.2334282630431698,0.17518928003110673,0.9147585554081679,0.17633278831957006,0.2920009238410773,0.5426096506998088,0.10549588683780738,0.21649935247946508,0.31825421906590445,0.23127979676737903
2014-12-09 09:00:00,DEHM_BD,0.18358943886257698,0.229283208398111,0.15217051348720775,0.802838470920457,0.20575938114498027,0.31681221116229585,0.49427396204615703,0.10552713900656432,0.22810285995477794,0.27990717246319163,0.22527523578142444
2014-12-09 10:00:00,DEHM_BD,0.16144275902745758,0.2082783679644692,0.14268618928216506,0.7010654471137263,0.23877825621496873,0.33843777956252974,0.43328749136660094,0.10674003012908609,0.22947182665508223,0.23389364635589288,0.20082226598787456
2014-12-09 11:00:00,DEHM_BD,0.1550588197712831,0.17761677093819705,0.13764390815254463,0.6531605380460127,0.25452151604100115,0.39631973094469153,0.3983249092049826,0.12124682386327987,0.21782392997036676,0.21699133485704183,0.1857899260181854
2014-12-09 12:00:00,DEHM_BD,0.15590839563385575,0.16252728716615333,0.13212897025481157,0.5827770458792967,0.25184867750888446,0.44080289277757617,0.397966600310418,0.14710829111924373,0.18491807418636036,0.21087296797696942,0.18165280665955091
2014-12-09 13:00:00,DEHM_BD,0.14351914815304792,0.15424392966023176,0.13083900761675196,0.5165329767108678,0.2531305959753201,0.4506331079645008,0.417533127664416,0.14229191557100956,0.17792007337250726,0.21834878506779654,0.18606453571914566
2014-12-09 14:00:00,DEHM_BD,0.13446480966593122,0.1384392800958919,0.1256095498711521,0.46885527768731117,0.275879233754142,0.484093974445439,0.47963268331717457,0.11764346947241561,0.18549039189979416,0.2330738106229388,0.19221324272039558
2014-12-09 15:00:00,DEHM_BD,0.1423824138879495,0.13044054588252893,0.121698877499448,0.4739941914165061,0.4238453486630762,0.5810071904519438,0.5631387985504406,0.10373476537819934,0.213317820193218,0.26181821739489664,0.19662525804565034
2014-12-09 16:00:00,DEHM_BD,0.17817611582010975,0.14657323141024897,0.12123406853894682,0.5992102516906067,0.617502954063015,0.6544383983322144,0.652943309337166,0.08755217796782022,0.23110630911955599,0.288047559484206,0.19641666074719966
2014-12-09 17:00:00,DEHM_BD,0.22248370565908948,0.1458676315675208,0.11870903121558002,0.8581653196427739,0.8745506480715306,0.8951582051707687,0.9065634051273612,0.08250883296104132,0.2266622540292887,0.3197433310274546,0.19914935509314047
2014-12-09 18:00:00,DEHM_BD,0.3493991804076056,0.14386225681916331,0.10874899279676377,1.2528768846082174,1.233336358953151,1.2885905791740166,1.2902168446235591,0.0751997889285719,0.2186730132746043,0.3986932672936654,0.20040177220114036
2014-12-09 19:00:00,DEHM_BD,0.6273386190686328,0.16975031173129546,0.0960918265909852,1.6547579814026696,1.6662866670956276,1.663810553908157,1.8644092092597062,0.06833532406568517,0.2115143484167753,0.7180572387216193,0.2060457064718473
2014-12-09 20:00:00,DEHM_BD,0.8892612349344359,0.365967907162453,0.09317249232485875,1.718858200776209,1.6142516429245723,1.6511164066001929,1.9193212174059426,0.06263472501285348,0.18117024541804544,1.0131845309615621,0.2146419487929157
2014-12-09 21:00:00,DEHM_BD,1.029258273275349,0.7681263221699233,0.16636594344634548,1.5853235943779533,1.49859706406564,1.605189012467808,1.7109902030968842,0.053067655495069775,0.22605389819500957,1.1144999202915427,0.22817361095944877
2014-12-09 22:00:00,DEHM_BD,1.188366801317819,1.1321494159154255,0.3958985042114182,1.3234520956873137,1.52973524914884,1.6466661004824397,1.5504234302659583,0.05681307611603272,0.5321372709535808,1.5149253480498681,0.22645137678880237
2014-12-09 23:00:00,DEHM_BD,1.3922221125891712,1.4298276703869457,0.5583291992175577,1.1933888653251667,1.579885125833787,1.8144022688530284,1.5224037225847598,0.05158016978032866,0.7606854166915175,1.6331704706590553,0.20898833426141164
2014-12-10 00:00:00,DEHM_BD,1.5258529301409345,1.4766911281317474,0.46939806130059053,1.354313832193589,1.3127831292395806,1.8541529108317785,1.840556102522394,0.029002413066797718,0.8122450741735752,1.6047835900073453,0.1889494046405748
2014-12-10 01:00:00,DEHM_BD,2.082087205585126,1.3204057795268855,0.3514467275767027,1.7149607070324835,1.010742833255413,1.7330290291871602,2.126069262894763,0.028982696442338536,0.9352583800941892,1.9145716893142741,0.1752094550568843
2014-12-10 02:00:00,DEHM_BD,2.1658221365335955,1.1002211614377981,0.14501025496032066,1.8902352834256648,0.7047213085846882,1.3590232411128715,2.054840552784749,0.03680911040013266,1.0799190493274107,1.9685127722802758,0.2106143435074387
2014-12-10 03:00:00,DEHM_BD,1.7365105294778198,0.6738836200205794,0.0720015512203796,1.5961020628795959,0.40187783584356307,0.9533891208098083,1.5102406878439079,0.0288635977691201,0.9664880119168012,1.6473708986492825,0.3779826192779419
2014-12-10 04:00:00,DEHM_BD,1.3786860639298706,0.36140347076679563,0.05359605974645345,1.113185468021737,0.24604815792862314,0.6656121087687158,1.0088073304043523,0.020309204893022143,0.7963718165042996,1.3104306394607574,0.6477010354957041
2014-12-10 05:00:00,DEHM_BD,1.061078377714567,0.1626316935333888,0.05493614995978989,0.79117673251461,0.16430884461874123,0.4693597021940582,0.7124264890766492,0.02051974380547429,0.46675282980188704,0.9256633543612808,0.8964930415637336
2014-12-10 06:00:00,DEHM_BD,0.8117497612538561,0.08091507788046244,0.03755716814411085,0.576626099252596,0.13704588928179795,0.3189263812344836,0.5158744407195271,0.020777919421017456,0.24123489955767982,0.8282649618577211,1.0037187167010828
2014-12-10 07:00:00,DEHM_BD,0.5298984192395209,0.07295962374863202,0.03735624238390694,0.41017160173811823,0.10922091408007772,0.29422493594189514,0.3946798543479042,0.021072914794198445,0.10984225814156227,0.6873307417583091,0.9697442678120266
2014-12-10 08:00:00,DEHM_BD,0.25706976322123765,0.059071874863392264,0.03372838816510798,0.35457619631059345,0.08751789550728138,0.3243238471494365,0.3713867582479713,0.023100792203333664,0.07200197056291609,0.5105928890962153,0.8736267222905159
2014-12-10 09:00:00,DEHM_BD,0.1451843270573113,0.0416160339606866,0.03135871296677728,0.33318933856079425,0.07451610187358203,0.2644694596914563,0.3490322943845135,0.024203353175721014,0.054696789374593546,0.340433259351924,0.7302911772675812
2014-12-10 10:00:00,DEHM_BD,0.114699390208125,0.034745094223408775,0.03370037010403571,0.30641492520106806,0.07247650973388914,0.15954293608653197,0.2816542162395076,0.024653993312390585,0.047291892157690474,0.21295571597987772,0.5552322271397708
2014-12-10 11:00:00,DEHM_BD,0.09158802550196177,0.03182753034985209,0.03339955606621797,0.2891075723798656,0.07219094602737551,0.1221823558068007,0.2092061071891395,0.024469182613133134,0.04649536640533231,0.1746875898979743,0.375414142686501
2014-12-10 12:00:00,DEHM_BD,0.07356847086402574,0.032587762410526695,0.030497591622614378,0.2424753798195841,0.07110916151351286,0.10575342924704823,0.17560624519865767,0.0244147786934862,0.044671888437846065,0.15352101533400803,0.22209738292993025
2014-12-10 13:00:00,DEHM_BD,0.057502042078419885,0.03189570940877416,0.03081565319988551,0.21155495448198858,0.07192000242155026,0.10662415442158403,0.19247063749201554,0.02636924110205407,0.04847491223549921,0.14849513597148917,0.1321530682588415
2014-12-10 14:00:00,DEHM_BD,0.04717542831175242,0.03081226606061408,0.031959173035112,0.21172322569402746,0.0706828651331131,0.1257796446540848,0.23361199706896058,0.026549282485974247,0.05596547381792904,0.1305212686131521,0.09294148457145296
2014-12-10 15:00:00,DEHM_BD,0.04558567213931803,0.03360511537148792,0.031765896556186286,0.25159900665449414,0.07245734870031928,0.164064459605847,0.27241429932536276,0.02574691853541066,0.05203505150184608,0.11109313148702948,0.07724201756191894
2014-12-10 16:00:00,DEHM_BD,0.04888858806421147,0.04069453582052561,0.03237834929777068,0.4078520102343443,0.07742051871418472,0.27768794175034095,0.37037883116541215,0.025676144281841937,0.039602828903931866,0.1041002963049289,0.07174772098761037
2014-12-10 17:00:00,DEHM_BD,0.04971507873698467,0.04634498869531993,0.034827933969556954,0.7217267047088511,0.08257526941152277,0.44115911347174425,0.5002255021124251,0.025432154304935083,0.035050409510739705,0.10671436550631871,0.06592050529100223
2014-12-10 18:00:00,DEHM_BD,0.05324728352684394,0.04956552810864586,0.03426136950420434,1.0418557804131872,0.08804866365205485,0.5150796151309533,0.6422253863246508,0.023974165593197247,0.03455702755630444,0.11567828577892841,0.05874516978959543
2014-12-10 19:00:00,DEHM_BD,0.08386062853721421,0.05242903554933109,0.03353455477114757,1.2057103893660475,0.0956109900932851,0.5523282110400247,0.8200333259024949,0.021971261616921447,0.03698282543327489,0.15239400641213624,0.055207150798898555
2014-12-10 20:00:00,DEHM_BD,0.1435950364489852,0.05276632558964417,0.033623017992661264,1.2269990598563738,0.10748531034562717,0.5886641968017726,0.9763543646546721,0.019909665651769617,0.03993614239177317,0.2909456664071044,0.05784633826612476
2014-12-10 21:00:00,DEHM_BD,0.16467759182816366,0.049254102775419556,0.03363979362721077,1.1936395522839247,0.11968261934864315,0.6144776567374213,1.0562885658789327,0.01910173660946415,0.0415653148317036,0.3966727391533087,0.06572378029155065
2014-12-10 22:00:00,DEHM_BD,0.14675497632270668,0.044167035530976916,0.03352428728236569,1.1170761687650181,0.13778308476202183,0.649388016485919,1.058409019133494,0.020151532546602076,0.041293223943744364,0.39245214965717856,0.06580274572219219
2014-12-10 23:00:00,DEHM_BD,0.12943932889974666,0.04048752269533276,0.03403996020044894,1.0781771603566779,0.1600080399490333,0.7063020604242491,1.075127207306745,0.02184260473982062,0.040461758800046224,0.3256442515771462,0.05696966209871684
2014-12-11 00:00:00,DEHM_BD,0.1214197013794489,0.039790008965385947,0.03610765933631667,1.0012653130625258,0.16980316539119925,0.7359785315639145,1.118670182051242,0.02342549165728747,0.038326301950644785,0.2835643384638056,0.04890274783912108
2014-12-11 01:00:00,DEHM_BD,0.12428164025021232,0.04247532571246553,0.038857694038096684,0.9248093907804997,0.15033999283131197,0.713610034148151,1.0588780302873055,0.02463426018192704,0.03661064161955606,0.2650117682909219,0.04857284849742413
2014-12-11 02:00:00,DEHM_BD,0.136562587066898,0.047311809115901,0.0409394516255961,0.8006235523324878,0.1229102899459004,0.6577917046442217,0.9245425152943585,0.02562852632155569,0.035973245960801,0.2663541116419248,0.05131581483693782
2014-12-11 03:00:00,DEHM_BD,0.16510983705259846,0.05098297001779994,0.04316949419497494,0.6955247798390127,0.11533246502151698,0.5744650725407769,0.7791257642015162,0.027190478704833407,0.03673198595131189,0.2952474974787699,0.0537971747423987
2014-12-11 04:00:00,DEHM_BD,0.19017307312172818,0.049951811259907865,0.04303707998011605,0.5864283746610581,0.10512168634587885,0.46276826839846075,0.6506795061208355,0.028912344611719463,0.039717051011362824,0.362294135742802,0.0567361976635827
2014-12-11 05:00:00,DEHM_BD,0.20253143009427926,0.04887160163651084,0.04053040156136615,0.47650198027918106,0.09478421085499204,0.363772319253995,0.5565424220584658,0.029670315835338384,0.0435691252912404,0.47680621984809624,0.059320107461856515
2014-12-11 06:00:00,DEHM_BD,0.22942958904432123,0.04920947989508612,0.03699062759212214,0.4025831108753266,0.08806333180384696,0.3105464384983316,0.46977082220975064,0.02959838616198252,0.04704533904370081,0.5795762130209896,0.059601017115181266
2014-12-11 07:00:00,DEHM_BD,0.29565584590885785,0.04939509195918147,0.032005760403450684,0.36383635077606535,0.08184050631131967,0.27957294575195163,0.4102944203684432,0.029263647886876847,0.04844381727942715,0.732002492480725,0.06083055055805468
2014-12-11 08:00:00,DEHM_BD,0.32089044754131674,0.048365029360625984,0.030448361609683394,0.35821227052594284,0.08208101211449349,0.24284930755591064,0.3715453408282411,0.029430138544676514,0.05113785409222135,0.828760421485193,0.06123952660390862
2014-12-11 09:00:00,DEHM_BD,0.284899840366286,0.04460786582395689,0.03185759037572534,0.3224198457494941,0.0824871694384048,0.1840899773376931,0.30355668153398374,0.03054690317053635,0.056258572862879414,0.7782032282952311,0.06088512035347035
2014-12-11 10:00:00,DEHM_BD,0.2273021455580018,0.03956932316385785,0.032978968720929404,0.2571409847241438,0.08459013200914467,0.13058226623831337,0.24232972837562894,0.03181172424662593,0.05915029139560704,0.6835004197729517,0.06274032842905251
2014-12-11 11:00:00,DEHM_BD,0.1688000945229548,0.0331977617842518,0.033540916884449774,0.1977703300489007,0.08866273556557475,0.10171405986385472,0.20682081535182073,0.03254145813538001,0.059454316598605894,0.5739685005492344,0.06988701894832529
2014-12-11 12:00:00,DEHM_BD,0.12097538343596495,0.029801372447271157,0.036228994626128636,0.1757489113297021,0.09309477919159434,0.09344514815902354,0.1717345302767404,0.03270747841506008,0.05602903670365797,0.4547230062355565,0.08161448828707082
2014-12-11 13:00:00,DEHM_BD,0.087860822100446,0.02948056752860431,0.040768662900969546,0.1871517345408742,0.09565735754454487,0.09839152701320737,0.15414649021116653,0.03205698094681107,0.05033186784205249,0.33438137793998224,0.09855421526818864
2014-12-11 14:00:00,DEHM_BD,0.06608071300482825,0.03150955077487426,0.044336164775443145,0.19047604863075648,0.09859933588477762,0.12356302213539419,0.17408910333154184,0.0323328241024482,0.044579275803293454,0.2181082776831995,0.1251544016420572
2014-12-11 15:00:00,DEHM_BD,0.056891369935842054,0.036749572115990635,0.04561810473995836,0.22551691362851992,0.09862817697202778,0.16462740092475925,0.23147561253043092,0.033788185990378916,0.04009717350717619,0.13623899278105361,0.1680446733142341
2014-12-11 16:00:00,DEHM_BD,0.04748987823109481,0.04307720291782174,0.04922517201806165,0.30476868996773654,0.09545587823010034,0.22383803289112472,0.2799196911953837,0.03496713703011825,0.03686659806189588,0.10093253996943315,0.22784197986649396
2014-12-11 17:00:00,DEHM_BD,0.040213134922210396,0.04672354015780367,0.05488346201898507,0.3759826066396946,0.08360462492401702,0.2912211425920994,0.3121804865482046,0.03529523078286895,0.03455410850999113,0.09089948749471899,0.2915201354818586
2014-12-11 18:00:00,DEHM_BD,0.038745141127430646,0.05209413954688542,0.06365709301199819,0.48985536892994386,0.07774466631802715,0.2995797872071625,0.3527815202162379,0.035094101773225694,0.03512500777088804,0.06640506487764167,0.3446092049281031
2014-12-11 19:00:00,DEHM_BD,0.04173633833080519,0.06113037374415451,0.07214368133307482,0.5998716476050365,0.07719080982492285,0.30070090856569054,0.3848033114621268,0.03525911920748374,0.039183946915450386,0.04971723791912271,0.38362727764633703
2014-12-11 20:00:00,DEHM_BD,0.048113069123124526,0.07475974063640645,0.08123333342803625,0.6512139741833531,0.08574887098733329,0.3271642402434796,0.4003470057590893,0.03643961111382764,0.04435404336454099,0.04674895363181149,0.41168906895125035
2014-12-11 21:00:00,DEHM_BD,0.0529775211298599,0.08527181590306857,0.08258094996213713,0.6854349147288064,0.1146314040405023,0.3853366176596522,0.4814604321328847,0.035541936955392504,0.04851975353994431,0.04816652832359241,0.4253612101512251
2014-12-11 22:00:00,DEHM_BD,0.05322775531828865,0.08889471078888017,0.07975420251808933,0.6717553342613196,0.14935874075428573,0.38640296709400074,0.5571915199689897,0.034283700347954575,0.053580156487980785,0.04960554937817382,0.41625774621065575
2014-12-11 23:00:00,DEHM_BD,0.050745099888442696,0.08161762797264145,0.07938559214385105,0.5690297413634771,0.1344952398915587,0.27151964766326225,0.5361519668543245,0.035526882951157246,0.060418158344509885,0.049720726925055324,0.3971709312040452
2014-12-12 00:00:00,DEHM_BD,0.04797813229003214,0.07466722964165567,0.07527833480956027,0.33448249765658267,0.12478462198114014,0.20756920914699772,0.44074991370519734,0.03683405463908887,0.06831654274629885,0.048871425526798476,0.3761803032522303
2014-12-12 01:00:00,DEHM_BD,0.047655342703762475,0.06936821375607641,0.06954932788884255,0.19045333539688952,0.13020796671649434,0.17835671791369317,0.3041240526287652,0.03881307251987253,0.07598603560855653,0.04809579002640198,0.33967080929710175
2014-12-12 02:00:00,DEHM_BD,0.04727285703389194,0.0602682935121483,0.06511945398850183,0.2160163323490542,0.14474273651450853,0.19705185455559276,0.2390075890404812,0.040583476192247885,0.08129288340042393,0.05122255443587777,0.26894924427260636
2014-12-12 03:00:00,DEHM_BD,0.05188502679902579,0.05239906137392218,0.06588699401271059,0.27399047004274774,0.1318829314075782,0.2543553771398494,0.27403503229825976,0.04298150920553798,0.07965981907349706,0.05696008984934529,0.18868665586660538
2014-12-12 04:00:00,DEHM_BD,0.06335782432892345,0.05104291172999098,0.06444869381530202,0.32805204833195295,0.16325994797877963,0.31175638384999693,0.30301477204432925,0.044490871147033415,0.07591115509524923,0.06476100236239599,0.12764867693000934
2014-12-12 05:00:00,DEHM_BD,0.07443195104879088,0.05745710663074699,0.059976397253944845,0.3298909856892912,0.2300470342696084,0.3316092221168253,0.32158862343670547,0.04574042760527609,0.07069552220965417,0.07508108967071628,0.08549924235241355
2014-12-12 06:00:00,DEHM_BD,0.10171216135766119,0.06774768208023975,0.06205443753020129,0.2860780342854524,0.2295690432205516,0.29200687954262117,0.28128207699581975,0.046948272918737675,0.06531466382935176,0.10360346518434563,0.06471642455154715
2014-12-12 07:00:00,DEHM_BD,0.21709453240417398,0.08402524948776809,0.07916045837469214,0.2463627403768453,0.19819592424284654,0.2615801266257091,0.24480156898458713,0.04823736132146948,0.06373020376644103,0.23633164228887632,0.06116440306096669
2014-12-12 08:00:00,DEHM_BD,0.4805390095529007,0.14378044696251796,0.13743128258929668,0.18416147765868324,0.14579361153440532,0.21146444952005042,0.18980053841866307,0.04980852485792403,0.06406027937177199,0.5748792699069202,0.06622627058171131
2014-12-12 09:00:00,DEHM_BD,0.7469887924616456,0.20719803709142948,0.23745338414568698,0.125312385861813,0.0952563875133543,0.14750483929246888,0.14079499249173077,0.05258461372095036,0.066780820200178,1.0294625347469863,0.07130220956792804
2014-12-12 10:00:00,DEHM_BD,0.5264932657453604,0.14066431996542256,0.1157428682705939,0.09341307206011012,0.06702354770645488,0.10452588321526633,0.10363994720833135,0.05625610333451408,0.0722653134903392,0.8978939409755402,0.07260305459011043
2014-12-12 11:00:00,DEHM_BD,0.1553030579750238,0.10452200836147171,0.07480307147617501,0.07551628524846726,0.05683378075679743,0.08353750742594282,0.08082454390490883,0.05823414520094138,0.09128272924025292,0.25539592816259,0.0725370056854175
2014-12-12 12:00:00,DEHM_BD,0.08529147584270666,0.0833079182286327,0.06907112271550567,0.0654699596940288,0.0707124145253932,0.0787041596159361,0.07116948693885332,0.05822374169465559,0.18844247923265667,0.09048649685162108,0.07233066104999039
2014-12-12 13:00:00,DEHM_BD,0.06654913101056574,0.044293524293596793,0.07148657200559021,0.05849436621974852,0.08900023402366775,0.09461461416429708,0.07635276744842467,0.059695553502740493,0.4035227661783155,0.06786158319200382,0.07135848153141486
2014-12-12 14:00:00,DEHM_BD,0.0562200056416912,0.035544221083726596,0.08165728209281217,0.059664937501813876,0.10985368857406995,0.1467590312473231,0.09993564055050655,0.0631526436996652,0.6253808359010238,0.05787545550914466,0.07069864192087305
2014-12-12 15:00:00,DEHM_BD,0.03972724034680047,0.029579599648089924,0.09206875879507265,0.07986388987252009,0.16532880130768737,0.2485082904369194,0.15316784163149472,0.06733851939893143,0.6304091697015053,0.04639213855010443,0.07231631280739789
2014-12-12 16:00:00,DEHM_BD,0.05434704727428952,0.041346205273373,0.08210090723050868,0.15116797326953485,0.2627571444233412,0.313756557297201,0.320228082555299,0.06930610405918121,0.4260684860264695,0.08155127915688312,0.07421871954584716
2014-12-12 17:00:00,DEHM_BD,0.03464854187836852,0.12274098664482111,0.06270423000269089,0.34353414324954434,0.3779043076806049,0.39886034445993473,0.6129328378745538,0.06837909975189588,0.2979564481242186,0.14713965478589278,0.07831400581230161
2014-12-12 18:00:00,DEHM_BD,0.03883508530329897,0.1812914425566186,0.0747846349933614,0.606906529878464,0.4750497533737029,0.5835728342871196,0.7943382395831126,0.06714259175341925,0.31302813036028754,0.0877684252988872,0.08579549016320726
2014-12-12 19:00:00,DEHM_BD,0.038101265689283494,0.12868370094528297,0.0934739000544323,0.7945526778414636,0.5390904933164734,0.8026811395933502,0.9237682265560297,0.06682515567543906,0.44006201325532857,0.045507219478161894,0.08980307968280207
2014-12-12 20:00:00,DEHM_BD,0.058148004546537874,0.10778517902457602,0.09622631910238866,0.9065842147590977,0.562077193196062,1.0191927517191164,1.1455945121347249,0.06699155409397535,0.5567649958075442,0.05970131074631563,0.08651003524363146
2014-12-12 21:00:00,DEHM_BD,0.07443805548934257,0.10852884506749326,0.09008795021675868,1.0959247012981255,0.5402078530450725,1.1190126757767094,1.4010590229462985,0.0657553899612114,0.6687979522780234,0.06561079830385728,0.08330946761783894
2014-12-12 22:00:00,DEHM_BD,0.06866080774566145,0.0962680758698603,0.07444001279190414,1.3486820040050003,0.5848789625337905,1.152232175899158,1.5629410217643005,0.05636289957319876,0.7535368297242746,0.05008411191433659,0.08517228169645169
2014-12-12 23:00:00,DEHM_BD,0.09172175916319941,0.08823564023201344,0.05271789825797768,1.5813478694823613,0.6206203870050608,1.1952596751834197,1.6822561469711141,0.041694062040976705,0.7383118251489289,0.05647764530522736,0.08783403828738237
2014-12-13 00:00:00,DEHM_BD,0.09695968468179914,0.07090654438551738,0.03851134626328815,1.751482178756541,0.6538727127196545,1.2537320431732661,1.8033012122768444,0.032809568499962284,0.6262762220360711,0.08709539619967797,0.08322746304117135
2014-12-13 01:00:00,DEHM_BD,0.08174234363618298,0.05236211813258464,0.025482189484869355,1.8328852185080344,0.7043175323966423,1.299082894829645,1.895255102653373,0.026771382817678286,0.4188119015105813,0.09203057028376715,0.08271835620978829
2014-12-13 02:00:00,DEHM_BD,0.06656591565469724,0.03829222557558277,0.020641289871716775,1.8346355127068004,0.7192030391461215,1.3155307376518692,1.915636880935353,0.019648137772240885,0.1768656031496822,0.0883776231234788,0.08787496498670419
2014-12-13 03:00:00,DEHM_BD,0.060904902797931405,0.02308599137979681,0.03894613313049993,1.8318701453922415,0.7262648386395815,1.3139368656106918,1.8485075879980812,0.016431878315422158,0.08245374747924489,0.08176329057774613,0.08994361444361486
2014-12-13 04:00:00,DEHM_BD,0.0488874053494584,0.03024703927758053,0.061772428509386884,1.857487204058512,0.7389485382455492,1.3163400662079354,1.7511763376394986,0.0234340545527356,0.04855105928939281,0.09065270894268167,0.08811293683631334
2014-12-13 05:00:00,DEHM_BD,0.03099682753784566,0.055060808776256,0.0838227253465981,1.8765454086240347,0.7671630119332624,1.3239732281898637,1.6566118549792257,0.02834494959111316,0.027432679672012936,0.0817347228070393,0.09003174458675078
2014-12-13 06:00:00,DEHM_BD,0.03169063699627979,0.07736739816569971,0.10285627074230694,1.896407089681241,0.7596096267599891,1.3357553590897249,1.590947914728258,0.026903590450761742,0.02789110753566009,0.05402740320148173,0.09569907612053663
2014-12-13 07:00:00,DEHM_BD,0.052203210301226745,0.09452343651183731,0.11192420837360073,1.9434036263802013,0.6287631284956493,1.3244994777639005,1.5820226181711874,0.030247227045512914,0.040388254529815065,0.03695073762470951,0.10237512145504801
2014-12-13 08:00:00,DEHM_BD,0.0732442427089971,0.10854703011078183,0.1283419335116474,1.9864324652011736,0.5117367237403895,1.2588166864944192,1.6168699096267822,0.03790076129963482,0.043307640359401614,0.04423133474777098,0.10684998853903493
2014-12-13 09:00:00,DEHM_BD,0.08586136738962487,0.1267360729897182,0.1460384094929467,1.7974596940069043,0.4314546851182635,1.1690355103017516,1.5971254999812838,0.045737743026944645,0.04734559644640403,0.06547472619008027,0.10762352494490557
2014-12-13 10:00:00,DEHM_BD,0.09215299750643766,0.1462535246479239,0.15565510165675714,1.6299802775334842,0.3694028828217553,0.9531844278663553,1.3770147309525282,0.055201490106149484,0.0553212157487029,0.08874100187336556,0.1174672519212494
2014-12-13 11:00:00,DEHM_BD,0.09666209123297809,0.15919370464436233,0.15431013282596903,1.5492711633466667,0.31013247104049657,0.7158591521320239,1.2200763102729868,0.06482919396402184,0.06670210446154697,0.10817851773270401,0.1313387462002083
2014-12-13 12:00:00,DEHM_BD,0.10425872909658342,0.16532406354534135,0.16365125118587737,1.4259052842469142,0.27043031975605974,0.5821871575381823,1.0690957403907826,0.07308353654263641,0.0764121851109153,0.12268443203158906,0.13242910925142448
2014-12-13 13:00:00,DEHM_BD,0.1133927799621206,0.17090465301731836,0.18082590447584626,1.3491919042373037,0.23488719387159673,0.5496450596562259,0.9016357633224206,0.08535532875240301,0.08930798208259955,0.13640184610464065,0.12176639325297664
2014-12-13 14:00:00,DEHM_BD,0.1198559652567415,0.1851905782079339,0.1841016998761239,1.4061363530380797,0.2286473579430766,0.5836430024154163,0.8085620990883644,0.1010935365502628,0.10350062760625953,0.1499251641690675,0.10660229412933159
2014-12-13 15:00:00,DEHM_BD,0.12489669174237,0.192690739747348,0.17885330299674518,1.4181272321792515,0.24073722902711459,0.6655333721892238,0.7328835768665927,0.113229642427233,0.11921411949723944,0.15994373262942063,0.09228407818234396
2014-12-13 16:00:00,DEHM_BD,0.12674024565377845,0.1937463567767163,0.18000200015719503,1.4175905194438894,0.2607729413296747,0.7894286423495627,0.7686347696405713,0.1246021952055673,0.1394871150549966,0.16754690515760157,0.07787542542779924
2014-12-13 17:00:00,DEHM_BD,0.1274753464385514,0.19073521965125537,0.17350551284034021,1.337395983830248,0.2943553456110599,0.8963045630890463,0.9243178738721028,0.13651808626467468,0.1492795998611719,0.1766104856355529,0.06685477748956982
2014-12-13 18:00:00,DEHM_BD,0.13559120846046419,0.18793548299405974,0.17128442748691416,1.3724673755873402,0.34247657282869326,0.9617763442979032,1.1600754076723068,0.1422892694852576,0.1544445540999713,0.18216714091793343,0.05523007703084773
2014-12-13 19:00:00,DEHM_BD,0.14245682661456965,0.17626216772395423,0.16210784906251816,1.5268235650620376,0.36527603578247125,0.9980641808017424,1.4095861637238496,0.14681734499869864,0.15810448372945168,0.18434243435056846,0.047198296963066204
2014-12-13 20:00:00,DEHM_BD,0.14482627631013972,0.16963987095279576,0.16481331839340377,1.6824106683787434,0.37101996919870356,1.0401010152072012,1.6079459093513675,0.1615852246133189,0.15634268737966184,0.18814387693934428,0.045382429550865896
2014-12-13 21:00:00,DEHM_BD,0.14089797214333083,0.16757038707605668,0.18249059996296207,1.7841617662587619,0.41324736040128385,1.07912265397667,1.7506326671433343,0.18032398470193134,0.15000392534337925,0.19178561521740628,0.046356013720662316
2014-12-13 22:00:00,DEHM_BD,0.16253328249065654,0.17450507337824875,0.1956670351160619,1.8796199691163538,0.5265977104809878,1.0920491882289936,1.8616324605173442,0.18218901139235116,0.1443503563085383,0.18828170897226768,0.04829879451895882
2014-12-13 23:00:00,DEHM_BD,0.1651795183161156,0.200619828804489,0.20233002385755527,1.9474204447580976,0.7154900423883275,1.111469713371587,1.973221351070999,0.17832584431997722,0.1447643115982598,0.1913775769275076,0.058233290582974884
2014-12-14 00:00:00,DEHM_BD,0.18480773393928066,0.22118751539990258,0.21140694411976252,1.9481049238537251,0.9277482937637809,1.176930704764598,2.009371498042607,0.17248744869866406,0.149619000376649,0.19945215725401408,0.07724258916444926
2014-12-14 01:00:00,DEHM_BD,0.18971857464401032,0.21422960143526631,0.21289799472933627,1.9694916824614457,1.0970360976715665,1.2356183300778643,1.9676400312808084,0.1597875597454758,0.15138819870213502,0.2143432566540495,0.09602220549167012
2014-12-14 02:00:00,DEHM_BD,0.19414747824084938,0.2267360361952005,0.2164857656328494,2.0137809391559633,1.279742620972311,1.357600420059082,1.9137068366698524,0.14940476072607578,0.1509613742256048,0.2305254396752957,0.10752623802767525
2014-12-14 03:00:00,DEHM_BD,0.19659653496321278,0.24845151517954212,0.2183047325052221,2.093696159879174,1.519272467908356,1.6376833984287458,1.9792984819659172,0.15133715624436725,0.15827097037975665,0.2490017836508467,0.11348500389628163
2014-12-14 04:00:00,DEHM_BD,0.1942820125294429,0.2898831054717784,0.2417814443952846,2.150423169460581,1.721463031686852,1.9440904916127026,2.13561039779142,0.16119885740582124,0.17953475111883113,0.2591547412165067,0.11943766048621661
2014-12-14 05:00:00,DEHM_BD,0.21120683811070146,0.33021887834940145,0.2756005785825856,2.2434290703081303,1.8449219766628928,2.1157147262889846,2.0541210475669844,0.16768017191347426,0.19616971764515787,0.28840006997706363,0.127694314633175
2014-12-14 06:00:00,DEHM_BD,0.27625788566996334,0.4096632508572656,0.29142767692172955,2.2935773700487028,1.9609376152967846,2.1907645021909476,1.96530334867551,0.1687258242927117,0.20001211412300224,0.3232138207329901,0.14108550726775107
2014-12-14 07:00:00,DEHM_BD,0.3684640031195059,0.5912356973398848,0.5196319230521429,2.062637288476301,2.0418450908160213,2.3086861129931733,2.0601851513226235,0.15898573372679753,0.21282566180948734,0.3828782504965317,0.157537180968121
2014-12-14 08:00:00,DEHM_BD,0.5444109137608296,0.7859605846745381,0.7284242052582499,1.8592675058523893,2.183627624711618,2.4154328890899244,2.1825454281733463,0.14689697775975794,0.2600230162334941,0.6136863077601324,0.17550722519469747
2014-12-14 09:00:00,DEHM_BD,0.774570794529207,0.873803527319933,0.7260323952990362,2.00000371746663,2.3739427313044663,2.5689962538605204,2.1335409476553746,0.14457145338367655,0.4019568212696082,0.8328364887253659,0.1942574047806962
2014-12-14 10:00:00,DEHM_BD,1.0023807805200107,0.8192029826323559,0.6437697577137703,1.9741327785682934,2.3972452919400764,2.6110150942105985,2.129501991608329,0.13948764258155588,0.5190519144652433,1.0053954641157388,0.21137309528311288
2014-12-14 11:00:00,DEHM_BD,1.2209643116618691,0.5867406215391168,0.5081047701315803,1.693876994159341,2.1996163094862924,2.6234194676576856,2.139318663888689,0.1402895424632727,0.660530243915487,1.1532804246971011,0.22210880423743168
2014-12-14 12:00:00,DEHM_BD,1.536476447948646,0.5247970835922471,0.40654371345291607,1.4952410106617504,2.1129145217989294,2.5730043947984638,2.0639286713144456,0.12607590150682238,0.743436723787263,1.282065847835946,0.22220356246315928
2014-12-14 13:00:00,DEHM_BD,1.815021895240727,0.5443556458263681,0.3740704719453264,1.4085651551489464,2.0263673011539365,2.3636976036665285,2.0099587710666844,0.10747100837638589,0.7195145991902612,1.4622716888191316,0.22437388118018012
2014-12-14 14:00:00,DEHM_BD,1.9867408334736025,0.6245691082913287,0.38052381699532256,1.345658385402284,1.9202963478689805,2.1309767202123546,1.8654667573076253,0.09508681302730909,0.6375428784314542,1.6450790037461627,0.23203090604539012
2014-12-14 15:00:00,DEHM_BD,2.087869938559084,0.6914518905649194,0.2967110377439693,1.3439038176972955,1.859601104680337,2.003241500577503,1.7530241175304762,0.08261489289724715,0.7198853503240272,1.9185733079448366,0.2378503243630192
2014-12-14 16:00:00,DEHM_BD,2.159865807266094,0.6811805043621919,0.23112988660016434,1.4329138254518585,1.8385186756769427,1.9715318272060935,1.7407211114426762,0.06771628172802266,0.8618409518690406,2.2296059345462718,0.2593435661588119
2014-12-14 17:00:00,DEHM_BD,2.320970788275206,0.6515037782444524,0.2108650350227672,1.48502750007201,1.8025989549092087,1.9591901695541711,1.847014674040396,0.05583244433664475,0.9729980936745553,2.5130925666383144,0.33500975993481924
2014-12-14 18:00:00,DEHM_BD,2.48420969352089,0.592397286176579,0.21311856531349915,1.532763679519894,1.7771386349936993,1.9372277342382003,1.869825116869913,0.059907308072713064,1.0422557389354146,2.82188315511097,0.45401941898155956
2014-12-14 19:00:00,DEHM_BD,2.689267996813464,0.5671086006793007,0.20865726363953654,1.6199162458106615,1.7049240615791899,1.903309035244463,1.8225492990233052,0.05915690440721331,1.0785030316212771,3.032841521955584,0.5576702263089548
2014-12-14 20:00:00,DEHM_BD,2.9838529083945446,0.5118146676017995,0.1780957604284397,1.6786415802201866,1.561776413321758,1.8711793777663122,1.7899787298018635,0.048835680683380796,1.0632064685963094,3.0964046181238074,0.5947435726338252
2014-12-14 21:00:00,DEHM_BD,3.230915739451061,0.46935701923719597,0.15081253498183544,1.6201342393728255,1.3348450145480688,1.7786185140991617,1.8115206932552794,0.04476134922892897,1.0730897969486564,3.180091181640523,0.6148003696365281
2014-12-14 22:00:00,DEHM_BD,3.4097283932505134,0.472057857875945,0.12596132440888314,1.6400600315086962,1.246031319086789,1.7451583000189703,1.852070520572489,0.050475652088974456,1.093163232612647,3.308918913342745,0.6989777212606741
2014-12-14 23:00:00,DEHM_BD,3.5436378025421478,0.4623671154831116,0.08999760862684794,1.7755314924202266,1.1567734045975702,1.715340272708913,1.9434765275703727,0.052380364029419736,1.0996985878702998,3.4223482335628406,0.8810821012654155
2014-12-15 00:00:00,DEHM_BD,3.4791088352531174,0.40403951327330423,0.062348178951227885,1.7486303242606307,1.045276204508054,1.6297054222577692,1.9742450260215523,0.04817348851902817,1.1086696395032107,3.5883104089677356,1.1435491394269466
2014-12-15 01:00:00,DEHM_BD,3.3351618881162124,0.33238465384015337,0.05170983371672671,1.7701933641047054,0.9311879548544716,1.5277733000031608,2.0242780164587364,0.04662131094389666,1.092192044963613,3.64343896011294,1.4465895480297135
2014-12-15 02:00:00,DEHM_BD,3.198596529621205,0.2698427135414163,0.05397356295783062,1.8340892115885283,0.7938560353009868,1.4236292193584212,1.948842042239025,0.05112337104102058,0.9370491681051627,3.8012992760497424,1.7463077381010352
2014-12-15 03:00:00,DEHM_BD,3.003844525809344,0.23837380482606585,0.05878414703629889,1.8775720340303836,0.5509374298246017,1.2274543111476652,1.7495490369553288,0.05178095375093455,0.7229932562372089,3.9020813216293275,2.0873707633679173
2014-12-15 04:00:00,DEHM_BD,2.6871815207249226,0.20202911811013224,0.04951587063977945,1.851569317143405,0.3234132894953526,0.9651818738730729,1.5859932679213482,0.05077242366318257,0.5394843129153549,3.6959783744179786,2.4375264001714063
2014-12-15 05:00:00,DEHM_BD,2.342414915387621,0.152489602115834,0.06353009309853244,1.7363488984096918,0.2271618113941511,0.6261927893975086,1.290054796478235,0.05236787555491094,0.3607363997283205,3.237759279596452,2.5815018694992924
2014-12-15 06:00:00,DEHM_BD,2.022132158732009,0.10261276371274604,0.05685424035678084,1.3497369398480281,0.31370749795932307,0.4254597309745055,0.8528934675076044,0.056307727675142305,0.2329473213042317,2.673837225294672,2.5447727917983296
2014-12-15 07:00:00,DEHM_BD,1.6002134758490603,0.10823806159406663,0.04812895334626632,0.8271006322915149,0.4843156866920738,0.4960193269032658,0.613430241938533,0.05753540172993432,0.14587641118079414,2.152226169735566,2.30409645187363
2014-12-15 08:00:00,DEHM_BD,0.9656906222801562,0.1397453850268176,0.06040640694995864,0.5978270292814675,0.5786264710422092,0.6561225960023618,0.6247133055852987,0.05991198524531781,0.08882888157773747,1.808913120458722,1.9647409428830447
2014-12-15 09:00:00,DEHM_BD,0.40871121198738913,0.10241992455291082,0.08581618547508478,0.601669155946495,0.5424291074748686,0.726662917975732,0.7135403689102985,0.06511813772222942,0.07772945538206948,1.4942227512520552,1.681073160610199
2014-12-15 10:00:00,DEHM_BD,0.21644827094565594,0.05973937269413742,0.09592392283871756,0.6676673232841016,0.41774091126989094,0.7258279971475526,0.7776587228852462,0.07076885474757019,0.09053598286095058,0.8360363154338579,1.4131248018471523
2014-12-15 11:00:00,DEHM_BD,0.19076388892228713,0.07105333562789294,0.07845196714221944,0.7126963000468443,0.3079823106871358,0.6706467619624966,0.8092053595513442,0.074866262966913,0.09983835375948794,0.4633548807975276,1.1344635791136883
2014-12-15 12:00:00,DEHM_BD,0.16490560287723305,0.08909396345372829,0.07752911980126505,0.7146234291257401,0.24897554996273005,0.6402287219844991,0.8091531410583412,0.07380975201120035,0.10616698515943239,0.386327655070431,0.8676774266025982
2014-12-15 13:00:00,DEHM_BD,0.12423310242171853,0.08265839776094641,0.09470346585931011,0.7382493767933676,0.22390984927239355,0.635571276377344,0.7706330372224619,0.07288529990641412,0.10326007231942366,0.3135820570142169,0.6357364642843231
2014-12-15 14:00:00,DEHM_BD,0.08865432934942181,0.07610684958762305,0.11289016389775086,0.7774301540878203,0.24518360903828862,0.6663324290947545,0.785507089332654,0.07354627779975585,0.09301117413690302,0.23666993413386617,0.46103582992692466
2014-12-15 15:00:00,DEHM_BD,0.08461806649426223,0.08552052667110766,0.12266266109298793,0.9546374258720967,0.3065964775833324,0.76775719376198,0.9202600655422686,0.08092543924494636,0.08440921107646526,0.179726219959217,0.338297621202031
2014-12-15 16:00:00,DEHM_BD,0.08936588385271586,0.10092767052121626,0.12693146776840109,1.232153116336941,0.41132211758279924,0.9989177520773629,1.1148046475299727,0.09092065150334724,0.09436808460120574,0.145560133084366,0.2444724729972843
2014-12-15 17:00:00,DEHM_BD,0.0949345848171923,0.11488281818644135,0.12635212926700473,1.5263055926638982,0.5656733625143276,1.3234511700045433,1.4291894463903294,0.09772515112568611,0.10639449381211762,0.13600982004282514,0.18108613572320414
2014-12-15 18:00:00,DEHM_BD,0.10588563403659017,0.12232560892850852,0.12487036814055393,1.7900602018380187,0.8099385718556726,1.6691643918586618,1.9341644304160006,0.10569757972853537,0.10275473908759629,0.13496555318886394,0.14081403631443612
2014-12-15 19:00:00,DEHM_BD,0.11776102546264404,0.1227572204013413,0.123601664141938,2.007613434792403,1.1118303559959961,2.0813996962149766,2.424361709463657,0.11424638420563529,0.09014365809325108,0.13988141930725406,0.11372998790614303
2014-12-15 20:00:00,DEHM_BD,0.12774991007759223,0.12276597906129529,0.12807032290333933,2.2129945675714406,1.3460787438554316,2.4255262916562983,2.802253046539247,0.12009079498288798,0.0818697936662938,0.1484396514791249,0.09894475770066016
2014-12-15 21:00:00,DEHM_BD,0.13374845607588987,0.12832888406847476,0.13483900064774537,2.4396062931033686,1.2296695241522044,2.6618906627619823,3.0583722064000787,0.12287205296925727,0.08448650345189482,0.15920059886371699,0.08944839130904056
2014-12-15 22:00:00,DEHM_BD,0.13876066079151805,0.1398290436578858,0.14537241820195673,2.6307734971026058,1.291738776317574,2.777631164571801,3.3082399380898617,0.12527496621132003,0.09193470645007655,0.17035034975378757,0.08270303802183343
2014-12-15 23:00:00,DEHM_BD,0.14505780829349527,0.15281426909748314,0.1508394627238343,2.756196266222759,1.3999019717545063,2.7810882288610284,3.5032204884686085,0.1251774065481963,0.1027969978242739,0.18290427982829502,0.08024306524160309
2014-12-16 00:00:00,DEHM_BD,0.16070209906954303,0.1657450147231387,0.15097005787474782,2.8072093535471803,1.4869175079514458,2.800737071438888,3.5845392783309005,0.12801268119860432,0.11281030655301168,0.1958311747702582,0.08054641810886076
2014-12-16 01:00:00,DEHM_BD,0.17416031867919476,0.18793394425514898,0.13198427808970206,2.8732825594990423,1.6606525339038667,2.815232027376294,3.6268439541420303,0.13208174174554632,0.11973563870200864,0.2071344077211989,0.08206506401522771
2014-12-16 02:00:00,DEHM_BD,0.18132249893093472,0.20712551057775613,0.12937369354263406,2.9346549155266395,1.801619728382975,2.7956164282919276,3.6676971873991056,0.13335226347047824,0.12618653372821972,0.21283378526802169,0.08645919987464398
2014-12-16 03:00:00,DEHM_BD,0.20705120688951564,0.17042085470366736,0.1331686658289608,2.9870021071291903,1.8045084312353656,2.7672924630183355,3.692008914765422,0.12314884655535205,0.13875108658316646,0.2087834611306339,0.09220586336465951
2014-12-16 04:00:00,DEHM_BD,0.23557721600898524,0.16960343649010154,0.1411681465431487,3.055101662446959,1.6346145430125851,2.714193278059596,3.6191298499007427,0.12348294422417863,0.14933952340435594,0.2372151865969877,0.0964336830244474
2014-12-16 05:00:00,DEHM_BD,0.24535729917732987,0.1922944428553059,0.16158677540056393,3.162823938468648,1.4916958875725044,2.6578024724906313,3.4939119908817204,0.1201473707997053,0.1580048260354334,0.3000943356318957,0.10202985510623422
2014-12-16 06:00:00,DEHM_BD,0.3654585019102412,0.18966179232308641,0.132181259620604,3.3665918686219256,1.4926045971878616,2.592570806510076,3.221743772916477,0.060197225616574083,0.17084883690285363,0.47016514291053624,0.1086455221596222
2014-12-16 07:00:00,DEHM_BD,0.5304371959706581,0.16793220093749447,0.08815037820818358,3.5364840529290866,1.3942317775209712,2.5091471465655832,2.88253533537576,0.04919441772941938,0.20267035218738005,0.7505942905116731,0.12044188956038952
2014-12-16 08:00:00,DEHM_BD,0.7183660090746915,0.14949475009440424,0.077963142398754,3.42309502583578,1.2579060768734291,2.324296710849472,2.6386978147404268,0.08827579473076384,0.19616617174034925,1.087796365391286,0.1364441198273532
2014-12-16 09:00:00,DEHM_BD,0.782952695995085,0.12592161160402687,0.07647781290826375,2.642602729851161,0.9660430915222455,1.8100198617218157,2.4266537435320252,0.1266302335401623,0.1701116570685803,1.4040242390955422,0.1583354783007345
2014-12-16 10:00:00,DEHM_BD,0.7568348222146555,0.08577858993925605,0.13615888316262492,2.1395504289561442,0.6135635393987875,1.4410429486917424,2.111891787690588,0.13793750513115874,0.139884207652062,1.575958782726768,0.17262125751742047
2014-12-16 11:00:00,DEHM_BD,0.6511763971672206,0.07451721907037873,0.1666786483632679,1.9150987047092523,0.3790328868587035,1.1085355377435917,1.6681531813681405,0.11990640966744623,0.11554508991379266,1.599430508861728,0.17392788360822037
2014-12-16 12:00:00,DEHM_BD,0.4090095569423585,0.1226974109557968,0.1492587331514897,1.6393579368216193,0.2509995660540181,0.8110363244900944,1.3098520229362594,0.07852263964961259,0.0936055052623337,1.5279454167403883,0.17336953968202123
2014-12-16 13:00:00,DEHM_BD,0.1755401997113925,0.15319398962610267,0.13746835324146311,1.3217712292108639,0.2110297288698143,0.5829061702483124,1.008424986121921,0.05070214717231558,0.07256546575537406,1.1736883961510471,0.1723398985629732
2014-12-16 14:00:00,DEHM_BD,0.08456917040543617,0.15259610112676908,0.11940307828879444,1.1369236087906371,0.19449380981739597,0.47082167705301653,0.8027001237232598,0.03937039781995629,0.07274157125633664,0.6267653039150777,0.17312192137372845
2014-12-16 15:00:00,DEHM_BD,0.11560953952706873,0.14004657440347587,0.09011305347525508,1.1145986010133289,0.19830842458035786,0.43843990224356544,0.7213251831859582,0.03972319941982967,0.10229666264942595,0.27533083951860654,0.17497185374790908
2014-12-16 16:00:00,DEHM_BD,0.15324964594776505,0.11795627750439225,0.08542117599003007,1.1820437639060604,0.22260798493769002,0.4593184847835078,0.7216943886845104,0.048527849794977755,0.12975036702674098,0.1351486447663033,0.17823337142887397
2014-12-16 17:00:00,DEHM_BD,0.14410950177240633,0.08858374809851524,0.07089040021565499,1.2407124051929754,0.25685195295207197,0.517687099464893,0.7402022037329664,0.048841883392237245,0.1306011932363406,0.13873124127874836,0.18754715690685192
2014-12-16 18:00:00,DEHM_BD,0.12076098460532239,0.06676809703936235,0.0658159609149208,1.2395687887118594,0.30535220285916687,0.600126858247728,0.7829734921814873,0.04592138668291722,0.09742236185783498,0.16522626045897593,0.2205321612321925
2014-12-16 19:00:00,DEHM_BD,0.09010313128474388,0.05691565654779047,0.06350981576998711,1.2884993713611248,0.3774016269249469,0.7019063528544734,0.8606314879690704,0.04358755150250144,0.04807975070943349,0.16465146735426017,0.2609972460846063
2014-12-16 20:00:00,DEHM_BD,0.07399477585271866,0.054536074836856546,0.06688787582868687,1.5221956520534399,0.4866976292776968,0.8778987705147172,0.9804818279441865,0.03660759429241526,0.041788897699271875,0.12889525408564595,0.28088689244203036
2014-12-16 21:00:00,DEHM_BD,0.06740914390430308,0.05213137341916781,0.0676930358673444,1.8541331198135438,0.6343032244687993,1.1746969267396792,1.3002846919075912,0.03044527656570525,0.04117275119573562,0.09430737482744259,0.2748359222826413
2014-12-16 22:00:00,DEHM_BD,0.06496286955487907,0.055113137825901395,0.06558935186554558,1.9474601575370647,0.8870909220533632,1.6353596948166937,1.8062815236678813,0.027102484481187905,0.03978218633541365,0.07990577790459603,0.2542101406717177
2014-12-16 23:00:00,DEHM_BD,0.06585186052638792,0.05845691312393323,0.05574112913367788,1.9848330076182936,1.2552636472511662,1.988588479601629,2.0604873518263735,0.02658625313298888,0.04333359424239307,0.07350487505535122,0.2279494874392924
2014-12-17 00:00:00,DEHM_BD,0.06511562752669087,0.054360117796858246,0.05966419202902183,2.5006546703100785,1.6231373900574444,2.117687142812759,2.1630337799545334,0.028123862233205992,0.04371065252799064,0.07290559548605109,0.20638370682579227
2014-12-17 01:00:00,DEHM_BD,0.06727273701098545,0.05049148210683782,0.0732993569400184,2.776689964436176,1.8138787309301643,2.675186801165287,2.676758987168502,0.03095856132321051,0.03688523905963165,0.07409939157623212,0.19066317828731022
2014-12-17 02:00:00,DEHM_BD,0.0624216343105182,0.05683593172006839,0.0834631164763222,2.955157614139868,2.1592754793249074,3.2750664807716756,3.2579217137408767,0.034326852207585364,0.03297470984017466,0.07384524070072437,0.18308865252255507
2014-12-17 03:00:00,DEHM_BD,0.06587524286842539,0.06822767663724912,0.0956388668661616,2.9686746130908936,2.775750675988868,3.577009757779827,3.43560840952924,0.03698979725213127,0.03412516369651515,0.06920222630371094,0.17746145280175446
2014-12-17 04:00:00,DEHM_BD,0.07713562409858198,0.08163693628410838,0.113339973671203,2.9512134610568634,1.8284806931550799,2.6854491958051874,3.485759799651364,0.03984812951991096,0.04863151642720421,0.07114209709332309,0.17584642062460232
2014-12-17 05:00:00,DEHM_BD,0.08786356779644718,0.10041245409509299,0.12939965621298838,2.6835032085449875,1.0784470600936933,1.5125746787243988,2.7650267139739313,0.04236841254554445,0.10385097436688126,0.08157525570846842,0.18104321622775338
2014-12-17 06:00:00,DEHM_BD,0.10250894188097658,0.13065936608786444,0.19927816144721247,2.013074855695444,0.7719769654918369,0.9282256131933756,1.7177530386753657,0.04372372565583542,0.2465348513018571,0.09019765631526233,0.18824703229721018
2014-12-17 07:00:00,DEHM_BD,0.11712559611063905,0.16828382096067857,0.3075721180942108,1.5131744994985987,0.4976952355292904,0.6834813757603894,1.1458645264958018,0.043352527857371446,0.4442878853092901,0.10234685494439667,0.19306144387954596
2014-12-17 08:00:00,DEHM_BD,0.14436069780706642,0.2730116805955862,0.4389110429510214,1.0574134583645591,0.2696154078632219,0.46973009329405435,0.8965477979196317,0.0450537147469817,0.5997028819209895,0.13016203488801653,0.19071933152323312
2014-12-17 09:00:00,DEHM_BD,0.21488100041158484,0.35471821002794657,0.4855581853333504,0.6002623971996421,0.19443358058919186,0.41605848502034637,0.572419602775033,0.04955961923683507,0.6363167731863072,0.18304203419672305,0.17637316122517255
2014-12-17 10:00:00,DEHM_BD,0.34273290979642407,0.3845427082717814,0.612630324566143,0.3741605834759061,0.19283162937796197,0.33509349917532527,0.4523980961723002,0.05543766573507335,0.6070833628945425,0.2704217102202212,0.15969316594719968
2014-12-17 11:00:00,DEHM_BD,0.5626225508572719,0.5486138163774087,0.6942630788745638,0.32969114648769576,0.19620174481487818,0.3305238442036766,0.4205794537233025,0.05954419990370158,0.5531670742291397,0.3967754771772398,0.1433075857193961
2014-12-17 12:00:00,DEHM_BD,1.3290654864653781,0.9697980606086645,0.6627662438379507,0.3336998025424483,0.1589683468904903,0.37153617397553973,0.38367445258569777,0.06477284335654973,0.49840242067873464,0.7035254013872054,0.1321463265651187
2014-12-17 13:00:00,DEHM_BD,2.3372782778162646,1.5832462347609455,0.7674826941673457,0.38706001050224004,0.11779698874527578,0.33829817439813215,0.41338771889704684,0.06833639986932089,0.44438036821966975,1.2280669259080057,0.12442451605899735
2014-12-17 14:00:00,DEHM_BD,3.5783722499908484,2.0504618891024915,0.9657864856823534,0.45205341091132023,0.104145419916082,0.26456954254238446,0.40988901914176995,0.08335705279954056,0.3854791880250535,2.070054386514011,0.1185488216484899
2014-12-17 15:00:00,DEHM_BD,3.6756290087760237,2.1361427111571736,1.051557846622984,0.4743696720500801,0.10304250458406271,0.24620555972075797,0.3893871751184609,0.11568488774861899,0.31374942807063444,3.2111665732985832,0.11777851565833858
2014-12-17 16:00:00,DEHM_BD,3.111106955182599,2.047908765442853,0.7433448120360543,0.5543570322546525,0.1007609493844583,0.27674363970797616,0.4552025113172514,0.16144465404286953,0.31766737645648413,3.5222082788402562,0.11899191773537662
2014-12-17 17:00:00,DEHM_BD,2.512385912790997,1.9488330236345073,0.4483072628874296,0.6731606158660619,0.11807457510554677,0.31972721485504085,0.5326985606970218,0.18397634110461908,0.3968157143846433,3.4614879564186687,0.11917836564316099
2014-12-17 18:00:00,DEHM_BD,2.2741907062549886,1.6991291955116272,0.36616690393145546,0.7842653038075589,0.1890922126250712,0.4018961387748572,0.6164979959678143,0.16147131384473273,0.5443620354322716,3.195466152861254,0.1199573206254457
2014-12-17 19:00:00,DEHM_BD,2.111773869021535,1.4016815031902887,0.27174800634066665,0.8339484061141311,0.2939460300834662,0.49124337467416423,0.6673405025851783,0.12084788022860876,1.2130454750947282,2.561207497620899,0.12496654034423216
2014-12-17 20:00:00,DEHM_BD,1.78911046629712,1.2536914296281152,0.19167680925726413,1.024257414963206,0.4068032347210495,0.593420029121905,0.7134287051047081,0.0913356317279487,2.321780146796331,2.054710996203907,0.12532633116886577
2014-12-17 21:00:00,DEHM_BD,1.694090292487666,1.133106706163421,0.17490356707965943,1.14855207174659,0.6199795118957943,0.8431165671380656,0.8129017573538725,0.06820568108260618,3.1155199928019943,1.9280756311372294,0.12200708379465183
2014-12-17 22:00:00,DEHM_BD,1.8060946837850285,1.014302652819677,0.15547229760493833,1.241160105129874,0.7929160167323426,1.0666706238062773,1.070474356927285,0.04654049036168015,2.9656238825373356,1.893995705449395,0.13101467327007266
2014-12-17 23:00:00,DEHM_BD,2.000804068390634,0.6610834817765175,0.13661021033652115,1.4366731812467914,0.8234968060755729,1.2381478047411796,1.3779349475408484,0.04055020922230083,2.3894066889108716,1.7998102886732297,0.1412899779338563
2014-12-18 00:00:00,DEHM_BD,2.1706260405420696,0.31827924481955805,0.10685170524411812,1.6338359877690138,0.893990445167385,1.3622727173235385,1.5924829627080865,0.04278721700976588,2.0441875710873307,1.7328911857024019,0.14356295155515778
2014-12-18 01:00:00,DEHM_BD,2.1202177488690035,0.21574570522637088,0.08285616719014938,1.7570521499167404,0.9214252498925662,1.4183793792652573,1.630368023594292,0.04348018131072606,1.5596687486294654,1.8968983965235529,0.1665916206447527
2014-12-18 02:00:00,DEHM_BD,1.8549817321858948,0.13135631436729786,0.0850633394534372,1.9784952141983738,1.1028563951310888,1.4112194557929876,1.5954015625465734,0.04510660099326617,1.167062084710188,2.1669330328018823,0.19067098942823169
2014-12-18 03:00:00,DEHM_BD,1.1867895821815262,0.10695958451179538,0.08976292392840594,2.314587074897192,1.326679783173222,1.796218806149871,1.964164884605189,0.046477556981658424,0.9623238658294269,2.3230529871941448,0.2140506598404372
2014-12-18 04:00:00,DEHM_BD,0.3289488093257601,0.11089133283295656,0.14019178559903964,2.4358211527736553,1.3910288843097722,2.1040681272602315,2.615229892702976,0.04741390875399098,0.66391301912684,2.1616668024732775,0.27939793966810067
2014-12-18 05:00:00,DEHM_BD,0.14172557379939588,0.1328638800239329,0.17271784210904018,2.2025215029459586,1.2951402922879345,2.0642643142862362,2.643990866749954,0.05075217469722019,0.2455114789457525,1.5229642725414134,0.41533193212826613
2014-12-18 06:00:00,DEHM_BD,0.11694054885844682,0.21078745944959568,0.15539294357134947,2.046416827941765,0.9679478730794973,1.8635094655592084,2.374336075449411,0.0531509933690539,0.13057914202552284,0.6931581958636455,0.665791303598386
2014-12-18 07:00:00,DEHM_BD,0.16636300998168052,0.22012076604237768,0.1352583232147105,2.0507178864504048,0.616160601253677,1.4398131628252355,2.1706393618649127,0.052046013358421475,0.13376366697732806,0.27802072153910984,0.8939780689704044
2014-12-18 08:00:00,DEHM_BD,0.21906697288446114,0.18316115623180285,0.1291032621367228,1.7717086062358716,0.4229338727781129,1.00915183924063,1.7485511310327622,0.05108686582479605,0.13135710168739761,0.21770398435248284,0.9690557068838551
2014-12-18 09:00:00,DEHM_BD,0.23524508380981138,0.18481294908921458,0.10103700309746662,1.2653939854187484,0.3654469809331604,0.6977201932083942,1.178753387809071,0.05292639381028693,0.12463241862504253,0.25375366095326357,0.9159023592868633
2014-12-18 10:00:00,DEHM_BD,0.2578840118569554,0.16365410790512794,0.0923026371359265,0.8745480523453721,0.29914893237093454,0.5371724137715412,0.7756402892569556,0.057009338088556946,0.16187300595422266,0.26089512002941206,0.782323310864414
2014-12-18 11:00:00,DEHM_BD,0.26824761955410703,0.12183011252053996,0.09848398216777463,0.6452966718144995,0.23714141365424718,0.4400122872752648,0.5878294075682899,0.06248279190969649,0.18626595673883323,0.3112358015381963,0.6808484417887916
2014-12-18 12:00:00,DEHM_BD,0.3150470789931993,0.1317226089165102,0.0836069192779318,0.515293344441349,0.23475523256083008,0.4187940707193547,0.4919719754532922,0.06726347004426632,0.17893939504126086,0.43052091236466533,0.5478670240699499
2014-12-18 13:00:00,DEHM_BD,0.5606380720220692,0.14958501090012244,0.07336088587927325,0.4694635093550523,0.2408429707283153,0.4074407556466506,0.47270269915163754,0.06474572014373016,0.1651569125672522,0.6309080137560144,0.40096342640763616
2014-12-18 14:00:00,DEHM_BD,0.6712978157937246,0.15076393023734666,0.09375942721345576,0.47703510580610875,0.2241429967152233,0.39915996545736265,0.46314341208316145,0.05574738494211083,0.12693820469843678,0.6548896669740323,0.2699546420034777
2014-12-18 15:00:00,DEHM_BD,0.5835441519527601,0.2298256608315835,0.09880093560745284,0.5199668593154287,0.21068500210348495,0.3718966528223175,0.48219149600141786,0.04487636523331508,0.08715236461507145,0.6812502564769238,0.18535390345530453
2014-12-18 16:00:00,DEHM_BD,0.5155416299020685,0.234960685195861,0.0887588544291186,0.5567539946634956,0.20481562285764132,0.35458442303844073,0.5062211160829306,0.03456460395241601,0.06390325385967255,0.6446772801743075,0.14260448089119038
2014-12-18 17:00:00,DEHM_BD,0.4032343465378693,0.14598689720360086,0.07435544919514195,0.5528372008201957,0.21658484809655687,0.35250822293047135,0.500419347484642,0.0276048411853098,0.06133719055898477,0.5974742830421961,0.12722568287208433
2014-12-18 18:00:00,DEHM_BD,0.33103141131130503,0.13136988699189142,0.07342223099684898,0.5613079299857391,0.2435904385449551,0.3606722195524622,0.49648219246068614,0.023454106292221576,0.06296889600103703,0.5234692209523075,0.1272116707628429
2014-12-18 19:00:00,DEHM_BD,0.27027202543926415,0.14065054661010382,0.07779146531445648,0.5532912504584888,0.2679958971838093,0.3562351978691818,0.4780895059500925,0.021791831476553288,0.06682343826270651,0.44888539270464317,0.1408607056039524
2014-12-18 20:00:00,DEHM_BD,0.23527720390163354,0.1595007504642521,0.05847109360216524,0.4999221811411587,0.28168701207155344,0.3403670760413549,0.44531660851137,0.023847291576402065,0.08163295018916,0.4220153374369069,0.15559477740076355
2014-12-18 21:00:00,DEHM_BD,0.2546114700549188,0.14684464560276583,0.03965187950838346,0.431310541135302,0.2723247414676843,0.32626478149690186,0.40184379860071795,0.029129325641686382,0.10569225212710899,0.37882646076595394,0.16752946192148127
2014-12-18 22:00:00,DEHM_BD,0.25181633550864163,0.12719319036694696,0.03900474006437454,0.37504072194627824,0.232702629065886,0.3013868942938442,0.3781330513881914,0.04271971018815052,0.1281945456519908,0.34636683211108665,0.1720466315300948
2014-12-18 23:00:00,DEHM_BD,0.21466222252712103,0.07797674516316086,0.05048089935927637,0.333449774528034,0.1862545002786442,0.24612570457447763,0.34588534487820455,0.04847010218881994,0.13606999000109712,0.30636835916144767,0.16412626778702702
2014-12-19 00:00:00,DEHM_BD,0.17179334351191983,0.04722495177470832,0.05780819133352244,0.3015867291956079,0.16413461587239042,0.1831481257872841,0.28460254104061966,0.04441031166896398,0.12363885562735594,0.25526969389099624,0.1438037493531451
2014-12-19 01:00:00,DEHM_BD,0.12200893403075846,0.05181913417692398,0.05299901335825025,0.2627153641092752,0.1449593693935497,0.15094023948948818,0.2268897245724777,0.04130240540627266,0.09975919695289792,0.20892462864629902,0.11765686680713422
2014-12-19 02:00:00,DEHM_BD,0.06100960405637954,0.055769555413387066,0.057122341461062855,0.21140361660670356,0.12899877352684716,0.13133866197269858,0.18185601347935837,0.0401281221117032,0.0797019574105738,0.172976877532876,0.09386050789716409
2014-12-19 03:00:00,DEHM_BD,0.06263721069093771,0.05343619547116149,0.07550824908536088,0.16421397137305682,0.11411974062804127,0.12052578567031753,0.1520390474014052,0.04046576409744264,0.06627068991366761,0.10977628076552864,0.07451951139627477
2014-12-19 04:00:00,DEHM_BD,0.070119427795289,0.06692215305089594,0.09056252911101327,0.1316209637962979,0.10306095717452456,0.11255386557811382,0.13341430288249384,0.040767893993771454,0.058240081456156736,0.07324213703851198,0.06314141375527707
2014-12-19 05:00:00,DEHM_BD,0.07979635257884143,0.08468392258181873,0.09257563739458793,0.11864128872953447,0.09064846642199896,0.1072391452995221,0.12100350058086431,0.042547785704960324,0.051904877082877665,0.07372943075712987,0.0594343866740189
2014-12-19 06:00:00,DEHM_BD,0.08798844243236806,0.09302450769689866,0.09119442473926803,0.12293176208395845,0.07538805349904096,0.09773745999243788,0.11032479728629103,0.04375794838042926,0.04947901285408985,0.07798205736027326,0.057234795818638357
2014-12-19 07:00:00,DEHM_BD,0.08924787280955815,0.0918234489170881,0.09621210693555182,0.13601423335722174,0.07161008605655268,0.09386859056231316,0.10896370840396363,0.04327848379438911,0.051294836732921956,0.08396633360894101,0.05478169419093517
2014-12-19 08:00:00,DEHM_BD,0.08839538232995181,0.09354545634658769,0.0969594370822619,0.1583299400183452,0.0838463460714741,0.08139273594607,0.12556192327902982,0.04056580445409279,0.052904070033724236,0.11709071152264876,0.053918864922579274
2014-12-19 09:00:00,DEHM_BD,0.08584663877697875,0.0967292919100331,0.0831822304693073,0.1686077469376497,0.11868918486694793,0.07757283871589048,0.14377237719039127,0.03764683793764727,0.0578733971777994,0.13711134236747274,0.054404892415213256
2014-12-19 10:00:00,DEHM_BD,0.08297007206453588,0.09075170986276805,0.070604914262093,0.162208546774268,0.1389325803923605,0.1091352847172948,0.1559585813873865,0.03368685225321327,0.06642380916410795,0.10252299292818166,0.0552379981405567
2014-12-19 11:00:00,DEHM_BD,0.08467413723080633,0.07512751500681444,0.06632030649505458,0.1946817133098811,0.13965293727451925,0.16195689356804582,0.21518587041391812,0.028780209916013953,0.07342186762874776,0.08323737158354658,0.05328136618005324
2014-12-19 12:00:00,DEHM_BD,0.08428138900412352,0.06794727029291732,0.0706373074417669,0.19353519121591978,0.14447899871022418,0.16608917613388313,0.29913553243646834,0.023892801625211447,0.07751847539441067,0.08402735346679907,0.04871019732247433
2014-12-19 13:00:00,DEHM_BD,0.07768506840348763,0.0702378803122794,0.06592454048558333,0.22714833251581168,0.14695966001062644,0.16323367631816577,0.3029534911588597,0.02194946990461519,0.07581829482461726,0.0862168387771821,0.043938082696343014
2014-12-19 14:00:00,DEHM_BD,0.07160277540859028,0.06893746070158803,0.05243451018327646,0.24003437587929494,0.14514867909278947,0.16962659795498755,0.28298013176120806,0.021811560167126078,0.06678063519576034,0.0815274766524718,0.04080153573193228
2014-12-19 15:00:00,DEHM_BD,0.07067960879643227,0.055728818874850046,0.04349313650279765,0.24624112299715095,0.14107406172218714,0.17852811112711894,0.26965279825846306,0.02066808288426699,0.049785791883865164,0.07623120930090657,0.03926339110311077
2014-12-19 16:00:00,DEHM_BD,0.07214745904669512,0.045279792121197864,0.039100044725780554,0.33986348661886845,0.13579092147829,0.2051261032168622,0.31696587636190576,0.019438901116425253,0.038405655918430925,0.0742474733047681,0.038768806593856404
2014-12-19 17:00:00,DEHM_BD,0.0672061436539954,0.040567111441007594,0.038049279790365306,0.545893917760842,0.1291362090734391,0.22987147188506132,0.41131138995162353,0.018555098891894044,0.034747470143597935,0.0757308247935869,0.037555012446282045
2014-12-19 18:00:00,DEHM_BD,0.054750123970903834,0.03912792381077825,0.03990582647791391,0.6960126115177001,0.12032885636737557,0.2312747075595784,0.4971790340986857,0.02114512347024505,0.03317227557159599,0.0767706820347915,0.0354634516741485
2014-12-19 19:00:00,DEHM_BD,0.049773923496747335,0.04011214614379097,0.04273048204955629,0.6699562065488993,0.12457822944131672,0.22148482682248627,0.5194468314769496,0.028340445560625,0.0307318669034072,0.06998922776035674,0.033251618937050136
2014-12-19 20:00:00,DEHM_BD,0.05032923628757522,0.04221872092781863,0.041904629175793136,0.6099418163256661,0.15781527656178912,0.23194896326720593,0.4887835448520088,0.03325603225684036,0.028668912416541063,0.062161034823177266,0.03072089181670505
2014-12-19 21:00:00,DEHM_BD,0.04987475847053356,0.04238866550013255,0.039623084763523546,0.5809125178550009,0.17589666085417371,0.2737759991915436,0.4775029656794609,0.033957633507965455,0.026685022789877787,0.06121060427341946,0.028236359377666248
2014-12-19 22:00:00,DEHM_BD,0.047510184488949274,0.040209380457563657,0.03831772131083984,0.5849540594967395,0.18184824642573472,0.30630465900472653,0.5042607904181879,0.031913632665249075,0.024904149293148013,0.06170249566328163,0.028389949406812578
2014-12-19 23:00:00,DEHM_BD,0.04525405868070953,0.038823233389382344,0.03665293958761251,0.5931212391419127,0.17736431264729227,0.32844762201619043,0.5355713421509577,0.027440468912994474,0.02543762534804636,0.057247738321279315,0.030521742717591047
2014-12-20 00:00:00,DEHM_BD,0.0429298722800955,0.0373578322638911,0.034308966297393016,0.6045722822745083,0.16330589802059325,0.3395826625889347,0.5676757623444503,0.023332716231502397,0.025702127447943063,0.05230875909854182,0.03588964578629989
2014-12-20 01:00:00,DEHM_BD,0.04052228959852166,0.035329822167972494,0.032470693733291464,0.6031478882007772,0.13944285087511862,0.33355699745111506,0.5808278537170425,0.02075039866462951,0.025532096821605125,0.04743092178905928,0.04494980347526245
2014-12-20 02:00:00,DEHM_BD,0.038067589702075647,0.03384966197050538,0.03165890966700144,0.5754024706176998,0.12378732490869224,0.31257652629708277,0.5791153554612107,0.020650582355058785,0.024175327524679987,0.044170412757804485,0.057192344791246394
2014-12-20 03:00:00,DEHM_BD,0.03621556953347666,0.03315103509564719,0.031796667875720774,0.5532686895719933,0.11718327880293111,0.26692078638404304,0.5643954813503184,0.02233616609362183,0.022950393421633568,0.04179280787084827,0.07137838601515145
2014-12-20 04:00:00,DEHM_BD,0.0345700647233797,0.033254458227796886,0.03416178398824287,0.5186381299886529,0.11621152751997106,0.24099601410280025,0.520602553181512,0.02476547643278688,0.022386499201347936,0.0400079445065489,0.08541433136571656
2014-12-20 05:00:00,DEHM_BD,0.03396925277053616,0.03545588020293401,0.03748315731043447,0.49093629521424054,0.10747790336460789,0.22865369775895775,0.48893001094685523,0.02728383544449512,0.02239527598402459,0.0387389638537613,0.09875289337069257
2014-12-20 06:00:00,DEHM_BD,0.034059444138530764,0.03902265317088791,0.040452652363884116,0.4871425545999069,0.09639827746859744,0.2030011245135595,0.46575397438243027,0.028501686769081148,0.024394180022980976,0.03756246542086706,0.10690074255641596
2014-12-20 07:00:00,DEHM_BD,0.03543048877314723,0.04176180069077566,0.04615693476511376,0.47502307387200904,0.09311720241875365,0.18382404564625746,0.42977578682340245,0.028685912796041022,0.0286860458324651,0.03747454850303103,0.11205540342546
2014-12-20 08:00:00,DEHM_BD,0.03758132881394975,0.043977694333250474,0.04297006671790016,0.4041270173195306,0.09396760616180463,0.16537174786640382,0.36115233330089097,0.03001254845914104,0.03397302525536223,0.03962512385049256,0.11844298922364646
2014-12-20 09:00:00,DEHM_BD,0.04087689306183831,0.03879762771162219,0.03177072348126897,0.30618569050578254,0.0942681812126933,0.1285540462601033,0.2618269264352684,0.03258803348490876,0.03801727354618652,0.04268093564480999,0.12125047327256558
2014-12-20 10:00:00,DEHM_BD,0.043637975755224115,0.03210552519609652,0.03871522302290231,0.23057645736750032,0.09470476905564763,0.10792049887709133,0.16610874992971525,0.03732428835619297,0.04164142756245545,0.045868565510507144,0.11472789627527688
2014-12-20 11:00:00,DEHM_BD,0.036455606600576576,0.047495213055623466,0.04293852856611152,0.17217581844623484,0.09439139031864685,0.10141224212494665,0.10894097688340684,0.04459601578484202,0.045895425175437495,0.047659415966542676,0.10327059855321702
2014-12-20 12:00:00,DEHM_BD,0.03297342075515117,0.04951591227434895,0.031190516246409013,0.13195355208830029,0.0922576287852878,0.10193328112935181,0.09686605685332988,0.039249450401575715,0.04309792735712125,0.04492689825626374,0.0957983331599972
2014-12-20 13:00:00,DEHM_BD,0.046783144364640705,0.03990023892678387,0.028058806423495862,0.11806193638798777,0.09251301964335126,0.09874696195899034,0.09739867923738979,0.033649128626144435,0.04038601095404239,0.037739472432180024,0.08731306865848479
2014-12-20 14:00:00,DEHM_BD,0.04945300770685211,0.04612651225847645,0.028843399080514892,0.11161827273145869,0.09803663170600303,0.10018919822184598,0.0995127283188306,0.029814398833324852,0.04193600687784361,0.0441710091238086,0.07762089507219319
2014-12-20 15:00:00,DEHM_BD,0.04679887750317812,0.054236603705497564,0.028189528164861623,0.11340892773459457,0.11042634126445261,0.10475611589003984,0.10413553536473946,0.02989870937027053,0.04555544753728118,0.050194849373123004,0.06875306744990398
2014-12-20 16:00:00,DEHM_BD,0.058365451076792516,0.047774407681698515,0.025393352776449996,0.13703669006924976,0.12762543583301822,0.1177384072695112,0.13146452664862904,0.03954691621370797,0.053467113483346346,0.05129174941978935,0.06183245686770915
2014-12-20 17:00:00,DEHM_BD,0.0528768182798644,0.04201201793388975,0.026294933907817602,0.17180148350528085,0.13646609099183227,0.1334908682908041,0.15920428566406236,0.041073361214240225,0.0898709734776682,0.05690622855941869,0.055233753612350875
2014-12-20 18:00:00,DEHM_BD,0.049924791110968814,0.036652764948370005,0.031168005697799882,0.206369734821704,0.1358365874248555,0.14823576994173282,0.16823037987538192,0.0328292058785029,0.10967642881372527,0.05757550130766655,0.047733952718692046
2014-12-20 19:00:00,DEHM_BD,0.051732912252271106,0.03455597485588345,0.03605029334407775,0.24837428189713234,0.13118806387557172,0.15804415742386468,0.17068122799001967,0.027619295428568676,0.09613332587987848,0.05796240516996635,0.04172699417531217
2014-12-20 20:00:00,DEHM_BD,0.04672373945447659,0.03647305063474722,0.03989435362653817,0.2834946185363231,0.1295613064890446,0.1742132427717646,0.16999640111503467,0.029467361132138093,0.07433145897357643,0.06758674840035904,0.037830737339752334
2014-12-20 21:00:00,DEHM_BD,0.042251434216538625,0.039775819437460024,0.042441439159922434,0.32328958671565355,0.13224546697623077,0.19419060339467997,0.18404182913262848,0.03941431640814813,0.05003095841830588,0.05643517053868722,0.03492723696522109
2014-12-20 22:00:00,DEHM_BD,0.03952356554813962,0.04203785474539532,0.04407221212072261,0.3670440178316482,0.14088394580343727,0.22533634871887936,0.2190032083510837,0.04736804191273282,0.037874275913872574,0.04329615570651324,0.03467617533212222
2014-12-20 23:00:00,DEHM_BD,0.036644951224804545,0.04370755880715795,0.03631730228398969,0.42849830256643057,0.15205324555333685,0.27825895564392933,0.29774342788259633,0.04991149929627468,0.03144399413165399,0.03884530633588437,0.0358697252812136
2014-12-21 00:00:00,DEHM_BD,0.033597750687827874,0.046982530057179096,0.03031768977225023,0.5269331110354769,0.16728849488639272,0.35050287893033283,0.4213934897557543,0.05613104205181234,0.02677595352360377,0.03779898384444496,0.03744106450022543
2014-12-21 01:00:00,DEHM_BD,0.029445156819779314,0.04741874504020237,0.033361428130755155,0.7054823923286346,0.1856755203763022,0.4317574957364075,0.5456288786480036,0.06414663343094029,0.029946621954054415,0.03566985222788303,0.040761495492631694
2014-12-21 02:00:00,DEHM_BD,0.027691913516007874,0.04328766963541294,0.04586439239787689,0.9319201445798738,0.2160412697069717,0.5229892627939232,0.6466360656428106,0.07006645189669997,0.040166718910684344,0.030620443236293978,0.047777887840631736
2014-12-21 03:00:00,DEHM_BD,0.03586740676929245,0.04550404807218573,0.0635904091647814,1.0053835849646247,0.25947992305822665,0.6007100586559599,0.7558012412017353,0.07503985780848146,0.05260378440271234,0.025498755317624165,0.057453818843127114
2014-12-21 04:00:00,DEHM_BD,0.05265077181194354,0.05469024224339796,0.08373147793987297,1.0331824732496264,0.3062635623962524,0.6592729133404721,0.903238784372969,0.07959110747163542,0.06383704936277806,0.028580057023629663,0.06672234440119001
2014-12-21 05:00:00,DEHM_BD,0.06601026931843482,0.06886635379038157,0.09881001751205055,1.1781047555791586,0.6849854024808341,0.8907049753832502,0.9890478971233893,0.08586868816290322,0.07191914463318633,0.04040200161365876,0.07337785558660492
2014-12-21 06:00:00,DEHM_BD,0.07578467005801372,0.08134102138125271,0.09282994034562607,1.4526144664897955,1.0679637938253208,1.3976739016277133,1.3109150028387224,0.09871002855682416,0.0785463340449733,0.05630655103042252,0.07965578506336529
2014-12-21 07:00:00,DEHM_BD,0.0857646681479188,0.0959188602260121,0.07024268196209738,1.8116703663470806,0.9452612816856243,1.6086678849119416,1.847173043195405,0.11152798868669747,0.08493462290554522,0.07805205206058909,0.08766637928679576
2014-12-21 08:00:00,DEHM_BD,0.09080139812923074,0.1005967457527369,0.06301729779692475,1.9797610660774585,0.7366180003995447,1.4244589563738739,1.8364041424901227,0.1182703096653582,0.0956898210716649,0.10168061877551414,0.09482120122997076
2014-12-21 09:00:00,DEHM_BD,0.10218252445146114,0.08273070628308028,0.11081407938470333,1.666801991591428,0.5876112630816036,1.188574314200026,1.533911614732055,0.11459715070880523,0.10970756894522336,0.10584486650655044,0.09826488740319486
2014-12-21 10:00:00,DEHM_BD,0.10230254865939369,0.06552048298948954,0.11622462513938077,1.5460262703304226,0.4755344920128396,1.1087283462846558,1.3681861577057304,0.08135476194182653,0.1269170448666646,0.10432154440491136,0.10015255087548273
2014-12-21 11:00:00,DEHM_BD,0.07595482924728963,0.0991953099328213,0.10826825824369195,1.5315240495286602,0.31742315099042817,0.8526316143283713,1.411121371701427,0.050606362137948155,0.13127862353361197,0.1083614200722445,0.10137045767717402
2014-12-21 12:00:00,DEHM_BD,0.08307317763022205,0.11161415896732481,0.10369856718193615,1.1304584438551437,0.18107780593316064,0.44594570751014384,1.023331661859462,0.052549549921889094,0.12969292150047587,0.09914885289200456,0.10171917483396811
2014-12-21 13:00:00,DEHM_BD,0.11115624844807166,0.0991937666247726,0.09846881693559689,0.653666208690569,0.17088687146594733,0.34568053849082436,0.5446937592143215,0.05508048896481915,0.11672676525323789,0.07272308593278633,0.09982836361739776
2014-12-21 14:00:00,DEHM_BD,0.11164148257322595,0.09415333286074909,0.08508337445960958,0.5186662157359359,0.1760229762292652,0.36122890142545205,0.4408406841477588,0.046288488914402466,0.07675065088981217,0.08559695077719852,0.09864435279624517
2014-12-21 15:00:00,DEHM_BD,0.11747725272985628,0.0831768784992917,0.06893236745500919,0.5165755294024175,0.15772143869312472,0.43126101031969866,0.47169207892681453,0.03159073825063643,0.05811595092195778,0.09926124898934263,0.09810779801443195
2014-12-21 16:00:00,DEHM_BD,0.12054034242777606,0.06915029799432779,0.048977893422745306,0.5861034528372552,0.16121349053760975,0.4885138813489949,0.5434788963223434,0.01763368114517532,0.05671033195626558,0.11497803804213629,0.09883984791871613
2014-12-21 17:00:00,DEHM_BD,0.10957646511699988,0.05272662591944672,0.04076634277071821,0.6654662149851279,0.17171501525893787,0.5067925554397894,0.6348916981059756,0.009650404768288047,0.04814367198494246,0.11637792807871469,0.10096692582657545
2014-12-21 18:00:00,DEHM_BD,0.09451959739528122,0.040144179637692616,0.039581797447915734,0.7386261985903826,0.17464950045755118,0.48822177516278453,0.7027616467811563,0.00634533183382577,0.04107740197832218,0.09987153829372483,0.10435947140749016
2014-12-21 19:00:00,DEHM_BD,0.07781483822404853,0.03699939198230846,0.034160389280787115,0.7647862484851351,0.1792164517692847,0.4139768290430679,0.7082016633596397,0.004286022586400924,0.033027389314826454,0.08817148475915178,0.10939790279515238
2014-12-21 20:00:00,DEHM_BD,0.06617042286252597,0.03314382523451215,0.03185977624357202,0.7538126065479742,0.18945077879972744,0.3463910500573342,0.6395132944137929,0.005024438286783346,0.026931467650816596,0.0709565424394233,0.11539242578100602
2014-12-21 21:00:00,DEHM_BD,0.06263245949995688,0.03004770502823611,0.03244640833599709,0.6813982065854127,0.18561782287515688,0.34415062793171025,0.6176064204305294,0.008584714957885339,0.024531418981184123,0.056470373295340597,0.12560913164348675
2014-12-21 22:00:00,DEHM_BD,0.051878098464994554,0.029961115402802718,0.03183074968320308,0.5704372857605502,0.17649869789924458,0.3088934501625923,0.5390343507103901,0.014093073146672023,0.024048617540253215,0.04871516164530045,0.14424446865793472
2014-12-21 23:00:00,DEHM_BD,0.03824864308522531,0.02802781316803286,0.030731362379221125,0.4975750848139682,0.16906881831966328,0.29945624165286766,0.47899227479034096,0.02302282434657615,0.02220641933558495,0.038640772162042494,0.17255965498275383
2014-12-22 00:00:00,DEHM_BD,0.032846072996123465,0.025118644290722355,0.03081057679880852,0.4360578381386166,0.16004329164728512,0.3026945807688636,0.4411308820760249,0.030445150617099605,0.021378210991183068,0.030568953583091307,0.2117049207789422
2014-12-22 01:00:00,DEHM_BD,0.03398001705667748,0.02397668162021302,0.02999954517069261,0.38454125583051,0.15546127092942585,0.2968256910781608,0.4065568908295639,0.03334216212930262,0.02281389989415171,0.02795802912279025,0.2513706935735355
2014-12-22 02:00:00,DEHM_BD,0.034193997235172885,0.024088099293343757,0.028978566947034417,0.3403442238838761,0.149961477992311,0.2796594604269833,0.36998146385160735,0.0361727748474524,0.02690042050614417,0.030594632134465446,0.27934300504178716
2014-12-22 03:00:00,DEHM_BD,0.034297122213746624,0.024055195121937413,0.027208045075982575,0.31305859966195637,0.14114235304193556,0.2605382817614077,0.34254837222422463,0.03976465479779806,0.03596010593314229,0.03272659313220519,0.2993468261565324
2014-12-22 04:00:00,DEHM_BD,0.03500971204659662,0.023890828260581434,0.02576572988435611,0.2971300417134747,0.13411487660391241,0.24573458919645286,0.333700997332544,0.042956728704892984,0.043305524154005286,0.03347652415710486,0.29556637596148516
2014-12-22 05:00:00,DEHM_BD,0.035534853495985126,0.02422242763985075,0.025147554537732958,0.28302115249156934,0.12836266334731114,0.24047588711576995,0.32946565752828016,0.045724380720859575,0.046985574233979165,0.03529540024758303,0.24775945408701883
2014-12-22 06:00:00,DEHM_BD,0.03380556365545046,0.025040721805494923,0.02471671495479637,0.2795567707475717,0.12807115152167134,0.2434095034938118,0.330257424667971,0.046587356671078474,0.05039488063843271,0.03707890133625806,0.18924634423883147
2014-12-22 07:00:00,DEHM_BD,0.032378388611133485,0.02593558437940721,0.026362156203612635,0.3028332015587598,0.13724908345453418,0.2582215862061058,0.34445856296535804,0.04615001993446606,0.055159300915419186,0.03542181490067367,0.1404990287416661
2014-12-22 08:00:00,DEHM_BD,0.0305963641446194,0.027277670152048655,0.031303106612049623,0.3372473369656246,0.15813885877121223,0.27421365659873925,0.3588981748356086,0.04560951409201606,0.060014037942320665,0.032969278218636586,0.11241333498121225
2014-12-22 09:00:00,DEHM_BD,0.02943946755259404,0.031452802935994416,0.03807851536424475,0.3300997592786815,0.18104588736601157,0.2672962201401753,0.34396921831550653,0.046453406920091596,0.06486457362163864,0.03131175564679303,0.10416668045841147
2014-12-22 10:00:00,DEHM_BD,0.029300694731934755,0.03828512504347572,0.04366279273958052,0.3102740069824782,0.19383002952011286,0.23623720302198425,0.3276728337919001,0.0468020531662754,0.06945356684119261,0.02952317443109562,0.10471398115161798
2014-12-22 11:00:00,DEHM_BD,0.03221922398942918,0.04318995541036169,0.0472802966617012,0.2989954317536912,0.20397857718341028,0.21943324621282853,0.3190871313700208,0.04516098228192448,0.072168440242586,0.029984090207962937,0.1065726907442835
2014-12-22 12:00:00,DEHM_BD,0.0391714447973719,0.04710344482560027,0.050865740141646174,0.28907120717192814,0.21328618482381093,0.21752887749982278,0.2959269352774653,0.041098696042871016,0.07242712819935737,0.0350093799153467,0.10104209162998004
2014-12-22 13:00:00,DEHM_BD,0.04682870712472151,0.05023282185403647,0.0539331886779219,0.3047953221497078,0.2176895690040382,0.23042328294847264,0.2720668514991475,0.038951165425401134,0.07192125406653774,0.04270944260875509,0.09097848325071606
2014-12-22 14:00:00,DEHM_BD,0.05205692507634147,0.052704853484676885,0.054450585018361766,0.32082336188745497,0.21957804553069166,0.2368450593336251,0.2633083769188401,0.035792175661830246,0.07155351840786961,0.0493317613582107,0.08050891523192269
2014-12-22 15:00:00,DEHM_BD,0.055041649998504374,0.05358770642634408,0.05422452739057093,0.35589070893769437,0.2156535610900818,0.2246151887520098,0.2681896719205582,0.033497895036609215,0.06945421343610095,0.05462895594322556,0.07234511203978893
2014-12-22 16:00:00,DEHM_BD,0.05708912337155949,0.053076550250844144,0.05364304166156096,0.42565604082985126,0.22566260756162915,0.221212162045621,0.2792524805774265,0.032511826147087135,0.06570543310296093,0.05775797898705396,0.06499711221446734
2014-12-22 17:00:00,DEHM_BD,0.059350408672765434,0.05267911627984994,0.05305940619580321,0.5018541435889514,0.2465848759184962,0.2392045404704042,0.3344702943331142,0.031666177303163436,0.061540162428913595,0.059701817856563054,0.059770101321176466
2014-12-22 18:00:00,DEHM_BD,0.060714028701605915,0.05207759950779557,0.053622031851410734,0.5358456500934877,0.26293868087271216,0.27720994177368574,0.3942071061549719,0.030807775632714,0.057563627918607224,0.06138538906696896,0.05956505961456089
2014-12-22 19:00:00,DEHM_BD,0.06063197055988816,0.052018777573966446,0.05407382714385611,0.533858768746237,0.27072726553330184,0.3119468446873034,0.4432108400383562,0.029907473752433886,0.05565151697185606,0.06297233054306503,0.0651139507174863
2014-12-22 20:00:00,DEHM_BD,0.060123675408564344,0.05259000932825477,0.053678524230351146,0.522197951337142,0.2729782710008695,0.33282776424075466,0.45652412273553244,0.02925205331266518,0.05461854997123329,0.06416726898320821,0.07603636446486443
2014-12-22 21:00:00,DEHM_BD,0.06104482225941774,0.05242375113297402,0.05413156631431816,0.49179955026301425,0.276173972080238,0.3501897030772093,0.4439369665524001,0.02936911567867884,0.05403874657313969,0.06471527137251677,0.09029756445020196
2014-12-22 22:00:00,DEHM_BD,0.06278996848367992,0.05227164421807621,0.054090845661720295,0.47930518751448004,0.2793118865982255,0.371928271639638,0.4501771462387597,0.029920090142960275,0.05328389859921669,0.06619365045808882,0.10579408035585647
2014-12-22 23:00:00,DEHM_BD,0.06579135843902349,0.05253201600605083,0.05470553306604208,0.5084959900604537,0.2714061079185828,0.3647073708159243,0.4759351160898897,0.030442009707467455,0.05108088087300647,0.06834016041620158,0.12169091614435051
2014-12-23 00:00:00,DEHM_BD,0.06897020584826286,0.0528305937979074,0.057521849130949106,0.566126994147714,0.2619061293404548,0.3491573987475152,0.4840692120580909,0.030077691348627894,0.04908614518811509,0.07218930711623564,0.1386580730351601
2014-12-23 01:00:00,DEHM_BD,0.07087335271006501,0.054175166426407816,0.05900081011124765,0.5849310538915812,0.2510885687803476,0.3335516391834534,0.46461329300565396,0.029857697861428605,0.049207770190578495,0.07715804708410506,0.15022752844151507
2014-12-23 02:00:00,DEHM_BD,0.07283960903139665,0.056504332043065465,0.061129791690276436,0.5699507599707191,0.2291745488350464,0.31482891166325294,0.43924203795152233,0.030031383680938703,0.0518253022589753,0.07980548179668949,0.15704128861103012
2014-12-23 03:00:00,DEHM_BD,0.07480821766052038,0.058845630491734545,0.06391373631414667,0.5542357082915421,0.20686698924377547,0.2922813973462767,0.4059852073337451,0.030627227354154105,0.054596661639048645,0.08276083824429532,0.16510013418478403
2014-12-23 04:00:00,DEHM_BD,0.0752670964671225,0.061604907584527684,0.06378470051885794,0.5506484635424391,0.1946443193375597,0.2856033667451957,0.37758719057979867,0.03185767683126493,0.054971842391323675,0.08536283428219772,0.17422424703766787
2014-12-23 05:00:00,DEHM_BD,0.07612440893930264,0.06312544849336174,0.06163762781245916,0.5633147315834952,0.18959311417814334,0.28254905629809457,0.3717858796320296,0.0320859446990272,0.055249934077077546,0.0866855430658393,0.17930576555272693
2014-12-23 06:00:00,DEHM_BD,0.07788785395629817,0.06197372332912385,0.06088919844065211,0.5983590113336511,0.1882455258696432,0.2932819260539521,0.38930815989348216,0.032941743141209866,0.05565928410635608,0.08890762338045709,0.1736181287069707
2014-12-23 07:00:00,DEHM_BD,0.07901355068951026,0.05995781229519961,0.06174149773848177,0.6399734386934228,0.19968651035841553,0.32396385583409554,0.44531409886814294,0.03410261514725569,0.055345063041454194,0.09335663306553199,0.16155250622462805
2014-12-23 08:00:00,DEHM_BD,0.07887952800968476,0.059120719712108576,0.0627813817069603,0.6605861172481201,0.21131636461302628,0.34479749983687236,0.4896470472802582,0.03505938678371804,0.05568861449165868,0.09697540407015086,0.14359590831158497
2014-12-23 09:00:00,DEHM_BD,0.07845968613718825,0.05998246951156199,0.06344574774249734,0.5743974812931649,0.2132726997233367,0.3190629180234926,0.4745799792317038,0.03613362496666648,0.05633773758629444,0.09466553095716604,0.1203009471764008
2014-12-23 10:00:00,DEHM_BD,0.07884310770867119,0.060345987827446504,0.06412367113639157,0.5044468700916704,0.21549567662296804,0.29197971993764915,0.4231035514525521,0.03804201202094601,0.05759451668686689,0.0886366540425234,0.10094468959139183
2014-12-23 11:00:00,DEHM_BD,0.08140961639467911,0.06038868219351338,0.06386488170909511,0.4394991682371111,0.21617197257589538,0.2760658620585255,0.36600318406639115,0.03927713752892704,0.057770495501369944,0.08568273368366824,0.08424213448408233
2014-12-23 12:00:00,DEHM_BD,0.08443841203783281,0.059515068466807784,0.062448180579997965,0.3932312783813557,0.21621112193668243,0.27145763754749047,0.3481244624245547,0.03999465927405576,0.05652269768113674,0.08518972536798942,0.06674694821471693
2014-12-23 13:00:00,DEHM_BD,0.08629458829437373,0.06006922387341861,0.06157624005578527,0.3853853220187051,0.21514352354471553,0.2674638334866039,0.34558929956510165,0.040659282824848146,0.056571415273264966,0.08670365783796843,0.0524526501146388
2014-12-23 14:00:00,DEHM_BD,0.08564891292142801,0.05962411363112742,0.062071326064996435,0.40404873866671387,0.21251711634214016,0.26607589458933967,0.35081107822563523,0.04101594157865724,0.057035694260539116,0.08817852391578808,0.044652458199865054
2014-12-23 15:00:00,DEHM_BD,0.0807723582982418,0.059431406908631954,0.062752394274412,0.4334123006420606,0.20422125728177834,0.2690380979179695,0.37728458141728877,0.04147434920957942,0.05749728926718144,0.08915734289975086,0.04111179802302353
2014-12-23 16:00:00,DEHM_BD,0.07453562381971472,0.059920341940189095,0.06290318758777867,0.5050515510046172,0.21016343912802612,0.2937105318991653,0.4458047620452923,0.04215139513685358,0.057405230970029926,0.08730663563355885,0.03911945370408232
2014-12-23 17:00:00,DEHM_BD,0.07043004141402948,0.060183459616482554,0.06308771054529698,0.614648622002175,0.22384391055816769,0.3648598868364473,0.6024965622784471,0.04267791466825747,0.05646561980018506,0.08210791855582115,0.040026807001950646
2014-12-23 18:00:00,DEHM_BD,0.0687702553747026,0.06022548986399758,0.06281395508258884,0.654396025935863,0.23865983509775243,0.5319797169413649,0.800449452576771,0.04291327859339008,0.054897824121397994,0.0778992316247153,0.04547989084536276
2014-12-23 19:00:00,DEHM_BD,0.06762954775877965,0.06056731134163565,0.06458953594180164,0.6528544682568904,0.24929772374320763,0.5892339101268181,0.7210533710098277,0.043351338427502495,0.055336550851198756,0.07669466914554343,0.057472816001979676
2014-12-23 20:00:00,DEHM_BD,0.06724158350211361,0.0615651021790323,0.06581013060643502,0.6617937019900604,0.2530962331016733,0.5563938601613883,0.6414191945313603,0.042515977674821535,0.056282035293326385,0.07677556028803681,0.07502818631787624
2014-12-23 21:00:00,DEHM_BD,0.06745902779584544,0.06426437857438684,0.06723636426593713,0.6387495263882994,0.2599234402707964,0.5286282532377401,0.600206415566483,0.04136421282586686,0.057070520192244914,0.07741066301249015,0.09389275430867616
2014-12-23 22:00:00,DEHM_BD,0.06815018458178085,0.0703474372737225,0.06976934018528241,0.6208548988904001,0.2659161530307679,0.5074999979448364,0.5852511856123291,0.042362749045484205,0.05779079937107376,0.08028191293241611,0.10635830732119128
2014-12-23 23:00:00,DEHM_BD,0.06990504353563896,0.08833480572206076,0.07865085741649569,0.6494132273998587,0.28076605260048054,0.5054663346882943,0.5981793332486436,0.04362093359544765,0.05842116911788218,0.08870639496431677,0.11013675725958866
2014-12-24 00:00:00,DEHM_BD,0.07141187711681235,0.11838355167362535,0.09981560835455261,0.6888967803873807,0.2876179768156259,0.5364384124599739,0.6284826764583249,0.04444072606309895,0.05917392403617292,0.10128103792974247,0.10751420079787857
2014-12-24 01:00:00,DEHM_BD,0.07431133162808828,0.14839812973963049,0.11683491438982622,0.7076418494271521,0.2814010327506064,0.5902720949821988,0.6585309939482795,0.04528719512579667,0.06076354912738769,0.1110874039818438,0.10073304614054107
2014-12-24 02:00:00,DEHM_BD,0.08254616946275792,0.18294138895888457,0.13744177839956984,0.6994365479709218,0.25539785861223924,0.6025465206867404,0.7004650896523623,0.04580312654294009,0.06253942393284284,0.13206921973831942,0.09232846363667552
2014-12-24 03:00:00,DEHM_BD,0.1301313006278312,0.1977167249432577,0.17494032288727995,0.6735634290212695,0.21569867831513276,0.5691964897533576,0.6956314691687375,0.04739879295369605,0.06400870880762569,0.1575656635037809,0.08620865276289366
2014-12-24 04:00:00,DEHM_BD,0.19899178086977443,0.19752130566006504,0.22458427578020715,0.6312649652565142,0.1852082275327294,0.5615575131196807,0.6779436563320156,0.04851025256249351,0.06699037380421514,0.1908534291858225,0.08413677420577895
2014-12-24 05:00:00,DEHM_BD,0.23596089931033537,0.20224622124792993,0.2780460378776722,0.5584743228113336,0.16383524506777516,0.5221214275549991,0.6356894802894175,0.04769289455627913,0.07329079161185756,0.2491538278775753,0.08651876757062268
2014-12-24 06:00:00,DEHM_BD,0.26823773328110573,0.22139720506054802,0.2942269363193632,0.49494807075908853,0.1521160654678568,0.45092360137296833,0.5566293699442315,0.04568811239613294,0.07977241938371192,0.3148270424252561,0.09197853927464214
2014-12-24 07:00:00,DEHM_BD,0.2885820023647695,0.2406156278381309,0.2886013230508938,0.44900397389727753,0.14814922563605004,0.3749587094732816,0.4880544041149969,0.0417841167303927,0.08752924640692761,0.3915189931797002,0.10186258734501942
2014-12-24 08:00:00,DEHM_BD,0.29101575267031776,0.2639629368237218,0.286205612995522,0.43117533986580026,0.14182211737325412,0.3148617241034795,0.43804225486034587,0.040831399984939384,0.09638465546390027,0.45421381572897535,0.12146919526569042
2014-12-24 09:00:00,DEHM_BD,0.27619867310922575,0.2799793884569614,0.20995775834518005,0.41226362979170383,0.1557021597433927,0.284747641747986,0.37967574697995843,0.04849690055184049,0.09862393922366185,0.46582157665901347,0.14701899140464364
2014-12-24 10:00:00,DEHM_BD,0.22592528872489911,0.27026060515548095,0.12205679619238236,0.36223410439315173,0.203880708199935,0.2711102824146852,0.31965632792779464,0.06570424824270404,0.09237689500819878,0.4698891008823689,0.16502967780919384
2014-12-24 11:00:00,DEHM_BD,0.17841610402107227,0.24439214118241315,0.0779452320487761,0.31580049327653975,0.17019276657261878,0.28980655515926446,0.2949521935640827,0.09094460123330342,0.08630290021587148,0.5120948467195545,0.16190181937411657
2014-12-24 12:00:00,DEHM_BD,0.18581025608601034,0.21083597832689976,0.07429844959572127,0.30569365720119834,0.14369504888450713,0.3931037738536298,0.3586842153148593,0.10317174054805647,0.08141782650140109,0.49150277282860355,0.14892452895557493
2014-12-24 13:00:00,DEHM_BD,0.20750529955632976,0.13387081974821394,0.0623984466367237,0.3482470091838392,0.14431227953676118,0.3139815067453283,0.5129059880829122,0.10560411601210465,0.10706275563427234,0.3931542452903044,0.14052666057731936
2014-12-24 14:00:00,DEHM_BD,0.22510563380493528,0.08609335932767483,0.05113978202966666,0.46740376021306074,0.1421037303953244,0.2776182409962673,0.5588637649593918,0.10802404063081586,0.14339284386086415,0.31252208554408034,0.1413713009494541
2014-12-24 15:00:00,DEHM_BD,0.10215511077670841,0.06152984256287688,0.04482911429070853,0.6295118142392544,0.13926787416086514,0.2775995121098003,0.5138242689336314,0.10918747314815333,0.13158559403282472,0.29245657230585337,0.1566993276439792
2014-12-24 16:00:00,DEHM_BD,0.10367392777883433,0.046507641783882225,0.04338984635718387,0.7658614359332298,0.1376694597110989,0.3022081755835926,0.49746633400515394,0.11921334651998006,0.11623990633972214,0.3257814485510425,0.18494209566503755
2014-12-24 17:00:00,DEHM_BD,0.07343624292486325,0.04050300858750868,0.04005273047328796,0.7859811264826421,0.13734103662910857,0.34999657143605206,0.5606887647544441,0.12951435254333868,0.11899222909075916,0.22337503928156854,0.21876645106259718
2014-12-24 18:00:00,DEHM_BD,0.054014872685205065,0.0374104693319344,0.03602151442523096,0.8091744191624517,0.15126502187188706,0.4045563731218309,0.645620020842737,0.13986024765256316,0.13036766691103088,0.19551815657187477,0.251163411964774
2014-12-24 19:00:00,DEHM_BD,0.046598559982725385,0.03819600202211519,0.03471150517814206,0.9242562415827309,0.1847965701351685,0.4586969625325128,0.7450900792850432,0.1535932294982461,0.14640072711240018,0.10424004361187908,0.26797146388784043
2014-12-24 20:00:00,DEHM_BD,0.04621083140926605,0.20966954721528497,0.0360655494864336,0.9907978068529145,0.22927419488090084,0.47326004045440107,0.8308677088516179,0.17375348651688063,0.16923047455626147,0.09100661214949551,0.26671906654223787
2014-12-24 21:00:00,DEHM_BD,0.06748102844426783,0.3161551073838163,0.04187201116433095,0.9573555136791867,0.29458463892040765,0.4681275564146882,0.8159745084261236,0.1955623785689588,0.1972102823065954,0.10524719312824654,0.2538015214061736
2014-12-24 22:00:00,DEHM_BD,0.0817159764558774,0.19336607667701783,0.04305841225930031,0.8855599568467343,0.34793221384325057,0.509186395096447,0.7804355303020798,0.21738428052215547,0.22989038386361282,0.16413533263469096,0.2436584442505983
2014-12-24 23:00:00,DEHM_BD,0.10664967099465408,0.20615443106959566,0.05940025974743034,0.8243262387479504,0.3517391208225209,0.5636042244839233,0.8068820879289,0.23529952947320865,0.25951537734828856,0.31501587988086965,0.2367630834944173
2014-12-25 00:00:00,DEHM_BD,0.16573091436486923,0.17588646646037215,0.16860393429657194,0.8057045638277109,0.313927316571325,0.6103926145620194,0.8687170658193959,0.24031488245522648,0.2726712591659384,0.26516578978756894,0.23164122077453864
2014-12-25 01:00:00,DEHM_BD,0.18875118438707764,0.15776302971535522,0.1467011889111063,0.7758279150575544,0.24311213440429408,0.6320671648513825,0.9169529826684448,0.24219583373283726,0.2702580446078998,0.1875246264363255,0.23305728599672426
2014-12-25 02:00:00,DEHM_BD,0.2304007611337036,0.19651553584704962,0.17682653663562595,0.7568961641478101,0.17067453073795874,0.6232157427070378,0.9135845891317923,0.24446482310274606,0.2660943268160103,0.27358119612298304,0.23830675223754239
2014-12-25 03:00:00,DEHM_BD,0.2863937251797853,0.22891463625634456,0.1945626219324067,0.745628501261732,0.13352625002821894,0.5447307397037866,0.8840093712645616,0.24651101032549502,0.2671342159710393,0.31523191569387665,0.24360326905269622
2014-12-25 04:00:00,DEHM_BD,0.3188323309157333,0.24627143186202607,0.2556961557577409,0.7083862610172939,0.1190718883676267,0.4296711654883175,0.805371680077082,0.24704805847685063,0.2685514101595432,0.32375444375800255,0.24640419693279064
2014-12-25 05:00:00,DEHM_BD,0.31802927365655526,0.2798288529048015,0.30975369038214995,0.6818911130060848,0.1044355222426726,0.3336196953479339,0.6846180100441543,0.24882337703554652,0.267974355236593,0.3354602495298836,0.2517035462086367
2014-12-25 06:00:00,DEHM_BD,0.3244502199606132,0.28075396300140987,0.3563576393268192,0.6626033850244193,0.09836009965597636,0.2716206140400567,0.5675407213315937,0.2502555204954044,0.26990245301167765,0.34731651816400855,0.26351116200132285
2014-12-25 07:00:00,DEHM_BD,0.3356605215587233,0.28678203530709123,0.3534796153964731,0.6213800454270955,0.1084242314022033,0.22532388810021703,0.4711807506854744,0.25110377999246103,0.27469188220544566,0.3660869471215567,0.27813643743440497
2014-12-25 08:00:00,DEHM_BD,0.36647943584541776,0.2850149503413027,0.333461802507691,0.4974774723792029,0.113384389730282,0.183490315445832,0.371268647834043,0.24914712039912104,0.2820318998021771,0.35562446488819344,0.28619906803473816
2014-12-25 09:00:00,DEHM_BD,0.354315000218125,0.266761615803415,0.33615229272675773,0.27962420677838135,0.10320422388827409,0.15128320847040577,0.25462743713557884,0.24320018736189217,0.29200790468461807,0.33184187238865587,0.2878311693460866
2014-12-25 10:00:00,DEHM_BD,0.323102863260505,0.2600395284585887,0.3310609069546111,0.18916620684840968,0.09804248386099924,0.13590539592610926,0.1817905748185078,0.2360292075446247,0.3039312780030816,0.3150420395732635,0.28699316996790464
2014-12-25 11:00:00,DEHM_BD,0.31494766389986717,0.2627318733398055,0.3206150483692622,0.16203558276740626,0.10820639420785001,0.11413466374927769,0.12794609432952703,0.2290095024061202,0.3133823688633553,0.2981358535140332,0.2903822593428566
2014-12-25 12:00:00,DEHM_BD,0.31457792643037374,0.26697133963617947,0.3197411268168238,0.15502433737180973,0.12152420862983895,0.12021073910348981,0.12761418672913527,0.22309844614572796,0.3227797425462078,0.2902561593908401,0.29572999014303075
2014-12-25 13:00:00,DEHM_BD,0.3208895508635322,0.27619255203028886,0.3175598085716972,0.1517854159382238,0.12346468749719663,0.13969508693829746,0.16004524405347553,0.21378916693445282,0.33889668034940523,0.2900297338167694,0.29640197709940364
2014-12-25 14:00:00,DEHM_BD,0.3285628771671582,0.2804897787783789,0.32331081642562276,0.1666895539164283,0.12238315449220116,0.16075734726533952,0.18733278266054537,0.2001530113253183,0.3456289809086959,0.30685525620333753,0.29757389768287523
2014-12-25 15:00:00,DEHM_BD,0.3381983311209641,0.3026351833110509,0.3378546818907166,0.19934119046342919,0.12805476236712182,0.19571660170462465,0.20926725033113175,0.18832850408525653,0.338179192125919,0.32389462819796166,0.29817023259457176
2014-12-25 16:00:00,DEHM_BD,0.3506694261321051,0.3461898429375502,0.3541352602537291,0.28226605752852885,0.13495808914715873,0.2593795692531813,0.236894520089804,0.1773445378920435,0.33013015375184535,0.34142744071955217,0.2911516001831552
2014-12-25 17:00:00,DEHM_BD,0.36693752966414195,0.3862007322130549,0.3865590957810684,0.41014787850551504,0.13746687491058823,0.319042734887797,0.27560923528712405,0.16475277164647345,0.32653882084450514,0.3617602182496694,0.2826414036850304
2014-12-25 18:00:00,DEHM_BD,0.37712463302236043,0.42541077628887713,0.4325945088997689,0.5643628478061726,0.1373721024272404,0.3459060882045092,0.30922192422336914,0.15805068202679035,0.33546483384268355,0.37781332696376324,0.2725530943975968
2014-12-25 19:00:00,DEHM_BD,0.3911473503734729,0.4754971741149605,0.4816537254589303,0.7026823623388213,0.1353797198758272,0.3612681923915826,0.33552958379127057,0.15732462977707365,0.35354343344743644,0.38982385071476544,0.2598850896905734
2014-12-25 20:00:00,DEHM_BD,0.41723189729588567,0.5268458624851167,0.5239606660283818,0.7714926734035916,0.1325319802443589,0.37425263336325143,0.3553836665206347,0.157843117205724,0.37468521941298866,0.4105075344749802,0.2443836495996079
2014-12-25 21:00:00,DEHM_BD,0.4410497205684032,0.585237239195799,0.5712559815429823,0.8033292446785749,0.13674187878409383,0.38763434818509923,0.36968755590002145,0.1837632386009393,0.394199852517804,0.4389982644818048,0.22785464284692636
2014-12-25 22:00:00,DEHM_BD,0.45951942072695573,0.6458911421213593,0.5958949257984419,0.8259277398214999,0.13994799911709951,0.40781700272359567,0.38737011720652315,0.24600802704119107,0.41421520048360366,0.4717613024998989,0.2127370324198691
2014-12-25 23:00:00,DEHM_BD,0.46329438828931646,0.7203266999856447,0.6144519361340499,0.8526596082926952,0.14261681511249377,0.4091601261315858,0.41978137383423203,0.3064022976958646,0.43247879180761906,0.5091997484619891,0.2001978987542492
2014-12-26 00:00:00,DEHM_BD,0.43773408933587366,0.7999082414829012,0.6718902334385232,0.8597657023054122,0.15551559976167262,0.4107021419831851,0.44009844490677574,0.31636139356699144,0.4516029938982984,0.5474938250784954,0.18916316581028503
2014-12-26 01:00:00,DEHM_BD,0.4144723248469456,0.8280902236838013,0.7187462520204495,0.8999136611623226,0.1681031959688197,0.4283763556951469,0.44128195735521974,0.28422905338871685,0.48408645866767613,0.5944592567101894,0.18033981077486638
2014-12-26 02:00:00,DEHM_BD,0.4113661226767858,0.8285787793361226,0.7731646945077151,0.9421265153962707,0.18099041164159285,0.42384979468898665,0.43304499513403916,0.2266309268669807,0.5542929895914229,0.6325443871992794,0.1749499118861461
2014-12-26 03:00:00,DEHM_BD,0.41203439271457487,0.867854771487959,0.8200272530165152,0.954857188778302,0.19360294015818497,0.4357811193432711,0.4364238156815011,0.175826041127052,0.6680530432234668,0.6533826155802543,0.17246398522723916
2014-12-26 04:00:00,DEHM_BD,0.43422580505523817,0.8467957270072619,0.786714209507775,0.8830579823531793,0.19494628115642565,0.46338135522120044,0.4930574179059861,0.15168944760762143,0.7333716578880505,0.6636627141346608,0.1692004705430846
2014-12-26 05:00:00,DEHM_BD,0.3928535966093838,0.8508976292119268,0.7083012355138693,0.7564213180426438,0.2078248610067832,0.4850738145045733,0.5075789642600396,0.14333722902081897,0.7396432228459329,0.679859062816656,0.16589530946315248
2014-12-26 06:00:00,DEHM_BD,0.3164883084093778,0.9077129254736414,0.602268363371179,0.7416184308514719,0.23113441573601667,0.5039574571795644,0.5165455153489288,0.15361722752094262,0.7458922202119127,0.7092975557146767,0.1630420527054159
2014-12-26 07:00:00,DEHM_BD,0.2740941372100263,0.9283039751308891,0.5129953136029745,0.7839169278325885,0.2778895577575765,0.5259687633851473,0.5527589755247729,0.16717718222580844,0.7105147045564271,0.7389778053284246,0.15688637895859298
2014-12-26 08:00:00,DEHM_BD,0.27612826912879945,0.9047199937865771,0.4268938976097848,0.8142906667639129,0.3310716530580189,0.5300273372360353,0.5720141374327568,0.1650871424333562,0.6370476131712588,0.7585404625372996,0.15124771115101393
2014-12-26 09:00:00,DEHM_BD,0.33401970894813526,0.8353365749768764,0.34853207695126703,0.7989906879725429,0.3643133054297777,0.4974216148208894,0.528911503068499,0.13599199394624667,0.5754021455640201,0.8324075709384787,0.14396190079384938
2014-12-26 10:00:00,DEHM_BD,0.4152077826169878,0.6371829838655616,0.29246022100533225,0.782298628260194,0.38887229208354823,0.47672138931765673,0.5095121477715604,0.11904262759264551,0.48666908438962386,0.8069065467827619,0.1314600056809465
2014-12-26 11:00:00,DEHM_BD,0.4483066323461383,0.49185687948670836,0.20111862870535802,0.8107073725913796,0.4047011639953683,0.5020954558041896,0.4785687246043174,0.13223465257820655,0.3781686398416842,0.7527546450517186,0.12404104737167229
2014-12-26 12:00:00,DEHM_BD,0.49248077446592026,0.4074447539420746,0.16111381300136782,0.815120715319751,0.44988786139797177,0.5266167283515233,0.4840112665507259,0.13622486293776181,0.31408756826996914,0.773131638534237,0.12780824791492887
2014-12-26 13:00:00,DEHM_BD,0.5920860386889916,0.33573569013663035,0.16601895376470965,0.8583947900456388,0.5346393667054082,0.5865210578480164,0.5266523870731753,0.1371224370377136,0.29129037166996063,0.7903793916199976,0.13412016988866934
2014-12-26 14:00:00,DEHM_BD,0.7055099655545409,0.30855131218508647,0.20131376621473687,0.9362962423003871,0.662442781385203,0.765005043262565,0.6571709484536471,0.13427971425907664,0.28765748492649024,0.8125575665272798,0.14125335369827913
2014-12-26 15:00:00,DEHM_BD,0.8611303689507838,0.31933541173696073,0.23799522914218185,1.0435153004175564,0.7372849029743705,0.9605596270717098,0.8771782245607849,0.12819681109584855,0.28228954662850336,0.8675240497616612,0.14692730760276307
2014-12-26 16:00:00,DEHM_BD,0.8367932959733927,0.2707393521464382,0.23885418259451263,1.1958101230988019,0.9027289251940255,1.0724728135248551,1.1626161847483558,0.12037483540554521,0.26172940123767924,1.0118426598954473,0.14803618246259392
2014-12-26 17:00:00,DEHM_BD,0.7580336217382238,0.24528289521865534,0.215738476115557,1.418187079006147,1.2239476300375722,1.2749515232259645,1.3175785257258836,0.10170113668427783,0.2508667905324836,1.1277398670740806,0.15156994251428452
2014-12-26 18:00:00,DEHM_BD,0.8071199917708362,0.24294288153616228,0.19961505882422534,1.6712936391772097,1.6734101544030286,1.7120571833443647,1.5065848229512038,0.09109833307706733,0.24496063683095382,1.0753958229620406,0.15704866783407967
2014-12-26 19:00:00,DEHM_BD,0.7995068425278633,0.2403759893539314,0.193318589949163,1.7861130433690313,2.1697598916742438,2.124208547259121,1.9267568148425176,0.0898420845321379,0.24755427217957088,1.0145795216684672,0.1578189753231311
2014-12-26 20:00:00,DEHM_BD,0.620441780620187,0.2380642363137797,0.19993498641408042,1.9931559939820327,2.318338542639124,2.5103100541755268,2.323934137292141,0.09326324712146988,0.24118847383755243,1.0525643510019869,0.15589000187320273
2014-12-26 21:00:00,DEHM_BD,0.4435539503312017,0.24558141839765477,0.20430430122246496,2.091405673245347,2.504319022177239,2.758311054482582,2.503652657441665,0.0997108129776873,0.23004633549195236,1.0358067865075493,0.15243964074318106
2014-12-26 22:00:00,DEHM_BD,0.4063035097296348,0.2623982437204894,0.2185349690806958,2.1207815778604333,2.7864639763544408,2.786465978224876,2.5237211003948787,0.10222410391182626,0.21961626003515894,0.8886683574929776,0.1463563030617938
2014-12-26 23:00:00,DEHM_BD,0.4577965623752306,0.2837329502708371,0.2379800668312143,2.0171239013481204,2.790472102612979,2.6898172955799633,2.4837788828739003,0.09901256329692887,0.19653227783050836,0.7517912853659153,0.14257269065017564
2014-12-27 00:00:00,DEHM_BD,0.5052184329762217,0.3349720511751248,0.23451756876298213,1.9193720093343332,2.6997558310434644,2.578657888882903,2.4320283950926354,0.09211575955781146,0.17702165456383484,0.6339398765879496,0.14210895193567552
2014-12-27 01:00:00,DEHM_BD,0.5635093890737368,0.35333920967375854,0.23937623532359947,2.0240461977469444,2.5598617726734556,2.5190120553874142,2.2618211691851355,0.09742688963879823,0.15901022922685365,0.6031195354087073,0.14136714235855088
2014-12-27 02:00:00,DEHM_BD,0.6117091443948308,0.3097582205298542,0.2667527758242165,2.166445638471951,2.2048645793685364,2.384581478406022,2.288465628396797,0.12292711530143316,0.12159490423075839,0.6413806730797549,0.1386555649970884
2014-12-27 03:00:00,DEHM_BD,0.692311765622408,0.272704446883248,0.30409260906680013,2.1471288226707994,1.8760880351144866,2.0145418337634124,2.3713038236261847,0.1503867424217482,0.11025948670562341,1.1617851148390326,0.13654178162064737
2014-12-27 04:00:00,DEHM_BD,0.7431657850832025,0.2556451922114844,0.30855352885185255,2.005676811318488,1.5664363926581015,1.7444619020101124,2.24265366289514,0.1758070554631834,0.15596257207989678,1.619889164616668,0.13639438668018433
2014-12-27 05:00:00,DEHM_BD,0.7004238078426105,0.24798801465155074,0.32639751906427783,1.7705587783728818,1.52643476870209,1.6181587975032627,2.073693518783427,0.1891685895743284,0.21677838945147568,1.9524723760432214,0.13761321820673045
2014-12-27 06:00:00,DEHM_BD,0.7120714968581868,0.27793063455618905,0.8066993403423064,1.3588903308186913,1.503356940939445,1.4719549779058154,1.7776044924658794,0.1884909004090699,0.2783304913689521,2.1005724497623293,0.1434501689983158
2014-12-27 07:00:00,DEHM_BD,0.8424777003371157,0.4445588755164015,1.3851849610078626,1.3585552393515476,1.4131523817310014,1.2245816485528984,1.613554037532485,0.17477994237653208,0.3278524110304299,2.126824102277796,0.14852374505337312
2014-12-27 08:00:00,DEHM_BD,1.048726495766351,0.7118408050097222,1.6242645846940715,1.3240498906690847,1.256987303175274,1.2596984528448032,1.7311960424257202,0.16377867826269726,0.3747938993473955,2.2269391190968983,0.15325990169992654
2014-12-27 09:00:00,DEHM_BD,1.315148116068053,0.7715703802818199,1.5755169189192018,1.0312142879845574,1.4210694518332416,1.3135852589691965,1.5234730274489445,0.16398788767767158,0.4561357899375637,2.4201215120554,0.1572600307290068
2014-12-27 10:00:00,DEHM_BD,1.5457093366919763,0.7199503349632175,1.4627917156004524,1.0874993941170996,1.421221465401286,1.1664561876935295,1.4825290419604857,0.17631881762937923,0.4520595529284738,2.392445513157684,0.16109320495471338
2014-12-27 11:00:00,DEHM_BD,1.623279887625596,0.6014970117555002,1.3804504062805207,1.1591210585932907,1.3613887156928424,1.204771818103903,1.49334865126847,0.18399954794211373,0.3467633328006215,1.9773088819244427,0.1647523553416505
2014-12-27 12:00:00,DEHM_BD,1.4501986560397433,0.47700425888731435,1.1553348209348937,1.1162258555266271,1.3951837115206942,1.2636183811682788,1.396060915836012,0.18180970334660182,0.25395106204892115,1.6754743688818783,0.16683724469091743
2014-12-27 13:00:00,DEHM_BD,1.7845346752391942,0.3570055664210205,0.9524682200261514,1.2102861716301379,1.520577429796031,1.3075590423267303,1.454971332465954,0.17576935178648112,0.2180285178872499,1.593966881265891,0.16775758957732465
2014-12-27 14:00:00,DEHM_BD,2.2002542581556064,0.3305550625260917,0.789651247001119,1.4070917938633334,1.696088828773436,1.420247863296467,1.4845192463203194,0.1662840575869936,0.20135396286715518,1.743209806673206,0.167493740413226
2014-12-27 15:00:00,DEHM_BD,1.924408422317812,0.2730594462990201,0.6661455958973528,1.3869533275823742,1.8711768060743355,1.6622054590043678,1.4931673384772257,0.16110731679556153,0.19441833968035482,1.7879652203890886,0.16701797041598693
2014-12-27 16:00:00,DEHM_BD,1.5515031166216358,0.24419700413041734,0.453096746295106,1.3469840791191225,2.109350914007483,1.868643049907067,1.5170495842468956,0.16083246190225775,0.19339975815760754,1.662016000841197,0.16579831962157027
2014-12-27 17:00:00,DEHM_BD,1.1211538686208427,0.2866888978341833,0.4612502816241374,1.0554616902007883,1.9449774814127956,1.756353117976221,1.318372472522074,0.1602206921386597,0.20071485715775406,1.1512227223353768,0.16427777488538972
2014-12-27 18:00:00,DEHM_BD,1.0871448542978823,0.35553100595270937,0.4313473044498287,1.0481242187020028,1.615566792319415,1.5499413399811501,1.3532184197182633,0.16041027625124496,0.21194335115284518,0.5033489626546798,0.16261034828027693
2014-12-27 19:00:00,DEHM_BD,0.5111796747743979,0.3266993386391902,0.38791412196875075,1.3447755061031563,1.477182757245685,1.5402648666561871,1.5345643390025667,0.158798874249156,0.23257073256111171,0.3601724280484988,0.16020482288941737
2014-12-27 20:00:00,DEHM_BD,0.34359203689464013,0.2911417641187249,0.36137369220837584,1.623073431507379,1.565654317757464,1.7017393309344855,1.793455662853647,0.15405977151163194,0.2548344363205896,0.3222764064633342,0.15813502938819105
2014-12-27 21:00:00,DEHM_BD,0.29278994483277776,0.25389015811176235,0.3349608955391827,1.8658197320312768,1.954734426481621,2.0090376374599814,2.1223923969167044,0.15332772891994714,0.2856922464031379,0.30039357725979526,0.15969944899365285
2014-12-27 22:00:00,DEHM_BD,0.2775686686580551,0.22902745990753834,0.33564515511902004,2.075646185052147,2.2884984211415076,2.357778209678772,2.4960108650881603,0.15644668180035975,0.31697322871451344,0.3114906025898322,0.16094676079267622
2014-12-27 23:00:00,DEHM_BD,0.28473144896607827,0.22421528445771416,0.3195108026438771,2.0402546650035998,2.403153423382931,2.640273777515754,2.6314203639377203,0.15258351890120106,0.3491036460498953,0.3223461424276729,0.1602784996609109
2014-12-28 00:00:00,DEHM_BD,0.2831408272437924,0.2422758988416438,0.3297611458837385,1.982435271261331,2.259484709040569,2.6990653104492264,2.505258058834131,0.1346281185389349,0.35707278825480304,0.33683540705517695,0.16051371167879544
2014-12-28 01:00:00,DEHM_BD,0.29559898913806404,0.25795198012191733,0.37407330975761516,2.0287063257586504,1.9771532830788963,2.5520645598052303,2.3115433244514776,0.11605397615173102,0.3291882467181285,0.352495110953726,0.16098755362548858
2014-12-28 02:00:00,DEHM_BD,0.3244605043294163,0.28489995381237093,0.42572323848928423,2.0044438369391244,1.7803890283780872,2.41075290771674,2.2769024760215117,0.10458588660684176,0.28740941308951834,0.36969998142418026,0.16300586747984394
2014-12-28 03:00:00,DEHM_BD,0.3541519326480913,0.3406790959840948,0.4934038451436735,2.0417509093038633,1.7253582279440203,2.425258751278756,2.3811410240654336,0.1083025354518773,0.25831336889764167,0.3891186868591616,0.16293471553151487
2014-12-28 04:00:00,DEHM_BD,0.3799005478864861,0.4724045992525517,0.6172123411511047,2.0517372169248596,1.7926814116681877,2.503929403334795,2.4122700318645798,0.1267859315089097,0.23783851724109661,0.40548334668548175,0.16163523749333797
2014-12-28 05:00:00,DEHM_BD,0.3825188907494366,0.6805054451707224,0.808344388902742,2.0114369979041284,1.916390602823859,2.577496563949724,2.434902551996477,0.16329382948595123,0.22794700511175425,0.41942140780871884,0.16098568888365278
2014-12-28 06:00:00,DEHM_BD,0.3800833887058565,0.8164587117588752,0.9889277127774723,2.0517711462749397,2.0985470321503055,2.6682210652761698,2.5346953428424697,0.2295819855541199,0.21779026422607112,0.4298885677761677,0.1584435742600773
2014-12-28 07:00:00,DEHM_BD,0.36964290210750167,0.7870370408059714,1.0551396081083413,2.195935295799594,2.503493531274651,2.7698679239365473,2.694994095265929,0.29913155538346403,0.20927725918061793,0.4362422207378074,0.15594552291305733
2014-12-28 08:00:00,DEHM_BD,0.33918414534308705,0.7575799863659469,1.0759514152500353,2.357267345704363,2.7471487427595096,2.8468288407065145,2.828731557551496,0.3508453802738162,0.21235612040207827,0.43683062773258247,0.15490728324507125
2014-12-28 09:00:00,DEHM_BD,0.32832044075899747,0.8145628149191355,1.0523589835499538,2.2834266917077213,2.898609207784803,2.779381165147945,2.7487257423336264,0.343251912065728,0.2094499354051203,0.4159863186986122,0.15243852320550458
2014-12-28 10:00:00,DEHM_BD,0.3257473011565649,0.7839524497665208,0.9663288047358252,2.3540106168001502,2.895005374850509,2.528496692349653,2.526429395394751,0.28657513765247533,0.19682579879508955,0.38110916974031955,0.14816880680610414
2014-12-28 11:00:00,DEHM_BD,0.36593874270542637,0.72539751153914,0.6607822154527216,2.304816381295783,2.7127599403468516,2.2913878037038615,2.4048423650187023,0.22523560432601702,0.19693918286855022,0.3471398968988617,0.14155688080256784
2014-12-28 12:00:00,DEHM_BD,0.40209934095611083,0.7180571911117175,0.34338484277386044,2.1930859488034673,2.3690039108854823,2.153641824305492,2.3881510685674607,0.15509566582035256,0.19894103279055142,0.34255596861479615,0.14016256676521605
2014-12-28 13:00:00,DEHM_BD,0.3935311206787988,0.7980743904553026,0.20921977210153936,2.137133612504063,1.930919902053742,1.8948658519524597,2.3594198312952392,0.11468508520117021,0.21503447737004566,0.3815305402792828,0.14186207290177222
2014-12-28 14:00:00,DEHM_BD,0.31787377983542153,0.845339544287963,0.2240790260423509,2.083616552270835,1.4712824759103018,1.7981795330678687,2.1753353326938467,0.10165602957343198,0.25305246756149025,0.452076701917264,0.14533913746195354
2014-12-28 15:00:00,DEHM_BD,0.23791115492041198,0.6423768029712117,0.18611504786722172,1.911237651004127,1.1290392487611318,1.543280670706487,1.6566711529109304,0.10416684170749142,0.2858641154723289,0.5047472335475044,0.1485443634644987
2014-12-28 16:00:00,DEHM_BD,0.19869951665773972,0.4132145870975078,0.39451274592856866,1.8624367695895483,0.9206130416164942,1.4791984355481211,1.4766079778414243,0.10132721019496721,0.3093809757484983,0.5380261046622536,0.15003866069938043
2014-12-28 17:00:00,DEHM_BD,0.30418810866829005,0.3374138919127033,0.5248360337756852,1.7069001255063445,0.8968338959616702,1.4947234202215598,1.1593202129426008,0.09262687288955362,0.3180873978615144,0.550805889345698,0.15071754305820903
2014-12-28 18:00:00,DEHM_BD,0.33127193984555076,0.23077340989773143,0.14109171905307086,1.4182674501732155,1.0255130873263814,1.4502819424257782,0.9828003428158574,0.09083301727125011,0.31364306118243623,0.5411128320854168,0.15167864653411314
2014-12-28 19:00:00,DEHM_BD,0.5192202222075125,0.18204797829550665,0.13160908650923506,1.1117267409844023,0.9692971929191936,1.3796948058984846,1.0685137944924101,0.09800056007322352,0.2925637732481219,0.5078174137090516,0.15360140811026549
2014-12-28 20:00:00,DEHM_BD,0.7891862631185911,0.2992513226457126,0.18321046955747755,1.1214182607805385,0.7921246218161098,1.6299963740740273,1.2886866259738496,0.1057236517781493,0.26917594010069623,0.45393714219081405,0.1578587874491359
2014-12-28 21:00:00,DEHM_BD,0.6933879180709509,0.49821949803527255,0.3050789700212533,1.479115496027756,0.689219334857217,1.5274303383856778,1.5604794452806332,0.10343622387799078,0.26762786830624485,0.40130076171187545,0.16480381879025943
2014-12-28 22:00:00,DEHM_BD,0.6201547076835571,0.430100171617004,0.5477524438242662,1.977278220315878,0.6580825407015904,0.9768613759556645,1.4667905931692522,0.0987490732561494,0.2825851190272778,0.3966943622277548,0.17551987115595186
2014-12-28 23:00:00,DEHM_BD,0.6475853962422651,0.35524948923349137,0.7054542989633359,1.8071229775217372,0.2858743758862372,0.8186077560286922,1.162617893164451,0.09121012129514698,0.2993204768322325,0.38088108854454955,0.18909649407508766
2014-12-29 00:00:00,DEHM_BD,0.5628754588861864,0.3716914884421309,0.6679385396088521,1.3345813991411994,0.22140426764080295,0.6323555948239379,0.6998765214577247,0.09361626877865732,0.3107256858847056,0.3336792893332205,0.205509639792121
2014-12-29 01:00:00,DEHM_BD,0.42479531152979544,0.3466267335421567,0.5357898315734602,0.8011967375461234,0.1384364932009018,0.6032856003303173,0.330892542171073,0.08927675390487526,0.323680780242795,0.3200263366388202,0.22218414468131353
2014-12-29 02:00:00,DEHM_BD,0.3628437593504709,0.38805412834001746,0.4788529951963363,0.4609651350422843,0.07201139755435279,0.42454000743858045,0.25386942928363565,0.0883877901174499,0.3341648939647255,0.3231745882824874,0.237005494412106
2014-12-29 03:00:00,DEHM_BD,0.32014278641544425,0.5598396927984826,0.5111799393920343,0.2864261708678898,0.06777207075116218,0.20248138527511966,0.21966557477613197,0.08623927848307399,0.340566240409402,0.3142701095557974,0.24706803561112953
2014-12-29 04:00:00,DEHM_BD,0.31139261878839286,0.8503022427485918,0.6787730499693434,0.2536017822182736,0.08761047034301313,0.09972023674155336,0.1599689540350343,0.08844328292900684,0.3467426317852103,0.31133155712853355,0.2529414032323639
2014-12-29 05:00:00,DEHM_BD,0.32195118936523315,0.9789347810393082,0.7428358495133207,0.2971013799850821,0.10459870955643703,0.13349300458437524,0.1903391770676005,0.09125280805600788,0.35278499636070093,0.31841033401152585,0.26085456063020895
2014-12-29 06:00:00,DEHM_BD,0.3208719428998074,1.0317808974848752,0.7912711647567896,0.25326958254216336,0.11481573076777157,0.16957929032709435,0.2096698857132199,0.09686868169018982,0.36295698574033547,0.3254392879460234,0.27336372855126145
2014-12-29 07:00:00,DEHM_BD,0.31251835591370114,1.1108910417842173,0.8621720558022055,0.26300950490763925,0.15603940689973522,0.17231393527126834,0.25263754827400353,0.09599091215305015,0.38708719399360747,0.3173988783736984,0.2841614160878153
2014-12-29 08:00:00,DEHM_BD,0.32490469500823993,1.2867838736048793,0.9504903548756847,0.29915233970164073,0.18957485736486251,0.2037062955964079,0.3010291402275044,0.08628889428561534,0.42213034430226304,0.3093838895883045,0.2886407740838124
2014-12-29 09:00:00,DEHM_BD,0.3328230674524604,1.269575035061203,1.001908881605314,0.2893247866552584,0.1885364733191881,0.21265785966959833,0.3044291746922775,0.08226797210784617,0.4791638140459409,0.3002550475152742,0.28974970944117395
2014-12-29 10:00:00,DEHM_BD,0.32862445734075846,1.0715461501253956,0.7884126857726276,0.29754675424272437,0.16829310326914532,0.18586669506548642,0.3065327854998525,0.07877485388785588,0.5074085175802232,0.2896965392317862,0.28476218874614284
2014-12-29 11:00:00,DEHM_BD,0.35325165416763044,0.9642507317361886,0.2747023068807972,0.3191859552181645,0.16236409510596167,0.16791150591903242,0.31315185463482975,0.05958511289016339,0.4742781255461603,0.29475054832209113,0.2823904933685731
2014-12-29 12:00:00,DEHM_BD,0.3801003625943592,0.700141991984127,0.14134073216266918,0.354017689752378,0.16157846231794445,0.17038566387187326,0.33354073140270846,0.046586059066895225,0.43998870311729626,0.3094643286457339,0.2886210609663156
2014-12-29 13:00:00,DEHM_BD,0.366179513367873,0.3088646391418016,0.12241522915639895,0.432729555524197,0.1663029528503003,0.17404501139951042,0.35581241916097806,0.04450078958921129,0.5826626452815712,0.34837891282767164,0.2870084215489216
2014-12-29 14:00:00,DEHM_BD,0.4277383341293397,0.13428098990887613,0.11470155301696495,0.5572883069266948,0.1777018141862481,0.18618201111503863,0.39429894039378677,0.049543854574039495,0.7188004227540575,0.4024003345167537,0.2851873847067482
2014-12-29 15:00:00,DEHM_BD,0.5506549370565474,0.12063154724610374,0.10360375749522804,0.6631743298876952,0.19024536717265247,0.21855454136845845,0.4700969534442633,0.060901545097594996,0.747604976759688,0.5173425639465475,0.2971555474735902
2014-12-29 16:00:00,DEHM_BD,0.7709110850476544,0.12413735834470367,0.09294587593146586,0.7423409997324475,0.20250779672664693,0.26272514139028247,0.5630650923845386,0.0761119613301659,0.7461515760454803,0.6458566054010482,0.31451725487398036
2014-12-29 17:00:00,DEHM_BD,0.8862778576426253,0.10342153865632009,0.08613768975041788,0.8395803332943156,0.20712220117015986,0.32433430548774467,0.652102269639296,0.08872348638298908,0.5965652633729484,0.7504728804019862,0.3275485359189009
2014-12-29 18:00:00,DEHM_BD,0.7983838820927264,0.08228731556387658,0.08500189672774157,0.958597830313315,0.20318934025192156,0.42082721644703935,0.7090567185086678,0.09353810944670789,0.4792757738182413,0.897138714392183,0.34886687384380594
2014-12-29 19:00:00,DEHM_BD,0.6831732329885637,0.07604004665686043,0.08013430657313664,1.0736017865571756,0.19105360178294348,0.5379725895577716,0.7712269769445532,0.09211627341466007,0.43099552954964326,1.1305306366642345,0.3606651473388477
2014-12-29 20:00:00,DEHM_BD,0.518700681141042,0.07891831980052914,0.074008747224669,1.084307614548906,0.17332630963106865,0.6033464383266562,0.7990017713851213,0.0889929733361675,0.38215786693082177,1.2563566748096662,0.32317130740226757
2014-12-29 21:00:00,DEHM_BD,0.42976474846952123,0.09383228120472273,0.06102769755804197,1.101479149561276,0.15725655425579974,0.5949112273734147,0.7796812171166063,0.08052785716177886,0.34027624408509577,1.2114199551578908,0.23363145765602922
2014-12-29 22:00:00,DEHM_BD,0.36702598542944986,0.10134047721652444,0.05135093817453583,1.1797188400436456,0.1390516290217847,0.5869881294832664,0.8159717082756566,0.07035017561707624,0.29297512093752603,1.0686916227922214,0.14921934558909142
2014-12-29 23:00:00,DEHM_BD,0.3575793273870739,0.1037498485543579,0.048708981106574505,1.297683770197617,0.1259486518622421,0.5753968473375851,0.7964459095633565,0.06564371096273863,0.24474506349256242,0.9443096634355047,0.08888197934208199
2014-12-30 00:00:00,DEHM_BD,0.333679307920304,0.11286806034516661,0.04815613594767857,1.3780684668534295,0.11457748980436465,0.496052798328828,0.6594487751080782,0.06413013474125395,0.21423037244707338,0.8966032482549793,0.05309910404509851
2014-12-30 01:00:00,DEHM_BD,0.29041640534792557,0.1279338053573173,0.046407560736596264,1.2891973470349505,0.11094062056244343,0.405335291963308,0.4889617890629056,0.06345239932637645,0.1884052354502397,0.8693605111535615,0.034584376403490165
2014-12-30 02:00:00,DEHM_BD,0.2695426054699344,0.13088142401518116,0.04987076350257368,1.0716731258234522,0.15106635427193238,0.3560139200759817,0.4057415885732858,0.06158703544976177,0.18162235287006934,0.9535895693038031,0.02969307305066082
2014-12-30 03:00:00,DEHM_BD,0.26478252265296404,0.12215165067781288,0.05981543593259746,0.759505984627957,0.2993078411343181,0.38313244587626766,0.3500736439202922,0.06069563734922541,0.18708969992059274,1.017727572931121,0.032980440598820424
2014-12-30 04:00:00,DEHM_BD,0.2536999458599554,0.12301732739532313,0.06812745847646595,0.5567379037528624,0.5614603158851152,0.48428165629271414,0.3516901568684145,0.06076588792512182,0.19596918113082631,0.8845258659100276,0.032793378229345846
2014-12-30 05:00:00,DEHM_BD,0.2635615119639783,0.11361612272159727,0.06895847256348923,0.5185613539015373,0.8381025306812161,0.7160791153007837,0.417590775897646,0.0615181322378664,0.22391246912766227,0.6015147049931062,0.03360694596849362
2014-12-30 06:00:00,DEHM_BD,0.2966132711970246,0.10906435438181349,0.06799522511774668,0.5900749921585049,1.1399904407012833,0.9982887564816652,0.610408026837108,0.06518625513288176,0.26573198350517074,0.42502662461008156,0.03382104709242898
2014-12-30 07:00:00,DEHM_BD,0.27148982246903697,0.11651611359749592,0.06925473832009285,0.8820228555648096,1.535722376313172,1.360938853352708,0.9815542905093635,0.07223597230224979,0.32040871037020335,0.4348630725690862,0.03388933705944563
2014-12-30 08:00:00,DEHM_BD,0.23169293039012692,0.13123393727984448,0.075997509712662,1.217670310623427,1.7195185464896636,1.7525917093827668,1.3090705169251375,0.0862251104407512,0.3533220855306275,0.524432253514342,0.03458827319440886
2014-12-30 09:00:00,DEHM_BD,0.16961911992858159,0.12938608625070908,0.09323196440729589,1.3841458668448856,1.7647748953654805,1.924280494123986,1.5467222787654726,0.09647146890711299,0.3297183356736972,0.5914653017904865,0.036684414053134246
2014-12-30 10:00:00,DEHM_BD,0.10473225023657068,0.13491119154154493,0.12420773178834275,1.538907374518298,1.7658296476469049,1.9203230559118045,1.7462387826784398,0.0953291534670249,0.29001483126050787,0.6221279287569619,0.039190623865747405
2014-12-30 11:00:00,DEHM_BD,0.08146176065787428,0.15217526367280915,0.17449388964777188,1.6332378887311103,1.657312889321996,1.8683340530307524,1.7454941569079236,0.09644576275526409,0.25615985108558087,0.5018263515225425,0.043687422291688205
2014-12-30 12:00:00,DEHM_BD,0.07948077384690036,0.1916850637991754,0.22468633212440783,1.6979746438445424,1.536273653062633,1.7857425198048795,1.757300520696648,0.10342876455682311,0.2479004181104013,0.3670916665248619,0.047527862087242724
2014-12-30 13:00:00,DEHM_BD,0.08622575496242826,0.23500103851382087,0.2508087956460937,1.6571099892508392,1.4259919975383535,1.7089257646271192,1.6997603205228917,0.10412182827386052,0.2733993780173803,0.29279152184619084,0.05179353369888534
2014-12-30 14:00:00,DEHM_BD,0.09608390900657726,0.2686943903908075,0.2682947824548021,1.6190297774746456,1.312697477076687,1.7095313123110436,1.6445935291216947,0.10213942606100791,0.3439036862665414,0.27481262334396117,0.05630885745644369
2014-12-30 15:00:00,DEHM_BD,0.11487426660879504,0.2591934353690268,0.26702650057753996,1.631743179273333,1.1853083162196305,1.7895633077280304,1.6032870937613282,0.0939145674775353,0.4134937686025443,0.27216891739876925,0.059590694328363995
2014-12-30 16:00:00,DEHM_BD,0.1574475543735454,0.24176048116916068,0.2422022309675439,1.7882155346713202,1.0736198342126653,1.8105797945048425,1.7004404424370974,0.07429667195082637,0.4928014793393388,0.2591498397277481,0.06063418150073714
2014-12-30 17:00:00,DEHM_BD,0.17099739135235534,0.2051026995180592,0.2132445053238607,2.133498707481542,1.0109676955418754,1.7410527505398332,1.9750142439585092,0.061924218261809896,0.5646183185261114,0.26647268070959473,0.05317469397845873
2014-12-30 18:00:00,DEHM_BD,0.15788303869804354,0.18409608312666176,0.1921693336466332,2.3661736586628006,1.0171020354787912,1.709279866208704,2.142990414875059,0.05926569987343613,0.5788440939051657,0.30429539849873627,0.041047137968263606
2014-12-30 19:00:00,DEHM_BD,0.1526675384605116,0.16698107906011153,0.14806676553612508,2.556517899620327,1.0343891413744726,1.752705260700099,2.159020959298174,0.059676817317427945,0.5328252843338995,0.2958412469511105,0.030457477550479783
2014-12-30 20:00:00,DEHM_BD,0.16025907617580123,0.1469985923129785,0.11160478677878488,2.5893392974684364,1.04660806004975,1.8739935230138618,2.0945850820878964,0.06150611000354383,0.47002990073114626,0.24406450818208034,0.02302321445867169
2014-12-30 21:00:00,DEHM_BD,0.16520158980712293,0.13093701394457358,0.09689717866146105,2.458416560414708,1.144047871293174,2.0174732442350547,2.098734302007691,0.06676692802425457,0.4190726085743306,0.20300421153377723,0.02007334975581397
2014-12-30 22:00:00,DEHM_BD,0.16721089594353905,0.12184308112342587,0.09766635386007702,2.5467150127253215,1.2386884341323374,2.2206891509827087,2.1871048250368794,0.07416549775304258,0.3740553905738889,0.20295959863820107,0.020391963243335986
2014-12-30 23:00:00,DEHM_BD,0.15199833494718176,0.12630528491199006,0.10055274631562856,2.6921858130081744,1.3743496975770593,2.4729184243886966,2.309819235158062,0.08000230152619987,0.35997571126252403,0.24322211986024855,0.02201705805131045
2014-12-31 00:00:00,DEHM_BD,0.12345870423724863,0.1358217050107055,0.11030421458555839,2.6449250955230275,1.579491115618385,2.7274838430181143,2.5225347883547515,0.08532322150182432,0.336030617271289,0.2679790841991918,0.023575511842102128
2014-12-31 01:00:00,DEHM_BD,0.11401880155183355,0.14832949632544984,0.11716511755680648,2.894189290538351,1.897257906356994,2.9783738668116695,2.751866423307841,0.08841512781268912,0.2964216068038342,0.2422195151429436,0.024957917516237268
2014-12-31 02:00:00,DEHM_BD,0.12046517030730826,0.15895361708692257,0.11657826959686805,3.1595709025151795,2.1909514570236395,3.1944722598919406,2.9926521890070474,0.08809722006928401,0.24948910217709827,0.20465548758292557,0.02643755640717152
2014-12-31 03:00:00,DEHM_BD,0.1259085142435132,0.1593509806273179,0.11539035282850717,3.495403968062941,2.374199669946581,3.3598214275495755,3.3577507046288457,0.08962436396181797,0.21397617824099954,0.18451517430961126,0.028654489732708798
2014-12-31 04:00:00,DEHM_BD,0.14150317692808792,0.15610890481308096,0.11605870844869515,3.7930340831210745,2.5080338534032927,3.5065788097068293,3.6379594353437654,0.08986733676804218,0.1923172767951338,0.18782641012608992,0.03192125663432569
2014-12-31 05:00:00,DEHM_BD,0.1599325225302948,0.16210682297123574,0.11478330747417381,4.2794593098965334,2.701718781983033,3.715101648967769,3.9442363995277483,0.08898905831033815,0.18398956813752637,0.2069987847920412,0.03748323714534157
2014-12-31 06:00:00,DEHM_BD,0.16712654519923012,0.16392341390723808,0.11652113832723925,4.491721906583025,2.94357757928364,3.845241009581457,4.229579374009513,0.09625694819469,0.19082426327034807,0.22927607232590203,0.044954905569613166
2014-12-31 07:00:00,DEHM_BD,0.16325687519352863,0.16540775144620315,0.1317385371239308,4.546385992952746,3.087268887085933,3.994987656662904,4.4414210651869075,0.11082283853871731,0.20493394524916997,0.2521633071107043,0.053071412533909165
2014-12-31 08:00:00,DEHM_BD,0.16054304798237967,0.16957561471105767,0.182992521590141,4.623362439070588,3.124306826582048,4.108433738401244,4.499231792873098,0.12789164005352166,0.20813518297556777,0.25801640821661787,0.06182193822496312
2014-12-31 09:00:00,DEHM_BD,0.15807191585104907,0.19432187841089416,0.3800372693632962,4.568726117246628,2.98351068167503,3.931210910779712,4.425105924612168,0.14603956207651628,0.1815331929420678,0.23992598810744467,0.07218796920625482
2014-12-31 10:00:00,DEHM_BD,0.1535328873395918,0.23703259944395155,0.9053112370687162,4.256698139582046,2.6485622470651844,3.614968346865722,4.151954590311335,0.2080607776361144,0.1626183155123143,0.22507400502874733,0.08497322223145971
2014-12-31 11:00:00,DEHM_BD,0.15410292407540593,0.39635826897966675,1.042939904016042,3.788272058532068,2.4456471930430457,3.324094083777737,3.7192761532093166,0.33727477633796626,0.16447393012370903,0.2206826463794521,0.09795806442294255
2014-12-31 12:00:00,DEHM_BD,0.17436495838930827,0.8608237376140057,0.7512350143911364,3.3983833673276487,2.2477436418176073,3.093617351803409,3.448993101612332,0.4900301872882804,0.1661642146942018,0.20643423137067346,0.10775587527285319
2014-12-31 13:00:00,DEHM_BD,0.25735793908517796,1.0685146782609913,0.5526323278533853,3.102635617891846,1.9790025026648306,2.6935444055200115,3.187955015723621,0.551526801037069,0.18386677436985066,0.1911703944268449,0.11323995439435343
2014-12-31 14:00:00,DEHM_BD,0.42318373620584604,0.7743864473318913,0.4832306690154969,2.8521426844947406,2.0710041199319624,2.341297064757622,2.8820236570336273,0.4835318374776706,0.21865890081726,0.20195847332187442,0.11443717429828817
2014-12-31 15:00:00,DEHM_BD,0.754122778417468,0.576553005083478,0.4543510374619625,2.6035443686037,2.348937948264149,2.5437710776316025,2.580516624762146,0.36971583048391443,0.34421190869204693,0.2865366606619487,0.11297749650302337
2014-12-31 16:00:00,DEHM_BD,0.9541154458323866,0.5256008003027737,0.5389420585546082,2.4805416328385914,2.5488610519543498,2.9184171898714526,2.5379438985946727,0.26736805079308795,0.6714468398720026,0.5148031179872898,0.10918195305752552
2014-12-31 17:00:00,DEHM_BD,0.7809847883701229,0.5182926131816581,0.7266270270804315,2.6334792279271158,2.5909289085727925,3.2186563816143714,2.9433677773074227,0.207265453877634,0.7460299626107141,0.8646980031278728,0.10703276415112413
2014-12-31 18:00:00,DEHM_BD,0.588788741955813,0.6338340146899502,0.8710908148546982,2.992630617340724,2.4051503142981043,3.310445138186719,3.291848547265269,0.1934332597318827,0.5518165864921732,1.0341550243142155,0.10885067417968051
2014-12-31 19:00:00,DEHM_BD,0.5195939603801629,0.8119596533776726,1.0100480128079652,3.391296813015235,2.4362753601314124,3.2277310431985375,3.481063278468791,0.19480675395425395,0.38925260379910454,0.869726754959151,0.10971110576008423
2014-12-31 20:00:00,DEHM_BD,0.5490011966450883,0.9545909846182073,1.0991795228618568,3.6521186683148223,2.812748395330199,3.4408035749331027,3.771282294990574,0.20442128229089995,0.30715280130386324,0.7012327787618524,0.11267344906948501
2014-12-31 21:00:00,DEHM_BD,0.7698896048936248,1.0519641761127578,1.3039834394764156,3.716549277586264,2.9771467479712888,3.460095471645766,3.8816579192813534,0.22474777198282986,0.27697695545911766,0.638377078458555,0.11924201592463989
2014-12-31 22:00:00,DEHM_BD,0.9608046901354752,1.1509375724439694,1.5604062996602432,3.763870338334688,2.8402893680030106,3.444133999364208,3.840350021525163,0.25622513348110015,0.28319165990084394,0.7156148979349807,0.13471298982068883
2014-12-31 23:00:00,DEHM_BD,1.0584356459778919,1.3679484162218125,1.6188111102941258,3.9434600544968816,2.9976819501876655,3.4289491749700995,3.772577512980807,0.30484048442266876,0.319415874663256,0.9303938416679576,0.16245899531135322
